Cohort,TLA,Primary Loss Date,Settlement Amount Range,Maori Land,Primary_Loss_Cause,Claim_Status_Code,Damaged Land Structures,Total Settlement Amount,Land Excess Amount,MinimumSizeSite,TotalCosttoRepair,TotalValuation,Settlment_Basis,Total Agency Fees,Total Passthrough Costs,Associated Building Claim Settlement Amount,Number_Of_Residential_Dwellings
NHI Act,TASMAN DISTRICT,2025-07-11,[0-40K],,Landslip,Closed,No,32750.0,500,650000.0,113968.95,40600.0,Valuation,1023.5,7039.48,344500.0,1
NHI Act,WHANGAREI DISTRICT,2026-01-22,[40K-80K],,Landslip,Closed,No,68500.0,500,600000.0,69646.49,69000.0,Valuation,,16203.8,5884.36,1
NHI Act,NAPIER CITY,2026-01-20,[0-40K],,Landslip,Closed,No,1386.0,500,375000.0,1886.0,2100.0,Cost to Repair,1129.32,13641.12,9564.0,1
NHI Act,DUNEDIN CITY,2024-10-04,[0-40K],,Landslip,Closed,Yes,37943.0,500,180042.51,148332.83,39542.51,Valuation,1103.29,16243.34,2954.01,1
NHI Act,TASMAN DISTRICT,2025-06-27,[0-40K],,Flood,Closed,No,1541.0,500,0.0,2041.0,14061.0,Cost to Repair,1103.29,3035.28,,1
NHI Act,THAMES-COROMANDEL DISTRICT,2026-01-21,[0-40K],,Landslip,Closed,No,11900.0,500,1000000.0,99507.29,12400.0,Valuation,1129.32,10586.08,3612.52,1
NHI Act,DUNEDIN CITY,2024-10-04,[40K-80K],,Landslip,Closed,No,49384.94,500,320000.0,49884.94,117700.0,Cost to Repair,3128.0,25767.62,1308.02,1
NHI Act,WELLINGTON CITY,2024-09-01,[40K-80K],,Landslip,Closed,No,60160.0,1000,845000.0,134623.99,82520.0,Valuation,1103.29,17063.87,846.89,2
NHI Act,OPOTIKI DISTRICT,2025-07-30,[0-40K],,Landslip,Closed,Yes,30263.04,500,432781.82,30763.04,155281.82,Cost to Repair,1023.5,11161.73,167379.4,1
NHI Act,WELLINGTON CITY,2025-04-05,[0-40K],,Landslip,Closed,Yes,34768.32,500,463513.87,38915.89,37898.32,Valuation,1023.5,8788.88,2125.84,1
NHI Act,HAURAKI DISTRICT,2026-01-22,[0-40K],,Flood,Closed,No,5848.0,500,260000.0,6347.3,17150.0,Cost to Repair,1129.32,5010.28,,1
NHI Act,NEW PLYMOUTH DISTRICT,2024-08-27,[0-40K],,Landslip,Closed,No,4100.0,500,240000.0,4600.0,4600.0,Valuation,,17342.63,7008.98,1
NHI Act,AUCKLAND,2026-01-21,[0-40K],,Landslip,Closed,No,500.0,500,625000.0,44591.55,1000.0,Valuation,1129.32,12972.15,,1
NHI Act,TASMAN DISTRICT,2025-07-11,[0-40K],,Landslip,Closed,No,6800.0,500,450000.0,101999.91,10100.0,Valuation,1103.29,8297.51,6785.17,1
NHI Act,NELSON CITY,2025-06-27,[0-40K],,Flood,Closed,Yes,17343.0,500,415842.15,43999.77,18442.15,Valuation,1103.29,10743.76,1518.0,1
NHI Act,WHANGANUI DISTRICT,2024-08-24,[0-40K],,Landslip,Closed,Yes,24031.67,500,309158.43,66579.62,39518.43,Valuation,1103.29,26238.93,233.45,1
NHI Act,FAR NORTH DISTRICT,2026-01-21,[0-40K],,Landslip,Closed,Yes,25399.01,500,739799.01,34818.58,25899.01,Valuation,,16622.45,3010.92,1
NHI Act,TASMAN DISTRICT,2025-07-11,[40K-80K],,Landslip,Closed,No,54150.0,500,580000.0,219478.16,56200.0,Valuation,1023.5,9094.87,195438.71,1
NHI Act,WELLINGTON CITY,2025-09-23,[0-40K],,Landslip,Closed,Yes,22200.0,500,490000.0,43669.39,22700.0,Valuation,3128.0,14688.74,39.18,1
NHI Act,WESTERN BAY OF PLENTY DISTRICT,2026-01-22,[80K-150K],,Landslip,EQC_Settled,No,147346.44,500,520000.0,148346.44,159500.0,Cost to Repair,,31843.08,33085.36,1
NHI Act,WELLINGTON CITY,2025-08-14,[0-40K],,Landslip,Closed,No,3555.0,500,960000.0,7330.35,42900.0,Cost to Repair,1103.29,11350.63,3874.01,1
NHI Act,WELLINGTON CITY,2025-06-28,[0-40K],,Landslip,Closed,No,13850.0,500,460000.0,29641.91,27850.0,Valuation,1103.29,13783.2,1727.0,1
NHI Act,WESTERN BAY OF PLENTY DISTRICT,2026-01-22,[80K-150K],,Landslip,Closed,No,110000.0,500,550000.0,230530.77,110500.0,Valuation,3201.84,15947.48,21429.56,1
NHI Act,AUCKLAND,2026-01-21,[40K-80K],,Landslip,Closed,No,60500.0,500,540000.0,322815.37,61000.0,Valuation,3201.84,13158.47,0.0,1
NHI Act,TASMAN DISTRICT,2025-07-11,[0-40K],,Landslip,Closed,No,23177.55,500,345000.0,23677.55,215000.0,Cost to Repair,3128.0,15887.72,50427.56,1
NHI Act,AUCKLAND,2025-04-05,[40K-80K],,Landslip,Closed,No,47020.0,500,925000.0,136106.99,47520.0,Valuation,1023.5,8675.65,36927.01,1
NHI Act,WAIKATO DISTRICT,2025-07-29,[40K-80K],,Landslip,Closed,No,45931.13,500,475000.0,34788.47,61700.0,Cost to Repair,1103.29,42195.53,15048.65,1
NHI Act,DUNEDIN CITY,2024-10-04,[0-40K],,Landslip,Closed,No,12310.0,500,220000.0,27935.75,12810.0,Valuation,3128.0,10869.5,311.69,1
NHI Act,TASMAN DISTRICT,2025-07-11,[0-40K],,Storm,Closed,No,9448.94,500,510000.0,9948.94,42202.5,Cost to Repair,1954.06,,,1
NHI Act,OTOROHANGA DISTRICT,2026-02-13,[0-40K],,Landslip,Closed,No,26850.0,500,450000.0,165690.54,32150.0,Valuation,1129.32,13748.76,0.0,1
NHI Act,DUNEDIN CITY,2024-10-04,[40K-80K],,Landslip,Closed,Yes,67558.0,500,374057.9,63408.98,69557.9,Cost to Repair,1103.29,21137.05,8344.0,1
NHI Act,WELLINGTON CITY,2026-04-19,[40K-80K],,Landslip,Closed,Yes,63284.26,500,614016.91,177568.52,136125.36,Valuation,2400.89,21974.05,235.11,1
NHI Act,TASMAN DISTRICT,2025-07-11,[300K+],,Landslip,Closed,No,790100.0,500,850000.0,10120040.0,790600.0,Valuation,1103.29,30839.06,344500.0,1
NHI Act,WELLINGTON CITY,2024-10-14,[40K-80K],,Landslip,Closed,Yes,61413.17,500,780213.17,94966.59,61913.17,Valuation,3128.0,12012.55,14959.95,1
NHI Act,WHANGAREI DISTRICT,2026-03-27,[0-40K],,Storm,Reopened,No,12000.0,500,400000.0,75779.72,12500.0,Valuation,1129.32,11129.82,3915.0,1
NHI Act,NELSON CITY,2025-05-26,[0-40K],,Landslip,Closed,No,3700.0,500,6000.0,30650.46,4200.0,Valuation,1103.29,11365.89,2360.0,1
NHI Act,TASMAN DISTRICT,2025-07-11,[80K-150K],,Landslip,Closed,No,144132.02,500,440000.0,144632.02,285900.0,Cost to Repair,3128.0,19470.69,344500.0,1
NHI Act,TAURANGA CITY,2025-11-21,[40K-80K],,Landslip,Closed,Yes,70800.0,500,330000.0,76269.46,64350.0,Valuation,1047.66,10424.45,12779.46,1
NHI Act,WESTERN BAY OF PLENTY DISTRICT,2026-01-22,[300K+],,Landslip,Reopened,Yes,458000.0,500,1450000.0,170842.74,607000.0,Cost to Repair,1129.32,18066.85,344500.0,1
NHI Act,WAIKATO DISTRICT,2025-06-10,[0-40K],,Flood,Closed,No,17879.82,500,240000.0,18379.82,26100.0,Cost to Repair,,4733.15,,1
NHI Act,DUNEDIN CITY,2024-10-04,[0-40K],,Landslip,Closed,No,10262.05,500,490000.0,10789.04,32131.68,Cost to Repair,1103.29,12978.28,1184.99,1
NHI Act,AUCKLAND,2026-01-21,[0-40K],,Landslip,Closed,No,30950.0,500,550000.0,60750.82,35950.0,Valuation,,19744.95,10725.0,1
NHI Act,TASMAN DISTRICT,2025-06-27,[0-40K],,Landslip,Closed,No,5749.79,500,580000.0,6249.79,19100.0,Cost to Repair,1023.5,10361.35,0.0,1
NHI Act,THAMES-COROMANDEL DISTRICT,2026-01-22,[0-40K],,Storm,Closed,No,1150.0,500,0.0,0.0,0.0,Minimum Size Site,1129.32,1274.64,13960.42,1
NHI Act,WELLINGTON CITY,2024-09-03,[0-40K],,Landslip,Reopened,No,11600.0,500,685000.0,146226.59,21100.0,Valuation,1103.29,16974.29,5291.26,1
NHI Act,FAR NORTH DISTRICT,2024-07-19,[0-40K],,Landslip,Closed,Yes,15048.0,500,360737.57,74982.34,15547.57,Valuation,1103.29,12997.14,760.0,1
NHI Act,PORIRUA CITY,2024-09-04,[0-40K],,Landslip,Closed,Yes,18598.25,500,586558.25,39955.92,19098.25,Valuation,3128.0,17833.69,3309.15,1
NHI Act,MARLBOROUGH DISTRICT,2025-06-27,[0-40K],,Landslip,Closed,Yes,27487.84,500,325887.84,41894.38,27987.84,Valuation,,13782.41,3823.62,1
NHI Act,WELLINGTON CITY,2026-01-15,[0-40K],,Landslip,Closed,No,10400.0,500,730000.0,33618.78,10900.0,Valuation,3201.84,13978.39,7291.93,1
NHI Act,NEW PLYMOUTH DISTRICT,2025-07-05,[0-40K],,Landslip,Closed,No,8850.0,1000,360000.0,52778.03,9350.0,Valuation,1103.29,11304.05,4323.2,2
NHI Act,WELLINGTON CITY,2026-04-20,[0-40K],,Landslip,Closed,No,11900.0,1500,1340000.0,61603.7,13400.0,Valuation,,23228.08,,3
NHI Act,PORIRUA CITY,2025-12-16,[0-40K],,Landslip,Closed,No,6600.0,500,760000.0,39592.31,7100.0,Valuation,3201.84,1665.1,0.0,1
NHI Act,DUNEDIN CITY,2025-06-06,[0-40K],,Landslip,Closed,No,3000.0,500,170000.0,47915.52,3500.0,Valuation,,14162.67,0.0,1
NHI Act,WELLINGTON CITY,2025-08-11,[0-40K],,Landslip,Closed,No,26540.0,500,450000.0,58166.56,27040.0,Valuation,3128.0,10558.78,7656.02,1
NHI Act,WELLINGTON CITY,2025-09-04,[0-40K],,Landslip,Closed,Yes,18555.0,500,310804.96,49773.54,24154.96,Valuation,1103.29,18752.12,,1
NHI Act,TAURANGA CITY,2026-01-22,[0-40K],,Landslip,Closed,No,2679.75,500,450000.0,3179.75,35100.0,Cost to Repair,3201.84,17160.33,529.63,1
NHI Act,OTOROHANGA DISTRICT,2026-02-13,[0-40K],,Landslip,Reopened,No,12620.0,500,440000.0,145392.2,13120.0,Valuation,1129.32,12466.6,13335.0,1
NHI Act,AUCKLAND,2026-02-03,[0-40K],,Landslip,Closed,No,8800.0,500,700000.0,79608.91,10800.0,Valuation,1129.32,19695.45,1966.99,1
NHI Act,DUNEDIN CITY,2024-10-04,[0-40K],,Landslip,Closed,No,13170.0,500,590000.0,46982.52,13670.0,Valuation,1103.29,40491.92,2092.05,1
NHI Act,TASMAN DISTRICT,2025-07-11,[0-40K],,Flood,Closed,No,2798.0,500,0.0,3298.0,15979.48,Cost to Repair,1103.29,4474.18,,1
NHI Act,DUNEDIN CITY,2024-10-04,[40K-80K],,Landslip,Closed,No,43512.0,500,525000.0,44011.61,52550.0,Cost to Repair,1103.29,15579.01,13188.0,1
NHI Act,THAMES-COROMANDEL DISTRICT,2026-01-21,[0-40K],,Landslip,Closed,No,30244.48,500,650000.0,30744.48,71100.0,Cost to Repair,,14413.32,660.07,1
NHI Act,TASMAN DISTRICT,2025-07-03,[0-40K],,Landslip,Reopened,No,22130.0,500,380000.0,27130.0,50100.0,Cost to Repair,,17664.63,26016.0,1
NHI Act,TASMAN DISTRICT,2025-07-11,[40K-80K],,Landslip,Closed,No,54716.76,500,650000.0,55716.76,346450.0,Cost to Repair,3128.0,13199.99,21953.08,1
NHI Act,CHRISTCHURCH CITY,2026-02-17,[0-40K],,Landslip,Closed,No,5600.0,500,265000.0,78794.93,6100.0,Valuation,,14582.61,,1
NHI Act,WHANGAREI DISTRICT,2026-01-17,[40K-80K],Associated with Maori Land,Landslip,Closed,No,72482.83,500,650000.0,72982.83,180100.0,Cost to Repair,,12189.21,6412.11,1
NHI Act,HAMILTON CITY,2024-08-18,[0-40K],,Landslip,Closed,Yes,31549.2,500,478099.2,39985.4,32049.2,Valuation,1103.29,12346.31,158.0,1
NHI Act,AUCKLAND,2024-09-01,[0-40K],,Landslip,Closed,Yes,12806.0,500,749905.98,40996.97,13305.98,Valuation,,11565.9,0.0,1
NHI Act,DUNEDIN CITY,2024-10-07,[0-40K],,Landslip,Closed,No,2300.0,500,270000.0,97269.0,2800.0,Valuation,,14295.68,,1
NHI Act,WHANGAREI DISTRICT,2026-01-23,[0-40K],,Landslip,Closed,No,5400.0,500,450000.0,50809.62,5900.0,Valuation,1129.32,13260.96,2372.0,1
NHI Act,WELLINGTON CITY,2025-08-04,[40K-80K],,Landslip,Closed,No,53750.0,500,525000.0,116744.44,54250.0,Valuation,3128.0,3611.36,,1
NHI Act,TASMAN DISTRICT,2025-06-27,[0-40K],,Flood,Closed,No,880.02,500,0.0,4052.83,46240.0,Cost to Repair,1103.29,6728.13,,1
NHI Act,TASMAN DISTRICT,2025-06-27,[0-40K],,Flood,Closed,No,548.08,500,450000.0,1048.08,4300.0,Cost to Repair,3128.0,2138.34,,1
NHI Act,THAMES-COROMANDEL DISTRICT,2026-03-27,[0-40K],,Landslip,Closed,No,21700.01,500,400000.0,138467.3,22200.0,Valuation,1129.32,15299.66,954.99,1
NHI Act,LOWER HUTT CITY,2024-08-27,[0-40K],,Landslip,Closed,No,4150.01,500,415000.0,40256.53,6750.0,Valuation,1103.29,12210.99,5230.0,1
NHI Act,WAIKATO DISTRICT,2025-07-04,[0-40K],,Flood,Closed,No,563.01,500,0.0,1063.0,1705.46,Cost to Repair,1103.29,4520.51,,1
NHI Act,WESTERN BAY OF PLENTY DISTRICT,2024-12-20,[40K-80K],,Landslip,Closed,Yes,47047.55,500,344097.55,57167.49,47547.55,Valuation,3128.0,21941.05,864.12,1
NHI Act,LOWER HUTT CITY,2025-07-14,[0-40K],,Landslip,Reopened,No,6145.59,500,875000.0,29770.32,8740.0,Valuation,1103.29,10463.17,555.0,1
NHI Act,WESTERN BAY OF PLENTY DISTRICT,2026-03-26,[0-40K],,Landslip,Closed,No,7262.78,500,850000.0,8262.78,5250.0,Valuation,1129.32,12959.81,7258.6,1
NHI Act,FAR NORTH DISTRICT,2025-07-31,[0-40K],,Landslip,Closed,No,3950.0,1500,625000.0,37330.69,4450.0,Valuation,3128.0,15143.12,,3
NHI Act,TAURANGA CITY,2026-01-22,[80K-150K],,Storm,Closed,Yes,95100.0,500,475003.0,736137.86,100100.0,Valuation,1129.32,13554.48,5429.68,1
NHI Act,OTOROHANGA DISTRICT,2025-06-20,[0-40K],,Landslip,Closed,No,700.01,500,4000.0,1487.79,1200.0,Valuation,1103.29,2939.83,0.0,1
NHI Act,WAITAKI DISTRICT,2026-07-06,[0-40K],,Landslip,Closed,Yes,17559.01,500,177958.88,87325.34,18058.88,Valuation,1129.32,3555.4,1632.0,1
NHI Act,NELSON CITY,2025-06-10,[0-40K],,Landslip,Closed,No,3600.0,500,310000.0,23164.44,4100.0,Valuation,,11905.81,0.0,1
NHI Act,WHAKATANE DISTRICT,2025-07-12,[80K-150K],,Landslip,Closed,Yes,99500.0,500,550000.0,155566.11,92500.0,Valuation,3128.0,22486.07,9217.18,1
NHI Act,TASMAN DISTRICT,2025-07-11,[0-40K],,Landslip,Closed,No,15448.0,500,550000.0,15947.92,357200.0,Cost to Repair,1103.29,16168.46,21963.0,1
NHI Act,TASMAN DISTRICT,2025-07-11,[40K-80K],,Landslip,Closed,Yes,42188.0,500,509087.17,175311.06,42987.17,Valuation,1103.29,16985.82,14041.58,1
NHI Act,CHRISTCHURCH CITY,2025-05-01,[80K-150K],,Landslip,Closed,Yes,137800.0,500,375000.0,174967.97,130800.0,Valuation,3128.0,31528.37,6200.64,1
NHI Act,AUCKLAND,2024-10-10,[0-40K],,Landslip,Closed,No,3100.0,500,60000.0,34943.6,3600.0,Valuation,1695.1,13898.1,,1
NHI Act,GISBORNE DISTRICT,2026-01-30,[0-40K],,Landslip,Closed,No,1200.0,500,75000.0,327759.6,1700.0,Valuation,1129.32,16439.91,15591.0,1
NHI Act,LOWER HUTT CITY,2025-12-15,[0-40K],,Landslip,Closed,No,3900.0,500,390000.0,47092.01,4400.0,Valuation,1129.32,7263.53,1929.0,1
NHI Act,Auckland - North Shore,2025-01-09,[0-40K],,Landslip,Closed,No,31600.0,500,875000.0,37930.29,32100.0,Valuation,1695.1,11385.35,0.0,1
NHI Act,WELLINGTON CITY,2026-05-16,[0-40K],,Landslip,Closed,No,8810.0,500,825000.0,20744.15,9310.0,Valuation,1129.32,2903.95,443.0,1
NHI Act,WESTERN BAY OF PLENTY DISTRICT,2026-01-24,[0-40K],,Landslip,Closed,No,27425.0,500,850000.0,45272.82,28425.0,Valuation,1129.32,8849.31,0.0,1
NHI Act,DUNEDIN CITY,2024-11-15,[0-40K],,Landslip,Closed,No,6800.0,500,325000.0,83013.74,9600.0,Valuation,1695.1,17974.23,,1
NHI Act,WHANGAREI DISTRICT,2026-01-18,[0-40K],,Landslip,Closed,No,26958.0,500,450000.0,102307.63,130000.0,Cost to Repair,1129.32,16571.55,92279.0,1
NHI Act,TASMAN DISTRICT,2025-07-13,[0-40K],,Landslip,Closed,Yes,39843.68,500,528744.0,104413.04,42144.0,Valuation,1103.29,17437.96,12310.53,1
NHI Act,THAMES-COROMANDEL DISTRICT,2026-01-21,[300K+],,Landslip,EQC_Settled,No,314188.0,500,700000.0,48604.84,33025.0,Valuation,,102627.79,344500.0,1
NHI Act,WELLINGTON CITY,2026-04-20,[0-40K],,Storm,Closed,Yes,19035.55,500,716555.55,98254.77,37791.1,Valuation,,11215.43,0.0,1
NHI Act,TIMARU DISTRICT,2025-06-05,[0-40K],,Flood,Closed,Yes,12125.0,500,286874.89,27438.69,12624.89,Valuation,1103.29,14564.17,,1
NHI Act,OTOROHANGA DISTRICT,2026-02-13,[0-40K],,Storm,Closed,No,5629.5,500,435000.0,12259.0,56786.94,Cost to Repair,,5337.3,0.0,1
NHI Act,WELLINGTON CITY,2024-08-19,[0-40K],,Landslip,Closed,No,6820.0,500,800000.0,27586.81,7320.0,Valuation,3128.0,10932.16,325.76,1
NHI Act,THAMES-COROMANDEL DISTRICT,2026-01-21,[80K-150K],,Landslip,Closed,No,139825.0,1000,900000.0,197912.7,140825.0,Valuation,1129.32,10568.34,344500.0,2
NHI Act,DUNEDIN CITY,2024-10-03,[80K-150K],,Landslip,Closed,Yes,100656.52,500,271308.28,156923.34,151308.28,Valuation,3390.2,18520.04,124101.13,1
NHI Act,TASMAN DISTRICT,2025-07-11,[40K-80K],,Landslip,Closed,No,49599.99,500,550000.0,181903.8,50100.0,Valuation,1103.29,7667.25,81350.0,1
NHI Act,CHRISTCHURCH CITY,2026-02-16,[40K-80K],,Landslip,Closed,No,55700.0,500,570000.0,205495.0,56200.0,Valuation,1129.32,7949.39,22932.21,1
NHI Act,TAURANGA CITY,2025-06-11,[0-40K],,Landslip,Closed,Yes,29840.0,500,416039.28,37018.48,30339.28,Valuation,,17866.34,4262.0,1
NHI Act,WHANGAREI DISTRICT,2026-01-19,[0-40K],,Landslip,Closed,No,16600.0,500,270000.0,33784.27,17100.0,Valuation,1129.32,16688.01,2495.01,1
NHI Act,NEW PLYMOUTH DISTRICT,2025-07-04,[0-40K],,Landslip,Closed,No,19900.0,500,750000.0,44465.26,20400.0,Valuation,1103.29,16278.01,2815.12,1
NHI Act,WELLINGTON CITY,2026-02-15,[0-40K],,Landslip,Closed,No,6200.0,500,500000.0,116456.16,11170.0,Valuation,,9484.73,10695.02,1
NHI Act,CHRISTCHURCH CITY,2026-02-16,[0-40K],,Flood,Closed,No,22628.72,500,300000.0,23128.72,40200.0,Cost to Repair,,6300.07,,1
NHI Act,TASMAN DISTRICT,2025-07-11,[0-40K],,Landslip,Closed,No,15745.38,500,630000.0,16745.38,85650.0,Cost to Repair,3128.0,12529.03,21953.08,1
NHI Act,TASMAN DISTRICT,2025-07-11,[0-40K],,Flood,Closed,No,2452.69,500,480000.0,2953.0,15000.0,Cost to Repair,,885.5,20016.0,1
NHI Act,TASMAN DISTRICT,2025-08-05,[0-40K],,Landslip,Closed,No,2300.0,500,500000.0,45117.22,2800.0,Valuation,3128.0,11618.69,1232.17,1
NHI Act,WELLINGTON CITY,2024-08-26,[0-40K],,Landslip,Closed,No,160.0,500,900000.0,4858.76,660.0,Valuation,1103.29,7012.52,,1
NHI Act,AUCKLAND,2024-09-03,[0-40K],,Landslip,Closed,No,31000.0,500,1200000.0,51927.36,31500.0,Valuation,3128.0,14576.99,1539.94,1
NHI Act,WELLINGTON CITY,2025-05-01,[40K-80K],,Landslip,Closed,Yes,70231.0,500,517180.51,75745.22,83730.51,Cost to Repair,,22171.94,42955.0,1
NHI Act,WELLINGTON CITY,2024-12-22,[0-40K],,Landslip,Closed,No,7400.0,500,760000.0,32514.34,7900.0,Valuation,,10765.71,4054.43,1
NHI Act,WELLINGTON CITY,2025-06-12,[0-40K],,Landslip,Closed,No,4120.0,500,600000.0,39253.06,4620.0,Valuation,2333.35,2336.11,0.0,1
NHI Act,TAURANGA CITY,2026-01-21,[0-40K],,Landslip,Closed,No,12200.01,500,410000.0,226729.5,12700.0,Valuation,1129.32,7130.0,,1
NHI Act,MANAWATU DISTRICT,2026-02-15,[0-40K],,Landslip,Closed,No,1277.78,500,0.0,3555.56,7800.0,Cost to Repair,,3035.54,0.0,1
NHI Act,WAIKATO DISTRICT,2025-06-13,[0-40K],,Flood,Closed,No,2014.0,500,590000.0,2514.0,3835.0,Cost to Repair,1909.0,,,1
NHI Act,THAMES-COROMANDEL DISTRICT,2026-01-21,[0-40K],,Landslip,Closed,No,11924.08,500,1100000.0,12424.08,230200.0,Cost to Repair,,6831.54,1000.04,1
NHI Act,TASMAN DISTRICT,2025-07-11,[40K-80K],,Landslip,Closed,No,54716.76,500,650000.0,55716.76,346450.0,Cost to Repair,3128.0,13199.99,9121.37,1
NHI Act,WELLINGTON CITY,2026-04-19,[0-40K],,Storm,Closed,No,1100.0,500,600000.0,82809.84,2400.0,Valuation,2400.89,14127.93,,1
NHI Act,TASMAN DISTRICT,2025-07-11,[0-40K],,Flood,Closed,No,2440.47,1000,330000.0,3440.47,121765.41,Cost to Repair,1954.06,,,2
NHI Act,GREY DISTRICT,2024-12-16,[0-40K],,Landslip,Closed,No,9500.0,500,200000.0,12320.39,10000.0,Valuation,0.0,19680.87,40019.33,1
NHI Act,CLUTHA DISTRICT,2024-10-04,[0-40K],,Landslip,Closed,No,2370.0,500,75000.0,34441.21,2870.0,Valuation,3128.0,12797.06,895.55,1
NHI Act,OPOTIKI DISTRICT,2025-07-30,[0-40K],,Landslip,Closed,No,1475.0,500,730000.0,103045.21,1975.0,Valuation,3128.0,29787.8,,1
NHI Act,WELLINGTON CITY,2025-10-20,[0-40K],,Landslip,Closed,No,7600.01,500,430000.0,57652.81,16200.0,Valuation,1129.32,13806.3,1081.25,1
NHI Act,TASMAN DISTRICT,2025-07-11,[0-40K],,Flood,Closed,No,500.0,500,500000.0,1122.39,1000.0,Valuation,1103.29,7113.24,,1
NHI Act,WESTERN BAY OF PLENTY DISTRICT,2026-01-21,[0-40K],,Storm,Closed,No,18800.0,500,750000.0,31436.66,36100.0,Cost to Repair,1129.32,7935.0,,1
NHI Act,TASMAN DISTRICT,2025-07-11,[0-40K],,Flood,Closed,No,18158.99,500,420000.0,18659.0,96700.0,Cost to Repair,1103.29,885.5,,1
NHI Act,THAMES-COROMANDEL DISTRICT,2026-01-21,[80K-150K],,Landslip,Closed,Yes,141800.0,500,500000.0,252641.4,141800.0,Valuation,1129.32,15841.02,34833.01,1
NHI Act,AUCKLAND,2026-01-21,[0-40K],,Landslip,Closed,No,15800.0,500,675000.0,152510.88,16300.0,Valuation,,15696.6,4030.95,1
NHI Act,GISBORNE DISTRICT,2025-04-04,[0-40K],,Storm,Closed,Yes,6933.84,1000,11413.27,7933.85,11413.27,Cost to Repair,1909.0,,,2
NHI Act,DUNEDIN CITY,2024-10-04,[0-40K],,Flood,Closed,No,160.0,1500,330000.0,1048.5,660.0,Valuation,3128.0,3890.28,,3
NHI Act,WELLINGTON CITY,2026-04-19,[0-40K],,Landslip,Closed,No,7416.61,1000,455000.0,8416.61,31567.08,Cost to Repair,,1452.4,,2
NHI Act,WELLINGTON CITY,2024-08-18,[0-40K],,Landslip,Closed,No,12790.0,1000,700000.0,42614.86,13290.0,Valuation,3128.0,10671.51,7595.05,2
NHI Act,TASMAN DISTRICT,2025-07-11,[0-40K],,Landslip,Closed,Yes,18499.97,500,620199.14,162798.64,18999.57,Valuation,,10140.09,2004.24,1
NHI Act,Waitomo District,2025-10-15,[0-40K],,Flood,Closed,No,2493.06,500,125000.0,2993.06,10000.0,Cost to Repair,1954.06,805.0,,1
NHI Act,WESTERN BAY OF PLENTY DISTRICT,2026-01-21,[40K-80K],,Landslip,Closed,No,68100.0,500,750000.0,494799.6,68600.0,Valuation,1129.32,15633.51,16689.0,1
NHI Act,THAMES-COROMANDEL DISTRICT,2026-01-22,[0-40K],,Landslip,Closed,Yes,17186.0,500,1355878.12,35370.34,64578.12,Cost to Repair,1129.32,13004.45,2511.0,1
NHI Act,AUCKLAND,2025-07-02,[0-40K],,Landslip,Closed,Yes,10261.0,500,481560.61,60124.73,11960.61,Valuation,,15814.08,2280.0,1
NHI Act,GISBORNE DISTRICT,2026-01-22,[0-40K],,Landslip,Closed,No,4717.98,500,218000.0,5217.98,19398.37,Cost to Repair,,5464.51,0.0,1
NHI Act,WELLINGTON CITY,2025-08-12,[0-40K],,Landslip,Closed,No,9200.0,500,310000.0,81888.61,9700.0,Valuation,1103.29,12671.92,1923.0,1
NHI Act,DUNEDIN CITY,2024-10-04,[0-40K],,Landslip,Closed,Yes,33181.48,500,326081.48,60762.96,33681.48,Valuation,,14265.52,10563.21,1
NHI Act,TAURANGA CITY,2025-05-10,[0-40K],,Landslip,Closed,Yes,22129.51,500,300179.21,46764.56,22629.21,Valuation,3128.0,13515.58,751.72,1
NHI Act,WHANGAREI DISTRICT,2025-11-18,[0-40K],,Landslip,Closed,Yes,11490.0,500,185389.95,56335.51,11989.95,Valuation,1129.32,13444.65,,1
NHI Act,CHATHAM ISLANDS TERRITORY,2026-01-18,[40K-80K],,Landslip,Closed,Yes,59063.14,500,140063.14,107554.25,59563.14,Valuation,,29162.89,0.0,1
NHI Act,Tasman District,2025-07-11,[0-40K],,Flood,Closed,No,2432.2,500,345000.0,2932.2,61400.0,Cost to Repair,3128.0,3399.02,,1
NHI Act,TASMAN DISTRICT,2025-07-11,[0-40K],,Flood,Closed,Yes,25955.47,500,474455.46,35431.54,26455.46,Valuation,1103.29,16592.26,,1
NHI Act,WELLINGTON CITY,2025-07-02,[0-40K],,Landslip,Closed,No,15420.0,500,750000.0,15920.0,15920.0,Valuation,,2643.92,3884.0,1
NHI Act,WELLINGTON CITY,2026-04-20,[0-40K],,Landslip,Closed,No,11500.0,1000,900000.0,21218.97,18000.0,Valuation,1129.32,7245.69,2802.0,2
NHI Act,LOWER HUTT CITY,2025-10-23,[0-40K],,Storm,Closed,No,3421.5,500,0.0,3921.5,7500.0,Cost to Repair,,3151.91,,1
NHI Act,CHRISTCHURCH CITY,2026-01-15,[0-40K],,Landslip,EQC_Settled,No,4300.0,500,460000.0,47078.2,6900.0,Valuation,2400.89,10766.22,4955.11,1
NHI Act,AUCKLAND,2024-08-31,[0-40K],,Landslip,Closed,Yes,20240.17,500,579752.13,71846.66,38002.13,Valuation,1103.29,15302.9,46.99,1
NHI Act,WELLINGTON CITY,2026-05-30,[0-40K],,Landslip,Closed,No,688.0,500,300000.0,32554.86,1187.5,Valuation,1129.32,5685.37,390.57,1
NHI Act,WELLINGTON CITY,2025-08-04,[40K-80K],,Landslip,Closed,Yes,61277.99,500,626347.99,155992.17,61777.99,Valuation,3128.0,27686.95,5813.59,1
NHI Act,TASMAN DISTRICT,2025-06-27,[0-40K],,Flood,Closed,No,6531.97,500,550000.0,7031.97,28187.5,Cost to Repair,1909.0,,,1
NHI Act,UPPER HUTT CITY,2025-10-23,[0-40K],,Landslip,Closed,No,1930.0,500,325000.0,67887.35,3645.0,Valuation,,14346.32,1321.0,1
NHI Act,FAR NORTH DISTRICT,2026-01-20,[0-40K],,Storm,Closed,No,1215.85,500,290000.0,1715.85,6003.0,Cost to Repair,1954.06,,,1
NHI Act,HAMILTON CITY,2026-04-12,[0-40K],,Landslip,Reopened,No,25525.0,500,0.0,45283.78,30225.0,Valuation,1129.32,14516.23,645.96,1
NHI Act,PORIRUA CITY,2024-11-04,[0-40K],,Landslip,Closed,Yes,36753.0,1000,472902.31,97352.66,45804.62,Valuation,1129.32,8466.54,,2
NHI Act,DUNEDIN CITY,2024-10-06,[40K-80K],,Landslip,Closed,Yes,53705.42,500,296845.42,92799.56,54205.42,Valuation,3128.0,50409.35,,1
NHI Act,FAR NORTH DISTRICT,2026-01-21,[40K-80K],,Storm,Closed,Yes,40744.99,1000,484871.6,81968.21,85171.6,Cost to Repair,1129.32,15366.71,0.0,2
NHI Act,SOUTH TARANAKI DISTRICT,2025-07-10,[0-40K],,Landslip,Closed,Yes,9300.0,500,210200.0,238708.97,10000.0,Valuation,,11068.98,756.9,1
NHI Act,SOUTH WAIKATO DISTRICT,2026-01-03,[0-40K],,Landslip,Closed,Yes,29336.1,500,477361.1,103453.0,29836.1,Valuation,1129.32,10847.72,,1
NHI Act,WHANGAREI DISTRICT,2026-01-18,[0-40K],,Landslip,Closed,No,26500.0,500,290000.0,328077.3,26999.0,Valuation,1129.32,17352.22,14382.34,1
NHI Act,MARLBOROUGH DISTRICT,2026-05-09,[0-40K],,Storm,Closed,Yes,3718.2,500,361866.43,8436.4,32632.86,Cost to Repair,,1807.23,0.0,1
NHI Act,WHANGAREI DISTRICT,2026-04-11,[0-40K],Maori Owned Land,Landslip,Reopened,No,284.0,500,0.0,789.04,1300.0,Cost to Repair,1129.32,4773.49,,1
NHI Act,WAIKATO DISTRICT,2025-07-29,[80K-150K],,Landslip,EQC_Settled,Yes,91801.0,500,464998.49,62503.79,160198.49,Cost to Repair,,20193.09,48063.0,1
NHI Act,LOWER HUTT CITY,2024-08-26,[0-40K],,Landslip,Closed,No,2200.0,500,300000.0,158065.84,2900.0,Valuation,1103.29,12342.26,18146.0,1
NHI Act,LOWER HUTT CITY,2026-02-16,[0-40K],,Landslip,Closed,No,1700.0,500,270000.0,50630.08,2200.0,Valuation,,11071.35,,1
NHI Act,TASMAN DISTRICT,2025-10-29,[0-40K],,Landslip,Closed,No,4250.0,500,525000.0,19176.92,6050.0,Valuation,1129.32,14798.37,1356.0,1
NHI Act,NELSON CITY,2025-05-26,[0-40K],,Landslip,Closed,No,2050.0,500,360000.0,26535.68,2150.0,Valuation,,11254.58,2132.12,1
NHI Act,GISBORNE DISTRICT,2024-09-05,[0-40K],,Landslip,Closed,Yes,23102.56,500,343102.56,35965.71,23602.56,Valuation,,15947.06,1549.3,1
NHI Act,WAIKATO DISTRICT,2026-01-20,[0-40K],,Landslip,Closed,No,14300.0,500,330000.0,78537.73,14800.0,Valuation,,11705.55,,1
NHI Act,RUAPEHU DISTRICT,2025-06-11,[40K-80K],,Landslip,Closed,Yes,41190.46,500,112890.46,393165.47,41690.46,Valuation,,22791.89,838.51,1
NHI Act,FAR NORTH DISTRICT,2025-04-27,[0-40K],,Storm,Closed,No,6750.94,500,610000.0,7250.94,41175.0,Cost to Repair,1909.0,,,1
NHI Act,MARLBOROUGH DISTRICT,2025-06-27,[0-40K],,Landslip,Closed,No,9100.0,500,750000.0,19602.56,9600.0,Valuation,3128.0,12630.87,1647.3,1
NHI Act,LOWER HUTT CITY,2024-08-18,[0-40K],,Landslip,Closed,Yes,8674.0,500,9173.14,26328.32,9173.14,Minimum Size Site,1103.29,8899.48,,1
NHI Act,LOWER HUTT CITY,2026-02-15,[0-40K],,Landslip,Closed,Yes,21947.75,500,279647.75,150986.14,22447.75,Valuation,,14040.87,27047.24,1
NHI Act,WESTERN BAY OF PLENTY DISTRICT,2026-01-21,[300K+],,Landslip,Closed,No,318335.72,500,780000.0,318835.72,475800.0,Cost to Repair,,16393.16,344500.0,1
NHI Act,WAIKATO DISTRICT,2025-04-18,[0-40K],,Flood,Closed,No,4832.88,500,660000.0,5332.87,23265.0,Cost to Repair,1909.0,,,1
NHI Act,MARLBOROUGH DISTRICT,2025-07-10,[40K-80K],,Landslip,Closed,Yes,44345.54,500,370895.54,165210.38,44845.54,Valuation,3128.0,23489.01,,1
NHI Act,PORIRUA CITY,2026-04-18,[40K-80K],,Landslip,Closed,Yes,41337.81,1000,632837.81,101172.15,42337.81,Valuation,,12889.46,1757.99,2
NHI Act,AUCKLAND,2026-04-04,[0-40K],,Landslip,Closed,No,12200.0,500,3050000.0,114381.7,12700.0,Valuation,,11687.94,67.9,1
NHI Act,FAR NORTH DISTRICT,2025-07-29,[0-40K],,Landslip,Closed,Yes,33968.77,500,723368.77,35344.03,34468.77,Valuation,3128.0,24944.04,,1
NHI Act,WHANGAREI DISTRICT,2026-01-18,[40K-80K],,Landslip,Closed,No,59916.0,500,680000.0,60415.82,367900.0,Cost to Repair,1129.32,15312.71,75628.0,1
NHI Act,MARLBOROUGH DISTRICT,2026-05-08,[0-40K],,Storm,Closed,No,145.07,500,170000.0,645.07,2099.8,Cost to Repair,3997.59,,,1
NHI Act,KAIPARA DISTRICT,2025-01-26,[0-40K],,Storm,Closed,No,9997.78,500,910000.0,10497.78,29575.0,Cost to Repair,1909.0,,,1
NHI Act,CHRISTCHURCH CITY,2026-02-17,[0-40K],,Landslip,Closed,Yes,21281.0,500,477580.33,39848.68,21780.33,Valuation,1129.32,7294.67,,1
NHI Act,WELLINGTON CITY,2026-04-20,[0-40K],,Storm,Closed,No,7509.99,500,1050000.0,67254.08,10680.0,Valuation,2400.89,8496.1,34167.56,1
NHI Act,TASMAN DISTRICT,2025-07-11,[0-40K],,Flood,Closed,No,7519.0,500,360000.0,8019.0,128783.7,Cost to Repair,1103.29,1078.31,,1
NHI Act,GORE DISTRICT,2024-12-29,[0-40K],,Flood,Closed,No,579.05,500,130000.0,1079.05,1450.0,Cost to Repair,1909.0,920.0,,1
NHI Act,MARLBOROUGH DISTRICT,2025-06-27,[0-40K],,Storm,Closed,No,800.0,500,380000.0,2440.32,1300.0,Valuation,1909.0,920.0,,1
NHI Act,WESTERN BAY OF PLENTY DISTRICT,2026-01-21,[0-40K],,Flood,Closed,No,14578.31,1000,460000.0,15578.31,58950.0,Cost to Repair,,2983.64,,2
NHI Act,WELLINGTON CITY,2025-05-20,[0-40K],,Landslip,Closed,Yes,8938.46,500,380371.8,16214.68,9438.46,Valuation,3128.0,5281.42,,1
NHI Act,WELLINGTON CITY,2026-04-20,[80K-150K],,Landslip,Closed,Yes,81415.74,1000,497115.74,216214.93,82415.74,Valuation,,11611.49,221664.48,2
NHI Act,FAR NORTH DISTRICT,2025-04-27,[0-40K],,Storm,Closed,No,1282.5,500,250000.0,1782.5,18062.5,Cost to Repair,1909.0,,,1
NHI Act,WELLINGTON CITY,2026-04-20,[0-40K],,Landslip,Closed,No,8510.0,500,425000.0,235017.09,12420.0,Valuation,,12478.18,26362.0,1
NHI Act,TAURANGA CITY,2026-01-22,[0-40K],,Landslip,Closed,Yes,13376.18,500,506464.97,13876.18,18339.97,Cost to Repair,1129.32,13817.25,45275.68,1
NHI Act,WAIKATO DISTRICT,2024-07-18,[0-40K],,Landslip,Closed,No,4150.0,500,440000.0,4650.0,5170.0,Cost to Repair,3128.0,19673.73,0.0,1
NHI Act,Far North District,2026-01-20,[80K-150K],,Landslip,Settlement,No,90928.0,1000,350000.0,141076.05,202250.0,Cost to Repair,1129.32,5448.83,715.0,2
NHI Act,LOWER HUTT CITY,2025-04-30,[0-40K],,Landslip,Closed,No,1910.0,500,375000.0,12156.66,2750.0,Valuation,,18635.32,5494.0,1
NHI Act,AUCKLAND,2025-07-11,[0-40K],,Landslip,Closed,No,300.0,500,700000.0,33672.6,800.0,Valuation,3128.0,14766.09,228.26,1
NHI Act,DUNEDIN CITY,2024-10-04,[0-40K],,Landslip,Closed,No,500.0,500,0.0,56178.07,1000.0,Valuation,1103.29,1914.42,,1
NHI Act,DUNEDIN CITY,2024-10-03,[0-40K],,Landslip,Closed,No,6120.8,500,225000.0,6620.8,8560.0,Cost to Repair,3128.0,16227.88,,1
NHI Act,DUNEDIN CITY,2024-10-04,[80K-150K],,Landslip,Closed,Yes,105850.0,500,620000.0,190584.04,106350.0,Valuation,3128.0,26685.27,16522.92,1
NHI Act,DUNEDIN CITY,2024-10-04,[0-40K],,Landslip,Closed,No,6990.0,500,350000.0,82931.87,7490.0,Valuation,3128.0,14234.55,,1
NHI Act,CENTRAL HAWKE'S BAY DISTRICT,2026-02-16,[0-40K],,Landslip,Closed,Yes,32559.41,500,142659.41,36211.43,33059.41,Valuation,,13588.47,,1
NHI Act,TASMAN DISTRICT,2025-07-11,[40K-80K],,Landslip,Closed,Yes,60881.51,500,498054.14,61381.51,150554.14,Cost to Repair,3128.0,15443.53,18378.99,1
NHI Act,WESTERN BAY OF PLENTY DISTRICT,2026-01-22,[0-40K],,Landslip,Closed,No,27300.0,500,600000.0,648913.0,27800.0,Valuation,,19724.38,0.0,1
NHI Act,AUCKLAND,2026-01-25,[0-40K],,Landslip,Closed,No,4754.0,500,7350.0,5253.48,7350.0,Cost to Repair,1129.32,12233.02,,1
NHI Act,AUCKLAND,2025-09-08,[0-40K],,Landslip,Closed,No,3933.14,500,1100000.0,4433.14,9100.0,Cost to Repair,3201.84,12704.27,,1
NHI Act,WELLINGTON CITY,2025-05-20,[0-40K],,Landslip,Closed,Yes,8938.45,500,380371.8,9438.47,9438.47,Valuation,,,,1
NHI Act,FAR NORTH DISTRICT,2025-04-18,[0-40K],,Landslip,Closed,Yes,12766.0,500,12115.16,26462.11,13415.16,Valuation,,14122.6,218.0,1
NHI Act,DUNEDIN CITY,2024-10-04,[0-40K],,Landslip,Closed,No,7640.0,500,155000.0,160615.17,8140.0,Valuation,3128.0,18106.22,0.0,1
NHI Act,TASMAN DISTRICT,2025-07-11,[0-40K],,Landslip,Closed,No,3342.0,500,370000.0,3842.0,45500.0,Cost to Repair,1103.29,885.5,,1
NHI Act,CHRISTCHURCH CITY,2026-02-16,[0-40K],,Landslip,Closed,No,4665.0,500,0.0,5164.97,10000.0,Cost to Repair,1129.32,4971.68,,1
NHI Act,WELLINGTON CITY,2026-06-01,[0-40K],,Landslip,Closed,No,3450.0,500,400000.0,40820.96,3950.0,Valuation,1129.32,10157.94,,1
NHI Act,AUCKLAND,2026-01-24,[0-40K],,Landslip,Closed,Yes,18495.0,500,438444.27,32765.83,18993.27,Valuation,,13881.14,1836.0,1
NHI Act,TASMAN DISTRICT,2025-06-27,[0-40K],,Landslip,Closed,No,1950.0,500,500000.0,8514.95,2450.0,Valuation,3128.0,10972.94,,1
NHI Act,DUNEDIN CITY,2024-10-03,[40K-80K],,Landslip,Closed,Yes,59848.0,500,250000.0,51831.87,63900.0,Cost to Repair,1103.29,15132.02,,1
NHI Act,PORIRUA CITY,2025-06-12,[0-40K],,Landslip,Closed,Yes,20154.0,1000,692103.8,135285.44,21653.8,Valuation,1103.29,9597.91,819.0,2
NHI Act,WELLINGTON CITY,2026-01-23,[0-40K],,Landslip,Closed,No,4800.0,500,500000.0,54095.7,6500.0,Valuation,1129.32,11814.94,3185.99,1
NHI Act,TASMAN DISTRICT,2025-07-12,[0-40K],,Flood,Closed,Yes,912.2,500,699053.38,1412.2,43343.38,Cost to Repair,1954.06,,,1
NHI Act,SELWYN DISTRICT,2025-05-01,[0-40K],,Storm,Closed,No,16107.97,500,730000.0,16607.97,56392.5,Cost to Repair,1909.0,,,1
NHI Act,AUCKLAND,2026-01-23,[0-40K],,Landslip,Closed,Yes,21107.77,500,661406.77,41778.02,21607.77,Valuation,,5437.82,0.0,1
NHI Act,THAMES-COROMANDEL DISTRICT,2026-01-22,[0-40K],,Storm,Closed,No,8150.0,500,590000.0,28376.11,10125.0,Valuation,1129.32,27733.3,,1
NHI Act,NEW PLYMOUTH DISTRICT,2025-07-13,[0-40K],,Landslip,Closed,Yes,9558.0,500,335657.74,23853.55,10057.74,Valuation,,11687.78,791.0,1
NHI Act,NEW PLYMOUTH DISTRICT,2024-10-01,[0-40K],,Landslip,Closed,No,8500.0,500,400000.0,47519.17,9000.0,Valuation,1103.29,13623.49,,1
NHI Act,KAPITI COAST DISTRICT,2025-10-27,[0-40K],,Storm,Closed,Yes,16877.37,500,315502.34,76451.1,17377.34,Valuation,2400.89,9476.43,,1
NHI Act,WELLINGTON CITY,2026-02-16,[0-40K],,Landslip,Closed,No,100.0,500,340000.0,27238.9,600.0,Valuation,,8183.39,,1
NHI Act,TAURANGA CITY,2026-01-21,[40K-80K],,Landslip,Settlement,Yes,40753.0,500,295115.89,58591.21,199715.89,Cost to Repair,,21130.71,44623.66,1
NHI Act,TASMAN DISTRICT,2025-07-11,[40K-80K],,Landslip,Settlement,No,75100.0,500,1000000.0,184265.7,75600.0,Valuation,1103.29,11945.92,29818.01,1
NHI Act,Selwyn District,2025-05-01,[0-40K],,Storm,Closed,No,2338.55,500,650000.0,2838.55,8250.0,Cost to Repair,1954.06,9615.31,,1
NHI Act,SOUTH TARANAKI DISTRICT,2025-07-03,[0-40K],,Landslip,Closed,Yes,35170.0,500,239600.0,73550.0,35670.0,Valuation,1047.66,9495.96,3502.81,1
NHI Act,QUEENSTOWN-LAKES DISTRICT,2025-10-23,[0-40K],,Storm,Closed,No,1790.21,500,850000.0,2290.21,2300.0,Cost to Repair,3128.0,4099.11,,1
NHI Act,TASMAN DISTRICT,2025-07-11,[0-40K],,Landslip,Closed,No,8107.99,500,420000.0,8608.0,21600.0,Cost to Repair,1103.29,2165.57,,1
NHI Act,AUCKLAND,2025-05-30,[0-40K],,Storm,Closed,No,2347.07,500,1340000.0,3347.07,4690.0,Cost to Repair,1909.0,,,1
NHI Act,LOWER HUTT CITY,2026-04-19,[0-40K],,Landslip,Closed,Yes,18606.06,500,348624.28,19106.05,26124.28,Cost to Repair,1129.32,9345.27,,1
NHI Act,THAMES-COROMANDEL DISTRICT,2026-01-21,[0-40K],,Landslip,Closed,No,29200.0,500,400000.0,90332.56,29700.0,Valuation,,15992.2,14771.46,1
NHI Act,TASMAN DISTRICT,2025-07-11,[0-40K],,Flood,Closed,No,4086.0,500,14000.0,4586.0,14000.0,Cost to Repair,1103.29,1354.82,,1
NHI Act,WELLINGTON CITY,2025-07-11,[0-40K],,Landslip,Closed,No,17780.0,500,900000.0,87270.56,19790.0,Valuation,2333.35,7893.72,2416.83,1
NHI Act,DUNEDIN CITY,2024-10-03,[80K-150K],,Landslip,Closed,Yes,82094.52,500,452654.52,228540.87,82594.52,Valuation,3128.0,24450.22,14252.57,1
NHI Act,AUCKLAND,2026-01-21,[0-40K],,Landslip,Closed,No,792.33,500,0.0,1292.33,8538.0,Cost to Repair,1129.32,1571.36,,1
NHI Act,DUNEDIN CITY,2026-02-16,[0-40K],,Landslip,Closed,No,6450.01,500,210000.0,128118.02,7350.0,Valuation,1129.32,9231.19,,1
NHI Act,PORIRUA CITY,2026-04-19,[0-40K],,Landslip,Closed,No,5150.0,500,365000.0,44340.86,5650.0,Valuation,1129.32,7892.0,6618.56,1
NHI Act,CENTRAL HAWKE'S BAY DISTRICT,2026-02-15,[0-40K],,Storm,Closed,No,285.86,500,4740000.0,785.86,16945.5,Cost to Repair,,,,1
NHI Act,NELSON CITY,2025-05-26,[0-40K],,Landslip,Closed,No,1400.0,500,500000.0,29074.0,1900.0,Valuation,1103.29,12519.37,,1
NHI Act,WELLINGTON CITY,2026-04-20,[0-40K],,Storm,Closed,No,2224.09,500,1100000.0,5448.18,103840.0,Cost to Repair,,1932.0,,1
NHI Act,NELSON CITY,2024-08-31,[0-40K],,Landslip,Closed,Yes,2835.0,500,451496.15,4945.0,34296.15,Cost to Repair,1695.1,3100.86,0.0,1
NHI Act,WELLINGTON CITY,2026-04-20,[0-40K],,Landslip,Closed,Yes,11345.0,500,604537.39,22759.2,12767.39,Valuation,1129.32,9220.58,,1
NHI Act,LOWER HUTT CITY,2026-02-16,[0-40K],,Landslip,Closed,No,7400.0,500,510000.0,73648.65,7900.0,Valuation,,8474.85,,1
NHI Act,THAMES-COROMANDEL DISTRICT,2026-01-22,[0-40K],,Storm,Closed,No,13250.0,500,700000.0,76141.92,13750.0,Valuation,1129.32,2618.76,,1
NHI Act,WELLINGTON CITY,2026-04-20,[0-40K],,Landslip,Closed,Yes,17580.0,500,441059.78,43958.1,18399.78,Valuation,1129.32,8619.25,,1
NHI Act,KAIPARA DISTRICT,2026-01-21,[0-40K],,Landslip,Closed,No,32200.0,500,570000.0,72657.03,32700.0,Valuation,,14821.21,,1
NHI Act,CHRISTCHURCH CITY,2025-02-18,[0-40K],,Flood,Closed,Yes,25736.53,500,491186.53,49865.48,26236.53,Valuation,3128.0,16285.63,,1
NHI Act,THAMES-COROMANDEL DISTRICT,2026-01-21,[0-40K],,Landslip,Closed,No,15855.05,500,1300000.0,16355.05,72999.0,Cost to Repair,,14149.3,,1
NHI Act,QUEENSTOWN-LAKES DISTRICT,2025-10-25,[0-40K],,Landslip,Closed,No,15189.0,500,2000000.0,13914.61,335900.0,Cost to Repair,1129.32,17041.86,,1
NHI Act,FAR NORTH DISTRICT,2025-04-27,[40K-80K],,Landslip,Closed,Yes,41954.68,500,274639.68,96553.87,42454.68,Valuation,1103.29,12824.05,8422.28,1
NHI Act,PORIRUA CITY,2025-06-04,[0-40K],,Landslip,Closed,Yes,12321.57,500,411351.57,35875.95,12821.57,Valuation,,13748.93,,1
NHI Act,WELLINGTON CITY,2026-04-20,[80K-150K],,Landslip,Closed,Yes,111540.0,500,475000.0,72076.29,134290.0,Cost to Repair,1129.32,12525.3,5829.01,1
NHI Act,WESTERN BAY OF PLENTY DISTRICT,2025-06-11,[0-40K],,Landslip,Closed,Yes,22208.0,500,444908.0,28704.61,22708.0,Valuation,1103.29,5358.31,,1
NHI Act,TASMAN DISTRICT,2025-07-11,[0-40K],,Storm,Closed,No,4213.15,500,330000.0,4713.15,13150.0,Cost to Repair,1954.06,1676.09,,1
NHI Act,WHANGAREI DISTRICT,2026-01-18,[0-40K],,Landslip,Closed,No,10800.0,500,650000.0,78092.01,14100.0,Valuation,1129.32,14038.96,,1
NHI Act,TAURANGA CITY,2026-01-21,[0-40K],,Landslip,Closed,Yes,24756.57,500,326956.57,51795.38,25256.57,Valuation,3201.84,11893.81,,1
NHI Act,WELLINGTON CITY,2024-10-05,[0-40K],,Earthquake,Closed,No,16400.0,500,650000.0,32370.59,16900.0,Valuation,3128.0,11065.14,4596.06,1
NHI Act,TASMAN DISTRICT,2025-06-27,[0-40K],,Flood,Closed,No,873.28,500,170164.56,1373.28,7061.83,Cost to Repair,1909.0,,,1
NHI Act,ROTORUA DISTRICT,2025-12-31,[0-40K],Associated with Maori Land,Landslip,Closed,No,2500.0,500,310000.0,75684.34,3000.0,Valuation,3201.84,14082.71,,1
NHI Act,AUCKLAND,2024-07-16,[0-40K],,Storm,Closed,Yes,29729.56,500,1123330.0,83054.0,30230.0,Valuation,,10959.56,,1
NHI Act,WESTERN BAY OF PLENTY DISTRICT,2026-01-22,[0-40K],,Landslip,Closed,No,27300.0,500,600000.0,648913.0,27800.0,Valuation,,19724.38,2369.0,1
NHI Act,TASMAN DISTRICT,2025-07-11,[0-40K],,Flood,Closed,No,17719.25,500,500000.0,18219.25,112750.0,Cost to Repair,1954.06,,,1
NHI Act,THAMES-COROMANDEL DISTRICT,2026-01-21,[0-40K],,Landslip,Closed,No,671.2,500,6200.0,1171.2,1240.0,Cost to Repair,1129.32,2974.8,,1
NHI Act,AUCKLAND,2025-06-10,[40K-80K],,Landslip,Closed,Yes,64394.0,1000,771293.45,100000.0,65393.45,Valuation,1103.29,17419.3,,2
NHI Act,WHANGAREI DISTRICT,2026-01-18,[0-40K],Associated with Maori Land,Landslip,Closed,No,20100.0,500,650000.0,110250.37,20600.0,Valuation,,14433.21,71602.61,1
NHI Act,AUCKLAND,2025-07-26,[0-40K],,Landslip,Closed,Yes,6765.61,500,633715.61,33533.46,7265.61,Valuation,3128.0,11473.78,1730.46,1
NHI Act,WELLINGTON CITY,2026-04-19,[0-40K],,Flood,Closed,No,2524.58,500,0.0,3024.58,268235.16,Cost to Repair,,3144.0,,1
NHI Act,CHRISTCHURCH CITY,2026-02-16,[0-40K],,Flood,Reopened,No,25886.58,500,0.0,26386.58,77505.44,Cost to Repair,1129.32,1909.92,,1
NHI Act,UPPER HUTT CITY,2025-07-04,[0-40K],,Landslip,Closed,No,1250.0,500,400000.0,92138.97,1750.0,Valuation,3128.0,11565.33,,1
NHI Act,CHRISTCHURCH CITY,2026-02-17,[0-40K],,Flood,Closed,Yes,2468.77,500,383542.79,2968.77,18542.79,Cost to Repair,,1531.87,,1
NHI Act,TAURANGA CITY,2026-01-22,[40K-80K],,Landslip,Closed,Yes,47196.57,2000,323047.57,49196.57,68247.57,Cost to Repair,,15319.06,,4
NHI Act,DUNEDIN CITY,2024-10-04,[0-40K],,Flood,Closed,No,1830.27,500,0.0,0.0,0.0,Minimum Size Site,1103.29,,,1
NHI Act,AUCKLAND,2026-01-21,[0-40K],,Landslip,Closed,No,8400.0,500,900000.0,96184.8,8900.0,Valuation,1129.32,15767.96,4370.25,1
NHI Act,OTOROHANGA DISTRICT,2026-02-14,[0-40K],,Landslip,Reopened,No,2360.0,500,450000.0,70602.77,2860.0,Valuation,1129.32,14696.41,3205.0,1
NHI Act,TASMAN DISTRICT,2025-07-11,[0-40K],,Flood,Closed,No,9910.63,500,540000.0,10410.96,446900.0,Cost to Repair,3128.0,4376.64,,1
NHI Act,TASMAN DISTRICT,2025-06-27,[0-40K],,Storm,Closed,Yes,26292.16,500,476343.61,26792.16,32243.61,Cost to Repair,1954.06,12354.68,,1
NHI Act,FAR NORTH DISTRICT,2025-09-01,[0-40K],,Landslip,Closed,Yes,27112.34,500,265312.34,150424.78,27612.34,Valuation,,16059.78,,1
NHI Act,PORIRUA CITY,2026-04-18,[0-40K],,Flood,Closed,No,5042.0,500,200000.0,5541.93,21500.0,Cost to Repair,1129.32,5391.58,,1
NHI Act,TASMAN DISTRICT,2025-07-11,[0-40K],,Landslip,Closed,No,15745.38,500,630000.0,16745.38,85650.0,Cost to Repair,3128.0,12529.03,9121.37,1
NHI Act,WELLINGTON CITY,2026-04-23,[40K-80K],,Landslip,Closed,Yes,48707.7,500,395000.0,49207.7,56000.0,Cost to Repair,,12146.16,,1
NHI Act,AUCKLAND,2025-04-20,[0-40K],,Flood,Closed,No,835.0,500,0.0,1335.0,3050.0,Cost to Repair,1103.29,2685.61,,1
NHI Act,THAMES-COROMANDEL DISTRICT,2026-01-22,[0-40K],,Landslip,Closed,No,5000.0,500,500000.0,35017.53,5500.0,Valuation,,,,1
NHI Act,WAITAKI DISTRICT,2026-07-06,[0-40K],,Landslip,Settlement,Yes,32326.01,500,191090.35,65052.2,31690.35,Valuation,1129.32,3562.03,0.0,1
NHI Act,AUCKLAND,2025-05-26,[0-40K],,Landslip,Closed,No,3500.0,500,800000.0,5495.66,4000.0,Valuation,3128.0,12352.99,2081.51,1
NHI Act,GISBORNE DISTRICT,2026-01-20,[0-40K],Maori Owned Land,Flood,Closed,No,5212.5,500,0.0,5712.5,7592.4,Cost to Repair,,2774.42,,1
NHI Act,PORIRUA CITY,2024-09-04,[40K-80K],,Landslip,Closed,No,55361.0,1000,710000.0,58287.0,174200.0,Cost to Repair,,13057.06,873.62,2
NHI Act,WELLINGTON CITY,2026-04-20,[0-40K],,Flood,Closed,No,3865.56,500,530000.0,4365.56,80747.08,Cost to Repair,,3124.65,,1
NHI Act,WHANGANUI DISTRICT,2024-08-24,[0-40K],,Landslip,Closed,Yes,19133.0,500,256820.82,30715.76,24224.82,Valuation,,2510.01,,1
NHI Act,TASMAN DISTRICT,2025-07-11,[0-40K],,Storm,Closed,No,2309.9,500,520000.0,2808.9,30940.0,Cost to Repair,1909.0,,,1
NHI Act,WESTERN BAY OF PLENTY DISTRICT,2025-06-10,[0-40K],,Flood,Closed,No,6298.38,500,530000.0,6798.38,7350.0,Cost to Repair,3128.0,11610.52,,1
NHI Act,OPOTIKI DISTRICT,2025-07-12,[0-40K],,Landslip,Closed,Yes,20116.39,500,347916.39,42075.42,20616.39,Valuation,3128.0,13450.52,8213.53,1
NHI Act,TASMAN DISTRICT,2025-07-11,[0-40K],,Storm,Closed,No,7435.94,500,430000.0,7935.94,20700.0,Cost to Repair,3128.0,2595.88,,1
NHI Act,TASMAN DISTRICT,2025-06-27,[0-40K],,Flood,Closed,No,6259.0,500,400000.0,6759.0,12600.0,Cost to Repair,1103.29,506.0,,1
NHI Act,WELLINGTON CITY,2025-07-13,[0-40K],,Flood,Closed,Yes,12208.01,1000,481609.0,60330.08,15509.0,Valuation,1103.29,18055.82,,2
NHI Act,TASMAN DISTRICT,2025-07-03,[0-40K],,Landslip,Closed,No,700.0,500,470000.0,1388.61,1200.0,Valuation,3128.0,13653.94,,1
NHI Act,NEW PLYMOUTH DISTRICT,2025-07-04,[0-40K],,Landslip,Closed,No,1750.0,500,370000.0,46441.15,2750.0,Valuation,1103.29,13131.09,,1
NHI Act,WELLINGTON CITY,2024-08-19,[0-40K],,Landslip,Closed,Yes,12625.0,500,800000.0,95458.98,14290.0,Valuation,1103.29,16804.88,259.0,1
NHI Act,WELLINGTON CITY,2026-02-14,[0-40K],,Landslip,Closed,No,3400.0,500,325000.0,84502.45,3900.0,Valuation,,14772.01,,1
NHI Act,WHANGAREI DISTRICT,2025-04-27,[0-40K],,Flood,Closed,No,1000.0,500,415000.0,1982.5,1500.0,Valuation,3128.0,3211.58,,1
NHI Act,CHRISTCHURCH CITY,2026-02-17,[0-40K],,Flood,Closed,No,23290.62,500,330000.0,23790.62,223000.0,Cost to Repair,,6478.31,,1
NHI Act,NELSON CITY,2025-05-26,[40K-80K],,Landslip,Closed,Yes,72160.0,500,81500.0,80434.84,164500.0,Cost to Repair,,4732.83,129.0,1
NHI Act,DUNEDIN CITY,2024-10-05,[0-40K],,Landslip,Closed,No,39770.0,500,310000.0,85540.59,40270.0,Valuation,3128.0,13753.51,,1
NHI Act,WELLINGTON CITY,2026-04-19,[0-40K],,Landslip,Closed,Yes,27462.0,500,475061.1,93022.4,27961.1,Valuation,1129.32,9770.53,,1
NHI Act,THAMES-COROMANDEL DISTRICT,2026-01-23,[40K-80K],,Landslip,Closed,No,46314.72,500,3600000.0,46814.72,58050.0,Cost to Repair,1996.43,10173.71,0.0,1
NHI Act,KAPITI COAST DISTRICT,2024-08-31,[0-40K],,Storm,Closed,No,9569.63,500,475000.0,10069.63,50400.0,Cost to Repair,3128.0,4277.77,,1
NHI Act,TASMAN DISTRICT,2025-07-11,[0-40K],,Storm,Closed,Yes,5553.33,1000,614503.32,6553.33,54051.66,Cost to Repair,1954.06,,,2
NHI Act,OTOROHANGA DISTRICT,2026-02-13,[0-40K],,Flood,Closed,No,5500.0,500,460000.0,7704.28,6000.0,Valuation,1129.32,3937.84,,1
NHI Act,DUNEDIN CITY,2024-10-04,[0-40K],,Landslip,Closed,Yes,14541.0,500,201440.27,28261.47,17040.27,Valuation,1103.29,15870.01,,1
NHI Act,WESTERN BAY OF PLENTY DISTRICT,2026-01-24,[0-40K],,Storm,Closed,No,359.65,500,480000.0,859.65,3716.13,Cost to Repair,3997.59,,,1
NHI Act,WELLINGTON CITY,2025-07-08,[0-40K],,Landslip,Closed,Yes,30424.68,500,1110174.68,32346.75,30924.68,Valuation,3128.0,11331.96,8384.69,1
NHI Act,GREY DISTRICT,2026-07-24,[0-40K],,Flood,Closed,No,1212.0,500,0.0,1712.0,6134.4,Cost to Repair,1129.32,,,1
NHI Act,AUCKLAND,2025-07-13,[0-40K],,Landslip,Closed,No,18100.0,500,735000.0,62620.95,18600.0,Valuation,1129.32,15402.37,,1
NHI Act,CHRISTCHURCH CITY,2026-02-17,[0-40K],,Flood,Closed,No,2449.01,500,300000.0,2949.0,4900.0,Cost to Repair,1129.32,1136.21,,1
NHI Act,SELWYN DISTRICT,2025-05-01,[0-40K],,Flood,Closed,No,391.17,500,1170000.0,891.17,10530.0,Cost to Repair,1909.0,,,1
NHI Act,WHANGAREI DISTRICT,2026-01-21,[0-40K],,Storm,Closed,Yes,17411.11,500,233611.11,31704.45,17911.11,Valuation,3201.84,14562.46,,1
NHI Act,NELSON CITY,2025-08-15,[40K-80K],,Landslip,Reopened,Yes,75651.73,500,470000.0,188854.2,68700.0,Valuation,3128.0,16205.12,1702.91,1
NHI Act,DUNEDIN CITY,2024-10-04,[150K-300K],,Landslip,Closed,Yes,231552.07,500,476534.16,570839.47,232052.08,Valuation,1023.5,33836.36,344500.0,1
NHI Act,CHRISTCHURCH CITY,2026-02-17,[0-40K],,Landslip,Closed,No,17963.35,500,260000.0,18463.35,27000.0,Cost to Repair,,3849.98,,1
NHI Act,WELLINGTON CITY,2026-06-26,[0-40K],,Flood,Closed,No,3318.0,500,0.0,3818.0,49616.05,Cost to Repair,1129.32,3172.67,,1
NHI Act,TAURANGA CITY,2026-01-22,[0-40K],,Storm,Closed,Yes,29211.0,500,500000.0,59420.92,40360.88,Valuation,1129.32,10194.61,,1
NHI Act,WESTERN BAY OF PLENTY DISTRICT,2026-01-21,[0-40K],,Storm,Closed,No,5800.0,500,600000.0,37282.11,6300.0,Valuation,1954.06,9378.64,,1
NHI Act,DUNEDIN CITY,2024-10-08,[0-40K],,Landslip,Closed,Yes,17963.0,500,327713.0,44351.54,18463.0,Valuation,1103.29,13261.08,,1
NHI Act,WELLINGTON CITY,2026-04-19,[0-40K],,Flood,Closed,No,1607.14,500,0.0,2107.14,37925.66,Cost to Repair,1129.32,,,1
NHI Act,WELLINGTON CITY,2026-04-20,[0-40K],,Landslip,Closed,No,2600.0,500,435000.0,30157.69,3100.0,Valuation,,9251.0,,1
NHI Act,Opotiki District,2024-07-10,[0-40K],,Landslip,Closed,No,3500.0,500,665000.0,61964.33,4000.0,Valuation,3128.0,18780.14,34280.26,1
NHI Act,TIMARU DISTRICT,2025-06-07,[0-40K],,Landslip,Closed,No,2900.0,500,350000.0,15652.13,3400.0,Valuation,1023.5,11011.25,3188.74,1
NHI Act,WELLINGTON CITY,2025-07-05,[0-40K],,Landslip,Closed,No,17790.0,500,520000.0,55101.48,18290.0,Valuation,3128.0,23688.31,,1
NHI Act,PORIRUA CITY,2026-04-23,[0-40K],,Landslip,Closed,Yes,16414.99,500,391492.22,16914.99,21092.22,Cost to Repair,1129.32,10477.44,,1
NHI Act,NEW PLYMOUTH DISTRICT,2025-07-03,[0-40K],,Landslip,Closed,No,600.0,500,480000.0,3649.65,1100.0,Valuation,3128.0,3740.74,,1
NHI Act,Wellington City,2024-09-03,[0-40K],,Landslip,Closed,No,2380.0,500,630000.0,12815.38,2880.0,Valuation,3128.0,,,1
NHI Act,PORIRUA CITY,2024-08-25,[0-40K],,Landslip,Closed,Yes,24344.01,500,719043.37,60237.26,26993.37,Valuation,1103.29,9500.47,,1
NHI Act,PORIRUA CITY,2025-06-15,[0-40K],,Flood,Closed,Yes,22242.0,500,280291.4,51252.47,22741.4,Valuation,1103.29,10950.87,,1
NHI Act,MARLBOROUGH DISTRICT,2025-07-03,[300K+],,Landslip,Closed,Yes,406917.27,500,619818.0,652765.98,407418.0,Valuation,1103.29,52585.1,344500.0,1
NHI Act,AUCKLAND,2024-10-05,[0-40K],,Landslip,Settlement,No,2471.44,500,0.0,0.0,0.0,Minimum Size Site,1103.29,63458.75,0.0,1
NHI Act,CHRISTCHURCH CITY,2026-02-17,[0-40K],,Flood,Closed,No,11437.0,500,45933.16,11937.0,45933.16,Cost to Repair,1129.32,1093.19,,1
NHI Act,WESTERN BAY OF PLENTY DISTRICT,2026-01-24,[0-40K],,Flood,Closed,No,1625.0,500,0.0,2124.72,16000.0,Cost to Repair,1129.32,3299.6,,1
NHI Act,NEW PLYMOUTH DISTRICT,2026-01-19,[0-40K],,Landslip,Closed,Yes,7067.0,500,301367.0,49299.21,7967.0,Valuation,,15299.72,,1
NHI Act,MARLBOROUGH DISTRICT,2025-06-29,[0-40K],,Flood,Closed,No,6853.63,500,300000.0,7353.63,29800.0,Cost to Repair,1954.06,934.38,,1
NHI Act,NEW PLYMOUTH DISTRICT,2025-02-18,[0-40K],,Landslip,Closed,No,6250.0,500,300000.0,39215.31,6750.0,Valuation,1129.32,12095.28,,1
NHI Act,TASMAN DISTRICT,2025-06-27,[0-40K],,Flood,Closed,No,14933.96,500,250000.0,15849.26,54400.0,Cost to Repair,1103.29,7108.9,,1
NHI Act,TASMAN DISTRICT,2025-07-11,[0-40K],,Flood,Closed,No,4197.99,500,370000.0,4698.0,42106.57,Cost to Repair,1103.29,2359.86,,1
NHI Act,CHRISTCHURCH CITY,2026-02-17,[80K-150K],,Landslip,Closed,Yes,84994.45,500,590587.42,58483.97,102587.42,Cost to Repair,1129.32,12604.81,,1
NHI Act,GREY DISTRICT,2024-08-25,[0-40K],,Landslip,Closed,Yes,26130.0,500,20868.07,26630.0,54468.07,Cost to Repair,1103.29,19963.93,11726.31,1
NHI Act,WHANGAREI DISTRICT,2026-01-21,[80K-150K],,Landslip,Closed,No,136200.0,1000,1450000.0,337041.89,136700.0,Valuation,,16655.46,77073.11,2
NHI Act,HURUNUI DISTRICT,2025-10-23,[0-40K],,Storm,Closed,No,2480.0,500,175000.0,6618.16,2980.0,Valuation,1954.06,920.0,,1
NHI Act,DUNEDIN CITY,2025-07-12,[0-40K],,Landslip,Closed,No,1700.0,500,170000.0,65379.4,2200.0,Valuation,3128.0,10701.64,1511.13,1
NHI Act,NELSON CITY,2025-05-26,[0-40K],,Landslip,Closed,No,4300.0,500,325000.0,20975.21,4800.0,Valuation,1103.29,7819.01,,1
NHI Act,FAR NORTH DISTRICT,2024-07-15,[0-40K],,Landslip,Closed,No,3154.13,500,325000.0,3654.13,17080.0,Cost to Repair,3128.0,5413.6,,1
NHI Act,WELLINGTON CITY,2026-02-16,[0-40K],,Landslip,Closed,Yes,16732.99,500,25280.1,17222.18,25280.1,Cost to Repair,1129.32,2202.04,,1
NHI Act,FAR NORTH DISTRICT,2025-05-26,[0-40K],,Storm,Closed,No,8850.0,500,200000.0,37297.69,9350.0,Valuation,1909.0,9210.96,,1
NHI Act,CLUTHA DISTRICT,2025-10-24,[0-40K],,Storm,Closed,No,10781.5,500,175000.0,11281.5,12300.0,Cost to Repair,1954.06,920.0,,1
NHI Act,TAUPO DISTRICT,2025-08-07,[0-40K],,Landslip,Closed,No,6200.0,500,660000.0,29950.05,6700.0,Valuation,1103.29,15674.22,,1
NHI Act,AUCKLAND,2025-06-04,[0-40K],,Storm,Closed,No,608.01,500,0.0,1108.0,4000.0,Cost to Repair,2333.35,3475.42,,1
NHI Act,TASMAN DISTRICT,2025-07-11,[0-40K],,Flood,Closed,No,19941.92,500,0.0,20441.91,102945.5,Cost to Repair,1103.29,5433.53,,1
NHI Act,HAURAKI DISTRICT,2026-01-21,[150K-300K],,Landslip,Closed,Yes,246888.51,500,461188.51,657435.81,247388.51,Valuation,,24549.27,,1
NHI Act,AUCKLAND,2025-04-17,[0-40K],,Storm,Closed,No,249.41,500,650000.0,749.41,1500.0,Cost to Repair,3128.0,5410.99,,1
NHI Act,WELLINGTON CITY,2024-08-19,[0-40K],,Landslip,Closed,Yes,12625.0,500,800000.0,95458.98,14290.0,Valuation,1103.29,16804.88,7610.55,1
NHI Act,WELLINGTON CITY,2024-09-03,[0-40K],,Landslip,Closed,No,1400.0,500,685000.0,128114.43,1900.0,Valuation,3128.0,,,1
NHI Act,TASMAN DISTRICT,2025-07-11,[40K-80K],,Flood,Reopened,No,48459.0,500,620000.0,49459.0,544100.0,Cost to Repair,1103.29,13272.9,,1
NHI Act,UPPER HUTT CITY,2026-02-16,[40K-80K],,Landslip,Closed,Yes,51110.0,500,318359.01,154101.65,51609.01,Valuation,1129.32,15663.53,0.0,1
NHI Act,CHRISTCHURCH CITY,2025-05-01,[0-40K],,Landslip,Closed,No,3539.01,500,300000.0,4039.01,6300.0,Cost to Repair,3128.0,12543.58,6840.97,1
NHI Act,WESTERN BAY OF PLENTY DISTRICT,2025-04-05,[0-40K],,Flood,Closed,Yes,13787.01,500,361761.96,19535.68,14286.96,Valuation,3201.93,9781.22,,1
NHI Act,TAURANGA CITY,2026-01-21,[0-40K],,Landslip,Closed,Yes,15868.37,500,431568.37,23212.16,16368.37,Valuation,,12364.39,,1
NHI Act,TASMAN DISTRICT,2025-07-11,[40K-80K],,Landslip,Closed,No,40900.0,500,400000.0,192690.2,41600.0,Valuation,1103.29,10288.53,,1
NHI Act,AUCKLAND,2026-01-22,[0-40K],,Landslip,Closed,No,30400.0,500,550000.0,66685.47,30900.0,Valuation,,12456.3,,1
NHI Act,QUEENSTOWN-LAKES DISTRICT,2025-10-23,[40K-80K],,Flood,Closed,No,49090.67,500,1350000.0,49590.67,214650.0,Cost to Repair,1954.06,9805.51,,1
NHI Act,WELLINGTON CITY,2026-04-20,[150K-300K],,Landslip,Closed,Yes,197565.0,500,414342.08,248843.63,323042.08,Cost to Repair,1129.32,10841.11,,1
NHI Act,DUNEDIN CITY,2024-07-01,[0-40K],,Landslip,Closed,No,8700.0,500,195000.0,22236.08,9950.0,Valuation,1103.29,12049.65,158.0,1
NHI Act,WELLINGTON CITY,2025-07-11,[0-40K],,Landslip,Closed,No,2440.0,500,350000.0,18006.55,2940.0,Valuation,1103.29,8671.53,,1
NHI Act,TASMAN DISTRICT,2025-07-11,[0-40K],,Flood,Closed,No,4593.0,500,395000.0,5093.0,24687.5,Cost to Repair,1954.06,,,1
NHI Act,NELSON CITY,2025-07-11,[0-40K],,Landslip,Closed,Yes,1803.0,500,480000.0,2303.0,50279.58,Cost to Repair,1103.29,2411.44,,1
NHI Act,DUNEDIN CITY,2024-10-04,[0-40K],,Landslip,Closed,No,500.0,500,200000.0,19461.53,1000.0,Valuation,,13370.86,,1
NHI Act,WHAKATANE DISTRICT,2025-07-10,[0-40K],,Landslip,Closed,No,2750.0,500,260000.0,22586.92,3250.0,Valuation,3128.0,11978.46,,1
NHI Act,WELLINGTON CITY,2026-04-20,[0-40K],,Landslip,Closed,Yes,32546.12,500,33046.12,82467.74,33046.12,Minimum Size Site,1129.32,8608.19,,1
NHI Act,WHANGAREI DISTRICT,2026-01-18,[0-40K],,Landslip,Closed,Yes,25830.81,500,255852.39,26330.8,35652.39,Cost to Repair,1129.32,16811.71,,1
NHI Act,DUNEDIN CITY,2024-10-04,[80K-150K],,Landslip,Closed,Yes,123040.0,500,497500.0,211343.68,116040.0,Valuation,1023.5,15745.12,7496.37,1
NHI Act,AUCKLAND,2025-04-19,[0-40K],,Landslip,Closed,Yes,27274.27,500,801079.95,27774.27,30669.95,Cost to Repair,3128.0,13037.45,3833.59,1
NHI Act,OTOROHANGA DISTRICT,2026-02-13,[0-40K],,Landslip,Closed,Yes,31991.01,500,210191.01,39920.38,32491.01,Valuation,,10976.81,,1
NHI Act,WELLINGTON CITY,2026-04-20,[0-40K],,Landslip,Closed,Yes,13527.0,500,607862.18,26766.39,16692.18,Valuation,1129.32,9099.49,,1
NHI Act,AUCKLAND,2024-08-15,[0-40K],,Landslip,Closed,No,6130.0,500,950000.0,88427.66,6630.0,Valuation,3128.0,12410.94,0.0,1
NHI Act,WAIKATO DISTRICT,2025-05-09,[0-40K],Associated with Maori Land,Landslip,Closed,No,21000.0,500,550000.0,42151.76,26300.0,Valuation,,12676.85,,1
NHI Act,ROTORUA DISTRICT,2025-05-09,[0-40K],,Landslip,Closed,No,6020.0,500,105000.0,35499.87,7020.0,Valuation,3128.0,11811.87,,1
NHI Act,CHRISTCHURCH CITY,2025-05-01,[0-40K],,Landslip,Closed,Yes,11113.0,500,291763.0,25170.48,11613.0,Valuation,1103.29,15971.79,,1
NHI Act,WAIKATO DISTRICT,2025-01-31,[0-40K],,Landslip,Closed,No,1700.0,500,375000.0,86861.28,2200.0,Valuation,3128.0,13919.74,,1
NHI Act,KAIPARA DISTRICT,2025-07-29,[0-40K],,Landslip,Closed,No,6700.0,500,425000.0,199570.13,7200.0,Valuation,,18227.03,,1
NHI Act,SELWYN DISTRICT,2025-05-01,[0-40K],,Storm,Closed,No,18.45,500,990000.0,518.45,11.76,Valuation,3128.0,1429.11,,1
NHI Act,CHRISTCHURCH CITY,2026-02-17,[0-40K],,Flood,Closed,No,4189.0,500,270000.0,4689.0,25630.0,Cost to Repair,1129.32,1431.0,,1
NHI Act,TASMAN DISTRICT,2025-07-11,[0-40K],Associated with Maori Land,Flood,Closed,No,7200.0,500,112500.0,19034.39,7700.0,Valuation,1103.29,12974.64,,1
NHI Act,TASMAN DISTRICT,2025-07-11,[0-40K],,Landslip,Closed,No,5350.0,500,400000.0,37791.16,5850.0,Valuation,1954.06,18972.81,,1
NHI Act,NEW PLYMOUTH DISTRICT,2025-11-01,[0-40K],,Landslip,Closed,Yes,27626.34,500,314310.41,83661.73,36560.41,Valuation,1129.32,12426.09,,1
NHI Act,FAR NORTH DISTRICT,2025-06-28,[0-40K],,Flood,Closed,No,9743.94,500,400000.0,10243.94,25050.0,Cost to Repair,,4821.86,,1
NHI Act,WHAKATANE DISTRICT,2026-04-12,[0-40K],,Storm,Closed,No,744.3,500,700000.0,1244.3,20650.0,Cost to Repair,,,,1
NHI Act,WELLINGTON CITY,2026-07-08,[0-40K],,Landslip,Closed,No,3500.0,500,525000.0,58787.76,4000.0,Valuation,,8890.4,,1
NHI Act,TASMAN DISTRICT,2025-06-27,[0-40K],,Landslip,Closed,Yes,20068.54,500,525169.0,270094.4,20569.0,Valuation,1103.29,15653.27,10318.0,1
NHI Act,LOWER HUTT CITY,2025-06-28,[0-40K],,Flood,Closed,No,590.0,500,250000.0,15629.97,1090.0,Valuation,1103.29,11439.99,,1
NHI Act,WELLINGTON CITY,2025-07-29,[0-40K],,Landslip,Closed,No,4275.0,500,310000.0,22219.18,4775.0,Valuation,1103.29,12518.64,,1
NHI Act,CHRISTCHURCH CITY,2026-01-23,[0-40K],,Flood,Closed,No,11798.94,500,0.0,12298.94,50425.38,Cost to Repair,1129.32,,,1
NHI Act,MARLBOROUGH DISTRICT,2025-06-27,[0-40K],,Storm,Closed,No,2484.0,500,6640.08,2983.1,6640.08,Cost to Repair,1103.29,3772.98,,1
NHI Act,WHANGAREI DISTRICT,2026-01-18,[0-40K],,Storm,Closed,No,250.0,500,390000.0,1764.1,750.0,Valuation,,3530.66,,1
NHI Act,MARLBOROUGH DISTRICT,2025-06-27,[0-40K],,Flood,Closed,No,1858.0,500,0.0,2357.86,9900.0,Cost to Repair,1103.29,3401.48,,1
NHI Act,TAURANGA CITY,2026-01-22,[0-40K],,Landslip,Closed,Yes,22791.0,500,3019900.0,31699.79,30100.0,Valuation,1129.32,9370.65,,1
NHI Act,Auckland - City,2025-04-18,[0-40K],,Storm,Closed,No,2632.0,500,600000.0,3131.86,63200.0,Cost to Repair,,6666.88,,1
NHI Act,PORIRUA CITY,2026-04-15,[0-40K],,Landslip,Closed,Yes,32308.0,500,718707.86,75278.85,32807.86,Valuation,1129.32,12196.04,512.0,1
NHI Act,WELLINGTON CITY,2026-04-20,[0-40K],,Landslip,Closed,No,590.0,500,450000.0,21181.86,1090.0,Valuation,1129.32,10702.68,0.0,1
NHI Act,TAURANGA CITY,2026-04-20,[0-40K],,Storm,Closed,Yes,25845.0,500,455344.93,33455.09,29994.93,Valuation,1129.32,8062.08,,1
NHI Act,TASMAN DISTRICT,2025-07-11,[0-40K],,Landslip,Closed,Yes,28683.72,500,466483.72,65717.9,29183.72,Valuation,3128.0,18115.96,25428.19,1
NHI Act,WELLINGTON CITY,2026-04-20,[0-40K],,Storm,Closed,Yes,23304.0,1000,497873.92,76092.55,25593.92,Valuation,,16020.38,,2
NHI Act,THAMES-COROMANDEL DISTRICT,2026-03-27,[0-40K],,Flood,Closed,No,5494.89,500,0.0,5994.89,87040.0,Cost to Repair,1129.32,2454.45,,1
NHI Act,AUCKLAND,2026-01-25,[0-40K],,Storm,Closed,No,622.27,500,3100.0,1122.27,3100.0,Cost to Repair,1129.32,3248.04,,1
NHI Act,Lower Hutt City,2025-10-13,[0-40K],,Storm,Closed,Yes,10275.18,500,398525.18,31068.05,10775.18,Valuation,3128.0,11131.02,,1
NHI Act,OTOROHANGA DISTRICT,2026-02-13,[0-40K],,Storm,Closed,Yes,5159.44,500,460637.76,5659.44,41127.76,Cost to Repair,3997.59,,,1
NHI Act,TASMAN DISTRICT,2025-07-11,[0-40K],,Flood,Closed,No,6088.0,500,400000.0,6588.0,16200.0,Cost to Repair,1103.29,4046.82,,1
NHI Act,LOWER HUTT CITY,2024-08-26,[0-40K],,Landslip,Closed,No,7200.0,500,425000.0,44274.31,10200.0,Valuation,1103.29,6996.71,,1
NHI Act,WAIKATO DISTRICT,2026-04-20,[0-40K],,Storm,Closed,No,1412.0,500,0.0,1336.54,3750.0,Cost to Repair,1129.32,2770.96,,1
NHI Act,WESTERN BAY OF PLENTY DISTRICT,2026-01-22,[40K-80K],,Landslip,Closed,No,59200.0,500,380000.0,289497.8,59700.0,Valuation,1129.32,9910.13,68077.0,1
NHI Act,DUNEDIN CITY,2024-10-03,[0-40K],,Flood,Closed,No,721.1,500,485000.0,1221.1,5920.0,Cost to Repair,1909.0,1092.5,,1
NHI Act,WELLINGTON CITY,2025-07-24,[40K-80K],,Landslip,Closed,No,63500.0,1000,360000.0,655696.74,64500.0,Valuation,1103.29,27014.73,42393.04,2
NHI Act,STRATFORD DISTRICT,2025-12-28,[0-40K],,Landslip,Closed,Yes,25353.21,500,284203.21,36721.98,25853.21,Valuation,,14374.53,,1
NHI Act,AUCKLAND,2025-07-19,[0-40K],,Landslip,Closed,No,3700.0,500,1250000.0,52413.68,4200.0,Valuation,1103.29,11046.33,,1
NHI Act,CLUTHA DISTRICT,2024-10-04,[0-40K],,Landslip,Closed,No,3500.0,500,65000.0,215051.0,4000.0,Valuation,1103.29,10457.63,4444.0,1
NHI Act,SELWYN DISTRICT,2026-02-17,[0-40K],,Storm,Closed,Yes,13724.31,500,747363.79,14224.31,32693.79,Cost to Repair,3997.59,,,1
NHI Act,GREY DISTRICT,2024-12-16,[0-40K],,Flood,Closed,No,5825.0,500,0.0,6325.0,33000.0,Cost to Repair,1103.29,2342.64,,1
NHI Act,OTOROHANGA DISTRICT,2026-02-13,[0-40K],,Flood,Closed,No,388.03,500,440000.0,888.03,8030.0,Cost to Repair,,,,1
NHI Act,GISBORNE DISTRICT,2026-01-22,[0-40K],Maori Owned Land,Storm,Closed,No,1240.0,500,29200.0,1739.17,29200.0,Cost to Repair,1129.32,5339.77,,1
NHI Act,DUNEDIN CITY,2024-10-04,[0-40K],,Flood,Closed,Yes,39345.42,2500,41845.42,56178.07,41845.42,Minimum Size Site,1103.29,,,5
NHI Act,WELLINGTON CITY,2025-05-18,[0-40K],,Landslip,Closed,Yes,7430.99,500,380371.8,23220.56,9438.47,Valuation,,5082.11,,1
NHI Act,Queenstown-Lakes District,2025-01-06,[0-40K],,Landslip,Closed,No,1900.0,500,0.0,5640.49,2400.0,Valuation,1103.29,3524.88,,1
NHI Act,AUCKLAND,2026-01-22,[40K-80K],,Landslip,Reopened,No,71500.0,500,825000.0,115659.7,72000.0,Valuation,1129.32,14882.31,16257.67,1
NHI Act,WHANGAREI DISTRICT,2026-01-21,[0-40K],,Landslip,Closed,No,10300.0,500,525000.0,24091.62,10800.0,Valuation,1129.32,15742.92,,1
NHI Act,CHRISTCHURCH CITY,2026-02-17,[0-40K],,Flood,Closed,No,26248.55,500,300000.0,26748.55,72696.8,Cost to Repair,,2096.46,,1
NHI Act,CHRISTCHURCH CITY,2025-05-01,[0-40K],,Storm,Closed,No,10558.35,500,410000.0,11058.35,16195.0,Cost to Repair,1909.0,,,1
NHI Act,WELLINGTON CITY,2024-09-03,[0-40K],,Landslip,Closed,Yes,2380.0,500,630000.0,8795.38,2880.0,Valuation,,2510.46,,1
NHI Act,TASMAN DISTRICT,2025-07-11,[0-40K],,Storm,Closed,No,20300.0,500,270000.0,29932.12,20800.0,Valuation,1954.06,1737.47,,1
NHI Act,THAMES-COROMANDEL DISTRICT,2026-01-21,[0-40K],,Landslip,Closed,No,5014.0,500,700000.0,5513.77,15600.0,Cost to Repair,1129.32,16581.69,,1
NHI Act,OTOROHANGA DISTRICT,2026-02-15,[0-40K],,Flood,Closed,No,7450.0,500,440000.0,18200.72,8750.0,Valuation,3997.59,7179.8,,1
NHI Act,CHRISTCHURCH CITY,2025-04-29,[0-40K],,Landslip,Closed,No,6300.0,500,550000.0,40468.12,6800.0,Valuation,,19488.52,8344.78,1
NHI Act,NEW PLYMOUTH DISTRICT,2025-07-04,[0-40K],,Landslip,Closed,No,5350.0,500,540000.0,157652.33,5850.0,Valuation,,16970.95,,1
NHI Act,THAMES-COROMANDEL DISTRICT,2026-01-22,[0-40K],,Landslip,Closed,No,2756.57,500,1900000.0,3256.57,75500.0,Cost to Repair,,10048.72,,1
NHI Act,MARLBOROUGH DISTRICT,2025-06-27,[0-40K],,Storm,Closed,No,6381.56,500,400000.0,6881.56,48750.0,Cost to Repair,1909.0,1207.5,,1
NHI Act,TASMAN DISTRICT,2025-07-11,[0-40K],,Flood,Closed,No,6762.0,500,450000.0,7262.0,21600.0,Cost to Repair,1103.29,615.25,,1
NHI Act,AUCKLAND,2025-06-04,[40K-80K],,Landslip,Closed,No,55100.0,500,1300000.0,138017.25,55600.0,Valuation,3128.0,13289.56,,1
NHI Act,TARARUA DISTRICT,2026-04-21,[0-40K],,Flood,Closed,No,9989.02,500,160000.0,10489.02,61100.0,Cost to Repair,,3377.11,,1
NHI Act,GISBORNE DISTRICT,2026-01-22,[0-40K],,Flood,Closed,No,32881.0,500,0.0,33381.0,64373.4,Cost to Repair,1129.32,4380.67,,1
NHI Act,DUNEDIN CITY,2024-10-04,[0-40K],,Landslip,Closed,No,7000.0,500,365000.0,26364.5,7500.0,Valuation,3128.0,10852.03,,1
NHI Act,TASMAN DISTRICT,2025-07-11,[0-40K],,Storm,Closed,No,35384.28,500,1140000.0,35884.28,606480.0,Cost to Repair,1909.0,,,1
NHI Act,QUEENSTOWN-LAKES DISTRICT,2024-09-17,[0-40K],,Landslip,Closed,No,17230.0,500,2500000.0,77755.13,17730.0,Valuation,3128.0,14389.48,,1
NHI Act,TASMAN DISTRICT,2025-07-11,[40K-80K],,Storm,Closed,No,40635.16,500,270000.0,41135.16,64057.5,Cost to Repair,1954.06,,,1
NHI Act,WAIMAKARIRI DISTRICT,2025-05-03,[0-40K],,Flood,Closed,Yes,28250.0,500,50000.0,28750.0,50000.0,Cost to Repair,1103.29,6726.06,,1
NHI Act,WAITOMO DISTRICT,2025-10-14,[0-40K],,Flood,Closed,No,852.39,500,110000.0,1352.39,1900.0,Cost to Repair,1954.06,1207.5,,1
NHI Act,WELLINGTON CITY,2026-04-20,[0-40K],,Landslip,Closed,No,6163.22,500,380000.0,6663.22,25700.0,Cost to Repair,,2998.76,,1
NHI Act,DUNEDIN CITY,2024-10-04,[0-40K],,Landslip,Closed,Yes,702.26,500,1202.26,32144.91,1202.26,Minimum Size Site,,2180.17,,1
NHI Act,FAR NORTH DISTRICT,2026-03-11,[0-40K],,Landslip,Closed,Yes,14246.0,500,364345.1,25014.14,14745.1,Valuation,1129.32,13106.77,,1
NHI Act,WHANGAREI DISTRICT,2026-01-17,[0-40K],,Storm,Closed,No,465.45,500,3800000.0,965.45,18240.0,Cost to Repair,1954.06,,,1
NHI Act,PORIRUA CITY,2025-07-13,[0-40K],,Landslip,Closed,No,6610.0,500,360000.0,20244.67,7110.0,Valuation,3128.0,11665.99,0.0,1
NHI Act,AUCKLAND,2026-03-26,[0-40K],,Landslip,Closed,No,300.0,500,810000.0,28247.23,800.0,Valuation,,12621.09,,1
NHI Act,FAR NORTH DISTRICT,2026-03-26,[0-40K],,Landslip,Closed,No,15745.41,500,230000.0,16245.41,29400.0,Cost to Repair,,4652.84,,1
NHI Act,WAIPA DISTRICT,2025-05-19,[0-40K],,Landslip,Closed,No,3850.0,500,550000.0,32572.73,4350.0,Valuation,1103.29,12056.68,,1
NHI Act,PALMERSTON NORTH CITY,2024-08-17,[0-40K],,Flood,Closed,Yes,31940.0,500,448750.0,98874.41,32440.0,Valuation,3128.0,17469.81,,1
NHI Act,CHRISTCHURCH CITY,2026-02-17,[0-40K],,Flood,Closed,No,1600.0,500,375000.0,2099.18,9000.0,Cost to Repair,1129.32,2831.99,,1
NHI Act,CLUTHA DISTRICT,2024-10-05,[0-40K],,Landslip,Closed,No,21138.3,500,0.0,21638.0,59058.0,Cost to Repair,,2684.11,,1
NHI Act,PALMERSTON NORTH CITY,2024-09-19,[0-40K],,Landslip,Closed,Yes,6462.22,500,404412.22,79752.24,6962.22,Valuation,3128.0,12716.38,,1
NHI Act,NELSON CITY,2025-05-26,[0-40K],,Flood,Closed,No,225.0,500,4000.0,725.0,16000.0,Cost to Repair,1103.29,1235.17,,1
NHI Act,WELLINGTON CITY,2025-09-25,[0-40K],,Landslip,Closed,No,21050.0,500,720000.0,90705.35,38350.0,Valuation,,13530.07,,1
NHI Act,WESTERN BAY OF PLENTY DISTRICT,2026-03-27,[0-40K],,Landslip,Closed,Yes,18629.53,500,703025.07,55483.54,66525.07,Cost to Repair,1129.32,9237.46,626.0,1
NHI Act,CENTRAL HAWKE'S BAY DISTRICT,2025-02-01,[0-40K],,Storm,Closed,No,3237.5,500,275000.0,3737.5,8410.0,Cost to Repair,1909.0,920.0,,1
NHI Act,CLUTHA DISTRICT,2024-10-04,[0-40K],,Storm,Closed,No,5627.62,500,130000.0,6127.62,17300.0,Cost to Repair,3128.0,5829.29,,1
NHI Act,SOUTHLAND DISTRICT,2025-10-20,[0-40K],,Landslip,Closed,No,25000.0,500,225000.0,297904.6,25500.0,Valuation,1129.32,16155.09,19661.0,1
NHI Act,CENTRAL HAWKE'S BAY DISTRICT,2026-04-21,[0-40K],,Flood,Closed,No,5179.0,500,0.0,5678.77,26197.0,Cost to Repair,1129.32,2371.76,,1
NHI Act,WELLINGTON CITY,2026-04-20,[0-40K],,Flood,Closed,No,541.81,500,0.0,1541.81,45916.51,Cost to Repair,,1457.05,,1
NHI Act,AUCKLAND,2024-08-19,[0-40K],,Storm,Closed,No,2407.57,500,0.0,0.0,0.0,Minimum Size Site,1103.29,19265.44,,1
NHI Act,WESTERN BAY OF PLENTY DISTRICT,2026-01-22,[0-40K],,Storm,Closed,Yes,20072.64,500,20572.64,50000.0,20572.64,Minimum Size Site,1954.06,8510.66,,1
NHI Act,CHRISTCHURCH CITY,2026-02-17,[0-40K],,Flood,Closed,No,2936.0,500,200000.0,3436.0,19700.0,Cost to Repair,,1888.31,,1
NHI Act,MASTERTON DISTRICT,2026-04-20,[0-40K],,Flood,Closed,No,796.0,500,390000.0,1296.0,4700.0,Cost to Repair,,4818.71,,1
NHI Act,TIMARU DISTRICT,2026-01-07,[0-40K],,Flood,Closed,No,8700.0,500,250000.0,14389.46,9200.0,Valuation,,5638.58,,1
NHI Act,CLUTHA DISTRICT,2024-10-04,[0-40K],,Landslip,Closed,No,50.0,500,100000.0,21317.66,550.0,Valuation,1909.0,10782.88,,1
NHI Act,FAR NORTH DISTRICT,2026-03-26,[0-40K],,Flood,Closed,No,784.0,500,0.0,1283.44,1500.0,Cost to Repair,1129.32,3999.36,,1
NHI Act,CHRISTCHURCH CITY,2025-05-03,[0-40K],,Landslip,Closed,Yes,23795.0,500,615234.4,43813.0,24294.4,Valuation,,20245.41,7479.0,1
NHI Act,Tasman District,2025-06-27,[0-40K],,Storm,Closed,No,4274.63,500,480000.0,4774.63,12371.6,Cost to Repair,3128.0,1695.73,,1
NHI Act,AUCKLAND,2025-01-27,[0-40K],,Storm,Closed,Yes,17755.56,500,43016.86,35925.34,43016.86,Cost to Repair,1103.29,13908.99,,1
NHI Act,TASMAN DISTRICT,2025-07-19,[0-40K],,Landslip,Closed,No,15684.76,500,680000.0,16184.76,72400.0,Cost to Repair,3128.0,4294.94,,1
NHI Act,TASMAN DISTRICT,2025-06-25,[0-40K],,Flood,Closed,Yes,28600.01,1000,591917.94,101841.78,92617.94,Valuation,1103.29,17899.31,,2
NHI Act,DUNEDIN CITY,2024-10-06,[0-40K],,Landslip,Closed,Yes,9329.14,500,248929.14,9829.14,9829.14,Valuation,,8854.3,,1
NHI Act,AUCKLAND,2026-01-25,[150K-300K],,Landslip,Closed,No,218923.51,500,780000.0,232309.51,234500.0,Cost to Repair,,17516.27,,1
NHI Act,NELSON CITY,2024-08-31,[0-40K],,Storm,Closed,No,2976.4,500,450000.0,3476.39,8294.9,Cost to Repair,1909.0,8089.33,,1
NHI Act,WESTERN BAY OF PLENTY DISTRICT,2026-01-22,[0-40K],,Flood,Closed,No,4452.41,500,890000.0,4952.41,37825.0,Cost to Repair,,,,1
NHI Act,KAIPARA DISTRICT,2025-04-17,[0-40K],,Landslip,Closed,No,5600.0,500,255000.0,48137.38,6100.0,Valuation,3128.0,15378.64,,1
NHI Act,TASMAN DISTRICT,2025-07-13,[0-40K],,Landslip,Closed,No,2100.0,500,580000.0,349852.1,2600.0,Valuation,1103.29,10246.26,,1
NHI Act,QUEENSTOWN-LAKES DISTRICT,2024-10-04,[0-40K],,Storm,Closed,No,885.75,500,9000.0,1385.75,9000.0,Cost to Repair,1695.1,2427.39,0.0,1
NHI Act,TASMAN DISTRICT,2025-06-27,[0-40K],,Storm,Closed,No,8850.0,500,500000.0,20343.37,9350.0,Valuation,1909.0,8502.11,,1
NHI Act,DUNEDIN CITY,2024-10-03,[0-40K],,Landslip,Closed,No,390.0,500,0.0,889.12,3061.0,Cost to Repair,1103.29,3484.09,,1
NHI Act,THAMES-COROMANDEL DISTRICT,2026-01-21,[0-40K],,Landslip,Closed,Yes,31397.7,500,421322.96,31897.7,66872.96,Cost to Repair,1954.06,9469.15,,1
NHI Act,NEW PLYMOUTH DISTRICT,2025-07-20,[0-40K],,Storm,Closed,No,7120.0,500,360000.0,41827.86,7620.0,Valuation,1954.06,12683.38,,1
NHI Act,TAURANGA CITY,2026-01-22,[0-40K],,Landslip,Closed,Yes,32048.98,500,661361.78,32548.98,45261.78,Cost to Repair,,15765.85,,1
NHI Act,DUNEDIN CITY,2025-06-28,[0-40K],,Landslip,Closed,No,800.0,500,185000.0,65812.02,1700.0,Valuation,2333.35,2441.23,,1
NHI Act,KAPITI COAST DISTRICT,2025-12-30,[0-40K],,Storm,Closed,No,3295.0,500,5319.61,3795.0,5319.61,Cost to Repair,1129.32,4117.92,,1
NHI Act,AUCKLAND,2025-08-08,[0-40K],,Landslip,Closed,No,1050.0,500,425000.0,31928.12,1550.0,Valuation,3128.0,12249.9,,1
NHI Act,WELLINGTON CITY,2026-04-20,[40K-80K],,Flood,Closed,No,56300.0,1000,530000.0,125961.85,57300.0,Valuation,,12427.32,,2
NHI Act,CARTERTON DISTRICT,2026-04-19,[0-40K],,Storm,Closed,Yes,19952.99,500,316822.2,20452.39,29822.2,Cost to Repair,1129.32,16020.93,,1
NHI Act,DUNEDIN CITY,2024-10-03,[0-40K],,Landslip,Closed,No,5820.0,500,220000.0,75095.99,6320.0,Valuation,3128.0,12192.79,,1
NHI Act,TASMAN DISTRICT,2025-06-27,[40K-80K],,Flood,Closed,No,40223.0,500,550000.0,40723.0,231000.0,Cost to Repair,1103.29,3285.21,,1
NHI Act,TASMAN DISTRICT,2025-06-27,[0-40K],,Flood,Closed,No,8965.83,500,770000.0,9465.83,56980.0,Cost to Repair,1954.06,,,1
NHI Act,AUCKLAND,2025-01-26,[0-40K],,Landslip,Closed,No,1796.21,500,1390000.0,2296.21,19460.0,Cost to Repair,1909.0,,,1
NHI Act,CHRISTCHURCH CITY,2026-02-17,[0-40K],,Flood,Closed,No,3265.33,500,0.0,3765.33,171443.5,Cost to Repair,1129.32,,,1
NHI Act,CHRISTCHURCH CITY,2026-02-17,[0-40K],,Landslip,Closed,No,2748.63,500,250000.0,3249.0,12200.0,Cost to Repair,1129.32,1136.21,,1
NHI Act,TASMAN DISTRICT,2025-07-12,[0-40K],,Storm,Closed,No,12972.73,500,800000.0,13472.73,30000.0,Cost to Repair,3128.0,1270.77,,1
NHI Act,TASMAN DISTRICT,2025-06-27,[0-40K],,Flood,Closed,No,17218.06,500,6680000.0,17719.0,179525.0,Cost to Repair,1954.06,,,1
NHI Act,WHANGANUI DISTRICT,2024-10-14,[0-40K],,Landslip,Closed,No,850.0,500,180000.0,1357.41,1350.0,Valuation,1103.29,3167.1,,1
NHI Act,LOWER HUTT CITY,2026-02-16,[80K-150K],,Landslip,Closed,No,112300.0,500,425000.0,116751.6,112800.0,Valuation,1129.32,11943.48,,1
NHI Act,WELLINGTON CITY,2025-07-28,[0-40K],,Landslip,Closed,No,2150.01,500,450000.0,31134.87,3950.0,Valuation,1129.32,9291.02,1499.0,1
NHI Act,DUNEDIN CITY,2025-06-13,[0-40K],,Landslip,Closed,No,15450.0,500,205000.0,82086.06,15950.0,Valuation,,8523.4,0.0,1
NHI Act,FAR NORTH DISTRICT,2026-01-21,[0-40K],,Storm,Closed,No,22650.0,500,750000.0,117788.97,37000.0,Valuation,1954.06,9517.34,,1
NHI Act,CLUTHA DISTRICT,2024-10-03,[0-40K],,Landslip,Closed,Yes,22176.64,500,117076.64,44837.5,22676.64,Valuation,3128.0,8590.2,,1
NHI Act,THAMES-COROMANDEL DISTRICT,2026-01-21,[0-40K],,Landslip,Closed,No,12983.33,500,1250000.0,92424.49,13483.33,Valuation,1129.32,15326.28,,1
NHI Act,WELLINGTON CITY,2026-04-20,[0-40K],,Landslip,Closed,No,34100.0,500,650000.0,88341.05,34600.0,Valuation,,13866.48,29646.07,1
NHI Act,TASMAN DISTRICT,2025-06-27,[0-40K],,Flood,Closed,No,11570.0,500,360000.0,12070.0,128783.7,Cost to Repair,1103.29,1987.32,,1
NHI Act,DUNEDIN CITY,2024-10-03,[0-40K],,Landslip,Closed,Yes,22994.04,500,201894.04,23863.76,23794.04,Valuation,1103.29,16080.02,,1
NHI Act,ROTORUA DISTRICT,2026-04-12,[0-40K],,Storm,Closed,No,1150.0,500,180000.0,2134.79,1650.0,Valuation,,920.0,,1
NHI Act,NAPIER CITY,2026-01-22,[0-40K],,Landslip,Closed,No,7800.0,500,235000.0,73659.68,8300.0,Valuation,,13647.66,,1
NHI Act,TASMAN DISTRICT,2025-06-27,[0-40K],,Storm,Closed,No,751.12,500,1000000.0,1251.12,4600.0,Cost to Repair,3128.0,2535.58,,1
NHI Act,CENTRAL HAWKE'S BAY DISTRICT,2026-04-14,[0-40K],,Storm,Closed,No,800.73,1000,290000.0,1800.73,18342.5,Cost to Repair,3997.59,,,2
NHI Act,AUCKLAND,2025-04-18,[0-40K],,Landslip,Closed,No,1605.06,500,815000.0,2105.06,2470.0,Cost to Repair,3128.0,2379.91,,1
NHI Act,WHANGAREI DISTRICT,2026-01-18,[0-40K],Associated with Maori Land,Landslip,EQC_Settled,No,16132.74,500,650000.0,16632.74,30500.0,Cost to Repair,,11997.27,,1
NHI Act,AUCKLAND,2026-01-21,[0-40K],,Storm,Closed,No,919.79,500,0.0,1419.79,8039.47,Cost to Repair,1129.32,2747.12,,1
NHI Act,WESTERN BAY OF PLENTY DISTRICT,2026-01-21,[0-40K],,Storm,Closed,No,21700.01,500,1000000.0,74695.42,29800.0,Valuation,1129.32,18210.6,1132.0,1
NHI Act,TASMAN DISTRICT,2025-07-11,[0-40K],,Flood,Closed,No,2039.04,500,195000.0,2539.04,10178.97,Cost to Repair,1954.06,,,1
NHI Act,KAIKOURA DISTRICT,2026-01-24,[0-40K],,Storm,Closed,No,1500.0,500,330000.0,2579.99,2000.0,Valuation,3997.59,920.0,,1
NHI Act,WAITAKI DISTRICT,2026-07-08,[40K-80K],,Landslip,Closed,Yes,71720.0,500,235000.0,125865.89,64720.0,Valuation,1129.32,3714.03,0.0,1
NHI Act,TASMAN DISTRICT,2025-07-11,[0-40K],,Landslip,Reopened,No,2127.01,500,520000.0,45431.93,1500.0,Valuation,1103.29,13225.06,,1
NHI Act,TAURANGA CITY,2026-01-22,[40K-80K],,Landslip,Closed,Yes,50138.53,1000,659138.53,240539.7,51138.53,Valuation,1129.32,12918.62,,2
NHI Act,DUNEDIN CITY,2024-10-03,[0-40K],,Flood,Closed,No,8611.0,500,175000.0,11746.26,9110.95,Valuation,1103.29,0.0,,1
NHI Act,CHRISTCHURCH CITY,2025-05-01,[0-40K],,Landslip,Closed,No,2001.23,500,1020000.0,2501.23,23077.5,Cost to Repair,1954.06,7275.53,,1
NHI Act,WELLINGTON CITY,2026-04-20,[0-40K],,Landslip,Closed,No,5200.0,500,580000.0,25208.28,10200.0,Valuation,1129.32,6256.64,,1
NHI Act,OTOROHANGA DISTRICT,2026-02-13,[0-40K],Maori Owned Land,Landslip,Closed,No,15870.61,500,320000.0,16370.61,32400.0,Cost to Repair,,4494.27,,1
NHI Act,WELLINGTON CITY,2026-06-08,[0-40K],,Landslip,Closed,No,2150.01,500,220000.0,31789.78,2650.0,Valuation,1129.32,9033.84,,1
NHI Act,TAURANGA CITY,2026-01-21,[0-40K],,Storm,Closed,No,4500.0,500,420000.0,29594.98,5000.0,Valuation,1129.32,9342.15,,1
NHI Act,MARLBOROUGH DISTRICT,2026-02-04,[0-40K],,Flood,Closed,No,3060.0,500,465000.0,4761.31,10984.25,Cost to Repair,1129.32,5394.65,,1
NHI Act,WESTERN BAY OF PLENTY DISTRICT,2026-03-27,[0-40K],,Storm,Closed,Yes,29893.45,500,503193.45,50000.0,30393.45,Valuation,3997.59,7827.81,,1
NHI Act,THAMES-COROMANDEL DISTRICT,2026-01-21,[40K-80K],,Landslip,Closed,Yes,76447.68,500,784864.74,59458.45,176764.74,Cost to Repair,1996.43,12269.19,27128.3,1
NHI Act,DUNEDIN CITY,2024-10-04,[40K-80K],,Landslip,Closed,Yes,54654.0,500,525652.41,55153.55,63112.41,Cost to Repair,1103.29,21284.81,,1
NHI Act,TASMAN DISTRICT,2025-07-11,[0-40K],,Flood,Closed,No,1100.0,500,450000.0,35698.64,1600.0,Valuation,1909.0,15326.15,,1
NHI Act,WHANGAREI DISTRICT,2026-01-21,[0-40K],,Landslip,Closed,No,5400.0,500,550000.0,133045.34,6300.0,Valuation,,15882.38,,1
NHI Act,UPPER HUTT CITY,2025-07-04,[0-40K],,Landslip,Closed,No,12000.0,500,440000.0,88416.33,12500.0,Valuation,3128.0,12664.47,6922.65,1
NHI Act,KAIKOURA DISTRICT,2026-01-14,[0-40K],,Landslip,Closed,No,16100.0,500,275000.0,110039.11,16600.0,Valuation,3201.84,15257.19,,1
NHI Act,LOWER HUTT CITY,2025-09-27,[0-40K],,Landslip,Closed,No,4200.0,500,390000.0,27002.47,4700.0,Valuation,3128.0,9489.18,,1
NHI Act,AUCKLAND,2025-06-11,[0-40K],,Landslip,Closed,Yes,34701.0,500,428000.29,38621.44,35200.29,Valuation,1129.32,7391.64,,1
NHI Act,HAURAKI DISTRICT,2026-01-20,[0-40K],,Landslip,Closed,No,2900.0,500,550000.0,22034.49,3400.0,Valuation,1129.32,11822.21,,1
NHI Act,NEW PLYMOUTH DISTRICT,2025-10-12,[40K-80K],,Landslip,Closed,Yes,53402.53,500,630000.0,53902.53,54350.0,Cost to Repair,3128.0,14378.91,,1
NHI Act,TIMARU DISTRICT,2025-06-05,[0-40K],,Flood,Closed,No,5188.26,500,0.0,5688.26,9500.0,Cost to Repair,3201.93,517.5,,1
NHI Act,FAR NORTH DISTRICT,2025-04-03,[0-40K],,Storm,Closed,No,3100.0,500,240000.0,29758.13,3600.0,Valuation,1909.0,9404.16,,1
NHI Act,AUCKLAND,2025-01-30,[0-40K],,Landslip,Closed,No,20036.67,500,1200000.0,20535.9,34400.0,Cost to Repair,1103.29,19336.55,,1
NHI Act,QUEENSTOWN-LAKES DISTRICT,2025-10-23,[0-40K],,Storm,Closed,No,10300.0,500,785000.0,14558.62,10800.0,Valuation,3128.0,3698.0,,1
NHI Act,TASMAN DISTRICT,2025-07-11,[0-40K],,Flood,Closed,No,13780.45,500,370000.0,14280.45,106000.0,Cost to Repair,3128.0,4474.65,,1
NHI Act,TASMAN DISTRICT,2025-07-11,[0-40K],,Storm,Closed,No,9105.32,500,1070000.0,9605.31,128667.5,Cost to Repair,1954.06,,,1
NHI Act,KAPITI COAST DISTRICT,2026-02-15,[0-40K],,Storm,Closed,Yes,21053.31,500,466153.31,22062.36,21553.31,Valuation,,9940.87,,1
NHI Act,AUCKLAND,2025-06-04,[0-40K],,Landslip,Closed,No,18500.0,500,2750000.0,62830.0,19000.0,Valuation,3128.0,9418.35,,1
NHI Act,WELLINGTON CITY,2025-05-20,[0-40K],,Landslip,Closed,No,2000.0,500,370000.0,27088.93,2500.0,Valuation,3128.0,7823.68,,1
NHI Act,TASMAN DISTRICT,2025-07-12,[0-40K],,Landslip,Closed,No,17768.08,500,340000.0,18268.07,108640.3,Cost to Repair,1103.29,7213.96,,1
NHI Act,SELWYN DISTRICT,2025-05-01,[0-40K],,Flood,Closed,No,4008.0,500,600000.0,4508.0,15200.0,Cost to Repair,3201.93,920.0,,1
NHI Act,New Plymouth District,2024-08-18,[40K-80K],,Landslip,Closed,No,40600.0,500,560000.0,95456.46,79600.0,Valuation,,14673.82,,1
NHI Act,WELLINGTON CITY,2025-09-23,[0-40K],,Landslip,Closed,No,4950.0,1000,450000.0,32263.55,7400.0,Valuation,1103.29,15850.12,,2
NHI Act,FAR NORTH DISTRICT,2025-05-10,[0-40K],,Landslip,Closed,No,2020.0,500,415000.0,56293.58,2520.0,Valuation,3128.0,12176.44,,1
NHI Act,OPOTIKI DISTRICT,2025-07-30,[40K-80K],,Landslip,Closed,Yes,40870.0,500,385494.22,54363.02,41369.22,Valuation,1103.29,21642.78,,1
NHI Act,AUCKLAND,2026-01-22,[0-40K],,Storm,Closed,Yes,25766.0,500,606202.9,52532.0,27552.9,Valuation,1129.32,10365.62,,1
NHI Act,WESTERN BAY OF PLENTY DISTRICT,2026-01-25,[0-40K],,Landslip,Closed,Yes,10643.46,500,529243.46,61726.29,11143.46,Valuation,,10928.53,,1
NHI Act,WAIPA DISTRICT,2024-08-17,[0-40K],,Landslip,Closed,Yes,16360.25,500,295460.25,47646.0,16860.25,Valuation,,10989.13,,1
NHI Act,PORIRUA CITY,2026-04-18,[0-40K],,Flood,Closed,No,2087.26,500,930000.0,2587.26,39408.75,Cost to Repair,,,,1
NHI Act,WELLINGTON CITY,2026-04-20,[0-40K],,Flood,Closed,No,7866.51,500,680000.0,8866.51,278215.51,Cost to Repair,,3016.73,,1
NHI Act,WHAKATANE DISTRICT,2026-04-18,[0-40K],,Storm,Reopened,No,409.75,500,500000.0,910.0,3700.0,Cost to Repair,1129.32,3393.77,,1
NHI Act,PORIRUA CITY,2024-09-17,[80K-150K],,Landslip,Closed,Yes,81834.0,500,620000.0,50755.46,103700.0,Cost to Repair,1103.29,24351.15,10722.0,1
NHI Act,FAR NORTH DISTRICT,2026-01-21,[0-40K],,Landslip,Closed,Yes,26244.81,500,634344.81,34453.61,27644.81,Valuation,1129.32,13872.8,1397.54,1
NHI Act,WELLINGTON CITY,2026-04-20,[0-40K],,Landslip,Closed,Yes,14572.0,1000,680771.9,27192.78,15571.9,Valuation,1129.32,8553.13,,2
NHI Act,MANAWATU DISTRICT,2026-02-15,[0-40K],,Storm,Closed,No,513.25,500,930000.0,1013.24,12396.9,Cost to Repair,3997.59,,,1
NHI Act,CHRISTCHURCH CITY,2026-02-16,[0-40K],,Landslip,Closed,Yes,15898.0,500,16397.2,54910.09,16397.2,Minimum Size Site,1129.32,17548.91,,1
NHI Act,AUCKLAND,2025-05-29,[0-40K],,Landslip,Closed,No,3200.0,500,780000.0,124979.16,3700.0,Valuation,3128.0,12683.19,11030.36,1
NHI Act,THAMES-COROMANDEL DISTRICT,2026-01-22,[0-40K],,Landslip,Closed,No,8650.0,500,0.0,73196.25,9150.0,Valuation,1129.32,9403.53,,1
NHI Act,TASMAN DISTRICT,2025-07-11,[0-40K],,Storm,Closed,No,157.83,500,400000.0,657.83,14000.0,Cost to Repair,1909.0,920.0,,1
NHI Act,CHRISTCHURCH CITY,2025-05-01,[0-40K],,Flood,Closed,No,14881.51,500,0.0,15381.51,26264.59,Cost to Repair,3201.93,,,1
NHI Act,LOWER HUTT CITY,2024-09-03,[0-40K],,Landslip,Closed,Yes,3000.01,500,450000.0,84093.09,3500.0,Valuation,1103.29,8235.99,,1
NHI Act,WHANGAREI DISTRICT,2026-01-20,[0-40K],,Landslip,Closed,Yes,26594.0,500,273793.79,107577.85,27693.79,Valuation,1129.32,13493.62,,1
NHI Act,TASMAN DISTRICT,2025-07-11,[0-40K],Associated with Maori Land,Flood,Closed,No,308.74,500,350000.0,808.74,5450.0,Cost to Repair,1954.06,1069.56,,1
NHI Act,MASTERTON DISTRICT,2026-04-20,[40K-80K],,Flood,Closed,No,40802.17,500,160000.0,41302.17,72900.0,Cost to Repair,,5595.71,,1
NHI Act,CHRISTCHURCH CITY,2026-02-17,[0-40K],,Flood,Closed,No,708.18,500,0.0,1208.18,4525.0,Cost to Repair,,1711.48,,1
NHI Act,WELLINGTON CITY,2026-04-20,[0-40K],,Storm,Closed,No,867.27,500,510000.0,1367.27,28886.1,Cost to Repair,,913.39,,1
NHI Act,WELLINGTON CITY,2025-07-04,[80K-150K],,Landslip,Closed,No,147220.0,500,700000.0,354976.86,147720.0,Valuation,3128.0,13440.96,307316.14,1
NHI Act,DUNEDIN CITY,2024-10-03,[0-40K],,Flood,Closed,Yes,1264.14,500,1764.14,3311.02,1764.14,Minimum Size Site,3128.0,3202.55,,1
NHI Act,AUCKLAND,2024-09-17,[0-40K],,Landslip,Closed,Yes,5395.23,500,502195.23,5895.23,5895.23,Valuation,,29279.93,,1
NHI Act,WELLINGTON CITY,2026-04-20,[0-40K],,Flood,Closed,No,1582.0,500,0.0,2081.89,23979.69,Cost to Repair,1129.32,4138.67,,1
NHI Act,WELLINGTON CITY,2025-09-30,[0-40K],,Landslip,Closed,Yes,14410.17,500,364260.17,20486.03,14910.17,Valuation,3128.0,13126.95,6359.18,1
NHI Act,PORIRUA CITY,2026-02-15,[0-40K],,Storm,Closed,Yes,4929.0,500,25148.24,5428.92,22872.32,Cost to Repair,1129.32,3284.64,,1
NHI Act,DUNEDIN CITY,2024-10-04,[0-40K],,Landslip,Closed,No,866.2,500,430000.0,1366.0,1600.0,Cost to Repair,,3456.34,,1
NHI Act,AUCKLAND,2026-01-22,[0-40K],,Landslip,Closed,Yes,37832.0,500,516231.04,50000.0,38331.04,Valuation,1129.32,14937.0,14149.0,1
NHI Act,PORIRUA CITY,2026-02-16,[0-40K],,Landslip,Closed,No,720.35,500,325000.0,1220.35,4914.14,Cost to Repair,,10654.79,,1
NHI Act,THAMES-COROMANDEL DISTRICT,2026-01-21,[0-40K],,Landslip,EQC_Settled,No,1195.51,500,1500000.0,40580.76,3110.0,Valuation,2400.89,1191.46,,1
NHI Act,TASMAN DISTRICT,2025-07-11,[0-40K],,Storm,Closed,No,6532.68,500,560000.0,7032.68,75740.0,Cost to Repair,1909.0,,,1
NHI Act,MANAWATU DISTRICT,2025-07-06,[0-40K],,Landslip,Closed,Yes,11980.24,500,221780.24,48543.43,12480.24,Valuation,3128.0,20635.17,,1
NHI Act,DUNEDIN CITY,2024-10-03,[0-40K],,Flood,Closed,Yes,34920.0,500,272619.22,49997.26,35419.22,Valuation,1103.29,14161.06,,1
NHI Act,TASMAN DISTRICT,2025-07-11,[0-40K],,Flood,Closed,No,25457.31,500,630000.0,25957.31,128205.0,Cost to Repair,1954.06,,,1
NHI Act,GISBORNE DISTRICT,2024-12-18,[0-40K],,Landslip,Closed,No,13014.0,500,300000.0,52382.14,14460.0,Valuation,,19299.59,,1
NHI Act,AUCKLAND,2025-04-19,[0-40K],,Storm,Closed,No,589.86,500,800000.0,1089.86,3610.0,Cost to Repair,3128.0,4091.16,,1
NHI Act,TASMAN DISTRICT,2025-07-11,[0-40K],,Landslip,Closed,No,32649.36,500,345000.0,33149.36,313300.0,Cost to Repair,3128.0,17713.69,217107.09,1
NHI Act,TASMAN DISTRICT,2025-06-27,[0-40K],,Flood,Closed,Yes,36159.06,500,416230.2,36659.04,65580.2,Cost to Repair,,23661.96,,1
NHI Act,LOWER HUTT CITY,2026-02-17,[0-40K],,Landslip,Closed,Yes,9505.0,500,154604.77,54990.99,11004.77,Valuation,,15932.23,,1
NHI Act,WHANGAREI DISTRICT,2025-11-06,[0-40K],,Flood,Closed,No,674.02,500,325000.0,1174.02,2275.0,Cost to Repair,1954.06,,,1
NHI Act,DUNEDIN CITY,2024-10-04,[0-40K],,Flood,Closed,No,3700.0,500,270000.0,19414.6,4200.0,Valuation,1103.29,11487.34,14312.0,1
NHI Act,TASMAN DISTRICT,2025-06-27,[0-40K],,Landslip,Closed,No,7202.94,500,385000.0,7702.94,30996.74,Cost to Repair,1909.0,,,1
NHI Act,DUNEDIN CITY,2024-10-05,[0-40K],,Landslip,Closed,Yes,13469.0,500,259268.37,48675.22,23236.74,Valuation,1695.1,14070.73,,1
NHI Act,DUNEDIN CITY,2024-10-04,[0-40K],,Landslip,Closed,No,12350.0,500,225000.0,46814.77,12850.0,Valuation,3128.0,12378.97,,1
NHI Act,TASMAN DISTRICT,2025-07-11,[0-40K],,Flood,Closed,No,2760.0,500,0.0,3259.34,48502.87,Cost to Repair,1103.29,4418.9,,1
NHI Act,CLUTHA DISTRICT,2025-10-23,[0-40K],,Landslip,Closed,No,3325.0,500,150000.0,137561.86,3825.0,Valuation,1129.32,13644.99,,1
NHI Act,Christchurch City,2025-03-17,[0-40K],,Landslip,Closed,No,8863.96,500,150000.0,9363.96,11150.0,Cost to Repair,3201.93,920.0,,1
NHI Act,DUNEDIN CITY,2024-10-04,[0-40K],,Landslip,Closed,Yes,12428.0,500,187527.46,16188.04,12927.46,Valuation,1103.29,12371.19,,1
NHI Act,DUNEDIN CITY,2024-10-04,[0-40K],,Landslip,Closed,No,1524.66,500,310000.0,2024.66,3780.0,Cost to Repair,3128.0,19895.63,,1
NHI Act,LOWER HUTT CITY,2026-02-16,[0-40K],,Storm,Closed,No,3819.64,500,400000.0,4319.64,43500.0,Cost to Repair,,1650.57,,1
NHI Act,WELLINGTON CITY,2025-05-18,[0-40K],,Landslip,Closed,No,8938.48,500,375000.0,23220.55,9438.47,Valuation,1103.29,,,1
NHI Act,TASMAN DISTRICT,2025-07-11,[0-40K],,Storm,Closed,No,29781.75,500,360000.0,30281.75,213700.0,Cost to Repair,3128.0,2535.67,,1
NHI Act,WELLINGTON CITY,2026-04-20,[40K-80K],,Landslip,Closed,Yes,66071.14,500,687191.1,66571.14,72491.1,Cost to Repair,,14013.3,,1
NHI Act,GISBORNE DISTRICT,2026-04-09,[0-40K],,Storm,Closed,Yes,19129.0,500,317129.0,55624.5,19629.0,Valuation,1129.32,23830.34,,1
NHI Act,CHRISTCHURCH CITY,2024-11-06,[40K-80K],,Landslip,Closed,Yes,54286.17,500,575000.0,168000.18,53500.0,Valuation,1695.1,31826.7,,1
NHI Act,TASMAN DISTRICT,2025-07-11,[0-40K],,Storm,Closed,Yes,6243.89,500,614503.32,6743.89,56301.66,Cost to Repair,1954.06,5088.46,,1
NHI Act,TAUPO DISTRICT,2025-08-28,[0-40K],,Storm,Closed,No,450.0,500,380000.0,2002.54,950.0,Valuation,1954.06,1207.5,,1
NHI Act,FAR NORTH DISTRICT,2025-08-30,[40K-80K],,Storm,Closed,Yes,51984.11,500,50160.0,50000.0,50850.0,Cost to Repair,1954.06,9424.79,,1
NHI Act,TASMAN DISTRICT,2025-06-29,[0-40K],,Flood,Closed,No,12868.73,500,1740000.0,13368.73,211845.0,Cost to Repair,1954.06,,,1
NHI Act,AUCKLAND,2025-02-11,[0-40K],,Storm,Closed,No,2674.0,500,630000.0,3174.0,30712.5,Cost to Repair,1909.0,,,1
NHI Act,MARLBOROUGH DISTRICT,2025-06-29,[0-40K],,Flood,Closed,No,948.35,500,530000.0,1448.35,3600.0,Cost to Repair,3128.0,4537.92,,1
NHI Act,NEW PLYMOUTH DISTRICT,2025-05-18,[0-40K],,Landslip,Closed,No,400.0,500,330000.0,1499.9,900.0,Valuation,,16102.28,,1
NHI Act,TAURANGA CITY,2026-04-12,[0-40K],,Landslip,Closed,Yes,11522.0,500,361271.15,19435.79,12371.15,Valuation,1129.32,9506.92,,1
NHI Act,PORIRUA CITY,2025-07-03,[0-40K],,Landslip,Closed,No,38530.0,500,210000.0,89952.75,39030.0,Valuation,3128.0,9498.67,20281.31,1
NHI Act,AUCKLAND,2025-04-19,[0-40K],,Landslip,Closed,Yes,23804.0,500,662903.15,25569.83,24303.15,Valuation,,12739.54,0.0,1
NHI Act,TASMAN DISTRICT,2025-07-11,[0-40K],,Flood,Closed,No,4664.0,1000,450000.0,5164.0,93900.0,Cost to Repair,1103.29,885.5,,2
NHI Act,DUNEDIN CITY,2024-10-04,[80K-150K],,Landslip,Closed,Yes,101100.0,500,445000.0,117108.24,94100.0,Valuation,3128.0,31827.51,2285.69,1
NHI Act,HASTINGS DISTRICT,2025-03-20,[0-40K],,Landslip,Closed,Yes,22264.09,500,547414.09,39964.0,22764.09,Valuation,1909.0,6533.73,,1
NHI Act,TASMAN DISTRICT,2025-07-11,[0-40K],,Flood,Closed,No,11172.0,500,0.0,11672.0,177245.3,Cost to Repair,1103.29,5737.55,,1
NHI Act,THAMES-COROMANDEL DISTRICT,2026-01-21,[150K-300K],,Landslip,Closed,No,231300.0,500,900000.0,901238.42,231800.0,Valuation,,15965.47,344500.0,1
NHI Act,TASMAN DISTRICT,2025-06-28,[0-40K],,Storm,Closed,No,1816.72,500,450000.0,2316.72,4600.0,Cost to Repair,3128.0,3427.96,,1
NHI Act,AUCKLAND,2024-10-01,[0-40K],,Landslip,Closed,No,12425.0,500,500000.0,63770.59,12925.0,Valuation,1103.29,13277.46,,1
NHI Act,TARARUA DISTRICT,2025-08-18,[0-40K],,Landslip,Closed,Yes,25310.48,500,242884.8,25810.48,50400.0,Cost to Repair,1954.06,7195.6,,1
NHI Act,WAIROA DISTRICT,2026-01-10,[0-40K],,Landslip,Closed,Yes,24200.0,500,625000.0,300892.27,24700.0,Valuation,,17869.77,2233.0,1
NHI Act,WAIKATO DISTRICT,2026-01-03,[0-40K],,Landslip,Closed,No,1675.0,500,0.0,2174.29,17420.63,Cost to Repair,,4787.73,,1
NHI Act,CHRISTCHURCH CITY,2026-02-17,[0-40K],,Landslip,Reopened,No,10290.0,500,270000.0,61751.29,10790.0,Valuation,1129.32,18452.81,,1
NHI Act,TAUPO DISTRICT,2026-04-20,[0-40K],,Landslip,Closed,Yes,7615.0,500,455415.0,12751.88,8365.0,Valuation,1129.32,11757.25,,1
NHI Act,WELLINGTON CITY,2024-10-14,[0-40K],,Landslip,Closed,Yes,34149.6,500,554336.06,35780.6,38736.06,Cost to Repair,3128.0,10155.02,,1
NHI Act,OPOTIKI DISTRICT,2025-06-05,[0-40K],,Landslip,Closed,No,29400.0,500,0.0,108638.95,29900.0,Valuation,1103.29,15168.89,115164.01,1
NHI Act,KAIKOURA DISTRICT,2026-01-15,[0-40K],,Storm,Closed,No,9900.01,500,500000.0,16354.01,10400.0,Valuation,1954.06,12598.64,,1
NHI Act,TASMAN DISTRICT,2025-07-12,[0-40K],Associated with Maori Land,Flood,Closed,No,400.0,500,47000.0,22728.71,900.0,Valuation,3128.0,13263.53,,1
NHI Act,WELLINGTON CITY,2025-05-02,[0-40K],,Landslip,Closed,No,1840.0,500,450000.0,29503.5,2340.0,Valuation,,14021.91,51111.28,1
NHI Act,WELLINGTON CITY,2024-08-30,[0-40K],,Landslip,Closed,No,9349.99,500,695000.0,42024.41,9850.0,Valuation,1103.29,7444.79,186.0,1
NHI Act,NEW PLYMOUTH DISTRICT,2025-07-19,[0-40K],,Storm,Closed,Yes,10794.0,500,326233.97,48599.79,11293.97,Valuation,1103.29,16353.24,,1
NHI Act,NELSON CITY,2025-07-01,[0-40K],,Landslip,Closed,No,1200.0,500,0.0,43445.16,1350.0,Valuation,2333.35,23534.24,,1
NHI Act,AUCKLAND,2025-04-18,[0-40K],,Flood,Closed,No,231.58,500,0.0,731.57,2937.6,Cost to Repair,1103.29,2040.53,0.0,1
NHI Act,LOWER HUTT CITY,2025-11-03,[0-40K],,Landslip,Closed,No,8700.0,500,310000.0,30965.42,17550.0,Valuation,1129.32,10180.5,2375.0,1
NHI Act,WAITOMO DISTRICT,2025-10-14,[0-40K],,Flood,Closed,No,1220.28,500,4040000.0,1720.28,33936.0,Cost to Repair,1954.06,,,1
NHI Act,TASMAN DISTRICT,2025-06-27,[0-40K],,Landslip,Closed,No,11100.0,500,1000000.0,38114.44,11600.0,Valuation,3128.0,11684.02,,1
NHI Act,TARARUA DISTRICT,2026-04-20,[0-40K],,Storm,Closed,Yes,4931.52,500,161259.96,5431.52,36859.96,Cost to Repair,,1894.63,,1
NHI Act,AUCKLAND,2026-01-17,[0-40K],,Landslip,Settlement,Yes,10670.03,500,764568.41,2264.31,12355.91,Cost to Repair,1129.32,6240.44,,1
NHI Act,WHANGAREI DISTRICT,2026-01-18,[0-40K],,Flood,Closed,No,4487.4,500,385000.0,4987.4,67423.08,Cost to Repair,1954.06,,,1
NHI Act,WHANGAREI DISTRICT,2025-04-27,[0-40K],,Landslip,Closed,No,593.0,500,0.0,1093.0,8000.0,Cost to Repair,1103.29,4081.01,,1
NHI Act,TASMAN DISTRICT,2025-07-11,[40K-80K],,Flood,Closed,No,72921.01,500,460000.0,73421.0,228500.0,Cost to Repair,1103.29,1132.75,,1
NHI Act,WELLINGTON CITY,2025-09-23,[40K-80K],,Landslip,Closed,Yes,76430.41,500,628530.41,101104.21,76930.41,Valuation,3128.0,13443.3,5303.7,1
NHI Act,TAURANGA CITY,2026-01-22,[0-40K],,Flood,Closed,No,8900.0,500,590000.0,9399.81,103906.8,Cost to Repair,1129.32,5830.16,,1
NHI Act,CHRISTCHURCH CITY,2026-02-17,[0-40K],,Storm,Closed,Yes,26031.02,500,323445.49,26531.02,44645.49,Cost to Repair,3997.59,1207.5,,1
NHI Act,HAMILTON CITY,2025-06-11,[40K-80K],,Landslip,Closed,Yes,45401.0,500,466776.14,45900.14,48676.14,Cost to Repair,1103.29,7210.51,,1
NHI Act,THAMES-COROMANDEL DISTRICT,2026-01-21,[40K-80K],,Landslip,Closed,Yes,74541.0,500,625000.0,125470.74,85700.0,Valuation,1129.32,19536.47,11166.01,1
NHI Act,CHRISTCHURCH CITY,2025-05-01,[40K-80K],,Landslip,Closed,Yes,74100.0,500,50000.0,58616.68,67100.0,Cost to Repair,1103.29,7755.49,,1
NHI Act,WELLINGTON CITY,2026-04-20,[0-40K],,Landslip,Closed,No,2800.0,1000,550000.0,3588085.0,3300.0,Valuation,1129.32,7571.31,,2
NHI Act,WELLINGTON CITY,2026-04-20,[40K-80K],,Flood,Closed,Yes,45848.96,500,420667.75,47848.96,108367.75,Cost to Repair,,11128.57,,1
NHI Act,TASMAN DISTRICT,2025-06-27,[0-40K],,Flood,Closed,No,1674.64,500,400000.0,2174.64,5000.0,Cost to Repair,,2189.54,,1
NHI Act,TASMAN DISTRICT,2025-07-11,[0-40K],,Flood,Closed,No,13107.58,500,340000.0,13607.58,48300.0,Cost to Repair,3128.0,4565.52,,1
NHI Act,TIMARU DISTRICT,2025-12-16,[0-40K],,Flood,Closed,Yes,7247.0,500,11926.59,15493.52,23853.18,Cost to Repair,1129.32,8981.85,,1
NHI Act,TASMAN DISTRICT,2025-06-27,[0-40K],,Storm,Closed,No,259.0,500,270000.0,759.0,27472.5,Cost to Repair,1954.06,,,1
NHI Act,WELLINGTON CITY,2025-05-02,[0-40K],,Landslip,Closed,Yes,11965.22,500,419615.22,17479.79,12465.22,Valuation,3128.0,15220.93,,1
NHI Act,WELLINGTON CITY,2026-04-20,[0-40K],,Flood,Closed,No,13244.0,500,0.0,13744.0,104148.0,Cost to Repair,1129.32,,,1
NHI Act,TASMAN DISTRICT,2025-06-27,[0-40K],,Flood,Closed,No,2552.35,500,420000.0,3052.35,6750.0,Cost to Repair,3128.0,1573.66,,1
NHI Act,TASMAN DISTRICT,2025-06-27,[0-40K],,Flood,Closed,No,8792.96,1000,810000.0,9792.96,54168.75,Cost to Repair,1909.0,,,2
NHI Act,WELLINGTON CITY,2026-04-20,[0-40K],,Landslip,Closed,No,2000.0,1000,500000.0,20260.26,3800.0,Valuation,,12005.87,,2
NHI Act,WELLINGTON CITY,2026-06-27,[0-40K],,Flood,Reopened,No,3450.0,500,450000.0,28725.98,3950.0,Valuation,1129.32,8659.02,,1
NHI Act,WHANGAREI DISTRICT,2025-05-05,[0-40K],,Landslip,Closed,No,5900.0,1000,400000.0,27535.63,7100.0,Valuation,,14133.76,,2
NHI Act,CHRISTCHURCH CITY,2026-02-17,[0-40K],,Landslip,Closed,No,1800.0,500,400000.0,2343.02,2300.0,Valuation,,12586.11,,1
NHI Act,AUCKLAND,2025-12-29,[0-40K],,Storm,Closed,No,2669.58,500,1110000.0,3169.58,43845.0,Cost to Repair,1954.06,,,1
NHI Act,AUCKLAND,2025-07-29,[0-40K],,Landslip,Closed,Yes,4887.07,500,757578.45,26454.62,8778.45,Valuation,,20883.45,,1
NHI Act,CHRISTCHURCH CITY,2025-04-30,[0-40K],,Landslip,Closed,No,2200.0,500,345000.0,3862.91,2700.0,Valuation,1103.29,10567.53,,1
NHI Act,NEW PLYMOUTH DISTRICT,2025-07-28,[0-40K],,Landslip,Closed,No,780.0,500,300000.0,39993.72,1280.0,Valuation,3128.0,14091.75,,1
NHI Act,LOWER HUTT CITY,2026-04-28,[0-40K],,Flood,Closed,Yes,3181.56,500,351180.32,3681.57,9306.3,Cost to Repair,,2930.01,,1
NHI Act,WAIKATO DISTRICT,2025-07-04,[0-40K],,Flood,Closed,Yes,1253.01,500,19381.12,1752.06,26202.97,Cost to Repair,1103.29,3912.79,,1
NHI Act,DUNEDIN CITY,2024-10-06,[0-40K],,Landslip,Closed,No,1480.0,500,425000.0,34403.76,2340.0,Valuation,1695.1,10550.34,,1
NHI Act,AUCKLAND,2025-06-04,[80K-150K],,Landslip,Closed,No,124000.0,1000,2100000.0,168340.7,125000.0,Valuation,1103.29,24638.86,,2
NHI Act,TASMAN DISTRICT,2025-07-30,[0-40K],,Flood,Closed,No,1820.0,500,500000.0,4585.63,40800.0,Cost to Repair,1129.32,6429.2,,1
NHI Act,GISBORNE DISTRICT,2026-01-22,[0-40K],,Landslip,Closed,No,22445.0,500,60000.0,22944.24,60000.0,Cost to Repair,1129.32,4198.4,,1
NHI Act,WELLINGTON CITY,2024-10-17,[0-40K],,Landslip,Closed,No,10300.0,500,300000.0,165180.49,10800.0,Valuation,3128.0,23022.28,7273.54,1
NHI Act,CHRISTCHURCH CITY,2026-02-17,[0-40K],,Flood,Closed,No,11325.0,500,0.0,11825.0,50275.0,Cost to Repair,1129.32,3752.45,,1
NHI Act,SOUTH TARANAKI DISTRICT,2025-07-05,[0-40K],,Flood,Closed,Yes,13155.89,500,13655.88,20824.2,13655.88,Minimum Size Site,1954.06,,,1
NHI Act,DUNEDIN CITY,2024-10-03,[0-40K],,Landslip,Closed,No,2540.0,500,230000.0,24144.47,3040.0,Valuation,3128.0,11990.39,,1
NHI Act,DUNEDIN CITY,2024-10-03,[0-40K],,Landslip,Closed,No,3280.0,500,71197.08,71197.08,3780.0,Valuation,3128.0,12977.35,,1
NHI Act,TASMAN DISTRICT,2025-07-11,[0-40K],,Storm,Closed,No,6875.71,500,440000.0,7375.71,28050.0,Cost to Repair,1909.0,7920.17,,1
NHI Act,TASMAN DISTRICT,2025-07-11,[0-40K],,Flood,Closed,No,1924.02,500,550000.0,2424.02,5500.0,Cost to Repair,3128.0,3253.15,,1
NHI Act,THAMES-COROMANDEL DISTRICT,2026-01-22,[40K-80K],,Landslip,Closed,Yes,50619.0,500,546093.0,94319.0,108093.0,Cost to Repair,1129.32,22183.52,58920.0,1
NHI Act,AUCKLAND,2026-01-21,[0-40K],,Storm,Closed,No,8819.1,500,0.0,9319.1,40300.0,Cost to Repair,,5592.17,,1
NHI Act,Tasman District,2025-07-11,[0-40K],,Flood,Closed,No,3358.45,500,300000.0,3858.45,17100.0,Cost to Repair,1954.06,1207.5,,1
NHI Act,WELLINGTON CITY,2025-05-17,[0-40K],,Landslip,Closed,Yes,18237.45,500,295587.45,29621.81,18737.45,Valuation,3128.0,12393.96,,1
NHI Act,TASMAN DISTRICT,2025-06-28,[0-40K],,Landslip,Closed,No,4008.99,500,550000.0,4508.99,32300.0,Cost to Repair,3128.0,4180.39,,1
NHI Act,WELLINGTON CITY,2026-04-20,[80K-150K],,Landslip,Closed,No,87100.0,500,405000.0,120205.2,87600.0,Valuation,1129.32,11930.66,,1
NHI Act,WELLINGTON CITY,2025-07-14,[0-40K],,Storm,Closed,No,1915.0,500,300000.0,18923.74,2414.42,Valuation,1103.29,11647.41,,1
NHI Act,TASMAN DISTRICT,2025-07-11,[0-40K],,Landslip,Closed,No,5750.0,500,550000.0,209607.49,6250.0,Valuation,3128.0,11443.7,,1
NHI Act,DUNEDIN CITY,2024-10-04,[0-40K],,Landslip,Closed,No,28800.0,500,225000.0,184447.3,29300.0,Valuation,1103.29,23529.29,36005.01,1
NHI Act,MARLBOROUGH DISTRICT,2025-06-27,[0-40K],,Flood,Closed,No,3621.86,500,500000.0,4121.86,17100.0,Cost to Repair,1909.0,920.0,,1
NHI Act,TASMAN DISTRICT,2025-07-11,[0-40K],,Storm,Closed,No,1600.0,500,120000.0,4098.66,2100.0,Valuation,1103.29,20735.73,,1
NHI Act,TASMAN DISTRICT,2025-07-11,[0-40K],,Landslip,Closed,No,23300.0,500,430000.0,499071.7,23800.0,Valuation,1103.29,14188.97,,1
NHI Act,WELLINGTON CITY,2024-08-19,[0-40K],,Landslip,Closed,Yes,20914.02,500,806874.02,54713.53,21414.02,Valuation,3128.0,10624.55,1380.49,1
NHI Act,FAR NORTH DISTRICT,2026-03-26,[0-40K],,Landslip,Closed,No,9200.0,500,370000.0,58812.06,10500.0,Valuation,1129.32,16492.9,19633.2,1
NHI Act,CHRISTCHURCH CITY,2026-02-17,[0-40K],,Flood,Closed,No,17959.33,500,0.0,18460.0,31625.0,Cost to Repair,1129.32,,,1
NHI Act,AUCKLAND,2025-10-14,[0-40K],,Landslip,Closed,No,25200.0,500,2450000.0,193486.94,25700.0,Valuation,1129.32,27257.13,,1
NHI Act,TASMAN DISTRICT,2025-06-27,[0-40K],,Flood,Closed,No,3233.0,500,0.0,11495.76,100855.9,Cost to Repair,1103.29,3225.35,,1
NHI Act,NELSON CITY,2025-06-27,[0-40K],,Landslip,Closed,No,30250.0,500,485000.0,148426.41,35800.0,Valuation,1103.29,19457.28,,1
NHI Act,AUCKLAND,2025-09-25,[0-40K],,Landslip,Closed,Yes,4350.0,500,975000.0,33209.8,6250.0,Valuation,1103.29,15507.78,,1
NHI Act,WHANGAREI DISTRICT,2025-08-10,[0-40K],,Landslip,Closed,No,3917.91,500,405000.0,4417.91,6581.25,Cost to Repair,1954.06,,,1
NHI Act,WELLINGTON CITY,2025-06-12,[0-40K],,Landslip,Closed,No,500.0,500,850000.0,67645.89,1000.0,Valuation,3128.0,18904.73,,1
NHI Act,WELLINGTON CITY,2026-04-19,[0-40K],,Storm,Closed,No,1095.18,500,450000.0,3190.36,77419.36,Cost to Repair,2400.89,1577.77,0.0,1
NHI Act,WESTERN BAY OF PLENTY DISTRICT,2025-05-02,[0-40K],,Landslip,Closed,No,300.0,500,580000.0,628546.53,800.0,Valuation,3128.0,19515.81,,1
NHI Act,AUCKLAND,2026-01-24,[0-40K],,Flood,Closed,No,1487.0,500,0.0,1986.45,40800.0,Cost to Repair,1129.32,1563.31,,1
NHI Act,TASMAN DISTRICT,2025-07-11,[40K-80K],,Landslip,Closed,Yes,44067.33,500,397212.24,44567.33,120812.24,Cost to Repair,3128.0,14961.12,222.44,1
NHI Act,HAURAKI DISTRICT,2026-01-21,[0-40K],,Landslip,Closed,Yes,13450.0,500,30252.54,13949.49,22476.27,Cost to Repair,1129.32,13227.07,,1
NHI Act,WAITOMO DISTRICT,2025-10-14,[0-40K],,Flood,Closed,No,2086.62,500,125000.0,2586.62,22300.0,Cost to Repair,1954.06,1092.5,,1
NHI Act,NELSON CITY,2025-05-26,[80K-150K],,Landslip,Closed,Yes,92400.0,500,380000.0,88951.19,157900.0,Cost to Repair,1103.29,12492.09,,1
NHI Act,NELSON CITY,2025-05-26,[0-40K],,Flood,Closed,Yes,11382.0,500,389641.48,24953.86,11841.48,Valuation,1103.29,12673.14,,1
NHI Act,CHRISTCHURCH CITY,2026-02-16,[0-40K],,Landslip,Closed,No,1765.0,500,470000.0,13972.59,3220.0,Valuation,1129.32,8202.4,,1
NHI Act,THAMES-COROMANDEL DISTRICT,2026-01-23,[0-40K],,Flood,Closed,No,3373.0,500,200000.0,3872.59,56000.0,Cost to Repair,1129.32,5386.99,,1
NHI Act,DUNEDIN CITY,2024-10-03,[0-40K],,Flood,Closed,No,7353.94,500,220000.0,7853.94,7853.94,Valuation,,21478.63,,1
NHI Act,GISBORNE DISTRICT,2024-07-15,[0-40K],Maori Owned Land,Landslip,Closed,No,1089.0,500,0.0,1588.89,31000.0,Cost to Repair,1103.29,6434.51,,1
NHI Act,NELSON CITY,2025-06-27,[0-40K],,Landslip,Closed,No,2050.0,500,330000.0,33903.88,2550.0,Valuation,3128.0,11524.43,,1
NHI Act,Wairoa District,2026-01-04,[0-40K],,Flood,Closed,No,25843.0,500,0.0,26342.65,54100.0,Cost to Repair,1129.32,8676.18,,1
NHI Act,MARLBOROUGH DISTRICT,2025-06-29,[0-40K],,Flood,Closed,Yes,14598.79,500,339922.16,15098.79,49022.16,Cost to Repair,1954.06,9496.86,,1
NHI Act,HAMILTON CITY,2025-10-07,[0-40K],,Landslip,Closed,No,300.0,500,850000.0,124262.9,800.0,Valuation,3128.0,9972.61,,1
NHI Act,NELSON CITY,2025-06-10,[0-40K],,Landslip,Closed,Yes,16878.21,500,341928.2,20099.75,17378.2,Valuation,1909.0,7577.9,,1
NHI Act,TASMAN DISTRICT,2025-06-28,[0-40K],,Landslip,Closed,No,100.0,500,370000.0,60305.83,600.0,Valuation,3128.0,18193.1,,1
NHI Act,OTOROHANGA DISTRICT,2026-02-14,[0-40K],,Storm,Closed,No,2283.24,500,355000.0,2783.24,19525.0,Cost to Repair,3997.59,,,1
NHI Act,NEW PLYMOUTH DISTRICT,2025-07-05,[0-40K],,Landslip,Closed,No,2000.0,500,470000.0,30508.79,2500.0,Valuation,3128.0,13275.1,,1
NHI Act,AUCKLAND,2025-04-20,[40K-80K],,Landslip,Closed,No,61544.46,500,2750000.0,62044.48,138000.0,Cost to Repair,1103.29,15671.19,0.0,1
NHI Act,WHANGANUI DISTRICT,2024-09-01,[0-40K],,Flood,Closed,No,3842.0,500,0.0,4342.0,25400.0,Cost to Repair,1103.29,2980.41,,1
NHI Act,WAITAKI DISTRICT,2024-10-03,[0-40K],,Landslip,Closed,Yes,5841.0,500,150691.0,13553.34,6341.0,Valuation,1103.29,14610.97,,1
NHI Act,WESTERN BAY OF PLENTY DISTRICT,2025-06-09,[0-40K],,Storm,Closed,No,3608.24,500,890000.0,4108.24,18467.5,Cost to Repair,1909.0,,,1
NHI Act,LOWER HUTT CITY,2025-07-08,[0-40K],,Landslip,Closed,No,5800.0,500,500000.0,15802.6,6300.0,Valuation,3128.0,10568.87,,1
NHI Act,TASMAN DISTRICT,2025-06-27,[0-40K],,Flood,Closed,No,24648.0,500,400000.0,25148.0,297700.0,Cost to Repair,1103.29,5628.23,,1
NHI Act,TASMAN DISTRICT,2025-06-26,[0-40K],,Flood,Closed,No,4232.0,500,15438.0,4732.0,46500.0,Cost to Repair,1103.29,3855.03,,1
NHI Act,TASMAN DISTRICT,2025-06-28,[0-40K],,Flood,Closed,No,1504.0,500,0.0,2003.42,4500.0,Cost to Repair,1103.29,3221.32,,1
NHI Act,NEW PLYMOUTH DISTRICT,2025-07-03,[0-40K],,Landslip,Closed,No,1420.0,500,600000.0,38071.95,1920.0,Valuation,3128.0,13565.37,,1
NHI Act,TASMAN DISTRICT,2025-06-27,[0-40K],,Landslip,Closed,No,3225.0,1000,500000.0,3725.0,13800.0,Cost to Repair,1103.29,10139.86,,2
NHI Act,CHRISTCHURCH CITY,2026-02-16,[0-40K],,Flood,Closed,No,8700.0,500,330000.0,68322.54,9200.0,Valuation,1129.32,7931.37,6103.0,1
NHI Act,CHRISTCHURCH CITY,2026-02-16,[0-40K],,Flood,Closed,No,4793.9,500,340000.0,5293.9,30400.0,Cost to Repair,,1420.1,,1
NHI Act,FAR NORTH DISTRICT,2026-04-19,[0-40K],,Storm,Closed,No,8777.54,500,495000.0,9277.54,23846.63,Cost to Repair,3997.59,,,1
NHI Act,LOWER HUTT CITY,2026-02-16,[0-40K],,Landslip,EQC_Settled,Yes,17416.0,500,463415.5,52507.52,17915.5,Valuation,,13434.46,,1
NHI Act,DUNEDIN CITY,2024-10-04,[0-40K],,Landslip,Closed,Yes,18217.03,500,190517.0,30018.0,18717.0,Valuation,,9761.65,,1
NHI Act,DUNEDIN CITY,2024-10-04,[0-40K],,Landslip,Closed,No,2160.0,500,275000.0,2660.0,2660.0,Valuation,,4164.13,,1
NHI Act,WESTERN BAY OF PLENTY DISTRICT,2026-01-22,[0-40K],,Storm,Closed,No,600.0,500,450000.0,1402.13,1100.0,Valuation,,2167.53,,1
NHI Act,SOUTH WAIRARAPA DISTRICT,2026-02-16,[0-40K],,Storm,Closed,No,3991.82,500,0.0,8983.64,29000.0,Cost to Repair,2400.89,3641.36,0.0,1
NHI Act,FAR NORTH DISTRICT,2025-04-29,[0-40K],,Flood,Closed,No,600.0,500,0.0,1358.18,1100.0,Valuation,1103.29,4174.96,,1
NHI Act,LOWER HUTT CITY,2026-02-16,[0-40K],,Landslip,Closed,Yes,21506.26,500,309156.26,43080.29,22006.26,Valuation,,18113.94,,1
NHI Act,TASMAN DISTRICT,2025-07-11,[0-40K],,Landslip,Closed,No,7600.01,500,650000.0,12999.39,8100.0,Valuation,1103.29,10773.68,,1
NHI Act,KAIPARA DISTRICT,2026-01-21,[0-40K],,Storm,Closed,No,5365.0,500,7723.8,5865.0,7723.8,Cost to Repair,1129.32,1392.19,,1
NHI Act,WESTERN BAY OF PLENTY DISTRICT,2025-06-10,[0-40K],,Landslip,Closed,No,2900.0,500,850000.0,34794.94,4875.0,Valuation,1103.29,14956.67,,1
NHI Act,OTOROHANGA DISTRICT,2026-02-13,[0-40K],,Storm,Closed,No,684.47,500,280000.0,1184.47,6670.52,Cost to Repair,3997.59,,,1
NHI Act,CHRISTCHURCH CITY,2025-03-18,[40K-80K],,Landslip,Closed,Yes,67125.0,500,425000.0,50000.0,60125.0,Cost to Repair,,15754.55,,1
NHI Act,GISBORNE DISTRICT,2026-01-21,[0-40K],,Storm,Closed,No,8312.67,500,49511.52,8812.67,49511.52,Cost to Repair,1129.32,14183.02,221.05,1
NHI Act,WAITOMO DISTRICT,2025-10-14,[0-40K],,Flood,Closed,Yes,4541.96,500,174059.91,5041.96,26852.9,Cost to Repair,1954.06,,,1
NHI Act,HASTINGS DISTRICT,2026-04-12,[0-40K],,Storm,Closed,No,831.13,500,1750000.0,1331.13,16406.25,Cost to Repair,,,,1
NHI Act,FAR NORTH DISTRICT,2026-03-26,[0-40K],,Flood,Closed,Yes,29450.01,500,280000.0,135718.36,51200.0,Valuation,1129.32,13040.84,,1
NHI Act,TAURANGA CITY,2026-01-26,[0-40K],,Landslip,Closed,No,7800.0,500,620000.0,37378.08,8300.0,Valuation,,10910.96,,1
NHI Act,TASMAN DISTRICT,2025-07-12,[0-40K],,Landslip,Closed,No,26400.0,500,520000.0,51912.68,35700.0,Valuation,1103.29,17516.95,,1
NHI Act,WELLINGTON CITY,2025-10-04,[0-40K],,Landslip,Closed,Yes,27230.44,500,437230.44,65656.7,27730.44,Valuation,3128.0,14195.6,,1
NHI Act,CHRISTCHURCH CITY,2026-02-17,[0-40K],,Landslip,Closed,Yes,1173.6,500,100208.76,1673.6,50000.0,Cost to Repair,1129.32,13684.79,,1
NHI Act,DUNEDIN CITY,2024-10-04,[0-40K],,Landslip,Reopened,Yes,5766.11,500,245112.39,282300.0,11012.39,Valuation,1103.29,19870.73,,1
NHI Act,INVERCARGILL CITY,2025-10-23,[0-40K],,Flood,Closed,No,2150.01,500,175000.0,7184.76,2650.0,Valuation,1129.32,4345.28,,1
NHI Act,DUNEDIN CITY,2025-10-23,[0-40K],,Landslip,Closed,Yes,16373.91,500,195773.91,98720.89,16873.91,Valuation,3201.84,13426.71,,1
NHI Act,TASMAN DISTRICT,2025-07-11,[0-40K],,Storm,Closed,No,1834.35,500,300000.0,2334.35,16066.67,Cost to Repair,,1013.64,,1
NHI Act,TASMAN DISTRICT,2025-07-11,[0-40K],,Landslip,Closed,No,6812.0,500,480000.0,7811.93,118400.0,Cost to Repair,1103.29,12864.54,,1
NHI Act,DUNEDIN CITY,2024-10-04,[0-40K],,Storm,Closed,No,1199.92,500,0.0,1699.92,12229.0,Cost to Repair,1695.1,2283.9,0.0,1
NHI Act,WELLINGTON CITY,2026-04-20,[0-40K],,Landslip,Closed,No,39357.36,500,560000.0,66398.27,7700.0,Valuation,,12085.69,,1
NHI Act,WHANGAREI DISTRICT,2026-01-18,[0-40K],Maori Owned Land,Storm,Closed,No,12474.0,500,0.0,12974.0,16000.0,Cost to Repair,1129.32,3255.19,,1
NHI Act,WAIROA DISTRICT,2026-01-03,[0-40K],,Landslip,Closed,Yes,23779.91,500,93229.91,66876.23,24279.91,Valuation,3201.84,15373.42,2265.99,1
NHI Act,SOUTH TARANAKI DISTRICT,2025-07-11,[0-40K],,Landslip,Closed,No,1700.0,500,240000.0,176502.2,2200.0,Valuation,1103.29,14196.9,,1
NHI Act,THAMES-COROMANDEL DISTRICT,2026-01-21,[150K-300K],,Landslip,Closed,Yes,156975.0,500,700000.0,266007.24,160475.0,Valuation,1129.32,45046.79,16524.01,1
NHI Act,FAR NORTH DISTRICT,2026-03-26,[0-40K],,Landslip,Closed,No,3300.01,500,240000.0,66630.8,3800.0,Valuation,1129.32,15144.09,,1
NHI Act,TASMAN DISTRICT,2025-06-27,[0-40K],,Storm,Closed,No,2052.7,500,1120000.0,2552.7,42000.0,Cost to Repair,1954.06,,,1
NHI Act,AUCKLAND,2025-05-10,[0-40K],,Flood,Closed,No,291.0,500,0.0,790.98,3895.43,Cost to Repair,1103.29,7227.36,,1
NHI Act,CHRISTCHURCH CITY,2025-05-01,[0-40K],,Storm,Closed,Yes,31050.0,500,28750.0,50000.0,31550.0,Valuation,1103.29,10292.5,,1
NHI Act,OTOROHANGA DISTRICT,2026-02-13,[0-40K],,Landslip,Closed,No,1614.27,500,0.0,2114.27,14000.0,Cost to Repair,1129.32,4435.99,,1
NHI Act,NELSON CITY,2024-07-07,[0-40K],,Landslip,Closed,Yes,25585.0,500,394284.82,68050.97,28384.82,Valuation,1103.29,16874.88,,1
NHI Act,WAITAKI DISTRICT,2024-10-03,[0-40K],,Landslip,Closed,Yes,8423.0,500,332123.72,52799.71,35213.72,Valuation,,26863.29,,1
NHI Act,CARTERTON DISTRICT,2025-10-27,[0-40K],,Storm,Reopened,Yes,3755.0,500,306320.86,4255.0,15320.86,Cost to Repair,1129.32,5730.11,,1
NHI Act,TASMAN DISTRICT,2025-06-27,[0-40K],,Flood,Closed,No,7578.01,500,0.0,8077.58,16503.84,Cost to Repair,1103.29,2636.78,,1
NHI Act,WHANGAREI DISTRICT,2026-01-18,[0-40K],,Flood,Closed,No,1299.99,500,200000.0,2481.44,1800.0,Valuation,1129.32,4903.3,,1
NHI Act,TASMAN DISTRICT,2025-06-27,[0-40K],,Flood,Closed,No,17730.0,500,320000.0,18229.29,64000.0,Cost to Repair,1103.29,4573.01,,1
NHI Act,WHAKATANE DISTRICT,2025-06-10,[0-40K],,Storm,Closed,No,11697.8,1000,300000.0,12697.8,47100.0,Cost to Repair,3128.0,2948.34,,2
NHI Act,AUCKLAND,2026-04-14,[0-40K],,Landslip,Settlement,No,17800.0,500,400000.0,84687.22,23300.0,Valuation,1129.32,17986.8,5652.96,1
NHI Act,WHANGAREI DISTRICT,2025-07-30,[0-40K],,Landslip,Closed,No,2250.0,500,500000.0,69135.73,2750.0,Valuation,3128.0,12272.8,,1
NHI Act,WELLINGTON CITY,2025-06-30,[0-40K],,Landslip,Closed,No,21040.0,1000,1515000.0,120891.57,34420.0,Valuation,1103.29,12594.6,5821.0,2
NHI Act,MANAWATU DISTRICT,2024-10-14,[0-40K],,Storm,Closed,No,2970.0,500,280000.0,3683.13,3470.0,Valuation,3128.0,3059.83,,1
NHI Act,DUNEDIN CITY,2024-10-04,[150K-300K],,Landslip,Closed,Yes,204362.7,500,232602.7,372015.04,204862.7,Valuation,3128.0,30180.66,344500.0,1
NHI Act,CHRISTCHURCH CITY,2026-02-17,[0-40K],,Landslip,Closed,No,7300.0,500,390000.0,60950.82,7800.0,Valuation,,13212.62,,1
NHI Act,DUNEDIN CITY,2024-10-04,[0-40K],,Landslip,Closed,No,3200.0,500,430000.0,46381.49,4430.0,Valuation,1103.29,14055.79,,1
NHI Act,THAMES-COROMANDEL DISTRICT,2026-01-22,[0-40K],,Landslip,Closed,No,9100.0,500,700000.0,79737.28,12000.0,Valuation,,11705.26,,1
NHI Act,DUNEDIN CITY,2024-09-26,[0-40K],,Storm,Closed,Yes,14862.0,500,264061.96,21587.33,15361.96,Valuation,1103.29,18537.7,,1
NHI Act,WELLINGTON CITY,2025-07-01,[0-40K],,Landslip,Closed,No,5380.0,500,1600000.0,148595.86,5880.0,Valuation,3128.0,10421.67,,1
NHI Act,MARLBOROUGH DISTRICT,2024-10-31,[0-40K],,Landslip,Closed,No,3570.0,1000,475000.0,73191.05,4070.0,Valuation,3128.0,17145.15,,2
NHI Act,THAMES-COROMANDEL DISTRICT,2026-01-21,[40K-80K],,Landslip,Closed,Yes,53739.74,500,460000.0,55739.74,60700.0,Cost to Repair,,19506.33,,1
NHI Act,LOWER HUTT CITY,2024-09-24,[0-40K],,Landslip,Closed,No,1700.0,500,0.0,29015.54,2200.0,Valuation,1103.29,18943.39,195.99,1
NHI Act,WELLINGTON CITY,2026-04-20,[0-40K],,Flood,EQC_Settled,No,1789.27,500,485000.0,2289.27,8036.6,Cost to Repair,,2075.42,,1
NHI Act,TASMAN DISTRICT,2025-07-11,[0-40K],Associated with Maori Land,Flood,Closed,No,14195.34,500,350000.0,14695.34,116100.0,Cost to Repair,1954.06,1472.06,,1
NHI Act,WELLINGTON CITY,2026-04-20,[80K-150K],,Landslip,Settlement,Yes,121443.0,1000,791470.61,206233.08,291670.61,Cost to Repair,1129.32,10667.63,,2
NHI Act,WELLINGTON CITY,2026-04-21,[0-40K],,Landslip,Closed,No,4600.0,500,1150000.0,81537.97,5100.0,Valuation,,9536.42,,1
NHI Act,AUCKLAND,2025-07-11,[0-40K],,Landslip,Closed,Yes,29616.72,1000,1242016.72,52044.28,30116.72,Valuation,3128.0,14306.67,,2
NHI Act,THAMES-COROMANDEL DISTRICT,2026-01-21,[0-40K],,Landslip,Closed,No,28500.0,1000,700000.0,102919.97,29000.0,Valuation,,17765.23,,2
NHI Act,WELLINGTON CITY,2026-04-20,[0-40K],,Landslip,Closed,No,4487.94,500,540000.0,4987.94,9500.0,Cost to Repair,,10109.09,0.0,1
NHI Act,MANAWATU DISTRICT,2026-02-16,[0-40K],,Storm,Closed,No,1693.94,500,240000.0,2193.94,7500.0,Cost to Repair,,805.0,,1
NHI Act,CHRISTCHURCH CITY,2026-02-17,[0-40K],,Flood,Closed,No,7026.99,500,0.0,7527.0,38229.24,Cost to Repair,1129.32,,,1
NHI Act,TASMAN DISTRICT,2025-06-27,[0-40K],,Storm,Closed,No,259.0,500,270000.0,759.0,27472.5,Cost to Repair,1954.06,,,1
NHI Act,GISBORNE DISTRICT,2026-01-25,[0-40K],,Landslip,Closed,No,2300.0,500,140000.0,130663.92,2796.0,Valuation,,11320.03,,1
NHI Act,DUNEDIN CITY,2024-10-04,[40K-80K],,Flood,Closed,Yes,50499.0,500,239498.89,106413.58,50998.89,Valuation,1103.29,13209.97,,1
NHI Act,CLUTHA DISTRICT,2024-10-04,[0-40K],,Storm,Closed,No,510.78,500,235000.0,1010.78,1410.0,Cost to Repair,1909.0,1746.9,,1
NHI Act,NEW PLYMOUTH DISTRICT,2025-07-05,[0-40K],,Landslip,Closed,No,5820.0,500,450000.0,33384.01,6320.0,Valuation,1103.29,16669.54,,1
NHI Act,PORIRUA CITY,2026-04-18,[0-40K],,Landslip,Closed,No,400.0,500,450000.0,26426.62,900.0,Valuation,,13760.5,213.83,1
NHI Act,KAIKOURA DISTRICT,2026-01-26,[0-40K],,Flood,Closed,No,543.78,500,350000.0,1043.78,4300.0,Cost to Repair,3997.59,1207.5,,1
NHI Act,DUNEDIN CITY,2024-11-08,[0-40K],,Landslip,Closed,Yes,19163.15,500,293413.15,41274.61,19663.15,Valuation,3128.0,19837.21,,1
NHI Act,LOWER HUTT CITY,2025-10-21,[0-40K],,Landslip,Closed,No,6350.0,500,375000.0,121383.6,6850.0,Valuation,1129.32,13318.77,1017.69,1
NHI Act,MARLBOROUGH DISTRICT,2025-06-27,[0-40K],,Flood,Closed,No,316.0,500,500000.0,816.0,2600.0,Cost to Repair,1103.29,3113.11,,1
NHI Act,WELLINGTON CITY,2026-04-20,[0-40K],,Flood,Closed,No,14293.21,500,0.0,14793.21,252436.0,Cost to Repair,1129.32,1878.97,,1
NHI Act,AUCKLAND,2026-01-21,[0-40K],,Landslip,Closed,Yes,13503.0,500,635302.86,59452.74,14002.86,Valuation,1129.32,13148.37,,1
NHI Act,AUCKLAND,2025-04-19,[0-40K],,Landslip,Closed,No,1666.57,500,715000.0,2166.57,77300.0,Cost to Repair,1103.29,,,1
NHI Act,WHANGAREI DISTRICT,2025-04-27,[0-40K],,Flood,Closed,No,1946.06,500,360000.0,2446.06,5100.0,Cost to Repair,3128.0,3256.02,,1
NHI Act,PALMERSTON NORTH CITY,2025-07-03,[0-40K],,Storm,Closed,Yes,30300.0,500,328750.0,83576.05,30800.0,Valuation,3128.0,16340.8,,1
NHI Act,NEW PLYMOUTH DISTRICT,2025-07-03,[0-40K],,Landslip,Closed,Yes,15239.38,500,409089.38,34657.66,15739.38,Valuation,3128.0,20777.4,,1
NHI Act,TASMAN DISTRICT,2025-07-29,[0-40K],,Flood,Closed,No,12000.0,500,500000.0,264109.0,12500.0,Valuation,1103.29,15077.43,,1
NHI Act,NELSON CITY,2025-05-26,[0-40K],,Flood,Closed,Yes,22895.01,500,355482.49,64856.75,78382.49,Cost to Repair,1103.29,27460.87,,1
NHI Act,WELLINGTON CITY,2025-09-23,[0-40K],,Landslip,Closed,No,2150.0,500,400000.0,130872.42,2650.0,Valuation,,2417.31,0.0,1
NHI Act,WELLINGTON CITY,2026-04-20,[0-40K],,Flood,Closed,No,4685.69,500,400000.0,5185.69,101418.46,Cost to Repair,,1714.97,,1
NHI Act,NAPIER CITY,2026-01-26,[0-40K],,Landslip,Closed,No,1700.0,500,200000.0,53709.51,2200.0,Valuation,3201.84,13238.83,1740.43,1
NHI Act,TASMAN DISTRICT,2025-07-11,[40K-80K],,Flood,Closed,Yes,52277.0,1000,697676.34,102911.26,55376.34,Valuation,1103.29,14797.21,493.01,2
NHI Act,MARLBOROUGH DISTRICT,2025-06-27,[0-40K],,Flood,Closed,No,1512.0,500,255000.0,2012.0,5510.2,Cost to Repair,1103.29,2061.49,,1
NHI Act,GISBORNE DISTRICT,2026-01-21,[0-40K],Associated with Maori Land,Landslip,Closed,No,24555.31,500,160000.0,25055.31,32750.0,Cost to Repair,1129.32,4741.25,606.88,1
NHI Act,AUCKLAND,2025-05-05,[0-40K],,Landslip,Closed,No,6160.0,500,485000.0,9639.59,6660.0,Valuation,3128.0,11153.09,,1
NHI Act,FAR NORTH DISTRICT,2026-01-25,[0-40K],,Landslip,Closed,No,14100.0,500,1750000.0,136946.14,14600.0,Valuation,3201.84,13822.06,1461.86,1
NHI Act,PALMERSTON NORTH CITY,2024-08-18,[0-40K],,Landslip,Closed,No,8700.0,500,200000.0,49181.37,9200.0,Valuation,1103.29,16101.06,,1
NHI Act,TAUPO DISTRICT,2025-08-27,[0-40K],,Landslip,Closed,No,16650.0,500,480000.0,97829.16,28150.0,Valuation,,14145.95,,1
NHI Act,TASMAN DISTRICT,2025-06-27,[0-40K],,Flood,Closed,No,20771.37,500,280000.0,21271.37,197650.0,Cost to Repair,3128.0,16681.5,,1
NHI Act,TASMAN DISTRICT,2025-06-27,[0-40K],,Flood,Closed,Yes,7437.35,500,607251.66,7937.36,56301.66,Cost to Repair,1909.0,,,1
NHI Act,CENTRAL HAWKE'S BAY DISTRICT,2024-12-21,[0-40K],,Landslip,Closed,No,7843.67,500,300000.0,8343.67,56590.0,Cost to Repair,3128.0,3529.17,,1
NHI Act,PORIRUA CITY,2026-04-18,[0-40K],,Storm,EQC_Settled,No,3100.0,500,0.0,10211.54,7200.0,Valuation,,1579.53,,1
NHI Act,CHRISTCHURCH CITY,2025-06-24,[0-40K],,Storm,Closed,No,637.45,500,0.0,1137.45,1607.27,Cost to Repair,1103.29,6785.0,,1
NHI Act,WHANGANUI DISTRICT,2026-02-16,[0-40K],,Flood,Closed,Yes,11279.0,500,128950.0,11778.64,68950.0,Cost to Repair,1129.32,3695.87,,1
NHI Act,MARLBOROUGH DISTRICT,2025-06-27,[0-40K],,Storm,Closed,No,3521.6,500,360000.0,4021.6,14940.0,Cost to Repair,1909.0,,,1
NHI Act,TASMAN DISTRICT,2025-07-11,[0-40K],,Flood,Closed,No,8604.72,500,300000.0,9104.72,34900.0,Cost to Repair,3128.0,1745.23,,1
NHI Act,THAMES-COROMANDEL DISTRICT,2026-01-21,[0-40K],,Landslip,Closed,No,32400.0,500,550000.0,171679.7,32900.0,Valuation,1129.32,19071.88,0.0,1
NHI Act,WELLINGTON CITY,2025-06-12,[0-40K],,Landslip,Closed,Yes,33770.17,500,481370.17,75040.64,34270.17,Valuation,,13845.08,,1
NHI Act,LOWER HUTT CITY,2026-04-18,[0-40K],,Flood,Closed,No,1105.0,500,0.0,1604.59,17108.91,Cost to Repair,1129.32,3725.77,,1
NHI Act,TASMAN DISTRICT,2025-06-28,[0-40K],,Flood,Closed,No,5878.11,500,400000.0,6378.11,148320.0,Cost to Repair,3128.0,883.91,,1
NHI Act,NELSON CITY,2025-07-12,[40K-80K],,Landslip,Closed,Yes,53271.5,500,1007621.47,165506.0,53771.47,Valuation,,7867.87,38856.0,1
NHI Act,WAIKATO DISTRICT,2025-04-19,[0-40K],,Storm,Closed,No,1466.5,500,1100000.0,1966.5,19525.0,Cost to Repair,1909.0,,,1
NHI Act,DUNEDIN CITY,2024-10-03,[0-40K],,Landslip,Closed,Yes,15638.26,500,182338.26,52491.69,16138.26,Valuation,1103.29,11706.39,,1
NHI Act,AUCKLAND,2025-07-29,[0-40K],,Landslip,Closed,Yes,16857.8,500,467857.8,25610.05,17357.8,Valuation,3128.0,12127.26,,1
NHI Act,THAMES-COROMANDEL DISTRICT,2026-01-21,[0-40K],,Storm,Closed,No,5532.35,500,0.0,6032.35,44710.0,Cost to Repair,1129.32,,,1
NHI Act,SOUTH WAIKATO DISTRICT,2025-06-04,[0-40K],,Landslip,Closed,Yes,17044.0,500,254794.0,44098.3,17544.0,Valuation,,14935.71,,1
NHI Act,WELLINGTON CITY,2026-04-20,[0-40K],,Landslip,Closed,Yes,26204.0,500,585483.88,27268.87,26703.88,Valuation,1129.32,7922.06,,1
NHI Act,GREY DISTRICT,2024-08-21,[0-40K],Associated with Maori Land,Landslip,Closed,No,2442.08,500,4000.0,2942.08,16000.0,Cost to Repair,1103.29,1850.13,824.4,1
NHI Act,WELLINGTON CITY,2026-04-20,[0-40K],,Landslip,Closed,No,20820.0,500,450000.0,51511.73,21320.0,Valuation,1129.32,9122.51,5116.05,1
NHI Act,CHRISTCHURCH CITY,2025-04-30,[0-40K],,Flood,Closed,No,2444.24,500,0.0,3310.74,2944.24,Valuation,1103.29,2267.81,,1
NHI Act,AUCKLAND,2026-01-15,[0-40K],,Landslip,Closed,No,1437.5,500,880000.0,1937.5,36957.82,Cost to Repair,,851.62,,1
NHI Act,NEW PLYMOUTH DISTRICT,2024-09-25,[0-40K],,Landslip,Closed,No,4750.0,500,550000.0,60886.05,5250.0,Valuation,3128.0,13107.66,,1
NHI Act,Tasman District,2025-07-11,[0-40K],,Flood,Closed,No,6448.71,500,300000.0,6948.7,116400.0,Cost to Repair,1954.06,1207.5,,1
NHI Act,MARLBOROUGH DISTRICT,2025-06-26,[0-40K],,Landslip,Closed,No,9323.0,500,300000.0,9823.0,48700.0,Cost to Repair,1103.29,15471.81,,1
NHI Act,LOWER HUTT CITY,2026-04-18,[0-40K],,Landslip,Closed,No,100.0,500,0.0,39588.35,600.0,Valuation,,11606.1,,1
NHI Act,THAMES-COROMANDEL DISTRICT,2026-01-21,[0-40K],,Landslip,Closed,No,6950.0,500,500000.0,86412.2,7450.0,Valuation,1129.32,12880.47,,1
NHI Act,WELLINGTON CITY,2026-02-16,[0-40K],,Storm,Closed,No,1579.66,500,360000.0,2080.0,2700.0,Cost to Repair,1129.32,3181.97,,1
NHI Act,TASMAN DISTRICT,2025-06-27,[0-40K],,Flood,Closed,No,10371.0,500,0.0,10871.0,189622.0,Cost to Repair,1103.29,7555.37,,1
NHI Act,SOUTHLAND DISTRICT,2025-10-23,[0-40K],,Storm,Closed,No,600.0,500,180000.0,1668.65,1100.0,Valuation,1954.06,920.0,,1
NHI Act,WAITAKI DISTRICT,2024-10-04,[0-40K],,Landslip,Closed,No,2127.24,500,4000.0,2627.24,8053.98,Cost to Repair,1103.29,2018.35,,1
NHI Act,AUCKLAND,2025-07-11,[0-40K],,Landslip,Closed,No,16050.0,500,350000.0,44358.46,16550.0,Valuation,3128.0,10511.78,,1
NHI Act,GISBORNE DISTRICT,2026-01-18,[0-40K],,Storm,Closed,No,10982.0,500,211000.0,22964.0,178398.02,Cost to Repair,2400.89,2306.99,,1
NHI Act,WHANGAREI DISTRICT,2025-07-24,[0-40K],,Storm,Closed,Yes,22818.0,500,217567.51,50514.5,23317.51,Valuation,1103.29,10834.83,,1
NHI Act,DUNEDIN CITY,2024-10-04,[40K-80K],,Flood,Closed,Yes,49938.01,500,300000.0,50437.39,52820.0,Cost to Repair,1103.29,25153.31,,1
NHI Act,TASMAN DISTRICT,2025-07-12,[40K-80K],,Landslip,Closed,Yes,41391.65,500,678691.95,191613.94,41891.95,Valuation,3128.0,12037.58,,1
NHI Act,AUCKLAND,2025-07-11,[40K-80K],,Landslip,Closed,No,67700.01,1000,950000.0,152361.7,68700.0,Valuation,1129.32,13748.87,1138.01,2
NHI Act,NEW PLYMOUTH DISTRICT,2025-06-27,[40K-80K],,Landslip,Closed,Yes,71100.0,500,410000.0,116051.45,64600.0,Valuation,,17645.85,6090.0,1
NHI Act,WHAKATANE DISTRICT,2026-01-22,[0-40K],,Flood,Closed,No,15860.51,1000,285000.0,16860.51,44700.0,Cost to Repair,,5068.11,,2
NHI Act,WHANGAREI DISTRICT,2026-01-18,[0-40K],Maori Owned Land,Landslip,Closed,Yes,21475.0,500,680174.48,50000.0,21974.48,Valuation,1129.32,15387.66,,1
NHI Act,GISBORNE DISTRICT,2026-01-21,[0-40K],,Landslip,Closed,No,26948.67,500,260000.0,27448.67,237000.0,Cost to Repair,1129.32,17311.57,,1
NHI Act,WELLINGTON CITY,2024-09-19,[0-40K],,Landslip,Closed,Yes,28846.71,1000,970166.71,52092.41,29846.71,Valuation,3128.0,32900.13,,2
NHI Act,AUCKLAND,2026-01-21,[0-40K],,Landslip,Closed,No,20400.0,500,745000.0,174290.37,20900.0,Valuation,,13539.9,12054.07,1
NHI Act,TASMAN DISTRICT,2025-06-27,[0-40K],,Flood,Closed,No,929.28,500,730000.0,1429.28,9125.0,Cost to Repair,278.98,,,1
NHI Act,THAMES-COROMANDEL DISTRICT,2026-01-20,[0-40K],,Landslip,Closed,No,1950.0,500,500000.0,55404.69,2450.0,Valuation,1129.32,12246.89,6714.0,1
NHI Act,TASMAN DISTRICT,2025-06-27,[0-40K],,Flood,Closed,No,4758.0,500,0.0,5258.0,14000.0,Cost to Repair,1103.29,1569.87,,1
NHI Act,AUCKLAND,2026-01-21,[0-40K],Associated with Maori Land,Landslip,Closed,No,951.0,500,720000.0,1450.89,2249.97,Cost to Repair,,4268.09,0.0,1
NHI Act,WHANGAREI DISTRICT,2025-06-24,[0-40K],,Storm,Closed,No,11524.93,500,450000.0,12024.93,34900.0,Cost to Repair,,7004.38,,1
NHI Act,WHANGAREI DISTRICT,2026-01-18,[40K-80K],,Landslip,Closed,Yes,45762.74,500,459221.85,46262.74,239121.85,Cost to Repair,1129.32,15531.44,59680.64,1
NHI Act,WELLINGTON CITY,2026-04-20,[80K-150K],,Landslip,Settlement,Yes,82645.93,500,469329.37,134762.1,98959.37,Valuation,1129.32,14194.75,35461.0,1
NHI Act,TASMAN DISTRICT,2025-06-27,[0-40K],,Storm,Closed,No,4118.12,500,1010000.0,4618.12,29037.5,Cost to Repair,1954.06,,,1
NHI Act,TASMAN DISTRICT,2025-07-11,[0-40K],,Landslip,Closed,No,4803.0,500,0.0,5303.0,156573.75,Cost to Repair,,18075.6,6464.0,1
NHI Act,WELLINGTON CITY,2024-11-29,[0-40K],,Landslip,Closed,No,3580.0,500,600000.0,31616.79,4080.0,Valuation,3128.0,11112.17,,1
NHI Act,WAIKATO DISTRICT,2024-07-06,[0-40K],,Landslip,Closed,No,37750.0,500,440000.0,38250.0,42500.0,Cost to Repair,3128.0,22231.01,0.0,1
NHI Act,DUNEDIN CITY,2024-10-03,[0-40K],,Landslip,Closed,No,4542.3,500,305000.0,5042.3,69500.0,Cost to Repair,3128.0,19843.65,,1
NHI Act,WESTERN BAY OF PLENTY DISTRICT,2026-03-27,[0-40K],,Landslip,Closed,No,9100.0,500,820000.0,107936.22,9600.0,Valuation,,9623.02,,1
NHI Act,WELLINGTON CITY,2026-04-20,[80K-150K],,Landslip,EQC_Settled,Yes,80239.62,500,621928.81,80739.62,95788.81,Cost to Repair,,2511.63,3072.8,1
NHI Act,WELLINGTON CITY,2025-07-19,[0-40K],,Landslip,Closed,No,7550.0,500,600000.0,28468.55,8050.0,Valuation,3128.0,11517.66,,1
NHI Act,NELSON CITY,2025-05-26,[0-40K],,Landslip,Closed,No,13600.0,500,375000.0,35942.53,21000.0,Valuation,1103.29,14440.33,,1
NHI Act,THAMES-COROMANDEL DISTRICT,2026-03-26,[0-40K],,Landslip,Closed,No,4600.0,500,650000.0,83123.18,5100.0,Valuation,1129.32,13161.2,557.0,1
NHI Act,CHRISTCHURCH CITY,2026-02-17,[0-40K],,Flood,Closed,No,16915.01,500,0.0,17415.0,70959.98,Cost to Repair,1129.32,,,1
NHI Act,OTOROHANGA DISTRICT,2026-02-13,[0-40K],,Storm,Closed,No,743.0,500,380000.0,1831.63,1242.96,Valuation,1129.32,3019.23,,1
NHI Act,WAIKATO DISTRICT,2024-07-30,[0-40K],,Flood,Closed,No,15456.0,500,175000.0,15956.0,18061.6,Cost to Repair,3201.93,6728.51,,1
NHI Act,TAURANGA CITY,2026-01-22,[40K-80K],,Landslip,Closed,Yes,76900.01,500,900000.0,50000.0,69900.0,Cost to Repair,1129.32,39374.94,,1
NHI Act,TASMAN DISTRICT,2025-07-11,[0-40K],,Landslip,Closed,No,3800.0,500,420000.0,89802.14,4300.0,Valuation,3128.0,6191.85,10918.47,1
NHI Act,CHRISTCHURCH CITY,2025-05-01,[0-40K],,Flood,Closed,Yes,3634.15,500,8938.57,4134.15,9088.57,Cost to Repair,1103.29,9142.5,,1
NHI Act,AUCKLAND,2026-03-26,[0-40K],,Storm,Closed,No,3097.0,500,650000.0,3596.14,19758.91,Cost to Repair,1129.32,3270.82,,1
NHI Act,THAMES-COROMANDEL DISTRICT,2026-01-21,[0-40K],,Storm,Closed,No,13123.29,500,0.0,13632.29,19927.75,Cost to Repair,1129.32,,,1
NHI Act,ROTORUA DISTRICT,2026-02-13,[0-40K],,Storm,Closed,No,2598.0,500,350000.0,3097.68,5634.73,Cost to Repair,1129.32,3912.23,,1
NHI Act,CHRISTCHURCH CITY,2025-05-01,[0-40K],,Landslip,Closed,No,9000.0,500,350000.0,47238.12,9500.0,Valuation,1103.29,9234.5,,1
NHI Act,TAURANGA CITY,2026-01-22,[0-40K],,Storm,Closed,No,1757.0,500,610000.0,2256.32,6300.0,Cost to Repair,1129.32,4461.15,,1
NHI Act,DUNEDIN CITY,2024-10-03,[40K-80K],,Landslip,Closed,Yes,51332.37,500,160682.37,195319.62,51832.37,Valuation,3128.0,37152.37,50221.91,1
NHI Act,WELLINGTON CITY,2024-09-25,[0-40K],,Landslip,Closed,Yes,12750.83,500,926961.3,13528.75,19700.65,Cost to Repair,1909.0,6274.75,,1
NHI Act,TASMAN DISTRICT,2025-06-27,[0-40K],,Storm,Closed,No,32145.33,500,190000.0,32645.33,141400.0,Cost to Repair,,3749.18,,1
NHI Act,TASMAN DISTRICT,2025-06-27,[0-40K],,Flood,Closed,No,10487.0,500,130000.0,10987.0,130000.0,Cost to Repair,1103.29,2940.96,,1
NHI Act,THAMES-COROMANDEL DISTRICT,2026-01-21,[0-40K],,Storm,Closed,No,2500.0,500,300000.0,5341.19,3000.0,Valuation,3201.84,5556.34,,1
NHI Act,AUCKLAND,2026-01-22,[40K-80K],,Landslip,Closed,No,52400.0,500,790000.0,98532.92,52900.0,Valuation,,15816.45,7811.22,1
NHI Act,DUNEDIN CITY,2025-10-23,[0-40K],,Storm,Closed,No,3985.0,500,32550.0,4485.0,32550.0,Cost to Repair,1129.32,1024.19,,1
NHI Act,WAIROA DISTRICT,2026-07-09,[0-40K],,Flood,Settlement,No,5815.0,500,107000.0,6314.43,30125.96,Cost to Repair,1129.32,1312.15,,1
NHI Act,CHRISTCHURCH CITY,2026-02-17,[0-40K],,Landslip,Closed,No,5390.0,500,280000.0,156776.78,5890.0,Valuation,,13211.51,7512.57,1
NHI Act,RUAPEHU DISTRICT,2025-10-14,[0-40K],,Flood,Closed,No,11067.87,500,180000.0,11567.87,15700.0,Cost to Repair,3128.0,3357.43,,1
NHI Act,LOWER HUTT CITY,2025-06-13,[0-40K],,Landslip,Closed,No,1000.0,500,380000.0,34750.19,1500.0,Valuation,3128.0,12631.6,,1
NHI Act,TASMAN DISTRICT,2025-07-11,[0-40K],,Storm,Closed,No,3956.54,500,350000.0,4456.54,21000.0,Cost to Repair,1909.0,920.0,,1
NHI Act,OTOROHANGA DISTRICT,2026-02-13,[0-40K],,Flood,Settlement,No,897.0,500,320000.0,1396.8,3000.0,Cost to Repair,1129.32,4453.88,,1
NHI Act,NELSON CITY,2025-06-28,[40K-80K],,Landslip,Reopened,Yes,53271.5,500,1007621.47,165506.0,53771.47,Valuation,,10516.93,,1
NHI Act,SELWYN DISTRICT,2025-05-01,[0-40K],,Flood,Closed,No,379.99,500,260000.0,880.0,1626.3,Cost to Repair,1103.29,1018.33,,1
NHI Act,NELSON CITY,2025-07-11,[0-40K],,Storm,Closed,Yes,4144.0,500,459933.33,4643.02,15533.33,Cost to Repair,,15950.12,,1
NHI Act,WELLINGTON CITY,2025-06-07,[0-40K],,Landslip,Closed,No,10430.0,500,400000.0,16754.49,10930.0,Valuation,,12429.9,,1
NHI Act,WELLINGTON CITY,2026-04-20,[0-40K],,Landslip,Closed,No,2800.0,1000,590000.0,42357.89,3800.0,Valuation,,10084.8,,2
NHI Act,TASMAN DISTRICT,2025-07-11,[0-40K],,Landslip,Closed,No,20600.0,500,480000.0,181837.77,21600.0,Valuation,3128.0,15240.2,,1
NHI Act,FAR NORTH DISTRICT,2025-07-29,[0-40K],,Landslip,Closed,Yes,29418.77,500,393368.77,37150.88,33918.77,Valuation,1129.32,3414.35,,1
NHI Act,AUCKLAND,2026-01-21,[0-40K],,Landslip,Closed,Yes,38960.0,500,808409.31,50000.0,39459.31,Valuation,1129.32,16529.87,10301.0,1
NHI Act,AUCKLAND,2025-05-29,[0-40K],,Landslip,Closed,Yes,39026.0,500,983451.92,41035.21,43851.92,Cost to Repair,1103.29,9706.28,2256.0,1
NHI Act,WELLINGTON CITY,2024-08-31,[0-40K],,Landslip,Closed,No,2000.0,500,690000.0,56737.54,2500.0,Valuation,1103.29,6653.22,,1
NHI Act,DUNEDIN CITY,2024-10-04,[0-40K],,Landslip,Closed,No,4770.0,500,215000.0,5355.03,5270.0,Valuation,3128.0,13426.12,,1
NHI Act,AUCKLAND,2025-07-11,[0-40K],,Landslip,Closed,Yes,9063.0,500,856762.69,50000.0,9562.69,Valuation,1103.29,15099.75,,1
NHI Act,WELLINGTON CITY,2026-04-19,[0-40K],,Landslip,Closed,No,4600.0,1000,645000.0,40091.73,5600.0,Valuation,1129.32,12142.7,,2
NHI Act,CHRISTCHURCH CITY,2026-02-16,[40K-80K],,Storm,Closed,Yes,57000.0,500,50000.0,50000.0,50000.0,Minimum Size Site,1129.32,6928.18,,1
NHI Act,OTOROHANGA DISTRICT,2026-03-14,[0-40K],,Landslip,Closed,No,1162.22,500,340000.0,1662.23,5000.0,Cost to Repair,1129.32,4340.03,,1
NHI Act,WESTERN BAY OF PLENTY DISTRICT,2026-03-27,[0-40K],,Landslip,Closed,No,1100.0,500,500000.0,80341.33,1600.0,Valuation,,20705.43,2829.4,1
NHI Act,AUCKLAND,2025-04-17,[0-40K],,Landslip,Closed,No,22840.0,500,875000.0,386650.43,23340.0,Valuation,3128.0,11303.39,,1
NHI Act,WHANGAREI DISTRICT,2024-07-07,[0-40K],,Landslip,Closed,Yes,1850.0,500,613908.82,36490.11,16258.82,Valuation,3128.0,15013.1,14685.16,1
NHI Act,DUNEDIN CITY,2024-10-03,[0-40K],,Flood,Closed,No,2921.0,500,350000.0,3421.0,7400.0,Cost to Repair,1103.29,13339.42,,1
NHI Act,WELLINGTON CITY,2025-07-05,[0-40K],,Landslip,Closed,Yes,9600.0,500,500300.0,10100.0,10100.0,Valuation,,376.05,,1
NHI Act,THAMES-COROMANDEL DISTRICT,2026-01-21,[0-40K],,Landslip,Closed,Yes,21381.0,500,705880.98,41321.41,21880.98,Valuation,,14181.62,,1
NHI Act,WELLINGTON CITY,2024-10-03,[0-40K],,Landslip,Closed,No,25442.0,1000,950000.0,28633.19,53200.0,Cost to Repair,1103.29,11907.16,268.0,2
NHI Act,WELLINGTON CITY,2025-08-09,[0-40K],,Landslip,Closed,No,10260.78,500,480000.0,10760.78,16750.0,Cost to Repair,3128.0,11269.07,3996.64,1
NHI Act,WELLINGTON CITY,2026-04-20,[0-40K],,Storm,Closed,No,27039.25,500,450000.0,27539.25,55100.0,Cost to Repair,,1492.53,,1
NHI Act,TASMAN DISTRICT,2025-06-27,[0-40K],,Storm,Closed,No,1666.7,500,550000.0,2166.7,8600.0,Cost to Repair,1909.0,920.0,,1
NHI Act,CENTRAL HAWKE'S BAY DISTRICT,2026-04-21,[0-40K],,Flood,Closed,No,4580.0,500,0.0,5079.14,10350.0,Cost to Repair,1129.32,4363.89,,1
NHI Act,OTOROHANGA DISTRICT,2026-02-13,[0-40K],,Landslip,Closed,No,4852.21,500,375000.0,5352.21,10980.0,Cost to Repair,1129.32,21032.18,0.0,1
NHI Act,WHAKATANE DISTRICT,2026-01-22,[0-40K],,Storm,Closed,No,2427.57,500,0.0,2928.0,10500.0,Cost to Repair,1129.32,3189.57,,1
NHI Act,WELLINGTON CITY,2025-10-21,[0-40K],,Flood,Closed,Yes,10353.0,500,808942.78,56906.66,10852.78,Valuation,1129.32,9828.59,,1
NHI Act,DUNEDIN CITY,2024-10-04,[0-40K],,Landslip,Closed,No,7250.0,500,175000.0,90100.33,7750.0,Valuation,3128.0,12976.85,871.36,1
NHI Act,WELLINGTON CITY,2026-04-20,[0-40K],,Landslip,Closed,No,13310.0,500,325000.0,34216.62,13810.0,Valuation,1129.32,10744.93,,1
NHI Act,CHRISTCHURCH CITY,2026-02-16,[0-40K],,Flood,Closed,No,2019.18,500,33017.12,2519.18,33017.12,Cost to Repair,1129.32,2515.51,,1
NHI Act,GREY DISTRICT,2024-12-20,[0-40K],,Landslip,Closed,No,850.0,500,36000.0,72046.77,1350.0,Valuation,1103.29,16471.4,978.03,1
NHI Act,OTOROHANGA DISTRICT,2026-02-13,[40K-80K],,Storm,Closed,No,72237.87,500,350000.0,72737.87,174400.0,Cost to Repair,3997.59,1560.67,,1
NHI Act,TASMAN DISTRICT,2025-06-28,[0-40K],,Flood,Closed,No,9155.2,500,0.0,9655.19,30225.0,Cost to Repair,1103.29,517.5,,1
NHI Act,TASMAN DISTRICT,2025-06-27,[0-40K],,Flood,Closed,No,22584.0,500,400000.0,23084.0,39900.0,Cost to Repair,1103.29,7248.97,,1
NHI Act,OPOTIKI DISTRICT,2025-07-29,[0-40K],,Landslip,Closed,No,2125.0,500,430000.0,49732.28,2625.0,Valuation,1103.29,3230.12,,1
NHI Act,WELLINGTON CITY,2026-04-20,[0-40K],,Flood,Closed,No,460.25,500,0.0,960.25,40325.11,Cost to Repair,,1105.44,,1
NHI Act,AUCKLAND,2026-01-16,[0-40K],,Landslip,Closed,No,3150.0,500,500000.0,36548.91,3650.0,Valuation,1129.32,13575.77,,1
NHI Act,Auckland - North Shore,2024-07-14,[0-40K],,Landslip,Closed,No,3690.0,500,550000.0,57767.46,4190.0,Valuation,3128.0,17838.12,,1
NHI Act,CHRISTCHURCH CITY,2025-05-03,[0-40K],,Landslip,Closed,No,16900.0,500,325000.0,43331.42,17400.0,Valuation,,,,1
NHI Act,WELLINGTON CITY,2026-04-20,[40K-80K],,Flood,Closed,No,43933.5,500,0.0,44493.5,91149.06,Cost to Repair,1129.32,1459.09,,1
NHI Act,AUCKLAND,2026-01-21,[0-40K],,Landslip,Closed,No,24900.0,500,550000.0,124946.26,29200.0,Valuation,2400.89,14326.1,,1
NHI Act,SOUTHLAND DISTRICT,2025-10-23,[0-40K],,Flood,Closed,No,4300.0,500,350000.0,8587.54,4800.0,Valuation,1129.32,4741.85,,1
NHI Act,WESTERN BAY OF PLENTY DISTRICT,2026-01-21,[0-40K],,Landslip,Closed,Yes,4100.0,500,450000.0,56193.41,4600.0,Valuation,,8312.49,1532.9,1
NHI Act,TASMAN DISTRICT,2025-07-11,[0-40K],,Landslip,Closed,No,9247.0,500,580000.0,9746.47,36700.0,Cost to Repair,,14554.46,,1
NHI Act,Clutha District,2025-02-18,[0-40K],,Flood,Closed,No,9931.94,500,115000.0,10431.94,18200.0,Cost to Repair,3128.0,4826.08,,1
NHI Act,DUNEDIN CITY,2026-01-26,[0-40K],,Flood,Closed,Yes,29817.64,500,220117.64,42803.35,30317.64,Valuation,,12221.33,,1
NHI Act,WAIMAKARIRI DISTRICT,2024-08-17,[0-40K],,Flood,Closed,No,3470.0,500,320000.0,5717.0,33513.75,Cost to Repair,3201.93,8371.89,,1
NHI Act,AUCKLAND,2025-07-13,[150K-300K],,Landslip,Closed,No,170580.0,500,1400000.0,515342.14,171080.0,Valuation,3128.0,30456.66,95558.22,1
NHI Act,CHRISTCHURCH CITY,2026-02-16,[0-40K],,Flood,Closed,No,4248.79,500,11050.58,4748.79,11050.58,Cost to Repair,1129.32,2646.15,,1
NHI Act,HASTINGS DISTRICT,2024-12-27,[0-40K],,Storm,Closed,No,1881.87,500,0.0,2382.0,7613.71,Cost to Repair,1103.29,4182.73,,1
NHI Act,GISBORNE DISTRICT,2026-01-22,[40K-80K],,Landslip,Closed,No,49097.34,500,95000.0,49597.34,95000.0,Cost to Repair,1129.32,17210.27,344500.0,1
NHI Act,TARARUA DISTRICT,2025-10-21,[0-40K],,Storm,Closed,Yes,5939.99,500,154059.91,6440.0,10809.91,Cost to Repair,1954.06,920.0,,1
NHI Act,THAMES-COROMANDEL DISTRICT,2026-01-23,[0-40K],,Landslip,Closed,No,13250.0,500,700000.0,76141.92,13750.0,Valuation,3201.84,26163.13,,1
NHI Act,NEW PLYMOUTH DISTRICT,2025-07-07,[0-40K],,Landslip,Closed,No,33424.0,500,420000.0,159252.05,34423.2,Valuation,1103.29,15679.84,,1
NHI Act,TASMAN DISTRICT,2025-07-11,[0-40K],,Landslip,Closed,Yes,3958.7,500,608039.47,4458.7,35339.47,Cost to Repair,1954.06,1207.5,,1
NHI Act,WELLINGTON CITY,2025-07-13,[80K-150K],,Landslip,Closed,Yes,87923.21,500,766143.21,300511.11,88423.21,Valuation,3128.0,10915.75,6036.07,1
NHI Act,TASMAN DISTRICT,2025-06-27,[0-40K],,Storm,Closed,No,4445.0,500,500000.0,4945.0,112750.0,Cost to Repair,1954.06,,,1
NHI Act,WELLINGTON CITY,2026-04-20,[0-40K],,Flood,Closed,No,767.51,1000,500000.0,1767.51,19300.0,Cost to Repair,,3225.67,,2
NHI Act,HURUNUI DISTRICT,2025-10-23,[0-40K],,Storm,Closed,No,100.0,500,175000.0,2613.95,600.0,Valuation,1954.06,1207.5,,1
NHI Act,THAMES-COROMANDEL DISTRICT,2026-01-21,[0-40K],,Landslip,Closed,No,3024.99,500,0.0,152720.9,3525.0,Valuation,1129.32,11442.5,,1
NHI Act,DUNEDIN CITY,2024-10-04,[0-40K],,Storm,Closed,No,2580.27,500,365000.0,3080.27,7000.0,Cost to Repair,1103.29,4266.16,,1
NHI Act,TASMAN DISTRICT,2025-06-28,[0-40K],,Flood,Closed,No,8706.81,500,490000.0,9206.81,16283.52,Cost to Repair,3128.0,1234.47,,1
NHI Act,GISBORNE DISTRICT,2026-01-22,[0-40K],Associated with Maori Land,Landslip,Closed,No,6875.0,500,85000.0,241469.11,8100.0,Valuation,,17693.49,12982.0,1
NHI Act,GISBORNE DISTRICT,2026-01-24,[0-40K],,Landslip,Reopened,No,9643.0,500,125000.0,10142.67,53500.0,Cost to Repair,1129.32,6739.43,272.0,1
NHI Act,WELLINGTON CITY,2025-07-05,[0-40K],,Landslip,Closed,No,12350.0,500,460000.0,72761.98,12850.0,Valuation,3128.0,11005.51,,1
NHI Act,LOWER HUTT CITY,2026-02-16,[0-40K],,Flood,Closed,No,4818.05,500,420000.0,5318.05,28200.0,Cost to Repair,,3464.45,,1
NHI Act,CLUTHA DISTRICT,2024-10-04,[0-40K],,Flood,Closed,No,494.01,500,185000.0,994.0,1150.0,Cost to Repair,1103.29,5456.5,,1
NHI Act,RUAPEHU DISTRICT,2025-10-14,[0-40K],,Flood,Closed,No,14653.86,500,180000.0,15153.86,23800.0,Cost to Repair,3128.0,3828.34,,1
NHI Act,WHANGAREI DISTRICT,2026-01-17,[0-40K],Associated with Maori Land,Landslip,Closed,Yes,37903.79,500,670903.79,68191.71,38403.79,Valuation,,11768.69,,1
NHI Act,TASMAN DISTRICT,2025-06-14,[0-40K],,Storm,Closed,No,13350.01,500,480000.0,95428.06,13850.0,Valuation,,10486.95,,1
NHI Act,WAIMAKARIRI DISTRICT,2025-04-30,[0-40K],,Flood,Closed,No,660.0,500,465000.0,1159.07,4200.0,Cost to Repair,1103.29,2546.68,,1
NHI Act,WELLINGTON CITY,2024-08-19,[0-40K],,Landslip,Closed,Yes,34987.0,500,822361.9,122313.54,36651.9,Valuation,1103.29,5973.19,7610.55,1
NHI Act,UPPER HUTT CITY,2025-09-29,[0-40K],,Landslip,Closed,Yes,24080.23,500,329430.23,54745.46,24580.23,Valuation,3201.84,14201.23,,1
NHI Act,NELSON CITY,2025-06-27,[0-40K],,Landslip,Closed,No,1775.0,500,8800.0,2274.38,8800.0,Cost to Repair,1103.29,10902.25,,1
NHI Act,THAMES-COROMANDEL DISTRICT,2026-01-22,[40K-80K],,Flood,Closed,No,61701.5,500,650000.0,62201.5,120900.0,Cost to Repair,3201.84,15807.68,,1
NHI Act,CHRISTCHURCH CITY,2025-05-02,[0-40K],,Landslip,Closed,No,8140.0,500,575000.0,34394.46,9760.0,Valuation,1103.29,12512.26,2209.0,1
NHI Act,FAR NORTH DISTRICT,2026-01-20,[0-40K],,Landslip,Closed,No,6500.0,500,1600000.0,95990.91,7700.0,Valuation,1129.32,14383.39,,1
NHI Act,TASMAN DISTRICT,2025-07-11,[0-40K],Associated with Maori Land,Flood,Closed,No,1931.36,500,350000.0,2431.36,23000.0,Cost to Repair,1954.06,1472.06,,1
NHI Act,WHANGAREI DISTRICT,2026-01-25,[0-40K],,Landslip,Closed,Yes,28186.99,500,605886.53,85965.3,28686.53,Valuation,1129.32,14751.46,,1
NHI Act,TASMAN DISTRICT,2025-07-11,[80K-150K],,Landslip,Closed,No,136134.52,500,600000.0,173878.77,448900.0,Cost to Repair,1047.66,7264.47,344500.0,1
NHI Act,DUNEDIN CITY,2024-10-04,[0-40K],,Landslip,Closed,No,4770.0,500,200000.0,29711.0,9700.0,Valuation,1103.29,14124.61,0.0,1
NHI Act,WELLINGTON CITY,2025-07-05,[0-40K],,Landslip,Closed,Yes,24881.85,1000,506131.85,166144.24,25881.85,Valuation,1103.29,11091.98,2885.47,2
NHI Act,OTOROHANGA DISTRICT,2026-02-13,[0-40K],,Flood,Closed,No,5436.65,500,360000.0,5936.65,20160.0,Cost to Repair,3997.59,,,1
NHI Act,AUCKLAND,2026-01-21,[40K-80K],,Storm,Closed,Yes,59193.0,500,724892.3,170128.29,59689.3,Valuation,1129.32,16109.45,1905.0,1
NHI Act,AUCKLAND,2025-05-13,[0-40K],,Storm,Closed,Yes,33787.77,500,875611.52,34287.77,36011.52,Cost to Repair,1954.06,7628.41,,1
NHI Act,TASMAN DISTRICT,2025-07-11,[0-40K],,Flood,Closed,No,5434.0,500,580000.0,5934.0,40300.0,Cost to Repair,1103.29,7926.73,,1
NHI Act,CHRISTCHURCH CITY,2026-02-16,[80K-150K],,Landslip,Closed,No,95300.01,500,225000.0,122990.6,95800.0,Valuation,1129.32,18136.74,295900.0,1
NHI Act,OTOROHANGA DISTRICT,2026-02-13,[0-40K],,Flood,Closed,No,835.0,500,450000.0,1334.12,1750.0,Cost to Repair,1129.32,3448.28,,1
NHI Act,LOWER HUTT CITY,2026-02-16,[0-40K],,Storm,Closed,Yes,15803.83,500,406503.83,74847.37,16303.82,Valuation,1129.32,8535.6,,1
NHI Act,MASTERTON DISTRICT,2026-06-26,[0-40K],,Landslip,Closed,No,1249.98,500,370000.0,3499.96,3600.0,Cost to Repair,2400.89,2654.21,,1
NHI Act,Taupo District,2024-09-06,[0-40K],,Storm,Closed,No,1590.0,500,460000.0,25285.39,2930.0,Valuation,3201.93,4625.88,,1
NHI Act,TASMAN DISTRICT,2025-06-27,[0-40K],,Flood,Closed,No,15408.0,500,0.0,15907.38,132545.1,Cost to Repair,1103.29,3408.2,,1
NHI Act,MARLBOROUGH DISTRICT,2025-07-13,[0-40K],,Flood,Closed,No,6421.17,500,320000.0,6921.17,10400.0,Cost to Repair,1954.06,,,1
NHI Act,TASMAN DISTRICT,2025-07-11,[0-40K],Associated with Maori Land,Flood,Closed,No,159.49,500,120000.0,659.49,5650.0,Cost to Repair,1954.06,,,1
NHI Act,TASMAN DISTRICT,2025-07-11,[0-40K],,Storm,Closed,No,4285.88,500,990000.0,4785.88,19800.0,Cost to Repair,1954.06,,,1
NHI Act,GISBORNE DISTRICT,2026-01-21,[0-40K],,Landslip,Closed,No,22079.0,500,0.0,22579.0,200000.0,Cost to Repair,1129.32,3696.33,,1
NHI Act,LOWER HUTT CITY,2026-02-16,[0-40K],,Storm,Closed,Yes,25374.0,500,372673.45,92385.94,25873.45,Valuation,1129.32,11084.22,,1
NHI Act,AUCKLAND,2025-06-27,[80K-150K],,Landslip,Closed,No,101042.76,500,0.0,0.0,0.0,Minimum Size Site,2611.07,14819.32,,1
NHI Act,AUCKLAND,2025-06-28,[0-40K],,Landslip,Closed,No,6070.0,500,575000.0,42487.55,6570.0,Valuation,3128.0,11909.18,1976.33,1
NHI Act,TASMAN DISTRICT,2025-07-11,[0-40K],,Storm,Closed,No,5332.88,500,380000.0,5832.88,64902.22,Cost to Repair,1909.0,,,1
NHI Act,NEW PLYMOUTH DISTRICT,2025-07-03,[0-40K],,Landslip,Closed,Yes,16949.4,500,411299.4,34657.67,17499.4,Valuation,278.98,3806.5,,1
NHI Act,AUCKLAND,2026-01-14,[0-40K],,Landslip,Closed,No,9100.0,500,850000.0,34933.5,9600.0,Valuation,1129.32,13429.36,,1
NHI Act,WELLINGTON CITY,2026-02-13,[0-40K],,Storm,Closed,Yes,7879.0,500,8378.16,18890.01,8378.16,Minimum Size Site,,11351.7,,1
NHI Act,PORIRUA CITY,2026-02-15,[0-40K],,Storm,Closed,No,3400.0,500,0.0,4167.19,3900.0,Valuation,,10646.59,,1
NHI Act,WELLINGTON CITY,2025-05-18,[0-40K],,Landslip,Closed,Yes,7430.99,500,380371.8,23220.56,9438.47,Valuation,,4814.27,,1
NHI Act,DUNEDIN CITY,2024-10-04,[40K-80K],,Landslip,Closed,Yes,71521.31,500,339981.31,91417.09,72021.31,Valuation,3128.0,16363.46,,1
NHI Act,CHRISTCHURCH CITY,2026-02-16,[0-40K],,Landslip,Closed,No,7400.0,500,275000.0,110493.78,7900.0,Valuation,,16230.56,1432.29,1
NHI Act,LOWER HUTT CITY,2026-04-22,[0-40K],,Landslip,Closed,No,4500.0,500,160000.0,42859.77,5000.0,Valuation,,11583.4,,1
NHI Act,CHRISTCHURCH CITY,2026-02-17,[0-40K],,Flood,Settlement,No,4030.0,500,0.0,4529.22,142452.8,Cost to Repair,1129.32,4902.66,,1
NHI Act,WELLINGTON CITY,2026-04-20,[0-40K],,Landslip,Closed,No,1020.0,500,530000.0,22866.09,1520.0,Valuation,1129.32,9435.88,,1
NHI Act,THAMES-COROMANDEL DISTRICT,2026-03-27,[80K-150K],,Landslip,Reopened,Yes,81172.0,500,6343.61,81671.95,94743.61,Cost to Repair,1129.32,805.0,24759.01,1
NHI Act,WELLINGTON CITY,2026-04-20,[0-40K],,Landslip,Closed,No,18400.0,500,350000.0,35620.85,18900.0,Valuation,,12476.42,,1
NHI Act,CHRISTCHURCH CITY,2025-03-18,[0-40K],,Flood,Closed,No,1933.64,500,860000.0,2433.65,17630.0,Cost to Repair,1909.0,,,1
NHI Act,TASMAN DISTRICT,2025-07-11,[0-40K],,Flood,Closed,No,26594.15,500,340000.0,27094.15,296500.0,Cost to Repair,3128.0,4034.4,,1
NHI Act,OTOROHANGA DISTRICT,2026-02-13,[0-40K],,Flood,Closed,No,1414.99,500,0.0,1914.05,7131.16,Cost to Repair,1129.32,4315.95,,1
NHI Act,TASMAN DISTRICT,2025-06-27,[0-40K],,Storm,Closed,No,1591.96,500,570000.0,4275.0,2091.96,Valuation,1954.06,,,1
NHI Act,CHRISTCHURCH CITY,2025-06-09,[0-40K],,Storm,Assessment,Yes,12716.0,500,18607.96,39647.67,22107.96,Valuation,2333.35,5659.62,,1
NHI Act,AUCKLAND,2026-01-21,[0-40K],,Landslip,Closed,No,31400.0,500,875000.0,80345.69,31900.0,Valuation,1129.32,12073.04,,1
NHI Act,TASMAN DISTRICT,2025-06-27,[0-40K],,Storm,Closed,No,3221.89,500,330000.0,3721.89,4950.0,Cost to Repair,1909.0,1207.5,,1
NHI Act,NELSON CITY,2025-05-26,[0-40K],,Flood,Closed,No,1200.86,500,335000.0,1700.86,17602.63,Cost to Repair,1909.0,,,1
NHI Act,ROTORUA DISTRICT,2025-12-11,[0-40K],,Landslip,Closed,No,932.0,500,0.0,1432.0,2711.94,Cost to Repair,,3239.21,,1
NHI Act,KAPITI COAST DISTRICT,2026-02-15,[0-40K],,Storm,Closed,No,400.0,500,450000.0,18797.89,900.0,Valuation,,8853.68,,1
NHI Act,CHRISTCHURCH CITY,2026-02-17,[0-40K],,Flood,Closed,No,3519.36,500,132640.3,4019.36,132640.3,Cost to Repair,1129.32,2600.15,,1
NHI Act,TASMAN DISTRICT,2025-06-27,[0-40K],,Flood,Closed,No,2122.0,500,5743.98,2622.0,500000.0,Cost to Repair,1103.29,1402.66,,1
NHI Act,TASMAN DISTRICT,2025-06-27,[0-40K],,Landslip,Closed,No,5236.0,500,0.0,5735.11,48800.0,Cost to Repair,,2738.78,,1
NHI Act,WELLINGTON CITY,2024-08-19,[0-40K],,Landslip,Closed,Yes,34987.0,500,822361.9,122313.54,36651.9,Valuation,1103.29,5973.19,259.0,1
NHI Act,TAURANGA CITY,2026-03-28,[0-40K],,Storm,Closed,No,1831.39,500,545000.0,2331.39,11732.57,Cost to Repair,,2809.34,,1
NHI Act,CHRISTCHURCH CITY,2026-02-17,[0-40K],,Landslip,Closed,No,6695.0,500,450000.0,7194.61,44625.0,Cost to Repair,1129.32,6282.15,,1
NHI Act,THAMES-COROMANDEL DISTRICT,2026-01-22,[0-40K],,Landslip,Closed,No,18150.0,500,1650000.0,20290.38,18650.0,Valuation,1129.32,21254.19,,1
NHI Act,LOWER HUTT CITY,2026-04-18,[0-40K],,Storm,Closed,Yes,39575.28,500,400000.0,80150.56,105692.24,Cost to Repair,2400.89,12408.42,0.0,1
NHI Act,TASMAN DISTRICT,2025-07-11,[0-40K],,Landslip,Closed,No,8293.0,500,0.0,8793.0,37291.52,Cost to Repair,1103.29,1989.19,,1
NHI Act,OTOROHANGA DISTRICT,2026-02-13,[0-40K],,Storm,Closed,No,939.27,500,380000.0,1439.27,8600.0,Cost to Repair,3997.59,,,1
NHI Act,GISBORNE DISTRICT,2026-01-22,[0-40K],,Flood,Closed,No,22626.58,500,76000.0,23126.58,62872.32,Cost to Repair,,5284.31,,1
NHI Act,TAURANGA CITY,2026-01-23,[0-40K],,Landslip,Closed,Yes,24593.2,500,923593.2,101455.08,25093.2,Valuation,2400.89,17020.04,,1
NHI Act,WESTERN BAY OF PLENTY DISTRICT,2025-05-09,[0-40K],,Landslip,Closed,Yes,29219.7,500,507319.7,41221.24,29719.7,Valuation,3128.0,11088.69,,1
NHI Act,WELLINGTON CITY,2025-06-16,[0-40K],,Landslip,Closed,Yes,26586.8,2000,852136.8,60472.88,28586.8,Valuation,3128.0,27692.47,,4
NHI Act,OTOROHANGA DISTRICT,2026-02-13,[0-40K],,Flood,Closed,No,13176.38,500,375000.0,13676.38,49968.75,Cost to Repair,3997.59,,,1
NHI Act,AUCKLAND,2026-03-26,[0-40K],,Flood,Closed,Yes,8616.7,500,11969.22,9116.7,21599.8,Cost to Repair,1129.32,2457.09,,1
NHI Act,WHANGAREI DISTRICT,2025-04-19,[0-40K],,Storm,Closed,Yes,6574.8,500,0.0,7074.8,8989.1,Cost to Repair,3128.0,3396.01,,1
NHI Act,UPPER HUTT CITY,2026-02-16,[0-40K],,Storm,Closed,Yes,22478.0,500,22977.34,95223.44,22977.34,Minimum Size Site,1129.32,6302.79,0.0,1
NHI Act,TAURANGA CITY,2026-01-22,[80K-150K],,Landslip,Closed,Yes,90189.0,500,570000.0,58553.61,97800.0,Cost to Repair,1129.32,13817.25,,1
NHI Act,AUCKLAND,2025-04-19,[40K-80K],,Landslip,Closed,Yes,55698.84,500,769098.84,63516.49,56198.84,Valuation,3128.0,32097.37,,1
NHI Act,TASMAN DISTRICT,2025-07-11,[0-40K],,Storm,Closed,No,2666.8,500,300000.0,3166.8,56100.0,Cost to Repair,1954.06,920.0,,1
NHI Act,OTOROHANGA DISTRICT,2026-02-13,[80K-150K],,Landslip,Closed,Yes,82304.01,500,231983.97,282545.1,82803.97,Valuation,1129.32,17044.61,21748.0,1
NHI Act,TASMAN DISTRICT,2025-07-11,[0-40K],,Flood,Closed,No,3200.35,500,1140000.0,3700.35,59850.0,Cost to Repair,1954.06,,,1
NHI Act,LOWER HUTT CITY,2026-02-15,[0-40K],,Storm,Closed,No,18349.91,500,375000.0,18849.91,62483.25,Cost to Repair,1129.32,10539.23,,1
NHI Act,NEW PLYMOUTH DISTRICT,2025-06-27,[0-40K],,Landslip,Closed,Yes,23573.57,500,374073.57,36518.44,24073.57,Valuation,,8632.48,,1
NHI Act,NEW PLYMOUTH DISTRICT,2025-12-03,[0-40K],,Landslip,Closed,No,550.0,500,250000.0,20449.13,1900.0,Valuation,1129.32,12656.43,,1
NHI Act,TASMAN DISTRICT,2025-06-27,[0-40K],,Flood,Closed,No,6042.96,500,550000.0,6542.96,22700.0,Cost to Repair,3128.0,2176.24,,1
NHI Act,WELLINGTON CITY,2026-04-20,[150K-300K],,Flood,Closed,No,197500.0,500,650000.0,262882.8,198000.0,Valuation,1129.32,15659.07,,1
NHI Act,CHRISTCHURCH CITY,2026-02-17,[40K-80K],,Flood,Closed,No,52215.76,500,290000.0,52715.76,119490.0,Cost to Repair,1129.32,13079.89,,1
NHI Act,THAMES-COROMANDEL DISTRICT,2026-01-22,[0-40K],,Landslip,Closed,No,19850.0,500,750000.0,69221.77,20350.0,Valuation,1129.32,9044.57,,1
NHI Act,WHANGAREI DISTRICT,2026-01-18,[0-40K],,Landslip,Closed,No,5899.99,500,225000.0,63557.57,6400.0,Valuation,1129.32,14255.5,,1
NHI Act,WELLINGTON CITY,2026-04-20,[0-40K],,Flood,Closed,No,990.0,500,640000.0,1490.0,90171.82,Cost to Repair,,4060.25,,1
NHI Act,TASMAN DISTRICT,2025-06-27,[0-40K],,Landslip,Closed,Yes,34550.0,500,508750.0,120050.25,35050.0,Valuation,3128.0,13996.72,,1
NHI Act,TASMAN DISTRICT,2025-07-11,[0-40K],,Flood,Closed,No,6031.0,500,450000.0,6531.0,16900.0,Cost to Repair,1103.29,615.25,,1
NHI Act,DUNEDIN CITY,2024-10-04,[0-40K],,Flood,Closed,No,3442.0,500,4000.0,3941.39,10690.19,Cost to Repair,1103.29,3090.57,,1
NHI Act,NEW PLYMOUTH DISTRICT,2025-06-09,[0-40K],,Landslip,Closed,Yes,16515.0,500,371514.33,45978.55,17914.33,Valuation,1103.29,13777.83,,1
NHI Act,AUCKLAND,2025-10-14,[0-40K],,Landslip,Closed,Yes,37298.0,500,728098.0,50000.0,37798.0,Valuation,1129.32,27186.85,4839.0,1
NHI Act,TASMAN DISTRICT,2025-07-11,[0-40K],,Landslip,Closed,No,23268.0,500,550000.0,23768.0,134100.0,Cost to Repair,1103.29,10213.94,,1
NHI Act,WESTERN BAY OF PLENTY DISTRICT,2026-01-22,[0-40K],,Landslip,Closed,No,3600.0,500,700000.0,26716.07,4325.0,Valuation,,14247.98,,1
NHI Act,CENTRAL HAWKE'S BAY DISTRICT,2024-12-30,[0-40K],,Storm,Reopened,No,3420.0,500,0.0,3920.0,5151.65,Cost to Repair,1103.29,3035.75,,1
NHI Act,TASMAN DISTRICT,2025-06-27,[0-40K],Associated with Maori Land,Storm,Closed,No,6384.78,500,470000.0,6884.78,86520.0,Cost to Repair,1954.06,1291.83,,1
NHI Act,QUEENSTOWN-LAKES DISTRICT,2025-10-27,[80K-150K],,Landslip,Closed,Yes,139236.7,500,1038937.0,53100.83,139737.0,Cost to Repair,1129.32,13831.01,5059.0,1
NHI Act,CHRISTCHURCH CITY,2026-02-17,[0-40K],,Flood,Closed,No,6549.0,500,380000.0,7049.0,203007.8,Cost to Repair,1129.32,4685.88,,1
NHI Act,DUNEDIN CITY,2025-06-29,[0-40K],,Landslip,Closed,No,5800.0,500,6300.0,43779.24,6300.0,Minimum Size Site,1103.29,7574.89,,1
NHI Act,AUCKLAND,2024-09-17,[0-40K],,Storm,Closed,No,5861.16,500,700000.0,6361.16,8180.0,Cost to Repair,3128.0,4014.67,,1
NHI Act,WAIKATO DISTRICT,2026-01-03,[0-40K],,Storm,Closed,No,4000.15,500,760000.0,4500.15,32300.0,Cost to Repair,1954.06,,,1
NHI Act,WELLINGTON CITY,2026-04-20,[0-40K],,Landslip,Closed,No,8299.36,500,770000.0,8799.36,219369.0,Cost to Repair,,1368.5,,1
NHI Act,TASMAN DISTRICT,2025-06-27,[0-40K],,Flood,Closed,No,7750.0,500,420000.0,8249.9,34903.0,Cost to Repair,1129.32,5538.96,,1
NHI Act,TAURANGA CITY,2026-01-22,[0-40K],,Landslip,Closed,No,9351.0,500,280000.0,52612.4,36200.0,Valuation,1129.32,17201.03,,1
NHI Act,TASMAN DISTRICT,2025-07-11,[0-40K],,Flood,Closed,No,1066.98,500,385000.0,1566.98,13399.07,Cost to Repair,1909.0,6908.23,,1
NHI Act,CHRISTCHURCH CITY,2026-02-16,[0-40K],,Storm,Closed,Yes,21792.72,500,310442.72,23858.69,22292.72,Valuation,,4343.81,,1
NHI Act,TASMAN DISTRICT,2025-07-11,[0-40K],,Flood,Closed,No,6490.12,500,490000.0,6990.12,62842.5,Cost to Repair,1909.0,,,1
NHI Act,QUEENSTOWN-LAKES DISTRICT,2024-09-25,[0-40K],,Landslip,Closed,No,15411.82,500,2300000.0,15911.82,134900.0,Cost to Repair,3128.0,4653.46,,1
NHI Act,CHRISTCHURCH CITY,2026-02-17,[0-40K],Associated with Maori Land,Storm,Closed,No,10178.7,500,340000.0,10687.7,37000.0,Cost to Repair,3997.59,920.0,,1
NHI Act,WELLINGTON CITY,2026-04-20,[0-40K],,Landslip,Closed,No,4101.65,500,650000.0,4601.65,5600.0,Cost to Repair,1129.32,,6034.2,1
NHI Act,CHRISTCHURCH CITY,2026-02-16,[0-40K],,Landslip,Closed,No,9366.0,500,300000.0,9865.39,75150.0,Cost to Repair,1129.32,3061.99,,1
NHI Act,WAIPA DISTRICT,2026-02-13,[0-40K],,Landslip,Settlement,No,278.73,500,460000.0,778.73,5073.8,Cost to Repair,,,,1
NHI Act,WELLINGTON CITY,2024-09-02,[0-40K],,Landslip,Closed,No,2380.0,500,630000.0,12815.38,2880.0,Valuation,3128.0,,,1
NHI Act,TASMAN DISTRICT,2025-07-11,[0-40K],,Flood,Closed,No,21756.0,500,550000.0,22256.0,162300.0,Cost to Repair,1103.29,885.5,,1
NHI Act,AUCKLAND,2025-02-26,[0-40K],,Landslip,Assessment,No,26800.0,500,0.0,293875.84,33100.0,Valuation,1695.1,16248.37,,1
NHI Act,TAURANGA CITY,2026-01-22,[0-40K],,Landslip,Closed,No,7350.0,500,425000.0,30591.97,7850.0,Valuation,1129.32,10692.59,,1
NHI Act,TASMAN DISTRICT,2025-07-12,[0-40K],,Flood,Closed,No,1061.0,500,500000.0,1561.0,2742.59,Cost to Repair,1103.29,1930.06,,1
NHI Act,AUCKLAND,2026-01-24,[0-40K],,Landslip,Closed,No,6243.47,1000,1200000.0,7243.46,23900.0,Cost to Repair,1129.32,20472.32,452.96,2
NHI Act,DUNEDIN CITY,2024-10-04,[0-40K],,Landslip,Closed,No,7300.0,500,160000.0,165527.8,11600.0,Valuation,1103.29,26809.95,,1
NHI Act,WHANGAREI DISTRICT,2026-01-18,[40K-80K],,Landslip,Closed,Yes,65399.38,500,497868.17,65899.38,73168.17,Cost to Repair,3201.84,16173.69,,1
NHI Act,TASMAN DISTRICT,2025-06-27,[0-40K],,Flood,Closed,No,6160.81,500,540000.0,6660.28,42930.0,Cost to Repair,1954.06,,,1
NHI Act,OTOROHANGA DISTRICT,2026-02-13,[0-40K],,Flood,Closed,No,1360.16,500,660000.0,1860.16,5032.5,Cost to Repair,,9133.88,,1
NHI Act,WHANGAREI DISTRICT,2026-01-18,[0-40K],,Landslip,Closed,No,37096.0,500,680000.0,75192.0,435000.0,Cost to Repair,2400.89,12867.94,3150.49,1
NHI Act,CHRISTCHURCH CITY,2026-02-18,[40K-80K],,Flood,Closed,No,42814.09,500,540000.0,43314.09,170690.92,Cost to Repair,,5322.68,,1
NHI Act,WELLINGTON CITY,2025-10-10,[0-40K],,Landslip,Closed,No,15270.0,500,370000.0,74932.49,27570.0,Valuation,1103.29,19954.47,,1
NHI Act,GREY DISTRICT,2026-07-15,[0-40K],,Flood,Closed,No,2288.17,500,220000.0,2788.17,23367.54,Cost to Repair,,,,1
NHI Act,CHRISTCHURCH CITY,2025-05-01,[0-40K],,Landslip,Closed,No,7400.0,500,0.0,41319.12,9200.0,Valuation,2542.35,7210.5,0.0,1
NHI Act,WAIMAKARIRI DISTRICT,2025-05-01,[0-40K],,Landslip,Closed,Yes,9303.01,500,535489.13,9804.0,50978.26,Cost to Repair,1103.29,15125.27,,1
NHI Act,WHANGAREI DISTRICT,2026-02-07,[0-40K],,Storm,Settlement,No,1800.0,500,250000.0,47287.87,2300.0,Valuation,1129.32,15244.96,,1
NHI Act,TARARUA DISTRICT,2024-08-18,[0-40K],,Flood,Closed,Yes,28250.0,500,28750.0,256456.5,28750.0,Minimum Size Site,1103.29,16172.03,,1
NHI Act,TASMAN DISTRICT,2025-06-25,[0-40K],,Flood,Closed,No,24838.0,500,420000.0,25338.0,204400.0,Cost to Repair,1103.29,4646.52,,1
NHI Act,CHRISTCHURCH CITY,2026-02-17,[0-40K],,Flood,Closed,No,10272.0,500,57349.0,10771.09,57349.0,Cost to Repair,1129.32,1882.55,,1
NHI Act,WELLINGTON CITY,2026-04-20,[0-40K],,Landslip,Closed,Yes,17939.0,500,667408.33,29381.13,18438.33,Valuation,1129.32,7881.81,,1
NHI Act,PORIRUA CITY,2026-04-18,[0-40K],,Landslip,Closed,No,11986.96,500,0.0,12486.96,101210.4,Cost to Repair,1129.32,1834.56,,1
NHI Act,LOWER HUTT CITY,2025-06-28,[0-40K],,Landslip,Closed,Yes,10125.02,500,423875.02,36546.37,10625.02,Valuation,3128.0,1268.13,,1
NHI Act,TASMAN DISTRICT,2025-06-27,[0-40K],,Storm,Closed,Yes,8651.9,500,1244297.95,9151.9,47002.95,Cost to Repair,1954.06,,,1
NHI Act,INVERCARGILL CITY,2026-01-08,[0-40K],,Landslip,Closed,Yes,28845.48,500,50000.0,88036.47,51575.0,Valuation,1129.32,10425.16,,1
NHI Act,TAURANGA CITY,2026-01-24,[0-40K],,Landslip,Closed,Yes,16933.0,500,552733.0,50000.0,17433.0,Valuation,1129.32,17008.97,6741.0,1
NHI Act,MASTERTON DISTRICT,2026-02-15,[0-40K],,Flood,Closed,No,100.0,500,170000.0,67288.41,600.0,Valuation,,17189.62,,1
NHI Act,WELLINGTON CITY,2026-01-27,[0-40K],,Landslip,Closed,No,3750.0,500,560000.0,21356.08,4250.0,Valuation,1129.32,10974.5,,1
NHI Act,WELLINGTON CITY,2024-09-03,[0-40K],,Landslip,Closed,No,26000.01,500,615000.0,82449.97,26500.0,Valuation,1103.29,8614.02,5898.01,1
NHI Act,CHRISTCHURCH CITY,2025-06-09,[0-40K],,Flood,Closed,Yes,17745.56,500,17870.56,20782.36,18245.56,Valuation,1103.29,4630.71,,1
NHI Act,TASMAN DISTRICT,2025-07-11,[0-40K],,Flood,Closed,No,16733.08,500,550000.0,17234.0,28000.0,Cost to Repair,1103.29,8244.27,,1
NHI Act,TASMAN DISTRICT,2025-06-27,[0-40K],,Storm,Closed,No,7103.45,500,2680000.0,7603.45,487760.0,Cost to Repair,1909.0,,,1
NHI Act,WELLINGTON CITY,2026-04-20,[0-40K],,Storm,Closed,No,1537.67,500,670000.0,4075.32,74084.62,Cost to Repair,2400.89,1716.92,,1
NHI Act,THAMES-COROMANDEL DISTRICT,2026-03-26,[0-40K],,Landslip,Reopened,No,12375.0,500,525000.0,40147.2,12875.0,Valuation,1129.32,13281.75,4156.0,1
NHI Act,TASMAN DISTRICT,2025-07-11,[0-40K],,Flood,Closed,No,1515.95,500,650000.0,2015.95,11537.5,Cost to Repair,272.55,,,1
NHI Act,WAITOMO DISTRICT,2025-10-14,[0-40K],,Flood,Closed,No,2800.84,500,1030000.0,3300.84,25235.0,Cost to Repair,1954.06,,,1
NHI Act,Wellington City,2024-09-03,[0-40K],,Landslip,Closed,No,2380.01,500,630000.0,12815.38,2880.0,Valuation,1103.29,29992.55,,1
NHI Act,THAMES-COROMANDEL DISTRICT,2026-01-24,[0-40K],,Landslip,Closed,No,8850.0,500,620000.0,104000.64,9350.0,Valuation,3997.59,12644.34,,1
NHI Act,WELLINGTON CITY,2025-10-23,[0-40K],,Storm,Closed,Yes,9513.0,500,498512.28,44276.31,10262.28,Valuation,1129.32,14185.54,,1
NHI Act,AUCKLAND,2025-04-19,[0-40K],,Landslip,Closed,Yes,18556.77,500,879514.13,38113.54,33714.13,Valuation,1103.29,11409.98,,1
NHI Act,TASMAN DISTRICT,2025-06-27,[0-40K],,Flood,Closed,No,4148.0,500,420000.0,4647.91,11597.0,Cost to Repair,,1670.95,,1
NHI Act,AUCKLAND,2026-01-21,[0-40K],,Landslip,Closed,Yes,19122.0,500,554721.15,72360.44,19621.15,Valuation,1129.32,4554.46,,1
NHI Act,DUNEDIN CITY,2024-10-04,[0-40K],,Landslip,Closed,No,3450.0,500,977500.0,55113.14,9000.0,Valuation,1103.29,14466.39,,1
NHI Act,NELSON CITY,2025-07-11,[0-40K],,Landslip,Closed,No,5350.0,500,370000.0,30805.26,5850.0,Valuation,3128.0,15943.15,,1
NHI Act,OPOTIKI DISTRICT,2025-07-30,[0-40K],,Landslip,Closed,No,6899.34,500,460000.0,7399.34,8200.0,Cost to Repair,1954.06,8943.6,,1
NHI Act,TASMAN DISTRICT,2025-07-03,[0-40K],,Landslip,Closed,No,2100.0,500,420000.0,3027.56,2600.0,Valuation,3128.0,2565.27,,1
NHI Act,NELSON CITY,2025-08-01,[0-40K],,Landslip,Closed,Yes,15930.04,500,763839.95,32860.08,21184.4,Valuation,1103.29,19022.79,,1
NHI Act,THAMES-COROMANDEL DISTRICT,2026-01-21,[0-40K],,Landslip,Closed,No,25150.01,500,500000.0,275243.8,25650.0,Valuation,1129.32,14837.6,,1
NHI Act,WAIKATO DISTRICT,2025-05-13,[0-40K],,Flood,Closed,No,1056.0,500,580000.0,2358.52,9280.0,Cost to Repair,,5014.0,,1
NHI Act,CHRISTCHURCH CITY,2025-05-01,[0-40K],,Storm,Closed,No,14652.56,1000,700000.0,15652.56,75600.0,Cost to Repair,1909.0,,,2
NHI Act,TASMAN DISTRICT,2025-07-11,[0-40K],,Storm,Closed,No,4969.61,500,1010000.0,5469.61,11362.5,Cost to Repair,1954.06,,,1
NHI Act,CHRISTCHURCH CITY,2025-10-06,[0-40K],,Landslip,Closed,No,16790.0,500,325000.0,96481.94,20250.0,Valuation,1103.29,19565.86,,1
NHI Act,TASMAN DISTRICT,2025-07-11,[0-40K],,Storm,Closed,Yes,4900.9,500,1244297.95,5400.9,47002.95,Cost to Repair,1954.06,,,1
NHI Act,CHRISTCHURCH CITY,2026-02-17,[0-40K],,Flood,Closed,No,4700.0,500,520000.0,13586.47,5200.0,Valuation,,13408.99,,1
NHI Act,WELLINGTON CITY,2024-09-22,[40K-80K],,Landslip,Closed,No,59300.0,500,505000.0,187213.88,103300.0,Valuation,1103.29,10788.82,2456.0,1
NHI Act,OTOROHANGA DISTRICT,2026-02-13,[0-40K],,Landslip,Closed,No,654.7,500,710000.0,1154.69,14643.75,Cost to Repair,3997.59,,,1
NHI Act,TASMAN DISTRICT,2025-06-27,[0-40K],,Storm,Closed,No,12003.38,500,400000.0,12503.38,82300.0,Cost to Repair,1909.0,,,1
NHI Act,MARLBOROUGH DISTRICT,2026-02-03,[0-40K],,Flood,Closed,Yes,3239.4,500,437466.52,3739.4,15353.4,Cost to Repair,,,,1
NHI Act,FAR NORTH DISTRICT,2026-01-22,[40K-80K],,Landslip,Closed,No,66855.64,500,650000.0,69610.98,82700.0,Cost to Repair,3201.84,14406.11,,1
NHI Act,AUCKLAND,2026-01-21,[0-40K],,Landslip,Closed,No,6700.0,500,575000.0,28529.37,7200.0,Valuation,1129.32,11938.13,,1
NHI Act,UPPER HUTT CITY,2024-09-01,[0-40K],,Landslip,Closed,No,8067.5,500,385000.0,8567.5,11321.4,Cost to Repair,3128.0,1866.11,,1
NHI Act,WHANGAREI DISTRICT,2025-04-27,[0-40K],,Flood,Closed,No,3669.29,500,400000.0,4169.29,7200.0,Cost to Repair,3128.0,5364.66,,1
NHI Act,OTOROHANGA DISTRICT,2026-02-14,[0-40K],,Landslip,Closed,No,699.0,500,200000.0,1198.88,4870.0,Cost to Repair,,4454.07,,1
NHI Act,TASMAN DISTRICT,2025-06-27,[0-40K],,Landslip,Closed,No,2100.0,500,550000.0,53420.25,2600.0,Valuation,1103.29,9516.0,2730.0,1
NHI Act,TASMAN DISTRICT,2025-06-27,[0-40K],,Landslip,Closed,No,8543.24,500,0.0,19086.48,38000.0,Cost to Repair,4666.7,4184.62,0.0,1
NHI Act,NEW PLYMOUTH DISTRICT,2025-07-04,[0-40K],,Landslip,Closed,No,6240.0,500,220000.0,41810.19,6740.0,Valuation,1103.29,17060.37,,1
NHI Act,WHANGAREI DISTRICT,2026-01-18,[0-40K],,Flood,Closed,No,2870.0,500,290000.0,3369.58,41653.89,Cost to Repair,1129.32,2486.92,,1
NHI Act,WESTERN BAY OF PLENTY DISTRICT,2026-01-21,[0-40K],,Storm,Closed,No,1000.01,500,385000.0,39531.71,1500.0,Valuation,,8743.43,,1
NHI Act,AUCKLAND,2025-06-11,[40K-80K],,Landslip,Closed,No,72599.99,500,810000.0,205592.5,73100.0,Valuation,1103.29,16546.48,2432.0,1
NHI Act,TASMAN DISTRICT,2025-07-11,[0-40K],,Landslip,Closed,Yes,33950.0,500,428750.0,166019.8,34450.0,Valuation,1103.29,9173.92,,1
NHI Act,AUCKLAND,2025-08-21,[40K-80K],,Landslip,Closed,Yes,59455.0,500,642954.91,202338.6,59954.91,Valuation,1103.29,14148.23,,1
NHI Act,WELLINGTON CITY,2025-02-26,[0-40K],,Landslip,Closed,Yes,14079.58,500,32802.27,43738.74,68304.54,Cost to Repair,,16752.77,,1
NHI Act,QUEENSTOWN-LAKES DISTRICT,2024-09-13,[0-40K],,Landslip,Closed,No,9323.68,500,2300000.0,9823.68,56100.0,Cost to Repair,3128.0,19886.67,,1
NHI Act,TAURANGA CITY,2026-01-22,[80K-150K],,Landslip,Closed,Yes,114735.01,500,540000.0,89056.84,122000.0,Cost to Repair,1129.32,13817.25,45275.68,1
NHI Act,SOUTH TARANAKI DISTRICT,2026-01-15,[0-40K],,Storm,Closed,Yes,9737.0,500,149016.92,32725.75,10235.92,Valuation,1129.32,15667.26,,1
NHI Act,CHRISTCHURCH CITY,2026-02-17,[0-40K],,Flood,Closed,No,7797.13,500,200000.0,8297.13,55000.0,Cost to Repair,,4569.48,,1
NHI Act,DUNEDIN CITY,2024-10-04,[0-40K],,Landslip,Closed,Yes,38982.0,500,225834.01,61040.11,39934.01,Valuation,1103.29,16638.2,454.0,1
NHI Act,LOWER HUTT CITY,2026-02-15,[0-40K],,Landslip,Closed,No,4645.48,500,365000.0,32852.56,2400.0,Valuation,1129.32,5227.46,,1
NHI Act,LOWER HUTT CITY,2025-11-28,[0-40K],,Landslip,Closed,Yes,21624.36,500,540224.36,43192.2,22124.36,Valuation,3201.84,11173.31,3520.72,1
NHI Act,MANAWATU DISTRICT,2026-02-15,[0-40K],,Storm,Closed,No,3765.51,500,310000.0,4265.51,5812.5,Cost to Repair,,,,1
NHI Act,NELSON CITY,2025-07-18,[0-40K],,Landslip,Closed,No,400.0,500,390000.0,2095.29,900.0,Valuation,3128.0,13659.63,,1
NHI Act,TAURANGA CITY,2026-03-27,[0-40K],,Landslip,Closed,No,15070.92,500,500000.0,15570.92,30000.0,Cost to Repair,,6059.32,2889.54,1
NHI Act,WAIKATO DISTRICT,2024-07-30,[0-40K],,Landslip,Closed,Yes,13516.0,500,190891.6,14015.93,19251.6,Cost to Repair,3201.93,6435.26,,1
NHI Act,DUNEDIN CITY,2024-10-03,[0-40K],,Landslip,Closed,Yes,11594.0,500,199508.34,14329.2,16810.95,Cost to Repair,,25215.33,,1
NHI Act,DUNEDIN CITY,2026-02-18,[0-40K],,Landslip,Closed,Yes,15880.01,500,254779.91,147939.49,16379.91,Valuation,1129.32,13410.53,,1
NHI Act,TASMAN DISTRICT,2025-06-27,[0-40K],,Storm,Closed,No,3240.9,500,880000.0,3740.9,26400.0,Cost to Repair,1954.06,,,1
NHI Act,TARARUA DISTRICT,2025-12-31,[0-40K],,Flood,Closed,No,650.0,500,150000.0,1756.7,1300.0,Valuation,1129.32,3092.79,,1
NHI Act,WHANGAREI DISTRICT,2026-01-18,[0-40K],,Storm,Closed,No,550.0,500,250000.0,1318.79,1050.0,Valuation,1954.06,920.0,,1
NHI Act,CHRISTCHURCH CITY,2026-02-17,[0-40K],,Flood,Closed,No,2716.23,500,720000.0,3216.23,44820.0,Cost to Repair,3997.59,,,1
NHI Act,CHRISTCHURCH CITY,2025-05-01,[0-40K],,Storm,Closed,No,15447.19,500,700000.0,15947.19,91175.0,Cost to Repair,1909.0,,,1
NHI Act,CHRISTCHURCH CITY,2026-02-16,[0-40K],,Flood,Closed,No,15451.0,500,0.0,15950.92,47414.89,Cost to Repair,1129.32,,,1
NHI Act,WESTERN BAY OF PLENTY DISTRICT,2026-01-22,[0-40K],,Landslip,Closed,No,550.0,500,520000.0,232826.2,1050.0,Valuation,1129.32,15783.8,,1
NHI Act,INVERCARGILL CITY,2025-10-23,[0-40K],,Storm,Closed,No,3150.0,500,210000.0,4407.59,3650.0,Valuation,1954.06,920.0,,1
NHI Act,WELLINGTON CITY,2026-04-20,[0-40K],,Flood,Reopened,No,740.0,500,375000.0,45971.94,1240.0,Valuation,1129.32,7653.81,,1
NHI Act,WESTERN BAY OF PLENTY DISTRICT,2026-01-22,[0-40K],,Storm,Closed,No,4700.0,500,460000.0,21501.46,5200.0,Valuation,3997.59,8375.47,,1
NHI Act,PORIRUA CITY,2024-08-26,[0-40K],,Landslip,Closed,No,11550.0,500,570000.0,25828.65,12050.0,Valuation,1103.29,14275.09,448.99,1
NHI Act,WELLINGTON CITY,2026-04-20,[0-40K],,Landslip,Closed,Yes,15679.21,500,571379.21,64207.5,16179.21,Valuation,,12108.74,,1
NHI Act,CHRISTCHURCH CITY,2025-11-20,[0-40K],,Landslip,Closed,No,500.0,500,375000.0,1192.29,1000.0,Valuation,3201.84,11781.31,,1
NHI Act,THAMES-COROMANDEL DISTRICT,2026-01-21,[0-40K],,Landslip,Closed,No,7300.0,500,410000.0,7799.91,73008.77,Cost to Repair,,2970.73,,1
NHI Act,CHRISTCHURCH CITY,2025-05-02,[0-40K],,Landslip,Closed,Yes,26345.93,500,17995.93,47102.93,26845.93,Valuation,1103.29,8050.0,,1
NHI Act,CHRISTCHURCH CITY,2026-02-17,[0-40K],,Landslip,Closed,No,4500.0,500,460000.0,31832.26,5700.0,Valuation,1129.32,7743.81,,1
NHI Act,TASMAN DISTRICT,2025-06-28,[0-40K],,Storm,Closed,No,8069.15,500,30637.5,9069.15,30637.5,Cost to Repair,1909.0,,,1
NHI Act,AUCKLAND,2025-07-18,[0-40K],,Landslip,Closed,Yes,38937.0,500,1419537.0,56545.33,39437.0,Valuation,1103.29,11537.38,1706.0,1
NHI Act,AUCKLAND,2026-04-10,[0-40K],,Landslip,Closed,No,8000.0,500,940000.0,189560.5,8500.0,Valuation,1129.32,12262.94,,1
NHI Act,DUNEDIN CITY,2024-10-04,[0-40K],,Storm,Closed,No,3153.02,500,395000.0,3653.02,5190.0,Cost to Repair,1909.0,1092.5,,1
NHI Act,TASMAN DISTRICT,2025-07-11,[0-40K],,Storm,Closed,No,21716.8,500,950000.0,22216.8,191933.25,Cost to Repair,1909.0,,,1
NHI Act,DUNEDIN CITY,2024-10-04,[0-40K],,Landslip,Closed,No,5800.0,500,300000.0,55984.62,7200.0,Valuation,1103.29,15324.34,,1
NHI Act,TASMAN DISTRICT,2025-06-27,[0-40K],,Flood,Closed,No,2300.0,500,450000.0,17023.94,2800.0,Valuation,1909.0,6342.61,,1
NHI Act,WESTERN BAY OF PLENTY DISTRICT,2026-01-21,[0-40K],,Storm,Closed,Yes,22288.41,500,440156.84,23249.5,32056.84,Cost to Repair,3997.59,11442.49,,1
NHI Act,THAMES-COROMANDEL DISTRICT,2026-01-21,[0-40K],,Landslip,Closed,No,7600.01,500,550000.0,55097.46,8100.0,Valuation,1129.32,11734.37,,1
NHI Act,AUCKLAND,2025-04-30,[0-40K],,Landslip,Closed,No,29800.0,500,700000.0,69548.13,30300.0,Valuation,1103.29,21629.93,28827.77,1
NHI Act,TARARUA DISTRICT,2025-12-31,[0-40K],,Storm,Closed,No,2000.0,500,150000.0,2925.99,2650.0,Valuation,1129.32,6490.47,,1
NHI Act,TASMAN DISTRICT,2025-06-27,[0-40K],,Flood,Closed,No,6431.86,500,550000.0,6931.86,97100.0,Cost to Repair,1909.0,1207.5,,1
NHI Act,GISBORNE DISTRICT,2026-01-21,[0-40K],Associated with Maori Land,Storm,Closed,No,17437.0,500,200000.0,17936.29,147000.0,Cost to Repair,1129.32,6225.85,,1
NHI Act,WELLINGTON CITY,2026-04-19,[0-40K],,Landslip,Closed,Yes,16611.0,500,457231.0,55924.02,18041.0,Valuation,1129.32,8004.69,,1
NHI Act,CENTRAL HAWKE'S BAY DISTRICT,2026-04-21,[0-40K],,Landslip,Closed,No,1480.0,500,180000.0,28249.35,2230.0,Valuation,1129.32,5075.95,10174.63,1
NHI Act,DUNEDIN CITY,2024-10-04,[0-40K],,Landslip,Closed,No,35700.0,500,335000.0,37680.17,36200.0,Valuation,3128.0,10798.81,,1
NHI Act,NEW PLYMOUTH DISTRICT,2025-07-16,[0-40K],,Landslip,Closed,Yes,31373.99,500,349753.99,54894.36,31873.99,Valuation,3128.0,15825.44,,1
NHI Act,QUEENSTOWN-LAKES DISTRICT,2025-09-17,[0-40K],,Landslip,Closed,Yes,17947.0,500,619603.67,36893.5,24253.67,Valuation,1103.29,13599.42,,1
NHI Act,NEW PLYMOUTH DISTRICT,2025-06-28,[0-40K],,Landslip,Closed,No,2560.0,500,370000.0,53069.44,3060.0,Valuation,,9228.99,,1
NHI Act,AUCKLAND,2026-01-21,[300K+],,Landslip,Closed,No,471400.0,500,625000.0,2281043.06,471900.0,Valuation,,27324.74,344500.0,1
NHI Act,FAR NORTH DISTRICT,2026-03-26,[0-40K],,Landslip,Closed,No,265.28,500,375000.0,765.28,1031.25,Cost to Repair,,8046.32,,1
NHI Act,CHRISTCHURCH CITY,2025-03-18,[0-40K],,Storm,EQC_Settled,No,822.48,500,0.0,1322.48,12125.0,Cost to Repair,1695.1,2341.06,,1
NHI Act,THAMES-COROMANDEL DISTRICT,2026-01-21,[80K-150K],,Landslip,Closed,No,91710.0,500,750000.0,92209.14,120625.0,Cost to Repair,1129.32,12917.49,715.0,1
NHI Act,WELLINGTON CITY,2024-08-26,[0-40K],,Landslip,Closed,No,830.0,500,650000.0,5832.58,1330.0,Valuation,3128.0,9954.35,,1
NHI Act,TASMAN DISTRICT,2025-06-29,[40K-80K],,Landslip,Closed,Yes,57115.7,500,406668.82,57615.71,173168.82,Cost to Repair,1047.66,7758.46,117.52,1
NHI Act,WHANGAREI DISTRICT,2026-01-21,[0-40K],,Landslip,Reopened,Yes,15050.0,500,372550.04,50000.0,15550.04,Valuation,1129.32,14223.65,,1
NHI Act,AUCKLAND,2026-01-21,[80K-150K],,Landslip,Closed,No,100800.0,500,1100000.0,204574.5,101300.0,Valuation,1129.32,27281.93,19746.0,1
NHI Act,PORIRUA CITY,2026-02-16,[0-40K],,Flood,Closed,No,5800.0,1000,600000.0,14975.05,6800.0,Valuation,,17955.66,,2
NHI Act,ROTORUA DISTRICT,2025-04-05,[0-40K],,Landslip,Closed,Yes,16129.0,500,14979.0,28519.72,16629.0,Valuation,1103.29,6241.63,,1
NHI Act,TASMAN DISTRICT,2025-06-27,[0-40K],,Flood,Closed,No,2490.0,500,355000.0,2990.0,31230.5,Cost to Repair,1103.29,1517.61,,1
NHI Act,DUNEDIN CITY,2024-10-04,[0-40K],,Landslip,Closed,Yes,29919.66,500,335899.66,45038.34,30419.66,Valuation,3128.0,13506.82,,1
NHI Act,AUCKLAND,2025-04-17,[0-40K],,Flood,Closed,No,2064.0,500,0.0,2563.13,13354.24,Cost to Repair,1103.29,2062.8,,1
NHI Act,AUCKLAND,2025-07-17,[0-40K],,Landslip,Closed,No,11800.0,500,575000.0,61258.94,15200.0,Valuation,,13385.86,,1
NHI Act,TAURANGA CITY,2025-07-13,[0-40K],,Landslip,Closed,No,850.0,500,280000.0,30265.28,1350.0,Valuation,3128.0,10176.83,,1
NHI Act,NEW PLYMOUTH DISTRICT,2025-07-11,[0-40K],,Landslip,Closed,No,9470.0,500,360000.0,26404.33,9970.0,Valuation,1103.29,96.03,,1
NHI Act,WELLINGTON CITY,2026-04-21,[40K-80K],,Storm,Closed,Yes,40221.35,500,420667.75,40721.35,118767.75,Cost to Repair,,8232.96,,1
NHI Act,WELLINGTON CITY,2026-04-20,[0-40K],,Landslip,Closed,No,8680.0,500,430000.0,38931.74,9180.0,Valuation,1129.32,9453.1,,1
NHI Act,Clutha District,2024-10-04,[0-40K],,Landslip,Closed,No,2070.0,500,90000.0,37061.17,2570.0,Valuation,3128.0,13687.78,,1
NHI Act,AUCKLAND,2025-04-19,[0-40K],,Landslip,Closed,No,33540.0,500,670000.0,62819.49,34040.0,Valuation,3128.0,20825.98,,1
NHI Act,OPOTIKI DISTRICT,2025-07-29,[0-40K],,Landslip,Closed,No,27550.0,500,750000.0,171140.02,28800.0,Valuation,4666.7,9630.33,,1
NHI Act,WAITAKI DISTRICT,2026-07-06,[0-40K],,Landslip,Closed,No,300.0,500,185000.0,44225.08,1100.0,Valuation,1129.32,4706.03,,1
NHI Act,TASMAN DISTRICT,2025-07-11,[0-40K],,Flood,Closed,No,1740.27,500,480000.0,2240.27,3750.0,Cost to Repair,3128.0,1392.77,,1
NHI Act,WELLINGTON CITY,2025-05-31,[0-40K],,Landslip,Closed,No,1150.0,500,500000.0,32779.12,1650.0,Valuation,,11290.09,,1
NHI Act,TASMAN DISTRICT,2025-07-11,[40K-80K],,Flood,Closed,No,46589.02,500,420000.0,47089.02,125700.0,Cost to Repair,3128.0,2020.49,,1
NHI Act,FAR NORTH DISTRICT,2026-03-26,[40K-80K],,Landslip,Closed,Yes,60182.57,500,193082.57,135684.41,60682.57,Valuation,,21558.03,48784.51,1
NHI Act,AUCKLAND,2024-07-20,[0-40K],,Flood,Closed,No,662.0,500,2500000.0,1161.62,197461.2,Cost to Repair,1103.29,2344.37,,1
NHI Act,TAURANGA CITY,2026-01-22,[0-40K],,Storm,Closed,No,1100.0,500,310000.0,91099.45,1600.0,Valuation,3201.84,11751.94,,1
NHI Act,TASMAN DISTRICT,2025-07-11,[0-40K],,Landslip,Closed,No,2523.71,1000,320000.0,3524.0,57800.0,Cost to Repair,1103.29,885.5,,2
NHI Act,WELLINGTON CITY,2024-08-31,[0-40K],,Landslip,Closed,No,23030.0,500,775000.0,148656.0,23530.0,Valuation,3128.0,1751.85,,1
NHI Act,CHRISTCHURCH CITY,2026-02-16,[0-40K],,Landslip,Settlement,Yes,35493.37,500,409268.37,64814.87,35993.37,Valuation,,29470.02,,1
NHI Act,TASMAN DISTRICT,2025-06-27,[0-40K],,Flood,Closed,No,3335.25,500,1140000.0,3835.25,170715.0,Cost to Repair,1909.0,,,1
NHI Act,TASMAN DISTRICT,2025-07-11,[0-40K],,Landslip,Closed,No,23600.0,500,450000.0,63488.05,24100.0,Valuation,3128.0,16415.09,,1
NHI Act,FAR NORTH DISTRICT,2025-04-16,[40K-80K],,Landslip,Closed,No,56200.01,500,260000.0,280142.8,57200.0,Valuation,1103.29,22323.19,3016.62,1
NHI Act,DUNEDIN CITY,2024-10-04,[0-40K],,Flood,Closed,No,4950.0,500,38000.0,6929.97,5450.0,Valuation,1103.29,8072.51,,1
NHI Act,Clutha District,2024-10-04,[0-40K],,Landslip,Closed,No,350.0,500,105000.0,41392.44,950.0,Valuation,1023.5,7514.74,0.0,1
NHI Act,WHAKATANE DISTRICT,2026-04-12,[0-40K],,Landslip,Closed,No,4700.0,500,250000.0,33120.92,5200.0,Valuation,1129.32,10775.5,,1
NHI Act,Western Bay of Plenty District,2026-01-21,[0-40K],,Landslip,Closed,No,17700.0,500,875000.0,170821.97,18200.0,Valuation,,10856.19,,1
NHI Act,Whangarei District,2026-01-18,[0-40K],,Landslip,Closed,No,39200.0,500,550000.0,55102.92,39700.0,Valuation,1129.32,16355.33,16021.0,1
NHI Act,CHRISTCHURCH CITY,2026-02-15,[0-40K],,Storm,Closed,No,6006.48,500,740000.0,6506.48,14430.0,Cost to Repair,3997.59,,,1
NHI Act,Marlborough District,2025-08-11,[0-40K],,Landslip,Closed,No,500.0,500,725000.0,38709.52,1000.0,Valuation,1954.06,13581.09,,1
NHI Act,WELLINGTON CITY,2026-04-20,[40K-80K],,Landslip,Closed,Yes,42419.71,500,512119.71,82653.14,42919.71,Valuation,,13183.98,,1
NHI Act,THAMES-COROMANDEL DISTRICT,2026-01-21,[0-40K],,Landslip,Closed,No,12300.0,500,500000.0,35348.47,12800.0,Valuation,1129.32,9234.14,,1
NHI Act,AUCKLAND,2025-07-17,[80K-150K],,Landslip,Closed,No,107950.0,500,1500000.0,773104.1,108450.0,Valuation,3128.0,20482.23,45868.85,1
NHI Act,GISBORNE DISTRICT,2026-01-21,[0-40K],,Storm,Closed,No,400.0,500,530000.0,26339.48,900.0,Valuation,3201.84,13466.06,,1
NHI Act,MARLBOROUGH DISTRICT,2025-06-27,[0-40K],Associated with Maori Land,Landslip,Closed,No,549.42,500,1940000.0,1549.42,8875.5,Cost to Repair,1909.0,,,1
NHI Act,GISBORNE DISTRICT,2026-01-22,[0-40K],,Landslip,Closed,No,10537.12,500,0.0,11901.0,93392.0,Cost to Repair,1129.32,15176.05,362.72,1
NHI Act,FAR NORTH DISTRICT,2026-01-21,[0-40K],,Landslip,Closed,No,1600.0,500,1500000.0,60815.73,2100.0,Valuation,1129.32,13085.03,3378.0,1
NHI Act,THAMES-COROMANDEL DISTRICT,2026-01-21,[40K-80K],,Landslip,Reopened,Yes,47074.0,500,470073.92,109207.85,47573.92,Valuation,1129.32,12931.15,2913.0,1
NHI Act,PALMERSTON NORTH CITY,2024-09-19,[0-40K],,Landslip,Closed,No,13440.0,500,280000.0,103075.59,13940.0,Valuation,3128.0,11756.5,,1
NHI Act,FAR NORTH DISTRICT,2026-03-26,[0-40K],,Landslip,Closed,No,21999.99,500,400000.0,90607.16,32400.0,Valuation,1129.32,14580.99,9034.0,1
NHI Act,THAMES-COROMANDEL DISTRICT,2026-01-21,[0-40K],,Landslip,EQC_Settled,No,2400.44,500,820000.0,5800.88,85714.2,Cost to Repair,2400.89,1982.81,,1
NHI Act,WESTERN BAY OF PLENTY DISTRICT,2025-06-10,[0-40K],,Flood,Closed,No,1200.01,1000,325000.0,11087.91,1700.0,Valuation,1103.29,13217.82,,2
NHI Act,PORIRUA CITY,2024-08-30,[0-40K],,Flood,Closed,No,12177.0,500,1530000.0,13177.0,21253.25,Cost to Repair,,4004.76,,1
NHI Act,WELLINGTON CITY,2025-10-11,[0-40K],,Landslip,Closed,No,850.0,500,650000.0,42208.96,1600.0,Valuation,1103.29,12733.38,,1
NHI Act,DUNEDIN CITY,2024-10-05,[40K-80K],,Landslip,Closed,Yes,40806.0,500,448205.04,50000.0,41305.04,Valuation,,12756.12,3189.0,1
NHI Act,PORIRUA CITY,2025-07-13,[40K-80K],,Landslip,Closed,No,70540.0,500,1850000.0,75749.03,74540.0,Valuation,3128.0,14026.32,,1
NHI Act,Taupo District,2024-07-26,[0-40K],,Landslip,Closed,No,3670.0,500,460000.0,32122.27,5010.0,Valuation,3201.93,6107.08,,1
NHI Act,MANAWATU DISTRICT,2025-07-06,[0-40K],,Landslip,Closed,Yes,16930.24,500,221780.24,48543.42,17430.24,Valuation,1103.29,3642.73,,1
NHI Act,TASMAN DISTRICT,2025-06-27,[0-40K],,Flood,Closed,No,9379.29,500,300000.0,9879.29,50050.0,Cost to Repair,1954.06,1027.5,,1
NHI Act,HURUNUI DISTRICT,2024-12-23,[0-40K],,Flood,Closed,No,2375.0,500,240000.0,2875.0,3018.78,Cost to Repair,3128.0,5361.12,,1
NHI Act,Marlborough District,2025-08-22,[0-40K],,Storm,Closed,No,8819.3,500,500000.0,9319.3,14100.0,Cost to Repair,3128.0,5290.77,,1
NHI Act,TASMAN DISTRICT,2025-07-18,[0-40K],,Landslip,Closed,No,6350.0,500,700000.0,136913.87,6850.0,Valuation,3128.0,15588.97,,1
NHI Act,DUNEDIN CITY,2024-10-04,[0-40K],,Flood,Reopened,No,6620.0,500,200000.0,131988.0,7120.0,Valuation,1103.29,3525.38,,1
NHI Act,WHANGAREI DISTRICT,2026-01-18,[0-40K],Associated with Maori Land,Storm,Closed,No,5226.95,500,630000.0,5726.95,237999.0,Cost to Repair,1129.32,14563.93,,1
NHI Act,TASMAN DISTRICT,2025-07-11,[0-40K],,Landslip,Closed,No,2754.0,500,0.0,3253.56,7762.08,Cost to Repair,1103.29,1259.08,,1
NHI Act,LOWER HUTT CITY,2026-02-16,[0-40K],,Landslip,Closed,No,700.0,500,245000.0,35136.04,1200.0,Valuation,,8973.26,,1
NHI Act,WELLINGTON CITY,2025-10-11,[0-40K],,Landslip,Closed,No,25650.0,500,930000.0,105853.55,26150.0,Valuation,3128.0,10705.71,,1
NHI Act,DUNEDIN CITY,2025-09-04,[40K-80K],,Landslip,Closed,Yes,48515.85,500,326815.85,53457.95,49015.85,Valuation,3128.0,12263.18,0.0,1
NHI Act,MARLBOROUGH DISTRICT,2025-06-27,[0-40K],,Storm,Closed,No,12934.44,500,380000.0,13434.45,50800.0,Cost to Repair,1909.0,1390.06,,1
NHI Act,WELLINGTON CITY,2025-06-04,[0-40K],,Landslip,Closed,No,4000.0,500,750000.0,42003.84,7170.0,Valuation,,11101.9,,1
NHI Act,WELLINGTON CITY,2024-10-23,[0-40K],,Landslip,Closed,No,450.0,500,670000.0,36566.47,950.0,Valuation,3128.0,10875.21,194.59,1
NHI Act,DUNEDIN CITY,2024-10-04,[0-40K],,Landslip,Closed,No,6825.0,500,300000.0,11814.59,7324.99,Valuation,1103.29,23024.3,,1
NHI Act,AUCKLAND,2026-01-21,[40K-80K],,Landslip,Closed,Yes,57000.0,500,50000.0,50000.0,50000.0,Minimum Size Site,,11444.28,,1
NHI Act,TASMAN DISTRICT,2025-06-27,[0-40K],,Storm,Closed,No,6700.0,500,420000.0,69677.66,7200.0,Valuation,1103.29,12579.16,1585.46,1
NHI Act,THAMES-COROMANDEL DISTRICT,2026-01-23,[40K-80K],,Landslip,Closed,No,66362.5,500,700000.0,224433.02,66862.5,Valuation,,1914.52,8227.58,1
NHI Act,WELLINGTON CITY,2024-08-28,[40K-80K],,Landslip,Closed,No,46079.75,500,950000.0,49241.37,70290.0,Cost to Repair,1103.29,11738.04,2248.84,1
NHI Act,TAURANGA CITY,2026-01-21,[80K-150K],,Landslip,Closed,Yes,86500.0,500,430000.0,51869.64,79500.0,Cost to Repair,,10348.16,2611.52,1
NHI Act,TASMAN DISTRICT,2025-06-27,[0-40K],,Storm,Closed,No,36210.63,500,420000.0,36710.63,269500.0,Cost to Repair,3128.0,8568.31,,1
NHI Act,THAMES-COROMANDEL DISTRICT,2026-01-21,[150K-300K],,Landslip,Closed,No,265550.0,500,575000.0,472598.8,266050.0,Valuation,1129.32,16291.19,66807.0,1
NHI Act,New Plymouth District,2025-08-05,[0-40K],,Landslip,Closed,No,1022.0,500,220000.0,11577.62,1522.0,Valuation,,15726.11,,1
NHI Act,NEW PLYMOUTH DISTRICT,2025-07-08,[0-40K],,Storm,Closed,Yes,16615.67,500,17115.67,18377.73,17115.67,Minimum Size Site,,1500.0,,1
NHI Act,WHANGAREI DISTRICT,2026-01-11,[40K-80K],Associated with Maori Land,Landslip,Closed,Yes,61489.68,500,805852.34,61989.68,96952.34,Cost to Repair,,17203.32,0.0,1
NHI Act,DUNEDIN CITY,2025-12-11,[0-40K],,Landslip,Closed,Yes,722.0,500,292732.4,1221.3,3132.4,Cost to Repair,1129.32,11326.57,,1
NHI Act,THAMES-COROMANDEL DISTRICT,2026-01-25,[0-40K],,Landslip,Closed,Yes,13901.0,500,56848.63,28801.96,56848.63,Cost to Repair,1129.32,13770.98,,1
NHI Act,WELLINGTON CITY,2026-01-16,[0-40K],,Landslip,Closed,No,5500.0,1000,570000.0,47812.18,6500.0,Valuation,,9157.0,,2
NHI Act,WHANGAREI DISTRICT,2026-01-18,[0-40K],,Flood,Closed,No,8031.45,500,0.0,8532.0,57297.6,Cost to Repair,1129.32,2160.85,,1
NHI Act,WESTERN BAY OF PLENTY DISTRICT,2026-01-21,[150K-300K],,Landslip,Closed,No,264647.76,500,900000.0,265147.76,294700.21,Cost to Repair,,13671.53,79013.68,1
NHI Act,GISBORNE DISTRICT,2026-01-23,[40K-80K],,Landslip,Closed,Yes,48167.03,500,267967.03,168382.2,48667.03,Valuation,,21095.18,220901.11,1
NHI Act,WAITOMO DISTRICT,2025-10-14,[0-40K],,Flood,Closed,No,3671.24,500,110000.0,4171.24,6650.0,Cost to Repair,1954.06,,,1
NHI Act,KAPITI COAST DISTRICT,2024-08-26,[0-40K],,Flood,Closed,No,6479.1,500,550000.0,6979.1,10400.0,Cost to Repair,3128.0,2615.46,,1
NHI Act,AUCKLAND,2026-02-16,[0-40K],,Storm,Closed,No,801.99,500,0.0,1301.99,24581.0,Cost to Repair,1129.32,2486.99,,1
NHI Act,THAMES-COROMANDEL DISTRICT,2026-01-21,[0-40K],,Landslip,Closed,No,4300.0,500,700000.0,83680.37,4800.0,Valuation,1129.32,19565.11,687.0,1
NHI Act,Otorohanga District,2026-02-13,[0-40K],,Storm,Closed,No,2232.04,500,594000.0,2732.04,11137.5,Cost to Repair,3997.59,,,1
NHI Act,WELLINGTON CITY,2025-01-08,[0-40K],,Landslip,Closed,No,4840.0,500,270000.0,27582.84,5340.0,Valuation,,18050.65,,1
NHI Act,OTOROHANGA DISTRICT,2026-02-14,[0-40K],,Landslip,Closed,No,2505.0,500,200000.0,27479.05,3005.0,Valuation,,12301.95,,1
NHI Act,RUAPEHU DISTRICT,2025-07-03,[40K-80K],Associated with Maori Land,Landslip,Closed,Yes,40568.82,500,211793.82,289564.32,61268.82,Valuation,,31502.01,1136.71,1
NHI Act,OTOROHANGA DISTRICT,2026-02-13,[0-40K],,Storm,Closed,No,2195.0,500,360000.0,2694.49,5639.76,Cost to Repair,,2580.9,,1
NHI Act,Far North District,2026-03-27,[0-40K],,Landslip,Closed,No,11900.0,500,220000.0,55549.05,23800.0,Valuation,1129.32,14471.29,,1
NHI Act,CHRISTCHURCH CITY,2026-02-16,[40K-80K],,Storm,Closed,No,64100.0,500,350000.0,79698.64,64600.0,Valuation,,1420.1,,1
NHI Act,SOUTH TARANAKI DISTRICT,2026-01-15,[0-40K],,Storm,Closed,Yes,25840.99,500,153170.75,37039.32,27400.75,Valuation,1129.32,12414.48,,1
NHI Act,THAMES-COROMANDEL DISTRICT,2026-01-26,[0-40K],,Landslip,Closed,No,19600.0,1000,1500000.0,64080.22,20600.0,Valuation,,13748.93,,2
NHI Act,WAITAKI DISTRICT,2024-10-05,[0-40K],,Flood,Closed,No,5670.0,500,445000.0,72880.15,6170.0,Valuation,3128.0,14546.95,,1
NHI Act,HASTINGS DISTRICT,2024-12-27,[0-40K],,Flood,Closed,Yes,12000.0,500,50000.0,12500.0,50000.0,Cost to Repair,1103.29,1794.58,,1
NHI Act,WELLINGTON CITY,2026-04-20,[40K-80K],,Landslip,Closed,No,74700.0,500,0.0,101963.58,75200.0,Valuation,,13431.58,0.0,1
NHI Act,DUNEDIN CITY,2024-10-04,[0-40K],,Flood,Closed,Yes,23109.0,500,27608.28,62524.58,23608.28,Valuation,1103.29,9245.98,,1
NHI Act,CHRISTCHURCH CITY,2026-02-19,[0-40K],,Landslip,Closed,No,4000.0,500,400000.0,35980.92,4500.0,Valuation,,12531.29,0.0,1
NHI Act,WHANGAREI DISTRICT,2025-08-23,[40K-80K],Associated with Maori Land,Landslip,Closed,Yes,52933.01,500,487732.05,130890.8,53432.05,Valuation,1103.29,4304.97,25817.99,1
NHI Act,THAMES-COROMANDEL DISTRICT,2026-01-21,[80K-150K],,Landslip,Settlement,Yes,131960.0,500,4049232.6,182459.2,421232.6,Cost to Repair,1129.32,11633.36,511.0,1
NHI Act,TARARUA DISTRICT,2024-07-17,[40K-80K],,Landslip,Closed,Yes,41112.0,500,41612.0,50000.0,41612.0,Minimum Size Site,1909.0,14211.7,1584.0,1
NHI Act,DUNEDIN CITY,2024-10-03,[0-40K],,Flood,Closed,Yes,367.44,500,867.44,867.44,867.44,Minimum Size Site,3128.0,2105.97,,1
NHI Act,GREY DISTRICT,2024-12-16,[0-40K],,Landslip,Reopened,Yes,16661.0,500,44947.2,30684.98,61547.2,Cost to Repair,1103.29,20637.3,1259.0,1
NHI Act,CHRISTCHURCH CITY,2025-05-01,[0-40K],,Flood,Reopened,No,1125.0,500,50000.0,1910.58,1625.0,Valuation,1103.29,20187.88,0.0,1
NHI Act,PORIRUA CITY,2025-04-13,[0-40K],,Landslip,Closed,No,14200.0,500,650000.0,34253.35,17150.0,Valuation,1103.29,11408.34,749.49,1
NHI Act,UPPER HUTT CITY,2024-07-30,[0-40K],,Landslip,Closed,No,8240.0,500,300000.0,84160.1,8740.0,Valuation,3128.0,12015.52,2232.91,1
NHI Act,WELLINGTON CITY,2025-07-03,[0-40K],,Landslip,Closed,No,3950.0,500,625000.0,64196.54,5650.0,Valuation,,15260.47,6391.0,1
NHI Act,WHANGAREI DISTRICT,2026-01-21,[40K-80K],,Landslip,Closed,No,77663.23,500,950000.0,78263.23,91650.0,Cost to Repair,3201.84,13890.17,,1
NHI Act,AUCKLAND,2025-04-20,[0-40K],,Landslip,Closed,No,20400.0,500,500000.0,53057.88,20900.0,Valuation,1103.29,8572.19,,1
NHI Act,TAURANGA CITY,2026-03-02,[40K-80K],,Landslip,Closed,Yes,43893.31,500,68493.31,44752.07,44393.31,Valuation,,17332.23,,1
NHI Act,TASMAN DISTRICT,2025-07-11,[40K-80K],,Landslip,Closed,No,63401.0,500,320000.0,63901.0,166600.0,Cost to Repair,3128.0,13343.79,18071.32,1
NHI Act,NELSON CITY,2025-06-27,[0-40K],,Landslip,Closed,No,29654.0,500,650000.0,31458.04,56600.0,Cost to Repair,1103.29,11080.47,19.0,1
NHI Act,WELLINGTON CITY,2025-07-16,[0-40K],,Landslip,Closed,No,37489.5,500,340000.0,37989.5,64700.0,Cost to Repair,3128.0,34611.19,3057.0,1
NHI Act,TASMAN DISTRICT,2025-06-27,[0-40K],Associated with Maori Land,Storm,Closed,No,1123.32,500,1420000.0,1623.32,23075.0,Cost to Repair,1909.0,,,1
NHI Act,TASMAN DISTRICT,2025-07-11,[0-40K],,Landslip,Closed,No,850.0,500,540000.0,29949.88,1350.0,Valuation,3128.0,10132.26,,1
NHI Act,WELLINGTON CITY,2024-11-09,[40K-80K],,Landslip,Closed,No,59960.0,500,1450000.0,96606.69,64960.0,Valuation,3128.0,13875.77,13270.66,1
NHI Act,CHRISTCHURCH CITY,2025-05-01,[0-40K],,Landslip,Closed,No,11066.86,500,560000.0,11566.86,21140.0,Cost to Repair,1909.0,,,1
NHI Act,WELLINGTON CITY,2025-12-27,[0-40K],,Landslip,Closed,No,31000.0,500,385000.0,89748.77,31500.0,Valuation,1129.32,13826.47,22552.75,1
NHI Act,DUNEDIN CITY,2024-10-09,[0-40K],,Landslip,Closed,No,16800.01,500,600000.0,50769.93,17300.0,Valuation,1103.29,19083.74,227.38,1
NHI Act,MATAMATA-PIAKO DISTRICT,2026-03-26,[0-40K],,Flood,Reopened,Yes,34142.01,500,337894.91,69282.24,39544.91,Valuation,1129.32,10797.53,,1
NHI Act,AUCKLAND,2025-06-27,[0-40K],,Landslip,Closed,Yes,36141.0,500,659871.63,68457.95,49371.63,Valuation,1103.29,27479.47,,1
NHI Act,THAMES-COROMANDEL DISTRICT,2026-01-21,[0-40K],,Landslip,Closed,No,2520.0,500,130272.0,3019.3,130272.0,Cost to Repair,1129.32,1851.73,,1
NHI Act,WELLINGTON CITY,2026-04-20,[0-40K],,Landslip,Closed,No,3300.01,500,540000.0,41136.41,3800.0,Valuation,1129.32,977.5,,1
NHI Act,TASMAN DISTRICT,2025-07-11,[0-40K],,Storm,Closed,No,2666.8,500,300000.0,3166.8,56100.0,Cost to Repair,1954.06,920.0,,1
NHI Act,TASMAN DISTRICT,2025-07-11,[0-40K],,Flood,Closed,No,8248.0,500,0.0,8747.25,154852.5,Cost to Repair,1103.29,3385.96,,1
NHI Act,WHANGAREI DISTRICT,2026-01-18,[0-40K],,Storm,Closed,No,1749.35,500,250000.0,2249.34,67401.96,Cost to Repair,1954.06,,,1
NHI Act,NELSON CITY,2025-06-27,[0-40K],,Storm,Reopened,Yes,16320.0,500,431519.77,21609.02,16819.77,Valuation,1103.29,15305.44,0.0,1
NHI Act,THAMES-COROMANDEL DISTRICT,2026-01-21,[0-40K],,Landslip,Closed,No,13800.0,500,400000.0,183358.89,14300.0,Valuation,,16435.52,0.0,1
NHI Act,THAMES-COROMANDEL DISTRICT,2026-01-21,[0-40K],,Landslip,Closed,No,9175.0,500,1200000.0,171404.15,9675.0,Valuation,1129.32,10724.65,3430.11,1
NHI Act,WELLINGTON CITY,2025-09-01,[0-40K],,Landslip,Closed,No,4440.0,500,675000.0,28297.59,7150.0,Valuation,1129.32,10950.94,1826.0,1
NHI Act,TAURANGA CITY,2026-03-29,[0-40K],,Landslip,Closed,No,17100.0,500,480000.0,308170.59,17600.0,Valuation,,13089.83,6708.5,1
NHI Act,WELLINGTON CITY,2025-10-31,[0-40K],,Landslip,Closed,No,2150.01,500,385000.0,46482.42,2650.0,Valuation,1129.32,10380.39,2889.0,1
NHI Act,FAR NORTH DISTRICT,2025-04-29,[0-40K],,Flood,Closed,No,1260.0,500,0.0,1760.0,8950.0,Cost to Repair,1103.29,3636.19,,1
NHI Act,WHANGAREI DISTRICT,2026-01-18,[150K-300K],,Landslip,Closed,Yes,180500.0,500,1050000.0,827813.04,173500.0,Valuation,,18200.54,8930.84,1
NHI Act,NELSON CITY,2024-08-31,[0-40K],,Flood,Closed,Yes,1797.5,500,480000.0,28009.05,1550.0,Valuation,1103.29,22942.46,,1
NHI Act,THAMES-COROMANDEL DISTRICT,2026-01-21,[0-40K],,Landslip,Reopened,No,20207.0,500,300832.0,20706.44,300832.0,Cost to Repair,1129.32,10366.52,19142.0,1
NHI Act,THAMES-COROMANDEL DISTRICT,2026-01-21,[0-40K],,Landslip,Closed,Yes,31888.65,500,629588.65,44316.77,32388.65,Valuation,1129.32,9352.38,0.0,1
NHI Act,OTOROHANGA DISTRICT,2026-02-13,[40K-80K],,Landslip,Closed,Yes,61900.0,500,185000.0,197228.98,54900.0,Valuation,1996.43,9318.83,1088.82,1
NHI Act,TASMAN DISTRICT,2025-06-27,[0-40K],,Flood,Closed,Yes,16310.63,1000,601251.66,17310.64,122851.66,Cost to Repair,1909.0,1063.75,,2
NHI Act,TASMAN DISTRICT,2025-06-27,[0-40K],,Landslip,Closed,No,400.0,500,540000.0,41857.06,900.0,Valuation,3128.0,14233.9,,1
NHI Act,TAURANGA CITY,2026-03-27,[40K-80K],,Landslip,Closed,Yes,43779.34,500,473079.34,87408.21,44279.34,Valuation,,16611.22,4479.23,1
NHI Act,MATAMATA-PIAKO DISTRICT,2025-04-18,[0-40K],,Storm,Closed,No,1585.49,500,445000.0,2085.49,2670.0,Cost to Repair,1909.0,,,1
NHI Act,SELWYN DISTRICT,2025-05-02,[0-40K],,Landslip,Closed,No,3200.0,500,650000.0,3983.77,3700.0,Valuation,1103.29,13494.57,,1
NHI Act,TAURANGA CITY,2026-01-22,[0-40K],,Landslip,Closed,No,2069.82,500,560000.0,2569.82,6500.0,Cost to Repair,,11290.17,55.29,1
NHI Act,TASMAN DISTRICT,2025-07-11,[0-40K],,Flood,Closed,No,14954.07,500,450000.0,15454.07,168400.0,Cost to Repair,1954.06,1207.5,,1
NHI Act,WELLINGTON CITY,2024-08-28,[0-40K],,Landslip,Closed,Yes,6849.89,500,653669.89,86484.57,7349.89,Valuation,3128.0,15285.51,,1
NHI Act,TASMAN DISTRICT,2025-07-11,[0-40K],Associated with Maori Land,Flood,Closed,No,1823.36,500,350000.0,2323.36,13500.0,Cost to Repair,1954.06,1184.56,,1
NHI Act,LOWER HUTT CITY,2024-08-26,[0-40K],,Landslip,Closed,No,21280.0,500,420000.0,40485.46,21780.0,Valuation,1103.29,11639.46,185.06,1
NHI Act,WELLINGTON CITY,2025-05-18,[0-40K],,Landslip,Closed,Yes,33406.91,500,384948.58,58249.93,33906.91,Valuation,3128.0,23551.56,1037.33,1
NHI Act,DUNEDIN CITY,2025-12-06,[0-40K],,Landslip,Closed,No,3300.01,500,300000.0,49576.02,3800.0,Valuation,1129.32,13459.08,18149.24,1
NHI Act,KAPITI COAST DISTRICT,2026-02-15,[0-40K],,Storm,Closed,Yes,3272.69,500,3772.69,0.0,7772.69,Cost to Repair,,2577.43,,1
NHI Act,AUCKLAND,2026-01-21,[0-40K],,Landslip,Closed,Yes,21759.16,500,786059.16,210049.71,22259.16,Valuation,,17445.6,2222.55,1
NHI Act,WELLINGTON CITY,2026-02-01,[0-40K],,Landslip,Closed,No,580.0,500,0.0,23741.47,1080.0,Valuation,1129.32,10745.95,,1
NHI Act,WELLINGTON CITY,2026-04-20,[0-40K],,Landslip,Closed,No,2000.0,500,365000.0,35394.9,2500.0,Valuation,1129.32,12596.54,,1
NHI Act,OPOTIKI DISTRICT,2025-07-12,[0-40K],,Landslip,Closed,No,4167.0,500,236000.0,4667.0,283500.0,Cost to Repair,1103.29,7739.92,0.0,1
NHI Act,WAIKATO DISTRICT,2025-07-12,[0-40K],,Flood,Closed,No,675.0,500,360000.0,1930.05,1175.0,Valuation,1909.0,920.0,,1
NHI Act,TASMAN DISTRICT,2025-06-28,[0-40K],,Flood,Closed,No,1889.86,500,1250000.0,2389.86,11718.75,Cost to Repair,1909.0,,,1
NHI Act,FAR NORTH DISTRICT,2026-02-04,[40K-80K],,Landslip,Closed,No,56400.0,500,1850000.0,195154.3,56900.0,Valuation,1129.32,13704.45,,1
NHI Act,DUNEDIN CITY,2025-06-27,[0-40K],,Landslip,Closed,Yes,14092.0,500,196992.0,75228.52,14792.0,Valuation,,24825.55,,1
NHI Act,WESTERN BAY OF PLENTY DISTRICT,2026-01-22,[80K-150K],,Landslip,Closed,No,89618.01,500,550000.0,90617.67,100000.0,Cost to Repair,1129.32,9660.0,142479.7,1
NHI Act,MARLBOROUGH DISTRICT,2025-06-27,[0-40K],,Storm,Closed,No,1047.9,500,500000.0,1547.9,14000.0,Cost to Repair,1954.06,1322.5,,1
NHI Act,TASMAN DISTRICT,2025-06-27,[0-40K],,Flood,Closed,No,7911.79,500,370000.0,8411.79,12300.0,Cost to Repair,3128.0,2282.17,,1
NHI Act,DUNEDIN CITY,2024-10-04,[0-40K],,Landslip,Closed,No,17570.0,500,350000.0,122241.68,18070.0,Valuation,3128.0,16853.47,1023.28,1
NHI Act,AUCKLAND,2025-11-25,[0-40K],,Landslip,Closed,Yes,27600.0,500,414099.18,50000.0,28099.18,Valuation,,5154.25,1883.0,1
NHI Act,TAURANGA CITY,2026-03-28,[0-40K],,Landslip,EQC_Settled,No,16700.0,500,580000.0,63590.95,17200.0,Valuation,,13656.83,,1
NHI Act,DUNEDIN CITY,2024-10-05,[0-40K],,Landslip,Closed,Yes,28349.63,500,280599.63,31894.47,28849.63,Valuation,3128.0,19696.87,2061.29,1
NHI Act,DUNEDIN CITY,2024-10-04,[150K-300K],,Landslip,Closed,Yes,161220.0,500,410000.0,392569.34,161720.0,Valuation,,11928.4,,1
NHI Act,WELLINGTON CITY,2026-04-20,[0-40K],,Landslip,Closed,No,6100.0,500,440000.0,243643.63,6600.0,Valuation,,10269.93,,1
NHI Act,WAIPA DISTRICT,2025-10-07,[0-40K],,Landslip,Closed,No,20250.01,500,625000.0,20749.44,65000.0,Cost to Repair,1103.29,15153.81,28672.0,1
NHI Act,TASMAN DISTRICT,2025-07-11,[0-40K],,Flood,Closed,No,1700.0,500,370000.0,2200.0,23400.0,Cost to Repair,1103.29,885.5,,1
NHI Act,DUNEDIN CITY,2024-08-14,[0-40K],,Landslip,Closed,Yes,15633.82,500,255113.82,23685.82,16133.82,Valuation,3128.0,19275.43,,1
NHI Act,LOWER HUTT CITY,2025-06-28,[0-40K],,Landslip,Closed,No,1049.0,500,460000.0,1548.59,4300.0,Cost to Repair,1103.29,16651.54,,1
NHI Act,CHRISTCHURCH CITY,2026-02-17,[0-40K],,Flood,Closed,No,11670.23,500,275000.0,12170.23,104160.43,Cost to Repair,,1572.92,,1
NHI Act,Marlborough District,2025-06-27,[40K-80K],,Landslip,Closed,Yes,65719.26,500,652870.0,318469.91,88220.0,Valuation,1103.29,17556.49,2200.0,1
NHI Act,WHANGAREI DISTRICT,2025-07-29,[0-40K],,Landslip,Closed,No,1308.0,500,370000.0,1807.5,2900.0,Cost to Repair,1103.29,17279.37,,1
NHI Act,TASMAN DISTRICT,2025-07-11,[0-40K],,Landslip,Closed,No,6211.0,500,580000.0,6711.0,14300.0,Cost to Repair,1103.29,7364.66,,1
NHI Act,WELLINGTON CITY,2025-07-15,[0-40K],,Landslip,Closed,Yes,12424.0,500,547917.09,24302.43,23097.09,Valuation,1103.29,10982.83,,1
NHI Act,WELLINGTON CITY,2025-05-01,[0-40K],,Landslip,Closed,Yes,8858.34,500,567508.34,47961.28,9358.34,Valuation,3128.0,23788.72,,1
NHI Act,TASMAN DISTRICT,2025-07-28,[0-40K],,Landslip,Closed,No,7500.0,500,580000.0,29849.28,16000.0,Valuation,1954.06,10627.4,,1
NHI Act,WELLINGTON CITY,2024-09-23,[40K-80K],,Landslip,Closed,No,51965.62,500,850000.0,89130.76,52465.62,Valuation,1103.29,,,1
NHI Act,WESTERN BAY OF PLENTY DISTRICT,2026-01-22,[0-40K],,Landslip,Closed,No,33610.0,500,550000.0,309998.8,34110.0,Valuation,1129.32,16661.95,,1
NHI Act,DUNEDIN CITY,2024-10-04,[0-40K],,Flood,Closed,No,5100.0,500,275000.0,38087.83,6300.0,Valuation,1103.29,16027.15,3169.0,1
NHI Act,WELLINGTON CITY,2025-06-12,[0-40K],,Landslip,Closed,No,3920.0,500,950000.0,18776.9,4420.0,Valuation,3128.0,9534.75,,1
NHI Act,WELLINGTON CITY,2025-11-13,[0-40K],,Landslip,Closed,Yes,11088.0,1000,12088.0,14642.96,12088.0,Minimum Size Site,1954.06,8853.05,,2
NHI Act,WELLINGTON CITY,2025-07-03,[0-40K],,Landslip,Closed,No,8600.0,500,650000.0,30465.37,9100.0,Valuation,3128.0,11008.5,,1
NHI Act,AUCKLAND,2026-01-22,[0-40K],,Landslip,Closed,Yes,1700.0,500,7808.18,2700.0,15616.36,Cost to Repair,1129.32,1448.31,,1
NHI Act,Dunedin City,2024-10-04,[0-40K],,Flood,Closed,No,682.51,500,440000.0,1182.51,3850.0,Cost to Repair,1909.0,1213.25,,1
NHI Act,TASMAN DISTRICT,2025-07-11,[0-40K],,Storm,Closed,No,6658.03,500,690000.0,7158.03,33292.5,Cost to Repair,1954.06,,,1
NHI Act,AUCKLAND,2024-07-15,[0-40K],,Landslip,Closed,No,13620.0,500,460000.0,60271.16,14120.0,Valuation,3128.0,12594.59,,1
NHI Act,LOWER HUTT CITY,2026-04-18,[0-40K],,Landslip,Closed,No,125.0,500,275000.0,824.27,625.0,Valuation,,4049.99,,1
NHI Act,SOUTH TARANAKI DISTRICT,2025-04-04,[0-40K],,Landslip,Closed,No,250.0,500,0.0,26382.94,850.0,Valuation,1103.29,15825.57,,1
NHI Act,CHRISTCHURCH CITY,2025-05-01,[0-40K],,Landslip,Closed,No,18550.0,500,225000.0,124631.1,19050.0,Valuation,3128.0,13770.48,161.32,1
NHI Act,TAURANGA CITY,2026-01-22,[40K-80K],,Landslip,Closed,Yes,53799.74,500,327999.74,56273.63,54299.74,Valuation,,12897.86,,1
NHI Act,CHRISTCHURCH CITY,2025-01-27,[0-40K],,Storm,Closed,No,11134.69,500,850000.0,15079.78,10000.0,Valuation,1695.1,19534.25,0.0,1
NHI Act,CHRISTCHURCH CITY,2025-05-01,[0-40K],,Landslip,Closed,No,1198.92,500,150000.0,1698.92,11150.0,Cost to Repair,3201.93,,,1
NHI Act,THAMES-COROMANDEL DISTRICT,2026-01-24,[0-40K],,Landslip,Closed,No,28600.01,1000,650000.0,48320.29,29100.0,Valuation,1129.32,10748.65,,2
NHI Act,MARLBOROUGH DISTRICT,2026-02-03,[0-40K],,Storm,Closed,Yes,4043.14,500,439933.04,4543.14,21245.54,Cost to Repair,,,,1
NHI Act,DUNEDIN CITY,2024-10-05,[0-40K],,Storm,Closed,No,505.93,500,485000.0,1005.93,3050.0,Cost to Repair,1909.0,805.0,,1
NHI Act,WHANGAREI DISTRICT,2026-01-18,[0-40K],,Flood,Closed,No,3048.73,500,350000.0,3548.73,48226.07,Cost to Repair,1954.06,,,1
NHI Act,FAR NORTH DISTRICT,2026-01-11,[0-40K],Maori Owned Land,Storm,Closed,No,16150.0,500,400000.0,40013.58,18350.0,Valuation,1129.32,18933.93,,1
NHI Act,HAMILTON CITY,2026-04-12,[0-40K],,Landslip,Closed,No,2800.0,500,420000.0,40866.58,3300.0,Valuation,,23066.5,,1
NHI Act,PORIRUA CITY,2025-05-04,[0-40K],,Landslip,Closed,Yes,31078.77,500,496788.77,56624.14,31578.77,Valuation,3128.0,8929.41,18223.39,1
NHI Act,AUCKLAND,2025-07-12,[150K-300K],,Landslip,Closed,No,168000.0,500,750000.0,254627.8,168500.0,Valuation,3128.0,16135.14,132640.02,1
NHI Act,AUCKLAND,2026-01-21,[40K-80K],,Landslip,Closed,Yes,69231.0,1000,757605.98,386178.24,69730.98,Valuation,1129.32,22379.4,34656.0,2
NHI Act,WELLINGTON CITY,2025-05-05,[0-40K],,Landslip,Closed,No,10810.0,500,850000.0,29515.46,11310.0,Valuation,1103.29,12758.82,0.0,1
NHI Act,WELLINGTON CITY,2025-07-28,[0-40K],,Landslip,Closed,No,4550.0,500,290000.0,50379.59,5050.0,Valuation,3128.0,12899.42,3845.18,1
NHI Act,WELLINGTON CITY,2024-10-14,[40K-80K],,Landslip,Closed,Yes,48213.17,500,655213.17,94966.59,48713.17,Valuation,3128.0,12280.99,7904.66,1
