project_number_full,programme,subproject,project_name,project_long_name,client,start_date,owning_office,project_manager,lon,lat,ta_name,in_study_area,name_event_hint
1504000.0001R,1504000,1504000.0001,"78 Waianiwaniwa Road, Darfield","78 Waianiwaniwa Road, Darfield",FMG Insurance Limited,2021-06-15,CH,Peter Cochrane,171.97280446600007,-43.42070590999998,,False,
1504000.0002R,1504000,1504000.0002,"EQC - 920 Queen Charlotte Dr, Linkwater","EQC - 920 Queen Charlotte Drive, Linkwater, Marlborough",FMG Insurance Limited,2021-08-04,AK,Jen Smith,173.828654,-41.293618,,False,
1504000.0004R,1504000,1504000.0004,"EQC - 97 Onamalutu Rd, Wairau Vly, Marlb","EQC - 97 Onamalutu Rd, Wairau Valley, Marlborough",FMG Insurance Limited,2021-08-04,AK,Jen Smith,173.742901,-41.48375,,False,
1504000.0006R,1504000,1504000.0006,"EQC - Jetty Q5222, Double Cove, Picton","EQC - Jetty Q5222, Double Cove, Picton",FMG Insurance Limited,2021-08-04,AK,Jen Smith,174.02397,-41.239028,,False,
1504000.0007,1504000,1504000.0007,"EQC - 1370 Motueka Vly Hwy, Motueka","EQC - 1370 Motueka Valley Hwy, Ngatimoti, Motueka",FMG Insurance Limited,2021-08-09,NE,Marcus Lovell,172.881156,-41.202868,,False,
1504000.0003,1504000,1504000.0003,"EQC - 216 Mangaroa Valley Road, Mangaroa","EQC - 216 Mangaroa Valley Road, Mangaroa, Upper Hutt, Wellington, 5371, NZL",FMG Insurance Limited,2021-08-10,WN,Shirley Wang,175.11267,-41.130307,Upper Hutt City,True,
1504000.0005R,1504000,1504000.0005,"EQC - 888 Queen Charlotte Dr, RD1 Picton","EQC - 888 Queen Charlotte Drive, RD1, Picton 7281",FMG Insurance Limited,2021-08-10,AK,Hannah Udell,173.825849,-41.292658,,False,
1504000.0008R,1504000,1504000.0008,EQC - Jetty Q5611 Patten Pas. Arapawa Is,"EQC - Jetty Q5611, Patten Passage, Queen Charlotte Sound, Arapawa Island, Marlborough Sounds",FMG Insurance Limited,2021-08-12,AK,Jen Smith,174.258589,-41.185081,,False,
1504000.0009R,1504000,1504000.0009,EQC - Jetty Q5610 Patten Pas. Arapawa Is,"EQC - Jetty Q5610, Patten Passage, Queen Charlotte Sound, Arapawa Island, Marlborough Sounds",FMG Insurance Limited,2021-08-12,AK,Jen Smith,174.263614,-41.182784,,False,
1504000.0010R,1504000,1504000.0010,"EQC - Aratawa Bay, Bay of Many Coves","EQC - Lot 4 DP 3097, Aratawa Bay, Bay of Many Coves, Marlborough Sounds",FMG Insurance Limited,2021-08-16,AK,Jen Smith,174.151594,-41.173033,,False,
1504000.0011,1504000,1504000.0011,"EQC - 42 Pukenui Road, Havelock 7281","EQC - 42 Pukenui Road, Havelock 7281",FMG Insurance Limited,2021-08-24,AK,Jen Smith,173.801751,-41.283213,,False,
1504000.0012,1504000,1504000.0012,"EQC - 13 Brough Terrace, Nelson","EQC - 13 Brough Terrace, Washington Valley, Nelson",FMG Insurance Limited,2021-09-12,NE,Marcus Lovell,173.267143,-41.27319,,False,
1504000.0013,1504000,1504000.0013,"EQC - 1287 Tarata Road, Kaimata, Taranak","EQC - 1287 Tarata Road, Kaimata, Taranaki",FMG Insurance Limited,2021-09-22,TG,Adam Nally,174.34189,-39.167807,,False,
1504000.0014,1504000,1504000.0014,"EQC - 889 Swanson Road, Swanson","EQC - 889 Swanson Road, Swanson, Auckland, 0612",FMG Insurance Limited,2021-09-22,AK,Jen Smith,174.568131,-36.864608,,False,
1504000.0015,1504000,1504000.0015,"EQC - 675 Port Underwood Rd, Picton","EQC - 675 Port Underwood Road, Whatamango Bay, Picton",FMG Insurance Limited,2021-09-23,AK,Jen Smith,174.083733,-41.269172,,False,
1504000.0017,1504000,1504000.0017,"EQC - 432 Moetapu Bay Rd, Linkwater","EQC - 432 Moetapu Bay Road, Moetapu Bay, Linkwater, Marlborough",FMG Insurance Limited,2021-09-23,AK,Jen Smith,173.836036,-41.259927,,False,
1504000.0016,1504000,1504000.0016,"EQC - Lot 1 DP 9827, Lochmara Bay, Marlb","EQC - Lot 1 DP 9827, Lochmara Bay, Marlborough Sounds",FMG Insurance Limited,2021-09-24,AK,Jen Smith,173.996217,-41.240331,,False,
1504000.0018,1504000,1504000.0018,"EQC - 350 Moetapu Bay Rd, Linkwater","EQC - 350 Moetapu Bay Road, Moetapu Bay, Linkwater, Marlborough",FMG Insurance Limited,2021-09-28,AK,Jen Smith,173.843348,-41.256719,,False,
1504000.0019,1504000,1504000.0019,"EQC - Lochmara Lodge, Lochmara Bay","EQC - Lochmara Lodge, Lochmara Bay, Queen Charlotte Sound, Marlborough",FMG Insurance Limited,2021-09-28,AK,Jen Smith,173.995594,-41.229229,,False,
1504000.0020,1504000,1504000.0020,"EQC - 122 Te Mahia Road, Te Mahia, Marlb","EQC - 122 Te Mahia Road, Te Mahia Bay, Marlborough Sounds",FMG Insurance Limited,2021-09-28,AK,Jen Smith,173.973684,-41.214567,,False,
1504000.0021,1504000,1504000.0021,"EQC - 16 Minchin Crescent, Saint Andrews","EQC - 16 Minchin Crescent, Saint Andrews, Hamilton",FMG Insurance Limited,2021-10-18,HM,Michael Triggs,175.261427,-37.759467,,False,
1504000.0022,1504000,1504000.0022,EQC - 1777 Te Towaka-Port Ligar Road,"EQC - 1777 Te Towaka-Port Ligar Road, Port Ligar, French Pass",FMG Insurance Limited,2021-11-03,AK,Jen Smith,173.972754,-40.911761,,False,
1504000.0025,1504000,1504000.0025,"EQC - 117196 Kaiaho Point, Kenepuru Soun","EQC - 117196 Kaiaho Point, Kenepuru Sound, Marlborough Sounds",FMG Insurance Limited,2022-01-10,NE,Marcus Lovell,174.025968,-41.186325,,False,
1504000.0026,1504000,1504000.0026,"EQC - 2127 Kenepuru Road, Marlb Sounds","EQC - 2127 Kenepuru Road, Te Mahia, Marlborough Sounds",FMG Insurance Limited,2022-01-10,NE,Marcus Lovell,173.97776,-41.209942,,False,
1504000.0027,1504000,1504000.0027,"EQC - 66 Cyrus Street, Whalers Gate","EQC - 66 Cyrus Street, Whalers Gate, New Plymouth, Taranaki, 4310, NZL",FMG Insurance Limited,2022-01-10,AK,Philip Mathewson,174.037895,-39.085775,,False,
1504000.0023,1504000,1504000.0023,"EQC - 80 Lethbridge Road, Feilding","EQC - 80 Lethbridge Road, Feilding, Manawatu-Whanganui, 4779, NZL",FMG Insurance Limited,2022-01-11,WN,Shirley Wang,175.563296,-40.191611,,False,
1504000.0028,1504000,1504000.0028,EQC - 169 Lockwood Road RD 5,"EQC - 169 Lockwood Road RD 5, Palmerston North, 4475",FMG Insurance Limited,2022-01-11,WN,Shirley Wang,175.483336,-40.329587,,False,
1504000.0024,1504000,1504000.0024,"EQC - 480 Goughs Road, Goughs Bay","EQC - 480 Goughs Road, Goughs Bay, Le Bons Bay, Canterbury",FMG Insurance Limited,2022-01-13,CH,Scott Forster,173.090953,-43.808982,,False,
1504000.0030,1504000,1504000.0030,"EQC - 585 Leedstown Road, Hunterville","EQC - 585 Leedstown Road, Hunterville, Marton, Manawatu-Whanganui, 4787, NZL",FMG Insurance Limited,2022-02-01,WN,Shirley Wang,175.502363,-39.976464,,False,
1504000.0029,1504000,1504000.0029,"EQC - 1530 Mokau Road, Uruti","EQC - 1530 Mokau Road, Uruti, Urenui, Taranaki, 4379, NZL",FMG Insurance Limited,2022-02-02,AK,Philip Mathewson,174.522827,-38.955909,,False,
1504000.0031,1504000,1504000.0031,"EQC - 3 Hooker Avenue, Hospital Hill","EQC - 3 Hooker Avenue, Hospital Hill, Napier, Hawke's Bay",FMG Insurance Limited,2022-02-15,TG,Ryan Tutbury,176.910029,-39.490391,,False,
1504000.0032,1504000,1504000.0032,"EQC - 29 Hope Drive, Okiwi Bay 7193","EQC - 29 Hope Drive, Okiwi Bay, Marlborough Sounds 7193",FMG Insurance Limited,2022-03-02,NE,Marcus Lovell,173.651343,-41.107794,,False,
1504000.0033,1504000,1504000.0033,"EQC - 20 Field Terrace, Okiwi Bay 7193","EQC - 20 Field Terrace, Okiwi Bay, Marlborough Sounds 7193",FMG Insurance Limited,2022-03-02,NE,Marcus Lovell,173.664341,-41.114569,,False,
1504000.0036,1504000,1504000.0036,"EQC - 2777 Kenepuru Rd, Portage","EQC - 2777 Kenepuru Rd, Portage, Marlborough Sounds 7282",FMG Insurance Limited,2022-03-09,NE,Marcus Lovell,174.022513,-41.200079,,False,
1504000.0075,1504000,1504000.0075,"EQC -265 Renners Rd, Seddon, Marlborough","EQC -265 Renners Road, Lower Dashwood, Seddon, Marlborough 7274",FMG Insurance Limited,2022-03-09,NE,Marcus Lovell,174.164796,-41.600301,,False,
1504000.0035,1504000,1504000.0035,"EQC - 118 Weld Road Upper, Tataraimaka","EQC - 118 Weld Road Upper, Tataraimaka, New Plymouth, 4374",FMG Insurance Limited,2022-03-10,AK,Philip Mathewson,173.934146,-39.16214,,False,
1504000.0037,1504000,1504000.0037,"EQC - 582 Flea Bay Road, Akaroa","EQC - 582 Flea Bay Road, Akaroa, Canterbury",FMG Insurance Limited,2022-03-14,CH,Scott Forster,173.005243,-43.866503,,False,
1504000.0046,1504000,1504000.0046,"EQC - 700 Waiteitei Road, Wellsford","EQC - 700 Waiteitei Road, Wellsford, Auckland, 0974, NZL",FMG Insurance Limited,2022-03-26,AK,Philip Mathewson,174.573286,-36.230939,,False,
1504000.0048,1504000,1504000.0048,EQC - 358 Tangoio Settlement Road,"EQC - 358 Tangoio Settlement Road, Tangoio, Napier, Hawke's Bay, 4181, NZL",FMG Insurance Limited,2022-04-02,AK,Philip Mathewson,176.928055,-39.307485,,False,
1504000.0038,1504000,1504000.0038,"EQC - 882 Snooks Road, Maungakaramea","EQC - 882 Snooks Road, Maungakaramea, Northland, 0178, NZL",FMG Insurance Limited,2022-04-08,AK,Philip Mathewson,174.208027,-35.823542,,False,
1504000.0039,1504000,1504000.0039,"EQC - 1358 State Highway 14, Maungatpere","EQC - 1358 State Highway 14, Maungatapere, Maungakaramea, Northland, 0179, NZL",FMG Insurance Limited,2022-04-08,AK,Philip Mathewson,174.195626,-35.769329,,False,
1504000.0040,1504000,1504000.0040,"EQC - 323 Te Hau Road, Whatatutu","EQC - 323 Te Hau Road, Whatatutu, Ruatoria, Gisborne",FMG Insurance Limited,2022-04-13,TG,Ryan Tutbury,177.856911,-38.383357,,False,
1504000.0041,1504000,1504000.0041,"EQC - 3 Marainanga Road, Pongaroa","EQC - 3 Marainanga Road, Pongaroa, Manawatu-Whanganui, 4991, NZL",FMG Insurance Limited,2022-04-14,WN,Shirley Wang,176.28263,-40.632572,,False,
1504000.0042,1504000,1504000.0042,"EQC - 515 Omarunui Road, Puketapu","EQC - 515 Omarunui Road, Puketapu, Hastings, Hawke's Bay, 4183, NZL",FMG Insurance Limited,2022-04-15,AK,Philip Mathewson,176.791751,-39.527323,,False,
1504000.0043,1504000,1504000.0043,"EQC - 124 Kaiwaka Road, Tangoio","EQC - 124 Kaiwaka Road, Tangoio, Napier, Hawke's Bay, 4181, NZL",FMG Insurance Limited,2022-04-15,AK,Philip Mathewson,176.883605,-39.271735,,False,
1504000.0044,1504000,1504000.0044,"EQC - 1391 Puketitiri Road, Puketapu","EQC - 1391 Puketitiri Road, Puketapu, Hastings, Hawke's Bay, 4184",FMG Insurance Limited,2022-04-15,AK,Philip Mathewson,176.759862,-39.450001,,False,
1504000.0045,1504000,1504000.0045,"EQC - 255 Apley Road, Puketapu","EQC - 255 Apley Road, Puketapu, Hastings, Hawke's Bay, 4184, NZL",FMG Insurance Limited,2022-04-18,AK,Philip Mathewson,176.739442,-39.481173,,False,
1504000.0047,1504000,1504000.0047,"EQC - 742 Matahorua Road, Putorino","EQC - 742 Matahorua Road, Putorino, Kotemaori, Hawke's Bay, 4181, NZL",FMG Insurance Limited,2022-04-26,AK,Philip Mathewson,176.870923,-39.152601,,False,
1504000.0034,1504000,1504000.0034,"EQC - 73 Holloway Road, Aro Valley","EQC - 73 Holloway Road, Aro Valley, Wellington",FMG Insurance Limited,2022-05-04,WN,Shirley Wang,174.757285,-41.296207,Wellington City,True,
1504000.0049,1504000,1504000.0049,"EQC - 122 Powerhouse Road, Cape Foulwind","EQC - 122 Powerhouse Road, #55, Fairdown, Cape Foulwind, West Coast",FMG Insurance Limited,2022-05-09,CH,Scott Forster,171.698636,-41.750182,,False,
1504000.0050,1504000,1504000.0050,"EQC - 460 De Malmanches Road, Mokihinui","EQC - 460 De Malmanches Road, Mokihinui 7891",FMG Insurance Limited,2022-05-24,NE,Scott Forster,171.945131,-41.51172,,False,
1504000.0051,1504000,1504000.0051,"EQC - 2294 Whangarei Heads Road, Whangar","EQC - 2294 Whangarei Heads Road, Whangarei Heads, Northland, 0174",FMG Insurance Limited,2022-05-31,AK,Philip Mathewson,174.522122,-35.825575,,False,
1504000.0052,1504000,1504000.0052,EQC - 1780 Mangapoike Rd,"EQC - 1780 Mangapoike Rd, Whakaki, 4196, NZL",FMG Insurance Limited,2022-06-03,AK,Philip Mathewson,177.550216,-38.92262,,False,
1504000.0053,1504000,1504000.0053,"EQC - 104 Belt Road, New Plymouth","EQC - 104 Belt Road, New Plymouth, Taranaki, 4310, NZL",FMG Insurance Limited,2022-06-14,TG,Philip Mathewson,174.059435,-39.065681,,False,
1504000.0054,1504000,1504000.0054,"EQC - 100 Dorset Avenue, Lynmouth","EQC - 100 Dorset Avenue, Lynmouth, New Plymouth, Taranaki, 4310, NZL",AA Insurance Limited,2022-06-15,TG,Philip Mathewson,174.059071,-39.065588,,False,
1504000.0055,1504000,1504000.0055,EQC - 5703A Masterton Castlepoint Rd,"EQC - 5703A Masterton Castlepoint Rd, Whakataki, Tinui, 5889, NZL",FMG Insurance Limited,2022-06-15,WN,Shirley Wang,176.217442,-40.862154,,False,
1504000.0056,1504000,1504000.0056,"EQC-180 Maori Pa Rd, Delaware Bay,Nelson","EQC - 180 Maori Pa Road, Delaware Bay, Hira, Nelson 7071",FMG Insurance Limited,2022-06-17,NE,Marcus Lovell,173.431946,-41.178306,,False,
1504000.0057,1504000,1504000.0057,"EQC - 625 Waipatiki Road, Tangoio","EQC - 625 Waipatiki Road, Tangoio, Napier, Hawke's Bay, 4181, NZL",FMG Insurance Limited,2022-06-17,AK,Philip Mathewson,176.974547,-39.296469,,False,
1504000.0058,1504000,1504000.0058,"EQC - 134A Cameron Road, Te Puke","EQC - 134A Cameron Road, Te Puke, Bay of Plenty, 3119, NZL",FMG Insurance Limited,2022-06-27,TG,Guy McDougall,176.316614,-37.796228,,False,
1504000.0059,1504000,1504000.0059,"EQC- 5 Te Arawa Place, Welcome Bay,","EQC- 5 Te Arawa Place, Welcome Bay, Tauranga, Bay of Plenty, 3112, NZL",FMG Insurance Limited,2022-06-27,TG,Guy McDougall,176.174826,-37.730063,,False,
1504000.0060,1504000,1504000.0060,"EQC - 8 Ken Douglas Drive, Aotea","EQC - 8 Ken Douglas Drive, Aotea, Porirua, Wellington, 5024, NZL",FMG Insurance Limited,2022-06-30,WN,Shirley Wang,174.85126,-41.126483,Porirua City,True,
1504000.0061,1504000,1504000.0061,"206 Robinson Rd, Rotoorangi, Cambridge","206 Robinson Rd, Rotoorangi, Cambridge, 3495, NZL",FMG Insurance Limited,2022-06-30,HM,Michael Triggs,175.480821,-38.000441,,False,
1504000.0062,1504000,1504000.0062,"EQC - 1339 Oio Road, Owhango","EQC - 1339 Oio Road, Owhango, Manawatu-Whanganui, 3990, NZL",FMG Insurance Limited,2022-07-06,WN,Shirley Wang,175.280221,-39.082031,,False,
1504000.0063,1504000,1504000.0063,"EQC - 245 Ngatiawa Rd, Reikorangi","EQC - 245 Ngatiawa Rd, Reikorangi, Waikanae, 5391, NZL",FMG Insurance Limited,2022-07-08,WN,Shirley Wang,175.110768,-40.906065,,False,
1504000.0064,1504000,1504000.0064,"EQC - 6 Pilot Ln, Whitby, Porirua","EQC - 6 Pilot Ln, Whitby, Porirua, 5024, NZL",FMG Insurance Limited,2022-07-08,WN,Shirley Wang,174.899511,-41.120261,Porirua City,True,
1504000.0065,1504000,1504000.0065,"EQC - 48 Hauroa Road, Whataupoko","EQC - 48 Hauroa Road, Whataupoko, Gisborne, 4010, NZL",FMG Insurance Limited,2022-07-08,AK,Philip Mathewson,178.040284,-38.660698,,False,
1504000.0066,1504000,1504000.0066,"EQC - 7 Titiro Way, Welcome Bay, Taurang","EQC - 7 Titiro Way, Welcome Bay, Taurang",FMG Insurance Limited,2022-07-13,TG,Guy McDougall,176.174282,-37.73025,,False,
1504000.0067,1504000,1504000.0067,"EQC -  89C Poplar Grove, Whalers Gate","EQC -  89C Poplar Grove, Whalers Gate, New Plymouth, Taranaki, 4310, NZL",FMG Insurance Limited,2022-07-25,AK,Philip Mathewson,174.044359,-39.082646,,False,
1504000.0068,1504000,1504000.0068,"EQC - 23 Ariki Road, Hataitai","EQC - 23 Ariki Road, Hataitai, Wellington, 6021, NZL",FMG Insurance Limited,2022-07-28,WN,Shirley Wang,174.799637,-41.297489,Wellington City,True,
1504000.0069,1504000,1504000.0069,"EQC - 326 Maungatapu Road, Maungatapu","EQC - 326 Maungatapu Road, Maungatapu, Tauranga, Bay of Plenty, 3112, NZL",Vero Insurance New Zealand Limited,2022-08-03,TG,Guy McDougall,176.18056554200007,-37.714171791999945,,False,
1504000.0070,1504000,1504000.0070,"EQC - 62 Koatanui Road, Brunswick","EQC - 62 Koatanui Road, Brunswick, Manawatu-Whanganui, 4571, NZL",FMG Insurance Limited,2022-08-03,WN,Shirley Wang,174.990487,-39.830135,,False,
1504000.0071,1504000,1504000.0071,"EQC - 5 Blantyre Rd, Wakari, Dunedin","EQC - 5 Blantyre Rd, Wakari, Dunedin, 9010, NZL",FMG Insurance Limited,2022-08-08,CH,Anna Sleight,170.484861,-45.853333,,False,
1504000.0092,1504000,1504000.0092,"EQC - 203 Hakataramea Highway, Canterbur","EQC - 203 Hakataramea Highway, Waimate, Canterbury, 7977, NZL",FMG Insurance Limited,2022-08-08,CH,Anna Sleight,171.02281,-44.757935,,False,
1504000.0072,1504000,1504000.0072,"EQC - 122 Breitmeyers Road, Little River","EQC - 122 Breitmeyers Road, Little River, Canterbury, 7591, NZL",FMG Insurance Limited,2022-08-10,CH,Anna Sleight,172.803798,-43.773143,,False,
1504000.0073,1504000,1504000.0073,"EQC - 34 Hornsey Road, Melrose","EQC - 34 Hornsey Road, Melrose, Wellington, 6023, NZL",FMG Insurance Limited,2022-08-10,WN,Shirley Wang,174.786483,-41.326497,Wellington City,True,
1504000.0074,1504000,1504000.0074,"EQC - 132 McEntee Road, Waitakere","EQC - 132 McEntee Road, Waitakere, Auckland, 0816, NZL",FMG Insurance Limited,2022-08-11,AK,Philip Mathewson,174.564507,-36.854965,,False,
1504000.0076,1504000,1504000.0076,"EQC - 23 Marine Parade, Macandrew Bay","EQC - 23 Marine Parade, Macandrew Bay, Dunedin, Otago, 9014, NZL",FMG Insurance Limited,2022-08-19,CH,Anna Sleight,170.592479,-45.870748,,False,
1504000.0077,1504000,1504000.0077,"EQC - 186 Gervin Road, Wainui, Auckland","EQC - 186 Gervin Road, Wainui, Auckland, 0992, NZL",FMG Insurance Limited,2022-08-19,AK,Philip Mathewson,174.630846,-36.593374,,False,
1504000.0078,1504000,1504000.0078,"EQC - 94D Belmont Road, Judgeford","EQC - 94D Belmont Road, Judgeford, Porirua, Wellington, 5381, NZL",FMG Insurance Limited,2022-08-22,WN,Shirley Wang,174.927228,-41.117839,Porirua City,True,
1504000.0079,1504000,1504000.0079,"EQC - 12 Bay View Place, Whangarei Heads","EQC - 12 Bay View Place, Whangarei Heads, Northland, 0174, NZL",FMG Insurance Limited,2022-08-23,AK,Philip Mathewson,174.50729,-35.826991,,False,
1504000.0080,1504000,1504000.0080,"EQC - 40 Okahu Road, Kaitaia, Northland","EQC - 40 Okahu Road, Kaitaia, Northland, 0410, NZL",FMG Insurance Limited,2022-08-24,AK,Philip Mathewson,173.263464,-35.122853,,False,
1504000.0081,1504000,1504000.0081,"EQC - 108 Curtis Street, Northland","EQC - 108 Curtis Street, Northland, Wellington, 6012, NZL",FMG Insurance Limited,2022-08-30,WN,Shirley Wang,174.755823,-41.27727,Wellington City,True,
1504000.0082,1504000,1504000.0082,"EQC - 73 Holloway Road, Aro Valley","EQC - 73 Holloway Road, Aro Valley, Wellington, 6021, NZL",FMG Insurance Limited,2022-08-30,WN,Shirley Wang,174.757261,-41.296184,Wellington City,True,
1504000.0083,1504000,1504000.0083,"EQC- 24B Coster Street, Enner Glynn","EQC- 24B Coster Street, Enner Glynn, Nelson, 7011",FMG Insurance Limited,2022-08-30,AK,Jen Smith,173.24786,-41.304552,,False,
1504000.0084,1504000,1504000.0084,"EQC - 5 Miro Street, Kaka Point, Otago","EQC - 5 Miro Street, Kaka Point, Otago, 9271, NZL",FMG Insurance Limited,2022-08-30,CH,Anna Sleight,169.779293,-46.385241,,False,
1504000.0085,1504000,1504000.0085,"EQC- 260 Hursthouse Street, Motueka","EQC- 260 Hursthouse Street, Motueka, Tasman, 7175",FMG Insurance Limited,2022-08-30,AK,Jen Smith,172.962867,-41.137987,,False,
1504000.0086,1504000,1504000.0086,"EQC- 250 Lud Valley Road, Hira","EQC- 250 Lud Valley Road, Hira, Mount Richmond Forest Park, Nelson, 7071",FMG Insurance Limited,2022-09-05,AK,Jen Smith,173.386478,-41.237742,,False,
1504000.0087,1504000,1504000.0087,"EQC- 346 Wakapuaka Road, Wakapuaka, Hira","EQC- 346 Wakapuaka Road, Wakapuaka, Hira, Nelson, 7071",FMG Insurance Limited,2022-09-05,AK,Jen Smith,173.35404,-41.207549,,False,
1504000.0088,1504000,1504000.0088,"EQC- 181 Kanuka Rise, Wakapuaka, Nelson","EQC- 181 Kanuka Rise, Wakapuaka, Nelson, 7071",FMG Insurance Limited,2022-09-05,AK,Jen Smith,173.36537,-41.218315,,False,
1504000.0089,1504000,1504000.0089,"EQC- 134 Lud Valley Road, Hira","EQC- 134 Lud Valley Road, Hira, Mount Richmond Forest Park, Nelson, 7071",FMG Insurance Limited,2022-09-05,AK,Jen Smith,173.389515,-41.227612,,False,
1504000.0090,1504000,1504000.0090,"EQC- 6331 State Highway 6, Rai Valley","EQC- 6331 State Highway 6, Rai Valley, Marlborough, 7192",FMG Insurance Limited,2022-09-05,AK,Jen Smith,173.571423,-41.267048,,False,
1504000.0091,1504000,1504000.0091,"EQC- 5 Falcon Ridge Way, Stoke, Nelson","EQC- 5 Falcon Ridge Way, Stoke, Nelson, 7011",FMG Insurance Limited,2022-09-07,AK,Jen Smith,173.258579,-41.326129,,False,
1504000.0093,1504000,1504000.0093,"EQC- 160 Lud Valley Rd, Hira","EQC- 160 Lud Valley Rd, Hira, Nelson, 7071",FMG Insurance Limited,2022-09-12,AK,Jen Smith,173.389138,-41.230626,,False,
1504000.0094,1504000,1504000.0094,"EQC- Blackwood Bay, Q5204, Marlborough","EQC- Blackwood Bay, Q5204,Marlborough Sounds, Marlborough",FMG Insurance Limited,2022-09-12,AK,Jen Smith,174.088671,-41.211092,,False,
1504000.0095,1504000,1504000.0095,"EQC- 256 Malling Road, Redwood Valley","EQC- 256 Malling Road, Redwood Valley, Brightwater, Tasman, 7081",FMG Insurance Limited,2022-09-12,AK,Jen Smith,173.078786,-41.317276,,False,
1504000.0096,1504000,1504000.0096,"EQC- 729 Waikakaho Road, Tuamarina","EQC- 729 Waikakaho Road, Tuamarina, Mount Richmond Forest Park, Marlborough, 7273",FMG Insurance Limited,2022-09-12,AK,Jen Smith,173.850394,-41.40419,,False,
1504000.0097,1504000,1504000.0097,"EQC- 311 Onamalutu Road, Wairau Valley","EQC- 311 Onamalutu Road, Wairau Valley, Marlborough, 7275",FMG Insurance Limited,2022-09-14,AK,Jen Smith,173.732302,-41.471263,,False,
1504000.0098,1504000,1504000.0098,"EQC- 97 Onamalutu Road, Onamalutu","EQC- 97 Onamalutu Road, Onamalutu, Wairau Valley, Marlborough, 7275",FMG Insurance Limited,2022-09-14,AK,Jen Smith,173.742421,-41.484314,,False,
1504000.0099,1504000,1504000.0099,"EQC- 699 Queen Charlotte Drive, Havelock","EQC- 699 Queen Charlotte Drive, Havelock, Marlborough, 7281",FMG Insurance Limited,2022-09-15,AK,Jen Smith,173.806923,-41.287533,,False,
1504000.0100,1504000,1504000.0100,"EQC- 368 Wakapuaka Road, Wakapuaka, Hira","EQC- 368 Wakapuaka Road, Wakapuaka, Hira, Nelson, 7071",FMG Insurance Limited,2022-09-16,AK,Jen Smith,173.354945,-41.205685,,False,
1504000.0101,1504000,1504000.0101,EQC- 1725 Collingwood-Puponga Main Rd,"EQC- 1725 Collingwood-Puponga Main Rd, Pakawau, Collingwood, 7073",FMG Insurance Limited,2022-09-16,AK,Shirley Wang,172.715185,-40.550812,,False,
1504000.0102,1504000,1504000.0102,"EQC- 31 Bay Vista Drive, Pohara, Tasman","EQC- 31 Bay Vista Drive, Pohara, Tasman, 7183",FMG Insurance Limited,2022-09-16,AK,Jen Smith,172.887442,-40.835003,,False,
1504000.0105,1504000,1504000.0105,"EQC- 16 Belvue Bay Road, Havelock","EQC- 16 Belvue Bay Road, Havelock, Marlborough, 7281",FMG Insurance Limited,2022-09-16,AK,Jen Smith,173.805353,-41.28651,,False,
1504000.0103,1504000,1504000.0103,"EQC- 983 Kenepuru Road, Mahau Sound","EQC- 983 Kenepuru Road, Mahau Sound, Linkwater, Marlborough, 7282",FMG Insurance Limited,2022-09-19,AK,Jen Smith,173.898597,-41.234818,,False,
1504000.0104,1504000,1504000.0104,"EQC - 59 Smith Road, Whareora, Northland","EQC - 59 Smith Road, Whareora, Northland, 0175, NZL",FMG Insurance Limited,2022-09-20,AK,Philip Mathewson,174.438775,-35.687889,,False,
1504000.0106,1504000,1504000.0106,"EQC- 28 Moetapu Bay Road, Moetapu Bay","EQC- 28 Moetapu Bay Road, Moetapu Bay, Linkwater, Marlborough, 7282",FMG Insurance Limited,2022-09-28,AK,Jen Smith,173.867425,-41.25775,,False,
1504000.0107,1504000,1504000.0107,"EQC- Mistletoe Bay, Marlborough, NZL","EQC- Mistletoe Bay, Marlborough, NZL",FMG Insurance Limited,2022-09-28,AK,Jen Smith,173.972458,-41.223099,,False,
1504000.0108,1504000,1504000.0108,"EQC- 291 Bill Bryants Road, Squally Cove","EQC- 291 Bill Bryants Road, Squally Cove, Okiwi Bay, Marlborough, 7193",FMG Insurance Limited,2022-10-01,AK,Jen Smith,173.751314,-41.044304,,False,
1504000.0109,1504000,1504000.0109,"EQC- 44 Glen Road, Glenduan, Hira","EQC- 44 Glen Road, Glenduan, Hira, Nelson, 7071",FMG Insurance Limited,2022-10-04,AK,Jen Smith,173.362006,-41.2012,,False,
1504000.0110,1504000,1504000.0110,"EQC- 56 Kanuka Rise, Wakapuaka, Hira","EQC- 56 Kanuka Rise, Wakapuaka, Hira, Nelson, 7071",FMG Insurance Limited,2022-10-04,AK,Jen Smith,173.362371,-41.210338,,False,
1504000.0111,1504000,1504000.0111,"EQC- 9 Grenville Terrace, Moana, Nelson","EQC- 9 Grenville Terrace, Moana, Nelson, 7011, NZL",FMG Insurance Limited,2022-10-05,AK,Marcus Lovell,173.255531,-41.2781,,False,
1504000.0112,1504000,1504000.0112,EQC - 2294 Whangarei Heads Road,"EQC - 2294 Whangarei Heads Road, Whangarei Heads, Northland, 0174, NZL",FMG Insurance Limited,2022-10-06,AK,Philip Mathewson,174.522202,-35.825689,,False,
1504000.0113,1504000,1504000.0113,"EQC - 547 Rocks Road, Moana, Nelson","EQC - 547 Rocks Road, Moana, Nelson, 7011",FMG Insurance Limited,2022-10-06,AK,Marcus Lovell,173.255817,-41.277061,,False,
1504000.0114,1504000,1504000.0114,EQC- 2282 Queen Charlotte Drive,"EQC- 2282 Queen Charlotte Drive, Ngakuta Bay, Marlborough, 7281",FMG Insurance Limited,2022-10-10,AK,Jen Smith,173.959765,-41.273826,,False,
1504000.0115,1504000,1504000.0115,"EQC- Lot 1 DP 6977, Catherine Cove","EQC- Lot 1 DP 6977, Catherine Cove, Marlborough",FMG Insurance Limited,2022-10-10,AK,Jen Smith,173.882714,-40.863988,,False,
1504000.0116,1504000,1504000.0116,"EQC- 44 Moetapu Bay Road, Moetapu Bay","EQC- 44 Moetapu Bay Road, Moetapu Bay, Linkwater, Marlborough, 7282",FMG Insurance Limited,2022-10-10,AK,Jen Smith,173.863748,-41.257221,,False,
1504000.0117,1504000,1504000.0117,"EQC- 2219 Kenepuru Road, Te Mahia","EQC- 2219 Kenepuru Road, Te Mahia, Marlborough Sounds, Marlborough, 7282",FMG Insurance Limited,2022-10-10,AK,Jen Smith,173.985408,-41.209425,,False,
1504000.0118,1504000,1504000.0118,"EQC- 160 Lower Flowers Road, Whangamoa","EQC- 160 Lower Flowers Road, Whangamoa, Nelson, 7071",FMG Insurance Limited,2022-10-10,AK,Jen Smith,173.497005,-41.180643,,False,
1504000.0119,1504000,1504000.0119,"EQC- 29 Hope Drive, Okiwi Bay","EQC- 29 Hope Drive, Okiwi Bay, Marlborough, 7193",FMG Insurance Limited,2022-10-10,AK,Jen Smith,173.651,-41.107801,,False,
1504000.0120,1504000,1504000.0120,"EQC- Waitai Bay, D'Urville Island","EQC- Waitai Bay, D'Urville Island, Marlborough Sounds, Marlborough, NZL",FMG Insurance Limited,2022-10-11,AK,Jen Smith,173.941738,-40.774766,,False,
1504000.0121,1504000,1504000.0121,"EQC-  Lot 1 DP 4021, Marys Bay","EQC-   Lot 1 DP 4021, Marys Bay, Marlborough",FMG Insurance Limited,2022-10-18,AK,Jen Smith,173.938858,-41.087983,,False,
1504000.0122,1504000,1504000.0122,"EQC-  Lot 2 DP 347730, Miro Bay","EQC-  Lot 2 DP 347730, Miro Bay, Pelorus Sound, Marlborough 7195",FMG Insurance Limited,2022-10-18,AK,Jen Smith,173.889038,-41.074836,,False,
1504000.0123,1504000,1504000.0123,"EQC - 257 Spencer Road, Lake Tarawera","EQC - 257 Spencer Road, Lake Tarawera, Rotorua, Bay of Plenty, 3076, NZL",FMG Insurance Limited,2022-10-19,TG,Guy McDougall,176.389815,-38.183995,,False,
1504000.0124,1504000,1504000.0124,"EQC - 412 Ronga Road, Rai Valley","EQC - 412 Ronga Road, Rai Valley, Mount Richmond Forest Park, Marlborough, 7194",FMG Insurance Limited,2022-10-19,AK,Jen Smith,173.600843,-41.188905,,False,
1504000.0125,1504000,1504000.0125,"EQC - 700 Moetapu Bay Road, Moetapu Bay","EQC - 700 Moetapu Bay Road, Moetapu Bay, Linkwater, Marlborough, 7282",FMG Insurance Limited,2022-10-19,AK,Jen Smith,173.813406,-41.264815,,False,
1504000.0126,1504000,1504000.0126,"EQC - Lot 1 DP 9827, Lochmara Bay","EQC - Lot 1 DP 9827, Lochmara Bay, Marlborough Sounds, 7282",FMG Insurance Limited,2022-10-19,AK,Jen Smith,173.995899,-41.240374,,False,
1504000.0127,1504000,1504000.0127,"EQC - Lot 1 & 2 DP 1593, Lochmara Bay","EQC - Lot 1 & 2 DP 1593, Lochmara Bay, Marlborough",FMG Insurance Limited,2022-10-20,AK,Jen Smith,173.995427,-41.228565,,False,
1504000.0128,1504000,1504000.0128,"EQC - 2127 Kenepuru Road, Te Mahia","EQC - 2127 Kenepuru Road, Te Mahia, Marlborough Sounds, Marlborough, 7282",FMG Insurance Limited,2022-10-20,AK,Jen Smith,173.977796,-41.210087,,False,
1504000.0129,1504000,1504000.0129,"EQC - 2777 Kenepuru Road, Portage","EQC - 2777 Kenepuru Road, Portage, Marlborough Sounds, Marlborough, 7282",FMG Insurance Limited,2022-10-20,AK,Jen Smith,174.022447,-41.199948,,False,
1504000.0130,1504000,1504000.0130,EQC - 6180 Croisilles-French Pass Road,"EQC - 6180 Croisilles-French Pass Road, French Pass, Okiwi Bay, Marlborough, 7193",FMG Insurance Limited,2022-10-20,AK,Jen Smith,173.843681,-40.92746,,False,
1504000.0131,1504000,1504000.0131,"EQC - Lot 1 DP 305839, Waterfall Bay","EQC - Lot 1 DP 305839, Waterfall Bay, Marlborough",FMG Insurance Limited,2022-10-20,AK,Jen Smith,173.956196,-40.922753,,False,
1504000.0132,1504000,1504000.0132,EQC - 5493 Croisilles-French Pass Rd,"EQC - 5493 Croisilles-French Pass Rd, French Pass, Marlborough Sounds, 7193",FMG Insurance Limited,2022-10-20,AK,Marcus Lovell,173.808565,-40.969332,,False,
1504000.0133,1504000,1504000.0133,"EQC - 12 Cheeseman Road, Inner Kaiti","EQC - 12 Cheeseman Road, Inner Kaiti, Gisborne, 4010",FMG Insurance Limited,2022-10-26,AK,Philip Mathewson,178.033476,-38.664856,,False,
1504000.0134,1504000,1504000.0134,EQC - 6182 Croisilles-French Pass Road,"EQC - 6182 Croisilles-French Pass Road, French Pass, Okiwi Bay, Marlborough, 7193",FMG Insurance Limited,2022-10-27,AK,Jen Smith,173.842632,-40.928002,,False,
1504000.0135,1504000,1504000.0135,"EQC - Lot 1 DP 930, Whenuanui Bay","EQC - Lot 1 DP 930, Whenuanui Bay, Picton, Marlborough",FMG Insurance Limited,2022-10-27,AK,Jen Smith,173.976094,-41.269496,,False,
1504000.0136,1504000,1504000.0136,"EQC - 180 Maori Pa Road, Delaware Bay","EQC - 180 Maori Pa Road, Delaware Bay, Hira, Nelson, 7071",FMG Insurance Limited,2022-10-28,AK,Jen Smith,173.431527,-41.178097,,False,
1504000.0137,1504000,1504000.0137,"EQC - 6 Bodmin Street, Marybank, Nelson","EQC - 6 Bodmin Street, Marybank, Nelson, 7010",FMG Insurance Limited,2022-10-28,AK,Jen Smith,173.324263,-41.224171,,False,
1504000.0138,1504000,1504000.0138,"EQC - 14C Montrose Drive, Atawhai","EQC - 14C Montrose Drive, Atawhai, Nelson, 7010",FMG Insurance Limited,2022-10-28,AK,Jen Smith,173.312151,-41.253967,,False,
1504000.0139,1504000,1504000.0139,"EQC - 172 Rayners Road, Hira","EQC - 172 Rayners Road, Hira, Nelson, 7071",FMG Insurance Limited,2022-10-28,AK,Jen Smith,173.372732,-41.221166,,False,
1504000.0140,1504000,1504000.0140,"EQC - 7 Mead Rd, Lee Valley, Brightwater","EQC - 7 Mead Rd, Lee Valley, Brightwater, 7081",FMG Insurance Limited,2022-10-28,AK,Jen Smith,173.158647,-41.405559,,False,
1504000.0141,1504000,1504000.0141,"EQC - 529 Cable Bay Road, Cable Bay","EQC - 529 Cable Bay Road, Cable Bay, Nelson, 7071",FMG Insurance Limited,2022-10-31,AK,Jen Smith,173.422806,-41.179099,,False,
1504000.0142,1504000,1504000.0142,"EQC - 83A Cable Bay Road, Hira, Nelson","EQC - 83A Cable Bay Road, Hira, Nelson, 7071",FMG Insurance Limited,2022-10-31,AK,Jen Smith,173.399665,-41.202127,,False,
1504000.0143,1504000,1504000.0143,EQC - 440 Tangoio Settlement Road,"EQC - 440 Tangoio Settlement Road, Tangoio, Napier, Hawke's Bay, 4181, NZL",FMG Insurance Limited,2022-11-01,AK,Philip Mathewson,176.932018,-39.307353,,False,
1504000.0144,1504000,1504000.0144,"EQC - 20 Airlie Street, Glenduan, Hira","EQC - 20 Airlie Street, Glenduan, Hira, Nelson, 7071",FMG Insurance Limited,2022-11-03,AK,Jen Smith,173.367135,-41.18485,,False,
1504000.0145,1504000,1504000.0145,"EQC - 420 Hedgeley Rd, Eskdale, Napier","EQC - 420 Hedgeley Rd, Eskdale, Napier, 4182, NZL",FMG Insurance Limited,2022-11-03,AK,Philip Mathewson,176.818981,-39.421088,,False,
1504000.0146,1504000,1504000.0146,"EQC - Lot 1 DP4029, Marys Bay","EQC - Lot 1 DP4029, Marys Bay, Marlborough, NZL",FMG Insurance Limited,2022-11-10,AK,Jen Smith,173.94185,-41.089386,,False,
1504000.0147,1504000,1504000.0147,"EQC - 2451 Kenepuru Road, Portage","EQC - 2451 Kenepuru Road, Portage, Marlborough Sounds, Marlborough, 7282",FMG Insurance Limited,2022-11-14,AK,Jen Smith,174.003371,-41.208336,,False,
1504000.0148,1504000,1504000.0148,"EQC - Lot 5 DP 2876, Kenepuru Sound","EQC - Lot 5 DP 2876, Kenepuru Sound, Portage, Marlborough",FMG Insurance Limited,2022-11-14,AK,Jen Smith,174.025735,-41.185862,,False,
1504000.0149,1504000,1504000.0149,"EQC-90 Mountain View Rd, Otorohanga","EQC-90 Mountain View Rd, Otorohanga, 3900, NZL",FMG Insurance Limited,2022-11-18,HM,Michael Triggs,175.21556,-38.176124,,False,
1504000.0150,1504000,1504000.0150,"EQC - 135 Moana Avenue, Moana, Nelson","EQC - 135 Moana Avenue, Moana, Nelson, 7011",FMG Insurance Limited,2022-11-22,AK,Marcus Lovell,173.255667,-41.281007,,False,
1504000.0151,1504000,1504000.0151,"EQC - 1 Patuki Road, D'Urville Island","EQC - 1 Patuki Road, D'Urville Island, Marlborough Sounds",FMG Insurance Limited,2022-11-23,AK,Jen Smith,173.953609,-40.739353,,False,
1504000.0152,1504000,1504000.0152,"EQC - 63 Hillwood Drive, Wakapuaka","EQC - 63 Hillwood Drive, Wakapuaka, Hira, Nelson, 7071",FMG Insurance Limited,2022-11-29,AK,Jen Smith,173.375158,-41.214364,,False,
1504000.0153,1504000,1504000.0153,"EQC - 326 Maungatapu Road, Maungatapu, T","EQC - 326 Maungatapu Road, Maungatapu, Tauranga, Bay of Plenty (Additional Request)",FMG Insurance Limited,2022-12-01,TG,Ryan Tutbury,176.180294,-37.714084,,False,
1504000.0154,1504000,1504000.0154,"EQC - 7 Rose Street, Havelock","EQC - 7 Rose Street, Havelock, Marlborough, 7100",FMG Insurance Limited,2022-12-08,AK,Jen Smith,173.767293,-41.274975,,False,
1504000.0155,1504000,1504000.0155,"EQC - 1 Cooks Ridge, Waikawa, Picton","EQC - 1 Cooks Ridge, Waikawa, Picton, Marlborough, 7281",FMG Insurance Limited,2022-12-08,AK,Jen Smith,174.051271,-41.263155,,False,
1504000.0156,1504000,1504000.0156,"EQC - 33 Lawrence Road, Portage","EQC - 33 Lawrence Road, Portage, Marlborough Sounds, Marlborough, 7282",FMG Insurance Limited,2022-12-08,AK,Jen Smith,174.013149,-41.199543,,False,
1504000.0157,1504000,1504000.0157,"EQC - Lot 10 DP 2658, Lochmara Bay","EQC - Lot 10 DP 2658, Lochmara Bay, Marlborough, NZL",FMG Insurance Limited,2022-12-14,AK,Jen Smith,174.002581,-41.218852,,False,
1504000.0158,1504000,1504000.0158,"EQC - 4342 Waiapu Road, Te Puia Springs","EQC - 4342 Waiapu Road, Te Puia Springs, Tokomaru Bay, Gisborne, 4079, NZL",FMG Insurance Limited,2022-12-16,AK,Ryan Tutbury,178.300104,-38.078124,,False,
1504000.0159,1504000,1504000.0159,"EQC - 383 State Highway 1, Otaika","EQC - 383 State Highway 1, Otaika, Whangarei, 0178, NZL",FMG Insurance Limited,2022-12-19,AK,Philip Mathewson,174.31348,-35.765448,,False,
1504000.0160,1504000,1504000.0160,"EQC - 636 Cable Bay Road, Cable Bay","EQC - 636 Cable Bay Road, Cable Bay, Nelson, 7071",FMG Insurance Limited,2022-12-20,AK,Jen Smith,173.424628,-41.170359,,False,
1504000.0161,1504000,1504000.0161,"EQC - 26 Reotahi Road, Whangarei Heads","EQC - 26 Reotahi Road, Whangarei Heads, Northland, 0174, NZL",FMG Insurance Limited,2022-12-21,AK,Philip Mathewson,174.497958,-35.817787,,False,
1504000.0265,1504000,1504000.0265,"EQC - 198D Devich Road, Mangawhai","EQC - 198D Devich Road, Mangawhai, Northland, 0975, NZL",FMG Insurance Limited,2023-01-01,AK,Philip Mathewson,174.552771,-36.140842,,False,
1504000.0271,1504000,1504000.0271,"EQC -863 Puketitiri Road, Puketapu, Hast","EQC -863 Puketitiri Road, Puketapu, Hastings, Hawke's Bay, 4182, NZL",FMG Insurance Limited,2023-01-01,HM,Ryan Tutbury,176.791412,-39.465726,,False,
1504000.0280,1504000,1504000.0280,"EQC - 1019 Pipiwai Rd, Ruatangata West","EQC - 1019 Pipiwai Rd, Ruatangata West, Whangarei, 0176, NZL",FMG Insurance Limited,2023-01-01,AK,Philip Mathewson,174.190692,-35.668792,,False,
1504000.0302,1504000,1504000.0302,"EQC - 11 Sunshine Rise, Raglan, Waikato","EQC - 11 Sunshine Rise, Raglan, Waikato, 3225, NZL",FMG Insurance Limited,2023-01-01,HM,Ryan Tutbury,174.887897,-37.802521,,False,
1504000.0162,1504000,1504000.0162,"EQC - 58 Mahonia Place, Pyes Pa","EQC - 58 Mahonia Place, Pyes Pa, Tauranga, Bay of Plenty, 3112, NZL",FMG Insurance Limited,2023-01-13,TG,Guy McDougall,176.128828,-37.742148,,False,
1504000.0163,1504000,1504000.0163,"EQC - Lot 7 DP2876, Kenepuru Road","EQC - Lot 7 DP2876, Kenepuru Road, Kenepuru Sounds, Marlborough",FMG Insurance Limited,2023-01-16,AK,Jen Smith,174.028841,-41.185463,,False,
1504000.0164,1504000,1504000.0164,"EQC - 953 Puketitiri Rd, Puketapu","EQC - 953 Puketitiri Rd, Puketapu, Napier, 4182, NZL",FMG Insurance Limited,2023-01-17,AK,Philip Mathewson,176.786162,-39.461303,,False,
1504000.0165,1504000,1504000.0165,"EQC - 57 Tutauanui Crescent, Maungatapu","EQC - 57 Tutauanui Crescent, Maungatapu, Tauranga, Bay of Plenty, 3112, NZL",FMG Insurance Limited,2023-01-18,TG,Ryan Tutbury,176.168264,-37.72261,,False,
1504000.0166,1504000,1504000.0166,"EQC - 12 Cheeseman Road, Inner Kaiti","EQC - 12 Cheeseman Road, Inner Kaiti, Gisborne, 4010, NZL",FMG Insurance Limited,2023-01-23,AK,Philip Mathewson,178.0333,-38.664833,,False,
1504000.0167,1504000,1504000.0167,"EQC - 420 Hedgeley Rd, Eskdale, Napier,","EQC - 420 Hedgeley Road, Eskdale, Napier, 4182, NZL #HBEQC",FMG Insurance Limited,2023-02-08,AK,Ryan Tutbury,176.817755,-39.421307,,False,
1504000.0198,1504000,1504000.0198,"EQC - 7 Shirley Road, #1, Grey Lynn","EQC - 7 Shirley Road, #1, Grey Lynn, Auckland, 1021",Tower Insurance Limited,2023-02-10,AK,Philip Mathewson,174.734339,-36.866666,,False,
1504000.0168,1504000,1504000.0168,"EQC - 130C Wattle Bay Rd, Manukau Heads","EQC - 130C Wattle Bay Rd, Manukau Heads, Auckland, 2684, NZL",FMG Insurance Limited,2023-02-12,AK,Philip Mathewson,174.599572,-37.050446,,False,
1504000.0169,1504000,1504000.0169,"EQC - 124 Otitori Bay Road, Titirangi","EQC - 124 Otitori Bay Road, Titirangi, Auckland, 0604, NZL",FMG Insurance Limited,2023-02-15,AK,Philip Mathewson,174.665775,-36.948166,,False,
1504000.0170,1504000,1504000.0170,"EQC - 133 Stone Street, Wanaka, Otago","EQC - 133 Stone Street, Wanaka, Otago, 9305, NZL",FMG Insurance Limited,2023-02-15,CH,Scott Forster,169.129908,-44.706087,,False,
1504000.0171,1504000,1504000.0171,"EQC - 720 Ahuroa Road, Puhoi","EQC - 720 Ahuroa Road, Puhoi, Auckland, 0994, NZL",FMG Insurance Limited,2023-02-15,AK,Philip Mathewson,174.60751,-36.484975,,False,
1504000.0172,1504000,1504000.0172,"EQC - 1056 Woodcocks Road, Kaipara Flats","EQC - 1056 Woodcocks Road, Kaipara Flats, Warkworth, Auckland, 0981, NZL",FMG Insurance Limited,2023-02-15,AK,Philip Mathewson,174.580637,-36.443525,,False,
1504000.0173,1504000,1504000.0173,"EQC - 40 Otitori Bay Road, Titirangi","EQC - 40 Otitori Bay Road, Titirangi, Auckland, 0604, NZL",FMG Insurance Limited,2023-02-17,AK,Philip Mathewson,174.660302,-36.942218,,False,
1504000.0174,1504000,1504000.0174,"EQC - 298 Wright Road, Dairy Flat","EQC - 298 Wright Road, Dairy Flat, Auckland, 0792, NZL",FMG Insurance Limited,2023-02-17,AK,Philip Mathewson,174.693561,-36.70491,,False,
1504000.0175,1504000,1504000.0175,"EQC - 589 Dairy Flat Highway, Dairy Flat","EQC - 589 Dairy Flat Highway, Dairy Flat, Auckland, 0792, NZL",FMG Insurance Limited,2023-02-19,AK,Philip Mathewson,174.661329,-36.706523,,False,
1504000.0176,1504000,1504000.0176,EQC - 212 Hillsborough Road,"EQC - 212 Hillsborough Road, Hillsborough, Auckland, 1042, NZL",FMG Insurance Limited,2023-02-21,AK,Philip Mathewson,174.754971,-36.923774,,False,
1504000.0177,1504000,1504000.0177,"EQC - 326 Forest Hill Rd, Waiatarua","EQC - 326 Forest Hill Rd, Waiatarua, Auckland, 0612, NZL",FMG Insurance Limited,2023-02-21,AK,Dion Willcocks,174.583645,-36.925991,,False,
1504000.0178,1504000,1504000.0178,"EQC -155 Wright Road, Dairy Flat, Auckla","EQC -155 Wright Road, Dairy Flat, Auckland, 0794, NZL",FMG Insurance Limited,2023-02-21,AK,Philip Mathewson,174.697106,-36.694391,,False,
1504000.0179,1504000,1504000.0179,EQC - 1419 Kaipara Coast Highway,"EQC - 1419 Kaipara Coast Highway, Kaukapakapa, Auckland, 0984, NZL",FMG Insurance Limited,2023-02-23,AK,Philip Mathewson,174.486211,-36.591209,,False,
1504000.0180,1504000,1504000.0180,"EQC - 22 Awa Glade Lane, Tikipunga","EQC - 22 Awa Glade Lane, Tikipunga, Whangarei, Northland, 0112, NZL",FMG Insurance Limited,2023-02-23,AK,Philip Mathewson,174.335054,-35.690075,,False,
1504000.0181,1504000,1504000.0181,"EQC - 31 Karekare Rd, Karekare, Auckland","EQC - 31 Karekare Rd, Karekare, Auckland, 0772, NZL",FMG Insurance Limited,2023-02-24,AK,Philip Mathewson,174.479765,-36.982926,,False,
1504000.0182,1504000,1504000.0182,"EQC - 81 Halsey Drive, Lynfield","EQC - 81 Halsey Drive, Lynfield, Auckland, 1042, NZL",FMG Insurance Limited,2023-02-24,AK,Philip Mathewson,174.714921,-36.931819,,False,
1504000.0183,1504000,1504000.0183,"EQC - 550 Krippner Road, Puhoi","EQC - 550 Krippner Road, Puhoi, Auckland, 0994, NZL",FMG Insurance Limited,2023-02-25,AK,Philip Mathewson,174.616675,-36.535121,,False,
1504000.0184,1504000,1504000.0184,"EQC - 352 Big Bay Road, Manukau Heads","EQC - 352 Big Bay Road, Manukau Heads, Auckland, 2684, NZL",FMG Insurance Limited,2023-02-25,AK,Philip Mathewson,174.633133,-37.040992,,False,
1504000.0185,1504000,1504000.0185,"EQC - 489 Rahuikiri Road, Tomarata","EQC - 489 Rahuikiri Road, Tomarata, Wellsford, Auckland, 0972, NZL",FMG Insurance Limited,2023-02-27,AK,Philip Mathewson,174.703402,-36.233425,,False,
1504000.0186,1504000,1504000.0186,"EQC - 953 Puketitiri Road, Puketapu, Has","EQC - 953 Puketitiri Road, Puketapu, Hastings, Hawke's Bay, 4182, NZL #HBEQC",FMG Insurance Limited,2023-02-27,HM,Ryan Tutbury,176.7863,-39.461467,,False,
1504000.0187,1504000,1504000.0187,"EQC - 71 North Piha Road, Piha, Auckland","EQC - 71 North Piha Road, Piha, Auckland, 0772, NZL",FMG Insurance Limited,2023-02-27,AK,Philip Mathewson,174.463296,-36.939415,,False,
1504000.0188,1504000,1504000.0188,"EQC - 515 Omarunui Rd, Puketapu, Napier","EQC - 515 Omarunui Rd, Puketapu, Napier, 4183, NZL #HBEQC",FMG Insurance Limited,2023-02-28,HM,Ryan Tutbury,176.793334,-39.526846,,False,
1504000.0189,1504000,1504000.0189,"EQC - 313 Forest Hill Road, Waiatarua","EQC - 313 Forest Hill Road, Waiatarua, Auckland, 0612, NZL (event 1)",FMG Insurance Limited,2023-02-28,AK,Philip Mathewson,174.581666,-36.926143,,False,
1504000.0190,1504000,1504000.0190,EQC - 139 Schnapper Rock Road,"EQC - 139 Schnapper Rock Road, Schnapper Rock, Auckland, 0632, NZL",FMG Insurance Limited,2023-02-28,AK,Philip Mathewson,174.689237,-36.758644,,False,
1504000.0191,1504000,1504000.0191,"EQC - 11 Hill Top Road East, Pukekohe","EQC - 11 Hill Top Road East, Pukekohe, 2120, NZL",FMG Insurance Limited,2023-02-28,AK,Philip Mathewson,174.889047,-37.237028,,False,
1504000.0192,1504000,1504000.0192,"EQC - 313 Forest Hill Road, Waiatarua","EQC - 313 Forest Hill Road, Waiatarua, Auckland, 0612, NZL (event 2)",FMG Insurance Limited,2023-02-28,AK,Philip Mathewson,174.581954,-36.926102,,False,
1504000.0193,1504000,1504000.0193,"EQC - 39 Mill Flat Road, Riverhead","EQC - 39 Mill Flat Road, Riverhead, Auckland, 0793, NZL",FMG Insurance Limited,2023-02-28,AK,Philip Mathewson,174.610216,-36.743968,,False,
1504000.0194,1504000,1504000.0194,"EQC - 33 Green Hollows Road, Puhoi","EQC - 33 Green Hollows Road, Puhoi, Auckland, 0994, NZL",FMG Insurance Limited,2023-03-01,AK,Philip Mathewson,174.653455,-36.537083,,False,
1504000.0195,1504000,1504000.0195,"EQC - 27 Okura River Road, Okura","EQC - 27 Okura River Road, Okura, Auckland, 0792, NZL",FMG Insurance Limited,2023-03-01,AK,Philip Mathewson,174.720012,-36.673617,,False,
1504000.0196,1504000,1504000.0196,"EQC - 10 Kingfisher Lane, Mangawhai","EQC - 10 Kingfisher Lane, Mangawhai, Northland, 0975, NZL",FMG Insurance Limited,2023-03-01,AK,Philip Mathewson,174.551226,-36.165082,,False,
1504000.0197,1504000,1504000.0197,"EQC - 50K Orpheus Rd, Manukau Heads","EQC - 50K Orpheus Rd, Manukau Heads, Awhitu, 2684, NZL",FMG Insurance Limited,2023-03-01,AK,Philip Mathewson,174.600603,-37.048521,,False,
1504000.0199,1504000,1504000.0199,"EQC - 1080 Woodcocks Rd, Kaipara Flats","EQC - 1080 Woodcocks Rd, Kaipara Flats, Warkworth, 0981, NZL",FMG Insurance Limited,2023-03-02,AK,Philip Mathewson,174.579481,-36.44525,,False,
1504000.0200,1504000,1504000.0200,"EQC - 51 Crows Road, Swanson","EQC - 51 Crows Road, Swanson, Auckland, 0614, NZL",FMG Insurance Limited,2023-03-05,AK,Philip Mathewson,174.576092,-36.854878,,False,
1504000.0201,1504000,1504000.0201,"EQC - 756 Puketitiri Rd, Puketapu, Napie","EQC - 756 Puketitiri Rd, Puketapu, Napier, 4182, NZL #HBEQC",FMG Insurance Limited,2023-03-07,HM,Ryan Tutbury,176.803458,-39.468182,,False,
1504000.0202,1504000,1504000.0202,"EQC - 420 Hedgeley Rd, Eskdale, Napier","EQC - 420 Hedgeley Rd, Eskdale, Napier, 4182, NZL  #HBEQC",FMG Insurance Limited,2023-03-07,HM,Ryan Tutbury,176.819254,-39.420566,,False,
1504000.0203,1504000,1504000.0203,"EQC - 181 Wech Acc, Makarau, Warkworth","EQC - 181 Wech Acc, Makarau, Warkworth, 0981, NZL",FMG Insurance Limited,2023-03-08,AK,Philip Mathewson,174.531087,-36.512439,,False,
1504000.0204,1504000,1504000.0204,"EQC - 41 Raratu Road, Kahuranaki, Hawke","EQC - 41 Raratu Road, Kahuranaki, Hawke's Bay, 4295, NZL # HBEQC",FMG Insurance Limited,2023-03-08,HM,Ryan Tutbury,176.893205,-39.756758,,False,
1504000.0205,1504000,1504000.0205,"EQC - 285 Maramarahi Road, Thames, Waika","EQC - 285 Maramarahi Road, Thames, Waikato, 3578, NZL",FMG Insurance Limited,2023-03-08,HM,Ryan Tutbury,175.583145,-37.159618,,False,
1504000.0206,1504000,1504000.0206,"EQC - 762 Puketitiri Road, Puketapu, Ha","EQC - 762 Puketitiri Road, Puketapu, Hastings, Hawke's Bay, 4182, NZL #HBEQC",FMG Insurance Limited,2023-03-09,HM,Ryan Tutbury,176.801373,-39.468601,,False,
1504000.0207,1504000,1504000.0207,"EQC - 280 Glenmore Road, Coatesville","EQC - 280 Glenmore Road, Coatesville, Auckland, 0793, NZL",FMG Insurance Limited,2023-03-09,AK,Philip Mathewson,174.644461,-36.739243,,False,
1504000.0208,1504000,1504000.0208,"EQC - 9 Marine Parade South, Piha","EQC - 9 Marine Parade South, Piha, Auckland, 0772, NZL",FMG Insurance Limited,2023-03-09,AK,Philip Mathewson,174.468452,-36.958209,,False,
1504000.0209,1504000,1504000.0209,"EQC - 175 Alpine Road, Kaukapakapa","EQC - 175 Alpine Road, Kaukapakapa, Auckland, 0873, NZL",FMG Insurance Limited,2023-03-09,AK,Philip Mathewson,174.478882,-36.616904,,False,
1504000.0210,1504000,1504000.0210,"EQC - 51 Karekare Road, Karekare","EQC - 51 Karekare Road, Karekare, Auckland, 0772, NZL",FMG Insurance Limited,2023-03-09,AK,Philip Mathewson,174.480005,-36.981133,,False,
1504000.0211,1504000,1504000.0211,"EQC - 72 Fiddlers Hill Road, Puhoi","EQC - 72 Fiddlers Hill Road, Puhoi, Auckland, 0994, NZL",FMG Insurance Limited,2023-03-09,AK,Philip Mathewson,174.648963,-36.520069,,False,
1504000.0212,1504000,1504000.0212,"EQC - 560 Neavesville Road, Puriri, Coro","EQC - 560 Neavesville Road, Puriri, Coromandel Forest Park, Waikato, 3578, NZL (30444483)",FMG Insurance Limited,2023-03-09,HM,Ryan Tutbury,175.658026,-37.193769,,False,
1504000.0213,1504000,1504000.0213,"EQC - 829 Seafield Road, Puketapu","EQC - 829 Seafield Road, Puketapu, Hastings, Hawke's Bay, 4182, NZL # HBEQC",FMG Insurance Limited,2023-03-09,HM,Ryan Tutbury,176.792675,-39.447525,,False,
1504000.0214,1504000,1504000.0214,"EQC - 829 Seafield Road, Puketapu","EQC - 829 Seafield Road, Puketapu, Hastings, Hawke's Bay, 4182, NZL #HBEQC",FMG Insurance Limited,2023-03-09,HM,Ryan Tutbury,176.792086,-39.447419,,False,
1504000.0215,1504000,1504000.0215,"EQC - 16 Egret Avenue, Maungatapu, Taura","EQC - 16 Egret Avenue, Maungatapu, Tauranga, Bay of Plenty, 3112, NZL",FMG Insurance Limited,2023-03-10,HM,Ryan Tutbury,176.179861,-37.720347,,False,
1504000.0216,1504000,1504000.0216,"EQC - 4342 Waiapu Road, Te Puia Springs,","EQC - 4342 Waiapu Road, Te Puia Springs, Tokomaru Bay, Gisborne, 4079, NZL",FMG Insurance Limited,2023-03-10,HM,Ryan Tutbury,178.299756,-38.077897,,False,
1504000.0217,1504000,1504000.0217,"EQC - 990 Puketitiri Rd, Puketapu, Napie","EQC - 990 Puketitiri Rd, Puketapu, Napier, 4182, NZL #HBEQC",FMG Insurance Limited,2023-03-13,HM,Ryan Tutbury,176.785104,-39.458402,,False,
1504000.0219,1504000,1504000.0219,"EQC - 190 Wily Road, Puni, Waiuku","EQC - 190 Wily Road, Puni, Waiuku, Waikato, 2678, NZL",FMG Insurance Limited,2023-03-14,AK,Philip Mathewson,174.835397,-37.24316,,False,
1504000.0220,1504000,1504000.0220,"EQC - 50A Godden Crescent, Mission Bay","EQC - 50A Godden Crescent, Mission Bay, Auckland, 1071, NZL",FMG Insurance Limited,2023-03-14,AK,Philip Mathewson,174.829219,-36.858203,,False,
1504000.0221,1504000,1504000.0221,"EQC - 440 Tangoio Settlement Road, Tango","EQC - 440 Tangoio Settlement Road, Tangoio, Napier, Hawke's Bay, 4181, NZL #HBEQC",FMG Insurance Limited,2023-03-14,HM,Ryan Tutbury,176.932225,-39.307178,,False,
1504000.0222,1504000,1504000.0222,"EQC - 383 State Highway 1, Otaika","EQC - 383 State Highway 1, Otaika, Whangarei, Northland, 0178, NZL",FMG Insurance Limited,2023-03-15,AK,Philip Mathewson,174.3134,-35.765089,,False,
1504000.0223,1504000,1504000.0223,"EQC - 771 Kahuranaki Road, Kahuranaki, H","EQC - 771 Kahuranaki Road, Kahuranaki, Hawke's Bay, 4295, NZL #HBEQC",FMG Insurance Limited,2023-03-15,HM,Ryan Tutbury,176.863528,-39.757213,,False,
1504000.0224,1504000,1504000.0224,"EQC - 3 Marainanga Road, Pongaroa","EQC - 3 Marainanga Road, Pongaroa, Manawatu-Whanganui, 4991, NZL",FMG Insurance Limited,2023-03-15,WN,Shirley Wang,176.282732,-40.63273,,False,
1504000.0225,1504000,1504000.0225,"EQC - 922 Kopuku Road, Maramarua Forest","EQC - 922 Kopuku Road, Maramarua Forest, Maramarua, Waikato, 2471, NZL",FMG Insurance Limited,2023-03-15,HM,Ryan Tutbury,175.218352,-37.287123,,False,
1504000.0226,1504000,1504000.0226,"EQC - 4557 Fitzgerald Rd, Otoko, Te Kara","EQC - 4557 Fitzgerald Rd, Otoko, Te Karaka, Gisborne, 4092, NZL",FMG Insurance Limited,2023-03-15,HM,Ryan Tutbury,177.651635,-38.467435,,False,
1504000.0227,1504000,1504000.0227,EQC - 2427 Whangarei Heads Road,"EQC - 2427 Whangarei Heads Road, Whangarei Heads, Northland, 0174, NZL",FMG Insurance Limited,2023-03-21,AK,Philip Mathewson,174.531797,-35.830152,,False,
1504000.0228,1504000,1504000.0228,EQC - 2427A Whangarei Heads Road,"EQC - 2427A Whangarei Heads Road, Whangarei Heads, 0174, NZL",FMG Insurance Limited,2023-03-21,AK,Philip Mathewson,174.532269,-35.830021,,False,
1504000.0229,1504000,1504000.0229,"EQC - 280 Wright Road, Dairy Flat","EQC - 280 Wright Road, Dairy Flat, Auckland, 0794, NZL",FMG Insurance Limited,2023-03-23,AK,Philip Mathewson,174.695623,-36.703633,,False,
1504000.0230,1504000,1504000.0230,"EQC - 10 Beach Haven Road, Beach Haven","EQC - 10 Beach Haven Road, Beach Haven, Auckland, 0626, NZL",FMG Insurance Limited,2023-03-23,AK,Philip Mathewson,174.679654,-36.789649,,False,
1504000.0232,1504000,1504000.0232,"EQC - 124 Kaiwaka Road, Tangoio, Napier,","EQC - 124 Kaiwaka Road, Tangoio, Napier, Hawke's Bay, 4181, NZL #HBEQC",FMG Insurance Limited,2023-03-24,HM,Ryan Tutbury,176.883284,-39.271889,,False,
1504000.0233,1504000,1504000.0233,"EQC - 103 Waimarama Road, Havelock North","EQC - 103 Waimarama Road, Havelock North, Hawke's Bay, 4294, NZL #HBEQC",FMG Insurance Limited,2023-03-24,HM,Ryan Tutbury,176.922213,-39.680378,,False,
1504000.0231,1504000,1504000.0231,"EQC - 1401 Middle Road, Poukawa, Hawke's","EQC - 1401 Middle Road, Poukawa, Hawke's Bay, 4178, NZL #HBEQC",FMG Insurance Limited,2023-03-27,HM,Ryan Tutbury,176.794061,-39.763557,,False,
1504000.0234,1504000,1504000.0234,"EQC - 255 Apley Road, Puketapu, Hastings","EQC - 255 Apley Road, Puketapu, Hastings, Hawke's Bay, 4184, NZL #HBEQC",FMG Insurance Limited,2023-03-27,HM,Ryan Tutbury,176.739245,-39.481399,,False,
1504000.0235,1504000,1504000.0235,"EQC - 800 Kahuranaki Road, Kahuranaki, H","EQC - 800 Kahuranaki Road, Kahuranaki, Hawke's Bay, 4295, NZL #HBEQC",FMG Insurance Limited,2023-03-28,HM,Ryan Tutbury,176.85938,-39.75759,,False,
1504000.0236,1504000,1504000.0236,"EQC - 608 Apley Road, Puketapu, Napier","EQC - 608 Apley Road, Puketapu, Napier, 4184, NZL #HBEQC",FMG Insurance Limited,2023-03-30,HM,Ryan Tutbury,176.739603,-39.456103,,False,
1504000.0237,1504000,1504000.0237,"EQC - 214A Motutara Road, Muriwai","EQC - 214A Motutara Road, Muriwai, Auckland, 0881, NZL",FMG Insurance Limited,2023-03-30,AK,Philip Mathewson,174.438746,-36.824935,,False,
1504000.0238,1504000,1504000.0238,"EQC - 10 Waitea Road, Muriwai, Auckland","EQC - 10 Waitea Road, Muriwai, Auckland, 0881, NZL",FMG Insurance Limited,2023-03-30,AK,Dion Willcocks,174.430034,-36.830397,,False,
1504000.0239,1504000,1504000.0239,"EQC - 129 Domain Crescent, Muriwai","EQC - 129 Domain Crescent, Muriwai, Auckland, 0881, NZL",FMG Insurance Limited,2023-03-30,AK,Philip Mathewson,174.434998,-36.828078,,False,
1504000.0240,1504000,1504000.0240,"EQC - 134 Oyster Point Road, Kaukapakapa","EQC - 134 Oyster Point Road, Kaukapakapa, Auckland, 0984, NZL",FMG Insurance Limited,2023-03-31,AK,Philip Mathewson,174.466269,-36.593343,,False,
1504000.0241,1504000,1504000.0241,"EQC - 7 Dill Road, Kaipara Flats","EQC - 7 Dill Road, Kaipara Flats, Warkworth, Auckland, 0984, NZL",FMG Insurance Limited,2023-04-03,AK,Philip Mathewson,174.523952,-36.427356,,False,
1504000.0242,1504000,1504000.0242,"EQC - 122 Silverton Road, Poraiti, Napie","EQC - 122 Silverton Road, Poraiti, Napier, Hawke's Bay, 4182, NZL #HBEQC",IAG New Zealand Limited,2023-04-04,HM,Ryan Tutbury,176.81919,-39.502267,,False,
1504000.0243,1504000,1504000.0243,EQC - 964 Whangaripo Valley Road,"EQC - 964 Whangaripo Valley Road, Whangaripo, Warkworth, Auckland, 0972, NZL",FMG Insurance Limited,2023-04-05,AK,Philip Mathewson,174.620875,-36.296336,,False,
1504000.0244,1504000,1504000.0244,"EQC - 220 Wheatstone Road, Wainui, Gisbo","EQC - 220 Wheatstone Road, Wainui, Gisborne, 4073, NZL",FMG Insurance Limited,2023-04-11,HM,Ryan Tutbury,178.068357,-38.673993,,False,
1504000.0245,1504000,1504000.0245,"EQC - 560 Neavesville Road, Puriri, Coro","EQC - 560 Neavesville Road, Puriri, Coromandel Forest Park, Waikato, 3578, NZL (30446910)",FMG Insurance Limited,2023-04-28,HM,Ryan Tutbury,175.657932,-37.193569,,False,
1504000.0246,1504000,1504000.0246,"EQC - 349D Waitao Road, Waitao, Papamoa,","EQC - 349D Waitao Road, Waitao, Papamoa, Bay of Plenty, 3175, NZL",FMG Insurance Limited,2023-05-11,HM,Ryan Tutbury,176.236754,-37.749065,,False,
1504000.0247,1504000,1504000.0247,"EQC - 180 Te Miro Road, Te Miro","EQC - 180 Te Miro Road, Te Miro, Cambridge, Waikato, 3496, NZL",FMG Insurance Limited,2023-05-19,HM,Ryan Tutbury,175.522595,-37.817497,,False,
1504000.0249,1504000,1504000.0249,"EQC - 158 No 5 Road, Springdale, Waikato","EQC - 158 No 5 Road, Springdale, Waikato",FMG Insurance Limited,2023-05-19,HM,Ryan Tutbury,175.59219,-37.538184,,False,
1504000.0248,1504000,1504000.0248,"EQC - 418 Kaiwaka Road, White Rock","EQC - 418 Kaiwaka Road, White Rock, Aorangi Forest Park, Wellington, 5782, NZL",FMG Insurance Limited,2023-05-30,WN,Shirley Wang,175.380687,-41.507853,,False,
1504000.0250,1504000,1504000.0250,"EQC - 5921 Highway 22, Waingaro, Ngaruaw","EQC - 5921 Highway 22, Waingaro, Ngaruawahia, Waikato, 3793, NZL",FMG Insurance Limited,2023-06-01,HM,Ryan Tutbury,174.972145,-37.681051,,False,
1504000.0251,1504000,1504000.0251,"EQC - 38 Lairdvale Road, Taumarunui","EQC - 38 Lairdvale Road, Taumarunui, Manawatu-Whanganui, 3920, NZL",FMG Insurance Limited,2023-06-08,WN,Ryan Tutbury,175.257907,-38.873261,,False,
1504000.0252,1504000,1504000.0252,"EQC - 13 Torkar Road, Clarks Beach","EQC - 13 Torkar Road, Clarks Beach, Auckland, 2122, NZL",FMG Insurance Limited,2023-06-09,AK,Philip Mathewson,174.706739,-37.134063,,False,
1504000.0253,1504000,1504000.0253,"EQC - 154 Matarau Road, Matarau","EQC - 154 Matarau Road, Matarau, Kauri, Northland, 0185",FMG Insurance Limited,2023-06-17,AK,Philip Mathewson,174.223767,-35.654839,,False,
1504000.0254,1504000,1504000.0254,"EQC - 70 Hayward Road, Whangarei","EQC - 70 Hayward Road, Whangarei, Northland, 0178, NZL",FMG Insurance Limited,2023-06-17,AK,Philip Mathewson,174.226968,-35.841303,,False,
1504000.0255,1504000,1504000.0255,"EQC - 54 Paparoa Station Road, Paparoa","EQC - 54 Paparoa Station Road, Paparoa, Northland, 0571, NZL",FMG Insurance Limited,2023-06-17,AK,Philip Mathewson,174.245853,-36.095386,,False,
1504000.0256,1504000,1504000.0256,"EQC - 168 Shanks Road, Helensville","EQC - 168 Shanks Road, Helensville, Auckland, 0875, NZL",FMG Insurance Limited,2023-06-17,AK,Philip Mathewson,174.499957,-36.650752,,False,
1504000.0257,1504000,1504000.0257,"EQC - 104 Chamberlain Road, Bombay","EQC - 104 Chamberlain Road, Bombay, Auckland, 2675, NZL",FMG Insurance Limited,2023-06-17,AK,Philip Mathewson,175.011943,-37.16757,,False,
1504000.0258,1504000,1504000.0258,"EQC - 128 Waller Rd, Mauku","EQC - 128 Waller Rd, Mauku, Pukekohe, 2678, NZL",FMG Insurance Limited,2023-06-17,AK,Philip Mathewson,174.827015,-37.23605,,False,
1504000.0259,1504000,1504000.0259,"EQC - 60 Butler Road, Poroporo, Whakatan","EQC - 60 Butler Road, Poroporo, Whakatane, Bay of Plenty, 3192, NZL",FMG Insurance Limited,2023-06-21,HM,Ryan Tutbury,176.948915,-38.005723,,False,
1504000.0260,1504000,1504000.0260,"EQC - 12 Linden Close, Eskdale, Napier,","EQC - 12 Linden Close, Eskdale, Napier, Hawke's Bay, 4182, NZL",FMG Insurance Limited,2023-06-21,HM,Ryan Tutbury,176.840147,-39.397041,,False,
1504000.0261,1504000,1504000.0261,"EQC - 50 Sandstone Road, Whitford","EQC - 50 Sandstone Road, Whitford, Auckland, 2576, NZL",FMG Insurance Limited,2023-06-23,AK,Philip Mathewson,174.954493,-36.955027,,False,
1504000.0262,1504000,1504000.0262,"EQC - 55 Moses Road, Kaukapakapa","EQC - 55 Moses Road, Kaukapakapa, Auckland, 0873, NZL",FMG Insurance Limited,2023-06-25,AK,Philip Mathewson,174.484031,-36.614336,,False,
1504000.0263,1504000,1504000.0263,"EQC - 203 Marlow Road, Riponui","EQC - 203 Marlow Road, Riponui, Kawakawa, Northland, 0185, NZL",FMG Insurance Limited,2023-06-25,AK,Dion Willcocks,174.118425,-35.56233,,False,
1504000.0264,1504000,1504000.0264,"EQC - 4683 State Highway 1, Waipu","EQC - 4683 State Highway 1, Waipu, Northland, 0582, NZL",FMG Insurance Limited,2023-06-25,AK,Philip Mathewson,174.427731,-36.057828,,False,
1504000.0266,1504000,1504000.0266,"EQC - 698 Te Arai Point Rd, Te Arai","EQC - 698 Te Arai Point Rd, Te Arai, Wellsford, 0975, NZL",FMG Insurance Limited,2023-06-25,AK,Philip Mathewson,174.644571,-36.160942,,False,
1504000.0267,1504000,1504000.0267,"EQC - 66 Wakeman Street, Pahiatua","EQC - 66 Wakeman Street, Pahiatua, Manawatu-Whanganui, 4910, NZL",IAG New Zealand Limited,2023-06-27,WN,Shirley Wang,175.84965,-40.455849,,False,
1504000.0268,1504000,1504000.0268,"EQC - 176 Valley Road, Mangapapa, Gisbor","EQC - 176 Valley Road, Mangapapa, Gisborne, 4010, NZL",FMG Insurance Limited,2023-06-28,HM,Ryan Tutbury,178.021743,-38.632625,,False,
1504000.0269,1504000,1504000.0269,"EQC - 854 Puketitiri Road, Puketapu","EQC - 854 Puketitiri Road, Puketapu, Hastings, Hawke's Bay, 4182, NZL",FMG Insurance Limited,2023-06-28,HM,Ryan Tutbury,176.793367,-39.466356,,False,
1504000.0270,1504000,1504000.0270,"EQC - 1232 Glengarry Road, Puketapu, Has","EQC - 1232 Glengarry Road, Puketapu, Hastings, Hawke's Bay, 4182, NZL",FMG Insurance Limited,2023-06-28,HM,Ryan Tutbury,176.757793,-39.423189,,False,
1504000.0272,1504000,1504000.0272,"EQC - 1093 Manawa Road, Tinui, Masterton","EQC - 1093 Manawa Road, Tinui, Masterton, Wellington, 5894, NZL",FMG Insurance Limited,2023-06-28,WN,Shirley Wang,176.053143,-40.791799,,False,
1504000.0273,1504000,1504000.0273,"EQC - 96 Vineyard Lane, Mangawhai","EQC - 96 Vineyard Lane, Mangawhai, Northland, 0975, NZL",FMG Insurance Limited,2023-06-28,AK,Philip Mathewson,174.56397,-36.141733,,False,
1504000.0274,1504000,1504000.0274,"EQC - 4557 Fitzgerald Rd, Otoko, Te Kara","EQC - 4557 Fitzgerald Rd, Otoko, Te Karaka, Gisborne, 4092, NZL",FMG Insurance Limited,2023-07-05,HM,Ryan Tutbury,177.651454,-38.466927,,False,
1504000.0275,1504000,1504000.0275,"EQC - 2363 Puketitiri Rd, Rissington, Na","EQC - 2363 Puketitiri Rd, Rissington, Napier, 4184, NZL #HBEQC",FMG Insurance Limited,2023-07-05,HM,Ryan Tutbury,176.689132,-39.410665,,False,
1504000.0276,1504000,1504000.0276,"EQC - 297 Craggy Range Road, Tuki Tuki","EQC - 297 Craggy Range Road, Tuki Tuki, Havelock North, 4294, NZL #HBEQC",FMG Insurance Limited,2023-07-07,HM,Ryan Tutbury,176.967632,-39.699777,,False,
1504000.0277,1504000,1504000.0277,"EQC - 50F Paul Road, Whenuakite, Whitian","EQC - 50F Paul Road, Whenuakite, Whitianga, Waikato, 3591, NZL",FMG Insurance Limited,2023-07-07,HM,Ryan Tutbury,175.813316,-36.965787,,False,
1504000.0278,1504000,1504000.0278,"EQC - 109 Medhurst Road, Bombay","EQC - 109 Medhurst Road, Bombay, Auckland, 2675, NZL",FMG Insurance Limited,2023-07-08,AK,Philip Mathewson,175.05914,-37.180414,,False,
1504000.0279,1504000,1504000.0279,"EQC - 45 Waipoka Road, Kiripaka","EQC - 45 Waipoka Road, Kiripaka, Whareora, Northland, 0173, NZL",FMG Insurance Limited,2023-07-08,AK,Philip Mathewson,174.421426,-35.640425,,False,
1504000.0281,1504000,1504000.0281,"EQC - 37 Otuturu Crescent, Ruamahunga, W","EQC - 37 Otuturu Crescent, Ruamahunga, Waiomu, Waikato, 3575, NZL",FMG Insurance Limited,2023-07-11,HM,Ryan Tutbury,175.51243,-37.01146,,False,
1504000.0282,1504000,1504000.0282,"EQC - 375 Kaimarama Rd, Kaimarama, Whiti","EQC - 375 Kaimarama Rd, Kaimarama, Whitianga, 3591, NZL",FMG Insurance Limited,2023-07-11,HM,Ryan Tutbury,175.619929,-36.87694,,False,
1504000.0283,1504000,1504000.0283,"EQC - 532 Titirangi Road, Frasertown, Ru","EQC - 532 Titirangi Road, Frasertown, Ruakituri, Hawke's Bay, 4195, NZL #HBEQC",FMG Insurance Limited,2023-07-12,HM,Ryan Tutbury,177.34354,-38.900046,,False,
1504000.0284,1504000,1504000.0284,EQC - 669 Golden Valley Road - Event 1,"EQC - 669 Golden Valley Road, Waihi, 3681, NZL - Event One",FMG Insurance Limited,2023-07-12,HM,Ryan Tutbury,175.877486,-37.385154,,False,
1504000.0285,1504000,1504000.0285,EQC - 669 Golden Valley Rd - Event 2,"EQC - 669 Golden Valley Road, Waihi, 3681, NZL - Event Two",FMG Insurance Limited,2023-07-12,HM,Ryan Tutbury,175.87753,-37.385438,,False,
1504000.0286,1504000,1504000.0286,"EQC - 2539 State Highway 2, Tangoio, Nap","EQC - 2539 State Highway 2, Tangoio, Napier, Hawke's Bay, 4181, NZL #HBEQC",FMG Insurance Limited,2023-07-12,HM,Ryan Tutbury,176.88221,-39.282724,,False,
1504000.0287,1504000,1504000.0287,EQC - 439 Mahurangi West Rd,"EQC - 439 Mahurangi West Rd, Mahurangi West, Warkworth, 0983, NZL",FMG Insurance Limited,2023-07-13,AK,Philip Mathewson,174.695606,-36.49785,,False,
1504000.0288,1504000,1504000.0288,"EQC - 228 Stead Road, Waiotira","EQC - 228 Stead Road, Waiotira, Northland, 0193, NZL",FMG Insurance Limited,2023-07-13,AK,Philip Mathewson,174.220692,-35.969726,,False,
1504000.0289,1504000,1504000.0289,"EQC - 81 Wharf Rd, Port Albert","EQC - 81 Wharf Rd, Port Albert, Wellsford, 0973, NZL",FMG Insurance Limited,2023-07-13,AK,Philip Mathewson,174.429599,-36.277833,,False,
1504000.0290,1504000,1504000.0290,"EQC - 186 Gervin Road, Wainui","EQC - 186 Gervin Road, Wainui, Auckland, 0992, NZL",FMG Insurance Limited,2023-07-13,AK,Philip Mathewson,174.63096,-36.593331,,False,
1504000.0292,1504000,1504000.0292,"EQC - 362 Swamp Road, Fernhill, Hastings","EQC - 362 Swamp Road, Fernhill, Hastings, Hawke's Bay, 4183, NZL #HBEQC",FMG Insurance Limited,2023-07-13,HM,Ryan Tutbury,176.770542,-39.552241,,False,
1504000.0291,1504000,1504000.0291,"EQC - 2195 Wyuna Bay Road, Wyuna Bay, Co","EQC - 2195 Wyuna Bay Road, Wyuna Bay, Coromandel, Waikato, 3581, NZL",FMG Insurance Limited,2023-07-17,HM,Ryan Tutbury,175.462029,-36.760914,,False,
1504000.0293,1504000,1504000.0293,"EQC - 213 Ellis Wallace Road, Eskdale, N","EQC - 213 Ellis Wallace Road, Eskdale, Napier, Hawke's Bay, 4182, NZL #HBEQC",FMG Insurance Limited,2023-07-18,HM,Ryan Tutbury,176.803794,-39.36321,,False,
1504000.0294,1504000,1504000.0294,"EQC - 20 Von Dadelszen Place, Havelock N","EQC - 20 Von Dadelszen Place, Havelock North, Hawke's Bay, 4130, NZL #HBEQC",FMG Insurance Limited,2023-07-18,HM,Ryan Tutbury,176.884381,-39.678379,,False,
1504000.0295,1504000,1504000.0295,"EQC - 29 Richardson Avenue, Whataupoko,","EQC - 29 Richardson Avenue, Whataupoko, Gisborne, 4010, NZL",FMG Insurance Limited,2023-07-18,HM,Ryan Tutbury,178.037738,-38.654049,,False,
1504000.0296,1504000,1504000.0296,"EQC - 29 Richardson Avenue, Whataupoko,","EQC - 29 Richardson Avenue, Whataupoko, Gisborne, 4010, NZL",FMG Insurance Limited,2023-07-18,HM,Ryan Tutbury,178.037545,-38.653836,,False,
1504000.0297,1504000,1504000.0297,"EQC - 434 Springfield Road, Springfield","EQC - 434 Springfield Road, Springfield, Whangarei, Northland, 0178, NZL",FMG Insurance Limited,2023-07-18,AK,Philip Mathewson,174.344437,-35.862851,,False,
1504000.0298,1504000,1504000.0298,"EQC - 573 Valley Road, Kaiwaka","EQC - 573 Valley Road, Kaiwaka, Northland, 0573, NZL",FMG Insurance Limited,2023-07-18,AK,Philip Mathewson,174.540766,-36.167241,,False,
1504000.0299,1504000,1504000.0299,"EQC - 300 King Road, Mangawhai","EQC - 300 King Road, Mangawhai, Northland, 0573, NZL",FMG Insurance Limited,2023-07-18,AK,Philip Mathewson,174.527607,-36.082262,,False,
1504000.0300,1504000,1504000.0300,"EQC - 27 Haul Road, Tahekeroa","EQC - 27 Haul Road, Tahekeroa, Auckland, 0873, NZL",FMG Insurance Limited,2023-07-18,AK,Philip Mathewson,174.5419,-36.545672,,False,
1504000.0301,1504000,1504000.0301,"EQC - 91 Alf Access Road, Helensville","EQC - 91 Alf Access Road, Helensville, Auckland, 0875, NZL",FMG Insurance Limited,2023-07-18,AK,Philip Mathewson,174.484351,-36.730792,,False,
1504000.0303,1504000,1504000.0303,"EQC - 203 Fryer Road, Hamurana, Bay of P","EQC - 203 Fryer Road, Hamurana, Bay of Plenty, 3097, NZL",FMG Insurance Limited,2023-07-19,HM,Ryan Tutbury,176.236482,-38.027763,,False,
1504000.0304,1504000,1504000.0304,"EQC - 463 Lake Road, Waituhi, Waimata, G","EQC - 463 Lake Road, Waituhi, Waimata, Gisborne, 4072, NZL",FMG Insurance Limited,2023-07-19,HM,Ryan Tutbury,177.868026,-38.597137,,False,
1504000.0305,1504000,1504000.0305,"EQC - 4127 Tiniroto Road, Tiniroto, Manu","EQC - 4127 Tiniroto Road, Tiniroto, Manutuke, Gisborne, 4078, NZL",FMG Insurance Limited,2023-07-21,HM,Ryan Tutbury,177.593528,-38.737012,,False,
1504000.0306,1504000,1504000.0306,"FMG - 1847 Manawahe Rd, Whakatane - Land","FMG - 1847 Manawahe Road, Whakatane - Land Report",FMG Insurance Limited,2023-07-21,TG,Adam Nally,176.647285333,-37.997138029999974,,False,
1504000.0307,1504000,1504000.0307,"EQC - 4 Firth Street, Fortrose, Wyndham","EQC - 4 Firth Street, Fortrose, Wyndham, Southland, 9875, NZL",FMG Insurance Limited,2023-07-26,CH,Anna Sleight,168.797951,-46.576075,,False,
1504000.0360,1504000,1504000.0360,EQC - 6475 Christchurch Akaroa Road,"EQC - 6475 Christchurch Akaroa Road, Robinsons Bay, Canterbury, 7581, NZL",FMG Insurance Limited,2023-07-26,CH,Anna Sleight,172.965193,-43.76961,,False,
1504000.0363,1504000,1504000.0363,"EQC - 3 Woodills Road, Akaroa, CAN","EQC - 3 Woodills Road, Akaroa, Canterbury, 7520, NZL",FMG Insurance Limited,2023-07-26,CH,Anna Sleight,172.969179,-43.799379,,False,
1504000.0308,1504000,1504000.0308,"EQC - 94 Wake Road, Coatesville","EQC - 94 Wake Road, Coatesville, Auckland, 0793, NZL",FMG Insurance Limited,2023-07-27,AK,Philip Mathewson,174.627971,-36.745645,,False,
1504000.0309,1504000,1504000.0309,"EQC - Lot DP19714, North Cove","EQC - Lot DP19714, North Cove, Kawau Island, Auckland, NZL",FMG Insurance Limited,2023-07-28,AK,Philip Mathewson,174.829656,-36.407966,,False,
1504000.0310,1504000,1504000.0310,"EQC - 240 Three Oaks Drive, Dairy Flat","EQC - 240 Three Oaks Drive, Dairy Flat, Auckland, 0794, NZL",FMG Insurance Limited,2023-07-28,AK,Philip Mathewson,174.616729,-36.702164,,False,
1504000.0311,1504000,1504000.0311,"EQC - 71 Pirau Road, Fernhill, Hastings","EQC - 71 Pirau Road, Fernhill, Hastings, Hawke's Bay, 4183, NZL",FMG Insurance Limited,2023-08-02,HM,Ryan Tutbury,176.755398,-39.559196,,False,
1504000.0312,1504000,1504000.0312,"EQC - 1222 Aropaoanui Road, Tangoio, Nap","EQC - 1222 Aropaoanui Road, Tangoio, Napier, Hawke's Bay, 4181, NZL #HBEQC",FMG Insurance Limited,2023-08-02,HM,Ryan Tutbury,176.985607,-39.271658,,False,
1504000.0313,1504000,1504000.0313,"EQC - 1386 Dartmoor Road, Dartmoor, Has","EQC - 1386 Dartmoor Road, Dartmoor, Hastings, Hawke's Bay, 4186, NZL #HBEQC",FMG Insurance Limited,2023-08-02,HM,Ryan Tutbury,176.679717,-39.460773,,False,
1504000.0314,1504000,1504000.0314,"EQC - 2 Maungawhio Drive, Mahia, Mahia B","EQC - 2 Maungawhio Drive, Mahia, Mahia Beach, Hawke's Bay, 4198, NZL #HBEQC",FMG Insurance Limited,2023-08-03,HM,Ryan Tutbury,177.880447,-39.073866,,False,
1504000.0315,1504000,1504000.0315,"EQC - 13 Mahia Heights Drive, Mahia, Mah","EQC - 13 Mahia Heights Drive, Mahia, Mahia Beach, Hawke's Bay, 4198, NZL",FMG Insurance Limited,2023-08-03,HM,Ryan Tutbury,177.878361,-39.088086,,False,
1504000.0316,1504000,1504000.0316,"EQC - 804 Pourerere Road, Omakere, Otane","EQC - 804 Pourerere Road, Omakere, Otane, Hawke's Bay, 4271, NZL #HBEQC",FMG Insurance Limited,2023-08-04,HM,Ryan Tutbury,176.684848,-39.962466,,False,
1504000.0317,1504000,1504000.0317,"EQC - 1468 Cove Road, Mangawhai","EQC - 1468 Cove Road, Mangawhai, Northland, 0573, NZL",FMG Insurance Limited,2023-08-06,AK,Philip Mathewson,174.559488,-36.058648,,False,
1504000.0318,1504000,1504000.0318,"EQC - 2092B Kaipara Coast Hwy, Makarau","EQC - 2092B Kaipara Coast Hwy, Makarau, Warkworth, 0984, NZL",FMG Insurance Limited,2023-08-07,AK,Philip Mathewson,174.468575,-36.538659,,False,
1504000.0319,1504000,1504000.0319,"EQC - 282 Ngatoka Road, Mangapai","EQC - 282 Ngatoka Road, Mangapai, Whangarei, Northland, 0178, NZL",FMG Insurance Limited,2023-08-07,AK,Philip Mathewson,174.296786,-35.889764,,False,
1504000.0320,1504000,1504000.0320,"EQC - 1894 Wharerata Rd, Muriwai,","EQC - 1894 Wharerata Road, Muriwai, Gisborne, 4072, NZL",FMG Insurance Limited,2023-08-10,HM,Ryan Tutbury,177.912338,-38.774419,,False,
1504000.9999,1504000,1504000.9999,"DNU EQC - 1894 Wharerata Rd, Muriwai,","DNU EQC - 1894 Wharerata Road, Muriwai, Gisborne, 4072, NZL",FMG Insurance Limited,2023-08-10,HM,Ryan Tutbury,177.91203472400002,-38.77492497099996,,False,
1504000.0321,1504000,1504000.0321,"EQC - 113 Ferry Parade, Herald Island","EQC - 113 Ferry Parade, Herald Island, Auckland, 0618, NZL",FMG Insurance Limited,2023-08-11,AK,Philip Mathewson,174.661204,-36.777894,,False,
1504000.0322,1504000,1504000.0322,"EQC - 3 Mountain Road, Henderson Valley","EQC - 3 Mountain Road, Henderson Valley, Auckland, 0612, NZL",FMG Insurance Limited,2023-08-11,AK,Philip Mathewson,174.575369,-36.900192,,False,
1504000.0323,1504000,1504000.0323,"EQC - 3596 State Highway 12, Ruawai","EQC - 3596 State Highway 12, Ruawai, Northland, 0591, NZL",FMG Insurance Limited,2023-08-11,AK,Philip Mathewson,174.081419,-36.118228,,False,
1504000.0325,1504000,1504000.0325,"EQC - 32 Ledbury Road, Atawhai, Nelson","EQC - 32 Ledbury Road, Atawhai, Nelson 7010",FMG Insurance Limited,2023-08-11,NE,Marcus Lovell,173.313549,-41.253637,,False,
1504000.0324,1504000,1504000.0324,EQC - 1706 Kaipara Coast Highway,"EQC - 1706 Kaipara Coast Highway, Kaukapakapa, Auckland, 0984, NZL",FMG Insurance Limited,2023-08-13,AK,Philip Mathewson,174.477341,-36.570348,,False,
1504000.0326,1504000,1504000.0326,"EQC - 200E Valley Road, Waimauku","EQC - 200E Valley Road, Waimauku, Auckland, 0881, NZL",FMG Insurance Limited,2023-08-15,AK,Philip Mathewson,174.485621,-36.81704,,False,
1504000.0327,1504000,1504000.0327,"EQC - 494 Aropaoanui Road, Tangoio, Napi","EQC - 494 Aropaoanui Road, Tangoio, Napier, Hawke's Bay, 4181, NZL #HBEQC",FMG Insurance Limited,2023-08-15,HM,Ryan Tutbury,176.938802,-39.278409,,False,
1504000.0328,1504000,1504000.0328,"EQC - 606 Peak Road, Helensville","EQC - 606 Peak Road, Helensville, Auckland, 0875, NZL",FMG Insurance Limited,2023-08-16,AK,Philip Mathewson,174.515187,-36.671919,,False,
1504000.0329,1504000,1504000.0329,"EQC - 401 Kaiwaka Road, Tangoio, Napier,","EQC - 401 Kaiwaka Road, Tangoio, Napier, Hawke's Bay, 4181, NZL #HBEQC",FMG Insurance Limited,2023-08-17,HM,Ryan Tutbury,176.857032,-39.276352,,False,
1504000.0330,1504000,1504000.0330,"EQC - 2654 Weber Road, Weber, Dannevirke","EQC - 2654 Weber Road, Weber, Dannevirke, Manawatu-Whanganui, 4970, NZL",FMG Insurance Limited,2023-08-17,WN,Shirley Wang,176.284452,-40.357166,,False,
1504000.0331,1504000,1504000.0331,"EQC - 2010 Te Wharau Rd, Te Wharau","EQC - 2010 Te Wharau Rd, Te Wharau, Masterton, 5883, NZL",FMG Insurance Limited,2023-08-18,WN,Shirley Wang,175.803467,-41.170823,,False,
1504000.0332,1504000,1504000.0332,"EQC - 337 Snelgar Road, Kaitaia","EQC - 337 Snelgar Road, Kaitaia, Northland, 0482, NZL",FMG Insurance Limited,2023-08-18,AK,Dion Willcocks,173.334345,-35.094439,,False,
1504000.0335,1504000,1504000.0335,"EQC - 50 Townson Road, Kawakawa Bay","EQC - 50 Townson Road, Kawakawa Bay, Auckland, 2585, NZL",FMG Insurance Limited,2023-08-18,AK,Philip Mathewson,175.124192,-36.955022,,False,
1504000.0333,1504000,1504000.0333,EQC - 1400 Kaipara Hills Road,"EQC - 1400 Kaipara Hills Road, Kaipara Flats, Warkworth, Auckland, 0984, NZL",FMG Insurance Limited,2023-08-21,AK,Philip Mathewson,174.528381,-36.426495,,False,
1504000.0334,1504000,1504000.0334,"EQC - 257 Masters Road, Waiuku","EQC - 257 Masters Road, Aka Aka, Waiuku, Waikato, 2682, NZL",FMG Insurance Limited,2023-08-21,AK,Philip Mathewson,174.787083,-37.257677,,False,
1504000.0336,1504000,1504000.0336,"EQC - 284 Oparakau Road, Matakohe","EQC - 284 Oparakau Road, Matakohe, Northland, 0594, NZL",FMG Insurance Limited,2023-08-21,AK,Philip Mathewson,174.133931,-36.106731,,False,
1504000.0337,1504000,1504000.0337,EQC - 1263 Kaipara Coast Highway,"EQC - 1263 Kaipara Coast Highway, Kaukapakapa, Auckland, 0984, NZL",FMG Insurance Limited,2023-08-24,AK,Philip Mathewson,174.483759,-36.60371,,False,
1504000.0338,1504000,1504000.0338,"EQC - 600 Ridge Road, Riverhead","EQC - 600 Ridge Road, Riverhead, Auckland, 0793, NZL",FMG Insurance Limited,2023-08-24,AK,Philip Mathewson,174.629121,-36.748392,,False,
1504000.0339,1504000,1504000.0339,"EQC - 292 Ridge Rd, Lucas Heights","EQC - 292 Ridge Rd, Lucas Heights, Auckland, 0793, NZL",FMG Insurance Limited,2023-08-24,AK,Philip Mathewson,174.656112,-36.737301,,False,
1504000.0340,1504000,1504000.0340,"EQC - 22 Poplar Road, Stanmore Bay","EQC - 22 Poplar Road, Stanmore Bay, Whangaparaoa, Auckland, 0932, NZL",FMG Insurance Limited,2023-08-24,AK,Philip Mathewson,174.713252,-36.619472,,False,
1504000.0341,1504000,1504000.0341,"EQC - 99 Old Kaipara Road, Kaipara Flats","EQC - 99 Old Kaipara Road, Kaipara Flats, Warkworth, Auckland, 0981, NZL",FMG Insurance Limited,2023-08-24,AK,Philip Mathewson,174.600853,-36.415751,,False,
1504000.0342,1504000,1504000.0342,EQC - 754 Kaipara Coast Highway,"EQC - 754 Kaipara Coast Highway, Kaukapakapa, Auckland, 0871, NZL",FMG Insurance Limited,2023-08-24,AK,Philip Mathewson,174.495818,-36.629484,,False,
1504000.0343,1504000,1504000.0343,"EQC - 1451 East Coast Road, Redvale","EQC - 1451 East Coast Road, Redvale, Auckland, 0794, NZL",FMG Insurance Limited,2023-08-24,AK,Philip Mathewson,174.694352,-36.67939,,False,
1504000.0344,1504000,1504000.0344,"EQC - 1695 Dartmoor Rd, Dartmoor, Napier","EQC - 1695 Dartmoor Rd, Dartmoor, Napier, 4186, NZL #HBEQC",FMG Insurance Limited,2023-08-25,HM,Ryan Tutbury,176.65741,-39.44802,,False,
1504000.0345,1504000,1504000.0345,"EQC - 26 Pukekura Place, Taradale, Napie","EQC - 26 Pukekura Place, Taradale, Napier, Hawke's Bay, 4112, NZL #HBEQC",FMG Insurance Limited,2023-08-25,HM,Ryan Tutbury,176.843546,-39.525727,,False,
1504000.0346,1504000,1504000.0346,"EQC - 2302 State Highway 29, Lower Kaima","EQC - 2302 State Highway 29, Lower Kaimai, Kaimai-Mamaku Forest Park, Bay of Plenty, 3171, NZL",FMG Insurance Limited,2023-08-25,HM,Ryan Tutbury,175.982319,-37.831,,False,
1504000.0347,1504000,1504000.0347,"EQC - 7 Dill Road, Kaipara Flats","EQC - 7 Dill Road, Kaipara Flats, Warkworth, Auckland, 0984, NZL",FMG Insurance Limited,2023-08-26,AK,Philip Mathewson,174.523524,-36.427531,,False,
1504000.0348,1504000,1504000.0348,"EQC - 50 Rodney Road, Leigh, Whangateau","EQC - 50 Rodney Road, Leigh, Whangateau, Auckland, 0985, NZL",FMG Insurance Limited,2023-08-26,AK,Philip Mathewson,174.770256,-36.280976,,False,
1504000.0349,1504000,1504000.0349,EQC - 344 Mahurangi West Rd,"EQC - 344 Mahurangi West Rd, Mahurangi West, Warkworth, 0983, NZL",FMG Insurance Limited,2023-08-26,AK,Philip Mathewson,174.688687,-36.502147,,False,
1504000.0350,1504000,1504000.0350,"EQC - 89 Totara Road, Whenuapai","EQC - 89 Totara Road, Whenuapai, Auckland, 0618, NZL",FMG Insurance Limited,2023-08-26,AK,Philip Mathewson,174.625366,-36.776238,,False,
1504000.0351,1504000,1504000.0351,"EQC - 15A Wood Access Road, Puhoi","EQC - 15A Wood Access Road, Puhoi, Wainui, Auckland, 0994, NZL",FMG Insurance Limited,2023-08-26,AK,Philip Mathewson,174.610835,-36.558585,,False,
1504000.0352,1504000,1504000.0352,"EQC - 846 Haruru Road, Wainui","EQC - 846 Haruru Road, Wainui, Auckland, 0873, NZL",FMG Insurance Limited,2023-08-26,AK,Philip Mathewson,174.578627,-36.601612,,False,
1504000.0353,1504000,1504000.0353,"EQC - 90 Adams Road, Kaukapakapa","EQC - 90 Adams Road, Kaukapakapa, Auckland, 0873, NZL",FMG Insurance Limited,2023-08-28,AK,Philip Mathewson,174.5577,-36.572911,,False,
1504000.0354,1504000,1504000.0354,"EQC - 33 Allenby Road, Panmure","EQC - 33 Allenby Road, Panmure, Auckland, 1072, NZL",FMG Insurance Limited,2023-08-28,AK,Philip Mathewson,174.862543,-36.904149,,False,
1504000.0355,1504000,1504000.0355,"EQC - 304 Ahuroa Valley Road, Makarau","EQC - 304 Ahuroa Valley Road, Makarau, Wainui, Auckland, 0981, NZL",FMG Insurance Limited,2023-09-01,AK,Philip Mathewson,174.574448,-36.501339,,False,
1504000.0356,1504000,1504000.0356,"EQC - 682 Swamp Rd, Puketapu, Napier, 41","EQC - 682 Swamp Rd, Puketapu, Napier, 4183, NZL #HBEQC",FMG Insurance Limited,2023-09-06,HM,Ryan Tutbury,176.784262,-39.528297,,False,
1504000.0357,1504000,1504000.0357,"EQC - 5 Reeve Drive, Havelock North, Haw","EQC - 5 Reeve Drive, Havelock North, Hawke's Bay, 4130, NZL #HBEQC",FMG Insurance Limited,2023-09-06,HM,Ryan Tutbury,176.900705,-39.671298,,False,
1504000.0358,1504000,1504000.0358,"EQC - 332 Waihau Rd, Dartmoor, Napier, 4","EQC - 332 Waihau Rd, Dartmoor, Napier, 4186, NZL #HBEQC",FMG Insurance Limited,2023-09-06,HM,Ryan Tutbury,176.598862,-39.433107,,False,
1504000.0359,1504000,1504000.0359,"EQC - 367 Kahuranaki Road, Kahuranaki, H","EQC - 367 Kahuranaki Road, Kahuranaki, Hawke's Bay, 4295, NZL #HBEQC",FMG Insurance Limited,2023-09-07,HM,Ryan Tutbury,176.899014,-39.7426,,False,
1504000.0361,1504000,1504000.0361,"EQC - 22D Mangatarata Road, Waipukurau,","EQC - 22D Mangatarata Road, Waipukurau, Hawke's Bay, 4285, NZL",FMG Insurance Limited,2023-09-07,HM,Ryan Tutbury,176.586434,-39.991856,,False,
1504000.0362,1504000,1504000.0362,"EQC - 511 Apley Rd, Puketapu, Napier, 41","EQC - 511 Apley Rd, Puketapu, Napier, 4186, NZL #HBEQC",FMG Insurance Limited,2023-09-07,HM,Ryan Tutbury,176.737641,-39.464216,,False,
1504000.0364,1504000,1504000.0364,EQC - 961 Ormondville Te Uri Road,"EQC - 961 Ormondville Te Uri Road, Ormondville, Manawatu-Whanganui, 4977, NZL",FMG Insurance Limited,2023-09-07,WN,Shirley Wang,176.311917,-40.16875,,False,
1504000.0365,1504000,1504000.0365,"EQC - 73A Avery Rd, Eskdale, Napier","EQC - 73A Avery Rd, Eskdale, Napier, 4182, NZL",FMG Insurance Limited,2023-09-07,HM,Ryan Tutbury,176.833029,-39.41562,,False,
1504000.0366,1504000,1504000.0366,"EQC - 582 Old Taupo Coach Road, Te Pohue","EQC - 582 Old Taupo Coach Road, Te Pohue, Napier, Hawke's Bay, 4182, NZL #HBEQC",FMG Insurance Limited,2023-09-08,HM,Ryan Tutbury,176.757305,-39.280926,,False,
1504000.0367,1504000,1504000.0367,"EQC - 81 Rotowhenua Road, Poraiti, Napie","EQC - 81 Rotowhenua Road, Poraiti, Napier, Hawke's Bay, 4182, NZL #HBEQC",FMG Insurance Limited,2023-09-08,HM,Ryan Tutbury,176.820131,-39.486554,,False,
1504000.0368,1504000,1504000.0368,"EQC - 560 Tangoio Settlement Road, Tango","EQC - 560 Tangoio Settlement Road, Tangoio, Napier, Hawke's Bay, 4181, NZL #HBEQC (Event 2)",FMG Insurance Limited,2023-09-08,HM,Ryan Tutbury,176.938862,-39.3008,,False,
1504000.0369,1504000,1504000.0369,"EQC - 1191 Raukawa Road, Raukawa, Hawke'","EQC - 1191 Raukawa Road, Raukawa, Hawke's Bay, 4174, NZL #HBEQC",FMG Insurance Limited,2023-09-08,HM,Ryan Tutbury,176.670932,-39.722539,,False,
1504000.0370,1504000,1504000.0370,"EQC - 3572 Wharekopae Rd, Rere, Pehiri","EQC - 3572 Wharekopae Rd, Rere, Pehiri",FMG Insurance Limited,2023-09-08,HM,Ryan Tutbury,177.61066,-38.541953,,False,
1504000.0371,1504000,1504000.0371,"EQC - 1441 Taihape Road, Sherenden, Hast","EQC - 1441 Taihape Road, Sherenden, Hastings, Hawke's Bay, 4179, NZL #HBEQC",FMG Insurance Limited,2023-09-08,HM,Ryan Tutbury,176.634187,-39.522506,,False,
1504000.0372,1504000,1504000.0372,"EQC - 826 Te Apiti Road North, Waimarama","EQC - 826 Te Apiti Road North, Waimarama, Hawke's Bay, 4294, NZL #HBEQC",FMG Insurance Limited,2023-09-08,HM,Ryan Tutbury,176.944796,-39.867523,,False,
1504000.0373,1504000,1504000.0373,"EQC - 210F Logan Road, Buckland","EQC - 210F Logan Road, Buckland, Pukekohe, Waikato, 2677, NZL",FMG Insurance Limited,2023-09-10,AK,Philip Mathewson,174.944205,-37.220757,,False,
1504000.0374,1504000,1504000.0374,"EQC - 604 Pahi Road, Pahi","EQC - 604 Pahi Road, Pahi, Northland, 0571, NZL",FMG Insurance Limited,2023-09-10,AK,Philip Mathewson,174.222007,-36.154792,,False,
1504000.0375,1504000,1504000.0375,"EQC - 75 Tauhara Road, Crownthorpe, Hast","EQC - 75 Tauhara Road, Crownthorpe, Hastings, Hawke's Bay, 4179, NZL #HBEQC",FMG Insurance Limited,2023-09-11,HM,Ryan Tutbury,176.646863,-39.592007,,False,
1504000.0376,1504000,1504000.0376,"EQC - 71 Richard Road, Havelock North, H","EQC - 71 Richard Road, Havelock North, Hawke's Bay, 4172, NZL #HBEQC",FMG Insurance Limited,2023-09-12,HM,Ryan Tutbury,176.8553,-39.682302,,False,
1504000.0377,1504000,1504000.0377,"EQC - 57 Tutauanui Crescent, Maungatapu,","EQC - 57 Tutauanui Crescent, Maungatapu, Tauranga, Bay of Plenty, 3112, NZL",Medical Insurance Society Limited,2023-09-12,HM,Ryan Tutbury,176.168309,-37.722702,,False,
1504000.0378,1504000,1504000.0378,"EQC - 60 Hospital Terrace, Hospital Hill","EQC - 60 Hospital Terrace, Hospital Hill",FMG Insurance Limited,2023-09-12,HM,Ryan Tutbury,176.893697,-39.491036,,False,
1504000.0379,1504000,1504000.0379,"EQC - 65 Oswald Street, Mangapapa, Gisbo","EQC - 65 Oswald Street, Mangapapa, Gisborne, 4010, NZL",FMG Insurance Limited,2023-09-15,HM,Ryan Tutbury,178.01926,-38.644473,,False,
1504000.0380,1504000,1504000.0380,"EQC - 798 Puketapu Rd, Puketapu, Napier,","EQC - 798 Puketapu Rd, Puketapu, Napier, 4182, NZL #HBEQC",FMG Insurance Limited,2023-09-15,HM,Ryan Tutbury,176.79698,-39.501395,,False,
1504000.0381,1504000,1504000.0381,"EQC - 742 Matahorua Road, Putorino, Kote","EQC - 742 Matahorua Road, Putorino, Kotemaori, Hawke's Bay, 4181, NZL #HBEQC",FMG Insurance Limited,2023-09-15,HM,Ryan Tutbury,176.870813,-39.152481,,False,
1504000.0382,1504000,1504000.0382,"EQC - 1277 Maraetotara Road, Maraetotara","EQC - 1277 Maraetotara Road, Maraetotara, Waimarama, Hawke's Bay, 4294, NZL #HBEQC",FMG Insurance Limited,2023-09-15,HM,Ryan Tutbury,176.904377,-39.815507,,False,
1504000.0383,1504000,1504000.0383,"EQC - 48A Fausett Road, Ararimu","EQC - 48A Fausett Road, Ararimu, Drury, Auckland, 2579, NZL",FMG Insurance Limited,2023-09-17,AK,Philip Mathewson,175.020536,-37.152258,,False,
1504000.0384,1504000,1504000.0384,"EQC - 1288 Taihape Road, Sherenden, Hast","EQC - 1288 Taihape Road, Sherenden, Hastings, Hawke's Bay, 4179, NZL #HBEQC",FMG Insurance Limited,2023-09-18,HM,Ryan Tutbury,176.647795,-39.528901,,False,
1504000.0385,1504000,1504000.0385,"EQC - 253 Okura River Road, Okura","EQC - 253 Okura River Road, Okura, Auckland, 0792, NZL",FMG Insurance Limited,2023-09-19,AK,Philip Mathewson,174.715957,-36.691071,,False,
1504000.0386,1504000,1504000.0386,"EQC - 211 Maunsell Road, Port Waikato","EQC - 211 Maunsell Road, Port Waikato, Waikato, 2695, NZL",FMG Insurance Limited,2023-09-19,HM,Ryan Tutbury,174.711625,-37.399273,,False,
1504000.0387,1504000,1504000.0387,"EQC - 118 Holt Road, Puketapu, Napier, H","EQC - 118 Holt Road, Puketapu, Napier, Hawke's Bay, 4182, NZL #HBEQC",FMG Insurance Limited,2023-09-20,HM,Ryan Tutbury,176.815005,-39.442348,,False,
1504000.0388,1504000,1504000.0388,"EQC - 579 Swamp Rd, Fernhill, Napier, 41","EQC - 579 Swamp Rd, Fernhill, Napier, 4183, NZL #HBEQC",FMG Insurance Limited,2023-09-20,HM,Ryan Tutbury,176.77512,-39.535498,,False,
1504000.0389,1504000,1504000.0389,"EQC - 86 Irwin Road, Kingseat","EQC - 86 Irwin Road, Kingseat, Glenbrook, Auckland, 2679, NZL",FMG Insurance Limited,2023-09-20,AK,Philip Mathewson,174.828373,-37.150763,,False,
1504000.0390,1504000,1504000.0390,"EQC - 25 Torkar Road, Clarks Beach","EQC - 25 Torkar Road, Clarks Beach, Auckland, 2122, NZL",FMG Insurance Limited,2023-09-20,AK,Philip Mathewson,174.705365,-37.134164,,False,
1504000.0391,1504000,1504000.0391,"EQC -14 Valley Terrace, Hamilton Central","EQC - 14 Valley Terrace, Hamilton Central, Hamilton, Waikato, 3204, NZL",FMG Insurance Limited,2023-09-20,HM,Ryan Tutbury,175.283915,-37.801885,,False,
1504000.0399,1504000,1504000.0399,"EQC -45 Fitzroy Avenue, Fitzroy,Hamilton","EQC -45 Fitzroy Avenue, Fitzroy, Hamilton, Waikato, 3206, NZL",FMG Insurance Limited,2023-09-20,HM,Ryan Tutbury,175.296638,-37.816397,,False,
1504000.0392,1504000,1504000.0392,"EQC - 203 Marlow Road, Riponui (2)","EQC - 203 Marlow Road, Riponui, Kawakawa, Northland, 0185, NZL",FMG Insurance Limited,2023-09-24,AK,Dion Willcocks,174.118351,-35.562536,,False,
1504000.0393,1504000,1504000.0393,"EQC - 127 Laing Rd, Karaka, Papakura","EQC - 127 Laing Rd, Karaka, Papakura, 2580, NZL",FMG Insurance Limited,2023-09-24,AK,Philip Mathewson,174.843864,-37.09728,,False,
1504000.0394,1504000,1504000.0394,"EQC - 2225 Tiniroto Road, Tiniroto, Manu","EQC - 2225 Tiniroto Road, Tiniroto, Manutuke, Gisborne, 4078, NZL",FMG Insurance Limited,2023-09-25,HM,Ryan Tutbury,177.72633,-38.688764,,False,
1504000.0395,1504000,1504000.0395,"EQC-34 Wolseley Rd,Tanners Point,Tahawai","EQC - 34 Wolseley Road, Tanners Point, Tahawai, Bay of Plenty, 3170, NZL",FMG Insurance Limited,2023-09-25,HM,Ryan Tutbury,175.925147,-37.486727,,False,
1504000.0396,1504000,1504000.0396,EQC - 2981 Masterton Castlepoint Road,"EQC - 2981 Masterton Castlepoint Road, Mangapakeha, Masterton, Wellington, 5889, NZL",FMG Insurance Limited,2023-09-25,WN,Shirley Wang,176.001926,-40.905336,,False,
1504000.0397,1504000,1504000.0397,"EQC-319A Matokitoki Valley Rd,Matokitoki","EQC -  319A Matokitoki Valley Road, Matokitoki, Waimata, Gisborne, 4071, NZL",FMG Insurance Limited,2023-09-28,HM,Ryan Tutbury,178.01766,-38.612717,,False,
1504000.0398,1504000,1504000.0398,"EQC - 46 Uruti Road, Uruti, Urenui","EQC - 46 Uruti Road, Uruti, Urenui, Taranaki, 4378, NZL",FMG Insurance Limited,2023-09-29,WN,Shirley Wang,174.531259,-38.947782,,False,
1504000.0400,1504000,1504000.0400,"EQC - 20 Roslyn Road, Bluff Hill, Napier","EQC - 20 Roslyn Road, Bluff Hill, Napier, Hawke's Bay, 4110, NZL #HBEQC",FMG Insurance Limited,2023-10-03,HM,Ryan Tutbury,176.908033,-39.482588,,False,
1504000.0401,1504000,1504000.0401,"EQC - 679 Middle Road, Poukawa, Hawke's","EQC - 679 Middle Road, Poukawa, Hawke's Bay, 4172, NZL #HBEQC",FMG Insurance Limited,2023-10-03,HM,Ryan Tutbury,176.824493,-39.71319,,False,
1504000.0402,1504000,1504000.0402,"EQC - 23 Kaitara Lane, Kaiwaka","EQC - 23 Kaitara Lane, Kaiwaka, Maungaturoto, Northland, 0573, NZL",FMG Insurance Limited,2023-10-04,AK,Philip Mathewson,174.437449,-36.1832,,False,
1504000.0403,1504000,1504000.0403,"EQC - 65 Scandrett Rd, Mahurangi East","EQC - 65 Scandrett Rd, Mahurangi East, Warkworth, 0982, NZL",FMG Insurance Limited,2023-10-04,AK,Philip Mathewson,174.761498,-36.442289,,False,
1504000.0404,1504000,1504000.0404,"EQC -11 Fergusson Gully Road, Karapiro","EQC -11 Fergusson Gully Road, Karapiro, Cambridge, Waikato, 3494, NZL",FMG Insurance Limited,2023-10-05,HM,Ryan Tutbury,175.579641,-37.939204,,False,
1504000.0405,1504000,1504000.0405,"EQC -19 Mangatea Road, Te Kuiti, Waikato","EQC -19 Mangatea Road, Te Kuiti, Waikato, 3981, NZL",FMG Insurance Limited,2023-10-06,HM,Ryan Tutbury,175.156638,-38.359623,,False,
1504000.0406,1504000,1504000.0406,"EQC - 287 Maungawera Valley Rd, Wanaka","EQC - 287 Maungawera Valley Rd, Albert Town, Wanaka",FMG Insurance Limited,2023-10-11,CH,Anna Sleight,169.188434,-44.632701,,False,
1504000.0407,1504000,1504000.0407,"EQC - 947 Omanawa Road, Omanawa, Bay of","EQC - 947 Omanawa Road, Omanawa, Bay of Plenty, 3171, NZL",FMG Insurance Limited,2023-10-11,HM,Ryan Tutbury,176.07943,-37.837132,,False,
1504000.0408,1504000,1504000.0408,"EQC - 409 Ararimu Rd, Drury","EQC - 409 Ararimu Rd, Drury, 2579, NZL",FMG Insurance Limited,2023-10-11,AK,Philip Mathewson,174.997101,-37.148433,,False,
1504000.0409,1504000,1504000.0409,"EQC - 1056 Woodcocks Road, Kaipara Flats","EQC - 1056 Woodcocks Road, Kaipara Flats, Warkworth, Auckland, 0981, NZL",FMG Insurance Limited,2023-10-12,AK,Philip Mathewson,174.581053,-36.4435,,False,
1504000.0410,1504000,1504000.0410,"EQC - 1 Tirohanga Terrace, Akaroa","EQC - 1 Tirohanga Terrace, Akaroa, Canterbury, 7581, NZL",FMG Insurance Limited,2023-10-12,CH,Anna Sleight,172.969037,-43.798407,,False,
1504000.0411,1504000,1504000.0411,"EQC - 23 Te Aute Road, Havelock North, H","EQC - 23 Te Aute Road, Havelock North, Hawke's Bay, 4130, NZL #HBEQC",FMG Insurance Limited,2023-10-13,HM,Ryan Tutbury,176.873063,-39.671405,,False,
1504000.0412,1504000,1504000.0412,"EQC - 320 Dartmoor Rd, Puketapu, Napier,","EQC - 320 Dartmoor Road, Puketapu, Napier, 4186, NZL #HBEQC",FMG Insurance Limited,2023-10-16,HM,Ryan Tutbury,176.763999,-39.502671,,False,
1504000.0413,1504000,1504000.0413,"EQC -1901 Tutukau Rd, Ohakuri, Reporoa","EQC -1901 Tutukau Rd, Ohakuri, Reporoa, 3083, NZL",FMG Insurance Limited,2023-10-16,HM,Ryan Tutbury,176.111713,-38.514376,,False,
1504000.0414,1504000,1504000.0414,"EQC - 881 Seafield Rd, Puketapu, Napier,","EQC - 881 Seafield Road, Puketapu, Napier, 4182, NZL #HBEQC",FMG Insurance Limited,2023-10-16,HM,Ryan Tutbury,176.790294,-39.446774,,False,
1504000.0415,1504000,1504000.0415,"EQC - 1153A Dartmoor Road, Dartmoor, Has","EQC - 1153A Dartmoor Road, Dartmoor, Hastings, Hawke's Bay, 4186, NZL #HBEQC",FMG Insurance Limited,2023-10-17,HM,Ryan Tutbury,176.679758,-39.476806,,False,
1504000.0416,1504000,1504000.0416,EQC - 1 Mahurangi East Road,"EQC - 1 Mahurangi East Road, Snells Beach, Auckland, 0982, NZL",FMG Insurance Limited,2023-10-18,AK,Philip Mathewson,174.709519,-36.399007,,False,
1504000.0417,1504000,1504000.0417,"EQC - 475 Oaia Road, Muriwai","EQC - 475 Oaia Road, Muriwai, Auckland, 0881, NZL",FMG Insurance Limited,2023-10-23,AK,Philip Mathewson,174.436189,-36.842908,,False,
1504000.0418,1504000,1504000.0418,"EQC - 1322 Cove Rd, Langs Beach","EQC - 1322 Cove Rd, Langs Beach, Waipu, 0582, NZL",FMG Insurance Limited,2023-10-23,AK,Philip Mathewson,174.538854,-36.052952,,False,
1504000.0419,1504000,1504000.0419,"EQC - 133B Ahuroa Road, Puhoi","EQC - 133B Ahuroa Road, Puhoi, Auckland, 0994, NZL",FMG Insurance Limited,2023-10-23,AK,Philip Mathewson,174.648957,-36.507589,,False,
1504000.0420,1504000,1504000.0420,"EQC - 177 Poporangi Road, Kereru, Tikoki","EQC - 177 Poporangi Road, Kereru, Tikokino, Hawke's Bay, 4171, NZL #HBEQC",FMG Insurance Limited,2023-10-24,HM,Ryan Tutbury,176.389788,-39.658057,,False,
1504000.0422,1504000,1504000.0422,EQC - 561A Whangarei Heads Road,"EQC - 561A Whangarei Heads Road, Tamaterau, Whareora, Northland",FMG Insurance Limited,2023-11-03,AK,Philip Mathewson,174.406407,-35.77757,,False,
1504000.0423,1504000,1504000.0423,EQC - 560 Tangoio Settlement Road,"EQC - 560 Tangoio Settlement Road, Tangoio, Napier, Hawke's Bay, 4181, NZL #HBEQC (Event 1)",FMG Insurance Limited,2023-11-08,HM,Ryan Tutbury,176.938798,-39.300498,,False,
1504000.0424,1504000,1504000.0424,"EQC - 58 Te Apiti Road North, Waimarama,","EQC - 58 Te Apiti Road North, Waimarama, Hawke's Bay, 4294, NZL",FMG Insurance Limited,2023-11-09,HM,Ryan Tutbury,176.97871,-39.814488,,False,
1504000.0421,1504000,1504000.0421,"649 Goodwin Road, RD 25, Temuka 7985","649 Goodwin Road, RD 25, Temuka 7985",FMG Insurance Limited,2023-11-13,WN,Shirley Wang,171.17252667000002,-44.149613201999955,,False,
1504000.0425,1504000,1504000.0425,"EQC - 904 Norton Road, Akina, Hastings,","EQC - 904 Norton Road, Akina, Hastings, Hawke's Bay, 4122, NZL #HBEQC",FMG Insurance Limited,2023-11-13,HM,Ryan Tutbury,176.845675,-39.66112,,False,
1504000.0426,1504000,1504000.0426,"EQC - 209 Aorangi Road, Maraekakaho, Haw","EQC - 209 Aorangi Road, Maraekakaho, Hawke's Bay, 4171, NZL #HBEQC",FMG Insurance Limited,2023-11-13,HM,Ryan Tutbury,176.566627,-39.607126,,False,
1504000.0427,1504000,1504000.0427,"EQC - 622 Salisbury Road, Maraekakaho, H","EQC - 622 Salisbury Road, Maraekakaho, Hawke's Bay, 4171, NZL #HBEQC",FMG Insurance Limited,2023-11-13,HM,Ryan Tutbury,176.510622,-39.675896,,False,
1504000.0428,1504000,1504000.0428,"EQC - 74 Eskridge Drive, Eskdale, Napier","EQC - 74 Eskridge Drive, Eskdale, Napier, Hawke's Bay, 4182, NZL #HBEQC",FMG Insurance Limited,2023-11-13,HM,Ryan Tutbury,176.846279,-39.401213,,False,
1504000.0429,1504000,1504000.0429,"EQC - 268 Ica Rd, Whareama, Masterton","EQC - 268 Ica Rd, Whareama, Masterton, 5872, NZL",FMG Insurance Limited,2023-11-13,WN,Shirley Wang,176.050721,-40.942408,,False,
1504000.0430,1504000,1504000.0430,"EQC -St Omer Rd, Saint Omer, Marlb Sound","EQC -St Omer Rd, Saint Omer, Marlborough Sounds 7282",FMG Insurance Limited,2023-11-20,NE,Marcus Lovell,173.966834,-41.188909,,False,
1504000.0431,1504000,1504000.0431,"EQC - 38 Makorori Beach Road, Makorori,","EQC - 38 Makorori Beach Road, Makorori, Waimata, Gisborne, 4073, NZL",FMG Insurance Limited,2023-11-24,HM,Ryan Tutbury,178.135234,-38.650721,,False,
1504000.0432,1504000,1504000.0432,"EQC - 467 Oaia Road, Muriwai, Auckland","EQC - 467 Oaia Road, Muriwai, Auckland, 0881, NZL",FMG Insurance Limited,2023-11-24,AK,Philip Mathewson,174.434119,-36.843523,,False,
1504000.0433,1504000,1504000.0433,"EQC - 2970 Tiniroto Road, Tiniroto, Manu","EQC - 2970 Tiniroto Road, Tiniroto, Manutuke, Gisborne, 4078, NZL",FMG Insurance Limited,2023-11-28,HM,Ryan Tutbury,177.65574,-38.681897,,False,
1504000.0434,1504000,1504000.0434,"EQC - 7 Dill Road, KaiparaFlats(Jan2023)","EQC - 7 Dill Road, Kaipara Flats, Warkworth, Auckland (Jan2023)",FMG Insurance Limited,2023-12-04,AK,Philip Mathewson,174.5242,-36.427171,,False,
1504000.0435,1504000,1504000.0435,"EQC - 7 Dill Road, KaiparaFlats(Feb2023)","EQC - 7 Dill Road, Kaipara Flats, Warkworth, Auckland (Feb2023)",FMG Insurance Limited,2023-12-04,AK,Philip Mathewson,174.524403,-36.427372,,False,
1504000.0436,1504000,1504000.0436,EQC - 90 Takamatua Valley Road,"EQC - 90 Takamatua Valley Road, Takamatua, Canterbury",FMG Insurance Limited,2023-12-14,CH,Anna Sleight,172.980853,-43.786523,,False,
1504000.0437,1504000,1504000.0437,"EQC - 108A Oyster Point Rd, Kaukapakapa","EQC - 108A Oyster Point Rd, Kaukapakapa, Auckland, 0984, NZL",FMG Insurance Limited,2023-12-20,AK,Philip Mathewson,174.469406,-36.592561,,False,
1504000.0438,1504000,1504000.0438,"EQC - 4557 Fitzgerald Rd, Otoko, Te Kara","EQC - 4557 Fitzgerald Rd, Otoko, Te Karaka, Gisborne, 4092, NZL",FMG Insurance Limited,2023-12-20,HM,Ryan Tutbury,177.65223,-38.467204,,False,
1504000.0439,1504000,1504000.0439,"EQC - 1 Muriwai Terrace, Whakatane, Bay","EQC - 1 Muriwai Terrace, Whakatane, Bay of Plenty, 3120, NZL",FMG Insurance Limited,2023-12-20,HM,Ryan Tutbury,177.007906,-37.949729,,False,
1504000.0440,1504000,1504000.0440,"EQC - 11 Jade River Place, Warkworth","EQC - 11 Jade River Place, Warkworth, Auckland, 0910, NZL",FMG Insurance Limited,2024-01-08,AK,Philip Mathewson,174.669794,-36.405758,,False,
1504000.0441,1504000,1504000.0441,"EQC - 953A Kaiwhata Rd, Te Wharau","EQC - 953A Kaiwhata Rd, Te Wharau, Masterton, 5872, NZL",FMG Insurance Limited,2024-01-08,WN,Shirley Wang,175.915179,-41.187167,,False,
1504000.0442,1504000,1504000.0442,"EQC - 358 Springfield Road, Puketapu","EQC - 358 Springfield Road, Puketapu, Hastings, Hawke's Bay, 4183, NZL",FMG Insurance Limited,2024-01-12,HM,Ryan Tutbury,176.80693,-39.535386,,False,
1504000.0443,1504000,1504000.0443,"EQC - 20 Rangimarie Way, Wadestown, WGTN","EQC - 20 Rangimarie Way, Wadestown, Wellington, 6012, NZL",FMG Insurance Limited,2024-01-16,WN,Shirley Wang,174.767806,-41.263914,Wellington City,True,
1504000.0444,1504000,1504000.0444,"EQC - 30 Te Mata Peak Road, Havelock Nor","EQC - 30 Te Mata Peak Road, Havelock North, Hawke's Bay, 4130, NZL",FMG Insurance Limited,2024-01-19,HM,Ryan Tutbury,176.894761,-39.674743,,False,
1504000.0445,1504000,1504000.0445,"EQC - 31 Iri Irikapua Parade, Owhata","EQC - 31 Iri Irikapua Parade, Owhata, Rotorua, Bay of Plenty, 3010, NZL",FMG Insurance Limited,2024-01-19,HM,Ryan Tutbury,176.290798,-38.120447,,False,
1504000.0446,1504000,1504000.0446,"EQC - 287 Whariti Road, Woodville","EQC - 287 Whariti Road, Woodville, Manawatu-Whanganui, 4999, NZL",FMG Insurance Limited,2024-01-19,WN,Shirley Wang,175.858985,-40.28662,,False,
1504000.0447,1504000,1504000.0447,EQC - 1080 Woodcocks Road (Event 1),"EQC - 1080 Woodcocks Rd, Kaipara Flats, Warkworth, 0981, NZL",FMG Insurance Limited,2024-02-01,AK,Philip Mathewson,174.580067,-36.444862,,False,
1504000.0448,1504000,1504000.0448,EQC - 1080 Woodcocks Road (Event 3),"EQC - 1080 Woodcocks Rd, Kaipara Flats, Warkworth, 0981, NZL",FMG Insurance Limited,2024-02-01,AK,Philip Mathewson,174.580085,-36.445265,,False,
1504000.0449,1504000,1504000.0449,"EQC - 3060 Tiniroto Road, Tiniroto, Manu","EQC - 3060 Tiniroto Road, Tiniroto, Manutuke, Gisborne, 4078, NZL",FMG Insurance Limited,2024-02-05,HM,Ryan Tutbury,177.648683,-38.682808,,False,
1504000.0450,1504000,1504000.0450,"EQC - 330 Mangawhai Road, Wellsford","EQC - 330 Mangawhai Road, Wellsford, Auckland, 0975, NZL",FMG Insurance Limited,2024-02-14,AK,Philip Mathewson,174.543244,-36.229122,,False,
1504000.0451,1504000,1504000.0451,"EQC - 574 Swamp Rd, Fernhill, Napier, 41","EQC - 574 Swamp Rd, Fernhill, Napier, 4183, NZL",FMG Insurance Limited,2024-02-15,HM,Ryan Tutbury,176.776338,-39.536121,,False,
1504000.0452,1504000,1504000.0452,"EQC - 48A Fausett Road, Ararimu (2)","EQC - 48A Fausett Road, Ararimu, Drury, Auckland, 2579, NZL",FMG Insurance Limited,2024-03-20,AK,Philip Mathewson,175.02074,-37.152131,,False,
1504000.0453,1504000,1504000.0453,"EQC - 1927 Pehiri Road, Pehiri, Gisborne","EQC - 1927 Pehiri Road, Pehiri, Gisborne, 4072, NZL",FMG Insurance Limited,2024-03-22,HM,Ryan Tutbury,177.617911,-38.648854,,False,
1504000.0454,1504000,1504000.0454,"EQC - 265 Wairoa Road, Minden, Omanawa,","EQC - 265 Wairoa Road, Minden, Omanawa, Bay of Plenty, 3171, NZL",FMG Insurance Limited,2024-04-23,HM,Ryan Tutbury,176.091539,-37.717549,,False,
1504000.0455,1504000,1504000.0455,"EQC -9 Clements Crescent, Queenwood","EQC -9 Clements Crescent, Queenwood, Hamilton, Waikato, 3210, NZL",FMG Insurance Limited,2024-05-02,HM,Ryan Tutbury,175.264764,-37.746736,,False,
1504000.0456,1504000,1504000.0456,"EQC - 890 Waikoau Road, Tangoio, Napier","EQC - 890 Waikoau Road, Tangoio, Napier, Hawke's Bay, 4181, NZL",FMG Insurance Limited,2024-05-14,HM,Ryan Tutbury,176.815551,-39.239822,,False,
1504000.0457,1504000,1504000.0457,"EQC - 24 Mitchell Street, Blockhouse Bay","EQC - 24 Mitchell Street, Blockhouse Bay, Auckland, 0600, NZL",FMG Insurance Limited,2024-05-16,AK,Philip Mathewson,174.698453,-36.929763,,False,
1504000.0458,1504000,1504000.0458,"EQC - 773 Alfredton Road, Eketahuna","EQC - 773 Alfredton Road, Eketahuna, Manawatu-Whanganui, 4996, NZL",FMG Insurance Limited,2024-05-21,WN,Shirley Wang,175.771182,-40.661231,,False,
1504000.0459,1504000,1504000.0459,"EQC - 2 Pinestead Reach, Stillwater","EQC - 2 Pinestead Reach, Stillwater, Silverdale, Auckland",FMG Insurance Limited,2024-06-04,AK,Philip Mathewson,174.700869,-36.632294,,False,
1504000.0460,1504000,1504000.0460,"EQC - 400B Paradise Valley Road, Ngongot","EQC - 400B Paradise Valley Road, Ngongotaha Valley, Mamaku, Bay of Plenty, 3072, NZL",FMG Insurance Limited,2024-06-10,HM,Ryan Tutbury,176.156703,-38.131703,,False,
1504000.0461,1504000,1504000.0461,"EQC - 2334 Bulwer Lodge Road, Marl Sound","EQC - 2334 Bulwer Lodge Road, Marlborough Sounds 7193",FMG Insurance Limited,2024-06-12,NE,Marcus Lovell,173.948237,-40.94646,,False,
1504000.0465,1504000,1504000.0465,"EQC - 19 Nikau Street, RD 5, Rai Valley","EQC - 19 Nikau Street, RD 5, Rai Valley, 7195",FMG Insurance Limited,2024-06-12,NE,Marcus Lovell,173.763587,-41.121355,,False,
1504000.0462,1504000,1504000.0462,"NHC - 367 Taratara Road, Kaeo, Northland","NHC - 367 Taratara Road, Kaeo, Northland",FMG Insurance Limited,2024-07-03,AK,Philip Mathewson,173.654055,-35.069844,,False,
1504000.0463,1504000,1504000.0463,"NHC - 323 Ness Valley Road, Ness Valley","NHC - 323 Ness Valley Road, Ness Valley, Clevedon, Auckland",FMG Insurance Limited,2024-07-03,AK,Philip Mathewson,175.117308,-36.99432,,False,
1504000.0464,1504000,1504000.0464,"NHC - 4814 State Highway 35, Te Araroa,","NHC - 4814 State Highway 35, Te Araroa, Gisborne, 4087, NZL",FMG Insurance Limited,2024-07-09,HM,Ryan Tutbury,178.313483,-37.606732,,False,
1504000.0466,1504000,1504000.0466,"NHC - 33 Perehipe Road, Karikari","NHC - 33 Perehipe Road, Karikari Peninsula, Karikari, Northland",FMG Insurance Limited,2024-07-15,AK,Philip Mathewson,173.38723,-34.875327,,False,
1504000.0467,1504000,1504000.0467,"NHC - 4 Helen Place, St Heliers Auckland","NHC - 4 Helen Place, St Heliers, Auckland",FMG Insurance Limited,2024-08-05,AK,Philip Mathewson,174.855553,-36.865689,,False,
1504000.0468,1504000,1504000.0468,"NHC - 91 Waipatiki Road, Weber, Dannevir","NHC - 91 Waipatiki Road, Weber, Dannevirke, Manawatu-Whanganui, 4971, NZL",FMG Insurance Limited,2024-08-06,WN,Shirley Wang,176.242984,-40.382971,,False,
1504000.0469,1504000,1504000.0469,"NHC - 35 Taronui Road, Te Tii, Kerikeri","NHC - 35 Taronui Road, Te Tii, Kerikeri",FMG Insurance Limited,2024-09-10,AK,Philip Mathewson,173.984868,-35.123604,,False,
1504000.0470,1504000,1504000.0470,"NHC - 406 Wakapuaka Road, Wakapuaka","NHC - 406 Wakapuaka Road, Wakapuaka, Hira, Nelson, 7071, NZL",FMG Insurance Limited,2024-09-11,NE,Marcus Lovell,173.357326,-41.204254,,False,
1504000.0471,1504000,1504000.0471,"NHC - 2640 Wyuna Bay Road, Wyuna Bay, Co","NHC - 2640 Wyuna Bay Road, Wyuna Bay, Coromandel, Waikato, 3581, NZL",FMG Insurance Limited,2024-09-26,HM,Ryan Tutbury,175.461938,-36.76378,,False,
1504000.1000,1504000,1504000.1000,FMG Conference 2024,FMG Conference 2024,FMG Insurance Limited,2024-10-14,WN,Shirley Wang,171.97280446600007,-43.42070590999998,,False,
1504000.0473,1504000,1504000.0473,"NHC - 101 Ravenswood Road, Saint Clair","NHC - 101 Ravenswood Road, Saint Clair, Dunedin, Otago",FMG Insurance Limited,2024-10-15,HM,Hannah Udell,170.483077,-45.911168,,False,
1504000.0474,1504000,1504000.0474,"NHC - 6 Salcombe Street, Kaitangata","NHC - 6 Salcombe Street, Kaitangata, Otago",FMG Insurance Limited,2024-10-15,HM,Hannah Udell,169.847689,-46.291297,,False,
1504000.0475,1504000,1504000.0475,"NHC - 35 Hurst Street, Kaitangata, Otago","NHC - 35 Hurst Street, Kaitangata, Otago, 9210, NZL",FMG Insurance Limited,2024-10-29,HM,Hannah Udell,169.853552,-46.272972,,False,
1504000.0476,1504000,1504000.0476,"NHC - 1A Burkes Drive, Saint Leonards","NHC - 1A Burkes Drive, Saint Leonards, Dunedin, Otago, 9022, NZL",FMG Insurance Limited,2024-11-04,HM,Hannah Udell,170.568702,-45.858473,,False,
1504000.0477,1504000,1504000.0477,"NHC - 14 Rata Road, Hataitai, Wellington","NHC - 14 Rata Road, Hataitai, Wellington, 6021, NZL",FMG Insurance Limited,2024-11-14,WN,Shirley Wang,174.799831,-41.303104,Wellington City,True,
1504000.0478,1504000,1504000.0478,"NHC - 16 Nagpur Terrace, Wellington","NHC - 16 Nagpur Terrace, Broadmeadows, Wellington",FMG Insurance Limited,2025-04-09,WN,Shirley Wang,174.794516,-41.236183,Wellington City,True,
1504000.0479,1504000,1504000.0479,"NHC - 16 Kowhai View, Warkworth Auckland","NHC - 16 Kowhai View, Warkworth, Auckland",FMG Insurance Limited,2025-05-01,AK,Dion Willcocks,174.676116,-36.404906,,False,
1504000.0480,1504000,1504000.0480,"NHC - 79 Old West Coast Road, Yaldhurst","NHC - 79 Old West Coast Road, Yaldhurst, Christchurch, Canterbury, 7676, NZL",FMG Insurance Limited,2025-05-05,HM,Shirley Wang,172.476738,-43.509182,,False,
1504000.0481,1504000,1504000.0481,"NHC - 58 Timoti Road, Waimarama, HB","NHC - 58 Timoti Road, Waimarama, Hawke's Bay",FMG Insurance Limited,2025-05-12,AK,Dion Willcocks,176.99074,-39.783166,,False,
1504000.0482,1504000,1504000.0482,NHC - 90 Takamatua Valley Rd Canterbury,"NHC - 90 Takamatua Valley Road, Takamatua, Canterbury",FMG Insurance Limited,2025-05-15,WN,Shirley Wang,172.981009,-43.78619,,False,
1504000.0483,1504000,1504000.0483,"NHC - 4/214 Otahuna Road, Tai Tapu, Cant","NHC - 4/214 Otahuna Road, Tai Tapu, Canterbury",FMG Insurance Limited,2025-05-15,WN,Shirley Wang,172.589396,-43.661207,,False,
1504000.0484,1504000,1504000.0484,"NHC - 328E Wainui Road, Kaeo, Northland","NHC - 328E Wainui Road, Kaeo, Northland",FMG Insurance Limited,2025-05-15,AK,Dion Willcocks,173.78271,-35.057541,,False,
1504000.0485,1504000,1504000.0485,"NHC - 43 Lighthouse Road, Akaroa, Cant","NHC - 43 Lighthouse Road, Akaroa, Canterbury, 7520, NZL",FMG Insurance Limited,2025-06-03,WN,Shirley Wang,172.961027,-43.818056,,False,
1504000.0486,1504000,1504000.0486,"NHC - 73 Seaton Road, Hadlow, Timaru","NHC - 73 Seaton Road, Hadlow, Timaru, Canterbury, 7975, NZL",FMG Insurance Limited,2025-06-11,WN,Shirley Wang,171.194852,-44.359519,,False,
1504000.0487,1504000,1504000.0487,"NHC - 5839 State Highway 10, Northland","NHC - 5839 State Highway 10, Awanui, Northland",FMG Insurance Limited,2025-06-19,AK,Stefan Huszak,173.297994,-35.041986,,False,
1504000.0488,1504000,1504000.0488,"NHC - 368 Rosedale Road, Upper Moutere","NHC - 368 Rosedale Road, Upper Moutere, Tasman",FMG Insurance Limited,2025-07-07,NE,John Westerson,172.95451,-41.235722,,False,
1504000.0489,1504000,1504000.0489,"NHC - 979 Rosedale Road, Ngatimoti","NHC - 979 Rosedale Road, Ngatimoti, Motueka, Tasman",FMG Insurance Limited,2025-07-09,NE,John Westerson,172.904609,-41.232992,,False,
1504000.0490,1504000,1504000.0490,"NHC - 1639 Dovedale Road, Woodstock, Mot","NHC - 1639 Dovedale Road, Woodstock, Motueka, Tasman",FMG Insurance Limited,2025-07-09,NE,John Westerson,172.853629,-41.278021,,False,
1504000.0491,1504000,1504000.0491,"NHC - 110 Bryant Road, Brightwater","NHC - 110 Bryant Road, Brightwater, Tasman",FMG Insurance Limited,2025-07-09,NE,John Westerson,173.107011,-41.361371,,False,
1504000.0492,1504000,1504000.0492,"NHC - 442 Church Valley Road, Wakefield","NHC - 442 Church Valley Road, Wakefield, Tasman",FMG Insurance Limited,2025-07-09,NE,John Westerson,173.053457,-41.449495,,False,
1504000.0493,1504000,1504000.0493,"NHC - 6 Kawei Road, Ohawe, Hāwera","NHC - 6 Kawei Road, Ohawe, Hāwera, Taranaki, 4671, NZL",FMG Insurance Limited,2025-07-10,WN,Shirley Wang,174.199142,-39.581502,,False,
1504000.0494,1504000,1504000.0494,"NHC - 49 Dehra Doon Road, Riwaka","NHC - 49 Dehra Doon Road, Riwaka, Motueka, Tasman, 7198, NZL",FMG Insurance Limited,2025-07-15,NE,John Westerson,172.978098,-41.071092,,False,
1504000.0495,1504000,1504000.0495,"NHC - 110 Bryant Road, Brightwater, Tas","NHC - 110 Bryant Road, Brightwater, Tasman, 7022, NZL",FMG Insurance Limited,2025-07-16,NE,John Westerson,173.107011,-41.361371,,False,
1504000.0496,1504000,1504000.0496,"NHC - 815 Thorpe-Orinoco Road, Thorpe","NHC - 815 Thorpe-Orinoco Road, Thorpe, Motueka, Tasman, 7096, NZL",FMG Insurance Limited,2025-07-16,NE,John Westerson,172.890105,-41.266421,,False,
1504000.0497,1504000,1504000.0497,NHC - 509 Kaiteriteri-Sandy Bay Road,"NHC - 509 & 511 Kaiteriteri-Sandy Bay Road, Kaiteriteri, Motueka, Tasman",FMG Insurance Limited,2025-07-17,NE,John Westerson,172.997808,-41.019427,,False,
1504000.0498,1504000,1504000.0498,"NHC - 11 Pretty Bridge Valley Road, Belg","NHC - 11 Pretty Bridge Valley Road, Belgrove, Wakefield, Tasman, 7095, NZL",FMG Insurance Limited,2025-07-18,NE,John Westerson,172.958449,-41.44967,,False,
1504000.0499,1504000,1504000.0499,"NHC - 181 Swamp Road, Riwaka, Motueka, T","NHC - 181 Swamp Road, Riwaka, Motueka, Tasman, 7198, NZL",FMG Insurance Limited,2025-07-21,NE,John Westerson,172.979645,-41.073148,,False,
1504000.0500,1504000,1504000.0500,"NHC - 32 Rauhuia Crescent, Parau, Auckla","NHC - 32 Rauhuia Crescent, Parau, Auckla",FMG Insurance Limited,2025-07-21,AK,Stefan Huszak,174.61204,-36.974467,,False,
1504000.0501,1504000,1504000.0501,"NHC - 55 Neudorf Road, Tasman","NHC - 55 Neudorf Road, Upper Moutere, Tasman",FMG Insurance Limited,2025-07-22,NE,John Westerson,173.001515,-41.246932,,False,
1504000.0502,1504000,1504000.0502,"NHC - 47 Dehra Doon Road, Riwaka, Tasman","NHC - 47 Dehra Doon Road, Riwaka, Motueka, Tasman",FMG Insurance Limited,2025-07-22,NE,John Westerson,172.978762,-41.070779,,False,
1504000.0503,1504000,1504000.0503,"NHC - 1867 Tumbledown Bay Road, Picton","NHC - 1867 Tumbledown Bay Road, Port Underwood, Picton, Marlborough",FMG Insurance Limited,2025-07-24,NE,John Westerson,174.170102,-41.319662,,False,
1504000.0504,1504000,1504000.0504,"NHC - 20 Whārua Tiro Place, Motueka, Tas","NHC - 20 Whārua Tiro Place, Motueka, Tasman",FMG Insurance Limited,2025-07-24,NE,John Westerson,172.952459,-41.141986,,False,
1504000.0505,1504000,1504000.0505,NHC - 1725 Collingwood-Puponga Main Road,"NHC - 1725 Collingwood-Puponga Main Road, Pākawau, Collingwood, Tasman",FMG Insurance Limited,2025-07-28,NE,John Westerson,172.708445,-40.549852,,False,
1504000.0506,1504000,1504000.0506,"NHC - 78B Little Sydney Road, Brooklyn","NHC - 78B Little Sydney Road, Brooklyn, Motueka, Tasman",FMG Insurance Limited,2025-07-29,NE,John Westerson,172.972459,-41.081647,,False,
1504000.0507,1504000,1504000.0507,"NHC - 133 Reeves Road, Waiotahe, Ōpōtiki","NHC - 133 Reeves Road, Waiotahe, Ōpōtiki, Bay of Plenty, 3198, NZL",FMG Insurance Limited,2025-08-04,TG,Zhi Chye,177.157276,-38.012615,,False,
1504000.0508,1504000,1504000.0508,"NHC - 8 Pohutukawa Drive, Waiotahe, Ōpōt","NHC - 8 Pohutukawa Drive, Waiotahe, Ōpōtiki, Bay of Plenty, 3198, NZL",FMG Insurance Limited,2025-08-04,TG,Zhi Chye,177.219714,-37.993738,,False,
1504000.0509,1504000,1504000.0509,"NHC - 133 Motueka Valley Highway, Motuek","NHC - 133 Motueka Valley Highway, Motueka, Tasman",FMG Insurance Limited,2025-08-07,NE,John Westerson,172.955488,-41.131558,,False,
1504000.0510,1504000,1504000.0510,NHC - 958 Motueka River West Bank Road,"NHC - 958 Motueka River West Bank Road, Motueka Valley, Motueka, Tasman",FMG Insurance Limited,2025-08-07,NE,John Westerson,172.915963,-41.161117,,False,
1504000.0511,1504000,1504000.0511,"NHC - 248 Holdaway Road, Lower Moutere","NHC - 248 Holdaway Road, Lower Moutere, Tasman",FMG Insurance Limited,2025-08-08,NE,John Westerson,172.963824,-41.18393,,False,
1504000.0512,1504000,1504000.0512,"NHC - 18 Bonithon Avenue, Moturoa, NPL","NHC - 18 Bonithon Avenue, Moturoa, New Plymouth, Taranaki, 4310, NZL",FMG Insurance Limited,2025-08-20,WN,Shirley Wang,174.054401,-39.062293,,False,
1504000.0513,1504000,1504000.0513,"NHC - Double Cove, Marlborough Sounds","NHC - Double Cove, Marlborough Sounds, Marlborough",FMG Insurance Limited,2025-08-21,NE,John Westerson,174.024337,-41.239706,,False,
1504000.0514,1504000,1504000.0514,"NHC - 108 Huatoki Street, New Plymouth","NHC - 108 Huatoki Street, Frankleigh Park, New Plymouth, Taranaki, 4310, NZL",FMG Insurance Limited,2025-08-22,WN,Shirley Wang,174.07339,-39.07897,,False,
1504000.0515,1504000,1504000.0515,"NHC - 5 Lewer Road, Whangaroa, Kaeo","NHC - 5 Lewer Road, Whangaroa, Kaeo, Northland",FMG Insurance Limited,2025-08-27,AK,Stefan Huszak,173.740634,-35.053973,,False,
1504000.0516,1504000,1504000.0516,"NHC - 79A Russell Street, Stepneyville,","NHC - 79A Russell Street, Stepneyville, Nelson, 7010, NZL",FMG Insurance Limited,2025-09-01,NE,John Westerson,173.270389,-41.2701,,False,
1504000.0517,1504000,1504000.0517,"NHC - 178 Beer Road, Tauwhare, Hamilton,","NHC - 178 Beer Road, Tauwhare, Hamilton, Waikato, 3493, NZL",FMG Insurance Limited,2025-09-05,TG,Zhi Chye,175.467503963,-37.82113173099998,,False,
1504000.0518,1504000,1504000.0518,"NHC - 1779 Dovedale Road, Woodstock","NHC - 1779 Dovedale Road, Woodstock",FMG Insurance Limited,2025-09-16,NE,John Westerson,172.840278,-41.272171,,False,
1504000.0519,1504000,1504000.0519,"NHC - 287 Whariti Road, Woodville","NHC - 287 Whariti Road, Woodville, Manawatu-Whanganui, 4999, NZL",FMG Insurance Limited,2025-09-23,WN,Shirley Wang,175.85871,-40.286564,,False,
1504000.0520,1504000,1504000.0520,"NHC - 36 & 36A Norwich Street, Wadestown","NHC - 36 & 36A Norwich Street, Wadestown, Wellington, 6012, NZL",AA Insurance Limited,2025-09-25,WN,Shirley Wang,174.764456,-41.265038,Wellington City,True,
1504000.0521,1504000,1504000.0521,"NHC - 158 Taratara Road, Kaeo, Northland","NHC - 158 Taratara Road, Kaeo, Northland",FMG Insurance Limited,2025-10-22,AK,Stefan Huszak,173.647225,-35.055048,,False,
1504000.0522,1504000,1504000.0522,"NHC - 24 Moonlight Track, Arthurs Point","NHC - 24 Moonlight Track, Arthurs Point, Queenstown, Otago",FMG Insurance Limited,2025-11-03,HM,Hannah Udell,168.667902,-44.988832,,False,
1504000.0523,1504000,1504000.0523,"NHC - 76 Eighteenth Avenue, Tauranga Sou","NHC - 76 Eighteenth Avenue, Tauranga South, Tauranga, Bay of Plenty, 3112, NZL",FMG Insurance Limited,2025-12-02,TG,Zhi Chye,176.152657,-37.710201,,False,
1504000.0524,1504000,1504000.0524,"NHC - 848 Dovedale Road, Dovedale","NHC - 848 Dovedale Road, Dovedale, Wakefield, Tasman",FMG Insurance Limited,2025-12-02,NE,John Westerson,172.915836,-41.315698,,False,
1504000.0525,1504000,1504000.0525,"NHC - 11 Ascot Street, Thorndon, WLG","NHC - 11 Ascot Street, Thorndon, Wellington, 6011, NZL",FMG Insurance Limited,2025-12-03,WN,Shirley Wang,174.770984,-41.278824,Wellington City,True,
1504000.0526,1504000,1504000.0526,"NHC - 74 Colville Road, Dargaville","NHC - 74 Colville Road, Dargaville, Northland",FMG Insurance Limited,2026-01-15,AK,Stefan Huszak,173.857741,-35.953691,,False,
1504000.0527,1504000,1504000.0527,"NHC - 1481T State Highway 1, Mangamaunu","NHC - 1481T State Highway 1, Mangamaunu, Kaikōura, Canterbury",FMG Insurance Limited,2026-01-20,WN,Shirley Wang,173.740167,-42.293317,,False,
1504000.0528,1504000,1504000.0528,"NHC - 76 Eighteenth Avenue, Tauranga Sou","NHC - 76 Eighteenth Avenue, Tauranga South, Tauranga, Bay of Plenty, 3112, NZL",FMG Insurance Limited,2026-01-23,TG,Zhi Chye,176.152657,-37.710201,,False,
1504000.0529,1504000,1504000.0529,"NHC - 1698 Russell Road, Helena Bay","NHC - 1698 Russell Road, Helena Bay, Hikurangi, Northland",FMG Insurance Limited,2026-01-30,AK,Stefan Huszak,174.342201,-35.443354,,False,
1504000.0530,1504000,1504000.0530,"NHC - 1170 Rawhiti Road, Rawhiti","NHC - 1170 Rawhiti Road, Rawhiti, Russell, Northland",FMG Insurance Limited,2026-01-30,AK,Stefan Huszak,174.292833,-35.28241,,False,
1504000.0531,1504000,1504000.0531,"NHC - 1385 Tairua Whitianga Road, Whenua","NHC - 1385 Tairua Whitianga Road, Whenuakite, Whitianga, Waikato, 3591, NZL",FMG Insurance Limited,2026-02-03,TG,Hannah Udell,175.745006,-36.909713,,False,
1504000.0532,1504000,1504000.0532,"NHC - 191 Sailors Grave Road, Pumpkin Hi","NHC - 191 Sailors Grave Road, Pumpkin Hill, Whitianga, Waikato, 3591, NZL",FMG Insurance Limited,2026-02-03,TG,Hannah Udell,175.842471,-36.964026,,False,
1504000.0533,1504000,1504000.0533,"NHC - 1 Patricia Place, Hahei, Whitianga","NHC - 1 Patricia Place, Hahei, Whitianga, Waikato, 3591, NZL",FMG Insurance Limited,2026-02-03,TG,Hannah Udell,175.79863,-36.839861,,False,
1504000.0534,1504000,1504000.0534,"NHC - 704 Purangi Road, Cooks Beach","NHC - 704 Purangi Road, Cooks Beach, Whitianga, Waikato",FMG Insurance Limited,2026-02-03,TG,Zhi Chye,175.755116,-36.846125,,False,
1504000.0535,1504000,1504000.0535,"NHC - 872 Weranui Road, Wainui, Auckland","NHC - 872 Weranui Road, Wainui, Auckland",FMG Insurance Limited,2026-02-03,AK,Stefan Huszak,174.64479,-36.569364,,False,
1504000.0536,1504000,1504000.0536,"NHC - 468 Manawaora Road, Parekura Bay","NHC - 468 Manawaora Road, Parekura Bay, Northland",FMG Insurance Limited,2026-02-03,AK,Stefan Huszak,174.241056,-35.258076,,False,
1504000.0537,1504000,1504000.0537,"NHC - 1414 West Coast Road, Kaipara Flat","NHC - 1414 West Coast Road, Kaipara Flats, Warkworth, Auckland",FMG Insurance Limited,2026-02-04,AK,Stefan Huszak,174.561655,-36.45456,,False,
1504000.0538,1504000,1504000.0538,"NHC - 260 Sailors Grave Road, Pumpkin Hi","NHC - 260 Sailors Grave Road, Pumpkin Hill, Whitianga, Waikato, 3591, NZL",FMG Insurance Limited,2026-02-12,TG,Zhi Chye,175.842149,-36.95901,,False,
1504000.0539,1504000,1504000.0539,"NHC - 435B Cambridge Road, Tauriko, Taur","NHC - 435B Cambridge Road, Tauriko, Tauranga, Bay of Plenty, 3110, NZL",FMG Insurance Limited,2026-02-13,TG,Zhi Chye,176.109435,-37.726377,,False,
1504000.0540,1504000,1504000.0540,"NHC - 101 Rapata Road, Ōakura, Hikurangi","NHC - 101 Rapata Road, Ōakura, Hikurangi, Northland, 0184, NZL",FMG Insurance Limited,2026-02-13,AK,Stefan Huszak,174.350309,-35.394192,,False,
1504000.0541,1504000,1504000.0541,"NHC - 694 Kuaotunu Wharekaho Road, Kūaot","NHC - 694 Kuaotunu Wharekaho Road, Kūaotunu, Whitianga, Waikato, 3592, NZL",FMG Insurance Limited,2026-02-16,TG,Zhi Chye,175.72672,-36.757897,,False,
1504000.0542,1504000,1504000.0542,"NHC - 441 Woodland Road, Tahawai, Bay of","NHC - 441 Woodland Road, Tahawai, Bay of Plenty, 3170, NZL",FMG Insurance Limited,2026-02-16,TG,Zhi Chye,175.885615,-37.505543,,False,
1504000.0543,1504000,1504000.0543,"NHC - 335 Lindemann Road, Tahawai, Bay o","NHC - 335 Lindemann Road, Tahawai, Bay of Plenty, 3170, NZL",FMG Insurance Limited,2026-02-16,TG,Zhi Chye,175.874837,-37.545041,,False,
1504000.0544,1504000,1504000.0544,"NHC - 1 Arawa Avenue, Maketu, Bay of Ple","NHC - 1 Arawa Avenue, Maketu, Bay of Plenty, 3189, NZL",FMG Insurance Limited,2026-02-17,TG,Zhi Chye,176.465207,-37.752715,,False,
1504000.0545,1504000,1504000.0545,"NHC - 504A Te Tahi Road, Puketotara, Pir","NHC - 504A Te Tahi Road, Puketotara, Pirongia, Waikato, 3876, NZL",FMG Insurance Limited,2026-02-23,TG,Zhi Chye,175.129054,-38.032497,,False,
1504000.0546,1504000,1504000.0546,"NHC - 221 Waitao Road, Waitao, Bay of Pl","NHC - 221 Waitao Road, Waitao, Bay of Plenty, 3175, NZL",FMG Insurance Limited,2026-02-25,TG,Zhi Chye,176.234195,-37.738252,,False,
1504000.0547,1504000,1504000.0547,"NHC - 85 Gradara Avenue, Ōtorohanga, Wai","NHC - 85 Gradara Avenue, Ōtorohanga, Waikato, 3900, NZL",FMG Insurance Limited,2026-02-25,TG,Zhi Chye,175.214019,-38.176669,,False,
1504000.0548,1504000,1504000.0548,"NHC - 56 Ocean Beach Road, Tairua, Waik","NHC - 56 Ocean Beach Road, Tairua, Waikato, 3508, NZL",IAG New Zealand Limited,2026-02-26,TG,Zhi Chye,175.852248,-36.989472,,False,
1504000.0549,1504000,1504000.0549,"NHC - 29 Long View Crescent, Ōtorohanga,","NHC - 29 Long View Crescent, Ōtorohanga, Waikato, 3900, NZL",FMG Insurance Limited,2026-02-26,TG,Zhi Chye,175.208234,-38.175693,,False,
1504000.0550,1504000,1504000.0550,"NHC - 22 Sargent Drive, Whakamārama, Bay","NHC - 22 Sargent Drive, Whakamārama, Bay of Plenty, 3181, NZL",FMG Insurance Limited,2026-03-02,TG,Zhi Chye,175.962988,-37.634884,,False,
1504000.0600,1504000,1504000.0600,"NHC - 4814 State Highway 35, Te Araroa","NHC - 4814 State Highway 35, Te Araroa, Gisborne, 4087, NZL",FMG Insurance Limited,2026-03-09,AK,Stefan Huszak,178.314022,-37.605835,,False,
1504000.0551,1504000,1504000.0551,"NHC - 46 Glendale Road, Woodhill","NHC - 46 Glendale Road, Woodhill, Whangārei, Northland",FMG Insurance Limited,2026-03-13,AK,Stefan Huszak,174.304159,-35.728798,,False,
1504000.0552,1504000,1504000.0552,"NHC - 20 Makahuri Place, Hicks Bay, Gis","NHC - 20 Makahuri Place, Hicks Bay, Gisborne",FMG Insurance Limited,2026-03-16,AK,Stefan Huszak,178.297845,-37.594461,,False,
1504000.0553,1504000,1504000.0553,"NHC - 396 Marine Drive, Charteris Bay","NHC - 396 Marine Drive, Charteris Bay, Governors Bay, Canterbury, 8971, NZL",FMG Insurance Limited,2026-04-07,WN,Shirley Wang,172.712731,-43.643002,,False,
1504000.0554,1504000,1504000.0554,"NHC - 38 Reynolds Valley Road, Okuti Val","NHC - 38 Reynolds Valley Road, Okuti Valley, Little River, Canterbury, 7591, NZL",FMG Insurance Limited,2026-04-07,WN,Shirley Wang,172.827114,-43.792342,,False,
1504000.0555,1504000,1504000.0555,"NHC - 806 No 1 Road, Te Puke, BOP","NHC - 806 No 1 Road, Te Puke, Bay of Plenty, 3182, NZL",FMG Insurance Limited,2026-04-07,TG,Zhi Chye,176.295274,-37.850806,,False,
1504000.0556,1504000,1504000.0556,"NHC - 24 Springwater Lane, Pyes Pa","NHC - 24 Springwater Lane, Pyes Pa, Tauranga, Bay of Plenty, 3112, NZL",FMG Insurance Limited,2026-04-07,TG,Zhi Chye,176.110693,-37.736566,,False,
1504000.0557,1504000,1504000.0557,"NHC - 88 Crene Road, Kaitaia, Northland","NHC - 88 Crene Road, Kaitaia, Northland",FMG Insurance Limited,2026-04-08,AK,Stefan Huszak,173.346095,-35.175764,,False,
1504000.0558,1504000,1504000.0558,"NHC  - 591 Mangatoetoe Road, Kaitaia","NHC  - 591 Mangatoetoe Road, Kaitaia, Northland",FMG Insurance Limited,2026-04-21,AK,Stefan Huszak,173.423778,-35.133763,,False,
1504000.0601,1504000,1504000.0601,"NHC - 143 Armstrong Road, Whakamārama, B","NHC - 143 Armstrong Road, Whakamārama, Bay of Plenty, 3174, NZL",FMG Insurance Limited,2026-04-22,TG,Zhi Chye,176.05741,-37.692213,,False,
1504000.0559,1504000,1504000.0559,"NHC - 662 Wilson Road North, Maketu, BoP","NHC - 662 Wilson Road North, Maketu, Bay of Plenty",FMG Insurance Limited,2026-04-23,TG,Zhi Chye,176.453499,-37.760055,,False,
1504000.0602,1504000,1504000.0602,"NHC - 60 Butler Road, Poroporo, Whakatān","NHC - 60 Butler Road, Poroporo, Whakatāne, Bay of Plenty, 3192, NZL",FMG Insurance Limited,2026-04-23,TG,Zhi Chye,176.948714,-38.005714,,False,
1504000.0603,1504000,1504000.0603,"NHC - 54 Ohawini Road, Ōakura, Hikurangi","NHC - 54 Ohawini Road, Ōakura, Hikurangi, Northland",FMG Insurance Limited,2026-04-28,AK,Stefan Huszak,174.345335,-35.380268,,False,
1504000.0604,1504000,1504000.0604,"NHC - 409 Hokoroa Road, Tauwharepārae","NHC - 409 Hokoroa Road, Tauwharepārae, Tolaga Bay, Gisborne",FMG Insurance Limited,2026-04-28,AK,Stefan Huszak,178.086694,-38.317196,,False,
1504000.0605,1504000,1504000.0605,NHC - 260 Sailors Grave Road Claim 2,"NHC - 260 Sailors Grave Road, Pumpkin Hill, Whitianga, Waikato - Claim 2",FMG Insurance Limited,2026-04-29,AK,Zhi Chye,175.842149,-36.95901,,False,
1504000.0606,1504000,1504000.0606,"NHC - 54A Anderson Lane, Whakamārama, Ba","NHC - 54A Anderson Lane, Whakamārama, Bay of Plenty, 3172, NZL - Event 1",FMG Insurance Limited,2026-05-07,TG,Zhi Chye,176.02779,-37.668455,,False,
1504000.0607,1504000,1504000.0607,"NHC - 54A Anderson Lane, Whakamārama, Ba","NHC - 54A Anderson Lane, Whakamārama, Bay of Plenty, 3172, NZL - Event 2",FMG Insurance Limited,2026-05-07,TG,Zhi Chye,176.02779,-37.668455,,False,
1504000.0608,1504000,1504000.0608,"NHC - 13 Ellis Road, Benneydale, Te Kūit","NHC - 13 Ellis Road, Benneydale, Te Kūiti, Waikato, 3987, NZL",FMG Insurance Limited,2026-05-21,TG,Zhi Chye,175.361134,-38.520455,,False,
1504000.0609,1504000,1504000.0609,"NHC - 895 Wairamarama Onewhero Road, One","NHC - 895 Wairamarama Onewhero Road, Onewhero, Waikato, 2697, NZL",FMG Insurance Limited,2026-05-26,TG,Zhi Chye,174.911218,-37.403929,,False,
1504000.0610,1504000,1504000.0610,"NHC - 30 Akitio Esplanade, Ākitio","NHC - 30 Akitio Esplanade, Ākitio, Pongaroa, Manawatu-Whanganui, 4991, NZL",FMG Insurance Limited,2026-06-16,WN,Shirley Wang,176.414401,-40.618469,,False,
1504000.0611,1504000,1504000.0611,"NHC - 111 Eden Street, Island Bay, WLG","NHC - 111 Eden Street, Island Bay, Wellington, 6023, NZL",FMG Insurance Limited,2026-06-19,WN,Shirley Wang,174.770913,-41.333784,Wellington City,True,
1504000.0612,1504000,1504000.0612,"NHC - 260 Southernthread Road, Brooklyn","NHC - 260 Southernthread Road, Brooklyn, Wellington, 6021, NZL",FMG Insurance Limited,2026-06-23,WN,Shirley Wang,174.718963,-41.322782,Wellington City,True,
1504000.0613,1504000,1504000.0613,"NHC - 191 Sailors Grave Road, Pumpkin Hi","NHC - 191 Sailors Grave Road, Pumpkin Hill, Whitianga, Waikato, 3591, NZL",FMG Insurance Limited,2026-07-02,TG,Zhi Chye,175.842471,-36.964026,,False,
1504000.0560,1504000,1504000.0560,"NHC - 163 Lindens Road, Mount Pleasant","NHC - 163 Lindens Road, Mount Pleasant, Marlborough, 7273, NZL",FMG Insurance Limited,2026-07-14,NE,John Westerson,173.963291,-41.316677,,False,
1504000.9998,1504000,1504000.9998,NHC - Dummy Project (error),NHC - Dummy project - error,FMG Insurance Limited,2026-07-14,NE,John Westerson,171.97280446600007,-43.42070590999998,,False,
1504000.0614,1504000,1504000.0614,"NHC - 3/14 Vancouver Drive, Queenstown,","NHC - 3/14 Vancouver Drive, Queenstown, Otago, 9300, NZL",FMG Insurance Limited,2026-07-29,WN,Shirley Wang,168.674324,-45.029798,,False,
1504000.0615,1504000,1504000.0615,"NHC - 324 Hikumutu Road, Hikumutu, MWT","NHC - 324 Hikumutu Road, Hikumutu, Taumarunui, Manawatu-Whanganui, 3992, NZL",FMG Insurance Limited,2026-08-10,WN,Shirley Wang,175.250087,-38.91166,,False,
1504000.0616,1504000,1504000.0616,"NHC - 292B Hikumutu Road, Hikumutu, MWT","NHC - 292B Hikumutu Road, Hikumutu, Taumarunui, Manawatu-Whanganui, 3992, NZL",FMG Insurance Limited,2026-08-12,WN,Shirley Wang,175.247127,-38.915413,,False,
1504000.0617,1504000,1504000.0617,"NHC - 420 Wakapuaka Road, Wakapuaka, Nel","NHC - 420 Wakapuaka Road, Wakapuaka, Nelson, 7071, NZL",FMG Insurance Limited,2026-08-12,NE,John Westerson,173.35976,-41.2082,,False,
1504000.0618,1504000,1504000.0618,"NHC - 141 Reservoir Road, Oamaru North,","NHC - 141 Reservoir Road, Oamaru North, Oamaru, Otago, 9400, NZL",FMG Insurance Limited,2026-08-17,WN,Shirley Wang,170.970924,-45.073055,,False,
1504000.0619,1504000,1504000.0619,NHC - 725 East Taieri-Allanton Road,"NHC - 725 East Taieri-Allanton Road, Allanton, Mosgiel, Otago, 9092, NZL",FMG Insurance Limited,2026-08-18,WN,Shirley Wang,170.264028,-45.918875,,False,
1504000.0620,1504000,1504000.0620,"NHC - 14 Sir George Back Street, Opua","NHC - 14 Sir George Back Street, Opua, Northland, 0200, NZL",FMG Insurance Limited,2026-09-02,AK,Stefan Huszak,174.115885,-35.312355,,False,
1504000.0621,1504000,1504000.0621,"NHC - 292A Hikumutu Road, Hikumutu, MWT","NHC - 292A Hikumutu Road, Hikumutu, Taumarunui, Manawatu-Whanganui, 3992, NZL",FMG Insurance Limited,2026-09-02,WN,Shirley Wang,175.244295,-38.911389,,False,
1504000.0622,1504000,1504000.0622,"NHC - 114 Arthur Street, Dunedin Central","NHC - 114 Arthur Street, Dunedin Central, Dunedin, Otago, 9016, NZL",FMG Insurance Limited,2026-09-07,WN,Shirley Wang,170.492016,-45.877573,,False,
1504000.0623,1504000,1504000.0623,"NHC - 248 Littles Road, Coronet Peak","NHC - 248 Littles Road, Coronet Peak, Otago, 9371, NZL",FMG Insurance Limited,2026-09-08,WN,Shirley Wang,168.715024,-44.982832,,False,
1504000.0624,1504000,1504000.0624,"NHC - 81 Pongahuru Road, Taumarunui, MWT","NHC - 81 Pongahuru Road, Taumarunui, Manawatu-Whanganui, 3991, NZL",FMG Insurance Limited,2026-09-09,WN,Shirley Wang,175.236365,-38.885542,,False,
1504000.0625,1504000,1504000.0625,"NHC - 83 Golf Road, Taumarunui, Manawatu","NHC - 83 Golf Road, Taumarunui, Manawatu-Whanganui, 3920, NZL",FMG Insurance Limited,2026-09-09,WN,Shirley Wang,175.255398,-38.874522,,False,
1504000.0626,1504000,1504000.0626,"NHC - 2 River Terrace, East Gore, Gore,","NHC - 2 River Terrace, East Gore, Gore, Southland, 9710, NZL",FMG Insurance Limited,2026-09-17,WN,Shirley Wang,171.97280446600007,-43.42070590999998,,False,
1504000.0000,1504000,1504000.0000,FMG Insurance Claims,FMG Insurance Claims,FMG Insurance Limited,2026-10-01,AK,James Russell,171.97280446600007,-43.42070590999998,,False,
