project_number_full,programme,subproject,project_name,project_long_name,client,start_date,owning_office,project_manager,lon,lat,ta_name,in_study_area,name_event_hint
1502000.0001R,1502000,1502000.0001,"EQC - 44 Cecil Rd, Wadestown","EQC - 44 Cecil Rd, Wadestown",IAG New Zealand Limited,2021-07-19,WN,Shirley Wang,174.772132,-41.263298,Wellington City,True,
1502000.0002R,1502000,1502000.0002,"EQC- 26 Blackbridge Rd, Wadestown","EQC - 26 Blackbridge Rd, Wadestown",IAG New Zealand Limited,2021-07-19,WN,Shirley Wang,174.76538,-41.261615,Wellington City,True,
1502000.0003R,1502000,1502000.0003,"EQC - 11 Willowbank Road, Tawa,","EQC - 11 Willowbank Road, Tawa, Wellington",IAG New Zealand Limited,2021-07-23,WN,Shirley Wang,174.82848,-41.187701,Wellington City,True,
1502000.0004R,1502000,1502000.0004,"EQC - 44 Rona Street, Eastbourne","EQC - 44 Rona Street, Eastbourne",IAG New Zealand Limited,2021-07-23,WN,Shirley Wang,174.905295,-41.289376,Lower Hutt City,True,
1502000.0005R,1502000,1502000.0005,"EQC - 8 Caesars Place, Churton Park, Wel","EQC - 8 Caesars Place, Churton Park, Wellington, 6037, NZL",IAG New Zealand Limited,2021-07-26,WN,Shirley Wang,174.811131,-41.20853,Wellington City,True,
1502000.0006R,1502000,1502000.0006,"EQC - 70 Sar St, Pipitea, Wellington","EQC - 70 Sar St, Pipitea, Wellington",IAG New Zealand Limited,2021-07-27,WN,Shirley Wang,174.783822,-41.262477,Wellington City,True,
1502000.0007R,1502000,1502000.0007,"EQC - 54 Amapur Drive, Khandallah, Welli","EQC - 54 Amapur Drive, Khandallah, Wellington",IAG New Zealand Limited,2021-07-27,WN,Shirley Wang,174.782243,-41.244117,Wellington City,True,
1502000.0008R,1502000,1502000.0008,"EQC - 64 Old Porirua Road, Ngaio","EQC - 64 Old Porirua Road, Ngaio",IAG New Zealand Limited,2021-07-28,WN,Shirley Wang,174.781375,-41.256915,Wellington City,True,
1502000.0009R,1502000,1502000.0009,"EQC - 40 Rangiora Avenue, Kaiwharawhara,","EQC - 40 Rangiora Avenue, Kaiwharawhara, Wellington, 6035, NZL",IAG New Zealand Limited,2021-07-28,WN,Shirley Wang,174.796775,-41.253267,Wellington City,True,
1502000.0011R,1502000,1502000.0011,"EQC - 17 Gray Avenue, Paraparaumu Beach,","EQC - 17 Gray Avenue, Paraparaumu Beach, Paraparaumu, Wellington",IAG New Zealand Limited,2021-07-29,WN,Shirley Wang,174.991816,-40.893301,,False,
1502000.0012R,1502000,1502000.0012,"EQC - 7 John Sims Drive, Broadmeadows","EQC - 7 John Sims Drive, Broadmeadows, Wellington",IAG New Zealand Limited,2021-07-29,AK,Jen Smith,174.797193,-41.235509,Wellington City,True,
1502000.0015R,1502000,1502000.0015,"EQC - 100 Ironside Road, Johnsonville, W","EQC - 100 Ironside Road, Johnsonville, Wellington",IAG New Zealand Limited,2021-07-29,AK,Jen Smith,174.799904,-41.219024,Wellington City,True,
1502000.0013R,1502000,1502000.0013,"EQC -  154 Hataitai Road, Hataitai, Well","EQC -  154 Hataitai Road, Hataitai, Wellington",IAG New Zealand Limited,2021-07-30,AK,Jen Smith,174.794517,-41.303537,Wellington City,True,
1502000.0014R,1502000,1502000.0014,"EQC - 70 Erlestoke Crescent, Churton Par","EQC - 70 Erlestoke Crescent, Churton Park, Wellington",IAG New Zealand Limited,2021-07-30,AK,Jen Smith,174.798853,-41.203247,Wellington City,True,
1502000.0016R,1502000,1502000.0016,"EQC - 10 Chella Way, Khandallah, Welling","EQC - 10 Chella Way, Khandallah, Wellington",AA Insurance Limited,2021-07-30,AK,Jen Smith,174.797568,-41.24301,Wellington City,True,
1502000.0017R,1502000,1502000.0017,"EQC - 510 Evans Bay Parade, Hataitai, We","EQC - 510 Evans Bay Parade, Hataitai, Wellington",IAG New Zealand Limited,2021-07-30,AK,Jen Smith,174.796001,-41.311184,Wellington City,True,
1502000.0018R,1502000,1502000.0018,"EQC - 21 Ladbrooke Drive, Newlands, Well","EQC - 21 Ladbrooke Drive, Newlands, Wellington",Tower Insurance Limited,2021-08-02,WN,Shirley Wang,174.833535,-41.221037,Wellington City,True,
1502000.0019R,1502000,1502000.0019,"EQC - 429 Ohariu Valley Road, Ohariu, We","EQC - 429 Ohariu Valley Road, Ohariu, Wellington, 6037, NZL",IAG New Zealand Limited,2021-08-02,WN,Shirley Wang,174.777821,-41.212173,Wellington City,True,
1502000.0020R,1502000,1502000.0020,"EQC - 12 Maywood Grove, Churton Park, We","EQC - 12 Maywood Grove, Churton Park, Wellington",IAG New Zealand Limited,2021-08-02,AK,Jen Smith,174.808347,-41.20552,Wellington City,True,
1502000.0021R,1502000,1502000.0021,"EQC - 43B Lyndfield Lane, Newlands, Well","EQC - 43B Lyndfield Lane, Newlands, Wellington",IAG New Zealand Limited,2021-08-02,AK,Jen Smith,174.820059,-41.233732,Wellington City,True,
1502000.0022R,1502000,1502000.0022,"EQC - 332 Marine Drive, York Bay, Lower ","EQC - 332 Marine Drive, York Bay, Lower Hutt, Wellington",IAG New Zealand Limited,2021-08-02,WN,Shirley Wang,174.908995,-41.266029,Lower Hutt City,True,
1502000.0023R,1502000,1502000.0023,"EQC - 73 Delhi Crescent, Khandallah, Wel","EQC - 73 Delhi Crescent, Khandallah, Wellington",IAG New Zealand Limited,2021-08-02,AK,Jen Smith,174.795231,-41.241764,Wellington City,True,
1502000.0024R,1502000,1502000.0024,"EQC - 27 Awarua Street, Ngaio, Wellingto","EQC - 27 Awarua Street, Ngaio, Wellington",IAG New Zealand Limited,2021-08-02,AK,Jen Smith,174.772733,-41.246085,Wellington City,True,
1502000.0025R,1502000,1502000.0025,"EQC - 64 Helston Road, Paparangi, Wellin","EQC - 64 Helston Road, Paparangi, Wellington",IAG New Zealand Limited,2021-08-02,AK,Jen Smith,174.812809,-41.219685,Wellington City,True,
1502000.0026R,1502000,1502000.0026,"EQC - 5770 State Highway 6, Fox River, W","EQC - 5770 State Highway 6, Fox River, West Coast",IAG New Zealand Limited,2021-08-03,CH,Scott Forster,171.39716,-42.011364,,False,
1502000.0029R,1502000,1502000.0029,"EQC - 36 Pukenui Road, Havelock","EQC - 36 Pukenui Road, Havelock",IAG New Zealand Limited,2021-08-04,AK,Jen Smith,173.801818,-41.282793,,False,
1502000.0030,1502000,1502000.0030,"EQC - 74 Moenui Road, Havelock, Marlboro","EQC - 74 Moenui Road, Havelock, Marlborough",IAG New Zealand Limited,2021-08-04,AK,Jen Smith,173.796453,-41.276864,,False,
1502000.0031R,1502000,1502000.0031,"EQC - 386 Delta Lake Heights, Renwick, M","EQC - 386 Delta Lake Heights, Renwick, Marlborough",IAG New Zealand Limited,2021-08-04,AK,Jen Smith,173.759847,-41.540127,,False,
1502000.0032R,1502000,1502000.0032,"EQC - 4219 State Highway 6, Havelock, Ma","EQC - 4219 State Highway 6, Havelock, Marlborough",IAG New Zealand Limited,2021-08-04,AK,Jen Smith,173.751577,-41.274056,,False,
1502000.0033,1502000,1502000.0033,"EQC - 215 Anakiwa Road, Anakiwa, Linkwat","EQC - 215 Anakiwa Road, Anakiwa, Linkwater, Marlborough",IAG New Zealand Limited,2021-08-04,AK,Jen Smith,173.904525,-41.277412,,False,
1502000.0038R,1502000,1502000.0038,EQC - JettyQ05576 Lot 3 DP2689 Endeavour,"EQC - Jetty Q05576, Lot 3 DP2689 Endeavour Inlet, Marlborough Sounds",IAG New Zealand Limited,2021-08-04,AK,Jen Smith,174.186126,-41.099623,,False,
1502000.9997,1502000,1502000.9997,"EQC - 215 Anakiwa Road, Anakiwa, Linkwat","EQC - 215 Anakiwa Road, Anakiwa, Linkwater, Marlborough",IAG New Zealand Limited,2021-08-04,AK,Jen Smith,174.77206485800002,-41.26331340599995,Wellington City,True,
1502000.0010R,1502000,1502000.0010,"EQC - 133 Wadestown Road, Wellington","EQC - 133 Wadestown Road, Wellington",AA Insurance Limited,2021-08-05,WN,Jen Smith,174.771283,-41.261612,Wellington City,True,
1502000.0027R,1502000,1502000.0027,"EQC - 194 Oriental Parade, Wellington","EQC - 194 Oriental Parade, Wellington",IAG New Zealand Limited,2021-08-05,WN,Shirley Wang,174.79205,-41.291306,Wellington City,True,
1502000.0035,1502000,1502000.0035,"EQC - 11 Nathan Street, Tawa, Wellington","EQC - 11 Nathan Street, Tawa, Wellington, 5028",IAG New Zealand Limited,2021-08-06,AK,Shirley Wang,174.828651,-41.160691,Wellington City,True,
1502000.0036,1502000,1502000.0036,"EQC - 91 Gordon Street, Dannevirke","EQC - 91 Gordon Street, Dannevirke, Manawatu-Whanganui, 4930",IAG New Zealand Limited,2021-08-06,AK,Jen Smith,176.102955,-40.215506,,False,
1502000.0037R,1502000,1502000.0037,"EQC - 38 Valley Road, Cashmere","EQC - 38 Valley Road, Cashmere, Christchurch",IAG New Zealand Limited,2021-08-06,CH,Scott Forster,172.626214,-43.572774,,False,
1502000.0039R,1502000,1502000.0039,"EQC - 37 Marlborough Crescent, Richmond","EQC - 37 Marlborough Crescent, Richmond, Nelson",IAG New Zealand Limited,2021-08-06,AK,Jen Smith,173.20142,-41.349747,,False,
1502000.0040,1502000,1502000.0040,"EQC - 83 Duthie St, Karori, Wellington","EQC - 83 Duthie St, Karori, Wellington",IAG New Zealand Limited,2021-08-06,AK,Shirley Wang,174.747504,-41.28997,Wellington City,True,
1502000.0043,1502000,1502000.0043,"EQC - 879 Makara Road, Makara, Wellingto","EQC - 879 Makara Road, Makara, Wellington",IAG New Zealand Limited,2021-08-06,AK,Jen Smith,174.711561,-41.237025,Wellington City,True,
1502000.0042R,1502000,1502000.0042,"EQC - 84 Biggsburn Way, Todds Valley, Ne","EQC - 84 Biggsburn Way, Todds Valley, Nelson",IAG New Zealand Limited,2021-08-07,AK,Marcus Lovell,173.349061,-41.219256,,False,
1502000.0041R,1502000,1502000.0041,"EQC - 46 Waimarama Street, Waikawa, Pict","EQC - 46 Waimarama Street, Waikawa, Picton",Ando Insurance Group Limited,2021-08-09,AK,Jen Smith,174.045633,-41.270108,,False,
1502000.0050R,1502000,1502000.0050,"EQC - 2367 Queen Charlotte Dr, Picton","EQC - 2367 Queen Charlotte Dr, Ngakuta Bay, Picton 7281",IAG New Zealand Limited,2021-08-09,AK,Jen Smith,173.966621,-41.274259,,False,
1502000.0051R,1502000,1502000.0051,"EQC - 2145 Queen Charlotte Dr, Picton","EQC - 2145 Queen Charlotte Dr, Ngakuta Bay, Picton 7281",IAG New Zealand Limited,2021-08-09,AK,Jen Smith,173.953109,-41.268779,,False,
1502000.0044,1502000,1502000.0044,"EQC - 50 Rakau Road, Hataitai","EQC - 50 Rakau Road, Hataitai, Wellington, 6021, NZL",IAG New Zealand Limited,2021-08-10,WN,Shirley Wang,174.797078,-41.299349,Wellington City,True,
1502000.0045,1502000,1502000.0045,"EQC - 306 Moetapu Bay Rd, Linkwater","EQC - 306 Moetapu Bay Rd, Moetapu Bay, Linkwater, Marlborough",Ando Insurance Group Limited,2021-08-10,AK,Jen Smith,173.846521,-41.260349,,False,
1502000.0046,1502000,1502000.0046,"EQC - 288 Moetapu Bay Rd, Linkwater","EQC - 288 Moetapu Bay Rd, Moetapu Bay, Linkwater, Marlborough",IAG New Zealand Limited,2021-08-10,AK,Jen Smith,173.848295,-41.260946,,False,
1502000.0047,1502000,1502000.0047,"EQC - 3 Randolph Road, Crofton Downs","EQC - 3 Randolph Road, Crofton Downs, Wellington",IAG New Zealand Limited,2021-08-11,WN,Shirley Wang,174.764309,-41.25852,Wellington City,True,
1502000.0048R,1502000,1502000.0048,"EQC - 6A Horoeka Avenue, Mount Eden","EQC - 6A Horoeka Avenue, Mount Eden,  Auckland, 1024",IAG New Zealand Limited,2021-08-11,AK,Jen Smith,174.756345,-36.87388,,False,
1502000.0049,1502000,1502000.0049,"EQC - 58 Hawtrey Terrace, Churton Park,","EQC - 58 Hawtrey Terrace, Churton Park, Wellington",IAG New Zealand Limited,2021-08-11,WN,Jen Smith,174.811061,-41.213763,Wellington City,True,
1502000.0052,1502000,1502000.0052,"EQC- 5&5A Oriental Terrace, Oriental Bay","EQC - 5 & 5A Oriental Terrace, Oriental Bay, Wellington",IAG New Zealand Limited,2021-08-12,WN,Shirley Wang,174.791773,-41.291724,Wellington City,True,
1502000.0053,1502000,1502000.0053,"EQC - 3A Clementine Way, Crofton Downs","EQC - 3A Clementine Way, Crofton Downs, Wellington, 6035, NZL",IAG New Zealand Limited,2021-08-12,WN,Shirley Wang,174.764198,-41.258415,Wellington City,True,
1502000.0054,1502000,1502000.0054,"EQC - 31B Bannister Ave, Johnsonville","EQC - 31B Bannister Ave, Johnsonville, Wellington",IAG New Zealand Limited,2021-08-13,WN,Jen Smith,174.799675,-41.227151,Wellington City,True,
1502000.0055,1502000,1502000.0055,"EQC - 43 Beauchamp Street, Tawa","EQC - 43 Beauchamp Street, Tawa, Wellington",IAG New Zealand Limited,2021-08-13,WN,Shirley Wang,174.831055,-41.157856,Wellington City,True,
1502000.0056,1502000,1502000.0056,"EQC - 516 Tararu Road, Thames","EQC - 516 Tararu Road, Thames, Waikato, 3500",IAG New Zealand Limited,2021-08-16,AK,Adam Nally,175.529014,-37.12045,,False,
1502000.0057,1502000,1502000.0057,"EQC - 13 Waikowhai Street, Ngaio","EQC - 13 Waikowhai Street, Ngaio, Wellington, 6035, NZL",IAG New Zealand Limited,2021-08-16,WN,Shirley Wang,174.772681,-41.251241,Wellington City,True,
1502000.0063R,1502000,1502000.0063,"EQC - 2313 Kaiuma Bay Road, Linkwater","EQC - 2313 Kaiuma Bay Road, Kaiuma Bay, Linkwater, Marlborough",IAG New Zealand Limited,2021-08-16,AK,Jen Smith,173.798049,-41.242542,,False,
1502000.0064R,1502000,1502000.0064,"EQC - 526 Moetapu Bay Road, Moetapu Bay","EQC - 526 Moetapu Bay Raod, Moetapu Bay, Linkwater, Marlborough",Ando Insurance Group Limited,2021-08-16,AK,Jen Smith,173.826789,-41.261815,,False,
1502000.0065R,1502000,1502000.0065,"EQC - 2244 Kaiuma Bay Road, Linkwater","EQC - 2244 Kaiuma Bay Road, Kaiuma Bay, Linkwater, Marlborough",IAG New Zealand Limited,2021-08-16,AK,Jen Smith,173.800383,-41.247654,,False,
1502000.0066R,1502000,1502000.0066,"EQC - 187 Milton Street, Nelson","EQC - 187 Milton Street, Nelson",IAG New Zealand Limited,2021-08-16,AK,Marcus Lovell,173.294779,-41.272395,,False,
1502000.0067,1502000,1502000.0067,"EQC - 18 Koura Road, Atawhai, Nelson","EQC - 18 Koura Road, Atawhai, Nelson",IAG New Zealand Limited,2021-08-16,NE,Marcus Lovell,173.327594,-41.247049,,False,
1502000.9998,1502000,1502000.9998,"EQC - 18 Koura Road, Atawhai, Nelson","EQC - 18 Koura Road, Atawhai, Nelson",IAG New Zealand Limited,2021-08-16,NE,Marcus Lovell,174.77206485800002,-41.26331340599995,Wellington City,True,
1502000.0068R,1502000,1502000.0068,"EQC - 105 Dehra Doon Rd, Riwaka, Motueka","EQC - 105 Dehra Doon Road, Riwaka, Motueka 7198",IAG New Zealand Limited,2021-08-17,NE,Marcus Lovell,172.970645,-41.069995,,False,
1502000.0069R,1502000,1502000.0069,"EQC - 42 Stansell Ave, Tahunanui, Nelson","EQC - 42 Stansell Ave, Tahunanui, Nelson",IAG New Zealand Limited,2021-08-17,NE,Marcus Lovell,173.250774,-41.282984,,False,
1502000.0058,1502000,1502000.0058,"EQC - 66 Old Porirua Road, Ngaio","EQC - 66 Old Porirua Road, Ngaio, Wellington, 6035, NZL",IAG New Zealand Limited,2021-08-18,WN,Shirley Wang,174.781212,-41.256819,Wellington City,True,
1502000.0059,1502000,1502000.0059,"EQC - 11 Waikowhai Street, Ngaio","EQC - 11 Waikowhai Street, Ngaio, Wellington, 6035, NZL",IAG New Zealand Limited,2021-08-18,WN,Shirley Wang,174.772455,-41.251205,Wellington City,True,
1502000.0060,1502000,1502000.0060,"EQC - 79 Takarau Gorge Road, Ohariu","EQC - 79 Takarau Gorge Road, Ohariu, Wellington, 6037, NZL",IAG New Zealand Limited,2021-08-18,WN,Shirley Wang,174.768749,-41.213692,Wellington City,True,
1502000.0061,1502000,1502000.0061,"EQC - 32 Mark Avenue, Paparangi","EQC - 32 Mark Avenue, Paparangi, Wellington",IAG New Zealand Limited,2021-08-19,WN,Shirley Wang,174.77206485800002,-41.26331340599995,Wellington City,True,
1502000.0062,1502000,1502000.0062,"EQC - 1B Shalimar Crescent, Khandallah,","EQC - 1B Shalimar Crescent, Khandallah, Wellington",IAG New Zealand Limited,2021-08-19,WN,Shirley Wang,174.804092,-41.249095,Wellington City,True,
1502000.0070R,1502000,1502000.0070,"EQC - 2301 Kenepuru Rd, RD 2, Picton","EQC - 2301 Kenepuru Road, Te Mahia, Marlborough Sounds",IAG New Zealand Limited,2021-08-19,AK,Jen Smith,173.990269,-41.210402,,False,
1502000.0071R,1502000,1502000.0071,"EQC - 734  Moetapu Bay Road, Moetapu Bay","EQC - 734  Moetapu Bay Raod, Moetapu Bay, Linkwater, Marlborough",IAG New Zealand Limited,2021-08-19,AK,Jen Smith,173.807953,-41.268781,,False,
1502000.0116,1502000,1502000.0116,"EQC - 32 Mark Avenue, Paparangi","EQC - 32 Mark Avenue, Paparangi, Wellington",IAG New Zealand Limited,2021-08-19,WN,Shirley Wang,174.77206485800002,-41.26331340599995,Wellington City,True,
1502000.0117,1502000,1502000.0117,"EQC - 32 Mark Avenue, Paparangi","EQC - 32 Mark Avenue, Paparangi, Wellington",IAG New Zealand Limited,2021-08-19,WN,Shirley Wang,174.817684,-41.212333,Wellington City,True,
1502000.0072R,1502000,1502000.0072,"EQC - Jetty Q5530, Lochmara Bay, Marlb","EQC - Jetty Q5530, Lochmara Bay, Marlborough Sounds",IAG New Zealand Limited,2021-08-20,AK,Jen Smith,174.005978,-41.227127,,False,
1502000.0077,1502000,1502000.0077,"EQC - Lot 2 DP4327, East Bay, Lochmara","EQC - Lot 2 DP4327, East Bay, Lochmara Bay, Marlborough Sounds",IAG New Zealand Limited,2021-08-20,AK,Jen Smith,174.006473,-41.225659,,False,
1502000.0078,1502000,1502000.0078,"EQC - Lot 11 Blackwood Bay, Marlborough","EQC - Lot 11 Blackwood Bay, Marlborough Sounds",IAG New Zealand Limited,2021-08-20,AK,Jen Smith,174.100206,-41.205038,,False,
1502000.0079,1502000,1502000.0079,"EQC - Lot 3 FR701, Double Cove, Qu Charl","EQC - Lot 3 FR701, Double Cove, Queen Charlotte Sound, Marlborough",IAG New Zealand Limited,2021-08-20,AK,Jen Smith,174.021301,-41.234736,,False,
1502000.0080,1502000,1502000.0080,"EQC - 215 Queen Charlotte Dr, Havelock","EQC - 215 Queen Charlotte Dr, Havelock",IAG New Zealand Limited,2021-08-20,AK,Jen Smith,173.7838,-41.275468,,False,
1502000.0081,1502000,1502000.0081,EQC - Lot 1 (The Pines) Endeavour Inlet,"EQC - Lot 1 (The Pines) Endeavour Inlet, Marlborough Sounds, Marlborough, NZL",IAG New Zealand Limited,2021-08-20,AK,Jen Smith,174.184661,-41.105638,,False,
1502000.0082,1502000,1502000.0082,"EQC - Lot 2 DP 303837,Endeavour Inlet","EQC - Lot 2 DP 303837, Endeavour Inlet, Marlborough Sounds, Marlborough, NZL",IAG New Zealand Limited,2021-08-20,AK,Jen Smith,174.184703,-41.10586,,False,
1502000.0083,1502000,1502000.0083,"EQC - 33A Tirimoana Tce, Anakiwa, Marlb","EQC - 33A Tirimoana Tce, Anakiwa, Marlborough",IAG New Zealand Limited,2021-08-20,AK,Jen Smith,173.906792,-41.270785,,False,
1502000.0073,1502000,1502000.0073,"EQC - 190 Oriental Parade, Wellington","EQC - 190 Oriental Parade, Wellington",IAG New Zealand Limited,2021-08-23,WN,Shirley Wang,174.791879,-41.291242,Wellington City,True,
1502000.0075,1502000,1502000.0075,"EQC - 174A Cecil Road, Wilton, Wellingto","EQC - 174A Cecil Road, Wilton, Wellington",IAG New Zealand Limited,2021-08-23,WN,Shirley Wang,174.767223,-41.268449,Wellington City,True,
1502000.0076,1502000,1502000.0076,"EQC - 94A Calabar Road, Miramar, Welling","EQC - 94A Calabar Road, Miramar, Wellington",IAG New Zealand Limited,2021-08-23,WN,Shirley Wang,174.810128,-41.320215,Wellington City,True,
1502000.0084,1502000,1502000.0084,EQC - 217 Te Towaka-Port Ligar Rd,"EQC - 217 Te Towaka-Port Ligar Road, Admiralty Bay 7193",IAG New Zealand Limited,2021-08-25,AK,Jen Smith,173.847167,-40.991142,,False,
1502000.0085,1502000,1502000.0085,"13 Birman Close, Half Moon Bay","13 Birman Close, Half Moon Bay, Auckland 2012",IAG New Zealand Limited,2021-08-30,AK,Ben Francis,174.894986,-36.889523,,False,
1502000.0086,1502000,1502000.0086,"EQC - 54 Moenui Road, Havelock","EQC - 54 Moenui Road, Havelock, Marlborough",IAG New Zealand Limited,2021-08-30,AK,Jen Smith,173.798057,-41.278214,,False,
1502000.0088,1502000,1502000.0088,"EQC - 67 Moenui Road, Havelock","EQC - 67 Moenui Road, Havelock, Marlborough",IAG New Zealand Limited,2021-08-30,AK,Jen Smith,173.797,-41.277638,,False,
1502000.0087,1502000,1502000.0087,"EQC-26A Duffy Rd, Waitakere","EQC-26A Duffy Rd, Waitakere, Auckland, 0782, NZL",IAG New Zealand Limited,2021-09-06,AK,Jen Smith,174.520343,-36.856445,,False,
1502000.0089,1502000,1502000.0089,"EQC - 28 Hastings Street, Nelson","EQC - 28 Hastings Street, Washington Valley, Nelson",IAG New Zealand Limited,2021-09-06,NE,Marcus Lovell,173.275778,-41.271658,,False,
1502000.0091,1502000,1502000.0091,"EQC - 5B Karachi Crescent, Khandallah, W","EQC - 5B Karachi Crescent, Khandallah, Wellington",IAG New Zealand Limited,2021-09-09,WN,Shirley Wang,174.79719,-41.244195,Wellington City,True,
1502000.0090,1502000,1502000.0090,"EQC - 100 Screen Rd, Coatesville","EQC - 100 Screen Rd, Coatesville, Auckland 0793",IAG New Zealand Limited,2021-09-10,AK,Jen Smith,174.657881,-36.714011,,False,
1502000.0092,1502000,1502000.0092,"909 East Coast Road, Northcross","909 East Coast Road, Northcross, Auckland, 0632",IAG New Zealand Limited,2021-09-10,AK,Ben Francis,174.725511,-36.70668,,False,
1502000.0093,1502000,1502000.0093,"EQC - 5 Vista Grove, Kelson, Lower Hutt,","EQC - 5 Vista Grove, Kelson, Lower Hutt, Wellington,",IAG New Zealand Limited,2021-09-10,WN,Shirley Wang,174.928679,-41.187858,Lower Hutt City,True,
1502000.0094,1502000,1502000.0094,"EQC-251 Ridge Road, Lucas Heights","EQC-251 Ridge Road, Lucas Heights, Auckland, 0793",IAG New Zealand Limited,2021-09-13,AK,Jen Smith,174.658992,-36.735766,,False,
1502000.0095,1502000,1502000.0095,"EQC - 86 Stoney Creek Drive, Waitakere","EQC - 86 Stoney Creek Drive, Waitakere, Auckland, 0782, NZL",IAG New Zealand Limited,2021-09-13,AK,Jen Smith,174.504302,-36.864442,,False,
1502000.0096,1502000,1502000.0096,"EQC-1781 Kenepuru Rd, Marlborough Sounds","EQC - 1781 Kenepuru Rd, Te Mahia, Marlborough Sounds",IAG New Zealand Limited,2021-09-13,AK,Jen Smith,173.955912,-41.213311,,False,
1502000.0097,1502000,1502000.0097,"EQC - Q/5694 Nydia Bay, Pelorus Sound","EQC - Q/5694 Nydia Bay, Pelorus Sound",IAG New Zealand Limited,2021-09-13,AK,Jen Smith,173.820101,-41.162195,,False,
1502000.0102,1502000,1502000.0102,"EQC - 607 Queen Charlotte Dr, Havelock","EQC - 607 Queen Charlotte Drive, Havelock, Marlborough",IAG New Zealand Limited,2021-09-13,AK,Jen Smith,173.802137,-41.284321,,False,
1502000.0103,1502000,1502000.0103,"EQC - Ngata Wheta Wheta Point, Picton","EQC - Ngata Wheta Wheta Point, Picton",IAG New Zealand Limited,2021-09-13,AK,Jen Smith,174.031287,-41.23877,,False,
1502000.0104,1502000,1502000.0104,"EQC-Curry Trust, Onahau Bay, Marlb Sound","EQC - Curry Trust, Onahau Bay, Marlborough Sounds",IAG New Zealand Limited,2021-09-13,AK,Jen Smith,173.983729,-41.235478,,False,
1502000.0105,1502000,1502000.0105,"EQC - 17 St Omer Rd, Kenepuru Sound","EQC - 17 St Omer Rd, Kenepuru Sound, Marlborough Sounds",IAG New Zealand Limited,2021-09-13,AK,Jen Smith,173.973743,-41.179177,,False,
1502000.0106,1502000,1502000.0106,"EQC-3046 Kenepuru Rd, Portage, Marlbor","EQC - 3046 Kenepuru Rd, Portage, Marlborough Sounds",IAG New Zealand Limited,2021-09-13,AK,Jen Smith,174.033289,-41.19347,,False,
1502000.0107,1502000,1502000.0107,"EQC-Lot 1 DP 4584 South East Bay, Marlb","EQC - Lot 1 DP 4584 South East Bay, Pelorous Sound, Marlborough",IAG New Zealand Limited,2021-09-13,AK,Jen Smith,173.927568,-41.114522,,False,
1502000.0108,1502000,1502000.0108,"EQC - Camden, Lochmara Bay, Qu Charlotte","EQC - Camden, Lochmara Bay, Queen Charlotte Sound",IAG New Zealand Limited,2021-09-13,AK,Jen Smith,173.99499,-41.235555,,False,
1502000.0098,1502000,1502000.0098,"EQC - 58 Oakleigh Street, Maungaraki","EQC - 58 Oakleigh Street, Maungaraki, Lower Hutt, Wellington",IAG New Zealand Limited,2021-09-15,WN,Shirley Wang,174.877491,-41.202649,Lower Hutt City,True,
1502000.0099,1502000,1502000.0099,"EQC - 9 Huia Road, Days Bay, Lower Hutt","EQC - 9 Huia Road, Days Bay, Lower Hutt, Wellington PRIOR CLAIM",IAG New Zealand Limited,2021-09-15,WN,Shirley Wang,174.909299,-41.283894,Lower Hutt City,True,
1502000.0100,1502000,1502000.0100,"EQC - 25 London Road, Korokoro","EQC - 25 London Road, Korokoro, Lower Hutt, Wellington",IAG New Zealand Limited,2021-09-17,WN,Shirley Wang,174.873038,-41.21812,Lower Hutt City,True,
1502000.0101,1502000,1502000.0101,"EQC - 24A Fyvie Avenue, Tawa, Wellington","EQC - 24A Fyvie Avenue, Tawa, Wellington",IAG New Zealand Limited,2021-09-17,WN,Shirley Wang,174.826247,-41.156956,Wellington City,True,
1502000.0109,1502000,1502000.0109,"EQC-169 Anzac Valley Road, Waitakere","EQC-169 Anzac Valley Road, Waitakere, Auckland, 0816",IAG New Zealand Limited,2021-09-20,AK,Jen Smith,174.535755,-36.86651,,False,
1502000.0110,1502000,1502000.0110,"EQC - 123 Akerbloms Rd, Punga Cove","EQC - 123 Akerbloms Rd, Punga Cove, Marlborough Sounds",IAG New Zealand Limited,2021-09-20,AK,Jen Smith,174.151929,-41.128553,,False,
1502000.0111,1502000,1502000.0111,EQC - Lot 3 DP 5424 Bay of Many Coves,"EQC - Lot 3 DP 5424 Bay of Many Coves, Queen Charlotte Sound",IAG New Zealand Limited,2021-09-20,AK,Jen Smith,174.152571,-41.189236,,False,
1502000.0112,1502000,1502000.0112,"EQC - 366 Wairere Road, Waitakere","EQC - 366 Wairere Road, Waitakere, Auckland, 0782",IAG New Zealand Limited,2021-09-22,AK,Jen Smith,174.499382,-36.851424,,False,
1502000.0114,1502000,1502000.0114,"EQC - 307 Maitai Valley Road, Nelson","EQC - 307 Maitai Valley Road, Nelson",IAG New Zealand Limited,2021-09-23,NE,Marcus Lovell,173.332024,-41.2766,,False,
1502000.0113,1502000,1502000.0113,"EQC - 4 Houston Place, Bayview","EQC - 4 Houston Place, Bayview, Auckland, 0629",IAG New Zealand Limited,2021-09-24,AK,Jen Smith,174.703593,-36.777618,,False,
1502000.0115R,1502000,1502000.0115,"EQC - 7A Clematis Grv, Maungaraki","EQC - 7A Clematis Grv, Maungaraki, Lower Hutt, Wellington",IAG New Zealand Limited,2021-09-28,WN,Shirley Wang,174.881337,-41.207514,Lower Hutt City,True,
1502000.0118,1502000,1502000.0118,"EQC - 159 Beasley Road, Pataua South","EQC - 159 Beasley Road, Pataua South, Parua Bay, Northland, 0192",IAG New Zealand Limited,2021-09-28,AK,Julie Zou,174.535353,-35.738542,,False,
1502000.0119,1502000,1502000.0119,"EQC - 110 Telfer Road, Parua Bay","EQC - 110 Telfer Road, Parua Bay 0192",IAG New Zealand Limited,2021-09-29,AK,Julie Zou,174.484766,-35.724248,,False,
1502000.0121,1502000,1502000.0121,"EQC - 14 Steed Road, Waitakere","EQC - 14 Steed Road, Waitakere, Auckland, 0816",IAG New Zealand Limited,2021-09-30,AK,Jen Smith,174.540717,-36.871677,,False,
1502000.0122,1502000,1502000.0122,"EQC - 328 Moetapu Bay Rd, Moetapu Bay","EQC - 328 Moetapu Bay Rd, Moetapu Bay, Linkwater, Marlborough",IAG New Zealand Limited,2021-09-30,AK,Jen Smith,173.845671,-41.259152,,False,
1502000.0140,1502000,1502000.0140,"EQC-8 Marina View Estate, Waikawa,Picton","EQC - 8 Marina View Estate, Waikawa, Picton",IAG New Zealand Limited,2021-09-30,AK,Jen Smith,174.048142,-41.265364,,False,
1502000.0123,1502000,1502000.0123,"EQC - 2707 State Highway 4, Tongariro","EQC - 2707 State Highway 4, Owhango, Tongariro Forest Park, Manawatu-Whanganui, 3989",IAG New Zealand Limited,2021-10-05,TG,Adam Nally,175.389725,-39.046298,,False,
1502000.0124,1502000,1502000.0124,"EQC-36 Battery Road, Ahuriri,","EQC-36 Battery Road, Ahuriri, Napier, Hawke's Bay",IAG New Zealand Limited,2021-10-06,AK,Jen Smith,176.907839,-39.480288,,False,
1502000.0125,1502000,1502000.0125,EQC-5 Maraetai Heights Road,"EQC - 5 Maraetai Heights Road, Maraetai, Auckland, 2018",IAG New Zealand Limited,2021-10-12,AK,Ben Francis,175.035236,-36.882096,,False,
1502000.0126,1502000,1502000.0126,"EQC- 46 Brigantine Drive, Beach Haven","EQC- 46 Brigantine Drive, Beach Haven, Auckland, 0626",IAG New Zealand Limited,2021-10-12,AK,Dion Willcocks,174.687613,-36.806014,,False,
1502000.0132,1502000,1502000.0132,EQC - 46 McSkimming Road,"EQC - 46 McSkimming Road, Patearoa, Otago, 9398",IAG New Zealand Limited,2021-10-12,CH,Scott Forster,170.05013,-45.277067,,False,
1502000.0134,1502000,1502000.0134,"EQC - 33 Murphy Street, Toi Toi, Nelson","EQC - 33 Murphy Street, Toi Toi, Nelson",IAG New Zealand Limited,2021-10-12,NE,Marcus Lovell,173.264505,-41.284973,,False,
1502000.0127,1502000,1502000.0127,"EQC - 19 Howard Road, #2, Point Howard,","EQC - 19 Howard Road, #2, Point Howard, Lower Hutt",IAG New Zealand Limited,2021-10-13,WN,Shirley Wang,174.905025,-41.251748,Lower Hutt City,True,
1502000.0128,1502000,1502000.0128,"EQC - 22 Ohiro Road, Aro Valley","EQC - 22 Ohiro Road, Aro Valley, Wellington",IAG New Zealand Limited,2021-10-13,WN,Shirley Wang,174.768985,-41.296901,Wellington City,True,
1502000.0129,1502000,1502000.0129,"EQC - 77 Sar Street, Wadestown, Wellingt","EQC - 77 Sar Street, Wadestown, Wellington",IAG New Zealand Limited,2021-10-13,WN,Shirley Wang,174.78358,-41.262482,Wellington City,True,
1502000.0130,1502000,1502000.0130,"EQC - 35B The Drive, Tawa, Wellington, 5","EQC - 35B The Drive, Tawa, Wellington, 5028, NZL",IAG New Zealand Limited,2021-10-13,WN,Shirley Wang,174.822389,-41.175374,Wellington City,True,
1502000.0191,1502000,1502000.0191,"EQC - 9A John St, Stokes Valley","EQC - 9A John St, Stokes Valley, Lower Hutt, 5019",IAG New Zealand Limited,2021-10-13,WN,Shirley Wang,174.986293,-41.162445,Lower Hutt City,True,
1502000.0133,1502000,1502000.0133,"EQC - 39 Opanuku Road, Henderson Valley","EQC - 39 Opanuku Road, Henderson Valley, Auckland, 0612",IAG New Zealand Limited,2021-10-14,AK,Julie Zou,174.568992,-36.906398,,False,
1502000.0135,1502000,1502000.0135,"EQC - 35 Whatipu Road, Huia","EQC - 35 Whatipu Road, Huia, Auckland, 0604",IAG New Zealand Limited,2021-10-18,AK,Julie Zou,174.554772,-37.016346,,False,
1502000.0136,1502000,1502000.0136,EQC - 318D Upper Harbour Drive,"EQC - 318D Upper Harbour Drive, Greenhithe, Auckland, 0632",IAG New Zealand Limited,2021-10-18,AK,Julie Zou,174.69803,-36.764943,,False,
1502000.0137,1502000,1502000.0137,"EQC - 50 Ronald Avenue, Glenbrook","EQC - 50 Ronald Avenue, Glenbrook, Glenbrook Beach, Auckland",IAG New Zealand Limited,2021-10-18,AK,Jen Smith,174.711684,-37.161422,,False,
1502000.0139,1502000,1502000.0139,"EQC - 20 Elmslie Road, Pinehaven","EQC - 20 Elmslie Road, Pinehaven, Upper Hutt, Wellington",IAG New Zealand Limited,2021-10-20,WN,Shirley Wang,175.017653,-41.163085,Upper Hutt City,True,
1502000.0141,1502000,1502000.0141,"EQC - 47 Waitakere Rd, Waitakere","EQC - 47 Waitakere Rd, Waitakere, Auckland, 0816",IAG New Zealand Limited,2021-10-21,AK,Jen Smith,174.548904,-36.857362,,False,
1502000.0143,1502000,1502000.0143,"EQC - 3 Cooks Ridge, Waikawa, Picton","EQC - 3 Cooks Ridge, Waikawa, Picton",IAG New Zealand Limited,2021-10-21,AK,Jen Smith,174.051623,-41.263927,,False,
1502000.0074,1502000,1502000.0074,"EQC - 13 Waikowhai Street, Ngaio, Wellin","EQC - 13 Waikowhai Street, Ngaio, Wellington",IAG New Zealand Limited,2021-10-25,WN,Shirley Wang,174.772781,-41.25127,Wellington City,True,
1502000.0142,1502000,1502000.0142,"EQC - 1750 Wainui Road, Kaeo","EQC - 1750 Wainui Road, Kaeo, Northland",IAG New Zealand Limited,2021-10-26,AK,Julie Zou,173.866098,-35.022666,,False,
1502000.0146,1502000,1502000.0146,"EQC - 27 Sylvan Avenue, Northcote","EQC - 27 Sylvan Avenue, Northcote, Auckland, 0627",IAG New Zealand Limited,2021-10-26,AK,Julie Zou,174.751582,-36.81142,,False,
1502000.0147,1502000,1502000.0147,"EQC - 80 Blue Gum Drive, Warkworth","EQC - 80 Blue Gum Drive, Warkworth, Auckland, 0910",IAG New Zealand Limited,2021-10-26,AK,Julie Zou,174.661205,-36.40818,,False,
1502000.0144,1502000,1502000.0144,"EQC - 36E Erlestoke Cres, Churton Park","36E Erlestoke Cres, Churton Park, WellingtonEQC -",IAG New Zealand Limited,2021-10-27,WN,Shirley Wang,174.798794,-41.200313,Wellington City,True,
1502000.0120,1502000,1502000.0120,"EQC - 105 Rawson Road, Waerenga","EQC - 105 Rawson Road, Waerenga, Te Kauwhata",IAG New Zealand Limited,2021-10-29,HM,Michael Triggs,175.258104,-37.455212,,False,
1502000.0138,1502000,1502000.0138,"EQC - Punga Cove, Queen Charlotte, Marlb","EQC - Punga Cove, Queen Charlotte, Marlborough",International Underwriting Agencies Limited,2021-10-29,AK,Jen Smith,174.14940947900004,-41.13236831399996,,False,
1502000.0145,1502000,1502000.0145,"EQC -79 Portal Street, Durie Hill, Whang","EQC -79 Portal Street, Durie Hill, Whanganui, Manawatu-Whanganui, 4500, NZL",IAG New Zealand Limited,2021-11-02,WN,Shirley Wang,175.070848,-39.938317,,False,
1502000.0148,1502000,1502000.0148,"EQC -110 Christian Road, Swanson","EQC -110 Christian Road, Swanson, Auckland, 0614",IAG New Zealand Limited,2021-11-08,AK,Julie Zou,174.56522,-36.885034,,False,
1502000.0149,1502000,1502000.0149,"EQC -120 Christian Road, Swanson","EQC -120 Christian Road, Swanson, Auckland, 0614",IAG New Zealand Limited,2021-11-08,AK,Philip Mathewson,174.565212,-36.885922,,False,
1502000.0150,1502000,1502000.0150,"EQC-28 Gaddums Hill Road, Outer Kaiti","EQC -28 Gaddums Hill Road, Outer Kaiti, Gisborne, 4010",IAG New Zealand Limited,2021-11-08,AK,Adam Nally,178.054676,-38.665517,,False,
1502000.0151,1502000,1502000.0151,"EQC -51 Redwing Street, Browns Bay","EQC -51 Redwing Street, Browns Bay, Auckland, 0630, NZL",IAG New Zealand Limited,2021-11-08,AK,Julie Zou,174.72921,-36.722842,,False,
1502000.0152,1502000,1502000.0152,"EQC - 24 The Fairway, Whakatane","EQC - 24 The Fairway, Whakatane",IAG New Zealand Limited,2021-11-12,TG,Adam Nally,177.001377,-37.959598,,False,
1502000.0153,1502000,1502000.0153,"EQC - 250 Pohutukawa Avenue, Ohope, Bay","EQC - 250 Pohutukawa Avenue, Ohope, Bay",IAG New Zealand Limited,2021-11-12,TG,Adam Nally,177.056586,-37.971561,,False,
1502000.0154,1502000,1502000.0154,"EQC - 18A Carling Road, Whakatane,","EQC - 18A Carling Road, Whakatane,",IAG New Zealand Limited,2021-11-12,TG,Adam Nally,177.001915,-37.960157,,False,
1502000.0155,1502000,1502000.0155,"EQC - 18 Carling Road, Whakatane","EQC - 18 Carling Road, Whakatane, Bay of Plenty",IAG New Zealand Limited,2021-11-12,TG,Adam Nally,177.002134,-37.959974,,False,
1502000.0156,1502000,1502000.0156,"EQC - 60 Taronui Road, Te Tii","EQC - 60 Taronui Road, Te Tii, Kerikeri, Northland, 0294",IAG New Zealand Limited,2021-11-12,AK,Julie Zou,173.986986,-35.121506,,False,
1502000.0164,1502000,1502000.0164,EQC - 295B Totara North Road,"EQC - 295B Totara North Road, Totara North, Kaeo, Northland, 0479",IAG New Zealand Limited,2021-11-12,AK,Julie Zou,173.71815,-35.039313,,False,
1502000.0157,1502000,1502000.0157,"EQC - 77 Rangiuru Dr, Parua Bay","EQC - 77 Rangiuru Dr, Parua Bay, 0192, NZL",IAG New Zealand Limited,2021-11-18,AK,Jen Smith,174.50679,-35.776758,,False,
1502000.0158,1502000,1502000.0158,"EQC - 3/32 Tree View Avenue, Glenfield","EQC - 3/32 Tree View Avenue, Glenfield",IAG New Zealand Limited,2021-11-18,AK,Julie Zou,174.708018,-36.790125,,False,
1502000.0159,1502000,1502000.0159,"EQC- 48 Masons Road, East Tamaki Heights","EQC - 48 Masons Road, East Tamaki Heights",IAG New Zealand Limited,2021-11-18,AK,Julie Zou,174.931765,-36.938758,,False,
1502000.0160,1502000,1502000.0160,"EQC - 23 Rahui Road, Greenhithe","EQC - 23 Rahui Road, Greenhithe, Auckland 0632",IAG New Zealand Limited,2021-11-18,AK,Jen Smith,174.667782,-36.778244,,False,
1502000.0161,1502000,1502000.0161,"EQC - 3 Waimoko Glen, Swanson","EQC - 3 Waimoko Glen, Swanson, Auckland, 0612, NZL",IAG New Zealand Limited,2021-11-18,AK,Julie Zou,174.594846,-36.860423,,False,
1502000.0179,1502000,1502000.0179,"EQC - 17 Baker Street, Russell","EQC - 17 Baker Street, Russell, Northland, 0202",IAG New Zealand Limited,2021-11-18,AK,Julie Zou,174.124703,-35.262116,,False,
1502000.0180,1502000,1502000.0180,"EQC - 2 Kellet Street, Opua","EQC - 2 Kellet Street, Opua, Northland, 0200",IAG New Zealand Limited,2021-11-18,AK,Julie Zou,174.118314,-35.315226,,False,
1502000.9999,1502000,1502000.9999,"DNU EQC - 77 Rangiuru Dr, Parua Bay","DNU EQC - 77 Rangiuru Dr, Parua Bay, 0192, NZL",IAG New Zealand Limited,2021-11-18,AK,Jen Smith,174.77206485800002,-41.26331340599995,Wellington City,True,
1502000.0162,1502000,1502000.0162,"EQC -  631 Hakarimata Road, Ngaruawahia","EQC -  -  631 Hakarimata Road, Ngaruawahia, Waikato",IAG New Zealand Limited,2021-11-19,HM,Michael Triggs,175.177224,-37.620316,,False,
1502000.0163,1502000,1502000.0163,"EQC - 40 Clovelly Road, Bucklands Beach","EQC - 40 Clovelly Road, Bucklands Beach, Auckland, 2012",IAG New Zealand Limited,2021-11-19,AK,Julie Zou,174.904388,-36.859178,,False,
1502000.0187,1502000,1502000.0187,"EQC - 38 Clovelly Road, Bucklands Beach","EQC - 38 Clovelly Road, Bucklands Beach, Auckland, 2012",IAG New Zealand Limited,2021-11-19,AK,Julie Zou,174.90429,-36.859025,,False,
1502000.0165,1502000,1502000.0165,EQC - 207 Matokitoki Valley Road,"EQC - 207 Matokitoki Valley Road, Matokitoki, Waimata, Gisborne",IAG New Zealand Limited,2021-11-24,TG,Adam Nally,178.007303,-38.617101,,False,
1502000.0166,1502000,1502000.0166,"EQC - 5 Seymour Road, Inner Kaiti","EQC - 5 Seymour Road, Inner Kaiti, Gisborne",IAG New Zealand Limited,2021-11-24,TG,Adam Nally,178.045583,-38.665784,,False,
1502000.0167,1502000,1502000.0167,"EQC - 17 Dickson Street, Kaiti, Gisborne","EQC - 17 Dickson Street, Kaiti, Gisborne",IAG New Zealand Limited,2021-11-24,TG,Adam Nally,178.034694,-38.67267,,False,
1502000.0168,1502000,1502000.0168,"EQC - 1 Owen Road, Inner Kaiti, Gisborne","EQC - 1 Owen Road, Inner Kaiti, Gisborne",IAG New Zealand Limited,2021-11-24,TG,Adam Nally,178.046174,-38.665386,,False,
1502000.0169,1502000,1502000.0169,"EQC - 26 Argyll Street, Mangapapa","EQC - 26 Argyll Street, Mangapapa, Gisborne",AMI Insurance Ltd,2021-11-25,TG,Adam Nally,178.014416,-38.642015,,False,
1502000.0170,1502000,1502000.0170,"EQC - 9 Byron Street, Petone, Lower Hutt","EQC- 9 Byron Street, Petone, Lower Hutt, Wellington",IAG New Zealand Limited,2021-11-25,WN,Shirley Wang,174.888521,-41.222144,Lower Hutt City,True,
1502000.0171,1502000,1502000.0171,"EQC - 29 Chesham Avenue, Waipahihi","EQC - 29 Chesham Avenue, Waipahihi, Taupo",IAG New Zealand Limited,2021-11-26,TG,Adam Nally,176.095719,-38.71045,,False,
1502000.0172,1502000,1502000.0172,"EQC - 15 Rodney Road, Northcote Point","EQC - 15 Rodney Road, Northcote Point, Auckland, 0627, NZL",IAG New Zealand Limited,2021-11-29,AK,Julie Zou,174.743924,-36.814851,,False,
1502000.0173,1502000,1502000.0173,"EQC - 61 Pohutukawa Rd, Beachlands","EQC - 61 Pohutukawa Rd, Beachlands, Auckland, 2018",IAG New Zealand Limited,2021-11-29,AK,Julie Zou,174.999436,-36.877128,,False,
1502000.0174,1502000,1502000.0174,"EQC - 74 Mountain Rd, Henderson Valley","EQC - 74 Mountain Rd, Henderson Valley, Auckland, 0612",IAG New Zealand Limited,2021-11-29,AK,Julie Zou,174.565718,-36.900257,,False,
1502000.0175,1502000,1502000.0175,"EQC - 109 Cottle Road, Taupaki","EQC - 109 Cottle Road, Taupaki, Auckland, 0782",IAG New Zealand Limited,2021-11-29,AK,Julie Zou,174.536716,-36.825859,,False,
1502000.0176,1502000,1502000.0176,"EQC - 4 Woolley Avenue, New Lynn","EQC - 4 Woolley Avenue, New Lynn, Auckland",IAG New Zealand Limited,2021-11-29,AK,Julie Zou,174.681524,-36.920943,,False,
1502000.0177,1502000,1502000.0177,"EQC - 406 Scenic Drive, Waiatarua","EQC - 406 Scenic Drive, Waiatarua, Auckland, 0612",IAG New Zealand Limited,2021-11-29,AK,Julie Zou,174.582299,-36.942055,,False,
1502000.0178,1502000,1502000.0178,"EQC - 5 Bight Road, Long Bay","EQC - 5 Bight Road, Long Bay, Auckland, 0630",IAG New Zealand Limited,2021-11-29,AK,Julie Zou,174.737046,-36.687349,,False,
1502000.0181,1502000,1502000.0181,"EQC - 858B SH 35, Tirohanga, Opotiki","EQC - 858B SH 35, Tirohanga, Opotiki",IAG New Zealand Limited,2021-12-06,TG,Adam Nally,177.365446,-37.987581,,False,
1502000.0182,1502000,1502000.0182,"EQC - 1 Tasman View Road, Paroa","EQC - 1 Tasman View Road, Paroa, Greymouth, West Coast, 7805, NZL",IAG New Zealand Limited,2021-12-06,CH,Scott Forster,171.18327,-42.493335,,False,
1502000.0183,1502000,1502000.0183,"EQC - 23A Seven Mile Rd, Runanga","EQC - 23A Seven Mile Rd, Runanga, 7803, NZL",IAG New Zealand Limited,2021-12-06,CH,Scott Forster,171.244877,-42.404882,,False,
1502000.0184R,1502000,1502000.0184,"15 Tiffany Close, Totara Park, Auckland,","15 Tiffany Close, Totara Park, Auckland, 2019",IAG New Zealand Limited,2021-12-08,AK,Ben Francis,174.929244,-36.994062,,False,
1502000.0185,1502000,1502000.0185,"EQC - 43 Beauchamp Street, Tawa","EQC - 43 Beauchamp Street, Tawa, Wellington, 5028, NZL",IAG New Zealand Limited,2021-12-09,WN,Shirley Wang,174.830857,-41.157833,Wellington City,True,
1502000.0186R,1502000,1502000.0186,"144 Ridge Road, Howick, Auckland, 2014","144 Ridge Road, Howick, Auckland, 2014",IAG New Zealand Limited,2021-12-10,AK,Ben Francis,174.921962,-36.896659,,False,
1502000.0188,1502000,1502000.0188,"EQC - 31 Korotaha Terrace, Rothesay Bay","EQC - 31 Korotaha Terrace, Rothesay Bay, Auckland",IAG New Zealand Limited,2021-12-10,AK,Julie Zou,174.745168,-36.723742,,False,
1502000.0189,1502000,1502000.0189,"EQC - 33 Korotaha Terrace, Rothesay Bay","EQC - 33 Korotaha Terrace, Rothesay Bay, Auckland",IAG New Zealand Limited,2021-12-10,AK,Julie Zou,174.745088,-36.723927,,False,
1502000.0190,1502000,1502000.0190,"EQC - 23 Westglen Place, Ranui","EQC - 23 Westglen Place, Ranui, Auckland, 0612",IAG New Zealand Limited,2021-12-10,AK,Julie Zou,174.606632,-36.873763,,False,
1502000.0192,1502000,1502000.0192,"EQC - 8 Harakeke Terrace, Whitford","EQC - 8 Harakeke Terrace, Whitford, Auckland, 2019",IAG New Zealand Limited,2021-12-15,AK,Julie Zou,174.95054,-36.975798,,False,
1502000.0193,1502000,1502000.0193,"EQC - 81 Melrose Rd, Southgate","EQC - 81 Melrose Rd, Southgate, Wellington",IAG New Zealand Limited,2021-12-16,WN,Shirley Wang,174.780863,-41.337908,Wellington City,True,
1502000.0194,1502000,1502000.0194,"EQC-12 Cluny Road, Plimmerton, Porirua","EQC-12 Cluny Road, Plimmerton, Porirua, Wellington, 5026, NZL",IAG New Zealand Limited,2021-12-17,WN,Shirley Wang,174.859645,-41.072865,Porirua City,True,
1502000.0195,1502000,1502000.0195,"EQC - 16 Belvedere Road, Hataitai","EQC - 16 Belvedere Road, Hataitai, Wellington, 6021, NZL",IAG New Zealand Limited,2021-12-20,WN,Shirley Wang,174.79765,-41.3065,Wellington City,True,
1502000.0198,1502000,1502000.0198,"EQC - 2938 Kenepuru Road, Portage","EQC - 2938 Kenepuru Road, Portage, Marlborough Sounds",IAG New Zealand Limited,2021-12-20,AK,Marcus Lovell,174.036292,-41.201063,,False,
1502000.0196R,1502000,1502000.0196,"7 Melissa Place, Farm Cove, Auckland, 20","7 Melissa Place, Farm Cove, Auckland, 2012",IAG New Zealand Limited,2021-12-21,AK,Ben Francis,174.886548,-36.894104,,False,
1502000.0197,1502000,1502000.0197,EQC - 160A Frankley Road,"EQC - 160A Frankley Road, Frankleigh Park, New Plymouth, Taranaki, 4310",IAG New Zealand Limited,2021-12-22,AK,Julie Zou,174.068581,-39.075756,,False,
1502000.0209,1502000,1502000.0209,"EQC - 2336 Queen Charlotte Drive, Marlb","EQC - 2336 Queen Charlotte Drive, Ngakutu Bay, Marlborough Sounds",Ando Insurance Group Limited,2022-01-10,AK,Marcus Lovell,173.966018,-41.275354,,False,
1502000.0210,1502000,1502000.0210,"EQC - 2071 Kenepuru Rd, Te Mahia, Marlb","EQC - 2071 Kenepuru Road, Te Mahia, Marlborough Sounds",IAG New Zealand Limited,2022-01-10,AK,Marcus Lovell,173.973315,-41.212144,,False,
1502000.0199,1502000,1502000.0199,"EQC - 12 Pavola Grove, Glenfield","EQC - 12 Pavola Grove, Glenfield, Auckland, 0629, NZL",IAG New Zealand Limited,2022-01-11,AK,Jen Smith,174.713388,-36.786314,,False,
1502000.0227,1502000,1502000.0227,"EQC - 52 Rangihaeata Road, Tasman","EQC - 52 Rangihaeata Road, Kahurangi National Park, Takaka",IAG New Zealand Limited,2022-01-11,NE,Marcus Lovell,172.788428,-40.813881,,False,
1502000.0200,1502000,1502000.0200,"EQC - 21 Regency Place, Sunnynook","EQC - 21 Regency Place, Sunnynook, Auckland, 0632, NZL",IAG New Zealand Limited,2022-01-12,AK,Jen Smith,174.739398,-36.749971,,False,
1502000.0201,1502000,1502000.0201,"EQC - 305 Ohiro Road, Brooklyn","EQC - 305 Ohiro Road, Brooklyn, Wellington, 6021, NZL",IAG New Zealand Limited,2022-01-13,WN,Shirley Wang,174.762554,-41.311146,Wellington City,True,
1502000.0202,1502000,1502000.0202,"EQC - 307 Ohiro Road, Brooklyn","EQC - 307 Ohiro Road, Brooklyn, Wellington, 6021, NZL",IAG New Zealand Limited,2022-01-13,WN,Shirley Wang,174.762401,-41.311205,Wellington City,True,
1502000.0203,1502000,1502000.0203,"EQC - 2 Pomare Road, Belmont","EQC - 2 Pomare Road, Belmont, Lower Hutt, Wellington, 5010, NZL",IAG New Zealand Limited,2022-01-13,WN,Shirley Wang,174.914947,-41.197749,Lower Hutt City,True,
1502000.0205,1502000,1502000.0205,"EQC - 25A Rogan Street, New Plymouth","EQC - 25A Rogan Street, New Plymouth, Taranaki, 4310, NZL",IAG New Zealand Limited,2022-01-13,AK,Jen Smith,174.084808,-39.061174,,False,
1502000.0206,1502000,1502000.0206,"EQC - 345J Mahia East Coast Road, Mahia","EQC - 345J Mahia East Coast Road, Mahia, Hawke's Bay, 4198, NZL",IAG New Zealand Limited,2022-01-13,AK,Philip Mathewson,177.909551,-39.08042,,False,
1502000.0204,1502000,1502000.0204,"EQC - 38 Cluny Road, Plimmerton","EQC - 38 Cluny Road, Plimmerton, Porirua, Wellington, 5026, NZL",IAG New Zealand Limited,2022-01-14,WN,Shirley Wang,174.860154,-41.070903,Porirua City,True,
1502000.0207,1502000,1502000.0207,"EQC - 41 Leeward Drive, Whitby, Porirua","EQC - 41 Leeward Drive, Whitby, Porirua, Wellington, 5024, NZL",IAG New Zealand Limited,2022-01-17,WN,Shirley Wang,174.88531,-41.107145,Porirua City,True,
1502000.0208,1502000,1502000.0208,"EQC - 18 Elizabeth Street, Pukerua Bay","EQC - 18 Elizabeth Street, Pukerua Bay, Porirua, Wellington, 5026, NZL",IAG New Zealand Limited,2022-01-17,WN,Shirley Wang,174.885258,-41.041916,Porirua City,True,
1502000.0212,1502000,1502000.0212,"EQC - 1779 Kenepuru Rd, Te Mahia, Marlb","EQC - 1779  Kenepuru Road, Te Mahia, Marlborough Sounds",IAG New Zealand Limited,2022-01-19,NE,Marcus Lovell,173.956239,-41.213685,,False,
1502000.0211,1502000,1502000.0211,"EQC - 67 Sea View Road, Baylys Beach","EQC - 67 Sea View Road, Baylys Beach, Northland, 0377, NZL",IAG New Zealand Limited,2022-01-21,AK,Julie Zou,173.742939,-35.94945,,False,
1502000.0223,1502000,1502000.0223,"EQC - 5C Lindaver Grove, Merrilands","EQC - 5C Lindaver Grove, Merrilands, New Plymouth, Taranaki, 4312, NZL",IAG New Zealand Limited,2022-01-21,AK,Jen Smith,174.108641,-39.064571,,False,
1502000.0213,1502000,1502000.0213,"EQC - 11 San Bernadino Drive, Henderson","EQC - 11 San Bernadino Drive, Henderson, Auckland, 0612, NZL",IAG New Zealand Limited,2022-01-26,AK,Jen Smith,174.612624,-36.886597,,False,
1502000.0214,1502000,1502000.0214,"EQC - 112 Garden Road, Piha","EQC - 112 Garden Road, Piha, Auckland, 0772, NZL",IAG New Zealand Limited,2022-01-26,AK,Jen Smith,174.470353,-36.945034,,False,
1502000.0215,1502000,1502000.0215,"EQC - 141 Pope Street, Camborne, Porirua","EQC - 141 Pope Street, Camborne, Porirua, Wellington",IAG New Zealand Limited,2022-01-26,WN,Shirley Wang,174.868757,-41.08878,Porirua City,True,
1502000.0216,1502000,1502000.0216,"EQC - 83 Rakau Road, Hataitai","EQC - 83 Rakau Road, Hataitai, Wellington, 6021, NZL",IAG New Zealand Limited,2022-01-26,WN,Shirley Wang,174.796039,-41.30129,Wellington City,True,
1502000.0217,1502000,1502000.0217,"EQC - 77 Gordon Road, Rotorua","EQC - 77 Gordon Road, Western Heights, Rotorua",IAG New Zealand Limited,2022-02-01,TG,Guy McDougall,176.212683,-38.12548,,False,
1502000.0218,1502000,1502000.0218,"11 Mascot Street, Tawa","11 Mascot Street, Tawa, Wellington, 5028, NZL",IAG New Zealand Limited,2022-02-02,WN,Shirley Wang,174.822112,-41.175981,Wellington City,True,
1502000.0221,1502000,1502000.0221,"EQC - 3A Taranaki Street, Picton","EQC - 3A Taranaki Street, Picton",IAG New Zealand Limited,2022-02-02,AK,Marcus Lovell,174.009268,-41.291399,,False,
1502000.0219,1502000,1502000.0219,"EQC - 41 Hornsey Road, Melrose","EQC - 41 Hornsey Road, Melrose, Wellington, 6023, NZL",IAG New Zealand Limited,2022-02-09,WN,Shirley Wang,174.786725,-41.327133,Wellington City,True,
1502000.0220,1502000,1502000.0220,"EQC - 108 Overtoun Terrace, Hataitai","EQC - 108 Overtoun Terrace, Hataitai, Wellington, 6021, NZL",IAG New Zealand Limited,2022-02-10,WN,Shirley Wang,174.794932,-41.310473,Wellington City,True,
1502000.0222,1502000,1502000.0222,"EQC - 83 Endcliffe Road, Kaiti, Gisborne","EQC - 83 Endcliffe Road, Kaiti, Gisborne",Lumley General Insurance (NZ) Ltd,2022-02-14,TG,Guy McDougall,178.03904,-38.680839,,False,
1502000.0224,1502000,1502000.0224,"EQC - 9 Arden Way, Wilton, Wellington","EQC - 9 Arden Way, Wilton, Wellington, 6012, NZL",IAG New Zealand Limited,2022-02-15,WN,Shirley Wang,174.762687,-41.269957,Wellington City,True,
1502000.0225,1502000,1502000.0225,"EQC - 16 Belvedere Road, Hataitai","EQC - 16 Belvedere Road, Hataitai, Wellington, 6021, NZL",IAG New Zealand Limited,2022-02-16,WN,Shirley Wang,174.79765,-41.3065,Wellington City,True,
1502000.0226,1502000,1502000.0226,"EQC - 481 Ohiro Road, Brooklyn, Wellingt","EQC - 481 Ohiro Road, Brooklyn, Wellington, 6021, NZL",IAG New Zealand Limited,2022-02-16,WN,Shirley Wang,174.759857,-41.322274,Wellington City,True,
1502000.0228,1502000,1502000.0228,"EQC - 66 Evans Bay Parade, Roseneath","EQC - 66 Evans Bay Parade, Roseneath, Wellington, 6021, NZL",IAG New Zealand Limited,2022-02-17,WN,Shirley Wang,174.803078,-41.290465,Wellington City,True,
1502000.0229,1502000,1502000.0229,"EQC - 380 Cones Road, Loburn, Rangiora","EQC - 380 Cones Road, Loburn, Rangiora, Canterbury, 7472",IAG New Zealand Limited,2022-02-18,CH,Scott Forster,172.578118,-43.255523,,False,
1502000.0230,1502000,1502000.0230,"EQC - 202 Marine Drive, Lowry Bay","EQC - 202 Marine Drive, Lowry Bay, Lower Hutt, Wellington",IAG New Zealand Limited,2022-02-21,WN,Shirley Wang,174.909716,-41.255085,Lower Hutt City,True,
1502000.0231,1502000,1502000.0231,"EQC - Unit 8, 30 Avon Street, Island Bay","EQC - Unit 8, 30 Avon Street, Island Bay, Wellington",IAG New Zealand Limited,2022-02-21,WN,Shirley Wang,174.776915,-41.333874,Wellington City,True,
1502000.0232,1502000,1502000.0232,"EQC - 5 Jenness Grove, Harbour View","EQC - 5 Jenness Grove, Harbour View, Lower Hutt, Wellington",IAG New Zealand Limited,2022-02-21,WN,Shirley Wang,174.902953,-41.204117,Lower Hutt City,True,
1502000.0233,1502000,1502000.0233,"EQC - 37 Havelock Street, Mornington","EQC - 37 Havelock Street, Mornington, Wellington",IAG New Zealand Limited,2022-02-22,WN,Shirley Wang,174.766448,-41.316383,Wellington City,True,
1502000.0238,1502000,1502000.0238,"EQC - 2379 Kenepuru Rd, Portage, Marlb.","EQC - 2379 Kenepuru Rd, Portage, Marlborough Sounds",IAG New Zealand Limited,2022-02-22,NE,Marcus Lovell,173.997503,-41.209462,,False,
1502000.0290,1502000,1502000.0290,"EQC - 82 Te Mahia Rd, Te Mahia, Marlb.","EQC - 82 Te Mahia Road, Te Mahia, Marlborough Sounds 7282",IAG New Zealand Limited,2022-02-22,NE,Marcus Lovell,173.972467,-41.21625,,False,
1502000.0234,1502000,1502000.0234,"EQC- 14 Mayfair Crescent, Mairangi Bay","EQC- 14 Mayfair Crescent, Mairangi Bay, Auckland, 0630",IAG New Zealand Limited,2022-02-24,AK,Jen Smith,174.748722,-36.742644,,False,
1502000.0235,1502000,1502000.0235,"EQC - 44 Cluny Road, Plimmerton, Porirua","EQC - 44 Cluny Road, Plimmerton, Porirua, Wellington, 5026, NZL",IAG New Zealand Limited,2022-02-24,WN,Shirley Wang,174.86009,-41.070493,Porirua City,True,
1502000.0236,1502000,1502000.0236,"EQC - 58 The Drive, Tawa, Wellington","EQC - 58 The Drive, Tawa, Wellington, 5028, NZL",IAG New Zealand Limited,2022-02-24,WN,Shirley Wang,174.818398,-41.174086,Wellington City,True,
1502000.0237,1502000,1502000.0237,"EQC - 38 Cluny Road, Plimmerton, Porirua","EQC - 38 Cluny Road, Plimmerton, Porirua, Wellington, 5026, NZL",IAG New Zealand Limited,2022-02-24,WN,Shirley Wang,174.86002,-41.070904,Porirua City,True,
1502000.0239,1502000,1502000.0239,"EQC - 6 Laurent Place, Kingston","EQC - 6 Laurent Place, Kingston, Wellington, 6021, NZL",IAG New Zealand Limited,2022-02-24,WN,Shirley Wang,174.766295,-41.321796,Wellington City,True,
1502000.0240,1502000,1502000.0240,"EQC - 477 Ohiro Road, Brooklyn","EQC - 477 Ohiro Road, Brooklyn, Wellington, 6021, NZL",IAG New Zealand Limited,2022-02-24,WN,Shirley Wang,174.759912,-41.322008,Wellington City,True,
1502000.0241,1502000,1502000.0241,"EQC - 111A Holloway Road, Aro Valley, We","EQC - 111A Holloway Road, Aro Valley, Wellington, 6021, NZ",IAG New Zealand Limited,2022-02-24,WN,Shirley Wang,174.756198,-41.298131,Wellington City,True,
1502000.0242,1502000,1502000.0242,"EQC - 37 Acheron Road, Paremata, Porirua","EQC - 37 Acheron Road, Paremata, Porirua, Wellington, 5026, NZL",IAG New Zealand Limited,2022-02-24,WN,Shirley Wang,174.871352,-41.091987,Porirua City,True,
1502000.0243,1502000,1502000.0243,"EQC - 23C Kennedy Grove, Stokes Valley","EQC - 23C Kennedy Grove, Stokes Valley, Lower Hutt, Wellington, 5019, NZL",IAG New Zealand Limited,2022-02-24,WN,Shirley Wang,174.986226,-41.178446,Lower Hutt City,True,
1502000.0244,1502000,1502000.0244,"EQC - 118 Inglis Street, Seatoun","EQC - 118 Inglis Street, Seatoun, Wellington, 6022, NZL",IAG New Zealand Limited,2022-02-24,WN,Shirley Wang,174.831345,-41.327719,Wellington City,True,
1502000.0548,1502000,1502000.0548,"EQC - 47 Melbourne Road, Island Bay","EQC - 47 Melbourne Road, Island Bay, Wellington, 6023, NZL",IAG New Zealand Limited,2022-02-27,WN,Shirley Wang,174.77668,-41.331689,Wellington City,True,
1502000.0245,1502000,1502000.0245,"EQC - 3 Appleby Rise, Whakatane","EQC - 3 Appleby Rise, Whakatane",IAG New Zealand Limited,2022-02-28,TG,Guy McDougall,177.002144,-37.96177,,False,
1502000.0246,1502000,1502000.0246,"EQC - 36 Battery Road, Ahuriri","EQC - 36 Battery Road, Ahuriri, Napier, Hawke's Bay, 4110",IAG New Zealand Limited,2022-02-28,AK,Jen Smith,176.907919,-39.480362,,False,
1502000.0247,1502000,1502000.0247,"EQC - 38 Battery Road, Ahuriri","EQC - 38 Battery Road, Ahuriri, Napier, Hawke's Bay, 4110",IAG New Zealand Limited,2022-02-28,AK,Jen Smith,176.907729,-39.480345,,False,
1502000.0248,1502000,1502000.0248,"EQC - 45 Tanner Street, Havelock North","EQC - 45 Tanner Street, Havelock North, Hawke's Bay, 4130, NZL",IAG New Zealand Limited,2022-02-28,AK,Jen Smith,176.886495,-39.676763,,False,
1502000.0249,1502000,1502000.0249,"EQC - 2/100 Severn Street, Island Bay","EQC - 2/100 Severn Street, Island Bay, Wellington, 6023, NZL",IAG New Zealand Limited,2022-02-28,WN,Shirley Wang,174.764115,-41.342582,Wellington City,True,
1502000.0250,1502000,1502000.0250,"EQC -26 Fortification Road, Karaka Bays","EQC - 26 Fortification Road, Karaka Bays, Wellington, 6022, NZL",IAG New Zealand Limited,2022-02-28,WN,Shirley Wang,174.830691,-41.300005,Wellington City,True,
1502000.0251,1502000,1502000.0251,"EQC -19B Bank Road, Northland,Wellington","EQC - 19B Bank Road, Northland, Wellington, 6012, NZL",IAG New Zealand Limited,2022-02-28,WN,Shirley Wang,174.763659,-41.280068,Wellington City,True,
1502000.0252,1502000,1502000.0252,"EQC - 226 Park Road, Belmont, Lower Hutt","EQC - 226 Park Road, Belmont, Lower Hutt, Wellington, 5010, NZL",IAG New Zealand Limited,2022-02-28,WN,Shirley Wang,174.912148,-41.188317,Lower Hutt City,True,
1502000.0253,1502000,1502000.0253,"EQC - 27B Tyndall St, Waiwhetu, Lower Hu","EQC - 27B Tyndall St, Waiwhetu, Lower Hutt, 5010, NZL",IAG New Zealand Limited,2022-02-28,WN,Shirley Wang,174.92394,-41.22623,Lower Hutt City,True,
1502000.0254,1502000,1502000.0254,"EQC - 167C Happy Valley Rd, Owhiro Bay","EQC - 167C Happy Valley Rd, Owhiro Bay, Wellington, 6023, NZL",IAG New Zealand Limited,2022-02-28,WN,Shirley Wang,174.757482,-41.335585,Wellington City,True,
1502000.0255,1502000,1502000.0255,"EQC - 64 Spinnaker Drive, Whitby, Poriru","EQC - 64 Spinnaker Drive, Whitby, Porirua, Wellington, 5024, NZL",IAG New Zealand Limited,2022-02-28,WN,Shirley Wang,174.888857,-41.109701,Porirua City,True,
1502000.0258,1502000,1502000.0258,"EQC - 70 Falconer Road, Pohara, Tasman","EQC - 70 Falconer Road, Pohara, Tasman 7183",IAG New Zealand Limited,2022-02-28,NE,Marcus Lovell,172.901822,-40.838026,,False,
1502000.0276,1502000,1502000.0276,"EQC - 46 Stansell Ave, Tahuna, Nelson","EQC - 46 Stansell Avenue, Tahunanui, Nelson 7011",IAG New Zealand Limited,2022-02-28,NE,Marcus Lovell,173.251577,-41.283472,,False,
1502000.0256,1502000,1502000.0256,"EQC - 310 Maungatapu Road, Maungatapu","EQC - 310 Maungatapu Road, Maungatapu, Tauranga",AMI Insurance Ltd,2022-03-01,TG,Guy McDougall,176.179902,-37.714598,,False,
1502000.0257,1502000,1502000.0257,"6 Palliser Road, Roseneath, Wellington,","6 Palliser Road, Roseneath, Wellington,",IAG New Zealand Limited,2022-03-01,WN,Tim Haxell,174.799545,-41.292235,Wellington City,True,
1502000.0259,1502000,1502000.0259,"EQC - 133 Torea Street, Granity 7823","EQC - 133 Torea Street, Granity 7823",IAG New Zealand Limited,2022-03-01,NE,Marcus Lovell,171.860213,-41.623786,,False,
1502000.0260,1502000,1502000.0260,"EQC - 1 Harland Street, #3, Brooklyn","EQC - 1 Harland Street, #3, Brooklyn, Wellington, 6021, NZL",IAG New Zealand Limited,2022-03-07,WN,Shirley Wang,174.765044,-41.309838,Wellington City,True,
1502000.0261,1502000,1502000.0261,"EQC - 34A Izard Road, Khandallah","EQC - 34A Izard Road, Khandallah, Wellington, 6035, NZL",IAG New Zealand Limited,2022-03-07,WN,Shirley Wang,174.794257,-41.247207,Wellington City,True,
1502000.0262,1502000,1502000.0262,"EQC - 37 Whaui Street, Vogeltown","EQC - 37 Whaui Street, Vogeltown, Wellington, 6021, NZL",IAG New Zealand Limited,2022-03-07,WN,Shirley Wang,174.768463,-41.311231,Wellington City,True,
1502000.0263,1502000,1502000.0263,"EQC - 35 Whaui Street, Vogeltown","EQC - 35 Whaui Street, Vogeltown, Wellington, 6021, NZL",IAG New Zealand Limited,2022-03-07,WN,Shirley Wang,174.768228,-41.311163,Wellington City,True,
1502000.0265,1502000,1502000.0265,"EQC - 6 Hungerford Road, Lyall Bay","EQC - 6 Hungerford Road, Lyall Bay, Wellington, 6022, NZL",IAG New Zealand Limited,2022-03-08,WN,Shirley Wang,174.791762,-41.338236,Wellington City,True,
1502000.0266,1502000,1502000.0266,"EQC - 33A Whaui St, Vogeltown, Wellingto","EQC - 33A Whaui St, Vogeltown, Wellington, 6021, NZL",IAG New Zealand Limited,2022-03-08,WN,Shirley Wang,174.768213,-41.311419,Wellington City,True,
1502000.0267,1502000,1502000.0267,"EQC - 112 Sutherland Road, Melrose","EQC - 112 Sutherland Road, Melrose, Wellington, 6023, NZL",IAG New Zealand Limited,2022-03-08,WN,Shirley Wang,174.788502,-41.326866,Wellington City,True,
1502000.0268,1502000,1502000.0268,"EQC - 5 & 5A Oriental Terrace, Oriental","EQC - 5 & 5A Oriental Terrace, Oriental Bay, Wellington, 6011, NZL",IAG New Zealand Limited,2022-03-08,WN,Shirley Wang,174.791762,-41.291672,Wellington City,True,
1502000.0269,1502000,1502000.0269,"EQC - 11 Merlewood Avenue, Cashmere","EQC - 11 Merlewood Avenue, Cashmere, Christchurch, Canterbury, 8022, NZL",IAG New Zealand Limited,2022-03-08,CH,Scott Forster,172.634239,-43.56992,,False,
1502000.0270,1502000,1502000.0270,"EQC - 61 Carlton Street, Melrose","EQC - 61 Carlton Street, Melrose",IAG New Zealand Limited,2022-03-09,WN,Shirley Wang,174.791574,-41.326588,Wellington City,True,
1502000.0271,1502000,1502000.0271,"EQC - 30 Hohiria Road, Hataitai","EQC - 30 Hohiria Road, Hataitai, Wellington, 6021, NZL",IAG New Zealand Limited,2022-03-09,WN,Shirley Wang,174.799335,-41.300036,Wellington City,True,
1502000.0277,1502000,1502000.0277,"EQC - 307 Maitai Valley Road, Nelson","EQC - 307 Maitai Valley Road, Nelson",IAG New Zealand Limited,2022-03-09,NE,Marcus Lovell,173.33201,-41.276406,,False,
1502000.0272,1502000,1502000.0272,"EQC - 969 Waingaro Road, Glen Massey","EQC - 969 Waingaro Road, Glen Massey, Waikato, 3793",IAG New Zealand Limited,2022-03-10,HM,Michael Triggs,175.070612,-37.668533,,False,
1502000.0273,1502000,1502000.0273,"EQC - 1/100 Severn Street, Island Bay","EQC - 1/100 Severn Street, Island Bay, Wellington, 6023, NZL",IAG New Zealand Limited,2022-03-10,WN,Shirley Wang,174.76409,-41.342446,Wellington City,True,
1502000.0274,1502000,1502000.0274,"EQC - 10 Hurdon Street, Hurdon","EQC - 10 Hurdon Street, Hurdon, New Plymouth, Taranaki, 4310",IAG New Zealand Limited,2022-03-10,AK,Jen Smith,174.050398,-39.08896,,False,
1502000.0275,1502000,1502000.0275,"EQC - 218 Oriental Parade, Oriental Bay","EQC - 218 Oriental Parade, Oriental Bay, Wellington, 6011, NZL",Medical Insurance Society Limited,2022-03-10,WN,Shirley Wang,174.793478,-41.291992,Wellington City,True,
1502000.0278,1502000,1502000.0278,"EQC - 12 Sedge Grove, Nukuhau, Taupo","EQC - 12 Sedge Grove, Nukuhau, Taupo, Waikato, 3330, NZL",IAG New Zealand Limited,2022-03-11,TG,Guy McDougall,176.048059,-38.681011,,False,
1502000.0279,1502000,1502000.0279,"EQC - 22 Matarawa Hill Road, Fordell","EQC - 22 Matarawa Hill Road, Fordell, Manawatu-Whanganui, 4572, NZL",IAG New Zealand Limited,2022-03-11,WN,Shirley Wang,175.148175,-39.945732,,False,
1502000.0280,1502000,1502000.0280,"EQC - 35 Cave Road, Houghton Bay","EQC - 35 Cave Road, Houghton Bay, Wellington, 6023, NZL",IAG New Zealand Limited,2022-03-11,WN,Shirley Wang,174.782194,-41.341467,Wellington City,True,
1502000.0285,1502000,1502000.0285,"EQC - 37 Jenner Road, Toi Toi, Nelson","EQC - 37 Jenner Road, Toi Toi, Nelson 7010",IAG New Zealand Limited,2022-03-11,NE,Marcus Lovell,173.265294,-41.288181,,False,
1502000.0297,1502000,1502000.0297,"EQC - 91 Teal Valley Road, Hira 7071","EQC - 91 Teal Valley Road, Hira 7071",IAG New Zealand Limited,2022-03-11,NE,Marcus Lovell,173.398655,-41.232328,,False,
1502000.0281,1502000,1502000.0281,"EQC - 17 Northland Road, Northland","EQC - 17 Northland Road, Northland, Wellington, 6012, NZL",IAG New Zealand Limited,2022-03-14,WN,Shirley Wang,174.756375,-41.285817,Wellington City,True,
1502000.0282,1502000,1502000.0282,"EQC - 26 Rauparaha Street, Marokopa","EQC - 26 Rauparaha Street, Marokopa, Taharoa, Waikato",IAG New Zealand Limited,2022-03-14,HM,Michael Triggs,174.721449,-38.306055,,False,
1502000.0283,1502000,1502000.0283,"EQC - 57 Hipango Terrace, Durie Hill","EQC - 57 Hipango Terrace, Durie Hill, Whanganui, Manawatu-Whanganui, 4500, NZL",IAG New Zealand Limited,2022-03-14,WN,Shirley Wang,175.057892,-39.93835,,False,
1502000.0284,1502000,1502000.0284,"EQC - 29 Waiapu Road, Kelburn, Wellingto","EQC - 29 Waiapu Road, Kelburn, Wellington, 6012, NZL",IAG New Zealand Limited,2022-03-14,WN,Shirley Wang,174.754354,-41.28908,Wellington City,True,
1502000.0286,1502000,1502000.0286,"EQC - 48 Reuben Avenue, Brooklyn","EQC - 48 Reuben Avenue, Brooklyn, Wellington, 6021, NZL",IAG New Zealand Limited,2022-03-16,WN,Shirley Wang,174.760171,-41.308491,Wellington City,True,
1502000.0287,1502000,1502000.0287,"EQC - 53 Dominion Park Street, #1, Johns","EQC - 53 Dominion Park Street, #1, Johnsonville, Wellington, 6037, NZL",IAG New Zealand Limited,2022-03-17,WN,Shirley Wang,174.808204,-41.229818,Wellington City,True,
1502000.00288,1502000,1502000.0028,"EQC - 12 Simla Terrace, Hospital Hill","EQC - 12 Simla Terrace, Hospital Hill,  Napier, Hawke's Bay, 4110",IAG New Zealand Limited,2022-03-21,AK,Philip Mathewson,174.822211,-41.175348,Wellington City,True,
1502000.0288,1502000,1502000.0288,"EQC - 12 Simla Terrace, Hospital Hill","EQC - 12 Simla Terrace, Hospital Hill,  Napier, Hawke's Bay, 4110",IAG New Zealand Limited,2022-03-21,AK,Philip Mathewson,176.897891,-39.491747,,False,
1502000.0289,1502000,1502000.0289,"EQC - 49D Hill Road, Belmont, Lower Hutt","EQC - 49D Hill Road, Belmont, Lower Hutt, Wellington, 5010, NZL",IAG New Zealand Limited,2022-03-22,WN,Shirley Wang,174.922467,-41.189508,Lower Hutt City,True,
1502000.0303,1502000,1502000.0303,"EQC - 28 Sievwright Lane, Whataupoko","EQC - 28 Sievwright Lane, Whataupoko, Gisborne, 4010, NZL",IAG New Zealand Limited,2022-03-23,AK,Philip Mathewson,178.033497,-38.652975,,False,
1502000.0291,1502000,1502000.0291,"EQC - 1-3 64 Shoreham Street, Avondale","EQC - 1-3 64 Shoreham Street, Avondale, Auckland, 0600, NZL",IAG New Zealand Limited,2022-03-25,AK,Philip Mathewson,174.706693,-36.907164,,False,
1502000.0292,1502000,1502000.0292,"EQC - 84 Moana Road, Kelburn","EQC - 84 Moana Road, Kelburn, Wellington, 6012, NZL",IAG New Zealand Limited,2022-03-25,WN,Shirley Wang,174.757282,-41.291534,Wellington City,True,
1502000.0293,1502000,1502000.0293,"EQC- 104 Newlands Road, Newlands","EQC- 104 Newlands Road, Newlands, Wellington, 6037, NZL",IAG New Zealand Limited,2022-03-25,WN,Shirley Wang,174.818283,-41.229927,Wellington City,True,
1502000.0294,1502000,1502000.0294,"EQC- 13A Yarrow Place, Papakowhai","EQC- 13A Yarrow Place, Papakowhai, Porirua, Wellington, 5024, NZL",IAG New Zealand Limited,2022-03-25,WN,Shirley Wang,174.867075,-41.115103,Porirua City,True,
1502000.0295,1502000,1502000.0295,"EQC - 81 Melrose Road, Southgate","EQC - 81 Melrose Road, Southgate, Wellington, 6023, NZL",IAG New Zealand Limited,2022-03-25,WN,Shirley Wang,174.780738,-41.33797,Wellington City,True,
1502000.0296,1502000,1502000.0296,"EQC - 16 Severn Street, Island Bay","EQC - 16 Severn Street, Island Bay, Wellington, 6023, NZL, 6023, NZL",IAG New Zealand Limited,2022-03-25,WN,Shirley Wang,174.767869,-41.339044,Wellington City,True,
1502000.0298,1502000,1502000.0298,"EQC - 28 Dartmoor Road, Puketapu","EQC - 28 Dartmoor Road, Puketapu, Hastings, Hawke's Bay, 4186",IAG New Zealand Limited,2022-03-28,AK,Philip Mathewson,176.789254,-39.509581,,False,
1502000.0299,1502000,1502000.0299,"EQC - 1 Valley Street, Island Bay","EQC - 1 Valley Street, Island Bay, Wellington, 6023, NZL",IAG New Zealand Limited,2022-03-28,WN,Shirley Wang,174.767185,-41.346485,Wellington City,True,
1502000.0300,1502000,1502000.0300,"EQC - 50 Reuben Avenue, Brooklyn, Wellin","EQC - 50 Reuben Avenue, Brooklyn, Wellington, 6021, NZL",IAG New Zealand Limited,2022-03-29,WN,Shirley Wang,174.760135,-41.308564,Wellington City,True,
1502000.0301,1502000,1502000.0301,"EQC - 30 MacPherson Street, Meadowbank","EQC - 30 MacPherson Street, Meadowbank, Auckland, 1072, NZL",IAG New Zealand Limited,2022-03-30,AK,Philip Mathewson,174.819455,-36.870493,,False,
1502000.0302,1502000,1502000.0302,"EQC - 131 Albany Highway, Unsworth","EQC - 131 Albany Highway, Unsworth Heights, Auckland, 0632, NZL",IAG New Zealand Limited,2022-03-30,AK,Philip Mathewson,174.706269,-36.759748,,False,
1502000.0304,1502000,1502000.0304,"EQC - 403 Titirangi Road, Titirangi","EQC - 403 Titirangi Road, Titirangi, Auckland, 0604, NZL",IAG New Zealand Limited,2022-03-31,AK,Philip Mathewson,174.658108,-36.936661,,False,
1502000.0305,1502000,1502000.0305,"EQC- 3 Onepu Road, Pukerua Bay","EQC- 3 Onepu Road, Pukerua Bay, Porirua, Wellington, 5026, NZL3 Onepu Road, Pukerua Bay, Porirua, Wellington, 5026, NZL",IAG New Zealand Limited,2022-04-04,WN,Shirley Wang,174.896164,-41.031675,Porirua City,True,
1502000.0311,1502000,1502000.0311,"EQC - 11 McKenna Street, Masterton","EQC - 11 McKenna Street, Masterton, Wellington, 5810, NZ",IAG New Zealand Limited,2022-04-04,WN,Shirley Wang,175.657391,-40.955996,,False,
1502000.0306,1502000,1502000.0306,"EQC- 627 Ormiston Road, Waipu","EQC- 627 Ormiston Road, Waipu, Northland, 0582, NZL",IAG New Zealand Limited,2022-04-05,AK,Philip Mathewson,174.382875,-35.928011,,False,
1502000.0308,1502000,1502000.0308,"EQC - 715 Te Apiti Rd, Waimarama","EQC - 715 Te Apiti Rd, Waimarama, 4294, NZL",IAG New Zealand Limited,2022-04-05,AK,Philip Mathewson,176.952807,-39.858809,,False,
1502000.0312,1502000,1502000.0312,"EQC - 17 Taft Street, Brooklyn","EQC - 17 Taft Street, Brooklyn, Wellington, 6021, NZL",IAG New Zealand Limited,2022-04-06,WN,Shirley Wang,174.764838,-41.308894,Wellington City,True,
1502000.0309,1502000,1502000.0309,"EQC - 4A Dallinger Street, Saint Andrews","EQC - 4A Dallinger Street, Saint Andrews, Hamilton, Waikato, 3200, NZL",IAG New Zealand Limited,2022-04-07,HM,Michael Triggs,175.253161,-37.74629,,False,
1502000.0310,1502000,1502000.0310,"EQC - 97B Waikowhai Street, Ngaio","EQC - 97B Waikowhai Street, Ngaio, Wellington, 6035, NZL",IAG New Zealand Limited,2022-04-07,WN,Shirley Wang,174.769308,-41.254135,Wellington City,True,
1502000.0313,1502000,1502000.0313,"EQC - 89A South Road, Blagdon","EQC - 89A South Road, Blagdon, New Plymouth, Taranaki, 4310, NZL",IAG New Zealand Limited,2022-04-07,AK,Philip Mathewson,174.039091,-39.06883,,False,
1502000.0314,1502000,1502000.0314,"EQC - 37 Sierra Street, Glendowie","EQC - 37 Sierra Street, Glendowie, Auckland, 1071, NZL",IAG New Zealand Limited,2022-04-07,AK,Philip Mathewson,174.861483,-36.862901,,False,
1502000.0316,1502000,1502000.0316,"EQC - 12 Taro Street, Tokomaru","EQC - 12 Taro Street, Tokomaru Bay, Gisborne,4079",IAG New Zealand Limited,2022-04-07,AK,Guy McDougall,178.312445,-38.127261,,False,
1502000.0317,1502000,1502000.0317,"EQC- 155B Rosetta Rd, Raumati South, Par","EQC- 155B Rosetta Rd, Raumati South, Paraparaumu, 5032, NZL",IAG New Zealand Limited,2022-04-07,WN,Shirley Wang,174.976607,-40.929141,,False,
1502000.0318,1502000,1502000.0318,"EQC - 23 Rimuroa Street, Tokomaru Bay","EQC - 23 Rimuroa Street, Tokomaru Bay, Gisborne, 4079, NZL",IAG New Zealand Limited,2022-04-07,AK,Guy McDougall,178.311857,-38.129459,,False,
1502000.0319,1502000,1502000.0319,"EQC- 53 Ribble Street, Island Bay, Welli","EQC- 53 Ribble Street, Island Bay, Wellington, 6023, NZL",IAG New Zealand Limited,2022-04-07,WN,Shirley Wang,174.767397,-41.338093,Wellington City,True,
1502000.0321,1502000,1502000.0321,"EQC- 30 Guthrie Crescent, Castlepoint","EQC- 30 Guthrie Crescent, Castlepoint, Wellington, 5889, NZL",IAG New Zealand Limited,2022-04-08,WN,Shirley Wang,176.222404,-40.90139,,False,
1502000.0322,1502000,1502000.0322,"EQC - 3553 Waiapu Road, Tokomaru Bay","EQC - 3553 Waiapu Road, Tokomaru Bay, Gisborne, 4079",IAG New Zealand Limited,2022-04-11,TG,Guy McDougall,178.311669,-38.131563,,False,
1502000.0323,1502000,1502000.0323,"EQC - 22 Arthur Street, Tokomaru Bay","EQC - 22 Arthur Street, Tokomaru Bay, Gisborne, 4079, NZL",IAG New Zealand Limited,2022-04-11,TG,Guy McDougall,178.313509,-38.133412,,False,
1502000.0329,1502000,1502000.0329,"EQC - 39 Mount Pleasant Ave, Nelson 7010","EQC - 39 Mount Pleasant Ave, Beachville, Nelson 7010",IAG New Zealand Limited,2022-04-11,NE,Marcus Lovell,173.272414,-41.266642,,False,
1502000.0505,1502000,1502000.0505,"EQC - 8B Amelia Crescent, Picton 7220","EQC - 8B Amelia Crescent, Waikawa, Picton 7220",IAG New Zealand Limited,2022-04-11,NE,Marcus Lovell,174.049736,-41.267302,,False,
1502000.0507,1502000,1502000.0507,"EQC -489 Brookby Rd, Fairhall, Blenheim","EQC - 489 Brookby Rd, Hawkesbury, Fairhall, Blenheim 7272",IAG New Zealand Limited,2022-04-11,NE,Marcus Lovell,173.81398,-41.56691,,False,
1502000.0508,1502000,1502000.0508,"EQC - 275 Port Underwood Rd, Picton","EQC - 275 Port Underwood Road, Waikawa, Picton 7281",IAG New Zealand Limited,2022-04-11,NE,Marcus Lovell,174.063671,-41.254981,,False,
1502000.0520,1502000,1502000.0520,"EQC - 134 Moana Avenue, Moana, Nelson","EQC - 134 Moana Avenue, Moana, Nelson, 7011",IAG New Zealand Limited,2022-04-11,AK,Marcus Lovell,173.254772,-41.28233,,False,
1502000.0549,1502000,1502000.0549,"EQC - 50 Seymour Avenue, The Brook","EQC - 50 Seymour Avenue, The Brook, Nelson, 7010",IAG New Zealand Limited,2022-04-11,AK,Jen Smith,173.289728,-41.283067,,False,
1502000.0324,1502000,1502000.0324,"EQC - 8A Kennedy Ave, Forrest Hill","EQC - 8A Kennedy Ave, Forrest Hill, Auckland, 0620, NZL",IAG New Zealand Limited,2022-04-14,AK,Philip Mathewson,174.743045,-36.767926,,False,
1502000.0325,1502000,1502000.0325,"EQC - 20A Pine Street,","EQC - 20A Pine Street, New Lynn, Auckland, 0600",IAG New Zealand Limited,2022-04-14,AK,Philip Mathewson,174.676318,-36.906921,,False,
1502000.0326,1502000,1502000.0326,"EQC - 15 Rodney Street, Otahuhu","EQC - 15 Rodney Street, Otahuhu, Auckland, 1062, NZL",IAG New Zealand Limited,2022-04-14,AK,Philip Mathewson,174.852094,-36.94541,,False,
1502000.0327,1502000,1502000.0327,"EQC - 90 Pitt Street, Wadestown","EQC - 90 Pitt Street, Wadestown, Wellington, 6012",IAG New Zealand Limited,2022-04-14,WN,Shirley Wang,174.774435,-41.264146,Wellington City,True,
1502000.0328,1502000,1502000.0328,EQC-65B Jack Boyd Drive,"EQC- 65B Jack Boyd Dr, Mangawhai Heads, Mangawhai, 0573, NZL",IAG New Zealand Limited,2022-04-14,AK,Philip Mathewson,174.574302,-36.093342,,False,
1502000.0330,1502000,1502000.0330,"EQC - Unit 2/217 Lake Road, Northcote","EQC - Unit 2/217 Lake Road, Belmont, Auckland, 0622, NZL",IAG New Zealand Limited,2022-04-15,AK,Philip Mathewson,174.787201,-36.803187,,False,
1502000.0331,1502000,1502000.0331,"49 Waitakere Road, Waitakere","49 Waitakere Road, Waitakere, Auckland, 0816",IAG New Zealand Limited,2022-04-15,AK,Ben Francis,174.548606,-36.857242,,False,
1502000.0332,1502000,1502000.0332,"EQC - 17G Onslow Road, Khandallah","EQC - 17G Onslow Road, Khandallah, Wellington, 6035, NZL",IAG New Zealand Limited,2022-04-19,WN,Shirley Wang,174.800338,-41.252641,Wellington City,True,
1502000.0333,1502000,1502000.0333,"EQC - 1 Owen Road, Inner Kaiti, Gisborne","EQC - 1 Owen Road, Inner Kaiti, Gisborne",IAG New Zealand Limited,2022-04-20,TG,Guy McDougall,178.046275,-38.66534,,False,
1502000.0334,1502000,1502000.0334,"EQC- 17B Onslow Road, Khandallah","EQC- 17B Onslow Road, Khandallah, Wellington",IAG New Zealand Limited,2022-04-20,WN,Shirley Wang,174.800261,-41.252245,Wellington City,True,
1502000.0335,1502000,1502000.0335,"EQC- 17E Onslow Road, Khandallah","EQC- 17E Onslow Road, Khandallah, Wellington",IAG New Zealand Limited,2022-04-20,WN,Shirley Wang,174.80026,-41.252483,Wellington City,True,
1502000.0336,1502000,1502000.0336,"EQC- 17C Onslow Road, Khandallah","EQC- 17C Onslow Road, Khandallah, Wellington",IAG New Zealand Limited,2022-04-20,WN,Shirley Wang,174.800248,-41.252324,Wellington City,True,
1502000.0337,1502000,1502000.0337,"EQC- 118 Inglis Street, Seatoun","EQC- 118 Inglis Street, Seatoun, Wellington, 6022, NZL",IAG New Zealand Limited,2022-04-21,WN,Shirley Wang,174.831301,-41.32777,Wellington City,True,
1502000.0338,1502000,1502000.0338,"EQC - 20 Heaton Grove, Chatswood","EQC - 20 Heaton Grove, Chatswood, Auckland",IAG New Zealand Limited,2022-04-21,AK,Philip Mathewson,174.713578,-36.814253,,False,
1502000.0339,1502000,1502000.0339,"EQC-24 Beswick Place, #7, Birkdale,AKL","EQC-24 Beswick Place, #7, Birkdale,Auckland",IAG New Zealand Limited,2022-04-21,AK,Philip Mathewson,174.703389,-36.797418,,False,
1502000.0340,1502000,1502000.0340,"EQC - 10 Blease Street, New Lynn","EQC - 10 Blease Street, New Lynn, Auckland, 0600, NZL",IAG New Zealand Limited,2022-04-21,AK,Philip Mathewson,174.679659,-36.923489,,False,
1502000.0342,1502000,1502000.0342,"EQC-24 Noakes Hill Road, Puhoi, Wainui","EQC-24 Noakes Hill Road, Puhoi, Wainui, Auckland",IAG New Zealand Limited,2022-04-21,AK,Philip Mathewson,174.637141,-36.54088,,False,
1502000.0343,1502000,1502000.0343,"EQC - 145 Timperley Road, Parua Bay","EQC - 145 Timperley Road, Parua Bay, Whangarei Heads, Northland, 0174",IAG New Zealand Limited,2022-04-21,AK,Philip Mathewson,174.508694,-35.78112,,False,
1502000.0341,1502000,1502000.0341,"EQC - 1A Pine Ridge Terrace, Hauraki","EQC - 1A Pine Ridge Terrace, Hauraki, Auckland, 0622, NZL",IAG New Zealand Limited,2022-04-22,AK,Philip Mathewson,174.773485,-36.803379,,False,
1502000.0344,1502000,1502000.0344,"EQC - 126 Spinella Drive, Bayview","EQC - 126 Spinella Drive, Bayview, Auckland, 0629, NZL",IAG New Zealand Limited,2022-04-26,AK,Philip Mathewson,174.716389,-36.771137,,False,
1502000.0345,1502000,1502000.0345,"EQC - 1558 Dartmoor Road, Dartmoo","EQC - 1558 Dartmoor Road, Dartmoor, Hastings, Hawke's Bay, 4186, NZL",IAG New Zealand Limited,2022-04-28,AK,Philip Mathewson,176.673776,-39.45107,,False,
1502000.0346,1502000,1502000.0346,"EQC- 16A Rangimarie Way, Wadestown","EQC- 16A Rangimarie Way, Wadestown, Wellington, 6012, NZL",IAG New Zealand Limited,2022-04-29,WN,Shirley Wang,174.768005,-41.263836,Wellington City,True,
1502000.0347,1502000,1502000.0347,"EQC - 31B Salisbury Road, Birkdale","EQC - 31B Salisbury Road, Birkdale, Auckland, 0626, NZL",IAG New Zealand Limited,2022-05-03,AK,Philip Mathewson,174.705694,-36.798828,,False,
1502000.0307,1502000,1502000.0307,"5 Tyldens Road, Clevedon","5 Tyldens Road, Clevedon, Auckland, 2582, NZL",IAG New Zealand Limited,2022-05-04,AK,Ben Francis,175.014326,-36.997544,,False,
1502000.0315,1502000,1502000.0315,"EQC - 245 Kopuaroa Road, Waipiro","EQC - 245 Kopuaroa Road, Waipiro, Ruatoria, Gisborne, 4079, NZL",IAG New Zealand Limited,2022-05-05,AK,Guy McDougall,178.298137,-37.991278,,False,
1502000.0349,1502000,1502000.0349,"EQC - 73 Simpson Road, Papamoa Beach","EQC - 73 Simpson Road, Papamoa Beach",AMI Insurance Ltd,2022-05-05,TG,Guy McDougall,176.32264,-37.71172,,False,
1502000.0350,1502000,1502000.0350,"116 Alfriston Road, Manurewa","116 Alfriston Road, Manurewa, Auckland, 2105",IAG New Zealand Limited,2022-05-06,AK,Ben Francis,174.911817,-37.018749,,False,
1502000.0351,1502000,1502000.0351,"EQC-67 Hooker Avenue, Chedworth","EQC-67 Hooker Avenue, Chedworth, Hamilton,Waikato",Ando Insurance Group Limited,2022-05-06,HM,Michael Triggs,175.282394,-37.74778,,False,
1502000.0352,1502000,1502000.0352,EQC - 10B Burn-Murdoch Street,"EQC - 10B Burn-Murdoch Street, Saint Andrews",IAG New Zealand Limited,2022-05-06,HM,Michael Triggs,175.253378,-37.745966,,False,
1502000.0320,1502000,1502000.0320,"EQC - 140 Waiotu Road, Tokomaru Bay","EQC - 140 Waiotu Road, Tokomaru Bay, Gisborne, 4079, NZL",IAG New Zealand Limited,2022-05-07,AK,Guy McDougall,178.319618,-38.147745,,False,
1502000.0353,1502000,1502000.0353,"EQC - 63 Beach Road, Waihi Beach","EQC - 63 Beach Road, Waihi Beach, Bay of Plenty",IAG New Zealand Limited,2022-05-09,TG,Guy McDougall,175.936049,-37.40212,,False,
1502000.0354,1502000,1502000.0354,"76 Edmonton Road, Henderson, AKL 0612","76 Edmonton Road, Henderson, Auckland 0612",IAG New Zealand Limited,2022-05-13,AK,Ben Francis,174.638615,-36.87459,,False,
1502000.0356,1502000,1502000.0356,"EQC - 130A Sandspit Rd, Shelly Park","EQC - 130A Sandspit Rd, Shelly Park, Auckland, 2014, NZL",IAG New Zealand Limited,2022-05-15,AK,Philip Mathewson,174.945385,-36.909881,,False,
1502000.0357,1502000,1502000.0357,"EQC - 15 Wintle Street, Mangawhai Heads","EQC - 15 Wintle Street, Mangawhai Heads, Mangawhai, Northland, 0505, NZL",IAG New Zealand Limited,2022-05-15,AK,Philip Mathewson,174.587262,-36.084766,,False,
1502000.0359,1502000,1502000.0359,"EQC - 554B Whangaroa Road, Whangaroa","EQC - 554B Whangaroa Road, Whangaroa, Northland, 0478",IAG New Zealand Limited,2022-05-15,AK,Philip Mathewson,173.74456,-35.05148,,False,
1502000.0355,1502000,1502000.0355,"EQC - 512 Weranui Road, Puhoi","EQC - 512 Weranui Road, Puhoi, Wainui, Auckland, 0994, NZL",IAG New Zealand Limited,2022-05-16,AK,Philip Mathewson,174.663989,-36.550287,,False,
1502000.0358,1502000,1502000.0358,"EQC - 111 Bell Road, Remuera","EQC - 111 Bell Road, Remuera, Auckland, 1050, NZL",IAG New Zealand Limited,2022-05-16,AK,Philip Mathewson,174.794564,-36.868195,,False,
1502000.0382,1502000,1502000.0382,"EQC - 6 Gladys Avenue, Glenfield","EQC - 6 Gladys Avenue, Glenfield, Auckland, 0629, NZL",IAG New Zealand Limited,2022-05-18,AK,Philip Mathewson,174.716094,-36.775259,,False,
1502000.0360,1502000,1502000.0360,"EQC - 194A Ballance Street, Whataupoko","EQC - 194A Ballance Street, Whataupoko, Gisborne, 4010, NZL",Vero Insurance New Zealand Limited,2022-05-20,TG,Adam Nally,178.032608,-38.650291,,False,
1502000.0361,1502000,1502000.0361,"EQC - 329 Massey Road, Waipu","EQC - 329 Massey Road, Waipu, Northland, 0582, NZL",IAG New Zealand Limited,2022-05-20,AK,Philip Mathewson,174.471065,-36.050867,,False,
1502000.0362,1502000,1502000.0362,"EQC - 34B Osprey Drive, Welcome Bay","EQC - 34B Osprey Drive, Welcome Bay, Tauranga, 3112",IAG New Zealand Limited,2022-05-20,TG,Guy McDougall,176.185649,-37.732225,,False,
1502000.0363,1502000,1502000.0363,"EQC - Sec 4 Blk VII Gore SD, Camp Bay","EQC - Sec 4 Blk VII Gore SD, Camp Bay, Endeavour Inlet",IAG New Zealand Limited,2022-05-20,NE,Marcus Lovell,174.148687,-41.128193,,False,
1502000.0364,1502000,1502000.0364,"EQC - 43 Fraser Avenue, Johnsonville","EQC- 43 Fraser Avenue, Johnsonville, Wellington, 6037, NZL",IAG New Zealand Limited,2022-05-23,WN,Shirley Wang,174.805012,-41.22948,Wellington City,True,
1502000.0365,1502000,1502000.0365,"EQC - 10 Arahiwi Grove, Tirohanga, Lower","EQC- 10 Arahiwi Grove, Tirohanga, Lower Hutt, Wellington, 5010, NZL",IAG New Zealand Limited,2022-05-23,WN,Shirley Wang,174.900808,-41.196836,Lower Hutt City,True,
1502000.0366,1502000,1502000.0366,"EQC - 52 Cartwright Road, Onerahi","EQC - 52 Cartwright Road, Onerahi, Whangarei, Northland, 0110, NZL",IAG New Zealand Limited,2022-05-23,AK,Philip Mathewson,174.372638,-35.750843,,False,
1502000.0367,1502000,1502000.0367,"EQC - 582 Waihau Road, Tolaga Bay","EQC - 582 Waihau Road, Tolaga Bay, Gisborne, 4073",IAG New Zealand Limited,2022-05-24,TG,Guy McDougall,178.297604,-38.447622,,False,
1502000.0368,1502000,1502000.0368,"EQC - 432 Waihau Road, Tolaga Bay","EQC - 432 Waihau Road, Tolaga Bay, Gisborne, 4073, NZL",IAG New Zealand Limited,2022-05-24,TG,Guy McDougall,178.292069,-38.456628,,False,
1502000.0369,1502000,1502000.0369,Irrigation pond damage claim – NZ Hothou,Irrigation pond damage claim – NZ Hothouse Ltd,IAG New Zealand Limited,2022-05-24,AK,Ryan Tutbury,174.93019496800002,-37.12526209199996,,False,
1502000.0370,1502000,1502000.0370,"EQC - 9A Fantome Place, Whalers Gate","EQC - 9A Fantome Place, Whalers Gate, New Plymouth, Taranaki, 4310, NZL",IAG New Zealand Limited,2022-05-26,AK,Philip Mathewson,174.038451,-39.08026,,False,
1502000.0371,1502000,1502000.0371,"EQC - 21 Lomond Street, Newlands","EQC- 21 Lomond Street, Newlands, Wellington, 6037, NZL",IAG New Zealand Limited,2022-05-26,WN,Shirley Wang,174.822305,-41.232564,Wellington City,True,
1502000.1634,1502000,1502000.1634,"EQC - Lot 43, DP 1153, Lochmara Bay","EQC - Lot 43, DP 1153, Lochmara Bay, Marlborough",FMG Insurance Limited,2022-05-29,NE,Marcus Lovell,174.006416,-41.229884,,False,
1502000.1635,1502000,1502000.1635,"EQC - 2/4 Ulster Street, Wakatu, Nelson","EQC - 2/4 Ulster Street, Wakatu, Nelson, 7011",IAG New Zealand Limited,2022-05-29,NE,Marcus Lovell,173.258586,-41.301122,,False,
1502000.0372,1502000,1502000.0372,"EQC - 64 Bay View Road, Whangarei Heads","EQC - 64 Bay View Road, Whangarei Heads, Northland, 0174",IAG New Zealand Limited,2022-05-30,AK,Philip Mathewson,174.50833,-35.826693,,False,
1502000.0373,1502000,1502000.0373,"EQC - 77 Gordon Road, Plimmerton","EQC- 77 Gordon Road, Plimmerton, Porirua, Wellington, 5026, NZL",IAG New Zealand Limited,2022-05-30,WN,Shirley Wang,174.856827,-41.068884,Porirua City,True,
1502000.0264,1502000,1502000.0264,"EQC - 2 Aranoni Track, Clifton, Chch","EQC - 2 Aranoni Track, Clifton, Christchurch",IAG c/o Sedgwick,2022-05-31,CH,Scott Forster,172.756003,-43.56721,,False,
1502000.0374,1502000,1502000.0374,EQC - 249 Hibiscus Coast Highway,"EQC - 249 Hibiscus Coast Highway, Red Beach, Auckland, 0932",IAG New Zealand Limited,2022-06-02,AK,Philip Mathewson,174.696535,-36.601246,,False,
1502000.0376,1502000,1502000.0376,"EQC - 94 Churchill Drive, Taradale","EQC - 94 Churchill Drive, Taradale, Napier, Hawke's Bay, 4112, NZL",IAG New Zealand Limited,2022-06-02,AK,Philip Mathewson,176.833687,-39.544511,,False,
1502000.0377,1502000,1502000.0377,"EQC - 25 Ongo Road, Hunterville","EQC- 25 Ongo Road, Hunterville, Manawatu-Whanganui, 4730, NZL",IAG New Zealand Limited,2022-06-02,WN,Shirley Wang,175.56305,-39.930523,,False,
1502000.0348,1502000,1502000.0348,"EQC - 27 Inglewood Street, Wai O Taiki","EQC - 27 Inglewood Street, Wai O Taiki Bay, Auckland, 1072, NZL",IAG New Zealand Limited,2022-06-03,AK,Philip Mathewson,174.876991,-36.871692,,False,
1502000.0378,1502000,1502000.0378,"EQC - 278A Sunset Road, Sunnybrook","EQC - 278A Sunset Road, Sunnybrook, Rotorua, Bay of Plenty",IAG New Zealand Limited,2022-06-03,TG,Guy McDougall,176.214634,-38.144045,,False,
1502000.0379,1502000,1502000.0379,"298 Mahurangi West Road, Puhoi","298 Mahurangi West Road, Puhoi, Wainui, Auckland, 0983",IAG New Zealand Limited,2022-06-07,AK,Ben Francis,174.685828,-36.499369,,False,
1502000.0380,1502000,1502000.0380,"EQC - 9B John St, Stokes Valley","EQC- 9B John St, Stokes Valley, Lower Hutt, 5019, NZL",IAG New Zealand Limited,2022-06-08,WN,Shirley Wang,174.986267,-41.162334,Lower Hutt City,True,
1502000.0381,1502000,1502000.0381,"EQC - 1 Dalgliesh Avenue, Forest Lake","EQC - 1 Dalgliesh Avenue, Forest Lake, Hamilton, Waikato, 3200, NZL",IAG New Zealand Limited,2022-06-08,HM,Michael Triggs,175.256393,-37.76673,,False,
1502000.0383,1502000,1502000.0383,"EQC - 43 Connaught Terrace, Brooklyn","EQC- 43 Connaught Terrace, Brooklyn, Wellington, 6021, NZL",IAG New Zealand Limited,2022-06-10,WN,Shirley Wang,174.767078,-41.309895,Wellington City,True,
1502000.0384,1502000,1502000.0384,"EQC - 24 Ships Cove, Whitby, Porirua","EQC- 24 Ships Cove, Whitby, Porirua, Wellington, 5024, NZL",IAG New Zealand Limited,2022-06-10,WN,Shirley Wang,174.911611,-41.116383,Porirua City,True,
1502000.0385,1502000,1502000.0385,"EQC - 86 Park Road, Belmont","EQC - 86 Park Road, Belmont, Lower Hutt, Wellington",IAG New Zealand Limited,2022-06-13,WN,Shirley Wang,174.91974,-41.189794,Lower Hutt City,True,
1502000.0386,1502000,1502000.0386,"EQC - 7 Eclipse Lane, Whitby, Porirua","EQC - 7 Eclipse Lane, Whitby, Porirua, Wellington, 5024, NZL",IAG New Zealand Limited,2022-06-15,WN,Shirley Wang,174.901533,-41.110998,Porirua City,True,
1502000.0387,1502000,1502000.0387,"EQC - 86 Salamanca Road, Kelburn","EQC - 86 Salamanca Road, Kelburn, Wellington, 6012, NZL",IAG New Zealand Limited,2022-06-15,WN,Shirley Wang,174.768512,-41.286234,Wellington City,True,
1502000.0388,1502000,1502000.0388,"EQC - 66 Gloaming Hill, Titahi Bay","EQC - 66 Gloaming Hill, Titahi Bay, Porirua, Wellington, 5022, NZL",IAG New Zealand Limited,2022-06-15,WN,Shirley Wang,174.84922,-41.109452,Porirua City,True,
1502000.0389,1502000,1502000.0389,"EQC - 4 Tiroiti Grove, Stokes Valley","EQC - 4 Tiroiti Grove, Stokes Valley, Lower Hutt, Wellington, 5019, NZL",IAG New Zealand Limited,2022-06-16,WN,Shirley Wang,174.980624,-41.167463,Lower Hutt City,True,
1502000.0390,1502000,1502000.0390,"EQC - 32 Wyndham Road, Pinehaven","EQC - 32 Wyndham Road, Pinehaven, Upper Hutt, Wellington, 5019, NZL",IAG New Zealand Limited,2022-06-16,WN,Shirley Wang,175.010153,-41.158386,Upper Hutt City,True,
1502000.0391,1502000,1502000.0391,"EQC - 3 Muscat Place, Henderson","EQC - 3 Muscat Place, Henderson, Auckland, 0612, NZL",IAG New Zealand Limited,2022-06-17,AK,Philip Mathewson,174.613843,-36.88445,,False,
1502000.0393,1502000,1502000.0393,"EQC - 70 Conclusion Street, Ascot Park","EQC - 70 Conclusion Street, Ascot Park, Porirua, Wellington, 5024, NZL",IAG New Zealand Limited,2022-06-23,WN,Shirley Wang,174.87315,-41.116791,Porirua City,True,
1502000.0394,1502000,1502000.0394,"EQC - 97 Sidlaw Street, Strathmore Park","EQC - 97 Sidlaw Street, Strathmore Park, Wellington, 6022, NZL",IAG New Zealand Limited,2022-06-23,WN,Shirley Wang,174.822379,-41.332268,Wellington City,True,
1502000.0395,1502000,1502000.0395,"EQC - 16 Owhiti Street, Titahi Bay","EQC - 16 Owhiti Street, Titahi Bay, Porirua, Wellington, 5022, NZL",IAG New Zealand Limited,2022-06-23,WN,Shirley Wang,174.845651,-41.099124,Porirua City,True,
1502000.0396,1502000,1502000.0396,"EQC - Onslow Road, Khandallah, Welli","EQC - Onslow Road, Khandallah, Wellington, 6035, NZL",IAG New Zealand Limited,2022-06-27,WN,Shirley Wang,174.800307,-41.252172,Wellington City,True,
1502000.0397,1502000,1502000.0397,"EQC - 22 Rangimarie Way, Wadestown","EQC - 22 Rangimarie Way, Wadestown, Wellington, 6012, NZL",IAG New Zealand Limited,2022-06-27,WN,Shirley Wang,174.767931,-41.264148,Wellington City,True,
1502000.0398,1502000,1502000.0398,"EQC - 22 Jocelyn Crescent, Pinehaven","EQC - 22 Jocelyn Crescent, Pinehaven, Upper Hutt, Wellington",IAG New Zealand Limited,2022-06-30,WN,Shirley Wang,175.011958,-41.160908,Upper Hutt City,True,
1502000.0399,1502000,1502000.0399,"EQC - 7A Moana Road, Plimmerton, Porirua","EQC - 7A Moana Road, Plimmerton, Porirua",IAG New Zealand Limited,2022-06-30,WN,Shirley Wang,174.862568,-41.078361,Porirua City,True,
1502000.0400,1502000,1502000.0400,"EQC - 278A Sunset Road, Sunnybrook","EQC - 278A Sunset Road, Sunnybrook, Rotorua, Bay of Plenty",IAG New Zealand Limited,2022-06-30,TG,Guy McDougall,176.214682,-38.144102,,False,
1502000.0401,1502000,1502000.0401,"EQC - 2 Shoal Place, Whitby, Porirua","EQC - 2 Shoal Place, Whitby, Porirua, Wellington, 5024, NZL",IAG New Zealand Limited,2022-06-30,WN,Shirley Wang,174.90087,-41.108365,Porirua City,True,
1502000.0402,1502000,1502000.0402,"EQC - 169 Ranganui Rd, Kaiwaka, 0573, NZ","EQC - 169 Ranganui Rd, Kaiwaka, 0573, NZ",IAG New Zealand Limited,2022-07-01,AK,Philip Mathewson,174.407981,-36.156514,,False,
1502000.0403,1502000,1502000.0403,"EQC - 2 Raynham Way, Silverstream, Upper","EQC - 2 Raynham Way, Silverstream, Upper Hutt, Wellington, 5019, NZL",IAG New Zealand Limited,2022-07-01,WN,Shirley Wang,175.026927,-41.147674,Upper Hutt City,True,
1502000.0404,1502000,1502000.0404,"EQC - 57 Gear Terrace, Ranui, Porirua","EQC - 57 Gear Terrace, Ranui, Porirua, Wellington, 5024, NZL",IAG New Zealand Limited,2022-07-01,WN,Shirley Wang,174.85557,-41.143833,Porirua City,True,
1502000.0405,1502000,1502000.0405,"EQC - 210 Huia Street, Waikanae","EQC - 210 Huia Street, Waikanae, Wellington, 5391, NZL",IAG New Zealand Limited,2022-07-01,WN,Shirley Wang,175.084227,-40.856292,,False,
1502000.0406,1502000,1502000.0406,"46 Staveley Avenue, Mount Roskill","46 Staveley Avenue, Mount Roskill, Auckland, 1041, NZL",IAG New Zealand Limited,2022-07-05,AK,Ben Francis,174.747557,-36.922889,,False,
1502000.0408,1502000,1502000.0408,"EQC - 2B McEntee Road, Waitakere","EQC - 2B McEntee Road, Waitakere, Auckland, 0816, NZL",IAG New Zealand Limited,2022-07-06,AK,Philip Mathewson,174.544314,-36.852368,,False,
1502000.0407,1502000,1502000.0407,"EQC - 3 Oriental Terrace, Oriental Bay","EQC - 3 Oriental Terrace, Oriental Bay, Wellington, 6011, NZL",IAG New Zealand Limited,2022-07-07,WN,Shirley Wang,174.791638,-41.291712,Wellington City,True,
1502000.0409,1502000,1502000.0409,"EQC - 74 Sunshine Rd, Taumarunui","EQC - 74 Sunshine Rd, Taumarunui, 3920, NZL",IAG New Zealand Limited,2022-07-07,HM,Michael Triggs,175.264772,-38.891992,,False,
1502000.0392,1502000,1502000.0392,"55 Prince Regent Drive, Half Moon Bay","55 Prince Regent Drive, Half Moon Bay, Auckland, 2012, NZL",IAG New Zealand Limited,2022-07-15,AK,Ben Francis,174.89563,-36.887562,,False,
1502000.0410,1502000,1502000.0410,"EQC - 81 Balfour Street, Mornington","EQC - 81 Balfour Street, Mornington, Wellington, 6021, NZL",IAG New Zealand Limited,2022-07-15,WN,Shirley Wang,174.767251,-41.316515,Wellington City,True,
1502000.0411,1502000,1502000.0411,"EQC - 35 Bailey Road, Mount Wellington","EQC - 35 Bailey Road, Mount Wellington, Auckland, 1060, NZL",IAG New Zealand Limited,2022-07-18,AK,Philip Mathewson,174.82789,-36.91029,,False,
1502000.0412,1502000,1502000.0412,"EQC - 40 Clovelly Road, Bucklands Beach","EQC - 40 Clovelly Road, Bucklands Beach, Auckland, 2012, NZL",IAG New Zealand Limited,2022-07-19,AK,Philip Mathewson,174.904572,-36.859164,,False,
1502000.0413,1502000,1502000.0413,"EQC - 38 Clovelly Road, Bucklands Beach","EQC - 38 Clovelly Road, Bucklands Beach, Auckland, 2012, NZL",IAG New Zealand Limited,2022-07-19,AK,Philip Mathewson,174.90429,-36.859025,,False,
1502000.0414,1502000,1502000.0414,"EQC - 44 Whitney Street, #1, New Windsor","EQC - 44 Whitney Street, #1, New Windsor, Auckland, 0600, NZL",IAG New Zealand Limited,2022-07-20,AK,Philip Mathewson,174.708832,-36.904664,,False,
1502000.0415,1502000,1502000.0415,"EQC - 44 Whitney Street, #2, New Windsor","EQC - 44 Whitney Street, #2, New Windsor, Auckland, 0600, NZL",IAG New Zealand Limited,2022-07-20,AK,Philip Mathewson,174.709101,-36.904713,,False,
1502000.0416,1502000,1502000.0416,"EQC - 42 John Street, Stokes Valley","EQC - 42 John Street, Stokes Valley, Lower Hutt, Wellington, 5019, NZL",IAG New Zealand Limited,2022-07-20,WN,Shirley Wang,174.987947,-41.163472,Lower Hutt City,True,
1502000.0417,1502000,1502000.0417,"EQC - 13A Yarrow Place, Papakowhai","EQC - 13A Yarrow Place, Papakowhai, Porirua, Wellington, 5024, NZL",IAG New Zealand Limited,2022-07-21,WN,Shirley Wang,174.867147,-41.115114,Porirua City,True,
1502000.0418,1502000,1502000.0418,"EQC - 387A Okahu Road, Kaitaia","EQC - 387A Okahu Road, Kaitaia, Northland, 0481, NZL",IAG New Zealand Limited,2022-07-21,AK,Philip Mathewson,173.258451,-35.147502,,False,
1502000.0419,1502000,1502000.0419,"EQC - 7 Wagner Place, Waiotahe, Opotiki","EQC - 7 Wagner Place, Waiotahe, Opotiki, Bay of Plenty, 3198, NZL",IAG New Zealand Limited,2022-07-22,TG,Guy McDougall,177.174031,-37.989503,,False,
1502000.0420,1502000,1502000.0420,"EQC - 186B Woodlands Park Rd, Titirangi","EQC - 186B Woodlands Park Rd, Titirangi, Auckland, 0604, NZL",IAG New Zealand Limited,2022-07-22,AK,Philip Mathewson,174.632411,-36.943984,,False,
1502000.0421,1502000,1502000.0421,"EQC - 1B Harvey Road, Bluff Hill, Napier","EQC - 1B Harvey Road, Bluff Hill, Napier, Hawke's Bay, 4110, NZL",IAG New Zealand Limited,2022-07-22,AK,Philip Mathewson,176.9104,-39.486413,,False,
1502000.0422,1502000,1502000.0422,"EQC - 65 Milton Road, Bluff Hill, Napier","EQC - 65 Milton Road, Bluff Hill, Napier, Hawke's Bay, 4110, NZL",IAG New Zealand Limited,2022-07-22,AK,Philip Mathewson,176.910059,-39.486833,,False,
1502000.0442,1502000,1502000.0442,EQC - 186D Woodlands Park Road,"EQC - 186D Woodlands Park Road, Titirangi, Auckland, 0604, NZL",IAG New Zealand Limited,2022-07-22,AK,Philip Mathewson,174.632096,-36.944413,,False,
1502000.0443,1502000,1502000.0443,EQC - 186E Woodlands Park Road,"EQC - 186E Woodlands Park Road, Titirangi, Auckland, 0604, NZL",IAG New Zealand Limited,2022-07-22,AK,Philip Mathewson,174.631511,-36.944465,,False,
1502000.0423,1502000,1502000.0423,"EQC - 70 Raroa Road, Kelburn, Wellington","EQC - 70 Raroa Road, Kelburn, Wellington, 6012, NZL",IAG New Zealand Limited,2022-07-25,WN,Shirley Wang,174.758522,-41.290838,Wellington City,True,
1502000.0424,1502000,1502000.0424,"EQC -   16 Ontario Street, Kingston","EQC - 16 Ontario Street, Kingston, Wellington, 6021, NZL",IAG New Zealand Limited,2022-07-25,WN,Shirley Wang,174.765752,-41.322176,Wellington City,True,
1502000.0425,1502000,1502000.0425,"EQC - 25 Ongo Road, Hunterville","EQC - 25 Ongo Road, Hunterville, Manawatu-Whanganui, 4730, NZL",IAG New Zealand Limited,2022-07-25,WN,Shirley Wang,175.563318,-39.930661,,False,
1502000.0426,1502000,1502000.0426,"EQC - 8 Kennedy Avenue, Forrest Hill","EQC - 8 Kennedy Avenue, Forrest Hill, Auckland, 0620, NZL",IAG New Zealand Limited,2022-07-25,AK,Philip Mathewson,174.743188,-36.76804,,False,
1502000.0427,1502000,1502000.0427,"EQC - 22 Walker Avenue, Paremata, Poriru","EQC - 22 Walker Avenue, Paremata, Porirua, Wellington, 5026, NZL",IAG New Zealand Limited,2022-07-25,WN,Shirley Wang,174.870487,-41.093539,Porirua City,True,
1502000.0428,1502000,1502000.0428,"EQC - 60 Holborn Drive, Stokes Valley","EQC - 60 Holborn Drive, Stokes Valley, Lower Hutt, Wellington, 5019, NZL",IAG New Zealand Limited,2022-07-25,WN,Shirley Wang,174.978715,-41.162076,Lower Hutt City,True,
1502000.0429,1502000,1502000.0429,"EQC - 2 Butt Street, Brooklyn","EQC - 2 Butt Street, Brooklyn, Brooklyn, Wellington, 6021, NZL",IAG New Zealand Limited,2022-07-26,WN,Shirley Wang,174.762425,-41.310553,Wellington City,True,
1502000.0430,1502000,1502000.0430,"EQC - 215 Rosetta Road, Raumati South","EQC - 215 Rosetta Road, Raumati South, Paraparaumu, Wellington, 5032, NZL",IAG New Zealand Limited,2022-07-26,WN,Shirley Wang,174.97716405200003,-40.92592302899993,,False,
1502000.0431,1502000,1502000.0431,"23 Pomare Road, Tirohanga","23 Pomare Road, Tirohanga, Lower Hutt, Wellington, 5010, NZL",IAG New Zealand Limited,2022-07-26,WN,Elyse Armstrong,174.91224956500002,-41.19885339299998,Lower Hutt City,True,
1502000.1308,1502000,1502000.1308,"EQC - 215 Rosetta Road, Raumati South","EQC - 215 Rosetta Road, Raumati South, Paraparaumu, Wellington, 5032, NZL",IAG New Zealand Limited,2022-07-26,WN,Shirley Wang,174.977155,-40.925932,,False,
1502000.0432,1502000,1502000.0432,"EQC - 199 Eskdale Rd, Birkenhead","EQC - 199 Eskdale Rd, Birkenhead, Auckland, 0626, NZL",IAG New Zealand Limited,2022-07-27,AK,Philip Mathewson,174.720076,-36.800347,,False,
1502000.0433,1502000,1502000.0433,"EQC - 2/70A Wairoa Rd, Narrow Neck","EQC - 2/70A Wairoa Rd, Narrow Neck, Auckland, 0624, NZL",IAG New Zealand Limited,2022-07-27,AK,Philip Mathewson,174.801704,-36.815418,,False,
1502000.0434,1502000,1502000.0434,"EQC - 363 Ohiro Road, Brooklyn","EQC - 363 Ohiro Road, Brooklyn, Wellington, 6021, NZL",IAG New Zealand Limited,2022-07-27,WN,Shirley Wang,174.761453,-41.31422,Wellington City,True,
1502000.0435,1502000,1502000.0435,"EQC - 35 Hawks Ridge Rise, Dome Forest","EQC - 35 Hawks Ridge Rise, Dome Forest, Warkworth, Auckland, 0981, NZL",IAG New Zealand Limited,2022-07-27,AK,Philip Mathewson,174.594581,-36.397929,,False,
1502000.0436,1502000,1502000.0436,"EQC - 14 Hollies Crescent, Johnsonville","EQC - 14 Hollies Crescent, Johnsonville, Wellington, 6037, NZL",IAG New Zealand Limited,2022-07-27,WN,Shirley Wang,174.793305,-41.228926,Wellington City,True,
1502000.0437,1502000,1502000.0437,"EQC - 37 Ngaio Gorge Road, Ngaio","EQC - 37 Ngaio Gorge Road, Ngaio, Wellington, 6035, NZL",IAG New Zealand Limited,2022-07-27,WN,Shirley Wang,174.773834,-41.257053,Wellington City,True,
1502000.0438,1502000,1502000.0438,"EQC-41A Augusta Street, Redcliffs, Chris","EQC - 41A Augusta Street, Redcliffs, Christchurch, Canterbury, 8081",IAG New Zealand Limited,2022-07-28,CH,Anna Sleight,172.736003,-43.564859,,False,
1502000.0439,1502000,1502000.0439,"EQC - 8 Aydon Road, Titirangi","EQC - 8 Aydon Road, Titirangi, Auckland, 0604, NZL",IAG New Zealand Limited,2022-07-28,AK,Philip Mathewson,174.661371,-36.951539,,False,
1502000.0440,1502000,1502000.0440,"EQC - 174 Valley Road, Mangapapa","EQC - 174 Valley Road, Mangapapa, Gisborne, 4010, NZL",IAG New Zealand Limited,2022-07-29,AK,Philip Mathewson,178.018551,-38.632558,,False,
1502000.0441,1502000,1502000.0441,EQC - 186C Woodlands Park Road,"EQC - 186C Woodlands Park Road, Titirangi, Auckland, 0604, NZL",IAG New Zealand Limited,2022-08-01,AK,Philip Mathewson,174.632546,-36.944353,,False,
1502000.0444,1502000,1502000.0444,"EQC - 51 Clyde Street, Island Bay, WGTN","EQC - 51 Clyde Street, Island Bay, Wellington, 6023, NZL",IAG New Zealand Limited,2022-08-01,CH,Shirley Wang,174.7755797000001,-41.33208771899996,Wellington City,True,
1502000.0445,1502000,1502000.0445,"EQC - 89A Royal Road, #7, Massey","EQC - 89A Royal Road, #7, Massey, Auckland, 0614, NZL",IAG New Zealand Limited,2022-08-01,AK,Philip Mathewson,174.613329,-36.8319,,False,
1502000.0375,1502000,1502000.0375,"EQC - 1000 East Coast Road, Northcross","EQC - 1000 East Coast Road, Northcross, Auckland, 0630, NZL",IAG New Zealand Limited,2022-08-02,AK,Philip Mathewson,174.724028,-36.705705,,False,
1502000.0446,1502000,1502000.0446,"EQC - 13 Glen Road, Kelburn, Wellington","EQC - 13 Glen Road, Kelburn, Wellington, 6012, NZL",IAG New Zealand Limited,2022-08-02,WN,Shirley Wang,174.764431,-41.285749,Wellington City,True,
1502000.0447,1502000,1502000.0447,"EQC - 166 Morningside Road, Morningside","EQC - 166 Morningside Road, Morningside, Whangarei, Northland, 0110, NZL",IAG New Zealand Limited,2022-08-02,AK,Philip Mathewson,174.323956,-35.738001,,False,
1502000.0448,1502000,1502000.0448,EQC - 671 Paekakariki Hill Road,"EQC - 671 Paekakariki Hill Road, Paekakariki Hill, Pukerua Bay, Wellington, 5381, NZL",IAG New Zealand Limited,2022-08-02,WN,Shirley Wang,174.932126,-41.053108,Porirua City,True,
1502000.0449,1502000,1502000.0449,"EQC - 15 Bayview Road, Paremata, Porirua","EQC - 15 Bayview Road, Paremata, Porirua, Wellington, 5024, NZL",IAG New Zealand Limited,2022-08-02,WN,Shirley Wang,174.877372,-41.10444,Porirua City,True,
1502000.0450,1502000,1502000.0450,"EQC - 13 Lonsdale Crescent, Rongotai","EQC - 13 Lonsdale Crescent, Rongotai, Wellington, 6022, NZL",IAG New Zealand Limited,2022-08-02,WN,Shirley Wang,174.803268,-41.320285,Wellington City,True,
1502000.0451,1502000,1502000.0451,"EQC - 12 Dudley Road, Lyttelton","EQC - 12 Dudley Road, Lyttelton, Canterbury, 8082, NZL",IAG New Zealand Limited,2022-08-02,CH,Anna Sleight,172.71359,-43.601811,,False,
1502000.0452,1502000,1502000.0452,"EQC - 5 Snowden Place, Raglan, Waikato","EQC - 5 Snowden Place, Raglan, Waikato, 3225, NZL",IAG New Zealand Limited,2022-08-02,HM,Michael Triggs,174.876099,-37.802642,,False,
1502000.0463,1502000,1502000.0463,"EQC - 5577 Croisilles-French Pass Rd,","EQC - 5577 Croisilles-French Pass Road, French Pass, 7193",IAG New Zealand Limited,2022-08-02,NE,Marcus Lovell,173.814593,-40.953249,,False,
1502000.1093,1502000,1502000.1093,"EQC - 103 Mt Pleasant Road, Christchurch","EQC - 103 Mt Pleasant Road, Mount Pleasant, Christchurch, Canterbury, 8081, NZL",IAG New Zealand Limited,2022-08-02,CH,Barry McDowell,172.71854616400003,-43.56237766299995,,False,
1502000.0453,1502000,1502000.0453,"EQC - 310 Maungatapu Road, Maungatapu","EQC - 310 Maungatapu Road, Maungatapu, Tauranga, Bay of Plenty, 3112, NZL",IAG New Zealand Limited,2022-08-03,TG,Guy McDougall,176.179808,-37.714537,,False,
1502000.0454,1502000,1502000.0454,"EQC - 312A Maungatapu Road, Maungatapu","EQC - 312A Maungatapu Road, Maungatapu, Tauranga, Bay of Plenty, 3112, NZL",IAG New Zealand Limited,2022-08-03,TG,Guy McDougall,176.179899,-37.714424,,False,
1502000.0455,1502000,1502000.0455,"EQC - 12 MacMillan Avenue, Cashmere","EQC - 12 MacMillan Avenue, Cashmere, Christchurch, Canterbury, 8022, NZL",IAG New Zealand Limited,2022-08-03,CH,Anna Sleight,172.629038,-43.57359,,False,
1502000.0456,1502000,1502000.0456,"EQC - 1411 Marokopa Road, Marokopa","EQC - 1411 Marokopa Road, Marokopa, Taharoa, Waikato, 3985, NZL",IAG New Zealand Limited,2022-08-03,HM,Michael Triggs,174.727816,-38.301335,,False,
1502000.0457,1502000,1502000.0457,"EQC - 1411 Marokopa Road, Marokopa","EQC - 1411 Marokopa Road, Marokopa, Taharoa, Waikato, 3985, NZL",IAG New Zealand Limited,2022-08-03,HM,Michael Triggs,174.727565,-38.301341,,False,
1502000.0458,1502000,1502000.0458,"EQC - 181 Rangitane Road, Kerikeri","EQC - 181 Rangitane Road, Kerikeri, Northland, 0294, NZL",IAG New Zealand Limited,2022-08-04,AK,Philip Mathewson,174.002545,-35.191372,,False,
1502000.0459,1502000,1502000.0459,"EQC - 164 Kahu Road, Paremata, Porirua","EQC - 164 Kahu Road, Paremata, Porirua, Wellington, 5024, NZL",IAG New Zealand Limited,2022-08-04,WN,Shirley Wang,174.879937,-41.108083,Porirua City,True,
1502000.0460,1502000,1502000.0460,"EQC -970 Te Anga Road, Waitomo","EQC - 970 Te Anga Road, Waitomo, Oparau, Waikato, 3988, NZL",IAG New Zealand Limited,2022-08-05,HM,Michael Triggs,175.026338,-38.26365,,False,
1502000.0461,1502000,1502000.0461,"EQC - 22 Bay Lair Grove, Island Bay","EQC - 22 Bay Lair Grove, Island Bay, Wellington, 6023, NZL",IAG New Zealand Limited,2022-08-05,WN,Shirley Wang,174.777241,-41.331415,Wellington City,True,
1502000.0462,1502000,1502000.0462,"EQC - 11 Glen Road, Kelburn, Wellington","EQC - 11 Glen Road, Kelburn, Wellington, 6012, NZL",IAG New Zealand Limited,2022-08-05,WN,Shirley Wang,174.764572,-41.285682,Wellington City,True,
1502000.0464,1502000,1502000.0464,"EQC - 11 Carkeek St, Seddon","EQC - 11 Carkeek Street, Seddon, Marlborough 7210",IAG New Zealand Limited,2022-08-05,NE,Marcus Lovell,174.074942,-41.670808,,False,
1502000.0465,1502000,1502000.0465,"EQC - 210 Monowai Road, Wainui, Auckland","EQC - 210 Monowai Road, Wainui, Auckland, 0994, NZL",IAG New Zealand Limited,2022-08-07,AK,Philip Mathewson,174.585305,-36.574453,,False,
1502000.0466,1502000,1502000.0466,"EQC - 49 Clyde Street, Island Bay","EQC - 49 Clyde Street, Island Bay, Wellington, 6023, NZL",IAG New Zealand Limited,2022-08-07,WN,Shirley Wang,174.775614,-41.331972,Wellington City,True,
1502000.0467,1502000,1502000.0467,"EQC - 71 Jacksons Road, #4, Lyttelton","EQC - 71 Jacksons Road, #4, Lyttelton, Canterbury, 8082, NZL",IAG New Zealand Limited,2022-08-08,CH,Anna Sleight,172.71806,-43.598196,,False,
1502000.0468,1502000,1502000.0468,"EQC - 168 Paremata Road, Paremata","EQC - 168 Paremata Road, Paremata, Porirua, Wellington, 5024, NZL",IAG New Zealand Limited,2022-08-08,WN,Shirley Wang,174.879733,-41.104385,Porirua City,True,
1502000.0469,1502000,1502000.0469,"EQC - 1342A Akatarawa Road, Akatarawa","EQC - 1342A Akatarawa Road, Akatarawa, Upper Hutt, Wellington, 5372, NZL",IAG New Zealand Limited,2022-08-09,WN,Shirley Wang,175.112976,-41.066766,Upper Hutt City,True,
1502000.0470,1502000,1502000.0470,"EQC - 2 Waerenga Road, Days Bay","EQC - 2 Waerenga Road, Days Bay, Lower Hutt, Wellington, 5013, NZL",IAG New Zealand Limited,2022-08-09,WN,Shirley Wang,174.905255,-41.28372,Lower Hutt City,True,
1502000.0471,1502000,1502000.0471,"EQC - 94 Beazley Avenue, Paparangi","EQC - 94 Beazley Avenue, Paparangi, Wellington, 6037, NZL",IAG New Zealand Limited,2022-08-09,WN,Shirley Wang,174.820537,-41.216356,Wellington City,True,
1502000.0472,1502000,1502000.0472,"EQC - 32 Cressy Terrace, Lyttelton","EQC - 32 Cressy Terrace, Lyttelton, Canterbury, 8082, NZL",IAG New Zealand Limited,2022-08-09,CH,Anna Sleight,172.708333,-43.604751,,False,
1502000.0473,1502000,1502000.0473,"EQC - 26 Cressy Terrace, Lyttelton","EQC - 26 Cressy Terrace, Lyttelton, Canterbury, 8082, NZL",IAG New Zealand Limited,2022-08-09,CH,Anna Sleight,172.708491,-43.604141,,False,
1502000.0474,1502000,1502000.0474,"EQC - 1508 Pakiri Rd, Tomarata","EQC - 1508 Pakiri Rd, Tomarata, Wellsford, 0972, NZL",IAG New Zealand Limited,2022-08-10,AK,Philip Mathewson,174.696584,-36.275357,,False,
1502000.0475,1502000,1502000.0475,"EQC - 99B Brian Crescent, Stanmore Bay","EQC - 99B Brian Crescent, Stanmore Bay, Whangaparaoa, Auckland, 0932, NZL",IAG New Zealand Limited,2022-08-10,AK,Philip Mathewson,174.719517,-36.619088,,False,
1502000.0476,1502000,1502000.0476,"EQC - 56 Holloway Road, Aro Valley","EQC - 56 Holloway Road, Aro Valley, Wellington, 6021, NZL",IAG New Zealand Limited,2022-08-10,WN,Shirley Wang,174.757941,-41.295411,Wellington City,True,
1502000.0477,1502000,1502000.0477,"EQC - 4 Trecastle Lane, Huntsbury","EQC - 4 Trecastle Lane, Huntsbury, Christchurch, Canterbury, 8022, NZL",IAG New Zealand Limited,2022-08-10,CH,Anna Sleight,172.648664,-43.573081,,False,
1502000.0483,1502000,1502000.0483,"EQC - 9 Henderson Street, Mornington","EQC - 9 Henderson Street, Mornington, Dunedin, Otago, 9011, NZL",IAG New Zealand Limited,2022-08-10,CH,Anna Sleight,170.482829,-45.882708,,False,
1502000.0489,1502000,1502000.0489,"EQC - 11 Te Awakura Terrace, Mt Pleasant","EQC - 11 Te Awakura Terrace, Mount Pleasant, Christchurch, Canterbury, 8081, NZL",IAG New Zealand Limited,2022-08-10,CH,Anna Sleight,172.712843,-43.557262,,False,
1502000.0478,1502000,1502000.0478,"EQC - 56 Lara Lane, Kaiwaka, Northland","EQC - 56 Lara Lane, Kaiwaka, Northland, 0573, NZL",IAG New Zealand Limited,2022-08-11,AK,Philip Mathewson,174.493536,-36.15178,,False,
1502000.0479,1502000,1502000.0479,"EQC - 22 Kowhai Street, Eastbourne","EQC - 22 Kowhai Street, Eastbourne, Lower Hutt, Wellington",IAG New Zealand Limited,2022-08-11,WN,Shirley Wang,174.894275,-41.303316,Lower Hutt City,True,
1502000.0480,1502000,1502000.0480,"EQC - 503 Wellington Road, Marton","EQC - 503 Wellington Road, Marton, Manawatu-Whanganui",IAG New Zealand Limited,2022-08-11,WN,Shirley Wang,175.380396,-40.084172,,False,
1502000.0481,1502000,1502000.0481,"EQC-98 Totara Road, Miramar, Wellington","EQC-98 Totara Road, Miramar, Wellington, 6022, NZL",IAG New Zealand Limited,2022-08-12,WN,Shirley Wang,174.827833,-41.307152,Wellington City,True,
1502000.0482,1502000,1502000.0482,"EQC - 1 Bruce Road, Glenfield, Auckland","EQC - 1 Bruce Road, Glenfield, Auckland, 0629, NZL",IAG New Zealand Limited,2022-08-12,AK,Philip Mathewson,174.737204,-36.781216,,False,
1502000.0484,1502000,1502000.0484,"EQC - 48 Overtoun Terrace, Hataitai","EQC - 48 Overtoun Terrace, Hataitai, Wellington, 6021, NZL",IAG New Zealand Limited,2022-08-12,WN,Shirley Wang,174.795834,-41.307711,Wellington City,True,
1502000.0485,1502000,1502000.0485,"EQC - 35 Myrtle Crescent, Mount Cook","EQC - 35 Myrtle Crescent, Mount Cook, Wellington, 6021, NZL",IAG New Zealand Limited,2022-08-12,WN,Shirley Wang,174.7777,-41.303533,Wellington City,True,
1502000.0486,1502000,1502000.0486,"EQC - 70A Church Road, Kaitaia","EQC - 70A Church Road, Kaitaia, Northland, 0410, NZL",IAG New Zealand Limited,2022-08-12,AK,Philip Mathewson,173.275356,-35.114283,,False,
1502000.0604,1502000,1502000.0604,"EQC - 42 Mahinepua Rd, Kaeo","EQC - 42 Mahinepua Rd, Kaeo, 0478, NZL",IAG New Zealand Limited,2022-08-12,AK,Philip Mathewson,173.840747,-35.002795,,False,
1502000.0487,1502000,1502000.0487,"EQC - 6 Cabot Place, Kingston","EQC - 6 Cabot Place, Kingston, Wellington",IAG New Zealand Limited,2022-08-15,WN,Shirley Wang,174.762289,-41.322164,Wellington City,True,
1502000.0488,1502000,1502000.0488,"EQC - 93 Holloway Road, Aro Valley (1)","EQC - 93 Holloway Road, Aro Valley, Wellington (Landslip Event 1)",IAG New Zealand Limited,2022-08-15,WN,Shirley Wang,174.756887,-41.297096,Wellington City,True,
1502000.0490,1502000,1502000.0490,"EQC - 41 Greenvalley Rise, #1, Glenfield","EQC - 41 Greenvalley Rise, #1, Glenfield, Auckland, 0629, NZL",IAG New Zealand Limited,2022-08-16,AK,Philip Mathewson,174.724224,-36.789333,,False,
1502000.0491,1502000,1502000.0491,"EQC - 6 King Richard Place, Browns Bay","EQC - 6 King Richard Place, Browns Bay, Auckland, 0630, NZL",IAG New Zealand Limited,2022-08-16,AK,Philip Mathewson,174.733515,-36.717508,,False,
1502000.0492,1502000,1502000.0492,"EQC - 156 Cleveland Tce, Nelson 7010","EQC - 156 Cleveland Terrace, Maitai, Nelson 7010",IAG New Zealand Limited,2022-08-16,NE,Marcus Lovell,173.303643,-41.278109,,False,
1502000.0493,1502000,1502000.0493,"EQC - 36B West Tamaki Road, St Heliers","EQC - 36B West Tamaki Road, St Heliers, Auckland, 1072, NZL",IAG New Zealand Limited,2022-08-16,AK,Philip Mathewson,174.855391,-36.866995,,False,
1502000.0494,1502000,1502000.0494,"EQC - 72 Glen Rd, Glenduan, Nelson 7071","EQC - 72 Glen Road, Glenduan, Nelson 7071",IAG New Zealand Limited,2022-08-16,NE,Marcus Lovell,173.363626,-41.19781,,False,
1502000.0495,1502000,1502000.0495,"EQC - 16 Latham Road, York Bay, Lower Hu","EQC - 16 Latham Road, York Bay, Lower Hutt, Wellington, 5013, NZL",IAG New Zealand Limited,2022-08-16,WN,Shirley Wang,174.913396,-41.263429,Lower Hutt City,True,
1502000.0497,1502000,1502000.0497,"EQC - 18 Latham Road, York Bay, Lower Hu","EQC - 18 Latham Road, York Bay, Lower Hutt, Wellington, 5013, NZL",IAG New Zealand Limited,2022-08-16,WN,Shirley Wang,174.913452,-41.263612,Lower Hutt City,True,
1502000.0496,1502000,1502000.0496,"EQC - 17 Kaitawa Road, York Bay, Lower H","EQC - 17 Kaitawa Road, York Bay, Lower Hutt, Wellington, 5013, NZL",IAG New Zealand Limited,2022-08-17,WN,Shirley Wang,174.91265,-41.263661,Lower Hutt City,True,
1502000.0498,1502000,1502000.0498,"EQC - 117 James Rd, Rangitumau, Masterto","EQC - 117 James Rd, Rangitumau, Masterton, 5871, NZL",IAG New Zealand Limited,2022-08-17,WN,Shirley Wang,175.702412,-40.85724,,False,
1502000.0499,1502000,1502000.0499,"EQC - 14 Wairere Road, Bastia Hill","EQC - 14 Wairere Road, Bastia Hill, Whanganui, Manawatu-Whanganui, 4500, NZL",AMI Insurance Ltd,2022-08-17,WN,Shirley Wang,175.06157,-39.928987,,False,
1502000.0501,1502000,1502000.0501,"EQC - 49 Waitakere Road, Waitakere","EQC - 49 Waitakere Road, Waitakere, Auckland, 0816, NZL",IAG New Zealand Limited,2022-08-18,AK,Philip Mathewson,174.548678,-36.857146,,False,
1502000.0502,1502000,1502000.0502,"EQC - 2 Waerenga Road, Days Bay, Lower H","EQC - 2 Waerenga Road, Days Bay, Lower Hutt, Wellington, 5013, NZL",IAG New Zealand Limited,2022-08-18,WN,Shirley Wang,174.905118,-41.283737,Lower Hutt City,True,
1502000.0503,1502000,1502000.0503,"EQC - 4 Waerenga Road, Days Bay, Lower H","EQC - 4 Waerenga Road, Days Bay, Lower Hutt, Wellington, 5013, NZL",IAG New Zealand Limited,2022-08-18,WN,Shirley Wang,174.905401,-41.284034,Lower Hutt City,True,
1502000.0504,1502000,1502000.0504,"EQC - 193 Colombo Road, Masterton, Welli","EQC - 193 Colombo Road, Masterton, Wellington, 5810, NZL",IAG New Zealand Limited,2022-08-18,WN,Shirley Wang,175.656547,-40.964109,,False,
1502000.0506,1502000,1502000.0506,"EQC - 19 Gracechurch Drive, Flat Bush","EQC - 19 Gracechurch Drive, Flat Bush, Auckland, 2016, NZL",IAG New Zealand Limited,2022-08-18,AK,Philip Mathewson,174.925262,-36.954107,,False,
1502000.0509,1502000,1502000.0509,"EQC - 159 Karepa Street, Brooklyn","EQC - 159 Karepa Street, Brooklyn, Wellington, 6021, NZL",IAG New Zealand Limited,2022-08-19,WN,Shirley Wang,174.757649,-41.30558,Wellington City,True,
1502000.0510,1502000,1502000.0510,"EQC - 4 Mortimer Terrace, Aro Valley","EQC - 4 Mortimer Terrace, Aro Valley, Wellington, 6021, NZL",IAG New Zealand Limited,2022-08-19,WN,Shirley Wang,174.764812,-41.297303,Wellington City,True,
1502000.0511,1502000,1502000.0511,"EQC - 4 Duncan Street, Tawa, Wellington","EQC - 4 Duncan Street, Tawa, Wellington, 5028, NZL",IAG New Zealand Limited,2022-08-19,WN,Shirley Wang,174.82806,-41.173288,Wellington City,True,
1502000.0512,1502000,1502000.0512,"EQC - 8 King Richard Place, Browns Bay","EQC - 8 King Richard Place, Browns Bay, Auckland, 0630, NZL",IAG New Zealand Limited,2022-08-19,AK,Philip Mathewson,174.733328,-36.717411,,False,
1502000.0513,1502000,1502000.0513,"EQC - 80 King Road, Mangawhai, Northland","EQC - 80 King Road, Mangawhai, Northland, 0573, NZL",IAG New Zealand Limited,2022-08-22,AK,Philip Mathewson,174.558501,-36.08811,,False,
1502000.0514,1502000,1502000.0514,"EQC - 3 Easter Parade, Glen Eden","EQC - 3 Easter Parade, Glen Eden, Auckland, 0602, NZL",IAG New Zealand Limited,2022-08-22,AK,Philip Mathewson,174.631596,-36.920892,,False,
1502000.0515,1502000,1502000.0515,"EQC - 58 The Drive, Tawa, Wellington","EQC - 58 The Drive, Tawa, Wellington, 5028, NZL",IAG New Zealand Limited,2022-08-23,WN,Shirley Wang,174.81844,-41.174129,Wellington City,True,
1502000.0516,1502000,1502000.0516,"EQC - 4 Endeavour Place, Lyttelton","EQC - 4 Endeavour Place, Lyttelton, Canterbury, 8082, NZL",IAG New Zealand Limited,2022-08-24,CH,Anna Sleight,172.721958,-43.594707,,False,
1502000.0517,1502000,1502000.0517,"EQC - 104 Cressy Terrace, Corsair Bay","EQC - 104 Cressy Terrace, Corsair Bay, Lyttelton, Canterbury, 8082, NZL",IAG New Zealand Limited,2022-08-24,CH,Anna Sleight,172.701595,-43.607113,,False,
1502000.0518,1502000,1502000.0518,"EQC - 14 Tanera Crescent, Brooklyn","EQC - 14 Tanera Crescent, Brooklyn, Wellington, 6021, NZL",IAG New Zealand Limited,2022-08-24,WN,Shirley Wang,174.763421,-41.300878,Wellington City,True,
1502000.0519,1502000,1502000.0519,"EQC - 8 Dudley Road, Lyttelton","EQC - 8 Dudley Road, Lyttelton, Canterbury, 8082, NZL",IAG New Zealand Limited,2022-08-24,CH,Anna Sleight,172.713887,-43.601834,,False,
1502000.0034,1502000,1502000.0034,"EQC - 65 Balfour Street, Mornington","EQC - 65 Balfour Street, Mornington, Wellington, 6021, NZL",IAG New Zealand Limited,2022-08-25,WN,Shirley Wang,174.831215,-41.305142,Wellington City,True,
1502000.0521,1502000,1502000.0521,"EQC - 152 Moana Avenue, Moana, Nelson","EQC - 152 Moana Avenue, Moana, Nelson, 7011",IAG New Zealand Limited,2022-08-25,AK,Marcus Lovell,173.256753,-41.280681,,False,
1502000.0522,1502000,1502000.0522,"EQC - 146 Lud Valley Road, Hira","EQC - 146 Lud Valley Road, Hira, Mount Richmond Forest Park, Nelson, 7071",IAG New Zealand Limited,2022-08-25,AK,Jen Smith,173.385163,-41.233223,,False,
1502000.0523,1502000,1502000.0523,"EQC - 22 Airlie Street, Glenduan, Hira","EQC - 22 Airlie Street, Glenduan, Hira, Nelson, 7071",IAG New Zealand Limited,2022-08-25,AK,Jen Smith,173.367373,-41.184779,,False,
1502000.0524,1502000,1502000.0524,"EQC - 87 Biggsburn Way, Todds Valley","EQC - 87 Biggsburn Way, Todds Valley, Hira, Nelson, 7071",IAG New Zealand Limited,2022-08-25,AK,Jen Smith,173.350487,-41.218719,,False,
1502000.0525,1502000,1502000.0525,"EQC - 120 Inglis Street, Seatoun, Wellin","EQC - 120 Inglis Street, Seatoun, Wellington, 6022, NZL",IAG New Zealand Limited,2022-08-25,WN,Shirley Wang,174.831413,-41.327854,Wellington City,True,
1502000.0526,1502000,1502000.0526,"EQC - 127 Maungaraki Road, Korokoro, Low","EQC - 127 Maungaraki Road, Korokoro, Lower Hutt, Wellington, 5012, NZL",IAG New Zealand Limited,2022-08-25,WN,Shirley Wang,174.869313,-41.208691,Lower Hutt City,True,
1502000.0527,1502000,1502000.0527,"EQC - 46 Harbour View Road, Harbour View","EQC - 46 Harbour View Road, Harbour View, Lower Hutt, Wellington, 5010, NZL",IAG New Zealand Limited,2022-08-25,WN,Shirley Wang,174.897154,-41.202976,Lower Hutt City,True,
1502000.0528,1502000,1502000.0528,"EQC - 29 Miramar North Road, Miramar","EQC - 29 Miramar North Road (Unit 5), Miramar, Wellington, 6022, NZL",IAG New Zealand Limited,2022-08-25,WN,Shirley Wang,174.819581,-41.308146,Wellington City,True,
1502000.0529,1502000,1502000.0529,"EQC - 61 Maida Vale Road, Roseneath","EQC - 61 Maida Vale Road, Roseneath, Wellington, 6011, NZL",IAG New Zealand Limited,2022-08-25,WN,Shirley Wang,174.80266,-41.290198,Wellington City,True,
1502000.0530,1502000,1502000.0530,"EQC - 9 Helm Place, Whitby, Porirua, Wel","EQC - 9 Helm Place, Whitby, Porirua, Wellington, 5024, NZL",IAG New Zealand Limited,2022-08-25,WN,Shirley Wang,174.90726,-41.114695,Porirua City,True,
1502000.0531,1502000,1502000.0531,"EQC - 7 Helm Place, Whitby, Porirua","EQC - 7 Helm Place, Whitby, Porirua, Wellington, 5024, NZL",IAG New Zealand Limited,2022-08-25,WN,Shirley Wang,174.907285,-41.11497,Porirua City,True,
1502000.0532,1502000,1502000.0532,"EQC - 9 Tekapo Rise, Fairview Heights","EQC - 9 Tekapo Rise, Fairview Heights, Auckland, 0632, NZL",IAG New Zealand Limited,2022-08-25,AK,Philip Mathewson,174.719512,-36.71195,,False,
1502000.0533,1502000,1502000.0533,"EQC - 1 Ambala Way, Ngaio, Wellington","EQC - 1 Ambala Way, Ngaio, Wellington, 6035, NZL",IAG New Zealand Limited,2022-08-25,WN,Shirley Wang,174.776955,-41.25403,Wellington City,True,
1502000.0534,1502000,1502000.0534,"EQC - 65 Balfour Street, Mornington","EQC - 65 Balfour Street, Mornington, Wellington, 6021, NZL",IAG New Zealand Limited,2022-08-25,WN,Shirley Wang,174.768134,-41.317675,Wellington City,True,
1502000.0535,1502000,1502000.0535,"EQC - 2 Arapiki Way, Stoke, Nelson","EQC - 2 Arapiki Way, Stoke, Nelson, 7011",IAG New Zealand Limited,2022-08-25,AK,Jen Smith,173.245603,-41.306429,,False,
1502000.0536,1502000,1502000.0536,"EQC - 41 Robinson Road, The Brook","EQC - 41 Robinson Road, The Brook, Nelson, 7010",IAG New Zealand Limited,2022-08-25,AK,Jen Smith,173.290957,-41.292624,,False,
1502000.0550,1502000,1502000.0550,"EQC - 154 Moana Avenue, Moana, Nelson","EQC - 154 Moana Avenue, Moana, Nelson, 7011",IAG New Zealand Limited,2022-08-25,AK,Marcus Lovell,173.256889,-41.280339,,False,
1502000.0551,1502000,1502000.0551,"EQC - 51 Robinson Road, The Brook","EQC - 51 Robinson Road, The Brook, Nelson, 7010",IAG New Zealand Limited,2022-08-25,AK,Jen Smith,173.292064,-41.292806,,False,
1502000.0552,1502000,1502000.0552,"EQC - 522 Maitai Valley Road, Maitai","EQC - 522 Maitai Valley Road, Maitai, Nelson, 7010, NZL",IAG New Zealand Limited,2022-08-25,AK,Jen Smith,173.323858,-41.294382,,False,
1502000.0554,1502000,1502000.0554,"EQC - 748 Cable Bay Road, Cable Bay","EQC - 748 Cable Bay Road, Cable Bay, Nelson, 7071",IAG New Zealand Limited,2022-08-25,AK,Jen Smith,173.416113,-41.165355,,False,
1502000.0555,1502000,1502000.0555,"EQC - 75 Wastney Terrace, Marybank","EQC - 75 Wastney Terrace, Marybank, Nelson, 7010",IAG New Zealand Limited,2022-08-25,AK,Jen Smith,173.322995,-41.234188,,False,
1502000.0557,1502000,1502000.0557,"EQC - 29 Allan Street, Nelson South","EQC - 29 Allan Street, Nelson South, Nelson, 7010",IAG New Zealand Limited,2022-08-25,AK,Hannah Udell,173.28182,-41.285994,,False,
1502000.0590,1502000,1502000.0590,"EQC - 55 Robinson Road, The Brook","EQC - 55 Robinson Road, The Brook, Nelson, 7010",IAG New Zealand Limited,2022-08-25,AK,Jen Smith,173.292468,-41.292877,,False,
1502000.0591,1502000,1502000.0591,"EQC - 53 Robinson Road, The Brook","EQC - 53 Robinson Road, The Brook, Nelson, 7010",IAG New Zealand Limited,2022-08-25,AK,Jen Smith,173.292242,-41.292829,,False,
1502000.0537,1502000,1502000.0537,"EQC - 145 Brian Crescent, Stanmore Bay","EQC - 145 Brian Crescent, Stanmore Bay, Whangaparaoa, Auckland, 0932, NZL",IAG New Zealand Limited,2022-08-26,AK,Philip Mathewson,174.721653,-36.619777,,False,
1502000.0538,1502000,1502000.0538,"EQC-2 Seales Road, Morrinsville, Waikato","EQC-2 Seales Road, Morrinsville, Waikato, 3300, NZL",IAG New Zealand Limited,2022-08-26,HM,Michael Triggs,175.542564,-37.649072,,False,
1502000.0539,1502000,1502000.0539,"EQC - 220 The Esplanade, Island Bay","EQC - 220 The Esplanade, Island Bay, Wellington, 6023, NZL",IAG New Zealand Limited,2022-08-26,WN,Shirley Wang,174.774678,-41.34358,Wellington City,True,
1502000.0540,1502000,1502000.0540,"EQC - 48 Frobisher St, Island Bay","EQC - 48 Frobisher St, Island Bay, Wellington, 6023, NZL",IAG New Zealand Limited,2022-08-26,WN,Shirley Wang,174.763865,-41.340543,Wellington City,True,
1502000.0541,1502000,1502000.0541,"EQC - 70 Seatoun Heights Road, Seatoun","EQC - 70 Seatoun Heights Road, Seatoun, Wellington, 6022, NZL",IAG New Zealand Limited,2022-08-26,WN,Shirley Wang,174.826228,-41.318561,Wellington City,True,
1502000.0542,1502000,1502000.0542,"EQC - 58 Holborn Drive, Stokes Valley","EQC - 58 Holborn Drive, Stokes Valley, Lower Hutt, Wellington, 5019, NZL",IAG New Zealand Limited,2022-08-26,WN,Shirley Wang,174.978979,-41.162063,Lower Hutt City,True,
1502000.0543,1502000,1502000.0543,"EQC - 3 Auckland Terrace, Melrose","EQC - 3 Auckland Terrace, Melrose, Wellington, 6023, NZL",IAG New Zealand Limited,2022-08-26,WN,Shirley Wang,174.78702,-41.325465,Wellington City,True,
1502000.0544,1502000,1502000.0544,"EQC - 39 Whanake Street, Titahi Bay","EQC - 39 Whanake Street, Titahi Bay, Porirua, Wellington, 5022, NZL",IAG New Zealand Limited,2022-08-29,WN,Shirley Wang,174.837856,-41.098075,Porirua City,True,
1502000.0545,1502000,1502000.0545,"EQC - 23 Tyne Street, Island Bay","EQC - 23 Tyne Street, Island Bay, Wellington, 6023, NZL",IAG New Zealand Limited,2022-08-29,WN,Shirley Wang,174.766446,-41.345609,Wellington City,True,
1502000.0546,1502000,1502000.0546,"EQC - 37 Poto Road, Normandale","EQC - 37 Poto Road, Normandale, Lower Hutt, Wellington, 5010, NZL",IAG New Zealand Limited,2022-08-29,WN,Shirley Wang,174.888893,-41.200885,Lower Hutt City,True,
1502000.0547,1502000,1502000.0547,"EQC - 61 Carlton Street, Melrose","EQC - 61 Carlton Street, Melrose, Wellington, 6023, NZL",IAG New Zealand Limited,2022-08-29,WN,Shirley Wang,174.790544,-41.32733,Wellington City,True,
1502000.0553,1502000,1502000.0553,"EQC - 9 Penny Lane, Richmond, Tasman","EQC - 9 Penny Lane, Richmond, Tasman, 7020",IAG New Zealand Limited,2022-08-29,AK,Jen Smith,173.211533,-41.343901,,False,
1502000.0556,1502000,1502000.0556,"EQC - 28 Todd Valley Rd, Todds Valley","EQC - 28 Todd Valley Rd, Todds Valley, Nelson, 7071",IAG New Zealand Limited,2022-08-29,AK,Jen Smith,173.340649,-41.218699,,False,
1502000.0559,1502000,1502000.0559,"EQC - 224 Wakapuaka Road, Wakapuaka","EQC - 224 Wakapuaka Road, Wakapuaka, Hira, Nelson, 7071",IAG New Zealand Limited,2022-08-29,AK,Jen Smith,173.340362,-41.209848,,False,
1502000.0563,1502000,1502000.0563,"EQC - 15 Airlie Street, Glenduan, Hira","EQC - 15 Airlie Street, Glenduan, Hira, Nelson, 7071",IAG New Zealand Limited,2022-08-29,AK,Jen Smith,173.3667,-41.184297,,False,
1502000.0558,1502000,1502000.0558,"EQC - 31 Durham Street, Aro Valley","EQC - 31 Durham Street, Aro Valley, Wellington, 6021, NZL",IAG New Zealand Limited,2022-08-30,WN,Shirley Wang,174.764082,-41.296401,Wellington City,True,
1502000.0560,1502000,1502000.0560,"EQC - 39 Highbury Road, Highbury","EQC - 39 Highbury Road, Highbury, Wellington, 6012, NZL",AMI Insurance Ltd,2022-08-30,WN,Shirley Wang,174.75431464400003,-41.29370508499994,Wellington City,True,
1502000.0561,1502000,1502000.0561,"EQC - 118C Ellendale Street, Marybank","EQC - 118C Ellendale Street, Marybank, Nelson, 7010",IAG New Zealand Limited,2022-08-30,AK,Jen Smith,173.329171,-41.226105,,False,
1502000.1448,1502000,1502000.1448,"EQC - 39 Highbury Road, Highbury","EQC - 39 Highbury Road, Highbury",IAG New Zealand Limited,2022-08-30,WN,Shirley Wang,174.754268,-41.2937,Wellington City,True,
1502000.0562,1502000,1502000.0562,"EQC - 86 Waitete Bay Road, Colville","EQC - 86 Waitete Bay Road, Colville, Coromandel Forest Park, Waikato, 3584, NZL",IAG New Zealand Limited,2022-08-31,AK,Philip Mathewson,175.447564,-36.661005,,False,
1502000.0564,1502000,1502000.0564,"EQC - 50 Athol Street, Glenduan, Hira","EQC - 50 Athol Street, Glenduan, Hira, Nelson, 7071",IAG New Zealand Limited,2022-08-31,AK,Jen Smith,173.363848,-41.184772,,False,
1502000.0565,1502000,1502000.0565,"EQC - 132 George Street, Stokes Valley","EQC - 132 George Street, Stokes Valley, Lower Hutt, Wellington, 5019, NZL",Medical Insurance Society Limited,2022-09-01,WN,Shirley Wang,174.980484,-41.16836,Lower Hutt City,True,
1502000.0567,1502000,1502000.0567,"EQC - 55 Carlton Street, Melrose","EQC - 55 Carlton Street, Melrose, Wellington, 6023, NZL",IAG New Zealand Limited,2022-09-01,WN,Shirley Wang,174.79018,-41.327608,Wellington City,True,
1502000.0568,1502000,1502000.0568,"EQC - 53 Parautane Way, Todds Valley","EQC - 53 Parautane Way, Todds Valley, Hira, Nelson, 7071",IAG New Zealand Limited,2022-09-01,AK,Jen Smith,173.345926,-41.22047,,False,
1502000.0569,1502000,1502000.0569,"EQC - 48 Seafield Ter, Glenduan, Nelson","EQC - 48 Seafield Ter, Glenduan, Nelson, 7071",IAG New Zealand Limited,2022-09-01,AK,Jen Smith,173.363671,-41.184891,,False,
1502000.0570,1502000,1502000.0570,"EQC - 50 Cleveland Terrace, Nelson","EQC - 50 Cleveland Terrace, Nelson, 7010",IAG New Zealand Limited,2022-09-01,AK,Jen Smith,173.294524,-41.278449,,False,
1502000.0571,1502000,1502000.0571,"EQC - 13 Beachville Crescent, Beachville","EQC - 13 Beachville Crescent, Beachville, Nelson, 7010",IAG New Zealand Limited,2022-09-01,AK,Jen Smith,173.275619,-41.268392,,False,
1502000.0572,1502000,1502000.0572,"EQC - 6 Woodford Lane, Stoke, Nelson","EQC - 6 Woodford Lane, Stoke, Nelson, 7011",IAG New Zealand Limited,2022-09-01,AK,Jen Smith,173.236467,-41.328055,,False,
1502000.0573,1502000,1502000.0573,"EQC - 189 Milton Street, The Wood","EQC - 189 Milton Street, The Wood, Nelson, 7010",IAG New Zealand Limited,2022-09-01,AK,Jen Smith,173.294848,-41.272556,,False,
1502000.0574,1502000,1502000.0574,"EQC - 9 Sunningdale Drive, Stoke, Nelson","EQC - 9 Sunningdale Drive, Stoke, Nelson, 7011",IAG New Zealand Limited,2022-09-01,AK,Jen Smith,173.238297,-41.328127,,False,
1502000.0575,1502000,1502000.0575,"EQC - 353 Brook Street, The Brook","EQC - 353 Brook Street, The Brook, Nelson, 7010",IAG New Zealand Limited,2022-09-01,AK,Jen Smith,173.298002,-41.299475,,False,
1502000.0576,1502000,1502000.0576,"EQC - 52 Davies Drive, Atawhai, Nelson","EQC - 52 Davies Drive, Atawhai, Nelson, 7010",IAG New Zealand Limited,2022-09-01,AK,Shirley Wang,173.303203,-41.260488,,False,
1502000.0577,1502000,1502000.0577,"EQC - 19 Ashdonleigh Grove, Stoke","EQC - 19 Ashdonleigh Grove, Stoke, Nelson, 7011",IAG New Zealand Limited,2022-09-01,AK,Jen Smith,173.229878,-41.325476,,False,
1502000.0578,1502000,1502000.0578,"EQC - 72 Davies Drive, Atawhai, Nelson","EQC - 72 Davies Drive, Atawhai, Nelson, 7010",IAG New Zealand Limited,2022-09-01,AK,Jen Smith,173.303928,-41.259,,False,
1502000.0579,1502000,1502000.0579,"EQC - 41B Brook Street, The Brook","EQC - 41B Brook Street, The Brook, Nelson, 7010",IAG New Zealand Limited,2022-09-01,AK,Jen Smith,173.291856,-41.283159,,False,
1502000.0580,1502000,1502000.0580,"EQC - 28 Bridgewater Lane, Stoke, Nelson","EQC - 28 Bridgewater Lane, Stoke, Nelson, 7011",IAG New Zealand Limited,2022-09-01,AK,Jen Smith,173.233402,-41.327211,,False,
1502000.0581,1502000,1502000.0581,"EQC - 42 Seymour Avenue, The Brook","EQC - 42 Seymour Avenue, The Brook, Nelson, 7010",IAG New Zealand Limited,2022-09-01,AK,Jen Smith,173.28964,-41.282856,,False,
1502000.0582,1502000,1502000.0582,"EQC - 144 Lud Valley Rd, Hira, 7071","EQC - 144 Lud Valley Rd, Hira, 7071",IAG New Zealand Limited,2022-09-01,AK,Jen Smith,173.390229,-41.228593,,False,
1502000.0584,1502000,1502000.0584,"EQC - 9 Tui Glen Road, Atawhai, Nelson","EQC - 9 Tui Glen Road, Atawhai, Nelson, 7010",IAG New Zealand Limited,2022-09-01,AK,Jen Smith,173.318325,-41.240253,,False,
1502000.0585,1502000,1502000.0585,"EQC - 7 Tui Glen Road, Atawhai, Nelson","EQC - 7 Tui Glen Rd, Atawhai, Nelson, 7010",IAG New Zealand Limited,2022-09-01,AK,Jen Smith,173.317478,-41.240015,,False,
1502000.0586,1502000,1502000.0586,"EQC - 11A Tui Glen Rd, Atawhai, Nelson","EQC - 11A Tui Glen Rd, Atawhai, Nelson, 7010",IAG New Zealand Limited,2022-09-01,AK,Jen Smith,173.318522,-41.240472,,False,
1502000.0587,1502000,1502000.0587,"EQC - 11B Tui Glen Rd, Atawhai, Nelson","EQC - 11B Tui Glen Road, Atawhai, Nelson, 7010",IAG New Zealand Limited,2022-09-01,AK,Jen Smith,173.318583,-41.240363,,False,
1502000.0588,1502000,1502000.0588,"EQC - 13B Tui Glen Rd, Atawhai, Nelson","EQC - 13B Tui Glen Rd, Atawhai, Nelson, 7010",IAG New Zealand Limited,2022-09-01,AK,Jen Smith,173.318854,-41.240451,,False,
1502000.0589,1502000,1502000.0589,"EQC - 13A Tui Glen Road, Atawhai, Nelson","EQC - 13A Tui Glen Road, Atawhai, Nelson, 7010",IAG New Zealand Limited,2022-09-01,AK,Jen Smith,173.318786,-41.24058,,False,
1502000.0583,1502000,1502000.0583,"EQC - 34 Royal Terrace, Mount Eden","EQC - 34 Royal Terrace, Mount Eden, Auckland, 1024, NZL",IAG New Zealand Limited,2022-09-02,AK,Philip Mathewson,174.745603,-36.876994,,False,
1502000.0592,1502000,1502000.0592,"EQC - 12 Valerie Place, Stepneyville","EQC - 12 Valerie Place, Stepneyville, Nelson, 7010",IAG New Zealand Limited,2022-09-05,AK,Jen Smith,173.272094,-41.269701,,False,
1502000.0593,1502000,1502000.0593,EQC - 26A Mount Pleasant Avenue,"EQC - 26A Mount Pleasant Avenue, Beachville, Nelson, 7010",IAG New Zealand Limited,2022-09-05,AK,Marcus Lovell,173.274215,-41.266607,,False,
1502000.0594,1502000,1502000.0594,"EQC - 89 Quebec Rd, Washington Valley","EQC - 89 Quebec Rd, Washington Valley, Nelson, 7010",IAG New Zealand Limited,2022-09-05,AK,Marcus Lovell,173.269768,-41.275497,,False,
1502000.0595,1502000,1502000.0595,"EQC - 133 Brook Street, The Brook","EQC - 133 Brook Street, The Brook, Nelson, 7010",IAG New Zealand Limited,2022-09-05,AK,Jen Smith,173.293186,-41.289816,,False,
1502000.0596,1502000,1502000.0596,"EQC - 21 Aniseed Grove, Timberlea","EQC - 21 Aniseed Grove, Timberlea, Upper Hutt, Wellington, 5018, NZL",IAG New Zealand Limited,2022-09-05,WN,Shirley Wang,175.101593,-41.10671,Upper Hutt City,True,
1502000.0597,1502000,1502000.0597,"EQC - 32 Korokoro Road, Korokoro","EQC - 32 Korokoro Road, Korokoro, Lower Hutt, Wellington, 5012, NZL",AMI Insurance Ltd,2022-09-05,WN,Shirley Wang,174.86569,-41.221165,Lower Hutt City,True,
1502000.0598,1502000,1502000.0598,"EQC - 74 Glen Road, Glenduan, Hira","EQC - 74 Glen Road, Glenduan, Hira, Nelson, 7071",IAG New Zealand Limited,2022-09-05,AK,Jen Smith,173.364574,-41.197709,,False,
1502000.0599,1502000,1502000.0599,"EQC - 106B Glen Road, Glenduan, Hira","EQC - 106B Glen Road, Glenduan, Hira, Nelson, 7071",IAG New Zealand Limited,2022-09-05,AK,Jen Smith,173.365398,-41.197033,,False,
1502000.0600,1502000,1502000.0600,"EQC - 29 Miramar North Road, Miramar","EQC - 29 Miramar North Road (Units 7, 8 & 9), Miramar, Wellington, 6022, NZL",IAG New Zealand Limited,2022-09-05,WN,Shirley Wang,174.819669,-41.307867,Wellington City,True,
1502000.0605,1502000,1502000.0605,"EQC - 571 Rocks Road, Moana, Nelson","EQC - 571 Rocks Road, Moana, Nelson, 7011",IAG New Zealand Limited,2022-09-05,AK,Marcus Lovell,173.254547,-41.277817,,False,
1502000.0609,1502000,1502000.0609,"EQC - 275 Wakefield Quay, Stepneyville","EQC - 275 Wakefield Quay, Stepneyville, Nelson, 7010",IAG New Zealand Limited,2022-09-05,AK,Jen Smith,173.269314,-41.263979,,False,
1502000.0601,1502000,1502000.0601,"EQC - 29 Halladale Road, Papakowhai","EQC - 29 Halladale Road, Papakowhai, Porirua, Wellington, 5024, NZL",IAG New Zealand Limited,2022-09-06,WN,Shirley Wang,174.862949,-41.11866,Porirua City,True,
1502000.0602,1502000,1502000.0602,"EQC - 21B Fernhaven Grove, Newlands","EQC - 21B Fernhaven Grove, Newlands, Wellington, 6037, NZL",IAG New Zealand Limited,2022-09-06,WN,Shirley Wang,174.832576,-41.224908,Wellington City,True,
1502000.0603,1502000,1502000.0603,"EQC - 162 Kahu Road, Paremata, Porirua","EQC - 162 Kahu Road, Paremata, Porirua, Wellington, 5024, NZL",IAG New Zealand Limited,2022-09-06,WN,Shirley Wang,174.879937,-41.108267,Porirua City,True,
1502000.0606,1502000,1502000.0606,"EQC - 3/63A Norwood Road, Bayswater","EQC - 3/63 Norwood Road, Bayswater, Auckland, 0622, NZL",IAG New Zealand Limited,2022-09-06,AK,Philip Mathewson,174.77672,-36.816027,,False,
1502000.0607,1502000,1502000.0607,EQC - 63 Buckleton Road. Matakana,"EQC - 63 Buckleton Road, Matakana, 0986, NZL",IAG New Zealand Limited,2022-09-06,AK,Philip Mathewson,174.748865,-36.391512,,False,
1502000.0608,1502000,1502000.0608,EQC - 2402 Whangarei Heads Rd,"EQC - 2402 Whangarei Heads Rd, Whangarei Heads, 0174, NZL",IAG New Zealand Limited,2022-09-06,AK,Philip Mathewson,174.529433,-35.830129,,False,
1502000.0610,1502000,1502000.0610,"EQC - 61 Robinson Road, The Brook","EQC - 61 Robinson Road, The Brook, Nelson, 7010",IAG New Zealand Limited,2022-09-06,AK,Jen Smith,173.293115,-41.293115,,False,
1502000.0611,1502000,1502000.0611,"EQC - 49 Robinson Road, The Brook","EQC - 49 Robinson Road, The Brook, Nelson, 7010",IAG New Zealand Limited,2022-09-06,AK,Jen Smith,173.291839,-41.292768,,False,
1502000.0612,1502000,1502000.0612,"EQC -  Units 1,2,3 and 4/27 Larges Lane","EQC -   Units 1,2,3 and 4/27 Larges Lane, The Brook, Nelson, 7010, NZL",IAG New Zealand Limited,2022-09-06,AK,Jen Smith,173.293459,-41.284194,,False,
1502000.0613,1502000,1502000.0613,"EQC - 493 Kenepuru Road, Moetapu Bay","EQC - 493 Kenepuru Road, Moetapu Bay, Linkwater, Marlborough, 7282",IAG New Zealand Limited,2022-09-07,AK,Jen Smith,173.869635,-41.256572,,False,
1502000.0614,1502000,1502000.0614,"EQC - 78 Moetapu Bay Rd, Moetapu Bay","EQC - 78 Moetapu Bay Rd, Moetapu Bay, Linkwater, 7282",IAG New Zealand Limited,2022-09-07,AK,Jen Smith,173.862268,-41.256433,,False,
1502000.0615,1502000,1502000.0615,"EQC - 2338 Kenepuru Road, Te Mahia","EQC - 2338 Kenepuru Road, Te Mahia, Marlborough Sounds, Marlborough, 7282",IAG New Zealand Limited,2022-09-07,AK,Jen Smith,173.994516,-41.20953,,False,
1502000.0617,1502000,1502000.0617,"EQC - 104 Airlie Road, Plimmerton, Porir","EQC - 104 Airlie Road, Plimmerton, Porirua, Wellington, 5026, NZL",IAG New Zealand Limited,2022-09-07,WN,Shirley Wang,174.859332,-41.064255,Porirua City,True,
1502000.0619,1502000,1502000.0619,"EQC -  9A Miro Street, The Brook, Nelson","EQC -  9A Miro Street, The Brook, Nelson, 7010",IAG New Zealand Limited,2022-09-07,AK,Jen Smith,173.289757,-41.285421,,False,
1502000.0620,1502000,1502000.0620,"EQC - 31 Richmond Avenue, Karori, Wellin","EQC - 31 Richmond Avenue, Karori, Wellington, 6012, NZL",IAG New Zealand Limited,2022-09-07,WN,Shirley Wang,174.730704,-41.288828,Wellington City,True,
1502000.0621,1502000,1502000.0621,"EQC - Lot 4 DP7627, Arieri Sound","EQC - Lot 4 DP7627, Arieri Sound, Yncyca Bay, Marlborough Sounds, Marlborough, NZL",IAG New Zealand Limited,2022-09-07,AK,Jen Smith,173.905481,-41.130856,,False,
1502000.0622,1502000,1502000.0622,EQC - Lot 2 DP 4584 South East Bay,"EQC - Lot 2 DP 4584 South East Bay, Pelorus Sound",IAG New Zealand Limited,2022-09-07,AK,Jen Smith,173.926973,-41.11418,,False,
1502000.0623,1502000,1502000.0623,"EQC - Lot 1 DP 3700, Miro Bay","EQC - Lot 1 DP 3700, Miro Bay, Marlborough Sounds",IAG New Zealand Limited,2022-09-07,AK,Jen Smith,173.892793,-41.077699,,False,
1502000.0624,1502000,1502000.0624,EQC - 135 Queen Charlotte Drive,"EQC - 135 Queen Charlotte Drive, Havelock, Marlborough, 7281",IAG New Zealand Limited,2022-09-07,AK,Jen Smith,173.784458,-41.277257,,False,
1502000.0625,1502000,1502000.0625,"EQC - 2071 Kenepuru Road, Te Mahia","EQC - 2071 Kenepuru Road, Te Mahia, Marlborough Sounds, Marlborough, 7282",IAG New Zealand Limited,2022-09-07,AK,Jen Smith,173.973498,-41.211922,,False,
1502000.0630,1502000,1502000.0630,"EQC - 2351 Kenepuru Road, Te Mahia","EQC - 2351 Kenepuru Road, Te Mahia, Marlborough Sounds, Marlborough, 7282, NZL",IAG New Zealand Limited,2022-09-07,AK,Jen Smith,173.994967,-41.209072,,False,
1502000.0631,1502000,1502000.0631,"EQC - 2347 Kenepuru Road, Te Mahia","EQC - 2347 Kenepuru Road, Te Mahia, Marlborough Sounds, Marlborough, 7282, NZL",IAG New Zealand Limited,2022-09-07,AK,Jen Smith,173.994558,-41.208924,,False,
1502000.0616,1502000,1502000.0616,"36b Fruitvale Road, New Lynn","36b Fruitvale Road, New Lynn",IAG New Zealand Limited,2022-09-08,AK,Ben Francis,174.66675493600007,-36.91377937699997,,False,
1502000.0618,1502000,1502000.0618,"EQC - 29 Richmond Avenue, Karori, Wellin","EQC - 29 Richmond Avenue, Karori, Wellington, 6012, NZL",IAG New Zealand Limited,2022-09-08,WN,Shirley Wang,174.730717,-41.288681,Wellington City,True,
1502000.0626,1502000,1502000.0626,"EQC - 62 Hornsey Road, Melrose, Wellingt","EQC - 62 Hornsey Road, Melrose, Wellington, 6023, NZL",IAG New Zealand Limited,2022-09-08,WN,Shirley Wang,174.786596,-41.33093,Wellington City,True,
1502000.0627,1502000,1502000.0627,"EQC - 34 Kopara Grove, Stokes Valley, Lo","EQC - 34 Kopara Grove, Stokes Valley, Lower Hutt, Wellington, 5019, NZL",IAG New Zealand Limited,2022-09-08,WN,Shirley Wang,174.985825,-41.172876,Lower Hutt City,True,
1502000.0628,1502000,1502000.0628,"EQC - 64 Hornsey Road, Melrose, Wellingt","EQC - 64 Hornsey Road, Melrose, Wellington, 6023, NZL",IAG New Zealand Limited,2022-09-08,WN,Shirley Wang,174.786783,-41.330924,Wellington City,True,
1502000.0629,1502000,1502000.0629,"EQC -  108 Glen Road, Glenduan, Hira","EQC -  108 Glen Road, Glenduan, Hira, Nelson, 7071, NZL",IAG New Zealand Limited,2022-09-08,AK,Jen Smith,173.363753,-41.195528,,False,
1502000.0632,1502000,1502000.0632,EQC - Lot 1 DP 303837 The Pines,"EQC - Lot 1 DP 303837 The Pines, Marlborough Sounds, Marlborough",IAG New Zealand Limited,2022-09-08,AK,Jen Smith,174.184577,-41.105612,,False,
1502000.0633,1502000,1502000.0633,EQC - Lot 2 DP 303837 Endeavour Inlet,"EQC - Lot 2 DP 303837 Endeavour Inlet, Marlborough Sounds,, NZL",IAG New Zealand Limited,2022-09-08,AK,Jen Smith,174.184912,-41.10597,,False,
1502000.0634,1502000,1502000.0634,"EQC - Lot 1 DP 6544, Hikapu Reach","EQC - Lot 1 DP 6544, Hikapu Reach, Marlborough, NZL",IAG New Zealand Limited,2022-09-08,AK,Jen Smith,173.850225,-41.214041,,False,
1502000.0635,1502000,1502000.0635,"EQC - 67F Brunner Street, Nelson South","EQC - 67F Brunner Street, Nelson South, Nelson, 7010, NZL",IAG New Zealand Limited,2022-09-08,AK,Jen Smith,173.27086,-41.296972,,False,
1502000.0636,1502000,1502000.0636,"EQC - 1/3 The Ridgeway, Enner Glynn","EQC - 1/3 The Ridgeway, Enner Glynn, Nelson, 7011, NZL",IAG New Zealand Limited,2022-09-08,AK,Jen Smith,173.255421,-41.305467,,False,
1502000.0637,1502000,1502000.0637,"EQC - 65 Cleary St, Waterloo, Lower Hutt","EQC - 65 Cleary St, Waterloo, Lower Hutt, 5011, NZL",IAG New Zealand Limited,2022-09-09,WN,Shirley Wang,174.925419,-41.221487,Lower Hutt City,True,
1502000.0638,1502000,1502000.0638,"EQC - Catherine Cove, D’urville Island","EQC - Catherine Cove, D’urville Island, French Pass, Marlborough",IAG New Zealand Limited,2022-09-09,AK,Jen Smith,173.887116,-40.858668,,False,
1502000.0639,1502000,1502000.0639,"EQC - 51 Tui Glen Road, Atawhai, Nelson","EQC - 51 Tui Glen Road, Atawhai, Nelson, 7010",IAG New Zealand Limited,2022-09-09,AK,Jen Smith,173.317251,-41.239318,,False,
1502000.0640,1502000,1502000.0640,EQC - 8 Abraham Heights,"EQC - 8 Abraham Heights, Washington Valley, Nelson, 7010",IAG New Zealand Limited,2022-09-09,AK,Jen Smith,173.269901,-41.275914,,False,
1502000.0641,1502000,1502000.0641,"EQC - 15 Sunningdale Drive, Stoke","EQC - 15 Sunningdale Drive, Stoke, Nelson, 7011",IAG New Zealand Limited,2022-09-09,AK,Jen Smith,173.23864,-41.328739,,False,
1502000.0642,1502000,1502000.0642,"EQC - 51 Haycock Road, Hope, Richmond","EQC - 51 Haycock Road, Hope, Richmond, Tasman, 7081",IAG New Zealand Limited,2022-09-09,AK,Jen Smith,173.14943,-41.379512,,False,
1502000.0643,1502000,1502000.0643,EQC - 3 Moncrieff Avenue,"EQC - 3 Moncrieff Avenue, Britannia Heights, Nelson, 7010",IAG New Zealand Limited,2022-09-09,AK,Marcus Lovell,173.257575,-41.278413,,False,
1502000.0644,1502000,1502000.0644,"EQC - 50 Douglas Road, Wakatu, Nelson","EQC - 50 Douglas Road, Wakatu, Nelson, 7011",IAG New Zealand Limited,2022-09-09,AK,Jen Smith,173.249311,-41.29642,,False,
1502000.0645,1502000,1502000.0645,"EQC - 154B Cleveland Terrace, Maitai","EQC - 154B Cleveland Terrace, Maitai, Nelson, 7010",IAG New Zealand Limited,2022-09-09,AK,Jen Smith,173.304918,-41.276439,,False,
1502000.0646,1502000,1502000.0646,"EQC - 43A Brook Street, The Brook","EQC - 43A Brook Street, The Brook, Nelson, 7010",IAG New Zealand Limited,2022-09-09,AK,Jen Smith,173.291925,-41.283453,,False,
1502000.0647,1502000,1502000.0647,EQC - 83 Princes Drive,"EQC - 83 Princes Drive, Britannia Heights, Nelson, 7010",IAG New Zealand Limited,2022-09-09,AK,Shirley Wang,173.26505,-41.271584,,False,
1502000.0648,1502000,1502000.0648,"EQC - 138 Lud Valley Road, Hira","EQC - 138 Lud Valley Road, Hira, Nelson, 7071",IAG New Zealand Limited,2022-09-09,AK,Jen Smith,173.388669,-41.228688,,False,
1502000.0649,1502000,1502000.0649,"EQC - 96 Kanuka Rise, Wakapuaka, Hira","EQC - 96 Kanuka Rise, Wakapuaka, Hira, Nelson, 7071",IAG New Zealand Limited,2022-09-09,AK,Jen Smith,173.36117,-41.214137,,False,
1502000.0650,1502000,1502000.0650,"EQC - 57 Beachville Crescent, Beachville","EQC - 57 Beachville Crescent, Beachville, Nelson, 7010",Tower Insurance Limited,2022-09-09,AK,Jen Smith,173.273776,-41.2674,,False,
1502000.0651,1502000,1502000.0651,"EQC - 121 Grove Street, The Wood, Nelson","EQC - 121 Grove Street, The Wood, Nelson, 7010",IAG New Zealand Limited,2022-09-09,AK,Jen Smith,173.297276,-41.269098,,False,
1502000.0652,1502000,1502000.0652,EQC - 28 Austen Ward Heights,"EQC - 28 Austen Ward Heights, Enner Glynn, Nelson, 7011",IAG New Zealand Limited,2022-09-09,AK,Jen Smith,173.248275,-41.304686,,False,
1502000.0653,1502000,1502000.0653,EQC - 5 Moncrieff Avenue,"EQC - 5 Moncrieff Avenue, Britannia Heights, Nelson, 7010",IAG New Zealand Limited,2022-09-09,AK,Marcus Lovell,173.257227,-41.278146,,False,
1502000.0654,1502000,1502000.0654,EQC - 1489 Te Towaka-Port Ligar Road,"EQC - 1489 Te Towaka-Port Ligar Road, Admiralty Bay, Okiwi Bay, Marlborough, 7193",IAG New Zealand Limited,2022-09-09,AK,Jen Smith,173.928729,-40.934318,,False,
1502000.0655,1502000,1502000.0655,"EQC - 516 Atawhai Drive, Atawhai, Nelson","EQC - 516 Atawhai Drive, Atawhai, Nelson, 7010",IAG New Zealand Limited,2022-09-09,AK,Jen Smith,173.31568,-41.246116,,False,
1502000.0656,1502000,1502000.0656,EQC - 218 Princes Drive,"EQC - 218 Princes Drive, Britannia Heights, Nelson, 7010",IAG New Zealand Limited,2022-09-09,AK,Marcus Lovell,173.256784,-41.281161,,False,
1502000.0657,1502000,1502000.0657,EQC - 54 Fifeshire Crescent,"EQC - 54 Fifeshire Crescent, Stepneyville, Nelson, 7010",IAG New Zealand Limited,2022-09-09,AK,Jen Smith,173.264407,-41.269514,,False,
1502000.0658,1502000,1502000.0658,"EQC - 2 Kamahi Way, Tahunanui, Nelson","EQC - 2 Kamahi Way, Tahunanui, Nelson, 7011",IAG New Zealand Limited,2022-09-09,AK,Shirley Wang,173.250092,-41.294177,,False,
1502000.0659,1502000,1502000.0659,"EQC - 2A Kamahi Way, Tahunanui, Nelson","EQC - 2A Kamahi Way, Tahunanui, Nelson, 7011",IAG New Zealand Limited,2022-09-09,AK,Jen Smith,173.249866,-41.294233,,False,
1502000.0660,1502000,1502000.0660,"EQC - 385 Wakefield Quay, Stepneyville","EQC - 385 Wakefield Quay, Stepneyville, Nelson, 7010",IAG New Zealand Limited,2022-09-09,AK,Shirley Wang,173.263937,-41.268945,,False,
1502000.0661,1502000,1502000.0661,"EQC - 14 Paradise Way, Pohara, Tasman","EQC - 14 Paradise Way, Pohara, Tasman, 7183",IAG New Zealand Limited,2022-09-09,AK,Jen Smith,172.88669,-40.835044,,False,
1502000.0674,1502000,1502000.0674,"EQC - 2660 Kenepuru Road, Portage","EQC - 2660 Kenepuru Road, Portage, Marlborough Sounds, Marlborough, 7282",IAG New Zealand Limited,2022-09-09,AK,Jen Smith,174.013987,-41.199868,,False,
1502000.0662,1502000,1502000.0662,"EQC - 93 Macs Road, Hira, Mount Richmond","EQC - 93 Macs Road, Hira, Mount Richmond Forest Park, Nelson, 7071",IAG New Zealand Limited,2022-09-11,AK,Jen Smith,173.389395,-41.250738,,False,
1502000.0663,1502000,1502000.0663,"EQC - 15 Koura Road, Atawhai, Nelson","EQC - 15 Koura Road, Atawhai, Nelson, 7010",IAG New Zealand Limited,2022-09-11,AK,Jen Smith,173.328917,-41.247136,,False,
1502000.0664,1502000,1502000.0664,"EQC - 27 Upper Rocklands Road, Clifton","EQC - 27 Upper Rocklands Road, Clifton, Abel Tasman National Park, Tasman, 7183",IAG New Zealand Limited,2022-09-11,AK,Jen Smith,172.869427,-40.85841,,False,
1502000.0665,1502000,1502000.0665,"EQC - 634 Atawhai Crescent, Atawhai","EQC - 634 Atawhai Crescent, Atawhai, Nelson, 7010",IAG New Zealand Limited,2022-09-11,AK,Jen Smith,173.317264,-41.238113,,False,
1502000.0666,1502000,1502000.0666,"EQC - 57 Tui Glen Rd, Atawhai, Nelson","EQC - 57 Tui Glen Rd, Atawhai, Nelson, 7010",IAG New Zealand Limited,2022-09-11,AK,Jen Smith,173.317107,-41.238674,,False,
1502000.0667,1502000,1502000.0667,"EQC - 70 Falconer Road, Pohara, Tasman","EQC - 70 Falconer Road, Pohara, Tasman, 7183",IAG New Zealand Limited,2022-09-11,AK,Jen Smith,172.901662,-40.838149,,False,
1502000.0668,1502000,1502000.0668,"EQC - 54 Stansell Avenue, Tahunanui","EQC - 54 Stansell Avenue, Tahunanui, Nelson, 7011",IAG New Zealand Limited,2022-09-11,AK,Jen Smith,173.250538,-41.283624,,False,
1502000.0669,1502000,1502000.0669,"EQC -541 Rocks Road, Moana, Nelson","EQC -541 Rocks Road, Moana, Nelson, 7011",IAG New Zealand Limited,2022-09-11,AK,Marcus Lovell,173.256094,-41.276755,,False,
1502000.0670,1502000,1502000.0670,"EQC - 33 Grenville Terrace, Moana","EQC - 33 Grenville Terrace, Moana, Nelson, 7011",IAG New Zealand Limited,2022-09-11,AK,Marcus Lovell,173.25674,-41.276845,,False,
1502000.0671,1502000,1502000.0671,"EQC - 567 Rocks Road, Moana, Nelson","EQC - 567 Rocks Road, Moana, Nelson, 7011",IAG New Zealand Limited,2022-09-11,AK,Marcus Lovell,173.254787,-41.277726,,False,
1502000.0672,1502000,1502000.0672,"EQC - 333 Wakefield Quay, Stepneyville","EQC - 333 Wakefield Quay, Stepneyville, Nelson, 7010",IAG New Zealand Limited,2022-09-11,AK,Jen Smith,173.26649,-41.266467,,False,
1502000.0673,1502000,1502000.0673,"EQC - 94 Port Underwood Rd, Waikawa","EQC - 94 Port Underwood Rd, Waikawa, Picton, 7281",IAG New Zealand Limited,2022-09-11,AK,Jen Smith,174.053814,-41.264671,,False,
1502000.0675,1502000,1502000.0675,"EQC - 6 Pinewood Way, Bishopdale, Nelson","EQC - 6 Pinewood Way, Bishopdale, Nelson, 7010",IAG New Zealand Limited,2022-09-11,AK,Jen Smith,173.270423,-41.296651,,False,
1502000.0676,1502000,1502000.0676,"EQC - 179 Milton Street, The Wood","EQC - 179 Milton Street, The Wood, Nelson, 7010",IAG New Zealand Limited,2022-09-11,AK,Jen Smith,173.295362,-41.272122,,False,
1502000.0677,1502000,1502000.0677,"EQC - 12 Atmore Terrace, Maitai, Nelson","EQC - 12 Atmore Terrace, Maitai, Nelson, 7010",IAG New Zealand Limited,2022-09-11,AK,Jen Smith,173.299203,-41.279472,,False,
1502000.0678,1502000,1502000.0678,"EQC - 437 Brook Street, The Brook","EQC - 437 Brook Street, The Brook, Nelson, 7010",IAG New Zealand Limited,2022-09-11,AK,Shirley Wang,173.295713,-41.301765,,False,
1502000.0679,1502000,1502000.0679,"EQC - 1A1 Block, Coppermine Bay","EQC - 1A1 Block, Coppermine Bay, Marlborough",IAG New Zealand Limited,2022-09-11,AK,Hannah Udell,173.80053,-40.93069,,False,
1502000.0680,1502000,1502000.0680,"EQC - 38 Atmore Terrace, Maitai, Nelson","EQC - 38 Atmore Terrace, Maitai, Nelson, 7010",IAG New Zealand Limited,2022-09-11,AK,Jen Smith,173.298413,-41.279492,,False,
1502000.0681,1502000,1502000.0681,EQC - 2/9 Abraham Heights,"EQC - 2/ 9 Abraham Heights, Washington Valley, Nelson, 7010",IAG New Zealand Limited,2022-09-11,AK,Jen Smith,173.270768,-41.276404,,False,
1502000.0682,1502000,1502000.0682,"EQC - 282 Atawhai Drive, Atawhai, Nelson","EQC - 282 Atawhai Drive, Atawhai, Nelson, 7010",IAG New Zealand Limited,2022-09-11,AK,Jen Smith,173.304424,-41.254457,,False,
1502000.0683,1502000,1502000.0683,"EQC - 543 Rocks Road, Moana, Nelson","EQC - 543 Rocks Road, Moana, Nelson, 7011",IAG New Zealand Limited,2022-09-12,AK,Marcus Lovell,173.255933,-41.27689,,False,
1502000.0684,1502000,1502000.0684,"EQC - 650 Atawhai Crescent, Atawhai","EQC - 650 Atawhai Crescent, Atawhai, Nelson, 7010",IAG New Zealand Limited,2022-09-12,AK,Jen Smith,173.317178,-41.237381,,False,
1502000.0686,1502000,1502000.0686,"EQC - 144 Glen Road, Glenduan, Hira","EQC - 144 Glen Road, Glenduan, Hira, Nelson, 7071",IAG New Zealand Limited,2022-09-12,AK,Jen Smith,173.363039,-41.192092,,False,
1502000.0685,1502000,1502000.0685,"EQC - 38 Gresham Street, Tainui, Dunedin","EQC - 38 Gresham Street, Tainui, Dunedin, Otago, 9013, NZL",IAG New Zealand Limited,2022-09-13,CH,Anna Sleight,170.531081,-45.902228,,False,
1502000.0687,1502000,1502000.0687,"EQC - 26 Fulford Street, New Plymouth","EQC - 26 Fulford Street, New Plymouth, Taranaki, 4310, NZL",IAG New Zealand Limited,2022-09-13,AK,Philip Mathewson,174.071389,-39.061204,,False,
1502000.0688,1502000,1502000.0688,"EQC - 218 The Esplanade, Island Bay","EQC - 218 The Esplanade, Island Bay, Wellington, 6023, NZL",IAG New Zealand Limited,2022-09-13,WN,Shirley Wang,174.774985,-41.343737,Wellington City,True,
1502000.0689,1502000,1502000.0689,"EQC - 314 Waitaha Road, Welcome Bay, Tau","EQC - 314 Waitaha Road, Welcome Bay, Tauranga, Bay of Plenty, 3175, NZL",IAG New Zealand Limited,2022-09-13,TG,Guy McDougall,176.191661,-37.739184,,False,
1502000.0690,1502000,1502000.0690,"EQC - 13 Dart Crescent, Island Bay","EQC - 13 Dart Crescent, Island Bay, Wellington, 6023, NZL",IAG New Zealand Limited,2022-09-13,WN,Shirley Wang,174.763766,-41.342241,Wellington City,True,
1502000.0691,1502000,1502000.0691,"EQC - Lot 1, DP 3866, Te Weuweu Bay","EQC - Lot 1, DP 3866, Te Weuweu Bay, Marlborough",IAG New Zealand Limited,2022-09-13,AK,Jen Smith,174.225407,-41.252333,,False,
1502000.0692,1502000,1502000.0692,"EQC - Lot 5, DP 3439, Kaitapeha Bay","EQC - Lot 5, DP 3439, Kaitapeha Bay, Picton, Marlborough",IAG New Zealand Limited,2022-09-13,AK,Jen Smith,174.204413,-41.21256,,False,
1502000.0716,1502000,1502000.0716,"EQC - 35 Ticehurst Road, Lyttelton, Cant","EQC - 35 Ticehurst Road, Lyttelton, Canterbury, 8082, NZL",IAG New Zealand Limited,2022-09-13,CH,Anna Sleight,172.714772,-43.600638,,False,
1502000.0693,1502000,1502000.0693,"EQC - 13 Pa Road, Pukerua Bay, Porirua","EQC - 13 Pa Road, Pukerua Bay, Porirua, Wellington, 5026, NZL",IAG New Zealand Limited,2022-09-14,WN,Shirley Wang,174.895594,-41.030369,Porirua City,True,
1502000.0694,1502000,1502000.0694,"EQC - 121 Akerbloms Rd, Punga Cove","EQC - 121 Akerbloms Rd, Punga Cove, Marlborough Sounds, 7282",IAG New Zealand Limited,2022-09-14,AK,Jen Smith,174.152228,-41.128621,,False,
1502000.0695,1502000,1502000.0695,EQC - 5620 Ahitarakihi Bay,"EQC - 5620 Ahitarakihi Bay, Queen  Charlotte Sound, Marlborough",IAG New Zealand Limited,2022-09-14,AK,Jen Smith,174.22799,-41.204058,,False,
1502000.0696,1502000,1502000.0696,"EQC - Snake Point Bay, Jetty # Q5341","EQC - Snake Point Bay of Many Coves,  Jetty # Q5341, Marlborough  Sounds",IAG New Zealand Limited,2022-09-14,AK,Jen Smith,174.176126,-41.194757,,False,
1502000.0697,1502000,1502000.0697,"EQC - 7 Grenville Terrace, Moana, Nelson","EQC - 7 Grenville Terrace, Moana, Nelson, 7011",IAG New Zealand Limited,2022-09-14,AK,Marcus Lovell,173.255173,-41.278065,,False,
1502000.0698,1502000,1502000.0698,"EQC - Lot 3 FR701,Double Cove","EQC - Lot 3 FR701,Double Cove, Marlborough Sounds, Marlborough",IAG New Zealand Limited,2022-09-14,AK,Jen Smith,174.021832,-41.235238,,False,
1502000.0701,1502000,1502000.0701,"EQC - 305 Anakiwa Road, Anakiwa","EQC - 305 Anakiwa Road, Anakiwa, Marlborough, 7281",IAG New Zealand Limited,2022-09-14,AK,Jen Smith,173.910337,-41.266081,,False,
1502000.0699,1502000,1502000.0699,EQC - 55 Carrington Street,"EQC - 55 Carrington Street, Lower Vogeltown, New Plymouth, Taranaki, 4310, NZL",IAG New Zealand Limited,2022-09-15,AK,Philip Mathewson,174.076122,-39.063766,,False,
1502000.0700,1502000,1502000.0700,"EQC - 4 Te Rangi Hiroa Place, Urenui","EQC - 4 Te Rangi Hiroa Place, Urenui, Taranaki, 4375, NZL",IAG New Zealand Limited,2022-09-15,AK,Philip Mathewson,174.387166,-38.996128,,False,
1502000.0702,1502000,1502000.0702,"EQC - 81B Murphy Street, Toi Toi, Nelson","EQC - 81B Murphy Street, Toi Toi, Nelson, 7010",Vero Insurance New Zealand Limited,2022-09-15,AK,Jen Smith,173.263912,-41.288819,,False,
1502000.0703,1502000,1502000.0703,"EQC - 140 Lud Valley Road, Hira","EQC - 140 Lud Valley Road, Hira, Mount Richmond Forest Park, Nelson, 7071",IAG New Zealand Limited,2022-09-15,AK,Jen Smith,173.387151,-41.228952,,False,
1502000.0704,1502000,1502000.0704,"EQC - 140 Lud Valley Road, Hira","EQC - 140 Lud Valley Road, Hira, Nelson, 7071",IAG New Zealand Limited,2022-09-15,AK,Jen Smith,173.387222,-41.228842,,False,
1502000.0705,1502000,1502000.0705,"EQC - 573 Rocks Road, Moana, Nelson","EQC - 573 Rocks Road, Moana, Nelson, 7011",IAG New Zealand Limited,2022-09-16,AK,Marcus Lovell,173.254355,-41.277928,,False,
1502000.0706,1502000,1502000.0706,"EQC - 38 Chamberlain Street, Tahunanui","EQC - 38 Chamberlain Street, Tahunanui, Nelson, 7011",IAG New Zealand Limited,2022-09-16,AK,Jen Smith,173.248971,-41.291182,,False,
1502000.0707,1502000,1502000.0707,"EQC - Jetty 5586, Lochmara Bay","EQC - Jetty 5586, Lochmara Bay, Marlborough, NZL",IAG New Zealand Limited,2022-09-16,AK,Jen Smith,173.993884,-41.235418,,False,
1502000.0708,1502000,1502000.0708,"EQC - 13 Surrey Street, Wilton, Wellingt","EQC - 13 Surrey Street, Wilton, Wellington, 6012, NZL",IAG New Zealand Limited,2022-09-16,WN,Shirley Wang,174.75599,-41.27177,Wellington City,True,
1502000.0709,1502000,1502000.0709,"EQC - Lot 1 DP14421, D'Urville Island","EQC - Lot 1 DP14421, D'Urville Island, French Pass, NZL",IAG New Zealand Limited,2022-09-19,AK,Jen Smith,173.809736,-40.919946,,False,
1502000.0710,1502000,1502000.0710,"EQC - 204 Nile Street East, Maitai","EQC - 204 Nile Street East, Maitai, Nelson, 7010",IAG New Zealand Limited,2022-09-19,AK,Jen Smith,173.298819,-41.277608,,False,
1502000.0711,1502000,1502000.0711,"EQC - Section 66 Block VII, Punga Cove","EQC - Section 66 Block VII, Punga Cove, Camp Bay, Marlborough Sounds",IAG New Zealand Limited,2022-09-19,AK,Jen Smith,174.147889,-41.128494,,False,
1502000.0712,1502000,1502000.0712,"EQC - Lot 1 DP352526, Waitata Bay","EQC - Lot 1 DP352526, Waitata Bay, Admiralty Bay, Marlborough Sounds, 7193",IAG New Zealand Limited,2022-09-19,AK,Jen Smith,173.934961,-40.959414,,False,
1502000.0713,1502000,1502000.0713,EQC - 344 Port Underwood Road,"EQC - 344 Port Underwood Road, Whatamango Bay, Picton, Marlborough, 7281",IAG New Zealand Limited,2022-09-19,AK,Jen Smith,174.066227,-41.257649,,False,
1502000.0714,1502000,1502000.0714,"EQC - 1687 Kenepuru Road, Broughton Bay","EQC - 1687 Kenepuru Road, Broughton Bay, Marlborough Sounds, Marlborough, 7282",IAG New Zealand Limited,2022-09-19,AK,Jen Smith,173.950555,-41.214227,,False,
1502000.0715,1502000,1502000.0715,"EQC - Lot 1 DP 302285, Onahau Bay","EQC - Lot 1 DP 302285, Onahau Bay, Marlborough",IAG New Zealand Limited,2022-09-19,AK,Jen Smith,173.971046,-41.243963,,False,
1502000.0717,1502000,1502000.0717,"EQC - 66 Main Road, Governors Bay, Cante","EQC - 66 Main Road, Governors Bay, Canterbury, 8971, NZL",IAG New Zealand Limited,2022-09-19,CH,Anna Sleight,172.647007,-43.624414,,False,
1502000.0718,1502000,1502000.0718,"EQC - 43 Hart Road, Richmond","EQC - 43 Hart Road, Richmond, 7020",IAG New Zealand Limited,2022-09-20,AK,Jen Smith,173.177503,-41.353782,,False,
1502000.0719,1502000,1502000.0719,"EQC - 20 Kilsyth Street, Karori","EQC - 20 Kilsyth Street, Karori, Wellington, 6012, NZL",IAG New Zealand Limited,2022-09-20,WN,Shirley Wang,174.736055,-41.291978,Wellington City,True,
1502000.0720,1502000,1502000.0720,"EQC - 2129 Kenepuru Road, Te Mahia","EQC - 2129 Kenepuru Road, Te Mahia, Marlborough Sounds, 7282",IAG New Zealand Limited,2022-09-20,AK,Jen Smith,173.976637,-41.210423,,False,
1502000.0721,1502000,1502000.0721,"EQC - 161 Maitai Valley Road, Maitai","EQC - 161 Maitai Valley Road, Maitai, Nelson, 7010",IAG New Zealand Limited,2022-09-21,AK,Jen Smith,173.318565,-41.272854,,False,
1502000.0722,1502000,1502000.0722,"EQC - 7 Teal Valley Road, Hira","EQC - 7 Teal Valley Road, Hira, Mount Richmond Forest Park, Nelson, 7071",IAG New Zealand Limited,2022-09-21,AK,Shirley Wang,173.396777,-41.226904,,False,
1502000.0723,1502000,1502000.0723,"EQC - 105 Hillwood Drive, Wakapuaka","EQC - 105 Hillwood Drive, Wakapuaka, Hira, Nelson, 7071",IAG New Zealand Limited,2022-09-21,AK,Jen Smith,173.368931,-41.217995,,False,
1502000.0724,1502000,1502000.0724,"EQC - 51 Hillwood Drive, Wakapuaka, Hira","EQC - 51 Hillwood Drive, Wakapuaka, Hira, Nelson, 7071",IAG New Zealand Limited,2022-09-21,AK,Jen Smith,173.369913,-41.21279,,False,
1502000.0725,1502000,1502000.0725,"EQC - Lot 1 DP 483634, Ruakaka Bay","EQC - Lot 1 DP 483634, Ruakaka Bay, Marlborough",IAG New Zealand Limited,2022-09-21,AK,Jen Smith,174.1372,-41.205795,,False,
1502000.0726,1502000,1502000.0726,"EQC - 54 Wakapuaka Road, Wakapuaka, Hira","EQC - 54 Wakapuaka Road, Wakapuaka, Hira, Nelson, 7071",IAG New Zealand Limited,2022-09-21,AK,Jen Smith,173.330219,-41.219843,,False,
1502000.0727,1502000,1502000.0727,"EQC - 188 Parautane Way, Todds Valley","EQC - 188 Parautane Way, Todds Valley, Nelson, 7071",IAG New Zealand Limited,2022-09-21,AK,Jen Smith,173.351301,-41.225609,,False,
1502000.0728,1502000,1502000.0728,EQC - 18 Little Todd Valley Road,"EQC - 18 Little Todd Valley Road, Todds Valley, Hira, Nelson, 7071",IAG New Zealand Limited,2022-09-21,AK,Jen Smith,173.337804,-41.217434,,False,
1502000.0729,1502000,1502000.0729,EQC - 45 Little Todd Valley Rd,"EQC - 45 Little Todd Valley Rd, Todds Valley, Nelson, 7071",IAG New Zealand Limited,2022-09-21,AK,Jen Smith,173.338823,-41.220352,,False,
1502000.0730,1502000,1502000.0730,"EQC - 42 Kanuka Rise, Wakapuaka, Hira","EQC - 42 Kanuka Rise, Wakapuaka, Hira, Nelson, 7071",IAG New Zealand Limited,2022-09-21,AK,Jen Smith,173.363907,-41.209982,,False,
1502000.0731,1502000,1502000.0731,EQC - 6140 Croisilles-French Pass Road,"EQC - 6140 Croisilles-French Pass Road, French Pass, Okiwi Bay, Marlborough, 7193",IAG New Zealand Limited,2022-09-21,AK,Jen Smith,173.841937,-40.925429,,False,
1502000.0732,1502000,1502000.0732,"EQC -5&5A Oriental Terrace, Oriental Bay","EQC - 5 & 5A Oriental Terrace, Oriental Bay, Wellington, 6011, NZL",IAG New Zealand Limited,2022-09-21,WN,Shirley Wang,174.77206485800002,-41.26331340599995,Wellington City,True,
1502000.0733,1502000,1502000.0733,EQC - 5193 Croisilles-French Pass Road,"EQC - 5193 Croisilles-French Pass Road, French Pass, Okiwi Bay, Marlborough, 7193",IAG New Zealand Limited,2022-09-21,AK,Jen Smith,173.807079,-40.970002,,False,
1502000.0734,1502000,1502000.0734,"EQC - 6B Jackson Street, Marybank","EQC - 6B Jackson Street, Marybank, Nelson, 7010",IAG New Zealand Limited,2022-09-21,AK,Jen Smith,173.322832,-41.229857,,False,
1502000.0735,1502000,1502000.0735,"EQC - 1 Maramanui Way, Karaka Bays","EQC - 1 Maramanui Way, Karaka Bays, Wellington, 6022, NZL",IAG New Zealand Limited,2022-09-21,WN,Shirley Wang,174.830462,-41.303215,Wellington City,True,
1502000.0736,1502000,1502000.0736,"EQC - 12C Wakapuaka Road, Wakapuaka","EQC - 12C Wakapuaka Road, Wakapuaka, Hira, Nelson, 7071",IAG New Zealand Limited,2022-09-21,AK,Jen Smith,173.332882,-41.226247,,False,
1502000.0737,1502000,1502000.0737,"EQC -Part Section 20, Waterfall Bay","EQC -Part Section 20, Waterfall Bay, Queen Charlotte  Sound, Marlborough",IAG New Zealand Limited,2022-09-21,AK,Jen Smith,173.962313,-41.229696,,False,
1502000.0738,1502000,1502000.0738,"EQC - 26 Hope Drive, Okiwi Bay","EQC - 26 Hope Drive, Okiwi Bay, Marlborough, 7193",IAG New Zealand Limited,2022-09-22,AK,Jen Smith,173.650207,-41.107571,,False,
1502000.0739,1502000,1502000.0739,"EQC - 50 Raroa Road, Kelburn, Wellington","EQC - 50 Raroa Road, Kelburn, Wellington, 6012, NZL",IAG New Zealand Limited,2022-09-22,WN,Shirley Wang,174.758131,-41.28939,Wellington City,True,
1502000.0740,1502000,1502000.0740,"EQC - 91A Cecil Road, Wadestown, Welling","EQC - 91A Cecil Road, Wadestown, Wellington, 6012, NZL",IAG New Zealand Limited,2022-09-22,WN,Shirley Wang,174.7708942160001,-41.26564929799997,Wellington City,True,
1502000.0741,1502000,1502000.0741,"EQC - 49 Tahunanui Drive, Tahunanui","EQC - 49 Tahunanui Drive, Tahunanui, Nelson, 7011",IAG New Zealand Limited,2022-09-22,AK,Jen Smith,173.250043,-41.282937,,False,
1502000.0742,1502000,1502000.0742,"EQC - 99 Cecil Road, Wadestown","EQC - 99 Cecil Road, Wadestown, Wellington, 6012, NZL",IAG New Zealand Limited,2022-09-22,WN,Shirley Wang,174.7697717950001,-41.26570724299995,Wellington City,True,
1502000.0743,1502000,1502000.0743,"EQC - Lot 41 DP 1196, Fence Bay","EQC - Lot 41 DP 1196, Fence Bay, Marlborough",IAG New Zealand Limited,2022-09-22,AK,Hannah Udell,173.980182,-41.2296,,False,
1502000.0744,1502000,1502000.0744,"EQC - 2 Broadway, Picton, Marlborough","EQC - 2 Broadway, Picton, Marlborough, 7220",IAG New Zealand Limited,2022-09-22,AK,Jen Smith,174.010382,-41.29324,,False,
1502000.0745,1502000,1502000.0745,"EQC - 26A Emano Street, Toi Toi, Nelson","EQC - 26A Emano Street, Toi Toi, Nelson, 7010",AA Insurance Limited,2022-09-22,AK,Jen Smith,173.266624,-41.281165,,False,
1502000.0746,1502000,1502000.0746,"EQC - 45 Tresillian Avenue, Marybank","EQC - 45 Tresillian Avenue, Marybank, Nelson, 7010",IAG New Zealand Limited,2022-09-22,AK,Jen Smith,173.327298,-41.225974,,False,
1502000.0747,1502000,1502000.0747,"EQC - 118B Ellendale Street, Marybank","EQC - 118B Ellendale Street, Marybank, Nelson, 7010",IAG New Zealand Limited,2022-09-22,AK,Jen Smith,173.3277,-41.225433,,False,
1502000.0748,1502000,1502000.0748,"EQC - 121 Houghton Bay Road, Houghton Ba","EQC - 121 Houghton Bay Road, Houghton Bay, Wellington, 6023, NZL",IAG New Zealand Limited,2022-09-23,WN,Shirley Wang,174.787743,-41.335381,Wellington City,True,
1502000.0749,1502000,1502000.0749,"EQC - 31 Farnham Street, Mornington, We","EQC - 31 Farnham Street, Mornington, Wellington, 6021, NZL",IAG New Zealand Limited,2022-09-23,WN,Shirley Wang,174.76659,-41.321546,Wellington City,True,
1502000.0750,1502000,1502000.0750,"EQC - 722 Bay Road, Oxford, Canterbury","EQC - 722 Bay Road, Oxford, Canterbury, 7430, NZL",IAG New Zealand Limited,2022-09-23,CH,Anna Sleight,172.184038,-43.280749,,False,
1502000.0751,1502000,1502000.0751,"EQC - Lot 2 DP 302285, Onahau Bay","EQC - Lot 2 DP 302285, Onahau Bay, Marlborough",IAG New Zealand Limited,2022-09-23,AK,Jen Smith,173.971343,-41.244484,,False,
1502000.0752,1502000,1502000.0752,"EQC - 31 Farleigh Street, Atawhai","EQC - 31 Farleigh Street, Atawhai, Nelson, 7010",IAG New Zealand Limited,2022-09-23,AK,Hannah Udell,173.327607,-41.244384,,False,
1502000.0753,1502000,1502000.0753,"EQC - 9 Werneth Ridge, Atawhai, Nelson","EQC - 9 Werneth Ridge, Atawhai, Nelson, 7010",IAG New Zealand Limited,2022-09-23,AK,Jen Smith,173.32547,-41.239374,,False,
1502000.0754,1502000,1502000.0754,"EQC - 143 Rayners Road, Hira, Nelson","EQC - 143 Rayners Road, Hira, Nelson, 7071",IAG New Zealand Limited,2022-09-23,AK,Jen Smith,173.378931,-41.219694,,False,
1502000.0755,1502000,1502000.0755,"EQC - 109 Biggsburn Way, Todds Valley","EQC - 109 Biggsburn Way, Todds Valley, Hira, Nelson, 7071",IAG New Zealand Limited,2022-09-23,AK,Jen Smith,173.352258,-41.220163,,False,
1502000.0756,1502000,1502000.0756,"EQC - 59 Brooklands Road, Atawhai","EQC - 59 Brooklands Road, Atawhai, Nelson, 7010",IAG New Zealand Limited,2022-09-23,AK,Jen Smith,173.308263,-41.25505,,False,
1502000.0757,1502000,1502000.0757,"EQC - 140 Champion Road, Richmond","EQC - 140 Champion Road, Richmond, Tasman, 7020",IAG New Zealand Limited,2022-09-23,AK,Jen Smith,173.212846,-41.343827,,False,
1502000.0758,1502000,1502000.0758,EQC - 6 The Anchorage,"EQC - 6 The Anchorage, Abel Tasman National Park, Tasman, 7183",IAG New Zealand Limited,2022-09-23,AK,Jen Smith,173.060483,-40.955331,,False,
1502000.0759,1502000,1502000.0759,"EQC - 44 Rangiora Terrace, Tahunanui","EQC - 44 Rangiora Terrace, Tahunanui, Nelson, 7011",IAG New Zealand Limited,2022-09-23,AK,Jen Smith,173.25155,-41.288187,,False,
1502000.0760,1502000,1502000.0760,"EQC -Q/5195 Kaipapa Bay, Kaipapa  Bay","EQC - Q/5195 Kaipapa Bay, Kaipapa  Bay, Marlborough",IAG New Zealand Limited,2022-09-27,AK,Hannah Udell,174.078089,-41.226134,,False,
1502000.0761,1502000,1502000.0761,"EQC -Lot 25 DP 1153, Torea Bay","EQC -Lot 25 DP 1153,Torea Bay, Marlborough",IAG New Zealand Limited,2022-09-27,AK,Jen Smith,174.023494,-41.226302,,False,
1502000.0762,1502000,1502000.0762,"EQC -  Lot 1 DP 409551, Yncyca Bay","EQC -   Lot 1 DP 409551, Yncyca Bay, Marlborough Sounds, Marlborough",IAG New Zealand Limited,2022-09-27,AK,Jen Smith,173.879334,-41.136744,,False,
1502000.0763,1502000,1502000.0763,"EQC - Lot 4, DP 3439, Kaitapeha Bay","EQC - Lot 4, DP 3439, Kaitapeha Bay, Arapaoa Island, Marlborough",IAG New Zealand Limited,2022-09-27,AK,Jen Smith,174.204704,-41.212592,,False,
1502000.0764,1502000,1502000.0764,"EQC - 13A Yarrow Place, Papakowhai","EQC - 13A Yarrow Place, Papakowhai, Porirua, Wellington, 5024, NZL",IAG New Zealand Limited,2022-09-27,WN,Shirley Wang,174.86717,-41.115073,Porirua City,True,
1502000.0765,1502000,1502000.0765,"EQC - Lot 1 D.P. 5610,South East Bay","EQC - Lot 1 D.P. 5610,South East Bay, Marlborough Sounds, Marlborough",IAG New Zealand Limited,2022-09-27,AK,Jen Smith,173.928007,-41.114636,,False,
1502000.0766,1502000,1502000.0766,"EQC - Lot 1, DP 10099, Onahau Bay","EQC - Lot 1, DP 10099, Onahau Bay, Marlborough",IAG New Zealand Limited,2022-09-27,AK,Hannah Udell,173.9838,-41.236377,,False,
1502000.0767,1502000,1502000.0767,"EQC - 122 Grove Street, The Wood, Nelson","EQC - 122 Grove Street, The Wood, Nelson, 7010",IAG New Zealand Limited,2022-09-28,AK,Jen Smith,173.296843,-41.269941,,False,
1502000.0768,1502000,1502000.0768,"EQC - Lot 5 DP 2935, Ruakaka Bay","EQC - Lot 5 DP 2935, Ruakaka Bay, Marlborough",IAG New Zealand Limited,2022-09-28,AK,Jen Smith,174.12694,-41.20209,,False,
1502000.0769,1502000,1502000.0769,EQC - 57 Carrington Street,"EQC - 57 Carrington Street, Lower Vogeltown, New Plymouth, Taranaki, 4310, NZL",IAG New Zealand Limited,2022-09-28,AK,Philip Mathewson,174.076067,-39.06418,,False,
1502000.0770,1502000,1502000.0770,EQC - 365 Bill Bryants Road,"EQC - 365 Bill Bryants Road, Squally Cove, Okiwi Bay, Marlborough, 7193",IAG New Zealand Limited,2022-09-28,AK,Jen Smith,173.751604,-41.039029,,False,
1502000.0771,1502000,1502000.0771,"EQC - Lot 6 DP 1584, Lochmara Bay","EQC - Lot 6 DP 1584, Lochmara Bay, Marlborough",IAG New Zealand Limited,2022-09-28,AK,Hannah Udell,173.998063,-41.218237,,False,
1502000.0772,1502000,1502000.0772,"EQC - Lot 11 DP 1075, Blackwood Bay","EQC - Lot 11 DP 1075, Blackwood Bay, Marlborough",IAG New Zealand Limited,2022-09-28,AK,Marcus Lovell,174.100203,-41.204883,,False,
1502000.0773,1502000,1502000.0773,"EQC - 123 Akerbloms Road, Punga Cove","EQC - 123 Akerbloms Road, Punga Cove, Picton, Marlborough, 7282",IAG New Zealand Limited,2022-09-28,AK,Jen Smith,174.151976,-41.128537,,False,
1502000.0774,1502000,1502000.0774,"EQC-69B Casey Avenue, Fairfield,Hamilton","EQC-69B Casey Avenue, Fairfield, Hamilton, Waikato, 3214, NZL",IAG New Zealand Limited,2022-09-29,HM,Michael Triggs,175.274695,-37.77191,,False,
1502000.0775,1502000,1502000.0775,"EQC - Lot 2 DP 3306, Bay of Many Coves","EQC - Lot 2 DP 3306, Bay of Many Coves, Marlborough, NZL",IAG New Zealand Limited,2022-09-29,AK,Jen Smith,174.151122,-41.175194,,False,
1502000.0776,1502000,1502000.0776,EQC - 454 Port Underwood Road,"EQC - 454 Port Underwood Road, Whatamango Bay, Picton, Marlborough, 7281",IAG New Zealand Limited,2022-09-29,AK,Jen Smith,174.074106,-41.263445,,False,
1502000.0777,1502000,1502000.0777,EQC - 1940 Te Towaka-Port Ligar Rd,"EQC - 1940 Te Towaka-Port Ligar Rd, Bulwer, Marlborough Sounds, 7193",IAG New Zealand Limited,2022-09-29,AK,Jen Smith,173.959947,-40.929489,,False,
1502000.0778,1502000,1502000.0778,"EQC - 118 Moetapu Bay Road, Moetapu Bay","EQC - 118 Moetapu Bay Road, Moetapu Bay, Linkwater, Marlborough, 7282",IAG New Zealand Limited,2022-09-29,AK,Jen Smith,173.861317,-41.258903,,False,
1502000.0779,1502000,1502000.0779,"EQC - S19 Block I, Blackwood Bay","EQC - S19 Block I, Blackwood Bay, Marlborough Sounds, Marlborough",IAG New Zealand Limited,2022-09-30,AK,Jen Smith,174.090336,-41.208175,,False,
1502000.0780,1502000,1502000.0780,"EQC - 313C Anakiwa Road, Anakiwa","EQC - 313C Anakiwa Road, Anakiwa, Marlborough, 7281",IAG New Zealand Limited,2022-09-30,AK,Jen Smith,173.910053,-41.265658,,False,
1502000.0781,1502000,1502000.0781,"EQC - Lot 1 DP 1909, Onahau Bay","EQC - Lot 1 DP 1909, Onahau Bay, Marlborough Sounds, Marlborough",IAG New Zealand Limited,2022-09-30,AK,Jen Smith,173.969402,-41.240011,,False,
1502000.0782,1502000,1502000.0782,EQC - 2641B Queen Charlotte Drive,"EQC - 2641B Queen Charlotte Drive, Whenuanui Bay, Picton, 7281",IAG New Zealand Limited,2022-09-30,AK,Jen Smith,173.981865,-41.266052,,False,
1502000.0783,1502000,1502000.0783,EQC - 2641A Queen Charlotte Drive,"EQC - 2641A Queen Charlotte Drive, Whenuanui Bay, Picton, 7281",IAG New Zealand Limited,2022-09-30,AK,Jen Smith,173.981613,-41.266012,,False,
1502000.0784,1502000,1502000.0784,"EQC - 313B Anakiwa Road, Anakiwa","EQC - 313B Anakiwa Road, Anakiwa, Marlborough, 7281",IAG New Zealand Limited,2022-09-30,AK,Hannah Udell,173.910269,-41.265532,,False,
1502000.0785,1502000,1502000.0785,"EQC - 32 Woodvale Grove, Fairfield","EQC - 32 Woodvale Grove, Fairfield, Lower Hutt, Wellington, 5011, NZL",IAG New Zealand Limited,2022-09-30,WN,Shirley Wang,174.939889,-41.21059,Lower Hutt City,True,
1502000.0786,1502000,1502000.0786,"EQC - 183 Port Underwood Road, Waikawa","EQC - 183 Port Underwood Road, Waikawa, Picton, Marlborough, 7281",IAG New Zealand Limited,2022-09-30,AK,Jen Smith,174.057447,-41.259458,,False,
1502000.0787,1502000,1502000.0787,"EQC - 51A Tahunanui Drive, Tahunanui","EQC - 51A Tahunanui Drive, Tahunanui, Nelson, 7011",IAG New Zealand Limited,2022-09-30,AK,Jen Smith,173.250133,-41.283292,,False,
1502000.0788,1502000,1502000.0788,"EQC - 4 Takutai Rd, Pukerua Bay, 5026, N","EQC - 4 Takutai Rd, Pukerua Bay, 5026, NZL",IAG New Zealand Limited,2022-09-30,WN,Shirley Wang,174.88789,-41.035257,Porirua City,True,
1502000.0789,1502000,1502000.0789,"EQC - 18A Dorset Street, Picton","EQC - 18A Dorset Street, Picton, Marlborough, 7220",IAG New Zealand Limited,2022-09-30,AK,Jen Smith,173.998514,-41.29667,,False,
1502000.0790,1502000,1502000.0790,"EQC - 19B Glenwood Ave, Birkenhead","EQC - 19B Glenwood Ave, Birkenhead, Auckland, 0626, NZL",IAG New Zealand Limited,2022-09-30,AK,Philip Mathewson,174.718089,-36.80979,,False,
1502000.0791,1502000,1502000.0791,"EQC - 42 Sowman Street, The Brook","EQC - 42 Sowman Street, The Brook, Nelson, 7010",IAG New Zealand Limited,2022-10-01,AK,Jen Smith,173.286998,-41.290109,,False,
1502000.0792,1502000,1502000.0792,"EQC - 1779 Kenepuru Road, Te Mahia","EQC - 1779 Kenepuru Road, Te Mahia, Marlborough Sounds, Marlborough, 7282",IAG New Zealand Limited,2022-10-01,AK,Jen Smith,173.956121,-41.213643,,False,
1502000.0793,1502000,1502000.0793,"EQC - 28 Allan Street, Nelson South","EQC - 28 Allan Street, Nelson South, Nelson, 7010",IAG New Zealand Limited,2022-10-01,AK,Jen Smith,173.281897,-41.286291,,False,
1502000.0794,1502000,1502000.0794,"EQC - 21 Rata Street, The Brook, Nelson","EQC - 21 Rata Street, The Brook, Nelson, 7010",IAG New Zealand Limited,2022-10-01,AK,Jen Smith,173.292991,-41.287841,,False,
1502000.0795,1502000,1502000.0795,"EQC - 20 Coster Street, Enner Glynn","EQC - 20 Coster Street, Enner Glynn, Nelson, 7011",IAG New Zealand Limited,2022-10-01,AK,Jen Smith,173.248059,-41.304085,,False,
1502000.0796,1502000,1502000.0796,"EQC - 26A Coster Street, Enner Glynn","EQC - 26A Coster Street, Enner Glynn, Nelson, 7011",IAG New Zealand Limited,2022-10-02,AK,Jen Smith,173.247585,-41.304403,,False,
1502000.0797,1502000,1502000.0797,"EQC - 26B Coster Street, Enner Glynn","EQC - 26B Coster Street, Enner Glynn, Nelson, 7011",IAG New Zealand Limited,2022-10-03,AK,Jen Smith,173.247648,-41.304526,,False,
1502000.0798,1502000,1502000.0798,"EQC - 28 Coster Street, Enner Glynn","EQC - 28 Coster Street, Enner Glynn, Nelson, 7011",IAG New Zealand Limited,2022-10-03,AK,Jen Smith,173.247636,-41.304249,,False,
1502000.0799,1502000,1502000.0799,"EQC - 30 Coster Street, Enner Glynn","EQC - 30 Coster Street, Enner Glynn, Nelson, 7011",IAG New Zealand Limited,2022-10-03,AK,Jen Smith,173.247658,-41.304034,,False,
1502000.0800,1502000,1502000.0800,"EQC - 720 South Road, Omata","EQC - 720 South Road, Omata, New Plymouth, Taranaki, 4374, NZL",IAG New Zealand Limited,2022-10-03,AK,Philip Mathewson,173.995157,-39.096779,,False,
1502000.0801,1502000,1502000.0801,"EQC - 14 Kiriwai Road, Paremata, Porirua","EQC - 14 Kiriwai Road, Paremata, Porirua, Wellington, 5024, NZL",IAG New Zealand Limited,2022-10-03,WN,Shirley Wang,174.870714,-41.107289,Porirua City,True,
1502000.0802,1502000,1502000.0802,"EQC - 19A Glenwood Ave, Birkenhead","EQC - 19A Glenwood Ave, Birkenhead, Auckland, 0626, NZL",IAG New Zealand Limited,2022-10-03,AK,Philip Mathewson,174.717451,-36.809631,,False,
1502000.0803,1502000,1502000.0803,"EQC - 235 Collingwood Street, Nelson","EQC - 235 Collingwood Street, Nelson South, Nelson, 7010",IAG New Zealand Limited,2022-10-03,AK,Jen Smith,173.286839,-41.28272,,False,
1502000.0804,1502000,1502000.0804,"EQC - 716 Cable Bay Road, Cable Bay","EQC - 716 Cable Bay Road, Cable Bay, Cable Bay Nelson District, Nelson, 7071",IAG New Zealand Limited,2022-10-03,AK,Jen Smith,173.418759,-41.16593,,False,
1502000.0805,1502000,1502000.0805,"EQC - Lot 2, DP 1093, Kaipapa Bay","EQC - Lot 2, DP 1093, Kaipapa Bay, Marlborough, NZL",IAG New Zealand Limited,2022-10-03,AK,Marcus Lovell,174.078394,-41.224685,,False,
1502000.0806,1502000,1502000.0806,"EQC - 718 Cable Bay Road, Cable Bay","EQC - 718 Cable Bay Road, Cable Bay, Nelson, 7071",IAG New Zealand Limited,2022-10-03,AK,Jen Smith,173.418205,-41.16601,,False,
1502000.0807,1502000,1502000.0807,"EQC - 22B Kellsmere Crescent, Island Bay","EQC - 22B Kellsmere Crescent Island Bay Wellington, 6023, NZL",IAG New Zealand Limited,2022-10-04,WN,Shirley Wang,174.766879,-41.342534,Wellington City,True,
1502000.0808,1502000,1502000.0808,"EQC - 4 Duncan Street, Tawa, Wellington","EQC - 4 Duncan Street, Tawa, Wellington, 5028, NZL",IAG New Zealand Limited,2022-10-04,WN,Shirley Wang,174.828021,-41.173297,Wellington City,True,
1502000.0809,1502000,1502000.0809,"EQC - 28 Wyndham Road, Pinehaven","28 Wyndham Road, Pinehaven, Upper Hutt, 5019, NZL",IAG New Zealand Limited,2022-10-04,WN,Shirley Wang,175.010522,-41.158104,Upper Hutt City,True,
1502000.0810,1502000,1502000.0810,"EQC - 27 Southern Cross Crescent, Island","EQC - 27 Southern Cross Crescent, Island Bay, Wellington 6023, NZL",IAG New Zealand Limited,2022-10-04,WN,Shirley Wang,174.766705,-41.343354,Wellington City,True,
1502000.0811,1502000,1502000.0811,"EQC - 15 Rangitane Street, Maupuia","EQC - 15 Rangitane Street, Maupuia, Wellington, 6022, NZL",IAG New Zealand Limited,2022-10-04,WN,Shirley Wang,174.816367,-41.306912,Wellington City,True,
1502000.0812,1502000,1502000.0812,"EQC - 8 Naumai Street, Atawhai, Nelson","EQC - 8 Naumai Street, Atawhai, Nelson, 7010",IAG New Zealand Limited,2022-10-04,AK,Jen Smith,173.322177,-41.241416,,False,
1502000.0813,1502000,1502000.0813,"EQC - 100 J Turnwald Road, Puhoi","EQC - 100 J Turnwald Road, Puhoi, Wainui, Auckland, 0994, NZL",IAG New Zealand Limited,2022-10-04,AK,Philip Mathewson,174.630034,-36.520568,,False,
1502000.0814,1502000,1502000.0814,"EQC - 45A Haycock Road, Hope, Richmond","EQC - 45A Haycock Road, Hope, Richmond, Tasman, 7081",IAG New Zealand Limited,2022-10-04,AK,Shirley Wang,173.150359,-41.379294,,False,
1502000.0815,1502000,1502000.0815,"EQC - Lot 1, DP1470, Lochmara Bay","EQC - Lot 1, DP1470, Lochmara Bay, Marlborough, NZL",IAG New Zealand Limited,2022-10-04,AK,Jen Smith,174.006152,-41.227568,,False,
1502000.0816,1502000,1502000.0816,"EQC - 240A Wills Road, Upper Moutere","EQC - 240A Wills Road, Upper Moutere, Tasman, 7175",IAG New Zealand Limited,2022-10-04,AK,Jen Smith,172.975405,-41.219481,,False,
1502000.0817,1502000,1502000.0817,"EQC - Lot 1, DP 5723, Pelorus Sound","EQC - Lot 1, DP 5723, Pelorus Sound,  Marlborough",IAG New Zealand Limited,2022-10-04,AK,Jen Smith,173.922138,-41.112568,,False,
1502000.0818,1502000,1502000.0818,"EQC - 39A Manaroa Road, Waitaria Bay","EQC - 39A Manaroa Road, Waitaria Bay, Marlborough Sounds, Marlborough, 7282",IAG New Zealand Limited,2022-10-04,AK,Jen Smith,174.04942,-41.153193,,False,
1502000.0819,1502000,1502000.0819,"EQC - 21B Rishworth Avenue, Stanmore Bay","EQC - 21B Rishworth Avenue, Stanmore Bay, Whangaparaoa, Auckland, 0932, NZL",IAG New Zealand Limited,2022-10-05,AK,Philip Mathewson,174.742836,-36.637408,,False,
1502000.0820,1502000,1502000.0820,"EQC - 28 Cranley St, Musselburgh, Dunedi","EQC - 28 Cranley Street, Musselburgh, Dunedin, Otago, 9013, NZL",IAG New Zealand Limited,2022-10-05,CH,Anna Sleight,170.516751,-45.90024,,False,
1502000.0821,1502000,1502000.0821,EQC - 5/105 Birkenhead Avenue,"EQC - 5/105 Birkenhead Avenue, Birkenhead, Auckland, 0626, NZL",IAG New Zealand Limited,2022-10-05,AK,Philip Mathewson,174.726509,-36.808152,,False,
1502000.0822,1502000,1502000.0822,"EQC - 2/38C Jenner Road, Toi Toi, Nelson","EQC - 2/38C Jenner Road, Toi Toi, Nelson, 7010, NZL",IAG New Zealand Limited,2022-10-05,AK,Jen Smith,173.263824,-41.28821,,False,
1502000.0823,1502000,1502000.0823,"EQC - 81 Bisley Avenue, Moana, Nelson","EQC - 81 Bisley Avenue, Moana, Nelson, 7011, NZL",IAG New Zealand Limited,2022-10-05,AK,Marcus Lovell,173.254556,-41.278788,,False,
1502000.0824,1502000,1502000.0824,"EQC - 19 Grenville Terrace, Moana","EQC - 19 Grenville Terrace, Moana, Nelson, 7011, NZL",IAG New Zealand Limited,2022-10-05,AK,Marcus Lovell,173.255914,-41.277722,,False,
1502000.0825,1502000,1502000.0825,"EQC - 45 Murphy Street, Toi Toi, Nelson","EQC - 45 Murphy Street, Toi Toi, Nelson, 7010, NZL",IAG New Zealand Limited,2022-10-05,AK,Jen Smith,173.264444,-41.286048,,False,
1502000.0826,1502000,1502000.0826,"EQC - 39 Waterways Drive, Ohope","EQC - 39 Waterways Drive, Ohope, Bay of Plenty, 3121, NZL",IAG New Zealand Limited,2022-10-05,TG,Guy McDougall,177.078351,-37.97933,,False,
1502000.0827,1502000,1502000.0827,EQC - 5092 Kenepuru Road,"EQC - 5092 Kenepuru Road, Ohauparuparu Bay, Marlborough Sounds, Marlborough, 7282, NZL",IAG New Zealand Limited,2022-10-05,AK,Jen Smith,174.056829,-41.175884,,False,
1502000.0828,1502000,1502000.0828,"EQC - 2182 Kenepuru Road, Te Mahia","EQC - 2182 Kenepuru Road, Te Mahia, Marlborough Sounds, Marlborough, 7282, NZL",IAG New Zealand Limited,2022-10-05,AK,Jen Smith,173.982083,-41.210329,,False,
1502000.0829,1502000,1502000.0829,"EQC - 2316 Kenepuru Rd, Te Mahia","EQC - 2316 Kenepuru Rd, Te Mahia, Marlborough Sounds, 7282",IAG New Zealand Limited,2022-10-05,AK,Jen Smith,173.991867,-41.210529,,False,
1502000.0830,1502000,1502000.0830,"EQC - Lot 9 DP 1539, Bay of Many  Coves","EQC - Lot 9 DP 1539, Bay of Many  Coves, Marlborough",IAG New Zealand Limited,2022-10-05,AK,Jen Smith,174.152285,-41.177357,,False,
1502000.0831,1502000,1502000.0831,"EQC - 1781 Kenepuru Road, Te Mahia","EQC - 1781 Kenepuru Road, Te Mahia, Marlborough Sounds, Marlborough, 7282",IAG New Zealand Limited,2022-10-05,AK,Jen Smith,173.955753,-41.213354,,False,
1502000.0832,1502000,1502000.0832,"EQC - 2918 Kenepuru Road, Portage","EQC - 2918 Kenepuru Road, Portage, Marlborough Sounds, Marlborough, 7282, NZL",IAG New Zealand Limited,2022-10-05,AK,Jen Smith,174.035839,-41.199922,,False,
1502000.0833,1502000,1502000.0833,"EQC - 192A Nile Street East, Maitai","EQC - 192A Nile Street East, Maitai, Nelson, 7010",IAG New Zealand Limited,2022-10-05,AK,Jen Smith,173.298344,-41.277437,,False,
1502000.0834,1502000,1502000.0834,"EQC - 45 Robinson Road, The Brook","EQC - 45 Robinson Road, The Brook, Nelson, 7010",IAG New Zealand Limited,2022-10-05,AK,Jen Smith,173.291397,-41.292655,,False,
1502000.0835,1502000,1502000.0835,"EQC - 1 Grenville Terrace, Moana, Nelson","EQC - 1 Grenville Terrace, Moana, Nelson, 7011",IAG New Zealand Limited,2022-10-05,AK,Marcus Lovell,173.254804,-41.278418,,False,
1502000.0838,1502000,1502000.0838,"EQC - Lot 1, DP 2047, Blackwood Bay","EQC - Lot 1, DP 2047, Blackwood Bay,  Marlborough",IAG New Zealand Limited,2022-10-05,AK,Jen Smith,174.083843,-41.213359,,False,
1502000.0836,1502000,1502000.0836,"EQC - Lot 14 DP 367786, Snake Point","EQC - Lot 14 DP 367786, Snake Point,  Bay of Many Coves,  Marlborough",IAG New Zealand Limited,2022-10-06,AK,Jen Smith,174.173725,-41.199093,,False,
1502000.0837,1502000,1502000.0837,"EQC - 46 Waimarama Street, Waikawa","EQC - 46 Waimarama Street, Waikawa, Picton, Marlborough, 7220",IAG New Zealand Limited,2022-10-06,AK,Jen Smith,174.045894,-41.270285,,False,
1502000.0839,1502000,1502000.0839,"EQC - 28A Moana View Road, Waikawa","EQC - 28A Moana View Road, Waikawa, Picton, Marlborough, 7220",IAG New Zealand Limited,2022-10-06,NE,Hannah Udell,174.035157,-41.276837,,False,
1502000.0840,1502000,1502000.0840,"EQC - 1/74A Halifax Street East, The Woo","EQC - 1/74A Halifax Street East, The Wood, Nelson, 7010",IAG New Zealand Limited,2022-10-06,AK,Jen Smith,173.290207,-41.271319,,False,
1502000.0841,1502000,1502000.0841,"EQC - 385 Brook Street, The Brook","EQC - 385 Brook Street, The Brook, Nelson, 7010",IAG New Zealand Limited,2022-10-06,AK,Jen Smith,173.297223,-41.299841,,False,
1502000.0842,1502000,1502000.0842,"EQC - Lot 2 DP 3532, Kahikatea Bay","EQC - Lot 2 DP 3532, Kahikatea Bay, Marlborough, NZL",IAG New Zealand Limited,2022-10-06,AK,Jen Smith,174.113996,-41.247521,,False,
1502000.0843,1502000,1502000.0843,"EQC - 2 Anzac Rd, Waiheke Island","EQC - 2 Anzac Rd, Waiheke Island, 1971, NZL",IAG New Zealand Limited,2022-10-06,AK,Dion Willcocks,175.145398,-36.842918,,False,
1502000.0844,1502000,1502000.0844,EQC - 44 Hay Street Oriental Bay,"EQC - 44 Hay Street, Oriental Bay, Wellington, 6011, NZL",IAG New Zealand Limited,2022-10-06,WN,Shirley Wang,174.795006,-41.29329,Wellington City,True,
1502000.0845,1502000,1502000.0845,"EQC - 9 Kenef Road, Paremata, Porirua","EQC - 9 Kenef Road, Paremata, Porirua, Wellington, 5024, NZL",IAG New Zealand Limited,2022-10-06,WN,Shirley Wang,174.87773,-41.106195,Porirua City,True,
1502000.0846,1502000,1502000.0846,"EQC - 2453 Kenepuru Road, Portage","EQC - 2453 Kenepuru Road, Portage, Marlborough Sounds, Marlborough, 7282",IAG New Zealand Limited,2022-10-06,AK,Jen Smith,174.004277,-41.208059,,False,
1502000.0847,1502000,1502000.0847,"EQC - 16 Koura Road, Atawhai, Nelson","EQC - 16 Koura Road, Atawhai, Nelson, 7010",IAG New Zealand Limited,2022-10-06,AK,Jen Smith,173.327956,-41.247092,,False,
1502000.0848,1502000,1502000.0848,"EQC - 711A Cable Bay Road, Cable Bay","EQC - 711A Cable Bay Road, Cable Bay, Nelson, 7071",IAG New Zealand Limited,2022-10-06,AK,Jen Smith,173.419296,-41.167045,,False,
1502000.0849,1502000,1502000.0849,"EQC - 30 Brooklands Road, Atawhai","EQC - 30 Brooklands Road, Atawhai, Nelson, 7010",IAG New Zealand Limited,2022-10-06,AK,Jen Smith,173.305966,-41.256372,,False,
1502000.0850,1502000,1502000.0850,EQC - 14 Hastings Street,"EQC - 14 Hastings Street, Washington Valley, Nelson, 7010",IAG New Zealand Limited,2022-10-06,AK,Jen Smith,173.276534,-41.27108,,False,
1502000.0881,1502000,1502000.0881,"EQC - 1/8 Jasper Way, Washington Valley","EQC - 1/8 Jasper Way, Washington Valley, Nelson, 7010",IAG New Zealand Limited,2022-10-06,AK,Jen Smith,173.269651,-41.275856,,False,
1502000.0851,1502000,1502000.0851,"EQC - 13A Upper Bourke St, Kilbirnie","EQC - 13A Upper Bourke St, Kilbirnie, Wellington, 6022, NZL",IAG New Zealand Limited,2022-10-07,WN,Shirley Wang,174.791313,-41.318965,Wellington City,True,
1502000.0852,1502000,1502000.0852,"EQC - 10 Grenville Terrace, Moana","EQC - 10 Grenville Terrace, Moana, Nelson, 7011",IAG New Zealand Limited,2022-10-07,AK,Marcus Lovell,173.255905,-41.278444,,False,
1502000.0853,1502000,1502000.0853,"EQC - 61 Brunner Street, Nelson South","EQC - 61 Brunner Street, Nelson South, Nelson, 7010",IAG New Zealand Limited,2022-10-07,AK,Jen Smith,173.271501,-41.296981,,False,
1502000.0854,1502000,1502000.0854,"EQC - 15 Hill Tops Way, Stoke, Nelson","EQC - 15 Hill Tops Way, Stoke, Nelson, 7011",IAG New Zealand Limited,2022-10-07,AK,Jen Smith,173.239589,-41.328848,,False,
1502000.0855,1502000,1502000.0855,"EQC - 13 Paremata Street, Atawhai","EQC - 13 Paremata Street, Atawhai, Nelson, 7010",IAG New Zealand Limited,2022-10-07,AK,Jen Smith,173.308427,-41.252391,,False,
1502000.0856,1502000,1502000.0856,"EQC - 15 Grenville Terrace, Moana","EQC - 15 Grenville Terrace, Moana, Nelson, 7011",IAG New Zealand Limited,2022-10-07,AK,Marcus Lovell,173.256181,-41.277948,,False,
1502000.0857,1502000,1502000.0857,"EQC - 15 Torkar Road, Clarks Beach","EQC - 15 Torkar Road, Clarks Beach, Auckland, 2122, NZL",IAG New Zealand Limited,2022-10-07,AK,Philip Mathewson,174.706484,-37.133955,,False,
1502000.0858,1502000,1502000.0858,"EQC - 12B Bahama Place, Parahaki","EQC - 12B Bahama Place, Parahaki, Whangarei, Northland, 0112, NZL",IAG New Zealand Limited,2022-10-07,AK,Philip Mathewson,174.341998,-35.725646,,False,
1502000.0859,1502000,1502000.0859,"EQC - 58 The Ridgeway, Enner Glynn","EQC - 58 The Ridgeway, Enner Glynn, Nelson, 7011",IAG New Zealand Limited,2022-10-09,AK,Jen Smith,173.249828,-41.30726,,False,
1502000.0860,1502000,1502000.0860,"EQC - 17 Hill Tops Way, Stoke, Nelson","EQC - 17 Hill Tops Way, Stoke, Nelson, 7011",IAG New Zealand Limited,2022-10-09,AK,Jen Smith,173.239418,-41.328671,,False,
1502000.0861,1502000,1502000.0861,"EQC - 112 Enner Glynn Road, Enner Glynn","EQC - 112 Enner Glynn Road, Enner Glynn, Nelson, 7011",IAG New Zealand Limited,2022-10-09,AK,Jen Smith,173.267734,-41.313804,,False,
1502000.0862,1502000,1502000.0862,"EQC - 33 Irvine Road, Wairoa Valley","EQC - 33 Irvine Road, Wairoa Valley, Brightwater, Tasman, 7091",IAG New Zealand Limited,2022-10-09,AK,Jen Smith,173.11477,-41.432679,,False,
1502000.0863,1502000,1502000.0863,"EQC - 99A Haycock Road, Hope, Richmond","EQC - 99A Haycock Road, Hope, Richmond, Tasman, 7081",IAG New Zealand Limited,2022-10-09,AK,Jen Smith,173.147003,-41.380502,,False,
1502000.0864,1502000,1502000.0864,"EQC - 33 Ngatitama Street, Nelson South","EQC - 33 Ngatitama Street, Nelson South, Nelson, 7010",IAG New Zealand Limited,2022-10-09,AK,Jen Smith,173.27894,-41.286234,,False,
1502000.0865,1502000,1502000.0865,"EQC - 81 Totara View Road, Wakefield","EQC - 81 Totara View Road, Wakefield, Tasman, 7095",IAG New Zealand Limited,2022-10-09,AK,Jen Smith,173.034682,-41.426865,,False,
1502000.0866,1502000,1502000.0866,"EQC - 43B The Ridgeway, Enner Glynn","EQC - 43B The Ridgeway, Enner Glynn, Nelson",IAG New Zealand Limited,2022-10-09,AK,Jen Smith,173.251732,-41.308372,,False,
1502000.0867,1502000,1502000.0867,"EQC - 537 Rocks Road, Moana, Nelson","EQC - 537 Rocks Road, Moana, Nelson, 7011",IAG New Zealand Limited,2022-10-09,AK,Marcus Lovell,173.256387,-41.276388,,False,
1502000.0868,1502000,1502000.0868,"EQC - 182 Edward St, Wakefield","EQC - 182 Edward St, Wakefield, 7025",IAG New Zealand Limited,2022-10-09,AK,Jen Smith,173.051807,-41.413993,,False,
1502000.0869,1502000,1502000.0869,"EQC - 39A Pine Hill Road, Ruby Bay","EQC - 39A Pine Hill Road, Ruby Bay, Mapua, Tasman, 7173",IAG New Zealand Limited,2022-10-09,AK,Jen Smith,173.076101,-41.228947,,False,
1502000.0870,1502000,1502000.0870,"EQC - 340 Wakapuaka Rd, Wakapuaka","EQC - 340 Wakapuaka Rd, Wakapuaka, Nelson, 7071",IAG New Zealand Limited,2022-10-09,AK,Jen Smith,173.355813,-41.210858,,False,
1502000.0871,1502000,1502000.0871,"EQC - 580 Cable Bay Road, Cable Bay","EQC - 580 Cable Bay Road, Cable Bay, Nelson, 7071",IAG New Zealand Limited,2022-10-09,AK,Jen Smith,173.425215,-41.173759,,False,
1502000.0872,1502000,1502000.0872,"EQC - 104 Todd Valley Road, Todds Valley","EQC - 104 Todd Valley Road, Todds Valley, Mount Richmond Forest Park, Nelson, 7071",IAG New Zealand Limited,2022-10-09,AK,Jen Smith,173.343055,-41.235292,,False,
1502000.0873,1502000,1502000.0873,EQC - 45 Kaiteriteri-Sandy Bay Road,"EQC - 45 Kaiteriteri-Sandy Bay Road, Kaiteriteri, Tasman, 7197",IAG New Zealand Limited,2022-10-09,AK,Jen Smith,173.020899,-41.033634,,False,
1502000.0874,1502000,1502000.0874,"EQC - 20 Hillplough Heights, Richmond","EQC - 20 Hillplough Heights, Richmond, Tasman, 7020",IAG New Zealand Limited,2022-10-09,AK,Jen Smith,173.185594,-41.357674,,False,
1502000.0875,1502000,1502000.0875,EQC - 177 Parapara Valley Road,"EQC - 177 Parapara Valley Road, Parapara, Kahurangi National Park, Tasman, 7182",IAG New Zealand Limited,2022-10-09,AK,Jen Smith,172.674539,-40.740925,,False,
1502000.0876,1502000,1502000.0876,"EQC - 14 Bowman Place, Whitby, Porirua","EQC - 14 Bowman Place, Whitby, Porirua, Wellington, 5024, NZL",IAG New Zealand Limited,2022-10-10,WN,Shirley Wang,174.909862,-41.11065,Porirua City,True,
1502000.0877,1502000,1502000.0877,"EQC - Flat 2, 6 Robertson Street, Owhiro","EQC - Flat 2, 6 Robertson Street, Owhiro Bay, Wellington, 6023, NZL",IAG New Zealand Limited,2022-10-10,WN,Shirley Wang,174.760447,-41.343932,Wellington City,True,
1502000.0878,1502000,1502000.0878,"EQC - 7 Holborn Drive, Stokes Valley","EQC - 7 Holborn Drive, Stokes Valley, Lower Hutt, Wellington, 5019, NZL",IAG New Zealand Limited,2022-10-10,WN,Shirley Wang,174.982689,-41.164306,Lower Hutt City,True,
1502000.0879,1502000,1502000.0879,"EQC - 87 Eskdale Road, Papakowhai","EQC - 87 Eskdale Road, Papakowhai, Porirua, Wellington, 5024, NZL",IAG New Zealand Limited,2022-10-10,WN,Shirley Wang,174.870183,-41.113161,Porirua City,True,
1502000.0880,1502000,1502000.0880,"EQC - 18 Cracroft Terrace, Cashmere,Chch","EQC - 18 Cracroft Terrace, Cashmere, Christchurch, Canterbury, 8022, NZL",IAG New Zealand Limited,2022-10-11,CH,Anna Sleight,172.632865,-43.571894,,False,
1502000.0882,1502000,1502000.0882,"EQC - 46 Aotea Terrace, Huntsbury, Chch","EQC - 46 Aotea Terrace, Huntsbury, Christchurch, Canterbury, 8022, NZL",IAG New Zealand Limited,2022-10-11,CH,Anna Sleight,172.654827,-43.567982,,False,
1502000.0883,1502000,1502000.0883,"EQC - 333A Anakiwa Road, Anakiwa","EQC - 333A Anakiwa Road, Anakiwa, Marlborough, 7281",IAG New Zealand Limited,2022-10-11,AK,Jen Smith,173.911789,-41.264167,,False,
1502000.0884,1502000,1502000.0884,"EQC - 26 Moetapu Bay Road, Moetapu Bay","EQC - 26 Moetapu Bay Road, Moetapu Bay, Linkwater, Marlborough, 7282",IAG New Zealand Limited,2022-10-11,AK,Jen Smith,173.867795,-41.257403,,False,
1502000.0885,1502000,1502000.0885,"EQC - 7 Bobstay Lane, Whitby, Porirua","EQC - 7 Bobstay Lane, Whitby, Porirua, Wellington, 5024, NZL",IAG New Zealand Limited,2022-10-12,WN,Shirley Wang,174.882704,-41.121168,Porirua City,True,
1502000.0886,1502000,1502000.0886,"EQC - 19 Stanley Road, Wainui, Waimana","EQC - 19 Stanley Road, Wainui, Waimana, Bay of Plenty, 3198, NZL",IAG New Zealand Limited,2022-10-12,TG,Guy McDougall,177.114179,-38.044258,,False,
1502000.0887,1502000,1502000.0887,"EQC - 12A Bahama Pl, Parahaki, Whangarei","EQC - 12A Bahama Pl, Parahaki, Whangarei, 0112",IAG New Zealand Limited,2022-10-12,AK,Philip Mathewson,174.342238,-35.725795,,False,
1502000.0888,1502000,1502000.0888,"EQC - 17 Lochiel Road, Khandallah","EQC - 17 Lochiel Road, Khandallah, Wellington, 6035, NZL",IAG New Zealand Limited,2022-10-13,WN,Shirley Wang,174.793586,-41.246657,Wellington City,True,
1502000.0889,1502000,1502000.0889,"EQC - 734 Moetapu Bay Road, Moetapu Bay","EQC - 734 Moetapu Bay Road, Moetapu Bay, Linkwater, Marlborough, 7282",IAG New Zealand Limited,2022-10-13,AK,Jen Smith,173.80802,-41.268851,,False,
1502000.0890,1502000,1502000.0890,"EQC - Lot 2 DP 4327, Lochmara Bay","EQC - Lot 2 DP 4327, Lochmara Bay, Marlborough Sounds, Marlborough",IAG New Zealand Limited,2022-10-13,AK,Hannah Udell,174.006261,-41.226044,,False,
1502000.0891,1502000,1502000.0891,"EQC - 49 Tui Glen Road, Atawhai, Nelson","EQC - 49 Tui Glen Road, Atawhai, Nelson, 7010",IAG New Zealand Limited,2022-10-13,AK,Jen Smith,173.317403,-41.239498,,False,
1502000.0892,1502000,1502000.0892,"EQC - Lot 4 Jetty Q5239, Kumutoto Bay","EQC - Lot 4 Jetty Q5239, Kumutoto Bay, Marlborough",IAG New Zealand Limited,2022-10-13,AK,Jen Smith,174.073827,-41.212489,,False,
1502000.0893,1502000,1502000.0893,"EQC - 55 Aintree Road, Havelock North","EQC - 55 Aintree Road, Havelock North, Hawke's Bay, 4130, NZL",IAG New Zealand Limited,2022-10-14,TG,Ryan Tutbury,176.876146,-39.695631,,False,
1502000.0894,1502000,1502000.0894,"EQC - Lot 6 DP 1539, Bay of Many Coves","EQC - Lot 6 DP 1539, Bay of Many Coves, Marlborough",IAG New Zealand Limited,2022-10-14,AK,Jen Smith,174.151797,-41.176789,,False,
1502000.0895,1502000,1502000.0895,"EQC - 21 Lowther Drive, Witherlea","EQC - 21 Lowther Drive, Witherlea, Blenheim, Marlborough, 7201",IAG New Zealand Limited,2022-10-14,AK,Jen Smith,173.969328,-41.541914,,False,
1502000.0896,1502000,1502000.0896,EQC - 23 Mount Vernon Place,"EQC - 23 Mount Vernon Place, Washington Valley, Nelson, 7010",IAG New Zealand Limited,2022-10-14,AK,Jen Smith,173.263681,-41.274753,,False,
1502000.0897,1502000,1502000.0897,"EQC - 21 Airlie Street, Glenduan, Hira","EQC - 21 Airlie Street, Glenduan, Hira, Nelson, 7071",IAG New Zealand Limited,2022-10-14,AK,Jen Smith,173.367381,-41.184228,,False,
1502000.0898,1502000,1502000.0898,"EQC - 79 Farnham Street, Mornington","EQC - 79 Farnham Street, Mornington, Wellington, 6021, NZL",IAG New Zealand Limited,2022-10-17,WN,Shirley Wang,174.765118,-41.319608,Wellington City,True,
1502000.0899,1502000,1502000.0899,"EQC - 23 Windsor Avenue, Waikanae","EQC - 23 Windsor Avenue, Waikanae, Wellington, 5036, NZL",IAG New Zealand Limited,2022-10-17,WN,Shirley Wang,175.047979,-40.876124,,False,
1502000.0900,1502000,1502000.0900,"EQC - 5 Brunner Street, Nelson South","EQC - 5 Brunner Street, Nelson South, Nelson, 7010",IAG New Zealand Limited,2022-10-17,AK,Jen Smith,173.272423,-41.292931,,False,
1502000.0901,1502000,1502000.0901,"EQC - 24 Moetapu Bay Road, Moetapu Bay","EQC - 24 Moetapu Bay Road, Moetapu Bay, Linkwater, Marlborough, 7282",IAG New Zealand Limited,2022-10-17,AK,Jen Smith,173.86832,-41.257368,,False,
1502000.0902,1502000,1502000.0902,"EQC - Lot 3 DP 10910, Crail Bay","EQC - Lot 3 DP 10910, Crail Bay, Marlborough",IAG New Zealand Limited,2022-10-17,AK,Jen Smith,173.957221,-41.104184,,False,
1502000.0903,1502000,1502000.0903,"EQC - 638 Cable Bay Road, Cable Bay","EQC - 638 Cable Bay Road, Cable Bay, Cable Bay Nelson District, Nelson, 7071",IAG New Zealand Limited,2022-10-17,AK,Jen Smith,173.424483,-41.170089,,False,
1502000.0904,1502000,1502000.0904,"EQC - 137 Dodson Valley Road, Atawhai","EQC - 137 Dodson Valley Road, Atawhai, Nelson, 7010",IAG New Zealand Limited,2022-10-17,AK,Jen Smith,173.336007,-41.244275,,False,
1502000.0905,1502000,1502000.0905,"EQC - 90 Maupuia Road, Maupuia","EQC - 90 Maupuia Road, Maupuia, Wellington, 6022, NZL",IAG New Zealand Limited,2022-10-18,WN,Shirley Wang,174.814645,-41.310272,Wellington City,True,
1502000.0906,1502000,1502000.0906,"EQC - 93 Fox Street, Ngaio, Wellington","EQC - 93 Fox Street, Ngaio, Wellington, 6035, NZL",IAG New Zealand Limited,2022-10-18,WN,Shirley Wang,174.778591,-41.24371,Wellington City,True,
1502000.0907,1502000,1502000.0907,"EQC - 12 Coolidge Street, Brooklyn","EQC - 12 Coolidge Street, Brooklyn, Wellington, 6021, NZL",IAG New Zealand Limited,2022-10-18,WN,Shirley Wang,174.769648,-41.308314,Wellington City,True,
1502000.0908,1502000,1502000.0908,"EQC - 9 Berg Place, Whakatane","EQC - 9 Berg Place, Whakatane, Bay of Plenty, 3120, NZL",IAG New Zealand Limited,2022-10-18,TG,Guy McDougall,176.996522,-37.958333,,False,
1502000.0909,1502000,1502000.0909,"EQC - 177A Ohiwa Beach Road, Waiotahe","EQC - 177A Ohiwa Beach Road, Waiotahe, Opotiki, Bay of Plenty, 3198, NZL",IAG New Zealand Limited,2022-10-18,TG,Guy McDougall,177.183798,-37.993267,,False,
1502000.0910,1502000,1502000.0910,"EQC - 323 Brook Street, The Brook","EQC - 323 Brook Street, The Brook, Nelson, 7010",IAG New Zealand Limited,2022-10-18,AK,Jen Smith,173.299034,-41.296365,,False,
1502000.0911,1502000,1502000.0911,"EQC - 312A Atawhai Drive, Atawhai","EQC - 312A Atawhai Drive, Atawhai, Nelson, 7010",IAG New Zealand Limited,2022-10-18,AK,Jen Smith,173.307459,-41.253725,,False,
1502000.0912,1502000,1502000.0912,"EQC - 2D Clairmont Heights, Stoke","EQC - 2D Clairmont Heights, Stoke, Nelson, 7011",IAG New Zealand Limited,2022-10-18,AK,Jen Smith,173.224005,-41.32884,,False,
1502000.0913,1502000,1502000.0913,"EQC - Lot 5 DP 1125, Ruakaka Bay","EQC - Lot 5 DP 1125, Ruakaka Bay, Marlborough",IAG New Zealand Limited,2022-10-18,NE,Hannah Udell,174.138149,-41.204064,,False,
1502000.0914,1502000,1502000.0914,"EQC - Lot 9A DP 1075, Blackwood Bay","EQC - Lot 9A DP 1075, Blackwood Bay, Marlborough Sounds",IAG New Zealand Limited,2022-10-18,AK,Jen Smith,174.09957,-41.203469,,False,
1502000.0915,1502000,1502000.0915,"EQC - 1 Spencer Road, Hospital Hill","EQC - 1 Spencer Road, Hospital Hill, Napier, Hawke's Bay, 4110, NZL",IAG New Zealand Limited,2022-10-19,AK,Philip Mathewson,176.902602,-39.491754,,False,
1502000.0916,1502000,1502000.0916,"EQC - 240 Wakapuaka Road, Wakapuaka","EQC - 240 Wakapuaka Road, Wakapuaka, Hira, Nelson, 7071",IAG New Zealand Limited,2022-10-19,AK,Jen Smith,173.34359,-41.212457,,False,
1502000.0917,1502000,1502000.0917,EQC - 363 Port Underwood Rd,"EQC - 363 Port Underwood Rd, Whatamango Bay, Picton, 7281",IAG New Zealand Limited,2022-10-19,AK,Jen Smith,174.067748,-41.258198,,False,
1502000.0918,1502000,1502000.0918,"EQC - Lot 1 & 2, DP 474581, Lochmara Bay","EQC - Lot 1 & 2, DP 474581, Lochmara bay, Marlborough",IAG New Zealand Limited,2022-10-19,AK,Jen Smith,174.006429,-41.233152,,False,
1502000.0919,1502000,1502000.0919,"EQC - 284 Atawhai Drive, Atawhai, Nelson","EQC - 284 Atawhai Drive, Atawhai, Nelson, 7010",IAG New Zealand Limited,2022-10-20,AK,Jen Smith,173.304706,-41.254161,,False,
1502000.0920,1502000,1502000.0920,EQC - 25 Moncrieff Avenue,"EQC - 25 Moncrieff Avenue, Britannia Heights, Nelson, 7010",IAG New Zealand Limited,2022-10-20,AK,Marcus Lovell,173.258375,-41.276787,,False,
1502000.0921,1502000,1502000.0921,"EQC - 752 Cable Bay Rd, Cable Bay, Hira","EQC - 752 Cable Bay Rd, Cable Bay, Hira, 7071, NZL",IAG New Zealand Limited,2022-10-20,AK,Jen Smith,173.415974,-41.165154,,False,
1502000.0922,1502000,1502000.0922,"EQC - 39 Konini Street, Nelson South","EQC - 39 Konini Street, Nelson South, Nelson, 7010",IAG New Zealand Limited,2022-10-20,AK,Shirley Wang,173.275519,-41.278773,,False,
1502000.0923,1502000,1502000.0923,"EQC - 115 Akerbloms Road, Punga Cove","EQC - 115 Akerbloms Road, Punga Cove, Picton, Marlborough, 7282",IAG New Zealand Limited,2022-10-20,AK,Jen Smith,174.152461,-41.129168,,False,
1502000.0924,1502000,1502000.0924,"EQC - 16 Valerie Place, Stepneyville","EQC - 16 Valerie Place, Stepneyville, Nelson, 7010",IAG New Zealand Limited,2022-10-20,AK,Jen Smith,173.271629,-41.269605,,False,
1502000.0925,1502000,1502000.0925,"EQC - 90 Glen Road, Glenduan, Hira","EQC - 90 Glen Road, Glenduan, Hira, Nelson, 7071",IAG New Zealand Limited,2022-10-20,AK,Jen Smith,173.36221,-41.195964,,False,
1502000.0926,1502000,1502000.0926,"EQC - 17 Seymour Street, Seddon","EQC - 17 Seymour Street, Seddon, Marlborough, 7210",IAG New Zealand Limited,2022-10-20,AK,Jen Smith,174.072864,-41.672425,,False,
1502000.0927,1502000,1502000.0927,"EQC - 24 Stranolar Drive, Mount Roskill","EQC - 24 Stranolar Drive, Mount Roskill, Auckland, 1041, NZL",IAG New Zealand Limited,2022-10-20,AK,Philip Mathewson,174.732022,-36.926861,,False,
1502000.0928,1502000,1502000.0928,"EQC - 2 Dorothy Annie Way, Nelson","EQC - 2 Dorothy Annie Way, Nelson, 7010",IAG New Zealand Limited,2022-10-20,AK,Jen Smith,173.295853,-41.278832,,False,
1502000.0929,1502000,1502000.0929,"EQC -  Lot 1 DP 7085, Saint Omer","EQC -   Lot 1 DP 7085, Saint Omer, Marlborough Sounds, Marlborough, 7282",IAG New Zealand Limited,2022-10-20,AK,Jen Smith,173.968547,-41.187232,,False,
1502000.0930,1502000,1502000.0930,"EQC - 63 West End Road, Ohope","EQC - 63 West End Road, Ohope, Bay of Plenty, 3121, NZL",IAG New Zealand Limited,2022-10-21,TG,Guy McDougall,177.02327,-37.957536,,False,
1502000.0931,1502000,1502000.0931,"EQC - 21 Homebush Rd, Khandallah","EQC - 21 Homebush Rd, Khandallah, Wellington, 6035, NZL",IAG New Zealand Limited,2022-10-21,WN,Shirley Wang,174.805799,-41.249825,Wellington City,True,
1502000.0932,1502000,1502000.0932,"EQC - 183B Newlands Road, Newlands","EQC - 183B Newlands Road, Newlands, Wellington, 6037, NZL",IAG New Zealand Limited,2022-10-21,WN,Shirley Wang,174.819574,-41.2248,Wellington City,True,
1502000.0933,1502000,1502000.0933,"EQC - 50 Townsend Road, Miramar","EQC - 50 Townsend Road, Miramar, Wellington, 6022, NZL",IAG New Zealand Limited,2022-10-21,WN,Shirley Wang,174.822774,-41.315443,Wellington City,True,
1502000.0934,1502000,1502000.0934,"EQC - Lot 1, 19 Gracechurch Drive","EQC - Lot 1, 19 Gracechurch Drive, Flat Bush, Auckland, 2016",IAG New Zealand Limited,2022-10-21,AK,Philip Mathewson,174.924912,-36.954512,,False,
1502000.0935,1502000,1502000.0935,"EQC - 269 Wakefield Quay, Stepneyville","EQC - 269 Wakefield Quay, Stepneyville, Nelson, 7010",IAG New Zealand Limited,2022-10-21,AK,Jen Smith,173.270013,-41.26351,,False,
1502000.0936,1502000,1502000.0936,"EQC - 16 Reotahi Road, Whangarei Heads","EQC - 16 Reotahi Road, Whangarei Heads, Northland, 0174, NZL",IAG New Zealand Limited,2022-10-21,AK,Philip Mathewson,174.50168,-35.818262,,False,
1502000.0937,1502000,1502000.0937,EQC - 7 Moncrieff Avenue,"EQC - 7 Moncrieff Avenue, Britannia Heights, Nelson, 7010",IAG New Zealand Limited,2022-10-21,AK,Marcus Lovell,173.257673,-41.278068,,False,
1502000.0938,1502000,1502000.0938,"EQC - 177 Tahunanui Drive, Tahunanui","EQC - 177 Tahunanui Drive, Tahunanui, Nelson, 7011",IAG New Zealand Limited,2022-10-26,AK,Jen Smith,173.247712,-41.290926,,False,
1502000.0939,1502000,1502000.0939,"EQC - 78 Wallath Road, Westown","EQC - 78 Wallath Road, Westown, New Plymouth, Taranaki, 4310",IAG New Zealand Limited,2022-10-26,AK,Philip Mathewson,174.0462,-39.080462,,False,
1502000.0940,1502000,1502000.0940,"EQC - 17 Seawatch Way, Atawhai, Nelson","EQC - 17 Seawatch Way, Atawhai, Nelson, 7010",IAG New Zealand Limited,2022-10-26,AK,Jen Smith,173.315656,-41.255562,,False,
1502000.0941,1502000,1502000.0941,"EQC - 341 Brook Street, The Brook","EQC - 341 Brook Street, The Brook, Nelson, 7010",IAG New Zealand Limited,2022-10-26,AK,Jen Smith,173.298687,-41.297947,,False,
1502000.0942,1502000,1502000.0942,"EQC - 588 Brook Street, The Brook","EQC - 588 Brook Street, The Brook, Nelson, 7010",IAG New Zealand Limited,2022-10-26,AK,Jen Smith,173.287678,-41.310962,,False,
1502000.0943,1502000,1502000.0943,"EQC - Lot 2 DP 3674, Burns Bay","EQC - Lot 2 DP 3674, Burns Bay, Bay of Many Coves, Marlborough",IAG New Zealand Limited,2022-10-27,AK,Jen Smith,174.151262,-41.173393,,False,
1502000.0944,1502000,1502000.0944,"EQC - 301 Dog Point Road, Hawkesbury","EQC - 301 Dog Point Road, Hawkesbury, Waihopai Valley, Marlborough, 7272",IAG New Zealand Limited,2022-10-27,AK,Jen Smith,173.811801,-41.52721,,False,
1502000.0945,1502000,1502000.0945,"EQC - 17 Paremata Street, Atawhai","EQC - 17 Paremata Street, Atawhai, Nelson, 7010",IAG New Zealand Limited,2022-10-27,AK,Jen Smith,173.308197,-41.252544,,False,
1502000.0946,1502000,1502000.0946,"EQC - Lot 26 DP 1153, Torea Bay","EQC - Lot 26 DP 1153, Torea Bay, Marlborough Sounds, Marlborough",IAG New Zealand Limited,2022-10-27,AK,Hannah Udell,174.027193,-41.228368,,False,
1502000.0947,1502000,1502000.0947,"EQC - 3490 Waiapu Road, Tokomaru Bay","EQC - 3490 Waiapu Road, Tokomaru Bay, Gisborne, 4079",IAG New Zealand Limited,2022-10-27,AK,Philip Mathewson,178.306397,-38.1347,,False,
1502000.0948,1502000,1502000.0948,"EQC - 29 Grenville Terrace, Moana","EQC - 29 Grenville Terrace, Moana, Nelson, 7011",IAG New Zealand Limited,2022-10-27,AK,Marcus Lovell,173.256516,-41.277299,,False,
1502000.0949,1502000,1502000.0949,"EQC - 156 Cleveland Terrace, Maitai","EQC - 156 Cleveland Terrace, Maitai, Nelson, 7010",IAG New Zealand Limited,2022-10-27,AK,Jen Smith,173.303482,-41.278161,,False,
1502000.0950,1502000,1502000.0950,"EQC - 10 Roseberry Way, The Brook","EQC - 10 Roseberry Way, The Brook, Nelson, 7010",IAG New Zealand Limited,2022-10-27,AK,Jen Smith,173.297606,-41.295959,,False,
1502000.0951,1502000,1502000.0951,"EQC - 152 Cleveland Terrace, Maitai","EQC - 152 Cleveland Terrace, Maitai, Nelson, 7010",IAG New Zealand Limited,2022-10-27,AK,Jen Smith,173.303127,-41.278377,,False,
1502000.0952,1502000,1502000.0952,"EQC - 379 Wakefield Quay, Stepneyville","EQC - 379 Wakefield Quay, Stepneyville, Nelson, 7010",IAG New Zealand Limited,2022-10-27,AK,Jen Smith,173.264226,-41.268605,,False,
1502000.0953,1502000,1502000.0953,"EQC - 5 Callender Place, Shelly Park","EQC - 5 Callender Place, Shelly Park, Auckland, 2014, NZL",IAG New Zealand Limited,2022-10-28,AK,Philip Mathewson,174.951666,-36.907527,,False,
1502000.0954,1502000,1502000.0954,"EQC - 3B Balmain Rd, Chatswood, Auckland","EQC - 3B Balmain Rd, Chatswood, Auckland, 0626, NZL",IAG New Zealand Limited,2022-10-28,AK,Philip Mathewson,174.70908,-36.810801,,False,
1502000.0955,1502000,1502000.0955,"EQC - 1 Jerome Way, Crofton Downs","EQC - 1 Jerome Way, Crofton Downs, Wellington, 6035, NZL",IAG New Zealand Limited,2022-10-28,WN,Shirley Wang,174.763044,-41.258312,Wellington City,True,
1502000.0956,1502000,1502000.0956,"EQC - 24A Norway St, Aro Valley","EQC - 24A Norway St, Aro Valley, Wellington, 6012, NZL",IAG New Zealand Limited,2022-10-28,WN,Shirley Wang,174.761182,-41.291129,Wellington City,True,
1502000.0957,1502000,1502000.0957,"EQC - 18 Allan Street, Nelson South","EQC - 18 Allan Street, Nelson South, Nelson, 7010",IAG New Zealand Limited,2022-10-28,AK,Jen Smith,173.281214,-41.286714,,False,
1502000.0958,1502000,1502000.0958,"EQC - 7 Shirley Road, #3, Grey Lynn","EQC - 7 Shirley Road, #3, Grey Lynn, Auckland, 1021, NZL",IAG New Zealand Limited,2022-10-28,AK,Philip Mathewson,174.734395,-36.866666,,False,
1502000.0959,1502000,1502000.0959,"EQC - 52 Margaret Road, Bellevue","EQC - 52 Margaret Road, Bellevue, Tauranga, Bay of Plenty, 3110, NZL",IAG New Zealand Limited,2022-10-28,TG,Guy McDougall,176.127095,-37.675933,,False,
1502000.0960,1502000,1502000.0960,"78 Old Mill Road, Westmere, Auckland","78 Old Mill Road, Westmere, Auckland, 1022, NZL",IAG New Zealand Limited,2022-10-28,AK,Ben Francis,174.724868,-36.861901,,False,
1502000.0961,1502000,1502000.0961,"EQC - 29 Hope Avenue, Russell, Northland","EQC - 29 Hope Avenue, Russell, Northland, 0272",IAG New Zealand Limited,2022-10-31,AK,Philip Mathewson,174.130064,-35.266585,,False,
1502000.0962,1502000,1502000.0962,"EQC - 312 Frankley Road, Ferndale","EQC - 312 Frankley Road, Ferndale, New Plymouth, Taranaki, 4310, NZL",IAG New Zealand Limited,2022-10-31,AK,Philip Mathewson,174.060935,-39.086437,,False,
1502000.0963,1502000,1502000.0963,"EQC - 96A Quebec St, Kingston, Wellingto","EQC - 96A Quebec St, Kingston, Wellington, 6021, NZL",IAG New Zealand Limited,2022-10-31,WN,Shirley Wang,174.76336,-41.326731,Wellington City,True,
1502000.0964,1502000,1502000.0964,"EQC - 96B Quebec St, Kingston, Wellingto","EQC - 96B Quebec St, Kingston, Wellington, 6021, NZL",IAG New Zealand Limited,2022-10-31,WN,Shirley Wang,174.763497,-41.326741,Wellington City,True,
1502000.0965,1502000,1502000.0965,"EQC - 1093 Kenepuru Rd, Mahau Sound","EQC - 1093 Kenepuru Rd, Mahau Sound, Marlborough Sounds, 7282",IAG New Zealand Limited,2022-11-01,AK,Jen Smith,173.910304,-41.232132,,False,
1502000.0966,1502000,1502000.0966,"EQC - 12 Pomare Road, Tirohanga, Lower H","EQC - 12 Pomare Road, Tirohanga, Lower Hutt, Wellington, 5010, NZL",IAG New Zealand Limited,2022-11-02,WN,Shirley Wang,174.913626,-41.198363,Lower Hutt City,True,
1502000.0967,1502000,1502000.0967,"EQC - 194 Oriental Parade, Oriental Bay","EQC - 194 Oriental Parade, Oriental Bay, Wellington, 6011, NZL",IAG New Zealand Limited,2022-11-02,WN,Shirley Wang,174.792031,-41.291321,Wellington City,True,
1502000.0968,1502000,1502000.0968,"EQC - 17B Cape Horn Road, Mount Roskill","EQC - 17B Cape Horn Road, Mount Roskill, Auckland, 1041, NZL",IAG New Zealand Limited,2022-11-02,AK,Philip Mathewson,174.730161,-36.933306,,False,
1502000.0969,1502000,1502000.0969,"EQC - 27 Quinns Road, Waiatarua","EQC - 27 Quinns Road, Waiatarua, Auckland, 0612, NZL",IAG New Zealand Limited,2022-11-02,AK,Philip Mathewson,174.577118,-36.936819,,False,
1502000.0970,1502000,1502000.0970,"EQC - 5A Jutland St, Mairangi Bay","EQC - 5A Jutland St, Mairangi Bay, Auckland, 0630, NZL",IAG New Zealand Limited,2022-11-03,AK,Philip Mathewson,174.749566,-36.73683,,False,
1502000.0971,1502000,1502000.0971,"EQC - 5 & 5A Oriental Terrace, Oriental","EQC - 5 & 5A Oriental Terrace, Oriental Bay, Wellington, 6011, NZL",IAG New Zealand Limited,2022-11-04,WN,Shirley Wang,174.791766,-41.291693,Wellington City,True,
1502000.0972,1502000,1502000.0972,"EQC - 3 Semillon Avenue, Henderson","EQC - 3 Semillon Avenue, Henderson, Auckland, 0612, NZL",IAG New Zealand Limited,2022-11-04,AK,Philip Mathewson,174.616252,-36.878754,,False,
1502000.0973,1502000,1502000.0973,"EQC - 2349 Kenepuru Road, Te Mahia","EQC - 2349 Kenepuru Road, Te Mahia, Marlborough Sounds, Marlborough, 7282",IAG New Zealand Limited,2022-11-04,AK,Jen Smith,173.994745,-41.209037,,False,
1502000.0974,1502000,1502000.0974,"EQC - 1683 Kenepuru Road, Broughton Bay","EQC - 1683 Kenepuru Road, Broughton Bay, Marlborough Sounds, Marlborough, 7282",IAG New Zealand Limited,2022-11-04,AK,Jen Smith,173.950331,-41.214416,,False,
1502000.0975,1502000,1502000.0975,"EQC - 95 Manuka Street, Stokes Valley,","EQC - 95 Manuka Street, Stokes Valley, Lower Hutt, Wellington, 5019, NZL",IAG New Zealand Limited,2022-11-04,WN,Shirley Wang,174.98958,-41.183713,Lower Hutt City,True,
1502000.0976,1502000,1502000.0976,"EQC - 1 View Road, Houghton Bay, Welling","EQC - 1 View Road, Houghton Bay, Wellington, 6023, NZL",IAG New Zealand Limited,2022-11-04,WN,Shirley Wang,174.788658,-41.332895,Wellington City,True,
1502000.0977,1502000,1502000.0977,"EQC - 3046 Kenepuru Road, Portage","EQC - 3046 Kenepuru Road, Portage, Marlborough Sounds, Marlborough, 7282",IAG New Zealand Limited,2022-11-04,AK,Jen Smith,174.033259,-41.193505,,False,
1502000.0978,1502000,1502000.0978,"EQC - 91 Teal Valley Road, Hira","EQC - 91 Teal Valley Road, Hira, Nelson, 7071",IAG New Zealand Limited,2022-11-06,AK,Hannah Udell,173.398583,-41.232357,,False,
1502000.0979,1502000,1502000.0979,"EQC - 676 Cable Bay Road, Cable Bay","EQC - 676 Cable Bay Road, Cable Bay, Cable Bay Nelson District, Nelson, 7071",IAG New Zealand Limited,2022-11-06,AK,Jen Smith,173.42237,-41.168452,,False,
1502000.0980,1502000,1502000.0980,"EQC - 222 Maori Pa Road, Delaware Bay","EQC - 222 Maori Pa Road, Delaware Bay, Hira, Nelson, 7071",IAG New Zealand Limited,2022-11-06,AK,Jen Smith,173.433663,-41.175971,,False,
1502000.0981,1502000,1502000.0981,"EQC - 14 Ledbury Road, Atawhai, Nelson","EQC - 14 Ledbury Road, Atawhai, Nelson, 7010",IAG New Zealand Limited,2022-11-06,AK,Jen Smith,173.312667,-41.253463,,False,
1502000.0982,1502000,1502000.0982,"EQC - 19 Airlie Street, Glenduan, Hira","EQC - 19 Airlie Street, Glenduan, Hira, Nelson, 7071",IAG New Zealand Limited,2022-11-06,AK,Jen Smith,173.367145,-41.184217,,False,
1502000.0983,1502000,1502000.0983,"EQC - 8 Airlie Street, Glenduan, Hira","EQC - 8 Airlie Street, Glenduan, Hira, Nelson, 7071",IAG New Zealand Limited,2022-11-06,AK,Jen Smith,173.365303,-41.184487,,False,
1502000.0984,1502000,1502000.0984,"EQC - 61 Beachville Crescent, Beachville","EQC - 61 Beachville Crescent, Beachville, Nelson, 7010",Tower Insurance Limited,2022-11-06,AK,Jen Smith,173.274038,-41.266999,,False,
1502000.0985,1502000,1502000.0985,"EQC - 89 Hillwood Drive, Wakapuaka","EQC - 89 Hillwood Drive, Wakapuaka, Hira, Nelson, 7071",IAG New Zealand Limited,2022-11-06,AK,Jen Smith,173.368234,-41.216029,,False,
1502000.0986,1502000,1502000.0986,"EQC - 38 Van Diemen Street, Nelson South","EQC - 38 Van Diemen Street, Nelson South, Nelson, 7010",IAG New Zealand Limited,2022-11-06,AK,Jen Smith,173.281996,-41.284007,,False,
1502000.0987,1502000,1502000.0987,"EQC - 385A Brook Street, The Brook","EQC - 385A Brook Street, The Brook, Nelson, 7010",IAG New Zealand Limited,2022-11-06,AK,Jen Smith,173.296815,-41.300398,,False,
1502000.0988,1502000,1502000.0988,"EQC - 66 Mills Road, Brooklyn, Wellingto","EQC - 66 Mills Road, Brooklyn, Wellington, 6021, NZL",IAG New Zealand Limited,2022-11-07,WN,Shirley Wang,174.765232,-41.314452,Wellington City,True,
1502000.0989,1502000,1502000.0989,EQC - 15A Moncrieff Avenue,"EQC - 15A Moncrieff Avenue, Britannia Heights, Nelson, 7010",IAG New Zealand Limited,2022-11-08,AK,Marcus Lovell,173.257992,-41.277211,,False,
1502000.0990,1502000,1502000.0990,EQC - 444 Kaituna-Tuamarina Rd,"EQC - 444 Kaituna-Tuamarina Rd, Tuamarina, Blenheim, 7273",IAG New Zealand Limited,2022-11-09,AK,Jen Smith,173.905567,-41.439536,,False,
1502000.0991,1502000,1502000.0991,EQC - 55 Fifeshire Crescent,"EQC - 55 Fifeshire Crescent, Stepneyville, Nelson, 7010",IAG New Zealand Limited,2022-11-09,AK,Jen Smith,173.265365,-41.27,,False,
1502000.0992,1502000,1502000.0992,"EQC-21 Greenfield Drive, Western Heights","EQC-21 Greenfield Drive, Western Heights, Hamilton, Waikato, 3200, NZL",IAG New Zealand Limited,2022-11-10,HM,Michael Triggs,175.232656,-37.792697,,False,
1502000.0993,1502000,1502000.0993,EQC - 383 Te Towaka-Port Ligar Road,"EQC - 383 Te Towaka-Port Ligar Road, Admiralty Bay, Okiwi Bay, Marlborough, 7193",IAG New Zealand Limited,2022-11-10,AK,Jen Smith,173.858171,-40.989037,,False,
1502000.0994,1502000,1502000.0994,"EQC - 2207 Kenepuru Road, Te Mahia","EQC - 2207 Kenepuru Road, Te Mahia, Marlborough Sounds, Marlborough, 7282",IAG New Zealand Limited,2022-11-10,AK,Hannah Udell,173.983822,-41.210175,,False,
1502000.0995,1502000,1502000.0995,"EQC - 2359 Kenepuru Road, Te Mahia","EQC - 2359 Kenepuru Road, Te Mahia, Marlborough Sounds, Marlborough, 7282",IAG New Zealand Limited,2022-11-10,AK,Jen Smith,173.995854,-41.209248,,False,
1502000.0996,1502000,1502000.0996,"EQC - 29A Milton Terrace, Picton","EQC - 229A Milton Terrace, Picton, Marlborough, 7220",IAG New Zealand Limited,2022-11-10,AK,Jen Smith,174.017687,-41.288605,,False,
1502000.0997,1502000,1502000.0997,"EQC - 23 Marina Drive, Waikawa, Picton","EQC - 23 Marina Drive, Waikawa, Picton, Marlborough, 7220",IAG New Zealand Limited,2022-11-10,AK,Jen Smith,174.035841,-41.265524,,False,
1502000.0998,1502000,1502000.0998,"EQC - Lot 9 DP 2785, Bay Of Many Coves","EQC - Lot 9 DP 2785, Bay Of Many Coves, Marlborough",IAG New Zealand Limited,2022-11-10,AK,Jen Smith,174.152886,-41.186542,,False,
1502000.0999,1502000,1502000.0999,"EQC - S 2 Block VI,Camp Bay","EQC - S 2 Block VI, Camp Bay, Tarata, Admiralty Bay, Marlborough",IAG New Zealand Limited,2022-11-11,AK,Jen Smith,173.913707,-40.929198,,False,
1502000.1000,1502000,1502000.1000,"EQC - 4A1 Block, Kumutoto Bay","EQC - 4A1 Block, Kumutoto Bay, Marlborough Sounds, Marlborough",IAG New Zealand Limited,2022-11-11,AK,Jen Smith,174.073104,-41.213583,,False,
1502000.1001,1502000,1502000.1001,"EQC - 75 Davies Drive, Atawhai, Nelson","EQC - 75 Davies Drive, Atawhai, Nelson, 7010",IAG New Zealand Limited,2022-11-11,AK,Jen Smith,173.303493,-41.259275,,False,
1502000.1002,1502000,1502000.1002,"EQC - 1930 State Highway 35, Torere, Opo","EQC - 1930 State Highway 35, Torere, Opotiki, 3197, NZL",IAG New Zealand Limited,2022-11-11,TG,Guy McDougall,177.470937,-37.964693,,False,
1502000.1003,1502000,1502000.1003,"EQC - 3 Ron Smith Drive, Waiotahe, Opoti","EQC - 3 Ron Smith Drive, Waiotahe, Opotiki, Bay of Plenty, 3198, NZL",IAG New Zealand Limited,2022-11-11,TG,Guy McDougall,177.180196,-38.000692,,False,
1502000.1004,1502000,1502000.1004,"EQC - 119 Mallard Drive, Selwyn Heights,","EQC - 119 Mallard Drive, Selwyn Heights, Rotorua, Bay of Plenty, 3015, NZL",IAG New Zealand Limited,2022-11-11,TG,Guy McDougall,176.218024,-38.118693,,False,
1502000.1005,1502000,1502000.1005,"EQC-67 Tawa Street, Melville, Hamilton","EQC-67 Tawa Street, Melville, Hamilton, Waikato, 3206, NZL",IAG New Zealand Limited,2022-11-11,HM,Michael Triggs,175.275474,-37.810971,,False,
1502000.1006,1502000,1502000.1006,"EQC - 9 Rangiora Terrace, Tahunanui","EQC - 9 Rangiora Terrace, Tahunanui, Nelson, 7011",IAG New Zealand Limited,2022-11-14,AK,Jen Smith,173.250201,-41.289851,,False,
1502000.1007,1502000,1502000.1007,"EQC - 16 Walnut Place, Owhata, Rotorua","EQC - 16 Walnut Place, Owhata, Rotorua, Bay of Plenty, 3010, NZL",IAG New Zealand Limited,2022-11-14,TG,Guy McDougall,176.298578,-38.139758,,False,
1502000.1008,1502000,1502000.1008,"EQC - 7 Oriental Terrace, Oriental Bay","EQC - 7 Oriental Terrace, Oriental Bay, Wellington, 6011, NZL",IAG New Zealand Limited,2022-11-15,WN,Shirley Wang,174.791956,-41.291654,Wellington City,True,
1502000.1009,1502000,1502000.1009,"EQC - 192 Oriental Pde, Oriental Bay","EQC - 192 Oriental Pde, Oriental Bay, Wellington, 6011",IAG New Zealand Limited,2022-11-15,WN,Shirley Wang,174.791969,-41.29131,Wellington City,True,
1502000.1010,1502000,1502000.1010,"EQC - 371 Wakefield Quay, Stepneyville","EQC - 371 Wakefield Quay, Stepneyville, Nelson, 7010",IAG New Zealand Limited,2022-11-16,AK,Jen Smith,173.264467,-41.268178,,False,
1502000.1011,1502000,1502000.1011,"EQC - 15 St Omer Road, Saint Omer","EQC - 15 St Omer Road, Saint Omer, Marlborough Sounds, Marlborough, 7282",IAG New Zealand Limited,2022-11-16,AK,Jen Smith,173.973873,-41.179059,,False,
1502000.1012,1502000,1502000.1012,"EQC - 2799 Kenepuru Road, Portage","EQC - 2799 Kenepuru Road, Portage, Marlborough Sounds, Marlborough, 7282",IAG New Zealand Limited,2022-11-16,AK,Jen Smith,174.026662,-41.201292,,False,
1502000.1013,1502000,1502000.1013,"EQC - Lot 1 DP 5225, Umuwheke Bay","EQC - Lot 1 DP 5225, Umuwheke Bay, Marlborough",IAG New Zealand Limited,2022-11-17,AK,Jen Smith,174.237941,-41.212764,,False,
1502000.1014,1502000,1502000.1014,"EQC - 113 Connell Street, Blockhouse Bay","EQC - 113 Connell Street, Blockhouse Bay, Auckland, 0600, NZL",IAG New Zealand Limited,2022-11-17,AK,Philip Mathewson,174.695359,-36.929176,,False,
1502000.1015,1502000,1502000.1015,"EQC - 168 Wrekin Road, Fairhall","EQC - 168 Wrekin Road, Fairhall, Marlborough, 7272",IAG New Zealand Limited,2022-11-18,AK,Jen Smith,173.838233,-41.566339,,False,
1502000.1016,1502000,1502000.1016,"EQC - 198 Waitata Road, Waitata","EQC - 198 Waitata Road, Waitata, Marlborough, 7193, NZL",IAG New Zealand Limited,2022-11-18,AK,Jen Smith,173.902893,-40.989559,,False,
1502000.1017,1502000,1502000.1017,"EQC - 34A Hinemoa Street, Birkenhead","EQC - 34A Hinemoa Street, Birkenhead, Auckland, 0626, NZL",IAG New Zealand Limited,2022-11-18,AK,Philip Mathewson,174.735564,-36.820168,,False,
1502000.1018,1502000,1502000.1018,"EQC - 15 Seawatch Way, Atawhai, Nelson","EQC - 15 Seawatch Way, Atawhai, Nelson, 7010",IAG New Zealand Limited,2022-11-18,AK,Jen Smith,173.317734,-41.254757,,False,
1502000.1019,1502000,1502000.1019,"EQC - 11 Eames Crescent, Te Mata","EQC - 11 Eames Crescent, Te Mata, Tapu, Waikato, 3575, NZL",IAG New Zealand Limited,2022-11-18,AK,Philip Mathewson,175.497479,-36.967122,,False,
1502000.1020,1502000,1502000.1020,"EQC - 21 Buckleys Track, Paremoremo","EQC - 21 Buckleys Track, Paremoremo, Auckland, 0632, NZL",IAG New Zealand Limited,2022-11-18,AK,Philip Mathewson,174.658009,-36.769962,,False,
1502000.1021,1502000,1502000.1021,"EQC - Lot 1, Ruato Rd, Radcliffe Bay","EQC - Lot 1, Ruato Rd, Radcliffe Bay, Whangaroa, Northland, NZL",IAG New Zealand Limited,2022-11-18,AK,Philip Mathewson,173.748871,-35.043914,,False,
1502000.1022,1502000,1502000.1022,"EQC - 18 Queenstown Road, Hillsborough","EQC - 18 Queenstown Road, Hillsborough, Auckland, 1061, NZL",IAG New Zealand Limited,2022-11-21,AK,Philip Mathewson,174.766562,-36.922692,,False,
1502000.1023,1502000,1502000.1023,"EQC - 48C Selbourne Avenue, Richmond","EQC - 48C Selbourne Avenue, Richmond, Tasman, 7020",IAG New Zealand Limited,2022-11-23,AK,Jen Smith,173.206369,-41.348813,,False,
1502000.1024,1502000,1502000.1024,"9 Western View Court, Sunnyvale","9 Western View Court, Sunnyvale, Auckland, 0612",IAG New Zealand Limited,2022-11-23,AK,Ben Francis,174.638976,-36.900386,,False,
1502000.1025,1502000,1502000.1025,"EQC - 15 Birch Hill Road, Loburn, Okuku,","EQC - 15 Birch Hill Road, Loburn, Okuku, Canterbury, 7473",IAG New Zealand Limited,2022-11-24,CH,Anna Sleight,172.475043,-43.248605,,False,
1502000.1026,1502000,1502000.1026,"EQC - 37 Durham Street, Picton","EQC - 37 Durham Street, Picton, Marlborough, 7220",IAG New Zealand Limited,2022-11-24,AK,Jen Smith,173.999058,-41.297168,,False,
1502000.1027,1502000,1502000.1027,"EQC - 194 Teal Valley Road, Hira","EQC - 194 Teal Valley Road, Hira, Nelson, 7071, NZL",IAG New Zealand Limited,2022-11-24,AK,Jen Smith,173.399979,-41.240902,,False,
1502000.1028,1502000,1502000.1028,"EQC - 31 Tawhiri View, Pyes Pa, Taurang","EQC - 31 Tawhiri View, Pyes Pa, Tauranga, Bay of Plenty, 3112, NZL",IAG New Zealand Limited,2022-11-25,TG,Ryan Tutbury,176.131683,-37.739237,,False,
1502000.1029,1502000,1502000.1029,"EQC - 38 Tawavale Street, Pukehangi, Rot","EQC - 38 Tawavale Street, Pukehangi, Rotorua, Bay of Plenty, 3015, NZL",IAG New Zealand Limited,2022-11-25,TG,Guy McDougall,176.210431,-38.14328,,False,
1502000.1030,1502000,1502000.1030,"EQC - 36 Hatton Street, Karori, Wellingt","EQC - 36 Hatton Street, Karori, Wellington, 6012, NZL",IAG New Zealand Limited,2022-11-25,WN,Shirley Wang,174.743517,-41.279972,Wellington City,True,
1502000.1031,1502000,1502000.1031,"EQC - 40A Darlington Road, Miramar, Well","EQC - 40A Darlington Road, Miramar, Wellington, 6022, NZL",IAG New Zealand Limited,2022-11-25,WN,Shirley Wang,174.824936,-41.311082,Wellington City,True,
1502000.1032,1502000,1502000.1032,"EQC - Lot 1 DP 535845, Waterfall Bay","EQC - Lot 1 DP 535845, Waterfall Bay, Marlborough",IAG New Zealand Limited,2022-11-25,AK,Jen Smith,173.96524,-41.233678,,False,
1502000.1033,1502000,1502000.1033,"EQC - Lot 2 DP 2785, Bay of Many Coves","EQC - Lot 2 DP 2785, Bay of Many Coves, Marlborough",IAG New Zealand Limited,2022-11-25,AK,Jen Smith,174.149981,-41.183581,,False,
1502000.1034,1502000,1502000.1034,"EQC - Lot 28 DP 2219, Ruakaka Bay","EQC - Lot 28 DP 2219, Ruakaka Bay, Marlborough Sounds",IAG New Zealand Limited,2022-11-25,AK,Jen Smith,174.12807,-41.197707,,False,
1502000.1035,1502000,1502000.1035,EQC - 13 Chidley Place,"EQC - 13 Chidley Place, Washington Valley, Nelson, 7010",IAG New Zealand Limited,2022-11-25,AK,Jen Smith,173.263546,-41.276439,,False,
1502000.1036,1502000,1502000.1036,"EQC - 11 Hames Terrace, Hillsborough","EQC - 11 Hames Terrace, Hillsborough, Auckland, 1042, NZL",IAG New Zealand Limited,2022-11-28,AK,Philip Mathewson,174.74422,-36.930781,,False,
1502000.1037,1502000,1502000.1037,"EQC - 236 Elaine Bay Road, Elaine Bay","EQC - 236 Elaine Bay Road, Elaine Bay, Okiwi Bay, Marlborough, 7193",IAG New Zealand Limited,2022-11-28,AK,Jen Smith,173.774005,-41.055907,,False,
1502000.1038,1502000,1502000.1038,"EQC-114A Lewis St, Glenview, Hamilton","EQC-114A Lewis St, Glenview, Hamilton, 3206, NZL",IAG New Zealand Limited,2022-11-29,HM,Ryan Tutbury,175.294409,-37.814765,,False,
1502000.1039,1502000,1502000.1039,"EQC - 29 Bay Vista Drive, Pohara, Tasman","EQC - 29 Bay Vista Drive, Pohara, Tasman, 7183",IAG New Zealand Limited,2022-11-29,AK,Jen Smith,172.887173,-40.835141,,False,
1502000.1040,1502000,1502000.1040,EQC - 784A Queen Charlotte Drive,"EQC - 784A Queen Charlotte Drive, Havelock, Marlborough, 7281",IAG New Zealand Limited,2022-11-30,AK,Jen Smith,173.814335,-41.291359,,False,
1502000.1041,1502000,1502000.1041,"EQC - 72 Stansell Avenue, Tahunanui","EQC - 72 Stansell Avenue, Tahunanui, Nelson, 7011",IAG New Zealand Limited,2022-11-30,AK,Hannah Udell,173.249993,-41.283785,,False,
1502000.1042,1502000,1502000.1042,"EQC - Lot 14 DP 367786, Snake Point","EQC - Lot 14 DP 367786, Snake Point,  Bay of Many Coves,  Marlborough",IAG New Zealand Limited,2022-11-30,AK,Jen Smith,174.173554,-41.198986,,False,
1502000.1043,1502000,1502000.1043,"EQC - 161 Moana Avenue, Moana, Nelson","EQC - 161 Moana Avenue, Moana, Nelson, 7011",IAG New Zealand Limited,2022-11-30,NE,Marcus Lovell,173.256378,-41.278831,,False,
1502000.1044,1502000,1502000.1044,"EQC - 47A Centennial Drive, Whitianga","EQC - 47A Centennial Drive, Whitianga, Waikato, 3510, NZL",IAG New Zealand Limited,2022-12-01,AK,Philip Mathewson,175.703994,-36.799889,,False,
1502000.1045,1502000,1502000.1045,"EQC - 157 Castlewold Drive, Bethlehem","EQC - 157 Castlewold Drive, Bethlehem, Tauranga, Bay of Plenty, 3110, NZL",IAG New Zealand Limited,2022-12-01,TG,Ryan Tutbury,176.120461,-37.70306,,False,
1502000.1046,1502000,1502000.1046,"EQC - 61 Kotuku Street, Elsdon, Porirua","EQC - 61 Kotuku Street, Elsdon, Porirua, Wellington, 5022",IAG New Zealand Limited,2022-12-01,WN,Shirley Wang,174.827751,-41.129603,Porirua City,True,
1502000.1047,1502000,1502000.1047,"EQC - Lot 24 DP 1153, Torea Bay","EQC - Lot 24 DP 1153,Torea Bay, Marlborough",IAG New Zealand Limited,2022-12-01,AK,Jen Smith,174.024416,-41.226743,,False,
1502000.1048,1502000,1502000.1048,"EQC - 30 Paremata Street, Atawhai","EQC - 30 Paremata Street, Atawhai, Nelson, 7010",IAG New Zealand Limited,2022-12-02,AK,Jen Smith,173.310391,-41.252725,,False,
1502000.1049,1502000,1502000.1049,"EQC - Lot 1 DP 441804, Onahau Bay","EQC - Lot 1 DP 441804, Onahau Bay, Marlborough",IAG New Zealand Limited,2022-12-02,AK,Jen Smith,173.970581,-41.243654,,False,
1502000.1050,1502000,1502000.1050,"EQC - 13 Ti Tree Lane, Stanmore Bay","EQC - 13 Ti Tree Lane, Stanmore Bay, Whangaparaoa, Auckland, 0932, NZL",IAG New Zealand Limited,2022-12-02,AK,Philip Mathewson,174.718912,-36.626315,,False,
1502000.1051,1502000,1502000.1051,"EQC - Lot 1 DP 10438, Punganui Bay","EQC - Lot 1 DP 10438, Punganui Bay, D'Urville Island, Marlborough Sounds",IAG New Zealand Limited,2022-12-02,AK,Jen Smith,173.803933,-40.928527,,False,
1502000.1052,1502000,1502000.1052,"EQC - 25 Airlie Street, Glenduan, Hira","EQC - 25 Airlie Street, Glenduan, Hira, Nelson, 7071",IAG New Zealand Limited,2022-12-02,AK,Jen Smith,173.367827,-41.184301,,False,
1502000.1053,1502000,1502000.1053,"EQC - 712 Cable Bay Road, Cable Bay","EQC - 712 Cable Bay Road, Cable Bay, Nelson District, Nelson, 7071",IAG New Zealand Limited,2022-12-02,AK,Jen Smith,173.419128,-41.166432,,False,
1502000.1054,1502000,1502000.1054,"EQC - Lot 1 DP  356169, Arthurs Bay","EQC - Lot 1 DP  356169, Arthurs Bay, Marlborough",IAG New Zealand Limited,2022-12-05,AK,Jen Smith,174.151954,-41.193295,,False,
1502000.1055,1502000,1502000.1055,"EQC - 201 Point View Drive, East Tamaki","EQC - 201 Point View Drive, East Tamaki Heights, Auckland, 2016, NZL",IAG New Zealand Limited,2022-12-05,AK,Philip Mathewson,174.930693,-36.936574,,False,
1502000.1056,1502000,1502000.1056,"EQC - 60 Baylands Drive, Newlands, Welli","EQC - 60 Baylands Drive, Newlands, Wellington, 6037, NZL",IAG New Zealand Limited,2022-12-06,WN,Shirley Wang,174.83103,-41.223891,Wellington City,True,
1502000.1057,1502000,1502000.1057,"EQC - 147 Akerbloms Rd, Punga Cove","EQC - 147 Akerbloms Rd, Punga Cove, Marlborough Sounds, 7282",IAG New Zealand Limited,2022-12-07,AK,Jen Smith,174.15848,-41.130587,,False,
1502000.1058,1502000,1502000.1058,EQC - 225 Collingwood Street,"EQC - 225 Collingwood Street, Nelson South, Nelson, 7010",IAG New Zealand Limited,2022-12-07,AK,Jen Smith,173.287022,-41.282247,,False,
1502000.1059,1502000,1502000.1059,"EQC - 157 Parkers Road, Tahunanui","EQC - 157 Parkers Road, Tahunanui, Nelson, 7011",IAG New Zealand Limited,2022-12-07,AK,Jen Smith,173.232284,-41.286414,,False,
1502000.1060,1502000,1502000.1060,"EQC-1A Sillary Street, Hamilton East","EQC-1A Sillary Street, Hamilton East, Hamilton, Waikato, 3216, NZL",IAG New Zealand Limited,2022-12-08,HM,Michael Triggs,175.293662,-37.804491,,False,
1502000.1061,1502000,1502000.1061,"EQC-1B Sillary Street, Hamilton East","EQC-1B Sillary Street, Hamilton East, Hamilton, Waikato, 3216, NZL",IAG New Zealand Limited,2022-12-08,HM,Michael Triggs,175.293576,-37.804245,,False,
1502000.1062,1502000,1502000.1062,"EQC - 7 Gwenand Place, Botany Downs","EQC - 7 Gwenand Place, Botany Downs, Auckland, 2010, NZL",IAG New Zealand Limited,2022-12-09,AK,Philip Mathewson,174.910497,-36.907208,,False,
1502000.1063,1502000,1502000.1063,"EQC - 6 Point Veronica Drive, Opua","EQC - 6 Point Veronica Drive, Opua, Northland, 0200, NZL",IAG New Zealand Limited,2022-12-09,AK,Philip Mathewson,174.106399,-35.307138,,False,
1502000.1064,1502000,1502000.1064,"EQC - 31 Grenville Terrace, Moana","EQC - 31 Grenville Terrace, Moana, Nelson, 7011",IAG New Zealand Limited,2022-12-09,AK,Marcus Lovell,173.256686,-41.277077,,False,
1502000.1065,1502000,1502000.1065,"EQC - 36 Millhill Lane, Huntsbury","EQC - 36 Millhill Lane, Huntsbury, Christchurch, Canterbury, 8022",IAG New Zealand Limited,2022-12-12,CH,Anna Sleight,172.654436,-43.567656,,False,
1502000.1066,1502000,1502000.1066,"EQC - 4 Stansell Avenue, Tahunanui","EQC - 4 Stansell Avenue, Tahunanui, Nelson, 7011",IAG New Zealand Limited,2022-12-14,AK,Marcus Lovell,173.254266,-41.281248,,False,
1502000.1067,1502000,1502000.1067,"EQC - 56 Rodeo Drive, Kelvin Grove","EQC - 56 Rodeo Drive, Kelvin Grove, Palmerston North, Manawatu-Whanganui, 4414, NZ",IAG New Zealand Limited,2022-12-14,WN,Shirley Wang,175.662705,-40.332085,,False,
1502000.1068,1502000,1502000.1068,EQC - 214 Princes Drive,"EQC - 214 Princes Drive, Britannia Heights, Nelson, 7010",IAG New Zealand Limited,2022-12-16,AK,Marcus Lovell,173.257105,-41.280662,,False,
1502000.1069,1502000,1502000.1069,"EQC - 191 Port Underwood Road, Waikawa","EQC - 191 Port Underwood Road, Waikawa, Picton, Marlborough, 7281",IAG New Zealand Limited,2022-12-16,AK,Jen Smith,174.058516,-41.259878,,False,
1502000.1070,1502000,1502000.1070,"EQC - 81 Karepa Street, Brooklyn","EQC - 81 Karepa Street, Brooklyn, Wellington, 6021, NZL",IAG New Zealand Limited,2022-12-19,WN,Shirley Wang,174.75856,-41.302811,Wellington City,True,
1502000.1071,1502000,1502000.1071,"EQC - 23 McRea's Road, Takamatua","EQC - 23 McRea's Road, Takamatua, Canterbury, 7581, NZL",IAG New Zealand Limited,2022-12-19,CH,Anna Sleight,172.953661,-43.785729,,False,
1502000.1072,1502000,1502000.1072,"25 Totara Street, Eastbourne, Lower Hutt","EQC - 25 Totara Street, Eastbourne, Lower Hutt, Wellington, 5013, NZL",IAG New Zealand Limited,2022-12-19,WN,Shirley Wang,174.904021,-41.287745,Lower Hutt City,True,
1502000.1073,1502000,1502000.1073,"EQC - Te Puru Bay, Pelorus Sound","EQC - Te Puru Bay, Pelorus Sound, Marlborough",IAG New Zealand Limited,2022-12-19,AK,Jen Smith,174.064439,-41.013757,,False,
1502000.1074,1502000,1502000.1074,"EQC - 186B Nile Street East, Maitai","EQC - 186B Nile Street East, Maitai, Nelson, 7010",IAG New Zealand Limited,2022-12-19,AK,Jen Smith,173.297536,-41.277442,,False,
1502000.1075,1502000,1502000.1075,"EQC 43A Saltburn Road, Milford, Auckland","EQC - 43A Saltburn Road, Milford, Auckland, 0620, NZL",IAG New Zealand Limited,2022-12-21,AK,Philip Mathewson,174.771563,-36.770218,,False,
1502000.1076,1502000,1502000.1076,"EQC - 42 Moetapu Bay Road, Moetapu Bay","EQC - 42 Moetapu Bay Road, Moetapu Bay, Linkwater, Marlborough, 7282",IAG New Zealand Limited,2022-12-22,AK,Jen Smith,173.864197,-41.257609,,False,
1502000.1077,1502000,1502000.1077,"EQC - Lot 1 DP 483634, Ruakaka Bay","EQC - Lot 1 DP 483634, Ruakaka Bay, Marlborough",IAG New Zealand Limited,2022-12-22,AK,Jen Smith,174.137069,-41.205776,,False,
1502000.1716,1502000,1502000.1716,"EQC - 7/3 Kaimai Avenue, Massey","EQC - 7/3 Kaimai Avenue, Massey, Auckland, 0614, NZL",IAG New Zealand Limited,2023-01-01,AK,Philip Mathewson,174.605618,-36.849752,,False,
1502000.1717,1502000,1502000.1717,"EQC - 36 Maui Pomare St, Blockhouse Bay","EQC - 36 Maui Pomare St, Blockhouse Bay, Auckland, 0600, NZL",IAG New Zealand Limited,2023-01-01,AK,Philip Mathewson,174.706359,-36.913714,,False,
1502000.1720,1502000,1502000.1720,"EQC - 41 Avonleigh Road, Green Bay","EQC - 41 Avonleigh Road, Green Bay, Auckland, 0604, NZL",IAG New Zealand Limited,2023-01-01,AK,Philip Mathewson,174.671514,-36.93454,,False,
1502000.1727,1502000,1502000.1727,"EQC- 44 Kowhai Drive, Te Kouma, Coromand","EQC- 44 Kowhai Drive, Te Kouma, Coromandel, Waikato, 3581, NZL",IAG New Zealand Limited,2023-01-01,HM,Ryan Tutbury,175.47548,-36.812402,,False,
1502000.1731,1502000,1502000.1731,"EQC- 66 Bell Street, Kawerau, BOP","EQC- 66 Bell Street, Kawerau, Bay of Plenty, 3127, NZL",IAG New Zealand Limited,2023-01-01,HM,Ryan Tutbury,176.690784,-38.085283,,False,
1502000.1734,1502000,1502000.1734,"EQC - 25 Howard Road, Northcote","EQC - 25 Howard Road, Northcote, Auckland, 0627, NZL",IAG New Zealand Limited,2023-01-01,AK,Philip Mathewson,174.746952,-36.805599,,False,
1502000.1739,1502000,1502000.1739,"EQC -171 Tasman Street, Mount Cook, WGTN","EQC - 171 Tasman Street, Mount Cook, Wellington, 6021, NZL",IAG New Zealand Limited,2023-01-01,WN,Shirley Wang,174.776487,-41.305331,Wellington City,True,
1502000.1760,1502000,1502000.1760,"EQC - 48 Seafield Tce, Glenduan, Nelson","EQC - 48 Seafield Terrace, Glenduan, Nelson 7071",IAG New Zealand Limited,2023-01-01,NE,Marcus Lovell,173.363618,-41.184805,,False,
1502000.1763,1502000,1502000.1763,"EQC - 1/59A Kainui Road, Hataitai, WGTN","EQC - 1/59A Kainui Road, Hataitai, Wellington, 6021, NZL",IAG New Zealand Limited,2023-01-01,WN,Shirley Wang,174.801792,-41.300707,Wellington City,True,
1502000.1766,1502000,1502000.1766,"EQC - 4 Leatham Avenue, Strandon, NPL","EQC - 4 Leatham Avenue, Strandon, New Plymouth, Taranaki, 4312, NZL",IAG New Zealand Limited,2023-01-01,WN,Shirley Wang,174.098673,-39.0566,,False,
1502000.1779,1502000,1502000.1779,"EQC - 45 Garden Road, Piha","EQC - 45 Garden Road, Piha, Auckland, 0772, NZL",IAG New Zealand Limited,2023-01-01,AK,Philip Mathewson,174.470094,-36.951902,,False,
1502000.1782,1502000,1502000.1782,"EQC - 33 Washington Road, Nelson 7010","EQC - 33 Washington Road, Washington Valley, Nelson 7010",IAG New Zealand Limited,2023-01-01,NE,Marcus Lovell,173.273914,-41.272367,,False,
1502000.1788,1502000,1502000.1788,"EQC - 145 The Avenue, Lucas Heights","EQC - 145 The Avenue, Lucas Heights, Auckland, 0632, NZL",IAG New Zealand Limited,2023-01-01,AK,Philip Mathewson,174.678328,-36.729307,,False,
1502000.1795,1502000,1502000.1795,"EQC-84A Whatawhata Rd, Dinsdale, Hamilto","EQC-84A Whatawhata Rd, Dinsdale, Hamilton, 3204, NZL",IAG New Zealand Limited,2023-01-01,HM,Ryan Tutbury,175.242984,-37.794757,,False,
1502000.1802,1502000,1502000.1802,"EQC - 12 Leeward Drive, Whitby, Porirua","EQC - 12 Leeward Drive, Whitby, Porirua, Wellington, 5024, NZL",IAG New Zealand Limited,2023-01-01,WN,Shirley Wang,174.887315,-41.106119,Porirua City,True,
1502000.1806,1502000,1502000.1806,"EQC - 9 Baxter Way, Karori, Wellington","EQC - 9 Baxter Way, Karori, Wellington, 6012, NZL",IAG New Zealand Limited,2023-01-01,WN,Shirley Wang,174.737879,-41.292461,Wellington City,True,
1502000.1810,1502000,1502000.1810,"EQC - 3 Wanganella Place, Lynfield","EQC - 3 Wanganella Place, Lynfield, Auckland, 1042, NZL",IAG New Zealand Limited,2023-01-01,AK,Philip Mathewson,174.716812,-36.926374,,False,
1502000.1821,1502000,1502000.1821,"EQC-48 Mahoe St, Melville, Hamilton","EQC-48 Mahoe St, Melville, Hamilton, 3206, NZL",IAG New Zealand Limited,2023-01-01,HM,Ryan Tutbury,175.277964,-37.81172,,False,
1502000.1823,1502000,1502000.1823,"EQC - 553B East Coast Road, Browns Bay","EQC - Flat 1 553B East Coast Road, Browns Bay, Auckland, 0630, NZL",IAG New Zealand Limited,2023-01-01,AK,Philip Mathewson,174.732648,-36.728736,,False,
1502000.1828,1502000,1502000.1828,"EQC - 25 Lone Kauri Road, Karekare","EQC - 25 Lone Kauri Road, Karekare, Auckland, 0772, NZL",IAG New Zealand Limited,2023-01-01,AK,Philip Mathewson,174.482061,-36.989975,,False,
1502000.1829,1502000,1502000.1829,"EQC - 49 Easton Park Parade, Glenfield","EQC - 49 Easton Park Parade, Glenfield, Auckland, 0629, NZL",IAG New Zealand Limited,2023-01-01,AK,Philip Mathewson,174.714514,-36.777598,,False,
1502000.1844,1502000,1502000.1844,"EQC - 7 Shalimar Crescent, Khandallah","EQC - 7 Shalimar Crescent, Khandallah, Wellington, 6035, NZL",IAG New Zealand Limited,2023-01-01,WN,Shirley Wang,174.803546,-41.249439,Wellington City,True,
1502000.1865,1502000,1502000.1865,"EQC - 1/649 Beach Road, Rothesay Bay","EQC - 1/649 Beach Road, Rothesay Bay, Auckland, 0630, NZL",IAG New Zealand Limited,2023-01-01,AK,Philip Mathewson,174.742836,-36.725345,,False,
1502000.1873,1502000,1502000.1873,"EQC -111A Churchill Drive, Crofton Downs","EQC - 111A Churchill Drive, Crofton Downs, Wellington, 6035, NZL",IAG New Zealand Limited,2023-01-01,WN,Shirley Wang,174.765774,-41.259523,Wellington City,True,
1502000.1907,1502000,1502000.1907,"EQC - 5 Verran Road, Birkenhead","EQC - 5 Verran Road, Birkenhead, Auckland, 0626, NZL",IAG New Zealand Limited,2023-01-01,AK,Philip Mathewson,174.708887,-36.808068,,False,
1502000.1918,1502000,1502000.1918,"EQC - 74 Murphys Road, Judgeford Porirua","EQC - 74 Murphys Road, Judgeford, Porirua, Wellington, 5381, NZL",IAG New Zealand Limited,2023-01-01,WN,Shirley Wang,174.931116,-41.12263,Porirua City,True,
1502000.1932,1502000,1502000.1932,"EQC - 608 Blockhouse Bay Rd, Blockhouse","EQC - 608 Blockhouse Bay Rd, Blockhouse Bay, Auckland, 0600, NZL",IAG New Zealand Limited,2023-01-01,AK,Philip Mathewson,174.701888,-36.926979,,False,
1502000.1937,1502000,1502000.1937,"EQC - 70 Woodman Drive, Tawa, Wellington","EQC - 70 Woodman Drive, Tawa, Wellington, 5028, NZL",IAG New Zealand Limited,2023-01-01,WN,Shirley Wang,174.836355,-41.167468,Wellington City,True,
1502000.1078,1502000,1502000.1078,"EQC - 12 Wairahi Road, Langs Beach","EQC - 12 Wairahi Road, Langs Beach, Northland, 0582, NZL",IAG New Zealand Limited,2023-01-09,AK,Philip Mathewson,174.531813,-36.045752,,False,
1502000.1079,1502000,1502000.1079,"EQC - 627 Tuki Tuki Road, Haumoana","EQC - 627 Tuki Tuki Road, Haumoana, Hawke's Bay, 4180, NZL",IAG New Zealand Limited,2023-01-09,AK,Philip Mathewson,176.940752,-39.6596,,False,
1502000.1080,1502000,1502000.1080,"EQC - 267 Mahurangi West Road, Puhoi (1)","EQC - 267 Mahurangi West Road, Puhoi, Auckland, 0983, NZL (August 2022)",IAG New Zealand Limited,2023-01-09,AK,Philip Mathewson,174.682138,-36.498152,,False,
1502000.1081,1502000,1502000.1081,"EQC - 80 Maungakaramea Road, Puwera","EQC - 80 Maungakaramea Road, Puwera, Whangarei, 0178, NZL",IAG New Zealand Limited,2023-01-09,AK,Philip Mathewson,174.284244,-35.797228,,False,
1502000.1082,1502000,1502000.1082,"EQC - 140 Glenmore Street, Northland","EQC - 140 Glenmore Street, Northland, Wellington, 6012, NZL",IAG New Zealand Limited,2023-01-10,WN,Shirley Wang,174.759088,-41.285226,Wellington City,True,
1502000.1083,1502000,1502000.1083,"EQC - 115 Memorial Drive, Parahaki","EQC - 115 Memorial Drive, Parahaki, Whangarei, 0112, NZL",IAG New Zealand Limited,2023-01-10,AK,Philip Mathewson,174.341353,-35.72057,,False,
1502000.1084,1502000,1502000.1084,"EQC - 57 Helston Road, Paparangi","EQC - 57 Helston Road, Paparangi, Wellington, 6037, NZL",IAG New Zealand Limited,2023-01-10,WN,Shirley Wang,174.811759,-41.219758,Wellington City,True,
1502000.1085,1502000,1502000.1085,"EQCC - 22B Hauraki Rd, Hauraki, Auckland","EQC - 22B Hauraki Rd, Hauraki, Auckland, 0622, NZL",IAG New Zealand Limited,2023-01-10,AK,Philip Mathewson,174.779719,-36.795117,,False,
1502000.1086,1502000,1502000.1086,"EQC - 2A Wairere Rd, Waitakere, Auckland","EQC - 2A Wairere Rd, Waitakere, Auckland, 0782, NZL",IAG New Zealand Limited,2023-01-10,AK,Philip Mathewson,174.535954,-36.850561,,False,
1502000.1087,1502000,1502000.1087,"EQC - 50 Cleveland Terrace, Nelson","EQC - 50 Cleveland Terrace, Nelson, 7010",IAG New Zealand Limited,2023-01-11,AK,Jen Smith,173.294471,-41.278389,,False,
1502000.1088,1502000,1502000.1088,"EQC - 227 Old Parua Bay Rd, Abbey Caves","EQC - 227 Old Parua Bay Road, Abbey Caves, Whangarei, Northland, 0175, NZL",IAG New Zealand Limited,2023-01-11,AK,Philip Mathewson,174.361054,-35.726004,,False,
1502000.1095,1502000,1502000.1095,"EQC - 11 Brighton Street, Leithfield","EQC - 11 Brighton Street, Leithfield, Canterbury, 7481",IAG New Zealand Limited,2023-01-11,CH,Anna Sleight,172.739786,-43.19223,,False,
1502000.1089,1502000,1502000.1089,"EQC - 345 Te Kouma Road, Te Kouma","EQC - 345 Te Kouma Road, Te Kouma, Coromandel, Waikato, 3581, NZL",IAG New Zealand Limited,2023-01-13,AK,Philip Mathewson,175.471264,-36.811317,,False,
1502000.1090,1502000,1502000.1090,"EQC - 7 Tarewa Rd, Morningside","EQC - 7 Tarewa Rd, Morningside, Whangarei, 0110, NZL",IAG New Zealand Limited,2023-01-13,AK,Philip Mathewson,174.316627,-35.731736,,False,
1502000.1091,1502000,1502000.1091,"EQC - 303 Glenmohr Road, Waipu","EQC - 303 Glenmohr Road, Waipu, Northland, 0582, NZL",IAG New Zealand Limited,2023-01-13,AK,Philip Mathewson,174.438834,-36.036707,,False,
1502000.1092,1502000,1502000.1092,"EQC - 31 Riverside Road, Whataupoko","EQC - 31 Riverside Road, Whataupoko, Gisborne, 4010, NZL",IAG New Zealand Limited,2023-01-13,AK,Ryan Tutbury,178.043811,-38.663652,,False,
1502000.1094,1502000,1502000.1094,"EQC - 10B Parsons Glen, Karori","EQC - 10B Parsons Glen, Karori, Wellington, 6012, NZL",IAG New Zealand Limited,2023-01-16,WN,Shirley Wang,174.727286,-41.292532,Wellington City,True,
1502000.1096,1502000,1502000.1096,"EQC - 2976A Coast Road, Barrytown","EQC - 2976A Coast Road, Barrytown, Paparoa National Park, West Coast, 7873",IAG New Zealand Limited,2023-01-16,CH,Anna Sleight,171.328845,-42.229497,,False,
1502000.1097,1502000,1502000.1097,"EQC - 305 Motutara Road, Muriwai","EQC - 305 Motutara Road, Muriwai, Auckland, 0881, NZL",IAG New Zealand Limited,2023-01-16,AK,Philip Mathewson,174.435601,-36.823936,,False,
1502000.1098,1502000,1502000.1098,"EQC - Lot 2 DP 7371, Onahau Bay","EQC - Lot 2 DP 7371, Onahau Bay, Marlborough",IAG New Zealand Limited,2023-01-16,AK,Jen Smith,173.968564,-41.238769,,False,
1502000.1099,1502000,1502000.1099,"EQC - Lot 3 DP1125, Ruakaka Bay","EQC - Lot 3 DP1125, Ruakaka Bay, Marlborough",IAG New Zealand Limited,2023-01-17,AK,Jen Smith,174.137996,-41.203284,,False,
1502000.1100,1502000,1502000.1100,"EQC - 2 Kiwi Street, East Gore, Gore","EQC - 2 Kiwi Street, East Gore, Gore, Southland, 9710",IAG New Zealand Limited,2023-01-17,CH,Anna Sleight,168.957124,-46.086269,,False,
1502000.1101,1502000,1502000.1101,"EQC - 215 Pukehina Parade, Pukehina","EQC - 215 Pukehina Parade, Pukehina, Pukehina Beach, Bay of Plenty, 3189, NZL",IAG New Zealand Limited,2023-01-17,TG,Guy McDougall,176.512346,-37.780163,,False,
1502000.1102,1502000,1502000.1102,"EQC - 177A Long Dr, St Heliers, Auckland","EQC - 177A Long Dr, St Heliers, Auckland, 1071, NZL",IAG New Zealand Limited,2023-01-18,AK,Philip Mathewson,174.855624,-36.862327,,False,
1502000.1103,1502000,1502000.1103,EQC - 875 Bill Bryants Road,"EQC - 875 Bill Bryants Road, Squally Cove, Marlborough, 7193",IAG New Zealand Limited,2023-01-18,AK,Jen Smith,173.723656,-41.040827,,False,
1502000.1104,1502000,1502000.1104,"EQC - 283 Ohaupo Road, Glenview, Hamilto","EQC - 283 Ohaupo Road, Glenview, Hamilton, Waikato, 3206,",IAG New Zealand Limited,2023-01-18,HM,Michael Triggs,175.293924,-37.824461,,False,
1502000.1105,1502000,1502000.1105,"EQC - 109 Waitaha Road, Welcome Bay","EQC - 109 Waitaha Road, Welcome Bay, Tauranga, Bay of Plenty, 3112, NZL",IAG New Zealand Limited,2023-01-18,TG,Ryan Tutbury,176.190131,-37.72963,,False,
1502000.1106,1502000,1502000.1106,"EQC - 28 Tennyson Street, Raumanga","EQC - 28 Tennyson Street, Raumanga, Whangarei, Northland, 0110, NZL",IAG New Zealand Limited,2023-01-18,AK,Philip Mathewson,174.312481,-35.739284,,False,
1502000.1107,1502000,1502000.1107,"EQC - 113 State Highway 6, Coal Creek","EQC - 113 State Highway 6, Coal Creek, Greymouth, West Coast, 7802",IAG New Zealand Limited,2023-01-19,CH,Anna Sleight,171.225179,-42.442749,,False,
1502000.1108,1502000,1502000.1108,"EQC - 194 Ballance Street, Whataupoko","EQC - 194 Ballance Street, Whataupoko, Gisborne, 4010, NZL",IAG New Zealand Limited,2023-01-20,AK,Philip Mathewson,178.03292,-38.650067,,False,
1502000.1109,1502000,1502000.1109,"EQC - 66 Mt Pleasant Road, Aro Valley","EQC - 66 Mt Pleasant Road, Aro Valley, Wellington, 6012, NZL",IAG New Zealand Limited,2023-01-20,WN,Shirley Wang,174.754698,-41.295689,Wellington City,True,
1502000.1110,1502000,1502000.1110,"EQC - 32 Courtney Road, Gate Pa","EQC - 32 Courtney Road, Gate Pa, Tauranga, Bay of Plenty, 3112, NZL",IAG New Zealand Limited,2023-01-20,TG,Ryan Tutbury,176.144924,-37.715756,,False,
1502000.9996,1502000,1502000.9996,"EQC - 194 Ballance Street, Whataupoko","EQC - 194 Ballance Street, Whataupoko, Gisborne, 4010, NZL",IAG New Zealand Limited,2023-01-20,AK,Philip Mathewson,178.0326381970001,-38.64989813599993,,False,
1502000.1111,1502000,1502000.1111,"EQC - 7 Bonnieglen Road, Omanawa","EQC - 7 Bonnieglen Road, Omanawa, Bay of Plenty, 3171, NZL",IAG New Zealand Limited,2023-01-23,TG,Guy McDougall,176.083766,-37.835026,,False,
1502000.1112,1502000,1502000.1112,"EQC - 204 St Vincent Street, Toi Toi","EQC - 204 St Vincent Street, Toi Toi, Nelson, 7010",IAG New Zealand Limited,2023-01-23,AK,Hannah Udell,173.267302,-41.28293,,False,
1502000.1113,1502000,1502000.1113,"EQC - 10A Market Street, Picton","EQC - 10A Market Street, Picton, Marlborough, 7220",IAG New Zealand Limited,2023-01-23,AK,Jen Smith,174.004993,-41.291963,,False,
1502000.1114,1502000,1502000.1114,"EQC - 178 Moetapu Bay Road, Moetapu Bay","EQC - 178 Moetapu Bay Road, Moetapu Bay, Linkwater, Marlborough, 7282",IAG New Zealand Limited,2023-01-23,AK,Jen Smith,173.856,-41.25986,,False,
1502000.1115,1502000,1502000.1115,"EQC - Section 58, Miritu Bay, Picton","EQC - Section 58, Miritu Bay, Picton",IAG New Zealand Limited,2023-01-23,AK,Jen Smith,174.148381,-41.207675,,False,
1502000.1116,1502000,1502000.1116,"EQC - 1/152A Cleveland Terrace, Maitai","EQC - 1/152A Cleveland Terrace, Maitai, Nelson, 7010",IAG New Zealand Limited,2023-01-24,AK,Hannah Udell,173.303046,-41.277977,,False,
1502000.1117,1502000,1502000.1117,"EQC - 2/152A Cleveland Terrace, Maitai","EQC - 2/152A Cleveland Terrace, Maitai, Nelson, 7010",IAG New Zealand Limited,2023-01-24,AK,Hannah Udell,173.303088,-41.27813,,False,
1502000.1118,1502000,1502000.1118,"EQC - 1000 Tararu Road, Thames, Waikato","EQC - 1000 Tararu Road, Thames, Waikato, 3500, NZL",IAG New Zealand Limited,2023-01-24,AK,Philip Mathewson,175.519942,-37.109501,,False,
1502000.1119,1502000,1502000.1119,"EQC - Unit 3, 23 Robins Rd, Judea","EQC - Unit 3, 23 Robins Rd, Judea, Tauranga, 3110, NZL",IAG New Zealand Limited,2023-01-25,TG,Guy McDougall,176.144769,-37.696593,,False,
1502000.1120,1502000,1502000.1120,"EQC - 311 Whareora Road, Whareora","EQC - 311 Whareora Road, Whareora, Northland, 0175, NZL",IAG New Zealand Limited,2023-01-25,AK,Philip Mathewson,174.352417,-35.700761,,False,
1502000.1121,1502000,1502000.1121,EQC - 33 Richardson St,"EQC - 33 Richardson St, Britannia Heights, Nelson, 7010",IAG New Zealand Limited,2023-01-26,AK,Hannah Udell,173.263703,-41.271182,,False,
1502000.1122,1502000,1502000.1122,"EQC - 12B Kokich Crescent, Onerahi","EQC - 12B Kokich Crescent, Onerahi, Whangarei, Northland, 0110, NZL",IAG New Zealand Limited,2023-01-27,AK,Philip Mathewson,174.363144,-35.743104,,False,
1502000.1123,1502000,1502000.1123,"EQC - 67 Barnard Street, Wadestown","EQC - 67 Barnard Street, Wadestown, Wellington, 6012, NZL",Vero Insurance New Zealand Limited,2023-01-30,WN,Shirley Wang,174.782421,-41.263224,Wellington City,True,
1502000.1124,1502000,1502000.1124,"EQC - 296 Forest Hill Road, Waiatarua","EQC - 296 Forest Hill Road, Waiatarua, Auckland, 0612, NZL",IAG New Zealand Limited,2023-01-30,AK,Philip Mathewson,174.585129,-36.92275,,False,
1502000.1125,1502000,1502000.1125,"EQC - 41A Landing Road, Titirangi","EQC - 41A Landing Road, Titirangi, Auckland, 0604, NZL",IAG New Zealand Limited,2023-01-31,AK,Philip Mathewson,174.648346,-36.949491,,False,
1502000.1126,1502000,1502000.1126,"EQC - 4 Chester Ave, Onerahi, Whangarei","EQC - 4 Chester Ave, Onerahi, Whangarei, 0110, NZL",IAG New Zealand Limited,2023-01-31,AK,Philip Mathewson,174.363454,-35.750004,,False,
1502000.1127,1502000,1502000.1127,"EQC - 8 West Glade Crescent, Birkenhead","EQC - 8 West Glade Crescent, Birkenhead, Auckland, 0626, NZL",IAG New Zealand Limited,2023-01-31,AK,Philip Mathewson,174.711765,-36.805743,,False,
1502000.1128,1502000,1502000.1128,"EQC - 28 Standen Avenue, Remuera","EQC - 28 Standen Avenue, Remuera, Auckland, 1050, NZL",IAG New Zealand Limited,2023-01-31,AK,Philip Mathewson,174.794849,-36.8681,,False,
1502000.1129,1502000,1502000.1129,"EQC - 52 Aldersgate Road, Hillsborough","EQC - 52 Aldersgate Road, Hillsborough, Auckland, 1042, NZL",IAG New Zealand Limited,2023-01-31,AK,Philip Mathewson,174.745435,-36.93262,,False,
1502000.1130,1502000,1502000.1130,"EQC - 223 Oruawharo Road, Topuni","EQC - 223 Oruawharo Road, Topuni, Kaiwaka, Northland, 0975, NZL",IAG New Zealand Limited,2023-01-31,AK,Philip Mathewson,174.455547,-36.228119,,False,
1502000.1131,1502000,1502000.1131,"EQC - Unit 2, 9 Watling Street","EQC - Unit 2, 9 Watling Street, Mount Eden, Auckland, 1024, NZL",IAG New Zealand Limited,2023-01-31,AK,Philip Mathewson,174.760079,-36.894436,,False,
1502000.1132,1502000,1502000.1132,"EQC - 142 Rangatira Road, Beach Haven","EQC - 142 Rangatira Road, Beach Haven, Auckland, 0626, NZL",IAG New Zealand Limited,2023-01-31,AK,Philip Mathewson,174.694497,-36.806715,,False,
1502000.1133,1502000,1502000.1133,"EQC - 26 Waratah Street, Birkenhead","EQC - 26 Waratah Street, Birkenhead, Auckland, 0626, NZL",IAG New Zealand Limited,2023-01-31,AK,Philip Mathewson,174.728324,-36.806614,,False,
1502000.1134,1502000,1502000.1134,"EQC - 3/64 Rambler Crescent, Beach Haven","EQC - 3/64 Rambler Crescent, Beach Haven, Auckland, 0626, NZL",IAG New Zealand Limited,2023-01-31,AK,Philip Mathewson,174.682524,-36.787889,,False,
1502000.1135,1502000,1502000.1135,"EQC - 109 Colwill Road, Massey, Auckland","EQC - 109 Colwill Road, Massey, Auckland, 0614, NZL",IAG New Zealand Limited,2023-02-01,AK,Philip Mathewson,174.631775,-36.837139,,False,
1502000.1136,1502000,1502000.1136,"EQC - 66 Silverstream Road, Horahora","EQC - 66 Silverstream Road, Horahora, Whangarei, Northland, 0110, NZL",IAG New Zealand Limited,2023-02-01,AK,Philip Mathewson,174.29063,-35.735655,,False,
1502000.1137,1502000,1502000.1137,"EQC - 1069 Wainui Road, Kaeo","EQC - 1069 Wainui Road, Kaeo, Northland, 0478, NZL",IAG New Zealand Limited,2023-02-02,AK,Philip Mathewson,173.824178,-35.018532,,False,
1502000.1138,1502000,1502000.1138,"EQC - 14 Wakelin Street, Kamo, Whangarei","EQC - 14 Wakelin Street, Kamo, Whangarei, Northland, 0112, NZL",IAG New Zealand Limited,2023-02-02,AK,Philip Mathewson,174.303104,-35.683138,,False,
1502000.1139,1502000,1502000.1139,"EQC - 9 Russell Street, Whataupoko","EQC - 9 Russell Street, Whataupoko, Gisborne, 4010, NZL",IAG New Zealand Limited,2023-02-02,AK,Ryan Tutbury,178.036485,-38.659387,,False,
1502000.1140,1502000,1502000.1140,"EQC - 58 Arthur Street, Tokomaru Bay","EQC - 58 Arthur Street, Tokomaru Bay, Gisborne, 4079, NZL",IAG New Zealand Limited,2023-02-02,AK,Ryan Tutbury,178.314703,-38.136015,,False,
1502000.1141,1502000,1502000.1141,"EQC - 2B Limmer Place, Browns Bay","EQC - 2B Limmer Place, Browns Bay, Auckland, 0632, NZL",IAG New Zealand Limited,2023-02-02,AK,Philip Mathewson,174.73557,-36.710656,,False,
1502000.1142,1502000,1502000.1142,"EQC - 18A Maritime Terrace, Birkenhead","EQC - 18A Maritime Terrace, Birkenhead, Auckland, 0626, NZL",IAG New Zealand Limited,2023-02-02,AK,Philip Mathewson,174.73465,-36.81714,,False,
1502000.1143,1502000,1502000.1143,"EQC - 19A Glenwood Ave, Birkenhead","EQC - 19A Glenwood Ave, Birkenhead, Auckland, 0626, NZL",IAG New Zealand Limited,2023-02-02,AK,Philip Mathewson,174.718216,-36.809801,,False,
1502000.1144,1502000,1502000.1144,"EQC - 67 Penguin Drive, Murrays Bay","EQC - 67 Penguin Drive, Murrays Bay, Auckland, 0630, NZL",IAG New Zealand Limited,2023-02-02,AK,Philip Mathewson,174.735873,-36.73171,,False,
1502000.1145,1502000,1502000.1145,"EQC - 18 Inkster Street, Birkenhead","EQC - 18 Inkster Street, Birkenhead, Auckland, 0626, NZL",IAG New Zealand Limited,2023-02-02,AK,Philip Mathewson,174.726336,-36.816579,,False,
1502000.1146,1502000,1502000.1146,"EQC - 28 Westmere Park Avenue, Westmere","EQC - 28 Westmere Park Avenue, Westmere, Auckland, 1022, NZL",IAG New Zealand Limited,2023-02-03,AK,Philip Mathewson,174.71406,-36.853131,,False,
1502000.1147,1502000,1502000.1147,"EQC - 67A Hadfield St, Beach Haven","EQC - 67A Hadfield St, Beach Haven, Auckland, 0626, NZL",IAG New Zealand Limited,2023-02-05,AK,Philip Mathewson,174.690805,-36.806472,,False,
1502000.1148,1502000,1502000.1148,"EQC - 9 Learmonth Avenue, Birkenhead","EQC - 9 Learmonth Avenue, Birkenhead, Auckland, 0626, NZL",IAG New Zealand Limited,2023-02-05,AK,Philip Mathewson,174.734344,-36.815947,,False,
1502000.1149,1502000,1502000.1149,"EQC - 74B Bassett Road, Remuera","EQC - 74B Bassett Road, Remuera, Auckland, 1050, NZL",IAG New Zealand Limited,2023-02-05,AK,Philip Mathewson,174.783317,-36.870253,,False,
1502000.1150,1502000,1502000.1150,"EQC - 58 Seacliffe Road, Hillsborough","EQC - 58 Seacliffe Road, Hillsborough, Auckland, 1042",IAG New Zealand Limited,2023-02-05,AK,Philip Mathewson,174.768315,-36.925684,,False,
1502000.1151,1502000,1502000.1151,"EQC - 29C Balmain Road, Birkenhead","EQC - 29C Balmain Road, Birkenhead, Auckland, 0626",IAG New Zealand Limited,2023-02-05,AK,Philip Mathewson,174.707502,-36.813017,,False,
1502000.1152,1502000,1502000.1152,"EQC - 33B Shore Road, Remuera","EQC - 33B Shore Road, Remuera, Auckland, 1050, NZL",IAG New Zealand Limited,2023-02-07,AK,Philip Mathewson,174.792054,-36.865248,,False,
1502000.1153,1502000,1502000.1153,"EQC - 78 Queen Street, Northcote Point","EQC - 78 Queen Street, Northcote Point, Auckland, 0627, NZL",IAG New Zealand Limited,2023-02-07,AK,Philip Mathewson,174.747153,-36.820428,,False,
1502000.1154,1502000,1502000.1154,"EQC - 11 Hames Terrace, Hillsborough","EQC - 11 Hames Terrace, Hillsborough, Auckland, 1042, NZL",IAG New Zealand Limited,2023-02-07,AK,Philip Mathewson,174.744276,-36.930863,,False,
1502000.1155,1502000,1502000.1155,"EQC - 48 Nile Road, Milford, Auckland","EQC - 48 Nile Road, Milford, Auckland, 0620, NZL",IAG New Zealand Limited,2023-02-08,AK,Philip Mathewson,174.754574,-36.777791,,False,
1502000.1156,1502000,1502000.1156,"EQC - 35 Shore Road, Remuera, Auckland","EQC - 35 Shore Road, Remuera, Auckland, 1050, NZL",IAG New Zealand Limited,2023-02-08,AK,Dion Willcocks,174.792356,-36.865312,,False,
1502000.1157,1502000,1502000.1157,"EQC - 16 Gear Terrace, Ranui, Porirua","EQC - 16 Gear Terrace, Ranui, Porirua, Wellington, 5024, NZL",IAG New Zealand Limited,2023-02-08,WN,Shirley Wang,174.852806,-41.141128,Porirua City,True,
1502000.1158,1502000,1502000.1158,"EQC - 85 Hapua Street, Remuera, Auckland","EQC - 85 Hapua Street, Remuera, Auckland, 1050, NZL",IAG New Zealand Limited,2023-02-09,AK,Philip Mathewson,174.786872,-36.870917,,False,
1502000.1159,1502000,1502000.1159,EQC - 28A Stanley Point Road,"EQC - 28A Stanley Point Road, Stanley Point, Auckland, 0624, NZL",IAG New Zealand Limited,2023-02-09,AK,Philip Mathewson,174.777714,-36.8249,,False,
1502000.1160,1502000,1502000.1160,"EQC - 31 Erskine Road, Maunu, Whangarei","EQC - 31 Erskine Road, Maunu, Whangarei, Northland, 0110, NZL",IAG New Zealand Limited,2023-02-09,AK,Philip Mathewson,174.27734,-35.762588,,False,
1502000.1161,1502000,1502000.1161,"EQC - 26 Maunganui Road, Birkenhead","EQC - 26 Maunganui Road, Birkenhead, Auckland, 0626, NZL",IAG New Zealand Limited,2023-02-09,AK,Philip Mathewson,174.728474,-36.81784,,False,
1502000.1162,1502000,1502000.1162,"EQC - 56A Manuka Road, Glenfield","EQC - 56A Manuka Road, Glenfield, Auckland, 0629, NZL",IAG New Zealand Limited,2023-02-09,AK,Philip Mathewson,174.71345,-36.775232,,False,
1502000.1163,1502000,1502000.1163,EQC - 142 Stapleford Crescent,"EQC - 142 Stapleford Crescent, Browns Bay, Auckland, 0630, NZL",IAG New Zealand Limited,2023-02-09,AK,Philip Mathewson,174.737058,-36.713968,,False,
1502000.1164,1502000,1502000.1164,"EQC - 4 Captains Close, Torbay, Auckland","EQC - 4 Captains Close, Torbay, Auckland, 0630, NZL",IAG New Zealand Limited,2023-02-09,AK,Philip Mathewson,174.734545,-36.693586,,False,
1502000.1165,1502000,1502000.1165,"EQC - 10 Second Avenue, Stanley Point","EQC - 10 Second Avenue, Stanley Point, Auckland, 0624, NZL",IAG New Zealand Limited,2023-02-09,AK,Philip Mathewson,174.775235,-36.825515,,False,
1502000.1166,1502000,1502000.1166,"EQC - 39A Juniper Road, Sunnynook","EQC - 39A Juniper Road, Sunnynook, Auckland, 0620, NZL",IAG New Zealand Limited,2023-02-09,AK,Philip Mathewson,174.739771,-36.75263,,False,
1502000.1167,1502000,1502000.1167,"EQC - 46C Gladys Ave, Glenfield","EQC - 46C Gladys Ave, Glenfield, Auckland, 0629, NZL",IAG New Zealand Limited,2023-02-09,AK,Philip Mathewson,174.716792,-36.778714,,False,
1502000.1168,1502000,1502000.1168,"EQC - Unit 1,28 Peach Road, Glenfield","EQC - Unit 1,28 Peach Road, Glenfield, Auckland, 0629, NZL",IAG New Zealand Limited,2023-02-09,AK,Philip Mathewson,174.718518,-36.783766,,False,
1502000.1169,1502000,1502000.1169,"EQC - 54 Cliff View Drive, Green Bay","EQC - 54 Cliff View Drive, Green Bay, Auckland, 0604, NZL",IAG New Zealand Limited,2023-02-09,AK,Philip Mathewson,174.68319,-36.932527,,False,
1502000.1170,1502000,1502000.1170,"EQC - 106 Sylvan Avenue, Northcote","EQC - 106 Sylvan Avenue, Northcote, Auckland, 0627, NZL",IAG New Zealand Limited,2023-02-09,AK,Philip Mathewson,174.753814,-36.806559,,False,
1502000.1171,1502000,1502000.1171,"EQC - 19 Heath Avenue, Northcote","EQC - 19 Heath Avenue, Northcote, Auckland, 0627, NZL",IAG New Zealand Limited,2023-02-09,AK,Philip Mathewson,174.755827,-36.808393,,False,
1502000.1172,1502000,1502000.1172,"EQC-34A Dermont Street, Bader, Hamilton","EQC-34A Dermont Street, Bader, Hamilton, Waikato, 3206, NZL",IAG New Zealand Limited,2023-02-09,HM,Michael Triggs,175.291554,-37.814212,,False,
1502000.1173,1502000,1502000.1173,"EQC - 33 Bateleur Close, Welcome Bay","EQC - 33 Bateleur Close, Welcome Bay, Tauranga, Bay of Plenty, 3112, NZL",IAG New Zealand Limited,2023-02-10,TG,Ryan Tutbury,176.187373,-37.732465,,False,
1502000.1174,1502000,1502000.1174,"EQC - 42 Cumberland Crescent, Welcome Ba","EQC - 42 Cumberland Crescent, Welcome Bay, Tauranga, Bay of Plenty, 3112, NZL",IAG New Zealand Limited,2023-02-10,TG,Guy McDougall,176.181503,-37.730293,,False,
1502000.1175,1502000,1502000.1175,"EQC - 27A Verbena Road, Birkdale","EQC - 27A Verbena Road, Birkdale, Auckland, 0626, NZL",IAG New Zealand Limited,2023-02-11,AK,Philip Mathewson,174.708744,-36.803844,,False,
1502000.1176,1502000,1502000.1176,"EQC - 44 Middleton Road, Remuera","EQC - 44 Middleton Road, Remuera, Auckland, 1050, NZL",IAG New Zealand Limited,2023-02-11,AK,Philip Mathewson,174.782355,-36.8686,,False,
1502000.1177,1502000,1502000.1177,"EQC - 33 West End Road, Herne Bay","EQC - 33 West End Road, Herne Bay, Auckland, 1022, NZL",IAG New Zealand Limited,2023-02-11,AK,Philip Mathewson,174.727542,-36.849938,,False,
1502000.1178,1502000,1502000.1178,"EQC - 58 Aldersgate Road, Hillsborough","EQC - 58 Aldersgate Road, Hillsborough, Auckland, 1042, NZL",IAG New Zealand Limited,2023-02-11,AK,Philip Mathewson,174.744807,-36.932825,,False,
1502000.1179,1502000,1502000.1179,"EQC - 36 Aldersgate Road, Hillsborough","EQC - 36 Aldersgate Road, Hillsborough, Auckland, 1042, NZL",IAG New Zealand Limited,2023-02-11,AK,Philip Mathewson,174.746509,-36.93106,,False,
1502000.1180,1502000,1502000.1180,"EQC - 118 Lynbrooke Ave, Blockhouse Bay","EQC - 118 Lynbrooke Avenue, Blockhouse Bay, Auckland, 0600, NZL",IAG New Zealand Limited,2023-02-11,AK,Philip Mathewson,174.710586,-36.925743,,False,
1502000.1181,1502000,1502000.1181,"EQC - 18B Dalmeny Clos, Murrays Bay","EQC - 18B Dalmeny Clos, Murrays Bay, Auckland, 0630, NZL",IAG New Zealand Limited,2023-02-11,AK,Philip Mathewson,174.737881,-36.734662,,False,
1502000.1182,1502000,1502000.1182,"EQC - 23 Sylvan Avenue, Northcote","EQC - 23 Sylvan Avenue, Northcote, Auckland, 0627, NZL",IAG New Zealand Limited,2023-02-12,AK,Philip Mathewson,174.751254,-36.811611,,False,
1502000.1183,1502000,1502000.1183,"EQC - 314 Thames Coast Rd, Thornton Bay","EQC - 314 Thames Coast Road, Thornton Bay, Waikato, 3575, NZL",IAG New Zealand Limited,2023-02-12,AK,Ryan Tutbury,175.52368,-37.063635,,False,
1502000.1184,1502000,1502000.1184,"EQC - 48 Lewis Street, Blockhouse Bay","EQC - 48 Lewis Street, Blockhouse Bay, Auckland, 0600, NZL",IAG New Zealand Limited,2023-02-12,AK,Philip Mathewson,174.707084,-36.925462,,False,
1502000.1185,1502000,1502000.1185,"EQC - 22 Frederick Street, Hillsborough","EQC - 22 Frederick Street, Hillsborough, Auckland, 1042, NZL",IAG New Zealand Limited,2023-02-12,AK,Philip Mathewson,174.759274,-36.928211,,False,
1502000.1186,1502000,1502000.1186,"EQC - 2 Toroa Terrace, Mount Albert","EQC - 2 Toroa Terrace, Mount Albert, Auckland, 1025, NZL",IAG New Zealand Limited,2023-02-12,AK,Philip Mathewson,174.72204,-36.889051,,False,
1502000.1187,1502000,1502000.1187,"EQC - 340 Glenvar Road, Torbay, Auckland","EQC - 340 Glenvar Road, Torbay, Auckland, 0630, NZL",IAG New Zealand Limited,2023-02-12,AK,Philip Mathewson,174.724997,-36.699086,,False,
1502000.1188,1502000,1502000.1188,"EQC - Unit 3, 40 Esmonde Road, Takapuna","EQC - Unit 3, 40 Esmonde Road, Takapuna, Auckland, 0622, NZL",IAG New Zealand Limited,2023-02-12,AK,Philip Mathewson,174.77143,-36.795951,,False,
1502000.1189,1502000,1502000.1189,"EQC - 44B John Brian Drive, Redvale","EQC - 44B John Brian Drive, Redvale, Auckland, 0794, NZL",IAG New Zealand Limited,2023-02-12,AK,Philip Mathewson,174.709282,-36.686457,,False,
1502000.1190,1502000,1502000.1190,"EQC - 48 Middleton Road, Remuera","EQC - 48 Middleton Road, Remuera, Auckland, 1050, NZL",IAG New Zealand Limited,2023-02-12,AK,Philip Mathewson,174.782411,-36.868415,,False,
1502000.1191,1502000,1502000.1191,"EQC - 121C Fowler Access Road, Puhoi","EQC - 121C Fowler Access Road, Puhoi, Auckland, 0994, NZL",IAG New Zealand Limited,2023-02-12,AK,Philip Mathewson,174.667932,-36.538488,,False,
1502000.1192,1502000,1502000.1192,"EQC - 119 Canongate Street, Birkdale","EQC - 119 Canongate Street, Birkdale, Auckland, 0626, NZL",IAG New Zealand Limited,2023-02-13,AK,Philip Mathewson,174.706262,-36.799633,,False,
1502000.1193,1502000,1502000.1193,"EQC - 82 Palmerston Road, Birkenhead","EQC - 82 Palmerston Road, Birkenhead, Auckland, 0626, NZL",IAG New Zealand Limited,2023-02-13,AK,Philip Mathewson,174.72673,-36.816146,,False,
1502000.1194,1502000,1502000.1194,"EQC - 122 Lonely Track Road, Redvale","EQC - 122 Lonely Track Road, Redvale, Auckland, 0632, NZL",IAG New Zealand Limited,2023-02-13,AK,Philip Mathewson,174.711686,-36.706633,,False,
1502000.1195,1502000,1502000.1195,"EQC - 9 Egret Avenue, Maungatapu","EQC - 9 Egret Avenue, Maungatapu, Tauranga, Bay of Plenty, 3112",IAG New Zealand Limited,2023-02-13,TG,Ryan Tutbury,176.180255,-37.720634,,False,
1502000.1196,1502000,1502000.1196,"EQC - 23 Bright Street, Eden Terrace","EQC - 23 Bright Street, Eden Terrace, Auckland, 1021, NZL",IAG New Zealand Limited,2023-02-13,AK,Philip Mathewson,174.753288,-36.866807,,False,
1502000.1197,1502000,1502000.1197,"EQC - 33 Kereru Grove, Greenhithe","EQC - 33 Kereru Grove, Greenhithe, Auckland, 0632, NZL",IAG New Zealand Limited,2023-02-14,AK,Philip Mathewson,174.698444,-36.772471,,False,
1502000.1198,1502000,1502000.1198,"EQC - 2 Beach Haven Road, Beach Haven","EQC - 2 Beach Haven Road, Beach Haven, Auckland, 0626, NZL",IAG New Zealand Limited,2023-02-14,AK,Philip Mathewson,174.679306,-36.789679,,False,
1502000.1199,1502000,1502000.1199,"EQC - 312 Thames Coast Rd, Thornton Bay","EQC - 312 Thames Coast Road, Thornton Bay, Waikato, 3575, NZL",IAG New Zealand Limited,2023-02-14,AK,Ryan Tutbury,175.523519,-37.063784,,False,
1502000.1200,1502000,1502000.1200,"EQC - 27 Kauri Rd, Birkenhead (1)","EQC - 27 Kauri Rd, Birkenhead, Auckland, 0626, NZL",IAG New Zealand Limited,2023-02-14,AK,Philip Mathewson,174.705083,-36.809665,,False,
1502000.1201,1502000,1502000.1201,"EQC - 21 Otuturu Crescent, Ruamahunga","EQC - 21 Otuturu Crescent, Ruamahunga, Waiomu, Waikato, 3575, NZL",IAG New Zealand Limited,2023-02-14,AK,Ryan Tutbury,175.511812,-37.011073,,False,
1502000.1202,1502000,1502000.1202,"EQC - 39 Endeavour Avenue, Welcome Bay","EQC - 39 Endeavour Avenue, Welcome Bay, Tauranga, Bay of Plenty, 3112, NZL",IAG New Zealand Limited,2023-02-15,TG,Ryan Tutbury,176.189021,-37.724669,,False,
1502000.1203,1502000,1502000.1203,"EQC - 92 Queen Street, Northcote Point","EQC - 92 Queen Street, Northcote Point, Auckland, 0627, NZL",IAG New Zealand Limited,2023-02-15,AK,Philip Mathewson,174.74669,-36.819882,,False,
1502000.1204,1502000,1502000.1204,"EQC - 94 Queen Street, Northcote Point","EQC - 94 Queen Street, Northcote Point, Auckland, 0627, NZL",IAG New Zealand Limited,2023-02-15,AK,Philip Mathewson,174.746573,-36.819789,,False,
1502000.1205,1502000,1502000.1205,"EQC - 25 Bright Street, Eden Terrace","EQC - 25 Bright Street, Eden Terrace, Auckland, 1021, NZL",IAG New Zealand Limited,2023-02-15,AK,Philip Mathewson,174.753224,-36.866714,,False,
1502000.1206,1502000,1502000.1206,"EQC - 93 Holloway Road, Aro Valley (2)","93 Holloway Road, Aro Valley, Wellington, 6021, NZL (Landslip Event 2)",IAG New Zealand Limited,2023-02-15,WN,Shirley Wang,174.756963,-41.29718,Wellington City,True,
1502000.1207,1502000,1502000.1207,"EQC - 93 Holloway Road, Aro Valley (3)","EQC - 93 Holloway Road, Aro Valley, Wellington, 6021, NZL (Landslip Event 3)",IAG New Zealand Limited,2023-02-15,WN,Shirley Wang,174.757087,-41.297237,Wellington City,True,
1502000.1208,1502000,1502000.1208,"EQC - Lot 18 DP 3399, Lochmara Bay","EQC - Lot 18 DP 3399, Lochmara Bay, Marlborough, NZL",IAG New Zealand Limited,2023-02-16,HM,Hannah Udell,173.990852,-41.220933,,False,
1502000.1209,1502000,1502000.1209,"EQC - 14A Maritime Ter, Birkenhead","EQC - 14A Maritime Ter, Birkenhead, Auckland, 0626, NZL",IAG New Zealand Limited,2023-02-16,AK,Philip Mathewson,174.73474,-36.817742,,False,
1502000.1210,1502000,1502000.1210,"EQC - 41 Burwood Crescent, Remuera","EQC - 41 Burwood Crescent, Remuera, Auckland, 1050, NZL",IAG New Zealand Limited,2023-02-16,AK,Philip Mathewson,174.797074,-36.863608,,False,
1502000.1211,1502000,1502000.1211,"EQC - 209 Ahuroa Road, Puhoi, Auckland","EQC - 209 Ahuroa Road, Puhoi, Auckland, 0994, NZL",IAG New Zealand Limited,2023-02-16,AK,Philip Mathewson,174.643886,-36.504058,,False,
1502000.1212,1502000,1502000.1212,"EQC - 6 Rona Avenue, Grey Lynn, Auckland","EQC - 6 Rona Avenue, Grey Lynn, Auckland, 1021, NZL",IAG New Zealand Limited,2023-02-16,AK,Philip Mathewson,174.736122,-36.86596,,False,
1502000.1213,1502000,1502000.1213,"EQC - 8 Rona Avenue, Grey Lynn, Auckland","EQC - 8 Rona Avenue, Grey Lynn, Auckland, 1021, NZL",IAG New Zealand Limited,2023-02-16,AK,Philip Mathewson,174.735999,-36.865948,,False,
1502000.1214,1502000,1502000.1214,"EQC - 71 McCathie Road, Puhoi, Wainui","EQC - 71 McCathie Road, Puhoi, Wainui, Auckland, 0994, NZL",IAG New Zealand Limited,2023-02-16,AK,Philip Mathewson,174.646908,-36.554794,,False,
1502000.1215,1502000,1502000.1215,"EQC - 19B Glenwood Ave, Birkenhead","EQC - 19B Glenwood Ave, Birkenhead, Auckland, 0626, NZL",IAG New Zealand Limited,2023-02-16,AK,Philip Mathewson,174.71804,-36.809741,,False,
1502000.1216,1502000,1502000.1216,"EQC - 27 Kauri Rd, Birkenhead (2)","EQC - 27 Kauri Rd, Birkenhead, Auckland, 0626, NZL (supplementary)",IAG New Zealand Limited,2023-02-17,AK,Philip Mathewson,174.704872,-36.809487,,False,
1502000.1217,1502000,1502000.1217,"EQC - Lot 2, DP11533, Mistletoe Bay","EQC - Lot 2, DP11533, Mistletoe Bay, Marlborough, NZL",IAG New Zealand Limited,2023-02-17,HM,Hannah Udell,173.973933,-41.22599,,False,
1502000.1218,1502000,1502000.1218,"EQC - 7 McGlashen Place, Beach Haven","EQC - 7 McGlashen Place, Beach Haven, Auckland, 0626, NZL",IAG New Zealand Limited,2023-02-17,AK,Philip Mathewson,174.698218,-36.804092,,False,
1502000.1219,1502000,1502000.1219,"EQC - 47 Marine Parade, Herne Bay","EQC - 47 Marine Parade, Herne Bay, Auckland, 1011, NZL",IAG New Zealand Limited,2023-02-17,AK,Philip Mathewson,174.724322,-36.846608,,False,
1502000.1220,1502000,1502000.1220,"EQC - 40 West End Road, Herne Bay","EQC - 40 West End Road, Herne Bay, Auckland, 1022, NZL",IAG New Zealand Limited,2023-02-18,AK,Dion Willcocks,174.72826,-36.850152,,False,
1502000.1221,1502000,1502000.1221,"EQC - 31B Burwood Crescent, Remuera","EQC - 31B Burwood Crescent, Remuera, Auckland, 1050, NZL",IAG New Zealand Limited,2023-02-18,AK,Philip Mathewson,174.797305,-36.862765,,False,
1502000.1222,1502000,1502000.1222,"EQC - Unit 2, 26A West End Rd, Herne Bay","EQC - Unit 2, 26A West End Rd, Herne Bay, Auckland, 1022, NZL",IAG New Zealand Limited,2023-02-18,AK,Philip Mathewson,174.72929,-36.849955,,False,
1502000.1223,1502000,1502000.1223,"EQC - 8 Riverhaven Drive, Wade Heads","EQC - 8 Riverhaven Drive, Wade Heads, Whangaparaoa, Auckland, 0932, NZL",IAG New Zealand Limited,2023-02-18,AK,Philip Mathewson,174.72322,-36.63484,,False,
1502000.1224,1502000,1502000.1224,"EQC - 16 Cathedral Pl, Parnell, Auckland","EQC - 16 Cathedral Pl, Parnell, Auckland, 1052, NZL",IAG New Zealand Limited,2023-02-18,AK,Philip Mathewson,174.784457,-36.859799,,False,
1502000.1225,1502000,1502000.1225,"EQC - 40 Wolsley Avenue, Milford","EQC - 40 Wolsley Avenue, Milford, Auckland, 0620, NZL",IAG New Zealand Limited,2023-02-18,AK,Philip Mathewson,174.758976,-36.773271,,False,
1502000.1226,1502000,1502000.1226,"EQC - Unit 2, 30 Jacaranda Avenue","EQC - Unit 2, 30 Jacaranda Avenue, Beach Haven, Auckland, 0626, NZL",IAG New Zealand Limited,2023-02-18,AK,Philip Mathewson,174.687699,-36.803827,,False,
1502000.1227,1502000,1502000.1227,"EQC - 41 Bayview Road, Bayview, Auckland","EQC - 41 Bayview Road, Bayview, Auckland, 0629, NZL",IAG New Zealand Limited,2023-02-18,AK,Philip Mathewson,174.709372,-36.772616,,False,
1502000.1228,1502000,1502000.1228,"EQC - 20 Pemberton Avenue, Bayview","EQC - 20 Pemberton Avenue, Bayview, Auckland, 0629, NZL",IAG New Zealand Limited,2023-02-18,AK,Philip Mathewson,174.704044,-36.781887,,False,
1502000.1229,1502000,1502000.1229,"EQC - 51 Stillwater Crescent, Stillwater","EQC - 51 Stillwater Crescent, Stillwater, Auckland, 0993, NZL",IAG New Zealand Limited,2023-02-18,AK,Philip Mathewson,174.714609,-36.638843,,False,
1502000.1230,1502000,1502000.1230,"EQC - 71 Sylvan Avenue, Northcote","EQC - 71 Sylvan Avenue, Northcote, Auckland, 0627, NZL",IAG New Zealand Limited,2023-02-18,AK,Philip Mathewson,174.75473,-36.80986,,False,
1502000.1231,1502000,1502000.1231,"EQC - 569 Duck Creek Road, Stillwater","EQC - 569 Duck Creek Road, Stillwater, Silverdale, Auckland, 0993, NZL",IAG New Zealand Limited,2023-02-18,AK,Philip Mathewson,174.688491,-36.635903,,False,
1502000.1232,1502000,1502000.1232,"EQC - Unit 3,72 Lake Road, Northcote","EQC - Unit 3, 72 Lake Road, Northcote, Auckland, 0627, NZL",IAG New Zealand Limited,2023-02-18,AK,Philip Mathewson,174.743364,-36.804669,,False,
1502000.1233,1502000,1502000.1233,"EQC - 29A Rangatira Road, Birkdale","EQC - 29A Rangatira Road, Birkdale, Auckland, 0626, NZL",IAG New Zealand Limited,2023-02-18,AK,Philip Mathewson,174.702399,-36.807196,,False,
1502000.1234,1502000,1502000.1234,"EQC - 94 Wright Road, Dairy Flat","EQC - 94 Wright Road, Dairy Flat, Auckland, 0794, NZL",IAG New Zealand Limited,2023-02-18,AK,Philip Mathewson,174.697601,-36.691086,,False,
1502000.1235,1502000,1502000.1235,"EQC - 1A Balmain Road, Birkenhead","EQC - 1A Balmain Road, Birkenhead, Auckland, 0626, NZL",IAG New Zealand Limited,2023-02-18,AK,Philip Mathewson,174.708502,-36.81049,,False,
1502000.1236,1502000,1502000.1236,"EQC - 11 Calman Place, Chatswood","EQC - 11 Calman Place, Chatswood, Auckland, 0626, NZL",IAG New Zealand Limited,2023-02-18,AK,Philip Mathewson,174.717712,-36.8133,,False,
1502000.1237,1502000,1502000.1237,"EQC - Unit 8, 90 Onewa Road","EQC - Unit 8, 90 Onewa Road, Northcote Point, Auckland, 0627, NZL",IAG New Zealand Limited,2023-02-18,AK,Dion Willcocks,174.739921,-36.811431,,False,
1502000.1238,1502000,1502000.1238,"EQC - 10A Lynngate Pl, Hillcrest","EQC - 10A Lynngate Pl, Hillcrest, Auckland, 0627, NZL",IAG New Zealand Limited,2023-02-18,AK,Philip Mathewson,174.736546,-36.799353,,False,
1502000.1239,1502000,1502000.1239,"EQC - 25 Rahui Road, Greenhithe","EQC - 25 Rahui Road, Greenhithe, Auckland, 0632, NZL",IAG New Zealand Limited,2023-02-18,AK,Philip Mathewson,174.668014,-36.778008,,False,
1502000.1240,1502000,1502000.1240,"EQC - 75 Greenhithe Road, Greenhithe","EQC - 75 Greenhithe Road, Greenhithe, Auckland, 0632, NZL",IAG New Zealand Limited,2023-02-18,AK,Philip Mathewson,174.679663,-36.772542,,False,
1502000.1241,1502000,1502000.1241,EQC - 49A Bernard Magnus Lane,"EQC - 49A Bernard Magnus Lane, Greenhithe, Auckland, 0632, NZL",IAG New Zealand Limited,2023-02-18,AK,Philip Mathewson,174.687556,-36.773454,,False,
1502000.1242,1502000,1502000.1242,EQC - 47 Waiomu Valley Road,"EQC - 47 Waiomu Valley Road, Waiomu, Waikato, 3575, NZL",IAG New Zealand Limited,2023-02-18,AK,Ryan Tutbury,175.52024,-37.025245,,False,
1502000.1243,1502000,1502000.1243,"EQC - 7B Pine Hill Cres, Pinehill","EQC - 7B Pine Hill Cres, Pinehill, Auckland, 0630, NZL",IAG New Zealand Limited,2023-02-19,AK,Philip Mathewson,174.733672,-36.729197,,False,
1502000.1244,1502000,1502000.1244,"EQC - 50S Orpheus Rd, Manukau Heads","EQC - 50S Orpheus Rd, Manukau Heads, Auckland 2684, NZL",IAG New Zealand Limited,2023-02-19,AK,Philip Mathewson,174.603509,-37.049205,,False,
1502000.1245,1502000,1502000.1245,"EQC - 17 Torkar Road, Clarks Beach","EQC - 17 Torkar Road, Clarks Beach, Auckland, 2122, NZL",IAG New Zealand Limited,2023-02-19,AK,Philip Mathewson,174.706273,-37.134118,,False,
1502000.1246,1502000,1502000.1246,"EQC - 353A Maungatapu Rd, Maungatapu","EQC - 353A Maungatapu Rd, Maungatapu, Tauranga, 3112, NZL",IAG New Zealand Limited,2023-02-20,HM,Ryan Tutbury,176.182412,-37.714253,,False,
1502000.1247,1502000,1502000.1247,"EQC - 55 Sutherland Road, Brookfield","EQC - 55 Sutherland Road, Brookfield, Tauranga, Bay of Plenty, 3110, NZL",IAG New Zealand Limited,2023-02-20,HM,Ryan Tutbury,176.143928,-37.691289,,False,
1502000.1248,1502000,1502000.1248,"EQC - 825 Ohauiti Road, Ohauiti, Oropi","EQC - 825 Ohauiti Road, Ohauiti, Oropi, Bay of Plenty, 3173, NZL",IAG New Zealand Limited,2023-02-20,HM,Ryan Tutbury,176.175536,-37.780264,,False,
1502000.1249,1502000,1502000.1249,"EQC - 281 Waitao Road, Waitao, Papamoa","EQC - 281 Waitao Road, Waitao, Papamoa, Bay of Plenty, 3175, NZL",IAG New Zealand Limited,2023-02-20,HM,Ryan Tutbury,176.233971,-37.742625,,False,
1502000.1250,1502000,1502000.1250,"EQC - 7 Kaiwaka-Mangawhai Road, Kaiwaka","EQC - 7 Kaiwaka-Mangawhai Road, Kaiwaka, Northland, 0975, NZL",IAG New Zealand Limited,2023-02-20,AK,Philip Mathewson,174.444498,-36.160511,,False,
1502000.1251,1502000,1502000.1251,"EQC - Lot 1 DP 7085, Saint Omer (2)","EQC - Lot 1 DP 7085, Saint Omer, Marlborough Sounds, Marlborough, 7282, NZL (2)",IAG New Zealand Limited,2023-02-20,HM,Hannah Udell,173.968571,-41.186739,,False,
1502000.1252,1502000,1502000.1252,"EQC - 233A Hedgeley Road, Eskdale, Napie","EQC - 233A Hedgeley Road, Eskdale, Napier, Hawke's Bay, 4182, NZL #HBEQC",IAG New Zealand Limited,2023-02-20,HM,Ryan Tutbury,176.824229,-39.406065,,False,
1502000.1253,1502000,1502000.1253,"EQC - 8 Eames Crescent, Te Mata, Tapu","EQC - 8 Eames Crescent, Te Mata, Tapu, Waikato, 3575, NZL",IAG New Zealand Limited,2023-02-20,HM,Ryan Tutbury,175.498208,-36.967121,,False,
1502000.1254,1502000,1502000.1254,"EQC - 24 Tizard Road, Birkenhead","EQC - 24 Tizard Road, Birkenhead, Auckland, 0626, NZL",IAG New Zealand Limited,2023-02-21,AK,Philip Mathewson,174.731798,-36.820771,,False,
1502000.1255,1502000,1502000.1255,"EQC - 30A Tizard Road, Birkenhead","EQC - 30A Tizard Road, Birkenhead, Auckland, 0626, NZL",IAG New Zealand Limited,2023-02-21,AK,Philip Mathewson,174.730969,-36.820774,,False,
1502000.1256,1502000,1502000.1256,"EQC - Unit 1, 20 Pine Ridge Terrace","EQC - Unit 1, 20 Pine Ridge Terrace, Hauraki, Auckland, 0622, NZL",IAG New Zealand Limited,2023-02-21,AK,Philip Mathewson,174.77191,-36.803923,,False,
1502000.1257,1502000,1502000.1257,"EQC - 76 Torkar Road, Clarks Beach","EQC - 76 Torkar Road, Clarks Beach, Auckland, 2122, NZL",IAG New Zealand Limited,2023-02-21,AK,Philip Mathewson,174.699805,-37.135986,,False,
1502000.1258,1502000,1502000.1258,"EQC - 108 Paremoremo Road, Lucas Heights","EQC - 108 Paremoremo Road, Lucas Heights, Auckland, 0632, NZL",IAG New Zealand Limited,2023-02-21,AK,Philip Mathewson,174.67488,-36.736037,,False,
1502000.1259,1502000,1502000.1259,"EQC - 68 La Trobe St, Pakuranga Heights","EQC - 68 La Trobe St, Pakuranga Heights, Auckland, 2010, NZL",IAG New Zealand Limited,2023-02-21,AK,Philip Mathewson,174.890434,-36.917734,,False,
1502000.1260,1502000,1502000.1260,"EQC - 12A Kaiwaka Road, Waiuku, Auckland","EQC - 12A Kaiwaka Road, Waiuku, Auckland, 2123, NZL",IAG New Zealand Limited,2023-02-21,AK,Philip Mathewson,174.735051,-37.256824,,False,
1502000.1261,1502000,1502000.1261,"EQC - 49 Saffron Street, Birkdale","EQC - 49 Saffron Street, Birkdale, Auckland, 0626, NZL",IAG New Zealand Limited,2023-02-21,AK,Philip Mathewson,174.695488,-36.798829,,False,
1502000.1262,1502000,1502000.1262,"EQC - 253 Whitford Road, Shamrock Park","EQC - 253 Whitford Road, Shamrock Park, Auckland, 2571, NZL",IAG New Zealand Limited,2023-02-21,AK,Philip Mathewson,174.933406,-36.92537,,False,
1502000.1263,1502000,1502000.1263,"EQC - 30 Westmere Park Avenue, Westmere","EQC - 30 Westmere Park Avenue, Westmere, Auckland, 1022, NZL",IAG New Zealand Limited,2023-02-21,AK,Philip Mathewson,174.714065,-36.853,,False,
1502000.1264,1502000,1502000.1264,"EQC - Lot 1 DP 9360, Te Aroha Bay","EQC - Lot 1 DP 9360, Te Aroha Bay, Marlborough, NZL",IAG New Zealand Limited,2023-02-22,HM,Hannah Udell,174.343561,-41.176754,,False,
1502000.1265,1502000,1502000.1265,"EQC - Jetty #5740, Lot 1 DP7085, St Omer","Jetty #5740, Lot 1 DP 7085, Saint Omer, Marlborough Sounds, Marlborough, 7282, NZL",IAG New Zealand Limited,2023-02-22,HM,Hannah Udell,173.968382,-41.187362,,False,
1502000.1266,1502000,1502000.1266,"EQC - 45 Scotia Street, Wakatu, Nelson","EQC - 45 Scotia Street, Wakatu, Nelson, 7011, NZL",IAG New Zealand Limited,2023-02-22,HM,Hannah Udell,173.25583,-41.30196,,False,
1502000.1267,1502000,1502000.1267,"EQC - 69 Hamilton Road, Herne Bay","EQC - 69 Hamilton Road, Herne Bay, Auckland, 1011, NZL",IAG New Zealand Limited,2023-02-22,AK,Philip Mathewson,174.737261,-36.840497,,False,
1502000.1268,1502000,1502000.1268,"EQC-33A Landing Road, Titirangi, Aucklan","EQC-33A Landing Road, Titirangi, Auckland, 0604, NZL",IAG New Zealand Limited,2023-02-22,AK,Philip Mathewson,174.648658,-36.95233,,False,
1502000.1269,1502000,1502000.1269,"EQC - 18D Roseberry Avenue, Birkenhead","EQC - 18D Roseberry Avenue, Birkenhead, Auckland, 0626, NZL",IAG New Zealand Limited,2023-02-22,AK,Philip Mathewson,174.713204,-36.808848,,False,
1502000.1270,1502000,1502000.1270,"EQC - 81 Mount Albert Road, Mount Albert","EQC - 81 Mount Albert Road, Mount Albert, Auckland, 1025, NZL",IAG New Zealand Limited,2023-02-22,AK,Philip Mathewson,174.72206,-36.88929,,False,
1502000.1271,1502000,1502000.1271,"EQC-65 Argyle Street, Herne Bay, Aucklan","EQC-65 Argyle Street, Herne Bay, Auckland, 1011, NZL",IAG New Zealand Limited,2023-02-22,AK,Philip Mathewson,174.728811,-36.84364,,False,
1502000.1272,1502000,1502000.1272,"EQC-Unit 2, 44 Whitney Street, New Winds","EQC-Unit 2, 44 Whitney Street, New Windsor, Auckland, 0600, NZL",IAG New Zealand Limited,2023-02-22,AK,Philip Mathewson,174.709105,-36.904788,,False,
1502000.1273,1502000,1502000.1273,"EQC - 85A Shelly Beach Road, Saint Marys","EQC - 85A Shelly Beach Road, Saint Mary's Bay, Auckland, 1011, NZL",Vero Insurance New Zealand Limited,2023-02-22,AK,Philip Mathewson,174.743811,-36.840564,,False,
1502000.1274,1502000,1502000.1274,"EQC - 21 Ring Terrace, Saint Marys Bay","EQC - 21 Ring Terrace, Saint Marys Bay, Auckland, 1011, NZL",IAG New Zealand Limited,2023-02-22,AK,Philip Mathewson,174.744831,-36.841648,,False,
1502000.1275,1502000,1502000.1275,"EQC - 61 Marine Parade, Herne Bay","EQC - 61 Marine Parade, Herne Bay, Auckland, 1011, NZL",IAG New Zealand Limited,2023-02-22,AK,Philip Mathewson,174.724072,-36.847927,,False,
1502000.1276,1502000,1502000.1276,"EQC - 26 Hamana Street, Narrow Neck, Auc","EQC - 26 Hamana Street, Narrow Neck, Auckland, 0622, NZL",IAG New Zealand Limited,2023-02-22,AK,Philip Mathewson,174.798288,-36.809558,,False,
1502000.1277,1502000,1502000.1277,"EQC-79A Stanley Point Road, Auckland","EQC-79A Stanley Point Road, Stanley Point, Auckland, 0624, NZL",IAG New Zealand Limited,2023-02-22,AK,Philip Mathewson,174.773927,-36.828844,,False,
1502000.1279,1502000,1502000.1279,"EQC - 81 Stanley Point Road, Auckland","EQC - 81 Stanley Point Road, Stanley Point, Auckland, 0624, NZL",IAG New Zealand Limited,2023-02-22,AK,Philip Mathewson,174.773717,-36.828866,,False,
1502000.1280,1502000,1502000.1280,"EQC - 24 Heaton Grove, Chatswood","EQC - 24 Heaton Grove, Chatswood, Auckland, 0626, NZL",IAG New Zealand Limited,2023-02-23,AK,Philip Mathewson,174.713053,-36.814124,,False,
1502000.1281,1502000,1502000.1281,"EQC - 43 Farley Road, Clarks Beach","EQC - 43 Farley Road, Clarks Beach, Auckland, 2679, NZL",IAG New Zealand Limited,2023-02-23,AK,Philip Mathewson,174.731624,-37.132231,,False,
1502000.1282,1502000,1502000.1282,"EQC - 26 King Richard Place, Browns Bay","EQC - 26 King Richard Place, Browns Bay, Auckland, 0630, NZL",IAG New Zealand Limited,2023-02-23,AK,Philip Mathewson,174.731965,-36.716822,,False,
1502000.1283,1502000,1502000.1283,"EQC - 12 Peregrine Place, Birkenhead","EQC - 12 Peregrine Place, Birkenhead, Auckland, 0626, NZL",IAG New Zealand Limited,2023-02-23,AK,Philip Mathewson,174.737079,-36.818384,,False,
1502000.1284,1502000,1502000.1284,EQC - 36 Albany Heights Road,"EQC - 36 Albany Heights Road, Albany Heights, Auckland, 0792, NZL",IAG New Zealand Limited,2023-02-23,AK,Philip Mathewson,174.677232,-36.711406,,False,
1502000.1285,1502000,1502000.1285,"EQC - 8 Greenridge Court, Glenfield","EQC - 8 Greenridge Court, Glenfield, Auckland, 0629, NZL",IAG New Zealand Limited,2023-02-23,AK,Philip Mathewson,174.725691,-36.79025,,False,
1502000.1286,1502000,1502000.1286,"EQC - 55 Beach Road, Castor Bay","EQC - 55 Beach Road, Castor Bay, Auckland, 0620, NZL",IAG New Zealand Limited,2023-02-23,AK,Ben Francis,174.767596,-36.761276,,False,
1502000.1287,1502000,1502000.1287,"EQC - 40 Potter Road, Dairy Flat","EQC - 40 Potter Road, Dairy Flat, Auckland, 0792, NZL",IAG New Zealand Limited,2023-02-23,AK,Philip Mathewson,174.663422,-36.697882,,False,
1502000.1288,1502000,1502000.1288,"EQC - 58D Wainui Avenue, Point Chevalier","EQC - 58D Wainui Avenue, Point Chevalier, Auckland, 1022, NZL",IAG New Zealand Limited,2023-02-23,AK,Philip Mathewson,174.708309,-36.860032,,False,
1502000.1289,1502000,1502000.1289,"EQC - 819 Beach Road, Browns Bay","EQC - 819 Beach Road, Browns Bay, Auckland, 0630, NZL",IAG New Zealand Limited,2023-02-23,AK,Philip Mathewson,174.74463,-36.71317,,False,
1502000.1290,1502000,1502000.1290,"EQC - 81 Hobson Road, Lucas Heights","EQC - 81 Hobson Road, Lucas Heights, Auckland, 0632, NZL",IAG New Zealand Limited,2023-02-23,AK,Philip Mathewson,174.678963,-36.726209,,False,
1502000.1291,1502000,1502000.1291,"EQC - 56 Spinella Drive, Bayview","EQC - 56 Spinella Drive, Bayview, Auckland, 0629, NZL",IAG New Zealand Limited,2023-02-23,AK,Philip Mathewson,174.712592,-36.771428,,False,
1502000.1292,1502000,1502000.1292,"EQC - 205 Wright Road, Dairy Flat","EQC - 205 Wright Road, Dairy Flat, Auckland, 0794, NZL",IAG New Zealand Limited,2023-02-23,AK,Philip Mathewson,174.697116,-36.698528,,False,
1502000.1293,1502000,1502000.1293,"EQC - 36A Haigh Access Rd, Redvale","EQC - 36A Haigh Access Rd, Redvale, Auckland, 0794, NZL",IAG New Zealand Limited,2023-02-23,AK,Philip Mathewson,174.70177,-36.679753,,False,
1502000.1294,1502000,1502000.1294,"EQC - 23 Hepburn Creek Rd, Warkworth","EQC - 23 Hepburn Creek Rd, Warkworth, 0981, NZL",IAG New Zealand Limited,2023-02-23,AK,Philip Mathewson,174.677895,-36.41029,,False,
1502000.1295,1502000,1502000.1295,"EQC - 160 Bassett Road, Remuera","EQC - 160 Bassett Road, Remuera, Auckland, 1050, NZL",IAG New Zealand Limited,2023-02-23,AK,Philip Mathewson,174.78603,-36.864808,,False,
1502000.1296,1502000,1502000.1296,"EQC - 512 Weranui Road, Puhoi, Wainui","EQC - 512 Weranui Road, Puhoi, Wainui, Auckland, 0994, NZL",IAG New Zealand Limited,2023-02-23,AK,Philip Mathewson,174.663972,-36.550125,,False,
1502000.1297,1502000,1502000.1297,"EQC - 57A West Hoe Heights, Orewa","EQC - 57A West Hoe Heights, Orewa, Auckland, 0931, NZL",IAG New Zealand Limited,2023-02-23,AK,Philip Mathewson,174.683729,-36.580924,,False,
1502000.1298,1502000,1502000.1298,"EQC - 4 Moreton Drive, Manly","EQC - 4 Moreton Drive, Manly, Whangaparaoa, Auckland, 0930, NZL",IAG New Zealand Limited,2023-02-23,AK,Philip Mathewson,174.751729,-36.626969,,False,
1502000.1299,1502000,1502000.1299,"EQC - 96 Nandina Lane, Pukekohe","EQC - 96 Nandina Lane, Pukekohe, Waikato, 2120, NZL",IAG New Zealand Limited,2023-02-23,AK,Philip Mathewson,174.907146,-37.236588,,False,
1502000.1300,1502000,1502000.1300,"EQC - 3 Hall Street, Northcote Point","EQC - 3 Hall Street, Northcote Point, Auckland, 0627, NZL",IAG New Zealand Limited,2023-02-23,AK,Philip Mathewson,174.744808,-36.818251,,False,
1502000.1301,1502000,1502000.1301,"EQC - 10 Koromiko Place, Waiuku","EQC - 10 Koromiko Place, Waiuku, Auckland, 2123, NZL",IAG New Zealand Limited,2023-02-23,HM,Philip Mathewson,174.734033,-37.235892,,False,
1502000.1302,1502000,1502000.1302,"EQC - 42 Queen Street, Northcote Point","EQC - 42 Queen Street, Northcote Point, Auckland, 0627, NZL",IAG New Zealand Limited,2023-02-23,AK,Philip Mathewson,174.747742,-36.822571,,False,
1502000.1303,1502000,1502000.1303,"EQC - 77B Vipond Road, Stanmore Bay","EQC - 77B Vipond Road, Stanmore Bay, Whangaparaoa, Auckland, 0932, NZL",IAG New Zealand Limited,2023-02-23,AK,Philip Mathewson,174.719855,-36.614836,,False,
1502000.1304,1502000,1502000.1304,"EQC - 20 Heaton Grove, Chatswood","EQC - 20 Heaton Grove, Chatswood, Auckland, 0626, NZL",IAG New Zealand Limited,2023-02-23,AK,Philip Mathewson,174.713493,-36.814324,,False,
1502000.1305,1502000,1502000.1305,"EQC - 65 Hadfield Street, Beach Haven","EQC - 65 Hadfield Street, Beach Haven, Auckland, 0626, NZL",IAG New Zealand Limited,2023-02-23,AK,Philip Mathewson,174.690623,-36.806487,,False,
1502000.1306,1502000,1502000.1306,"EQC - 267 Mahurangi West Road, Puhoi (2)","EQC - 267 Mahurangi West Road, Puhoi, Auckland, 0983, NZL (January 2023)",IAG New Zealand Limited,2023-02-23,AK,Philip Mathewson,174.681966,-36.498378,,False,
1502000.1307,1502000,1502000.1307,"EQC - 101 Kauri Road, Whenuapai","EQC - 101 Kauri Road, Whenuapai, Auckland, 0618, NZL",AA Insurance Limited,2023-02-24,AK,Philip Mathewson,174.643467,-36.785692,,False,
1502000.1309,1502000,1502000.1309,"EQC - 121 Canongate Street, Birkdale","EQC - 121 Canongate Street, Birkdale, Auckland, 0626, NZL",IAG New Zealand Limited,2023-02-24,HM,Philip Mathewson,174.706461,-36.799464,,False,
1502000.1310,1502000,1502000.1310,"EQC - 29 Shore Road, Remuera","EQC - 29 Shore Road, Remuera, Auckland, 1050, NZL",IAG New Zealand Limited,2023-02-24,AK,Dion Willcocks,174.791421,-36.865336,,False,
1502000.1311,1502000,1502000.1311,"EQC - 201 Maunsell Road, Port Waikato","EQC - 201 Maunsell Road, Port Waikato, Waikato, 2695, NZL",IAG New Zealand Limited,2023-02-24,HM,Ryan Tutbury,174.712636,-37.398487,,False,
1502000.1312,1502000,1502000.1312,"EQC - 8 Lucy Road, Bluff Hill, Napier, H","EQC - 8 Lucy Road, Bluff Hill, Napier, Hawke's Bay, 4110, NZL #HBEQC",IAG New Zealand Limited,2023-02-24,HM,Ryan Tutbury,176.915692,-39.483184,,False,
1502000.1313,1502000,1502000.1313,"EQC - 215 Pukehina Parade, Pukehina, Bay","EQC - 215 Pukehina Parade, Pukehina, Bay of Plenty, 3189, NZL",IAG New Zealand Limited,2023-02-24,HM,Ryan Tutbury,176.512289,-37.780232,,False,
1502000.1314,1502000,1502000.1314,"EQC - 216A Somme Parade, Aramoho","EQC - 216A Somme Parade, Aramoho, Whanganui, Manawatu-Whanganui, 4500, NZL",IAG New Zealand Limited,2023-02-24,WN,Shirley Wang,175.059551,-39.904422,,False,
1502000.1315,1502000,1502000.1315,"EQC - 5 Robert Street, Mahurangi East","EQC - 5 Robert Street, Mahurangi East, Auckland, 0982, NZL",IAG New Zealand Limited,2023-02-24,AK,Philip Mathewson,174.731261,-36.476202,,False,
1502000.1316,1502000,1502000.1316,"EQC - 73 Ridge Road, Mahurangi East","EQC - 73 Ridge Road, Mahurangi East, Auckland, 0982, NZL",IAG New Zealand Limited,2023-02-24,AK,Philip Mathewson,174.731182,-36.476756,,False,
1502000.1317,1502000,1502000.1317,"EQC-45 Millthorpe Crescent, Pukete","EQC - 45 Millthorpe Crescent, Pukete, Hamilton, Waikato, 3200, NZL",IAG New Zealand Limited,2023-02-24,HM,Ryan Tutbury,175.234056,-37.732203,,False,
1502000.1318,1502000,1502000.1318,"EQC-47 Millthorpe Crescent, Pukete","EQC - 47 Millthorpe Crescent, Pukete, Hamilton, Waikato, 3200, NZL",IAG New Zealand Limited,2023-02-24,HM,Ryan Tutbury,175.234235,-37.732394,,False,
1502000.1319,1502000,1502000.1319,"EQC - 27 Ring Terrace, Saint Marys Bay","EQC - 27 Ring Terrace, Saint Marys Bay, Auckland, 1011, NZL",IAG New Zealand Limited,2023-02-24,AK,Philip Mathewson,174.744662,-36.841303,,False,
1502000.1490,1502000,1502000.1490,"EQC-217 Maunsell Road, Port Waikato","EQC-217 Maunsell Road, Port Waikato, Waikato, 2695, NZL",IAG New Zealand Limited,2023-02-24,HM,Ryan Tutbury,174.711275,-37.399152,,False,
1502000.1320,1502000,1502000.1320,"EQC - Unit 9, 99 Shelly Beach Road","EQC - Unit 9, 99 Shelly Beach Road, Saint Marys Bay, Auckland, 1011, NZL",IAG New Zealand Limited,2023-02-25,AK,Philip Mathewson,174.742877,-36.840535,,False,
1502000.1321,1502000,1502000.1321,"EQC - 106E Gowing Drive, Meadowbank","EQC - 106E Gowing Drive, Meadowbank, Auckland, 1072, NZ",IAG New Zealand Limited,2023-02-25,AK,Philip Mathewson,174.835068,-36.866258,,False,
1502000.1322,1502000,1502000.1322,"EQC - 7 Shore Road, Remuera, Auckland","EQC - 7 Shore Road, Remuera, Auckland, 1050, NZL",IAG New Zealand Limited,2023-02-25,AK,Philip Mathewson,174.787566,-36.865486,,False,
1502000.1323,1502000,1502000.1323,"EQC - 39B Wright Road, Point Chevalier","EQC - 39B Wright Road, Point Chevalier, Auckland, 1022, NZL",IAG New Zealand Limited,2023-02-25,AK,Philip Mathewson,174.699313,-36.860862,,False,
1502000.1324,1502000,1502000.1324,"EQC - 39C Wright Road, Point Chevalier","EQC - 39C Wright Road, Point Chevalier, Auckland, 1022, NZL",IAG New Zealand Limited,2023-02-25,AK,Dion Willcocks,174.699177,-36.861054,,False,
1502000.1325,1502000,1502000.1325,"EQC - 267 Mahurangi West Road, Puhoi (3)","EQC - 267 Mahurangi West Road, Puhoi, Auckland, 0983, NZL (February 2023)",IAG New Zealand Limited,2023-02-25,AK,Philip Mathewson,174.682231,-36.498338,,False,
1502000.1326,1502000,1502000.1326,"EQC - 10 Kanohi Terrace, Mangere Bridge","EQC - 10 Kanohi Terrace, Mangere Bridge, Auckland, 2022, NZL",IAG New Zealand Limited,2023-02-25,AK,Philip Mathewson,174.779792,-36.949934,,False,
1502000.1327,1502000,1502000.1327,"EQC - 2A Napoleon Ave, Milford","EQC - 2A Napoleon Ave, Milford, Auckland, 0620, NZL",IAG New Zealand Limited,2023-02-25,AK,Philip Mathewson,174.754976,-36.777619,,False,
1502000.1328,1502000,1502000.1328,EQC - 2 Sulphur Beach Road,"EQC - 2 Sulphur Beach Road, Northcote Point, Auckland, 0627, NZL",IAG New Zealand Limited,2023-02-26,AK,Philip Mathewson,174.748799,-36.819965,,False,
1502000.1329,1502000,1502000.1329,"EQC - 149A Vaughans Road, Okura","EQC - 149A Vaughans Road, Okura, Auckland, 0792, NZL",IAG New Zealand Limited,2023-02-26,AK,Philip Mathewson,174.726522,-36.678664,,False,
1502000.1330,1502000,1502000.1330,"EQC - 25 Lancaster Road, Beach Haven","EQC - 25 Lancaster Road, Beach Haven, Auckland, 0626, NZL",IAG New Zealand Limited,2023-02-26,AK,Philip Mathewson,174.694145,-36.792429,,False,
1502000.1331,1502000,1502000.1331,"EQC - 25 Rosecamp Road, Beach Haven","EQC - 25 Rosecamp Road, Beach Haven, Auckland, 0626, NZL",IAG New Zealand Limited,2023-02-26,AK,Philip Mathewson,174.689284,-36.801588,,False,
1502000.1332,1502000,1502000.1332,"EQC - 27 Rosecamp Road, Beach Haven","EQC - 27 Rosecamp Road, Beach Haven, Auckland, 0626, NZL",IAG New Zealand Limited,2023-02-26,AK,Philip Mathewson,174.689235,-36.801281,,False,
1502000.1333,1502000,1502000.1333,"EQC - 4 Huka Road, Birkenhead","EQC - 4 Huka Road, Birkenhead, Auckland, 0626, NZL",IAG New Zealand Limited,2023-02-26,AK,Philip Mathewson,174.722645,-36.81245,,False,
1502000.1334,1502000,1502000.1334,"EQC - 40A Tizard Road, Birkenhead","EQC - 40A Tizard Road, Birkenhead, Auckland, 0626, NZL",IAG New Zealand Limited,2023-02-26,AK,Philip Mathewson,174.730212,-36.819955,,False,
1502000.1335,1502000,1502000.1335,"EQC - 42A Tizard Road, Birkenhead","EQC - 42A Tizard Road, Birkenhead, Auckland, 0626, NZL",IAG New Zealand Limited,2023-02-26,AK,Philip Mathewson,174.730048,-36.819818,,False,
1502000.1336,1502000,1502000.1336,"EQC - 89A Roseberry Avenue, Birkenhead","EQC - 89A Roseberry Avenue, Birkenhead, Auckland, 0626, NZL",IAG New Zealand Limited,2023-02-26,AK,Philip Mathewson,174.71627,-36.802648,,False,
1502000.1337,1502000,1502000.1337,"EQC - 13 Norwood Road, Bayswater","EQC - 13 Norwood Road, Bayswater, Auckland, 0622, NZL",IAG New Zealand Limited,2023-02-26,AK,Philip Mathewson,174.77093,-36.817383,,False,
1502000.1338,1502000,1502000.1338,"EQC - 26 Stanley Point Rd, Stanley Point","EQC - 26 Stanley Point Rd, Stanley Point, Auckland, 0624, NZL",IAG New Zealand Limited,2023-02-26,AK,Philip Mathewson,174.778285,-36.825203,,False,
1502000.1339,1502000,1502000.1339,"EQC - 12A Seacliffe Avenue, Belmont","EQC - 12A Seacliffe Avenue, Belmont, Auckland, 0622, NZL",IAG New Zealand Limited,2023-02-26,AK,Philip Mathewson,174.794409,-36.804681,,False,
1502000.1340,1502000,1502000.1340,"EQC - 2 Wanganella Street, Birkenhead","EQC - 2 Wanganella Street, Birkenhead, Auckland, 0626, NZL",IAG New Zealand Limited,2023-02-26,AK,Philip Mathewson,174.734211,-36.820687,,False,
1502000.1341,1502000,1502000.1341,"EQC - 57 Easton Park Parade, Glenfield","EQC - 57 Easton Park Parade, Glenfield, Auckland, 0629, NZL",IAG New Zealand Limited,2023-02-26,AK,Philip Mathewson,174.714743,-36.778182,,False,
1502000.1342,1502000,1502000.1342,"EQC - 59B Neal Ave, Glenfield","EQC - 59B Neal Ave, Glenfield, Auckland, 0629, NZL",IAG New Zealand Limited,2023-02-26,AK,Philip Mathewson,174.717908,-36.778251,,False,
1502000.1343,1502000,1502000.1343,"EQC - Unit 2, 107 Stanley Rd, Glenfield","EQC - Unit 2, 107 Stanley Rd, Glenfield, Auckland, 0629, NZL",IAG New Zealand Limited,2023-02-26,AK,Philip Mathewson,174.713841,-36.784607,,False,
1502000.1344,1502000,1502000.1344,"EQC - Unit 1, 37 Sispara Place","EQC - Unit 1, 37 Sispara Place, Beach Haven, Auckland, 0626, NZL",IAG New Zealand Limited,2023-02-26,AK,Philip Mathewson,174.684939,-36.797955,,False,
1502000.1345,1502000,1502000.1345,"EQC - 19A Marsh Avenue, Forrest Hill","EQC - 19A Marsh Avenue, Forrest Hill, Auckland, 0620, NZL",IAG New Zealand Limited,2023-02-26,AK,Philip Mathewson,174.752817,-36.767284,,False,
1502000.1346,1502000,1502000.1346,"EQC - 32 Kereru Grove, Greenhithe","EQC - 32 Kereru Grove, Greenhithe, Auckland, 0632, NZL",IAG New Zealand Limited,2023-02-26,AK,Philip Mathewson,174.700943,-36.771225,,False,
1502000.1347,1502000,1502000.1347,"EQC - 11 Bernard Magnus Lane, Greenhithe","EQC - 11 Bernard Magnus Lane, Greenhithe, Auckland, 0632, NZL",IAG New Zealand Limited,2023-02-26,AK,Philip Mathewson,174.691898,-36.773946,,False,
1502000.1348,1502000,1502000.1348,"EQC - 8 Heathcote Road, Castor Bay","EQC - 8 Heathcote Road, Castor Bay, Auckland, 0620, NZL",IAG New Zealand Limited,2023-02-26,AK,Philip Mathewson,174.760846,-36.765669,,False,
1502000.1349,1502000,1502000.1349,"EQC - 6 Glenbush Place, Birkenhead","EQC - 6 Glenbush Place, Birkenhead, Auckland, 0626, NZL",IAG New Zealand Limited,2023-02-27,AK,Philip Mathewson,174.717728,-36.808908,,False,
1502000.1350,1502000,1502000.1350,"EQC - 6 High Street, Devonport, Auckland","EQC - 6 High Street, Devonport, Auckland, 0624, NZL",IAG New Zealand Limited,2023-02-27,AK,Philip Mathewson,174.795978,-36.827872,,False,
1502000.1351,1502000,1502000.1351,"EQC - 97 Mill Road, Totara Park","EQC - 97 Mill Road, Totara Park, Auckland, 2576, NZL",IAG New Zealand Limited,2023-02-27,AK,Philip Mathewson,174.92885,-37.002954,,False,
1502000.1352,1502000,1502000.1352,"EQC - 35A Wairiki Road, Mount Eden","EQC - 35A Wairiki Road, Mount Eden, Auckland, 1024, NZL",IAG New Zealand Limited,2023-02-27,AK,Philip Mathewson,174.754093,-36.890014,,False,
1502000.1353,1502000,1502000.1353,"EQC - 37 Finn Place, Totara Vale","EQC - 37 Finn Place, Totara Vale, Auckland, 0629, NZL",IAG New Zealand Limited,2023-02-27,AK,Philip Mathewson,174.723056,-36.762717,,False,
1502000.1354,1502000,1502000.1354,"EQC - 117 Braemar Road, Castor Bay","EQC - 117 Braemar Road, Castor Bay, Auckland, 0620, NZL",IAG New Zealand Limited,2023-02-27,AK,Philip Mathewson,174.762845,-36.757373,,False,
1502000.1355,1502000,1502000.1355,"EQC - 28 Blue Heron Rise, Stanmore Bay","EQC - 28 Blue Heron Rise, Stanmore Bay, Whangaparaoa, Auckland, 0932, NZL",IAG New Zealand Limited,2023-02-27,AK,Philip Mathewson,174.714574,-36.621627,,False,
1502000.1356,1502000,1502000.1356,"EQC - 197 Twining Road, Mangatawhiri","EQC - 197 Twining Road, Mangatawhiri, Hunua, 2471, NZL",IAG New Zealand Limited,2023-02-28,AK,Philip Mathewson,175.106145,-37.197485,,False,
1502000.1357,1502000,1502000.1357,"EQC - 161 Maunsell Road, Port Waikato","EQC - 161 Maunsell Road, Port Waikato, Waikato, 2695, NZL",IAG New Zealand Limited,2023-02-28,HM,Ryan Tutbury,174.715567,-37.397072,,False,
1502000.1358,1502000,1502000.1358,"EQC - 5B Becker Way, Karori, Wellington","EQC - 5B Becker Way, Karori, Wellington, 6012, NZL",IAG New Zealand Limited,2023-02-28,WN,Shirley Wang,174.72701,-41.290524,Wellington City,True,
1502000.1359,1502000,1502000.1359,"EQC - 175 Maunsell Road, Port Waikato","EQC - 175 Maunsell Road, Port Waikato, Waikato, 2695, NZL",IAG New Zealand Limited,2023-02-28,HM,Ryan Tutbury,174.71459,-37.397602,,False,
1502000.1360,1502000,1502000.1360,"EQC - 189 Maunsell Road, Port Waikato","EQC - 189 Maunsell Road, Port Waikato, Waikato, 2695, NZL",IAG New Zealand Limited,2023-02-28,HM,Ryan Tutbury,174.713551,-37.398101,,False,
1502000.1361,1502000,1502000.1361,"EQC - 3B Balmain Rd, Chatswood","EQC - 3B Balmain Rd, Chatswood, Auckland, 0626, NZL",IAG New Zealand Limited,2023-02-28,AK,Philip Mathewson,174.709126,-36.810859,,False,
1502000.1362,1502000,1502000.1362,"EQC - 7 Judge Street, Parnell","EQC - 7 Judge Street, Parnell, Auckland, 1052, NZL",IAG New Zealand Limited,2023-03-02,AK,Philip Mathewson,174.79039,-36.849969,,False,
1502000.1363,1502000,1502000.1363,"EQC - 1164 Scenic Drive North, Swanson","EQC - 1164 Scenic Drive North, Swanson, Auckland, 0816, NZL",IAG New Zealand Limited,2023-03-02,AK,Philip Mathewson,174.556824,-36.870945,,False,
1502000.1364,1502000,1502000.1364,"EQC - 1185 Scenic Drive North, Swanson","EQC - 1185 Scenic Drive North, Swanson, Auckland, 0816, NZL",IAG New Zealand Limited,2023-03-02,AK,Philip Mathewson,174.557275,-36.868979,,False,
1502000.1365,1502000,1502000.1365,"EQC - 15 Gardenia Avenue, Bell Block","EQC - 15 Gardenia Avenue, Bell Block, New Plymouth, Taranaki, 4312, NZL",IAG New Zealand Limited,2023-03-02,HM,Ryan Tutbury,174.148399,-39.030114,,False,
1502000.1366,1502000,1502000.1366,"EQC - 10 Te Ara O Tunua Rd, Whananaki","EQC - 10 Te Ara O Tunua Rd, Whananaki, Hikurangi, 0181, NZL",IAG New Zealand Limited,2023-03-02,AK,Philip Mathewson,174.458806,-35.518538,,False,
1502000.1367,1502000,1502000.1367,"EQC - 210 Panorama Drive, Enner Glynn","EQC - 210 Panorama Drive, Enner Glynn, Nelson, 7011, NZL",IAG New Zealand Limited,2023-03-03,HM,Hannah Udell,173.254459,-41.314031,,False,
1502000.1368,1502000,1502000.1368,"EQC - 420 Cames Rd, Mangawhai","EQC - 420 Cames Rd, Mangawhai, 0975, NZL",IAG New Zealand Limited,2023-03-03,AK,Philip Mathewson,174.550721,-36.159089,,False,
1502000.1369,1502000,1502000.1369,"EQC - 6 The Heights, Whangarei Heads","EQC - 6 The Heights, Whangarei Heads, Northland, 0174, NZL",IAG New Zealand Limited,2023-03-03,AK,Philip Mathewson,174.497847,-35.82431,,False,
1502000.1370,1502000,1502000.1370,"EQC - 1213 East Coast Road, Redvale","EQC - 1213 East Coast Road, Redvale, Auckland, 0794, NZL",IAG New Zealand Limited,2023-03-03,AK,Philip Mathewson,174.70951,-36.694557,,False,
1502000.1371,1502000,1502000.1371,"EQC - 1958 Homewood Road, Homewood","EQC - 1958 Homewood Road, Homewood, Wainuioru, Wellington, 5872, NZL",IAG New Zealand Limited,2023-03-03,WN,Shirley Wang,176.03481,-41.119482,,False,
1502000.1372,1502000,1502000.1372,"EQC - 23A Shore Road, Remuera","EQC - 23A Shore Road, Remuera, Auckland, 1050, NZL",IAG New Zealand Limited,2023-03-03,AK,Philip Mathewson,174.790855,-36.865468,,False,
1502000.1373,1502000,1502000.1373,"EQC - 25 Shore Road, Remuera","EQC - 25 Shore Road, Remuera, Auckland, 1050, NZL",IAG New Zealand Limited,2023-03-03,AK,Philip Mathewson,174.791053,-36.865403,,False,
1502000.1374,1502000,1502000.1374,"EQC - 27 Shore Road, Remuera","EQC - 27 Shore Road, Remuera, Auckland, 1050, NZL",IAG New Zealand Limited,2023-03-03,AK,Philip Mathewson,174.791227,-36.865349,,False,
1502000.1375,1502000,1502000.1375,"EQC - 33 Shore Road, Remuera","EQC - 33 Shore Road, Remuera, Auckland, 1050, NZL",IAG New Zealand Limited,2023-03-03,AK,Philip Mathewson,174.791816,-36.865349,,False,
1502000.1376,1502000,1502000.1376,"EQC - 137 Griffin Road, Maungaturoto","EQC - 137 Griffin Road, Maungaturoto, Northland, 0583, NZL",IAG New Zealand Limited,2023-03-03,AK,Philip Mathewson,174.337434,-36.112751,,False,
1502000.1377,1502000,1502000.1377,EQC - 958D Whangarei Heads Road,"EQC - 958D Whangarei Heads Road, Parua Bay, Northland, 0174, NZL",IAG New Zealand Limited,2023-03-03,AK,Philip Mathewson,174.447955,-35.778162,,False,
1502000.1378,1502000,1502000.1378,"EQC - 5 Relko Crescent, Torbay","EQC - 5 Relko Crescent, Torbay, Auckland, 0630, NZL",IAG New Zealand Limited,2023-03-03,AK,Philip Mathewson,174.737419,-36.694921,,False,
1502000.1379,1502000,1502000.1379,"EQC - Unit 2, 20 Dunraven Place, Torbay","EQC - Unit 2, 20 Dunraven Place, Torbay, Auckland, 0630, NZL",IAG New Zealand Limited,2023-03-03,AK,Philip Mathewson,174.740967,-36.701612,,False,
1502000.1380,1502000,1502000.1380,"EQC - 21 Heaton Grove, Chatswood","EQC - 21 Heaton Grove, Chatswood, Auckland, 0626, NZL",IAG New Zealand Limited,2023-03-03,AK,Philip Mathewson,174.714335,-36.81388,,False,
1502000.1381,1502000,1502000.1381,"EQC - 97 College Road, Northcote","EQC - 97 College Road, Northcote, Auckland, 0627, NZL",IAG New Zealand Limited,2023-03-03,AK,Philip Mathewson,174.75118,-36.798896,,False,
1502000.1382,1502000,1502000.1382,"EQC - 40 Queen Street, Northcote Point","EQC - 40 Queen Street, Northcote Point, Auckland, 0627, NZL",IAG New Zealand Limited,2023-03-03,AK,Philip Mathewson,174.74772,-36.822701,,False,
1502000.1383,1502000,1502000.1383,"EQC - Unit 2, 10 Wernham Place","EQC - Unit 2, 10 Wernham Place, Northcote, Auckland, 0626, NZL",IAG New Zealand Limited,2023-03-03,AK,Philip Mathewson,174.734393,-36.81147,,False,
1502000.1384,1502000,1502000.1384,EQC - 161 Raumanga Heights Drive,"EQC - 161 Raumanga Heights Drive, Raumanga, Whangarei, Northland, 0110, NZL",IAG New Zealand Limited,2023-03-03,AK,Philip Mathewson,174.29591,-35.748873,,False,
1502000.1385,1502000,1502000.1385,"EQC - 23 Burwood Crescent, Remuera","EQC - 23 Burwood Crescent, Remuera, Auckland, 1050, NZL",IAG New Zealand Limited,2023-03-03,AK,Philip Mathewson,174.79797,-36.862206,,False,
1502000.1405,1502000,1502000.1405,"EQC - 35 Washington Road, Nelson 7010","EQC - 35 Washington Road, Washington Valley, Nelson 7010",IAG New Zealand Limited,2023-03-03,NE,Marcus Lovell,173.273747,-41.272486,,False,
1502000.1386,1502000,1502000.1386,"EQC - 10A Glamorgan Dr, Torbay","EQC - 10A Glamorgan Dr, Torbay, Auckland, 0630, NZL",IAG New Zealand Limited,2023-03-04,AK,Philip Mathewson,174.748713,-36.70108,,False,
1502000.1387,1502000,1502000.1387,"EQC - 24 Rangiwai Road, Titirangi","EQC - 24 Rangiwai Road, Titirangi, Auckland, 0604, NZL",IAG New Zealand Limited,2023-03-05,AK,Dion Willcocks,174.660156,-36.937629,,False,
1502000.1388,1502000,1502000.1388,"EQC - Unit 1, 28 Cadman Avenue","EQC - Unit 1, 28 Cadman Avenue, Greenlane, Auckland, 1061, NZL",IAG New Zealand Limited,2023-03-05,AK,Philip Mathewson,174.798,-36.899138,,False,
1502000.1389,1502000,1502000.1389,"EQC - 19 Awaruku Road, Torbay","EQC - 19 Awaruku Road, Torbay, Auckland, 0630, NZL",IAG New Zealand Limited,2023-03-05,AK,Philip Mathewson,174.735948,-36.696865,,False,
1502000.1390,1502000,1502000.1390,"EQC - Unit 1, 36 Sievwright Lane, Whatau","EQC - Unit 1, 36 Sievwright Lane, Whataupoko, Gisborne, 4010, NZL",IAG New Zealand Limited,2023-03-06,HM,Ryan Tutbury,178.033849,-38.653138,,False,
1502000.1391,1502000,1502000.1391,"EQC - 359 Maungatapu Road, Maungatapu, T","EQC - 359 Maungatapu Road, Maungatapu, Tauranga, Bay of Plenty, 3112, NZL",IAG New Zealand Limited,2023-03-06,HM,Ryan Tutbury,176.18267,-37.714077,,False,
1502000.1392,1502000,1502000.1392,"EQC - 35B Shore Rd, Remuera","EQC - 35B Shore Rd, Remuera, Auckland, 1050, NZL",IAG New Zealand Limited,2023-03-06,AK,Philip Mathewson,174.792181,-36.865271,,False,
1502000.1393,1502000,1502000.1393,"EQC - 75 Piha Road, Piha, Auckland","EQC - 75 Piha Road, Piha, Auckland, 0772, NZL",IAG New Zealand Limited,2023-03-06,AK,Philip Mathewson,174.474297,-36.961812,,False,
1502000.1394,1502000,1502000.1394,"EQC - 24 Quarry Ridge, Poraiti, Napier","EQC - 24 Quarry Ridge, Poraiti, Napier, 4182, NZL  #HBEQC",IAG New Zealand Limited,2023-03-06,HM,Ryan Tutbury,176.825557,-39.498445,,False,
1502000.1395,1502000,1502000.1395,EQC - 2265 Queen Charlotte Drive,"EQC - 2265 Queen Charlotte Drive, Ngakuta Bay, Marlborough, 7281, NZL",IAG New Zealand Limited,2023-03-06,HM,Hannah Udell,173.959051,-41.273482,,False,
1502000.1396,1502000,1502000.1396,"EQC - 4 Adams Road, Thornton Bay, Waikat","EQC - 4 Adams Road, Thornton Bay, Waikato, 3575, NZL",IAG New Zealand Limited,2023-03-06,HM,Ryan Tutbury,175.524438,-37.064233,,False,
1502000.1397,1502000,1502000.1397,"EQC - 1293 Ararimu Road, Ararimu, Drury","EQC - 1293 Ararimu Road, Ararimu, Drury, Auckland, 2579, NZL",IAG New Zealand Limited,2023-03-07,AK,Philip Mathewson,175.076753,-37.130728,,False,
1502000.1398,1502000,1502000.1398,"EQC - 18 Marama Terrace, Eastbourne","EQC - 18 Marama Terrace, Eastbourne, Lower Hutt, Wellington, 5013, NZL",IAG New Zealand Limited,2023-03-07,WN,Shirley Wang,174.903354,-41.290283,Lower Hutt City,True,
1502000.1399,1502000,1502000.1399,"EQC - 18 Trelissick Crescent, Ngaio","EQC - 18 Trelissick Crescent, Ngaio, Wellington, 6035, NZL",IAG New Zealand Limited,2023-03-07,WN,Shirley Wang,174.769777,-41.255696,Wellington City,True,
1502000.1400,1502000,1502000.1400,"EQC - 9 Puriri Road, Te Kouma, Coromande","EQC - 9 Puriri Road, Te Kouma, Coromandel, Waikato, 3581, NZL",IAG New Zealand Limited,2023-03-07,HM,Ryan Tutbury,175.479545,-36.804559,,False,
1502000.1401,1502000,1502000.1401,"EQC - 50I Orpheus Rd, Manukau Heads","EQC - 50I Orpheus Rd, Manukau Heads, Awhitu, 2684, NZL",IAG New Zealand Limited,2023-03-07,AK,Philip Mathewson,174.600342,-37.048055,,False,
1502000.1402,1502000,1502000.1402,"EQC - Site 11, 86 Waitete Bay Rd, Colvil","EQC - Site 11, 86 Waitete Bay Rd, Colville, Coromandel, 3584, NZL",IAG New Zealand Limited,2023-03-07,HM,Ryan Tutbury,175.447417,-36.661687,,False,
1502000.1403,1502000,1502000.1403,"EQC - 71 Hamill Road, Otara","EQC - 71 Hamill Road, Otara, Auckland, 2023, NZL",IAG New Zealand Limited,2023-03-07,AK,Philip Mathewson,174.886436,-36.954389,,False,
1502000.1404,1502000,1502000.1404,"EQC - 107 Waitao Road, Waitao, Papamoa,","EQC - 107 Waitao Road, Waitao, Papamoa, Bay of Plenty, 3175, NZL",IAG New Zealand Limited,2023-03-08,HM,Ryan Tutbury,176.229626,-37.728828,,False,
1502000.1406,1502000,1502000.1406,"EQC - 215 Maunsell Road, Port Waikato","EQC - 215 Maunsell Road, Port Waikato, Waikato, 2695, NZL",IAG New Zealand Limited,2023-03-08,HM,Ryan Tutbury,174.711417,-37.399208,,False,
1502000.1407,1502000,1502000.1407,"EQC - 32 Gray Avenue, Kuaotunu West, Rin","EQC - 32 Gray Avenue, Kuaotunu West, Rings Beach, Waikato, 3592, NZL",IAG New Zealand Limited,2023-03-09,HM,Ryan Tutbury,175.701345,-36.729422,,False,
1502000.1408,1502000,1502000.1408,"EQC - 848 Thames Coast Road, Tapu, Waika","EQC - 848 Thames Coast Road, Tapu, Waikato, 3575, NZL",IAG New Zealand Limited,2023-03-09,HM,Ryan Tutbury,175.501616,-36.975461,,False,
1502000.1409,1502000,1502000.1409,"EQC - 7 Rimu Street, Whitianga, Waikato","EQC - 7 Rimu Street, Whitianga, Waikato, 3510, NZL",IAG New Zealand Limited,2023-03-09,HM,Ryan Tutbury,175.702556,-36.796667,,False,
1502000.1410,1502000,1502000.1410,"EQC - 11 Maruia Place, Minden, Whakamara","EQC - 11 Maruia Place, Minden, Whakamarama, Bay of Plenty, 3176, NZL",IAG New Zealand Limited,2023-03-09,HM,Ryan Tutbury,176.065949,-37.701691,,False,
1502000.1411,1502000,1502000.1411,"EQC - 17 Park Road, Dargaville","EQC - 17 Park Road, Dargaville, Northland, 0310, NZL",IAG New Zealand Limited,2023-03-09,AK,Philip Mathewson,173.864507,-35.957779,,False,
1502000.1412,1502000,1502000.1412,"EQC- 1432 Colville Road, Coromandel Fore","EQC - 1432 Colville Road, Coromandel Forest Park, Waikato, 3584, NZL",IAG New Zealand Limited,2023-03-09,HM,Ryan Tutbury,175.441162,-36.67642,,False,
1502000.1413,1502000,1502000.1413,"EQC - 1240 No 3 Rd, Te Puke, 3183, NZL","EQC - 1240 No 3 Rd, Te Puke, Bay of Plenty, 3183, NZL",IAG New Zealand Limited,2023-03-09,HM,Ryan Tutbury,176.245266,-37.837442,,False,
1502000.1414,1502000,1502000.1414,"EQC-1600 Wyuna Bay Road, Wyuna Bay, Coro","EQC - 1600 Wyuna Bay Road, Wyuna Bay, Coromandel, Waikato, 3581, NZL",IAG New Zealand Limited,2023-03-09,HM,Ryan Tutbury,175.465772,-36.756829,,False,
1502000.1415,1502000,1502000.1415,"EQC - 4 Rewa Rewa Valley, Tairua, Waikat","EQC - 4 Rewa Rewa Valley, Tairua, Waikato, 3508, NZL",IAG New Zealand Limited,2023-03-09,HM,Ryan Tutbury,175.844216,-37.01202,,False,
1502000.1416,1502000,1502000.1416,"EQC-1395 No 3 Road, Te Puke, Bay of Plen","EQC - 1395 No 3 Road, Te Puke, Bay of Plenty, 3183, NZL",IAG New Zealand Limited,2023-03-09,HM,Ryan Tutbury,176.234912,-37.841817,,False,
1502000.1417,1502000,1502000.1417,EQC - 2001 Whangarei Heads Road,"EQC - 2001 Whangarei Heads Road, Whangarei Heads, Northland, 0174, NZL",IAG New Zealand Limited,2023-03-09,AK,Philip Mathewson,174.504565,-35.810725,,False,
1502000.1418,1502000,1502000.1418,"EQC -505 Sealey Street, Thames, Waikato,","EQC - 505 Sealey Street, Thames, Waikato, 3500, NZL",IAG New Zealand Limited,2023-03-09,HM,Ryan Tutbury,175.546839,-37.138432,,False,
1502000.1419,1502000,1502000.1419,"EQC - 72 Kelburn Parade, Kelburn","EQC - 72 Kelburn Parade, Kelburn, Wellington, 6012, NZL",IAG New Zealand Limited,2023-03-09,WN,Shirley Wang,174.766804,-41.290411,Wellington City,True,
1502000.1420,1502000,1502000.1420,"EQC - 42 Roydon Dr, Ruatangata West","EQC - 42 Roydon Dr, Ruatangata West, Whangarei, 0179, NZL",IAG New Zealand Limited,2023-03-09,AK,Philip Mathewson,174.181443,-35.690531,,False,
1502000.1421,1502000,1502000.1421,"EQC - 10 James Road, Kamo, Whangarei","EQC - 10 James Road, Kamo, Whangarei, Northland, 0185, NZL",IAG New Zealand Limited,2023-03-10,AK,Philip Mathewson,174.226697,-35.691381,,False,
1502000.1422,1502000,1502000.1422,"EQC - 67B Hadfield St, Beach Haven","EQC - 67B Hadfield St, Beach Haven, Auckland, 0626, NZL",IAG New Zealand Limited,2023-03-10,AK,Philip Mathewson,174.690881,-36.806379,,False,
1502000.1423,1502000,1502000.1423,"EQC - 312A Maungatapu Road, Maungatapu","EQC - 312A Maungatapu Road, Maungatapu, Tauranga, Bay of Plenty, 3112, NZL",IAG New Zealand Limited,2023-03-10,HM,Ryan Tutbury,176.179874,-37.714346,,False,
1502000.1424,1502000,1502000.1424,"EQC - 4 Ash Grove Circle, Haruru","EQC - 4 Ash Grove Circle, Haruru, Northland, 0204, NZL",IAG New Zealand Limited,2023-03-12,AK,Philip Mathewson,174.057798,-35.282974,,False,
1502000.1425,1502000,1502000.1425,"EQC - 102A James Road, Maungaturoto","EQC - 102A James Road, Maungaturoto, Northland, 0587, NZL",IAG New Zealand Limited,2023-03-12,AK,Philip Mathewson,174.367511,-36.162314,,False,
1502000.1426,1502000,1502000.1426,"EQC - 10 View Street, Maungaturoto","EQC - 10 View Street, Maungaturoto, Northland, 0520, NZL",IAG New Zealand Limited,2023-03-12,AK,Philip Mathewson,174.364213,-36.105473,,False,
1502000.1427,1502000,1502000.1427,"EQC - 651 Huiarangi Road, Patoka, Kaweka","EQC - 651 Huiarangi Road, Patoka, Kaweka Forest Park, Hawke's Bay, 4186, NZL #HBEQC",IAG New Zealand Limited,2023-03-13,HM,Ryan Tutbury,176.665106,-39.342232,,False,
1502000.1428,1502000,1502000.1428,"EQC - 69 Hamilton St, East Gore, Gore","EQC - 69 Hamilton St, East Gore, Gore, 9710, NZL",IAG New Zealand Limited,2023-03-13,CH,Anna Sleight,168.956746,-46.086361,,False,
1502000.1429,1502000,1502000.1429,"EQC - 107 Mt Pleasant Road, Mt Pleasant","EQC - 107 Mt Pleasant Road, Mount Pleasant, Christchurch, Canterbury, 8081, NZL",IAG New Zealand Limited,2023-03-13,CH,Anna Sleight,172.718838,-43.562474,,False,
1502000.1430,1502000,1502000.1430,"EQC - 14B Goldsmith Street, Maeroa","EQC - 14B Goldsmith Street, Maeroa, Hamilton, Waikato, 3200, NZL",Ando Insurance Group Limited,2023-03-13,HM,Ryan Tutbury,175.264601,-37.78018,,False,
1502000.1431,1502000,1502000.1431,"EQC - 8A Parsons Glen, Karori,Wellington","EQC - 8A Parsons Glen, Karori, Wellington, 6012, NZL",IAG New Zealand Limited,2023-03-13,WN,Shirley Wang,174.727105,-41.292704,Wellington City,True,
1502000.1432,1502000,1502000.1432,"EQC - 1439 Cove Road, Langs Beach","EQC - 1439 Cove Road, Langs Beach, Waipu, Northland, 0582, NZL",IAG New Zealand Limited,2023-03-13,AK,Philip Mathewson,174.553012,-36.051636,,False,
1502000.1433,1502000,1502000.1433,"EQC - 1A Motuhoa Road, Tairua, Waikato,","EQC - 1A Motuhoa Road, Tairua, Waikato, 3508, NZL",IAG New Zealand Limited,2023-03-13,HM,Ryan Tutbury,175.866446,-37.002761,,False,
1502000.1434,1502000,1502000.1434,"EQC - 13 Paratai Crescent, Woodhill","EQC - 13 Paratai Crescent, Woodhill, Whangarei, Northland, 0110, NZL",IAG New Zealand Limited,2023-03-14,AK,Philip Mathewson,174.305156,-35.729128,,False,
1502000.1435,1502000,1502000.1435,"EQC - 197 Gumtown Road, Kamo, Whangarei","EQC - 197 Gumtown Road, Kamo, Whangarei, Northland, 0185, NZL",IAG New Zealand Limited,2023-03-14,AK,Philip Mathewson,174.215523,-35.689608,,False,
1502000.1436,1502000,1502000.1436,"EQC - 57 North Piha Road, Piha","EQC - 57 North Piha Road, Piha, Auckland, 0772, NZL",IAG New Zealand Limited,2023-03-15,AK,Philip Mathewson,174.464596,-36.94004,,False,
1502000.1437,1502000,1502000.1437,"EQC - 880 Maraetotara Road, Maraetotara,","EQC - 880 Maraetotara Road, Maraetotara, Waimarama, Hawke's Bay, 4294, NZL #HBEQC",IAG New Zealand Limited,2023-03-15,HM,Ryan Tutbury,176.922921,-39.784306,,False,
1502000.1438,1502000,1502000.1438,"EQC - 259 Black Barn Road, Havelock Nort","EQC - 259 Black Barn Road, Havelock North, Hawke's Bay, 4294, NZL #HBEQC",IAG New Zealand Limited,2023-03-15,HM,Ryan Tutbury,176.91096,-39.683668,,False,
1502000.1439,1502000,1502000.1439,"EQC - 260 Black Barn Road, Havelock Nort","EQC - 260 Black Barn Road, Havelock North, Hawke's Bay, 4294, NZL #HBEQC",IAG New Zealand Limited,2023-03-15,HM,Ryan Tutbury,176.909507,-39.684865,,False,
1502000.1440,1502000,1502000.1440,EQC - 173 Hibiscus Coast Highway,"EQC - 173 Hibiscus Coast Highway, Red Beach, Auckland, 0932, NZL",IAG New Zealand Limited,2023-03-15,AK,Philip Mathewson,174.691288,-36.604928,,False,
1502000.1441,1502000,1502000.1441,"EQC - 27 Wigmore Crescent, Hahei,Waikato","EQC - 27 Wigmore Crescent, Hahei, Waikato, 3591, NZL",IAG New Zealand Limited,2023-03-15,HM,Ryan Tutbury,175.81266,-36.842427,,False,
1502000.1442,1502000,1502000.1442,"EQC - 16 Aotea Crescent, Havelock North,","EQC - 16 Aotea Crescent, Havelock North, Hawke's Bay, 4130, NZL #HBEQC",IAG New Zealand Limited,2023-03-15,HM,Ryan Tutbury,176.892991,-39.677392,,False,
1502000.1443,1502000,1502000.1443,"EQC - 92B Ngataringa Road, Devonport","EQC - 92B Ngataringa Road, Devonport, Auckland, 0624, NZL",IAG New Zealand Limited,2023-03-15,AK,Philip Mathewson,174.783845,-36.818011,,False,
1502000.1444,1502000,1502000.1444,"EQC - 598 Pahi Road, Pahi","EQC - 598 Pahi Road, Pahi, Northland, 0571, NZL",IAG New Zealand Limited,2023-03-15,AK,Philip Mathewson,174.22224,-36.154345,,False,
1502000.1445,1502000,1502000.1445,"EQC -7 Haines Terrace, Te Kuiti, Waikato","EQC - 7 Haines Terrace, Te Kuiti, Waikato, 3910, NZL",IAG New Zealand Limited,2023-03-17,HM,Ryan Tutbury,175.16075,-38.336234,,False,
1502000.1446,1502000,1502000.1446,"EQC - 8A Glenpark Place, Havelock North,","EQC - 8A Glenpark Place, Havelock North, Hawke's Bay, 4130, NZL #HBEQC",IAG New Zealand Limited,2023-03-17,HM,Ryan Tutbury,176.886861,-39.683184,,False,
1502000.1447,1502000,1502000.1447,"EQC - 498 Waipatiki Road, Tangoio, Napie","EQC - 498 Waipatiki Road, Tangoio, Napier, Hawke's Bay, 4181, NZL #HBEQC",IAG New Zealand Limited,2023-03-17,HM,Ryan Tutbury,176.971269,-39.297932,,False,
1502000.1449,1502000,1502000.1449,"EQC - 84 Seafield Road, Eskdale, Napier,","EQC - 84 Seafield Road, Eskdale, Napier, Hawke's Bay, 4182, NZL #HBEQC",IAG New Zealand Limited,2023-03-17,HM,Ryan Tutbury,176.844479,-39.410869,,False,
1502000.1450,1502000,1502000.1450,"EQC -20 St Lukes Crescent, Te Kuiti","EQC -20 St Lukes Crescent, Te Kuiti, Waikato, 3910, NZL",IAG New Zealand Limited,2023-03-17,HM,Ryan Tutbury,175.161225,-38.335876,,False,
1502000.1451,1502000,1502000.1451,"EQC - 127 Hedgeley Road, Eskdale, Napier","EQC - 127 Hedgeley Road, Eskdale, Napier, Hawke's Bay, 4182, NZL #HBEQC",IAG New Zealand Limited,2023-03-17,HM,Ryan Tutbury,176.828313,-39.399944,,False,
1502000.1452,1502000,1502000.1452,"EQC - 215 Russell Street, Whataupoko, Gi","EQC - 215 Russell Street, Whataupoko, Gisborne, 4010, NZL",IAG New Zealand Limited,2023-03-17,HM,Ryan Tutbury,178.026685,-38.650929,,False,
1502000.1453,1502000,1502000.1453,"EQC - 300 King Road, Mangawhai","EQC - 300 King Road, Mangawhai, Northland, 0573, NZL",IAG New Zealand Limited,2023-03-17,AK,Dion Willcocks,174.526943,-36.082218,,False,
1502000.1454,1502000,1502000.1454,"EQC - 534 Tararu Road, Thames, Waikato,","EQC - 534 Tararu Road, Thames, Waikato, 3500, NZL",IAG New Zealand Limited,2023-03-17,HM,Ryan Tutbury,175.527773,-37.119108,,False,
1502000.1455,1502000,1502000.1455,"EQC - 20 Glengarry Road, Glengarry, Napi","EQC - 20 Glengarry Road, Glengarry, Napier, Hawke's Bay, 4182, NZL #HBEQC",IAG New Zealand Limited,2023-03-17,HM,Ryan Tutbury,176.745067,-39.344029,,False,
1502000.1456,1502000,1502000.1456,"EQC - 8 Ormond Road, Hospital Hill, Napi","EQC - 8 Ormond Road, Hospital Hill, Napier, Hawke's Bay, 4110, NZL #HBEQC",IAG New Zealand Limited,2023-03-20,HM,Ryan Tutbury,176.904716,-39.489721,,False,
1502000.1457,1502000,1502000.1457,"EQC - 90 Kaimata Road, Bay View, Napier,","EQC - 90 Kaimata Road, Bay View, Napier, Hawke's Bay, 4182, NZL #HBEQC",IAG New Zealand Limited,2023-03-20,HM,Ryan Tutbury,176.863004,-39.401693,,False,
1502000.1458,1502000,1502000.1458,"EQC-3 Smale Terrace, Hospital Hill","EQC - 3 Smale Terrace, Hospital Hill, Napier, Hawke's Bay, 4110, NZL #HBEQC",IAG New Zealand Limited,2023-03-20,HM,Ryan Tutbury,176.905382,-39.491583,,False,
1502000.1459,1502000,1502000.1459,"EQC - 680 Swamp Road, Puketapu, Hastings","EQC - 680 Swamp Road, Puketapu, Hastings, Hawke's Bay, 4183, NZL #HBEQC",IAG New Zealand Limited,2023-03-20,HM,Ryan Tutbury,176.783537,-39.529215,,False,
1502000.1460,1502000,1502000.1460,"EQC-1 Little Burke Street, Hospital Hill","EQC - 1 Little Burke Street, Hospital Hill, Napier, Hawke's Bay, 4110, NZL #HBEQC",IAG New Zealand Limited,2023-03-20,HM,Ryan Tutbury,176.895458,-39.491281,,False,
1502000.1461,1502000,1502000.1461,"EQC-2365 Rings Road, Coromandel, Waikato","EQC - 2365 Rings Road, Coromandel, Waikato, 3506, NZL",IAG New Zealand Limited,2023-03-20,HM,Ryan Tutbury,175.501493,-36.743579,,False,
1502000.1462,1502000,1502000.1462,"EQC - 42 Springwater, Thames, Waikato,","EQC - 42 Springwater, Thames, Waikato, 3577, NZL",IAG New Zealand Limited,2023-03-20,HM,Ryan Tutbury,175.585599,-37.15345,,False,
1502000.1463,1502000,1502000.1463,"EQC - 50 Middleton Road, Remuera","EQC - 50 Middleton Road, Remuera, Auckland, 1050, NZL",IAG New Zealand Limited,2023-03-20,AK,Philip Mathewson,174.782482,-36.868281,,False,
1502000.1464,1502000,1502000.1464,"EQC-19 Mary Street, Te Kuiti, Waikato","EQC-19 Mary Street, Te Kuiti, Waikato, 3910, NZL",IAG New Zealand Limited,2023-03-20,HM,Ryan Tutbury,175.155179,-38.337826,,False,
1502000.1465,1502000,1502000.1465,"EQC - 278 Neavesville Road, Puriri, Coro","EQC - 278 Neavesville Road, Puriri, Coromandel Forest Park, Waikato, 3578, NZL",IAG New Zealand Limited,2023-03-21,HM,Ryan Tutbury,175.647429,-37.209315,,False,
1502000.1466,1502000,1502000.1466,"EQC - 236 Durham Drive, Havelock North,","EQC - 236 Durham Drive, Havelock North, Hawke's Bay, 4130, NZL #HBEQC",IAG New Zealand Limited,2023-03-21,HM,Ryan Tutbury,176.902286,-39.684107,,False,
1502000.1467,1502000,1502000.1467,"EQC - 44 Ngati Maru Highway, Kopu, Tham","EQC - 44 Ngati Maru Highway, Kopu, Thames, Waikato, 3578, NZL",IAG New Zealand Limited,2023-03-21,HM,Ryan Tutbury,175.572041,-37.183407,,False,
1502000.1468,1502000,1502000.1468,"EQC - 101 Victoria Street, Thames, Waika","EQC - 101 Victoria Street, Thames, Waikato, 3500, NZL",IAG New Zealand Limited,2023-03-21,HM,Ryan Tutbury,175.520932,-37.111404,,False,
1502000.1469,1502000,1502000.1469,"EQC - 30 Rock Isle Road, Torbay","EQC - 30 Rock Isle Road, Torbay, Auckland, 0630, NZL",IAG New Zealand Limited,2023-03-21,AK,Philip Mathewson,174.755258,-36.698846,,False,
1502000.1470,1502000,1502000.1470,"EQC - 25 Karekare Road, Karekare","EQC - 25 Karekare Road, Karekare, Auckland, 0772, NZL",IAG New Zealand Limited,2023-03-21,AK,Philip Mathewson,174.479894,-36.983545,,False,
1502000.1471,1502000,1502000.1471,"EQC - 206 Silverstream Falls Row, Whenua","EQC - 206 Silverstream Falls Row, Whenuakite, Whitianga, 3591, NZL",IAG New Zealand Limited,2023-03-21,HM,Ryan Tutbury,175.809487,-36.959397,,False,
1502000.1472,1502000,1502000.1472,"EQC - 7 Marine Parade South, Piha","EQC - 7 Marine Parade South, Piha, Auckland, 0772, NZL",IAG New Zealand Limited,2023-03-22,AK,Philip Mathewson,174.468287,-36.958327,,False,
1502000.1473,1502000,1502000.1473,"EQC - 20 Wigmore Crescent, Hahei, Waikat","EQC - 20 Wigmore Crescent, Hahei, Waikato, 3591, NZL",IAG New Zealand Limited,2023-03-22,HM,Ryan Tutbury,175.811571,-36.841696,,False,
1502000.1474,1502000,1502000.1474,"EQC - 8 Ngapuhi Road, Remuera","EQC - 8 Ngapuhi Road, Remuera, Auckland, 1050, NZL",IAG New Zealand Limited,2023-03-22,AK,Philip Mathewson,174.814162,-36.879146,,False,
1502000.1475,1502000,1502000.1475,"EQC - 55 Shelley Road, Whataupoko, Gisbo","EQC - 55 Shelley Road, Whataupoko, Gisborne, 4010, NZL",IAG New Zealand Limited,2023-03-22,HM,Ryan Tutbury,178.034517,-38.648778,,False,
1502000.1476,1502000,1502000.1476,"EQC - 24 Cliff View Dr, Green Bay","EQC - 24 Cliff View Dr, Green Bay, Auckland, 0604, NZL",IAG New Zealand Limited,2023-03-22,AK,Philip Mathewson,174.684862,-36.932306,,False,
1502000.1477,1502000,1502000.1477,"EQC - 1293 Dartmoor Road, Dartmoor, Hast","EQC - 1293 Dartmoor Road, Dartmoor, Hastings, Hawke's Bay, 4186, NZL #HBEQC",IAG New Zealand Limited,2023-03-23,HM,Ryan Tutbury,176.679417,-39.467718,,False,
1502000.1478,1502000,1502000.1478,"EQC - 53 Kowhai Drive, Te Kouma, Coroman","EQC - 53 Kowhai Drive, Te Kouma, Coromandel, Waikato, 3581, NZL",IAG New Zealand Limited,2023-03-23,HM,Ryan Tutbury,175.476533,-36.813193,,False,
1502000.1479,1502000,1502000.1479,"EQC - 5/41 Byron Avenue, Takapuna","EQC - 5/41 Byron Avenue, Takapuna, Auckland, 0622, NZL",IAG New Zealand Limited,2023-03-23,AK,Philip Mathewson,174.767989,-36.791906,,False,
1502000.1480,1502000,1502000.1480,"EQC - 97 Kowhai Drive, Te Kouma, Coroman","EQC - 97 Kowhai Drive, Te Kouma, Coromandel, Waikato, 3581, NZL",IAG New Zealand Limited,2023-03-23,HM,Ryan Tutbury,175.479664,-36.81503,,False,
1502000.1481,1502000,1502000.1481,"EQC - 49 Bisley Avenue, Moana","EQC - 49 Bisley Avenue, Moana, Nelson, 7011",IAG New Zealand Limited,2023-03-23,HM,Hannah Udell,173.253553,-41.28034,,False,
1502000.1482,1502000,1502000.1482,"EQC - 944 Port Jackson Road, Waiaro, Cor","EQC - 944 Port Jackson Road, Waiaro, Coromandel Forest Park, Waikato, 3584, NZL",IAG New Zealand Limited,2023-03-24,HM,Ryan Tutbury,175.397638,-36.576248,,False,
1502000.1483,1502000,1502000.1483,"EQC - 27 Heaton Grove, Chatswood","EQC - 27 Heaton Grove, Chatswood, Auckland, 0626, NZL",IAG New Zealand Limited,2023-03-24,AK,Philip Mathewson,174.713731,-36.813974,,False,
1502000.1484,1502000,1502000.1484,"EQC - 28 Tapu Coroglen Road, Tapu, Waika","EQC - 28 Tapu Coroglen Road, Tapu, Waikato, 3575, NZL",IAG New Zealand Limited,2023-03-24,HM,Ryan Tutbury,175.505224,-36.982222,,False,
1502000.1485,1502000,1502000.1485,"EQC - 836 Thames Coast Road, Tapu, Waika","EQC - 836 Thames Coast Road, Tapu, Waikato, 3575, NZL",IAG New Zealand Limited,2023-03-24,HM,Ryan Tutbury,175.500783,-36.976968,,False,
1502000.1486,1502000,1502000.1486,"EQC - 61 Hinemoa Street, Birkenhead","EQC - 61 Hinemoa Street, Birkenhead, Auckland, 0626, NZL",IAG New Zealand Limited,2023-03-24,AK,Philip Mathewson,174.736655,-36.818858,,False,
1502000.1487,1502000,1502000.1487,"EQC - 23 Marsh Street, Ruakaka","EQC - 23 Marsh Street, Ruakaka, Northland, 0116, NZL",IAG New Zealand Limited,2023-03-26,AK,Philip Mathewson,174.451279,-35.90784,,False,
1502000.1488,1502000,1502000.1488,"EQC - 38 Clovelly Road, Bucklands Beach","EQC - 38 Clovelly Road, Bucklands Beach, Auckland, 2012, NZL",IAG New Zealand Limited,2023-03-27,AK,Philip Mathewson,174.904333,-36.858962,,False,
1502000.1489,1502000,1502000.1489,"EQC - 97 Darwin Road, Outer Kaiti, Gisbo","EQC - 97 Darwin Road, Outer Kaiti, Gisborne, 4010, NZL",IAG New Zealand Limited,2023-03-27,HM,Ryan Tutbury,178.056261,-38.659993,,False,
1502000.1491,1502000,1502000.1491,EQC - 2394 Whangarei Heads Road,"EQC - 2394 Whangarei Heads Road, Whangarei Heads, Northland, 0174, NZL",IAG New Zealand Limited,2023-03-28,AK,Philip Mathewson,174.529608,-35.82964,,False,
1502000.1492,1502000,1502000.1492,"EQC - 60 Ngati Maru Highway, Kopu, Thame","EQC - 60 Ngati Maru Highway, Kopu, Thames, Waikato, 3578, NZL",IAG New Zealand Limited,2023-03-28,HM,Ryan Tutbury,175.570284,-37.183171,,False,
1502000.1493,1502000,1502000.1493,"EQC - 2021 Ngunguru Road, Ngunguru","EQC - 2021 Ngunguru Road, Ngunguru, Northland, 0173, NZL",IAG New Zealand Limited,2023-03-28,AK,Philip Mathewson,174.507927,-35.628123,,False,
1502000.1494,1502000,1502000.1494,"EQC - 18E Roseberry Avenue, Birkenhead","EQC - 18E Roseberry Avenue, Birkenhead, Auckland, 0626, NZL",IAG New Zealand Limited,2023-03-28,AK,Dion Willcocks,174.712706,-36.809157,,False,
1502000.1495,1502000,1502000.1495,"EQC - 38A Maritime Terrace, Birkenhead","EQC - 38A Maritime Terrace, Birkenhead, Auckland, 0626, NZL",IAG New Zealand Limited,2023-03-28,AK,Philip Mathewson,174.73624,-36.817041,,False,
1502000.1496,1502000,1502000.1496,"EQC - 62 Lynbrooke Ave, Blockhouse Bay","EQC - 62 Lynbrooke Ave, Blockhouse Bay, Auckland, 0600, NZL",IAG New Zealand Limited,2023-03-28,AK,Philip Mathewson,174.710199,-36.925362,,False,
1502000.1497,1502000,1502000.1497,"EQC - 48A Lewis Street, Blockhouse Bay","EQC - 48A Lewis Street, Blockhouse Bay, Auckland, 0600, NZL",IAG New Zealand Limited,2023-03-29,AK,Philip Mathewson,174.70751,-36.925495,,False,
1502000.1498,1502000,1502000.1498,"EQC - 25 Wigmore Crescent, Hahei, Waikat","EQC - 25 Wigmore Crescent, Hahei, Waikato, 3591, NZL",IAG New Zealand Limited,2023-03-29,HM,Ryan Tutbury,175.812435,-36.842105,,False,
1502000.1503,1502000,1502000.1503,"EQC - 42 Maire Street, Tahunanui, Nelson","EQC - 42 Maire Street, Tahunanui, Nelson 7011",IAG New Zealand Limited,2023-03-29,NE,Marcus Lovell,173.249504,-41.294936,,False,
1502000.1499,1502000,1502000.1499,"EQC-27C Boundary Road, Claudelands","EQC-27C Boundary Road, Claudelands, Hamilton, Waikato, 3214, NZL",IAG New Zealand Limited,2023-03-30,HM,Ryan Tutbury,175.280919,-37.774218,,False,
1502000.1500,1502000,1502000.1500,"EQC - 429 Omanawa Road, Omanawa, Bay of","EQC - 429 Omanawa Road, Omanawa, Bay of Plenty, 3171, NZL",IAG New Zealand Limited,2023-03-30,HM,Ryan Tutbury,176.074392,-37.794872,,False,
1502000.1501,1502000,1502000.1501,"EQC - 2/76 James Cook Drive, Welcome Bay","EQC - 2/76 James Cook Drive, Welcome Bay, Tauranga, Bay of Plenty, 3112, NZL",IAG New Zealand Limited,2023-03-30,HM,Ryan Tutbury,176.185485,-37.727349,,False,
1502000.1502,1502000,1502000.1502,"EQC - 145 Shaw Road, Oratia, Auckland","EQC - 145 Shaw Road, Oratia, Auckland, 0604, NZL",IAG New Zealand Limited,2023-03-30,AK,Philip Mathewson,174.625602,-36.932661,,False,
1502000.1504,1502000,1502000.1504,"EQC - 13A Leith Cres, Greymouth","EQC - 13A Leith Cres, Greymouth, 7805, NZL",IAG New Zealand Limited,2023-03-30,CH,Anna Sleight,171.199775,-42.468226,,False,
1502000.1505,1502000,1502000.1505,"EQC - 10 Priestley Road, Bluff Hill, Nap","EQC - 10 Priestley Road, Bluff Hill, Napier, Hawke's Bay, 4110, NZL #HBEQC",IAG New Zealand Limited,2023-03-30,HM,Ryan Tutbury,176.917044,-39.482701,,False,
1502000.1507,1502000,1502000.1507,"EQC-16 Croft Terrace, Huntly, Waikato","EQC-16 Croft Terrace, Huntly, Waikato, 3700, NZL",IAG New Zealand Limited,2023-03-30,HM,Ryan Tutbury,175.171265,-37.558974,,False,
1502000.1506,1502000,1502000.1506,"EQC - 41 Royd Road East, Makauri, Gisbor","EQC - 41 Royd Road East, Makauri, Gisborne, 4071, NZL",IAG New Zealand Limited,2023-03-31,HM,Ryan Tutbury,177.98313,-38.614189,,False,
1502000.1508,1502000,1502000.1508,"EQC - 3 Marine Parade South, Piha","EQC - 3 Marine Parade South, Piha, Auckland, 0772, NZL",IAG New Zealand Limited,2023-03-31,AK,Philip Mathewson,174.468058,-36.958605,,False,
1502000.1509,1502000,1502000.1509,"EQC - 44 Mountain Road, Tuai, Hawke's Ba","EQC - 44 Mountain Road, Tuai, Hawke's Bay, 4195, NZL #HBEQC",IAG New Zealand Limited,2023-04-03,HM,Ryan Tutbury,177.144186,-38.810596,,False,
1502000.1510,1502000,1502000.1510,"EQC - 175 Darkys Spur Road, Tangoio, Nap","EQC - 175 Darkys Spur Road, Tangoio, Napier, Hawke's Bay, 4181, NZL #HBEQC",IAG New Zealand Limited,2023-04-03,HM,Ryan Tutbury,176.835585,-39.248865,,False,
1502000.1512,1502000,1502000.1512,"EQC - 3057 State Highway 5, Te Pohue, Na","EQC - 3057 State Highway 5, Te Pohue, Napier, Hawke's Bay, 4182, NZL",IAG New Zealand Limited,2023-04-03,HM,Ryan Tutbury,176.683367,-39.243849,,False,
1502000.1513,1502000,1502000.1513,"EQC - 46 Longview Road, Poraiti, Napier,","EQC - 46 Longview Road, Poraiti, Napier, Hawke's Bay, 4182, NZL",IAG New Zealand Limited,2023-04-03,HM,Ryan Tutbury,176.826528,-39.484503,,False,
1502000.1511,1502000,1502000.1511,"EQC - 177 Darkys Spur Road, Tangoio, Nap","EQC - 177 Darkys Spur Road, Tangoio, Napier, Hawke's Bay, 4181, NZL #HBEQC",IAG New Zealand Limited,2023-04-04,HM,Ryan Tutbury,176.833669,-39.24754,,False,
1502000.1514,1502000,1502000.1514,"EQC - 304 Kauaeranga Valley Road, Thames","EQC - 304 Kauaeranga Valley Road, Thames, Waikato, 3577, NZL",IAG New Zealand Limited,2023-04-04,HM,Ryan Tutbury,175.590494,-37.155243,,False,
1502000.1515,1502000,1502000.1515,"EQC-971 River Road, Queenwood, Hamilton","EQC-971 River Road, Queenwood, Hamilton, Waikato, 3210, NZL",IAG New Zealand Limited,2023-04-04,HM,Ryan Tutbury,175.264776,-37.749166,,False,
1502000.1516,1502000,1502000.1516,"EQC-207 Maunsell Road, Port Waikato","EQC-207 Maunsell Road, Port Waikato, Waikato, 2695, NZL",IAG New Zealand Limited,2023-04-04,HM,Ryan Tutbury,174.712259,-37.398764,,False,
1502000.1517,1502000,1502000.1517,"EQC-205 Maunsell Road, Port Waikato","EQC-205 Maunsell Road, Port Waikato, Waikato, 2695, NZL",IAG New Zealand Limited,2023-04-04,HM,Ryan Tutbury,174.71236,-37.398652,,False,
1502000.1518,1502000,1502000.1518,"EQC-181 Maunsell Road, Port Waikato","EQC-181 Maunsell Road, Port Waikato, Waikato, 2695, NZL",IAG New Zealand Limited,2023-04-04,HM,Ryan Tutbury,174.714063,-37.397756,,False,
1502000.1519,1502000,1502000.1519,"EQC-197 Maunsell Road, Port Waikato, Wai","EQC-197 Maunsell Road, Port Waikato, Waikato, 2695, NZL",IAG New Zealand Limited,2023-04-04,HM,Ryan Tutbury,174.712913,-37.39834,,False,
1502000.1520,1502000,1502000.1520,"EQC - 104 Hauraki Terrace, Thames, Waika","EQC - 104 Hauraki Terrace, Thames, Waikato, 3500, NZL",IAG New Zealand Limited,2023-04-04,HM,Ryan Tutbury,175.555998,-37.144306,,False,
1502000.1521,1502000,1502000.1521,"EQC-167 Maunsell Road, Port Waikato","EQC-167 Maunsell Road, Port Waikato, Waikato, 2695, NZL",IAG New Zealand Limited,2023-04-04,HM,Ryan Tutbury,174.715125,-37.397287,,False,
1502000.1522,1502000,1502000.1522,"EQC - 329 Heatley Road, Whakapirau","EQC - 329 Heatley Road, Whakapirau, Northland, 0583, NZL",IAG New Zealand Limited,2023-04-05,AK,Philip Mathewson,174.279723,-36.170663,,False,
1502000.1523,1502000,1502000.1523,"EQC - 2 Riverview Dr, Otane, 4277, NZL","EQC - 2 Riverview Dr, Otane, 4277, NZL",IAG New Zealand Limited,2023-04-05,HM,Ryan Tutbury,176.718318,-39.899525,,False,
1502000.1524,1502000,1502000.1524,"EQC - 194 Ballance Street, Whataupoko, G","EQC - 194 Ballance Street, Whataupoko, Gisborne, 4010, NZL",IAG New Zealand Limited,2023-04-06,HM,Ryan Tutbury,178.03303,-38.650104,,False,
1502000.1525,1502000,1502000.1525,"EQC - 68 Turner Drive, Western Heights,","EQC - 68 Turner Drive, Western Heights, Rotorua, Bay of Plenty, 3015, NZL",IAG New Zealand Limited,2023-04-06,HM,Ryan Tutbury,176.204796,-38.127963,,False,
1502000.1526,1502000,1502000.1526,"EQC - 3 Khandallah Road, Ngaio","EQC - 3 Khandallah Road, Ngaio, Wellington, 6035, NZL",IAG New Zealand Limited,2023-04-06,WN,Shirley Wang,174.77488,-41.246749,Wellington City,True,
1502000.1527,1502000,1502000.1527,"EQC - 279 Poraiti Road, Poraiti, Napier,","EQC - 279 Poraiti Road, Poraiti, Napier, Hawke's Bay, 4182, NZL #HBEQC",IAG New Zealand Limited,2023-04-11,HM,Ryan Tutbury,176.840388,-39.485011,,False,
1502000.1528,1502000,1502000.1528,"EQC - 82 Joll Road, Havelock North, Hawk","EQC - 82 Joll Road, Havelock North, Hawke's Bay, 4130, NZL #HBEQC",IAG New Zealand Limited,2023-04-11,HM,Ryan Tutbury,176.882988,-39.676713,,False,
1502000.1529,1502000,1502000.1529,EQC - 2396 Whangarei Heads Road,"EQC - 2396 Whangarei Heads Road, Whangarei Heads, Northland, 0174, NZL",IAG New Zealand Limited,2023-04-11,AK,Philip Mathewson,174.52956,-35.829759,,False,
1502000.1530,1502000,1502000.1530,EQC - 2432 Whangarei Heads Road,"EQC - 2432 Whangarei Heads Road, Whangarei Heads, Northland, 0174, NZL",IAG New Zealand Limited,2023-04-12,AK,Philip Mathewson,174.531422,-35.832032,,False,
1502000.1531,1502000,1502000.1531,"EQC-266 State Highway 5, Wairakei, Taupo","EQC - 266 State Highway 5, Wairakei, Taupo, Waikato, 3384, NZL",IAG New Zealand Limited,2023-04-12,HM,Ryan Tutbury,176.121245,-38.607424,,False,
1502000.1532,1502000,1502000.1532,"EQC - 582 Matahorua Road, Tutira, Kotema","EQC - 582 Matahorua Road, Tutira, Kotemaori, Hawke's Bay, 4181, NZL #HBEQC",IAG New Zealand Limited,2023-04-12,HM,Ryan Tutbury,176.858894,-39.16502,,False,
1502000.1534,1502000,1502000.1534,"EQC - 20 Marian Drive, Inner Kaiti, Gisb","EQC - 20 Marian Drive, Inner Kaiti, Gisborne, 4010, NZL",IAG New Zealand Limited,2023-04-12,HM,Ryan Tutbury,178.042023,-38.66554,,False,
1502000.1535,1502000,1502000.1535,"EQC - 190 Woods Road South, Colville, Co","EQC - 190 Woods Road South, Colville, Coromandel Forest Park, Waikato, 3584, NZL",IAG New Zealand Limited,2023-04-12,HM,Ryan Tutbury,175.461765,-36.661236,,False,
1502000.1536,1502000,1502000.1536,"EQC - 31 Centennial Drive, Whitianga, Wa","EQC - 31 Centennial Drive, Whitianga, Waikato, 3510, NZL",IAG New Zealand Limited,2023-04-12,HM,Ryan Tutbury,175.704658,-36.801288,,False,
1502000.1537,1502000,1502000.1537,"EQC - 382 Thames Coast Road, Thornton Ba","EQC - 382 Thames Coast Road, Thornton Bay, Coromandel Forest Park, Waikato, 3575, NZL",IAG New Zealand Limited,2023-04-12,HM,Ryan Tutbury,175.524462,-37.058528,,False,
1502000.1538,1502000,1502000.1538,"EQC - 9 Bushy Knoll Road, Tiniroto, Manu","EQC - 9 Bushy Knoll Road, Tiniroto, Manutuke, Gisborne, 4078, NZL",IAG New Zealand Limited,2023-04-12,HM,Ryan Tutbury,177.64296,-38.682063,,False,
1502000.1539,1502000,1502000.1539,"EQC - 106G Gowing Drive, Meadowbank","EQC - 106G Gowing Drive, Meadowbank, Auckland, 1072, NZL",IAG New Zealand Limited,2023-04-12,AK,Philip Mathewson,174.834995,-36.8665,,False,
1502000.1555,1502000,1502000.1555,"EQC-975 River Road, Queenwood, Hamilton","EQC-975 River Road, Queenwood, Hamilton, Waikato, 3210, NZL",IAG New Zealand Limited,2023-04-12,HM,Ryan Tutbury,175.264748,-37.748837,,False,
1502000.1569,1502000,1502000.1569,"EQC-926 Kairangi Road, Rotoorangi","EQC-926 Kairangi Road, Rotoorangi, Parawera, Waikato, 3495, NZL",IAG New Zealand Limited,2023-04-12,HM,Ryan Tutbury,175.492604,-38.01398,,False,
1502000.1582,1502000,1502000.1582,"EQC-18A Lily Street, Raglan, Waikato","EQC-18A Lily Street, Raglan, Waikato, 3225, NZL",IAG New Zealand Limited,2023-04-12,HM,Ryan Tutbury,174.878891,-37.796749,,False,
1502000.1540,1502000,1502000.1540,"EQC - 26 Colville Road, Dargaville","EQC - 26 Colville Road, Dargaville, Northland, 0310, NZL",IAG New Zealand Limited,2023-04-13,AK,Philip Mathewson,173.864627,-35.957308,,False,
1502000.1541,1502000,1502000.1541,"EQC - 1135 Cove Rd, Langs Beach","EQC - 1135 Cove Rd, Langs Beach, Waipu, 0582, NZL",IAG New Zealand Limited,2023-04-14,AK,Philip Mathewson,174.52875,-36.039625,,False,
1502000.1542,1502000,1502000.1542,"EQC - 215 State Highway 30, Lake Rotoma,","EQC - 215 State Highway 30, Lake Rotoma, Rotoma, Bay of Plenty, 3074, NZL",IAG New Zealand Limited,2023-04-14,HM,Ryan Tutbury,176.573317,-38.056207,,False,
1502000.1543,1502000,1502000.1543,"EQC -7 Corlett Road, Plimmerton, Porirua","EQC -7 Corlett Road, Plimmerton, Porirua, Wellington, 5026, NZL",IAG New Zealand Limited,2023-04-14,WN,Shirley Wang,174.864767,-41.076854,Porirua City,True,
1502000.1544,1502000,1502000.1544,"EQC - 101 Darwin Road, Outer Kaiti, Gisb","EQC - 101 Darwin Road, Outer Kaiti, Gisborne, 4010, NZL",IAG New Zealand Limited,2023-04-14,HM,Ryan Tutbury,178.05621,-38.659538,,False,
1502000.1545,1502000,1502000.1545,"EQC - 51 Avery Road, Eskdale, Napier,","EQC - 51 Avery Road, Eskdale, Napier, Hawke's Bay, 4182, NZL #HBEQC",IAG New Zealand Limited,2023-04-17,HM,Ryan Tutbury,176.834098,-39.415666,,False,
1502000.1546,1502000,1502000.1546,"EQC - 51 Stuart Road, Whangarei Heads","EQC - 51 Stuart Road, Whangarei Heads, Northland, 0174, NZL",IAG New Zealand Limited,2023-04-18,AK,Philip Mathewson,174.499027,-35.8174,,False,
1502000.1547,1502000,1502000.1547,"EQC - 187 Awaroa River Road, Abbey Caves","EQC - 187 Awaroa River Road, Abbey Caves, Whangarei, Northland, 0110, NZL",IAG New Zealand Limited,2023-04-18,AK,Philip Mathewson,174.367138,-35.727562,,False,
1502000.1548,1502000,1502000.1548,"EQC - 10 Tagor Street, Glen Eden","EQC - 10 Tagor Street, Glen Eden, Auckland, 0602, NZL",IAG New Zealand Limited,2023-04-19,AK,Philip Mathewson,174.644045,-36.921879,,False,
1502000.1549,1502000,1502000.1549,"EQC - 10B Westwood St, Bellevue, Taurang","EQC - 10B Westwood St, Bellevue, Tauranga, 3110, NZL",IAG New Zealand Limited,2023-04-20,HM,Ryan Tutbury,176.123686,-37.681186,,False,
1502000.1550,1502000,1502000.1550,"EQC - 2 Glenpark Place, Havelock North,","EQC - 2 Glenpark Place, Havelock North, Hawke's Bay, 4130, NZL #HBEQC",IAG New Zealand Limited,2023-04-20,HM,Ryan Tutbury,176.886624,-39.681902,,False,
1502000.1551,1502000,1502000.1551,"EQC - 133B Kapawiti Road, Mangawhai","EQC - 133B Kapawiti Road, Mangawhai, Northland, 0573, NZL",IAG New Zealand Limited,2023-04-21,AK,Dion Willcocks,174.546747,-36.075857,,False,
1502000.1552,1502000,1502000.1552,"EQC - 14 Kyla Place, Hakaru, Kaiwaka","EQC - 14 Kyla Place, Hakaru, Kaiwaka, Northland, 0573, NZL",IAG New Zealand Limited,2023-04-26,AK,Philip Mathewson,174.493317,-36.139624,,False,
1502000.1553,1502000,1502000.1553,"EQC - 42 Kauika Road West, Avenues","EQC - 42 Kauika Road West, Avenues, Whangarei, Northland, 0110, NZL",IAG New Zealand Limited,2023-04-26,AK,Philip Mathewson,174.308771,-35.725,,False,
1502000.1554,1502000,1502000.1554,"EQC - 296 Maungatapu Road, Maungatapu, T","EQC - 296 Maungatapu Road, Maungatapu, Tauranga, Bay of Plenty, 3112, NZL",IAG New Zealand Limited,2023-04-27,HM,Ryan Tutbury,176.179344,-37.715078,,False,
1502000.1556,1502000,1502000.1556,"EQC - 467 Middle Road, Poukawa, Hawke's","EQC - 467 Middle Road, Poukawa, Hawke's Bay, 4172, NZL #HBEQC",IAG New Zealand Limited,2023-04-27,HM,Ryan Tutbury,176.841089,-39.701921,,False,
1502000.1557,1502000,1502000.1557,"EQC -45 Thompson Street, Mount Cook WGTN","EQC - 45 Thompson Street, Mount Cook, Wellington, 6011, NZL",IAG New Zealand Limited,2023-04-27,WN,Shirley Wang,174.771446,-41.299481,Wellington City,True,
1502000.1558,1502000,1502000.1558,"EQC - 68 Wharekaho Road, Wharekaho, Whit","EQC - 68 Wharekaho Road, Wharekaho, Whitianga, Waikato, 3592, NZL",IAG New Zealand Limited,2023-04-27,HM,Ryan Tutbury,175.72349,-36.796598,,False,
1502000.1559,1502000,1502000.1559,"EQC - 23 Isola Street, Raumanga","EQC - 23 Isola Street, Raumanga, Whangarei, Northland, 0110, NZL",IAG New Zealand Limited,2023-04-27,AK,Philip Mathewson,174.298662,-35.746359,,False,
1502000.1560,1502000,1502000.1560,"EQC - 35 Everard Avenue, Army Bay","EQC - 35 Everard Avenue, Army Bay, Whangaparaoa, Auckland, 0930, NZL",IAG New Zealand Limited,2023-04-27,AK,Philip Mathewson,174.805273,-36.606594,,False,
1502000.1561,1502000,1502000.1561,"EQC - 70 Wharekaho Road, Wharekaho, Whit","EQC - 70 Wharekaho Road, Wharekaho, Whitianga, Waikato, 3592, NZL",IAG New Zealand Limited,2023-04-28,HM,Ryan Tutbury,175.723647,-36.796509,,False,
1502000.1562,1502000,1502000.1562,"EQC - 22 Wigmore Crescent, Hahei, Waikat","EQC - 22 Wigmore Crescent, Hahei, Waikato, 3591, NZL",IAG New Zealand Limited,2023-04-28,HM,Ryan Tutbury,175.812,-36.841788,,False,
1502000.1563,1502000,1502000.1563,"EQC - 280 Woods Road South, Colville, Co","EQC - 280 Woods Road South, Colville, Coromandel Forest Park, Waikato, 3584, NZL",IAG New Zealand Limited,2023-04-28,HM,Ryan Tutbury,175.464966,-36.663719,,False,
1502000.1564,1502000,1502000.1564,"EQC - 1 Oropi Gorge Road, Pyes Pa, Taura","EQC - 1 Oropi Gorge Road, Pyes Pa, Tauranga, Bay of Plenty, 3173, NZL",IAG New Zealand Limited,2023-04-28,HM,Ryan Tutbury,176.129004,-37.822788,,False,
1502000.1565,1502000,1502000.1565,"EQC - 2455 Kenepuru Rd, Portage","EQC - 2455 Kenepuru Rd, Portage, Marlborough Sounds, 7282, NZL",IAG New Zealand Limited,2023-04-29,NE,Hannah Udell,174.004528,-41.207957,,False,
1502000.1566,1502000,1502000.1566,"EQC - 21 Buckleys Track, Paremoremo (2)","EQC - 21 Buckleys Track, Paremoremo, Auckland, 0632, NZL",IAG New Zealand Limited,2023-04-29,AK,Philip Mathewson,174.658017,-36.770102,,False,
1502000.1567,1502000,1502000.1567,"EQC - 5 Skelton Crescent, Paparoa","EQC - 5 Skelton Crescent, Paparoa, Northland, 0571, NZL",IAG New Zealand Limited,2023-04-29,AK,Philip Mathewson,174.238889,-36.09919,,False,
1502000.1568,1502000,1502000.1568,EQC - 2372 Whangarei Heads Road,"EQC - 2372 Whangarei Heads Road, Whangarei Heads, Northland, 0174, NZL",IAG New Zealand Limited,2023-04-29,AK,Philip Mathewson,174.52955,-35.829357,,False,
1502000.1570,1502000,1502000.1570,"EQC - 21 Wigmore Crescent, Hahei, Waikat","EQC - 21 Wigmore Crescent, Hahei, Waikato, 3591, NZL",IAG New Zealand Limited,2023-05-01,HM,Ryan Tutbury,175.811777,-36.841756,,False,
1502000.1571,1502000,1502000.1571,"EQC - 15 Northland Road, Northland, WGTN","EQC - 15 Northland Road, Northland, Wellington, 6012, NZL",IAG New Zealand Limited,2023-05-01,WN,Shirley Wang,174.756396,-41.285904,Wellington City,True,
1502000.1572,1502000,1502000.1572,"EQC - 1220 State Highway 5, Glengarry, N","EQC - 1220 State Highway 5, Glengarry, Napier, Hawke's Bay, 4182, NZL #HBEQC",IAG New Zealand Limited,2023-05-01,HM,Ryan Tutbury,176.78172,-39.348222,,False,
1502000.1573,1502000,1502000.1573,"EQC - 292 Bennett Road, Te Mata, Coroman","EQC - 292 Bennett Road, Te Mata, Coromandel Forest Park, Waikato, 3575, NZL",IAG New Zealand Limited,2023-05-01,HM,Ryan Tutbury,175.517173,-36.965599,,False,
1502000.1574,1502000,1502000.1574,"EQC - 301A Fenton Street, Thames, Waikat","EQC - 301A Fenton Street, Thames, Waikato, 3500, NZL",IAG New Zealand Limited,2023-05-01,HM,Ryan Tutbury,175.551588,-37.144884,,False,
1502000.1575,1502000,1502000.1575,"EQC - 80 Silverton Road, Poraiti, Napier","EQC - 80 Silverton Road, Poraiti, Napier, Hawke's Bay, 4182, NZL",IAG New Zealand Limited,2023-05-01,HM,Ryan Tutbury,176.821533,-39.501438,,False,
1502000.1576,1502000,1502000.1576,EQC - 895 Crownthorpe Settlement Road,"EQC - 895 Crownthorpe Settlement Road, Crownthorpe, Maraekakaho, Hawke's Bay, 4179, NZL",IAG New Zealand Limited,2023-05-01,HM,Ryan Tutbury,176.585094,-39.556539,,False,
1502000.1577,1502000,1502000.1577,"EQC - 1/22 West Bay, Lochmara Bay","EQC - 1/22 West Bay, Lochmara Bay, Marlborough Sounds, Marlborough, NZL",IAG New Zealand Limited,2023-05-03,HM,Hannah Udell,173.99233772600007,-41.21993499599995,,False,
1502000.1578,1502000,1502000.1578,"EQC - 213 Muritai Road, Eastbourne, WGTN","EQC - 213 Muritai Road, Eastbourne, Lower Hutt, Wellington, 5013, NZL",IAG New Zealand Limited,2023-05-04,WN,Shirley Wang,174.897487,-41.293118,Lower Hutt City,True,
1502000.1579,1502000,1502000.1579,"EQC - 34 Shirley Street, Karori, WGTN","EQC - 34 Shirley Street, Karori, Wellington, 6012, NZL",IAG New Zealand Limited,2023-05-04,WN,Shirley Wang,174.746295,-41.288502,Wellington City,True,
1502000.1580,1502000,1502000.1580,"EQC - 13 Riperata Street, Riverdale, Gis","EQC - 13 Riperata Street, Riverdale, Gisborne, 4010, NZL",IAG New Zealand Limited,2023-05-04,HM,Ryan Tutbury,178.004403,-38.641566,,False,
1502000.1581,1502000,1502000.1581,"EQC - 39 Cavendish Sq, Strathmore Park","EQC - 39 Cavendish Square, Strathmore Park, Wellington, 6022, NZL",IAG New Zealand Limited,2023-05-04,WN,Shirley Wang,174.823984,-41.325853,Wellington City,True,
1502000.1583,1502000,1502000.1583,"EQC - 12 Somes Crescent, Newlands, WGTN","EQC - 12 Somes Crescent, Newlands, Wellington, 6037, NZL",IAG New Zealand Limited,2023-05-04,WN,Shirley Wang,174.830397,-41.227627,Wellington City,True,
1502000.1584,1502000,1502000.1584,"EQC - 19 Ring Terrace, Saint Marys Bay","EQC - 19 Ring Terrace, Saint Marys Bay, Auckland, 1011, NZL",IAG New Zealand Limited,2023-05-04,AK,Philip Mathewson,174.744909,-36.841755,,False,
1502000.1585,1502000,1502000.1585,"EQC - 29 Isola Street, Raumanga","EQC - 29 Isola Street, Raumanga, Whangarei, Northland, 0110, NZL",IAG New Zealand Limited,2023-05-04,AK,Philip Mathewson,174.298068,-35.746233,,False,
1502000.1586,1502000,1502000.1586,"EQC - 5 Taranaki Street, Picton","EQC - 5 Taranaki Street, Picton, Marlborough 7220",IAG New Zealand Limited,2023-05-04,NE,Marcus Lovell,174.009085,-41.291581,,False,
1502000.1587,1502000,1502000.1587,EQC - 131 Albany Highway (2),"EQC - 131 Albany Highway, Unsworth Heights, Auckland, 0632, NZL",IAG New Zealand Limited,2023-05-06,AK,Philip Mathewson,174.706304,-36.759711,,False,
1502000.1588,1502000,1502000.1588,"EQC-18A Lily Street, Raglan, Waikato","EQC-18A Lily Street, Raglan, Waikato, 3225, NZL",IAG New Zealand Limited,2023-05-08,HM,Ryan Tutbury,174.879002,-37.796879,,False,
1502000.1589,1502000,1502000.1589,"EQC-5223 State Highway 31, Kawhia Road","EQC-5223 State Highway 31, Kawhia Road, Kawhia, 3878",IAG New Zealand Limited,2023-05-08,HM,Ryan Tutbury,174.845185,-38.041181,,False,
1502000.1590,1502000,1502000.1590,"EQC-43A Wallis Street, Raglan, Waikato","EQC-43A Wallis Street, Raglan, Waikato, 3225, NZL",IAG New Zealand Limited,2023-05-08,HM,Ryan Tutbury,174.875441,-37.796893,,False,
1502000.1591,1502000,1502000.1591,"EQC - 360 Hukanui Road, Rototuna, Hamilt","EQC - 360 Hukanui Road, Rototuna, Hamilton, Waikato, 3210, NZL",IAG New Zealand Limited,2023-05-08,HM,Ryan Tutbury,175.274528,-37.741018,,False,
1502000.1592,1502000,1502000.1592,"EQC - 91 Major Drive, Kelson, Lower Hutt","EQC - 91 Major Drive, Kelson, Lower Hutt, Wellington, 5010, NZL",IAG New Zealand Limited,2023-05-08,WN,Shirley Wang,174.930492,-41.182441,Lower Hutt City,True,
1502000.1593,1502000,1502000.1593,"EQC - 58 Silverstream Road, Horahora","EQC - 58 Silverstream Road, Horahora, Whangarei, Northland, 0110, NZL",IAG New Zealand Limited,2023-05-09,AK,Philip Mathewson,174.290541,-35.735362,,False,
1502000.1594,1502000,1502000.1594,"EQC - 66 Silverstream Road, Horahora","EQC - 66 Silverstream Road, Horahora, Whangarei, Northland, 0110, NZL",IAG New Zealand Limited,2023-05-09,AK,Philip Mathewson,174.290612,-35.73569,,False,
1502000.1595,1502000,1502000.1595,"EQC - 18H Saxton Road, Upper Vogeltown","EQC - 18H Saxton Road, Upper Vogeltown, New Plymouth, Taranaki, 4310, NZL",IAG New Zealand Limited,2023-05-09,WN,Shirley Wang,174.088875,-39.083388,,False,
1502000.1596,1502000,1502000.1596,"EQC - 3/26 Cynthia Place, Baylys Beach","EQC - 3/26 Cynthia Place, Baylys Beach, Northland, 0377, NZL",IAG New Zealand Limited,2023-05-09,AK,Philip Mathewson,173.745836,-35.954221,,False,
1502000.1597,1502000,1502000.1597,"EQC - 20 Keithmore Road, Balclutha","EQC - 20 Keithmore Road, Balclutha, Otago, 9230, NZL",IAG New Zealand Limited,2023-05-10,CH,Anna Sleight,169.725911,-46.250554,,False,
1502000.1598,1502000,1502000.1598,"EQC - 65 Princess Road, Bellevue, Tauran","EQC - 65 Princess Road, Bellevue, Tauranga, Bay of Plenty, 3110, NZL",IAG New Zealand Limited,2023-05-10,HM,Ryan Tutbury,176.123184,-37.678003,,False,
1502000.1599,1502000,1502000.1599,"EQC - 7 Huntly Road, Campbells Bay","EQC - 7 Huntly Road, Campbells Bay, Auckland, 0630, NZL",IAG New Zealand Limited,2023-05-10,AK,Philip Mathewson,174.76361,-36.74724,,False,
1502000.1600,1502000,1502000.1600,"EQC - 50L Orpheus Rd, Manukau Heads","EQC - 50L Orpheus Rd, Manukau Heads, Awhitu, 2684, NZL",IAG New Zealand Limited,2023-05-10,AK,Philip Mathewson,174.601154,-37.048645,,False,
1502000.1601,1502000,1502000.1601,"EQC - 131 Waitea Road, Muriwai","EQC - 131 Waitea Road, Muriwai, Auckland, 0881, NZL",IAG New Zealand Limited,2023-05-10,AK,Philip Mathewson,174.433247,-36.836549,,False,
1502000.1602,1502000,1502000.1602,"EQC-333 Flume Road, Te Miro, Cambridge,","EQC-333 Flume Road, Te Miro, Cambridge, Waikato, 3496, NZL",IAG New Zealand Limited,2023-05-10,HM,Ryan Tutbury,175.502946,-37.82614,,False,
1502000.1603,1502000,1502000.1603,"EQC - 11 Vista Crescent, Maoribank, WGTN","EQC - 11 Vista Crescent, Maoribank, Upper Hutt, Wellington, 5018, NZL",IAG New Zealand Limited,2023-05-10,WN,Shirley Wang,175.099752,-41.105224,Upper Hutt City,True,
1502000.1604,1502000,1502000.1604,"EQC - 9 Vista Crescent, Maoribank, WGTN","EQC - 9 Vista Crescent, Maoribank, Upper Hutt, Wellington, 5018, NZL",IAG New Zealand Limited,2023-05-10,WN,Shirley Wang,175.099512,-41.105071,Upper Hutt City,True,
1502000.1605,1502000,1502000.1605,"EQC - 134 Pohutukawa Avenue, Ohope, Bay","EQC - 134 Pohutukawa Avenue, Ohope, Bay of Plenty, 3121, NZL",IAG New Zealand Limited,2023-05-10,HM,Ryan Tutbury,177.045976,-37.967738,,False,
1502000.1606,1502000,1502000.1606,"EQC - 22 Eastbourne Road, Remuera","EQC - 22 Eastbourne Road, Remuera, Auckland, 1050, NZL",IAG New Zealand Limited,2023-05-11,AK,Dion Willcocks,174.791948,-36.876329,,False,
1502000.1607,1502000,1502000.1607,"EQC - Anawhata Road, Anawhata","EQC - Anawhata Road, Anawhata, Auckland, 0781, NZL",IAG New Zealand Limited,2023-05-11,AK,Philip Mathewson,174.458293,-36.915034,,False,
1502000.1608,1502000,1502000.1608,"EQC - 33 Norwich Avenue, Spotswood","EQC - 33 Norwich Avenue, Spotswood, New Plymouth, Taranaki, 4310, NZL",IAG New Zealand Limited,2023-05-12,WN,Shirley Wang,174.026673,-39.073146,,False,
1502000.1609,1502000,1502000.1609,"EQC - 47 Kowhai Drive, Te Kouma, Coroman","EQC - 47 Kowhai Drive, Te Kouma, Coromandel, Waikato, 3581, NZL",IAG New Zealand Limited,2023-05-12,HM,Ryan Tutbury,175.476198,-36.812518,,False,
1502000.1610,1502000,1502000.1610,EQC - 1046 Great North Road,"EQC - 1046 Great North Road, Point Chevalier, Auckland, 1022, NZL",IAG New Zealand Limited,2023-05-12,AK,Philip Mathewson,174.716448,-36.869088,,False,
1502000.1611,1502000,1502000.1611,"EQC - 7 Manon Crescent, Greenhithe","EQC - 7 Manon Crescent, Greenhithe, Auckland, 0632, NZL",IAG New Zealand Limited,2023-05-12,AK,Philip Mathewson,174.673257,-36.777531,,False,
1502000.1612,1502000,1502000.1612,"EQC - 173, 175 & 177 Haven Road","EQC - 173, 175 & 177 Haven Road, Beachville, Nelson, 7010, NZL",IAG New Zealand Limited,2023-05-14,HM,Hannah Udell,173.27458857200008,-41.26624334999997,,False,
1502000.1613,1502000,1502000.1613,"EQC - 4 McFarlane Street, Mount Victoria","EQC - 4 McFarlane Street, Mount Victoria, Wellington, 6011, NZL",IAG New Zealand Limited,2023-05-15,WN,Shirley Wang,174.788115,-41.292804,Wellington City,True,
1502000.1614,1502000,1502000.1614,"EQC - 2/72 Ohauiti Road, Hairini, Tauran","EQC - 2/72 Ohauiti Road, Hairini, Tauranga, Bay of Plenty, 3112, NZL",IAG New Zealand Limited,2023-05-19,HM,Ryan Tutbury,176.166066,-37.730747,,False,
1502000.1615,1502000,1502000.1615,"EQC - 99B Brian Crescent, Stanmore Bay","EQC - 99B Brian Crescent, Stanmore Bay, Whangaparaoa, Auckland, 0932, NZL",IAG New Zealand Limited,2023-05-19,AK,Philip Mathewson,174.719503,-36.618975,,False,
1502000.1616,1502000,1502000.1616,"EQC - 43 Chatham Avenue, Paremoremo","EQC - 43 Chatham Avenue, Paremoremo, Auckland, 0632, NZL",IAG New Zealand Limited,2023-05-19,AK,Philip Mathewson,174.651298,-36.76696,,False,
1502000.1617,1502000,1502000.1617,"EQC - 125 Moana Creek, Kawau Island","EQC - 125 Moana Creek, Kawau Island, Auckland, NZL",IAG New Zealand Limited,2023-05-19,AK,Philip Mathewson,174.832788,-36.404369,,False,
1502000.1618,1502000,1502000.1618,"EQC - 27 Isola Street, Raumanga","EQC - 27 Isola Street, Raumanga, Whangarei, Northland, 0110, NZL",IAG New Zealand Limited,2023-05-19,AK,Philip Mathewson,174.298268,-35.746333,,False,
1502000.1619,1502000,1502000.1619,"EQC - 2372 State Highway 1, Kaiwaka","EQC - 2372 State Highway 1, Kaiwaka, 0587, NZL",IAG New Zealand Limited,2023-05-20,AK,Philip Mathewson,174.43155,-36.127235,,False,
1502000.1620,1502000,1502000.1620,"EQC - 4 Camelia Lane, Whakatane, Bay of","EQC - 4 Camelia Lane, Whakatane, Bay of Plenty, 3120, NZL",IAG New Zealand Limited,2023-05-23,HM,Ryan Tutbury,176.997723,-37.958941,,False,
1502000.1621,1502000,1502000.1621,"EQC - 29 Little Bay Drive, Waikawau, Cor","EQC - 29 Little Bay Drive, Waikawau, Coromandel Forest Park, Waikato, 3584, NZL",IAG New Zealand Limited,2023-05-24,HM,Ryan Tutbury,175.544957,-36.604188,,False,
1502000.1622,1502000,1502000.1622,"EQC - 13 School Road, Ngongotaha, Rotoru","EQC - 13 School Road, Ngongotaha, Rotorua, Bay of Plenty, 3010, NZL",IAG New Zealand Limited,2023-05-24,HM,Ryan Tutbury,176.210918,-38.079834,,False,
1502000.1623,1502000,1502000.1623,"EQC - 50 Queen Street, Northcote Point","EQC - 50 Queen Street, Northcote Point, Auckland, 0627, NZL",IAG New Zealand Limited,2023-05-24,AK,Philip Mathewson,174.747543,-36.822078,,False,
1502000.1624,1502000,1502000.1624,"EQC - 4 Woodmancote Road, Khandallah","EQC - 4 Woodmancote Road, Khandallah, Wellington, 6035, NZL",IAG New Zealand Limited,2023-05-26,WN,Shirley Wang,174.791284,-41.243207,Wellington City,True,
1502000.1625,1502000,1502000.1625,"EQC - 34C Te Aute Ridge Road, Henderson","EQC - 34C Te Aute Ridge Road, Henderson, Auckland, 0781, NZL",IAG New Zealand Limited,2023-05-27,AK,Philip Mathewson,174.466571,-36.885482,,False,
1502000.1626,1502000,1502000.1626,"EQC - 1200 Huia Road, Huia","EQC - 1200 Huia Road, Huia, Auckland, 0604, NZL",IAG New Zealand Limited,2023-05-27,AK,Philip Mathewson,174.573024,-37.0014,,False,
1502000.1627,1502000,1502000.1627,"EQC - 109 Kauri Road, Whenuapai","EQC - 109 Kauri Road, Whenuapai, Auckland, 0618, NZL",IAG New Zealand Limited,2023-05-27,AK,Philip Mathewson,174.643596,-36.784899,,False,
1502000.1628,1502000,1502000.1628,"EQC - 93 Awaruku Road, Torbay","EQC - 93 Awaruku Road, Torbay, Auckland, 0630, NZL",IAG New Zealand Limited,2023-05-27,AK,Philip Mathewson,174.742313,-36.695522,,False,
1502000.1629,1502000,1502000.1629,"EQC - 53 Queenstown Road, Onehunga","EQC - 53 Queenstown Road, Onehunga, Auckland, 1061, NZL",IAG New Zealand Limited,2023-05-27,AK,Philip Mathewson,174.768681,-36.91947,,False,
1502000.1630,1502000,1502000.1630,"EQC - DP 30760, 130 Wattle Bay Rd","EQC - DP 30760, 130 Wattle Bay Rd, Manukau Heads, Awhitu, 2684, NZL",IAG New Zealand Limited,2023-05-27,AK,Philip Mathewson,174.602184,-37.049291,,False,
1502000.1631,1502000,1502000.1631,"EQC - 25D Ashfield Rd, Wairau Valley","EQC - 25D Ashfield Rd, Wairau Valley, Auckland, 0627, NZL",IAG New Zealand Limited,2023-05-28,AK,Philip Mathewson,174.730254,-36.773119,,False,
1502000.1632,1502000,1502000.1632,"EQC - 185 Pukewhai Road, Kaingaroa","EQC - 185 Pukewhai Road, Kaingaroa, Northland, 0483, NZL",IAG New Zealand Limited,2023-05-28,AK,Philip Mathewson,173.324218,-35.00269,,False,
1502000.1633,1502000,1502000.1633,"EQC - 59 Dillon Street, Blenheim 7201","EQC - 59 Dillon Street, Blenheim 7201",IAG New Zealand Limited,2023-05-29,NE,Marcus Lovell,173.9440435240001,-41.517866939999976,,False,
1502000.1636,1502000,1502000.1636,"EQC - 54 Rambler Crescent, Beach Haven","EQC - 54 Rambler Crescent, Beach Haven, Auckland, 0626, NZL",IAG New Zealand Limited,2023-05-30,AK,Philip Mathewson,174.681788,-36.788093,,False,
1502000.1637,1502000,1502000.1637,"EQC - 204 Glenmore Street, Northland","EQC - 204 Glenmore Street, Northland, Wellington, 6012, NZL",IAG New Zealand Limited,2023-05-31,WN,Shirley Wang,174.756217,-41.287303,Wellington City,True,
1502000.1638,1502000,1502000.1638,"EQC - 96 Owhiro Bay Pde, Owhiro Bay,WGTN","EQC - 96 Owhiro Bay Pde, Owhiro Bay, Wellington, 6023, NZL",IAG New Zealand Limited,2023-05-31,WN,Shirley Wang,174.756125,-41.345603,Wellington City,True,
1502000.1639,1502000,1502000.1639,"EQC - 173 Pinchgut Road, Kaukapakapa","EQC - 173 Pinchgut Road, Kaukapakapa, Auckland, 0873, NZ",IAG New Zealand Limited,2023-05-31,AK,Philip Mathewson,174.479559,-36.624198,,False,
1502000.1640,1502000,1502000.1640,EQC - 34 Harbour View Road,"EQC - 34 Harbour View Road, Point Chevalier, Auckland, 1022, NZL",IAG New Zealand Limited,2023-05-31,AK,Philip Mathewson,174.700935,-36.858074,,False,
1502000.1641,1502000,1502000.1641,"EQC - 25 Matata Street, Blockhouse Bay","EQC - 25 Matata Street, Blockhouse Bay, Auckland, 0600, NZL",IAG New Zealand Limited,2023-05-31,AK,Philip Mathewson,174.699616,-36.912845,,False,
1502000.1642,1502000,1502000.1642,"EQC - 120 Carter Road, Oratia","EQC - 120 Carter Road, Oratia, Auckland, 0604, NZL",IAG New Zealand Limited,2023-05-31,AK,Philip Mathewson,174.619794,-36.932414,,False,
1502000.1643,1502000,1502000.1643,"EQC - 185 Jordan Road, Kaukapakapa","EQC - 185 Jordan Road, Kaukapakapa, Auckland, 0984, NZL",IAG New Zealand Limited,2023-05-31,AK,Philip Mathewson,174.459996,-36.570027,,False,
1502000.1644,1502000,1502000.1644,"EQC - 105B Royal Rd, Massey","EQC - 105B Royal Rd, Massey, Auckland, 0614, NZL",IAG New Zealand Limited,2023-05-31,AK,Philip Mathewson,174.614342,-36.832422,,False,
1502000.1645,1502000,1502000.1645,"EQC - 39 Princes Street, Northcote Point","EQC - 39 Princes Street, Northcote Point, Auckland, 0627, NZL",IAG New Zealand Limited,2023-05-31,AK,Philip Mathewson,174.749623,-36.823048,,False,
1502000.1646,1502000,1502000.1646,"EQC - 69A Sylvan Ave, Northcote","EQC - 69A Sylvan Ave, Northcote, Auckland, 0627, NZL",IAG New Zealand Limited,2023-05-31,AK,Philip Mathewson,174.754671,-36.810011,,False,
1502000.1647,1502000,1502000.1647,"EQC - 54 Beach Road, Headland Farm","EQC - 54 Beach Road, Headland Farm, Whangarei",IAG New Zealand Limited,2023-05-31,AK,Philip Mathewson,174.43886,-35.790879,,False,
1502000.1648,1502000,1502000.1648,"EQC - 77 Minnehaha Avenue, Titirangi","EQC - 77 Minnehaha Avenue, Titirangi, Auckland, 0604, NZL",IAG New Zealand Limited,2023-05-31,AK,Philip Mathewson,174.635357,-36.952329,,False,
1502000.1649,1502000,1502000.1649,EQC - 646 South Titirangi Road,"EQC - 646 South Titirangi Road, Titirangi, Auckland, 0604, NZL",IAG New Zealand Limited,2023-05-31,AK,Philip Mathewson,174.652615,-36.949224,,False,
1502000.1650,1502000,1502000.1650,"EQC - 24 Le Roy Terrace, Birkenhead","EQC - 24 Le Roy Terrace, Birkenhead, Auckland, 0626, NZL",IAG New Zealand Limited,2023-05-31,AK,Philip Mathewson,174.732486,-36.814308,,False,
1502000.1651,1502000,1502000.1651,"EQC - 41 Gatman Street, Birkdale","EQC - 41 Gatman Street, Birkdale, Auckland, 0626, NZL",IAG New Zealand Limited,2023-05-31,AK,Philip Mathewson,174.700786,-36.805199,,False,
1502000.1652,1502000,1502000.1652,"EQC - 112 Potter Road, Dairy Flat","EQC - 112 Potter Road, Dairy Flat, Auckland, 0792, NZL",IAG New Zealand Limited,2023-05-31,AK,Philip Mathewson,174.655602,-36.69754,,False,
1502000.1653,1502000,1502000.1653,"EQC - 33A Norwood Road, Bayswater","EQC - 33A Norwood Road, Bayswater, Auckland, 0622, NZL",IAG New Zealand Limited,2023-05-31,AK,Philip Mathewson,174.773168,-36.817025,,False,
1502000.1654,1502000,1502000.1654,"EQC - 49 Glencoe Road, Browns Bay","EQC - 49 Glencoe Road, Browns Bay, Auckland, 0630, NZL",IAG New Zealand Limited,2023-05-31,AK,Philip Mathewson,174.738684,-36.717762,,False,
1502000.1655,1502000,1502000.1655,"EQC-190 Te Puroa Road, Ngaruawahia","EQC-190 Te Puroa Road, Ngaruawahia, Waikato, 3793, NZL",IAG New Zealand Limited,2023-06-01,HM,Ryan Tutbury,175.13537,-37.69714,,False,
1502000.1656,1502000,1502000.1656,"EQC - 11 Lucan Street, North East Valley","EQC - 11 Lucan Street, North East Valley, Dunedin, Otago, 9010",IAG New Zealand Limited,2023-06-01,CH,Anna Sleight,170.535367,-45.849163,,False,
1502000.1657,1502000,1502000.1657,"EQC-51 Tawa Street, Te Kuiti, Waikato","EQC-51 Tawa Street, Te Kuiti, Waikato, 3910, NZL",IAG New Zealand Limited,2023-06-02,HM,Ryan Tutbury,175.170156,-38.327519,,False,
1502000.1658,1502000,1502000.1658,"EQC - 88 Queen Street, Northcote Point","EQC - 88 Queen Street, Northcote Point, Auckland, 0627, NZL",IAG New Zealand Limited,2023-06-03,AK,Philip Mathewson,174.746848,-36.820132,,False,
1502000.1659,1502000,1502000.1659,EQC - 249B Paremoremo Road,"EQC - 249B Paremoremo Road, Lucas Heights, Auckland, 0632, NZL",IAG New Zealand Limited,2023-06-03,AK,Philip Mathewson,174.672161,-36.750609,,False,
1502000.1660,1502000,1502000.1660,"EQC - 19A Verbena Road, Birkdale","EQC - 19A Verbena Road, Birkdale, Auckland, 0626, NZL",IAG New Zealand Limited,2023-06-03,AK,Philip Mathewson,174.708056,-36.804448,,False,
1502000.1661,1502000,1502000.1661,"EQC - 346 West Coast Road, Glen Eden","EQC - 346 West Coast Road, Glen Eden, Auckland, 0602, NZL",IAG New Zealand Limited,2023-06-03,AK,Philip Mathewson,174.642513,-36.908719,,False,
1502000.1662,1502000,1502000.1662,"EQC - 113 Aintree Road, Havelock North,","EQC - 113 Aintree Road, Havelock North, Hawke's Bay, 4130, NZL #HBEQC",IAG New Zealand Limited,2023-06-06,HM,Ryan Tutbury,176.876476,-39.701102,,False,
1502000.1663,1502000,1502000.1663,"EQC - 13 Keirunga Rd, Havelock North, 41","EQC - 13 Keirunga Rd, Havelock North, 4130, NZL #HBEQC",IAG New Zealand Limited,2023-06-06,HM,Ryan Tutbury,176.885861,-39.680302,,False,
1502000.1664,1502000,1502000.1664,"EQC - 14 Lancelot Place, Glenfield","EQC - 14 Lancelot Place, Glenfield, Auckland, 0629, NZL",IAG New Zealand Limited,2023-06-06,AK,Philip Mathewson,174.719296,-36.778497,,False,
1502000.1665,1502000,1502000.1665,"EQC - 52 Anzac Road, Morningside","EQC - 52 Anzac Road, Morningside, Whangarei, Northland, 0110, NZL",IAG New Zealand Limited,2023-06-07,AK,Philip Mathewson,174.317099,-35.735598,,False,
1502000.1666,1502000,1502000.1666,"EQC - 14 Bluegum Place, Woodhill","EQC - 14 Bluegum Place, Woodhill, Whangarei, Northland, 0110, NZL",IAG New Zealand Limited,2023-06-07,AK,Philip Mathewson,174.307991,-35.729848,,False,
1502000.1667,1502000,1502000.1667,"EQC - 7 Charlotte Ave, Brooklyn, WGTN","EQC - 7 Charlotte Ave, Brooklyn, Wellington, 6021, NZL",IAG New Zealand Limited,2023-06-07,WN,Shirley Wang,174.761475,-41.305579,Wellington City,True,
1502000.1668,1502000,1502000.1668,EQC - 956C Whangarei Heads Road,"EQC - 956C Whangarei Heads Road, Parua Bay, Northland, 0174, NZL",IAG New Zealand Limited,2023-06-07,AK,Dion Willcocks,174.447609,-35.779138,,False,
1502000.1669,1502000,1502000.1669,"EQC - 60 Reotahi Road, Whangarei Heads","EQC - 60 Reotahi Road, Whangarei Heads, Northland, 0174, NZL",IAG New Zealand Limited,2023-06-07,AK,Philip Mathewson,174.496688,-35.819792,,False,
1502000.1670,1502000,1502000.1670,"EQC - 144A Upland Road, Kelburn, WTGN","EQC - 144A Upland Road, Kelburn, Wellington, 6012, NZL",IAG New Zealand Limited,2023-06-08,WN,Shirley Wang,174.760015,-41.285716,Wellington City,True,
1502000.1671,1502000,1502000.1671,"EQC - 24 Spencer Road, Lake Tarawera, Ro","EQC - 24 Spencer Road, Lake Tarawera, Rotorua, Bay of Plenty, 3076, NZL",IAG New Zealand Limited,2023-06-08,HM,Ryan Tutbury,176.388703,-38.200947,,False,
1502000.1672,1502000,1502000.1672,"EQC - 49 Hipango Terrace, Durie Hill","EQC - 49 Hipango Terrace, Durie Hill, Whanganui, Manawatu-Whanganui, 4500, NZL",IAG New Zealand Limited,2023-06-09,WN,Shirley Wang,175.058537,-39.937799,,False,
1502000.1673,1502000,1502000.1673,"EQC - 114 Mount View Road, Bastia Hill","EQC - 114 Mount View Road, Bastia Hill, Whanganui, Manawatu-Whanganui, 4500, NZL",IAG New Zealand Limited,2023-06-09,WN,Shirley Wang,175.066695,-39.928733,,False,
1502000.1674,1502000,1502000.1674,"EQC-868 Te Anga Road, Waitomo","EQC- 868 Te Anga Road, Waitomo, Otorohanga, Waikato, 3988, NZL",IAG New Zealand Limited,2023-06-09,HM,Ryan Tutbury,175.031627,-38.258472,,False,
1502000.1675,1502000,1502000.1675,"EQC-94 Ayrshire Drive, Grandview Heights","EQC-94 Ayrshire Drive, Grandview Heights, Hamilton, Waikato, 3200, NZL",IAG New Zealand Limited,2023-06-09,HM,Ryan Tutbury,175.223359,-37.782267,,False,
1502000.1676,1502000,1502000.1676,"EQC - 14 Piha Rd, Piha","EQC - 14 Piha Rd, Piha, Auckland, 0772, NZL",IAG New Zealand Limited,2023-06-09,AK,Philip Mathewson,174.480021,-36.957825,,False,
1502000.1695,1502000,1502000.1695,"EQC -146 Lud Valley Rd, Hira, Nelson","EQC -146 Lud Valley Rd, Hira, Nelson 7071",IAG New Zealand Limited,2023-06-09,NE,Marcus Lovell,173.38494704100003,-41.233219615999985,,False,
1502000.1677,1502000,1502000.1677,"EQC - 10 Kumutoto Bay, Marlborough","EQC - 10 Kumutoto Bay, Marlborough Sounds, Marlborough, NZL",IAG New Zealand Limited,2023-06-10,HM,Hannah Udell,174.071167,-41.215983,,False,
1502000.1678,1502000,1502000.1678,"EQC - Lot 1 DP 4327, Lochmara Bay","EQC - Lot 1 DP 4327, Lochmara Bay, Marlborough, NZL",IAG New Zealand Limited,2023-06-10,HM,Hannah Udell,174.007835,-41.225734,,False,
1502000.1700,1502000,1502000.1700,"EQC - 1130 Huia Road, Huia","EQC - 1130 Huia Road, Huia, Auckland, 0604, NZL",IAG New Zealand Limited,2023-06-10,AK,Philip Mathewson,174.577511,-37.002533,,False,
1502000.1679,1502000,1502000.1679,"EQC - 25 Ongo Road, Hunterville","EQC - 25 Ongo Road, Hunterville, Manawatu-Whanganui, 4730, NZL",IAG New Zealand Limited,2023-06-12,WN,Shirley Wang,175.562709,-39.930413,,False,
1502000.1680,1502000,1502000.1680,"EQC - 436 Paremoremo Road, Paremoremo","EQC - 436 Paremoremo Road, Paremoremo, Auckland, 0632, NZL",IAG New Zealand Limited,2023-06-13,AK,Philip Mathewson,174.656557,-36.760095,,False,
1502000.1681,1502000,1502000.1681,"EQC - 243 Pukeatua Rd, Maungatapere","EQC - 243 Pukeatua Rd, Maungatapere, Whangarei, 0179, NZL",IAG New Zealand Limited,2023-06-13,AK,Dion Willcocks,174.205404,-35.78383,,False,
1502000.1682,1502000,1502000.1682,"EQC - 453 State Highway 10, Cable Bay","EQC - 453 State Highway 10, Cable Bay, Northland, 0420, NZL",IAG New Zealand Limited,2023-06-13,AK,Philip Mathewson,173.476354,-34.991585,,False,
1502000.1683,1502000,1502000.1683,"EQC - 65 Ngataringa Road, Devonport","EQC - 65 Ngataringa Road, Devonport, Auckland, 0624, NZL",IAG New Zealand Limited,2023-06-13,AK,Philip Mathewson,174.7874,-36.818134,,False,
1502000.1684,1502000,1502000.1684,"EQC - 44 Scott Rd, Tamaterau (event 1)","EQC - 44 Scott Rd, Tamaterau, Whangarei, 0174, NZL",IAG New Zealand Limited,2023-06-13,AK,Philip Mathewson,174.416483,-35.780835,,False,
1502000.1685,1502000,1502000.1685,"EQC - 44 Scott Rd, Tamaterau (event 2)","EQC - 44 Scott Rd, Tamaterau, Whangarei, 0174, NZL",IAG New Zealand Limited,2023-06-13,AK,Philip Mathewson,174.416389,-35.780906,,False,
1502000.1686,1502000,1502000.1686,"EQC - 78 Grahamtown Rd, Onerahi","EQC - 78 Grahamtown Rd, Onerahi, Whangarei, 0174, NZL",IAG New Zealand Limited,2023-06-14,AK,Philip Mathewson,174.377663,-35.751095,,False,
1502000.1687,1502000,1502000.1687,"EQC - 9 Kassa Rise, Helensville","EQC - 9 Kassa Rise, Helensville, Auckland, 0800, NZL",IAG New Zealand Limited,2023-06-14,AK,Philip Mathewson,174.455706,-36.675419,,False,
1502000.1688,1502000,1502000.1688,"EQC - 34 Rock Isle Road, Torbay","EQC - 34 Rock Isle Road, Torbay, Auckland, 0630, NZL",IAG New Zealand Limited,2023-06-14,AK,Philip Mathewson,174.755338,-36.699227,,False,
1502000.1689,1502000,1502000.1689,"EQC - 1569 Port Charles Road, Port Charl","EQC - 1569 Port Charles Road, Port Charles, Coromandel Forest Park, Waikato, 3584, NZL",IAG New Zealand Limited,2023-06-14,HM,Ryan Tutbury,175.46398,-36.526264,,False,
1502000.1690,1502000,1502000.1690,"EQC - 8A Chelmsford Street, Ngaio","EQC - 8A Chelmsford Street, Ngaio, Wellington, 6035",IAG New Zealand Limited,2023-06-15,WN,Shirley Wang,174.772152,-41.249254,Wellington City,True,
1502000.1691,1502000,1502000.1691,"EQC - 10 Chelmsford Street, Ngaio","EQC - 10 Chelmsford Street, Ngaio, Wellington, 6035, NZL",IAG New Zealand Limited,2023-06-15,WN,Shirley Wang,174.772009,-41.249123,Wellington City,True,
1502000.1692,1502000,1502000.1692,"EQC - 67 Grange Road, Hahei, Waikato, 35","EQC - 67 Grange Road, Hahei, Waikato, 3591, NZL",IAG New Zealand Limited,2023-06-15,HM,Ryan Tutbury,175.79895,-36.838144,,False,
1502000.1693,1502000,1502000.1693,"EQC - 23A Tahurangi Pl, Spotswood,","EQC - 23A Tahurangi Pl, Spotswood, New Plymouth, 4310, NZL",IAG New Zealand Limited,2023-06-15,WN,Shirley Wang,174.024698,-39.067979,,False,
1502000.1694,1502000,1502000.1694,"EQC - 94 Ranginui Road, Welcome Bay, Tau","EQC - 94 Ranginui Road, Welcome Bay, Tauranga, Bay of Plenty, 3175, NZL",IAG New Zealand Limited,2023-06-15,HM,Ryan Tutbury,176.204735,-37.720318,,False,
1502000.1696,1502000,1502000.1696,EQC - 2145 Queen Charlotte Drive,"EQC - 2145 Queen Charlotte Drive, Ngakuta Bay, Marlborough, 7281",IAG New Zealand Limited,2023-06-16,HM,Hannah Udell,173.953165,-41.268772,,False,
1502000.1697,1502000,1502000.1697,EQC - 282 Coatesville-Riverhead Hwy,"EQC - 282 Coatesville-Riverhead Hwy, Coatesville, 0793, NZL",IAG New Zealand Limited,2023-06-17,AK,Philip Mathewson,174.643257,-36.711077,,False,
1502000.1698,1502000,1502000.1698,"EQC - 15 Hoskins Avenue, Hillsborough","EQC - 15 Hoskins Avenue, Hillsborough, Auckland, 1042, NZL",IAG New Zealand Limited,2023-06-17,AK,Philip Mathewson,174.755244,-36.929388,,False,
1502000.1699,1502000,1502000.1699,"EQC - 9 Sceptre Place, Avondale","EQC - 9 Sceptre Place, Avondale, Auckland, 1026, NZL",IAG New Zealand Limited,2023-06-17,AK,Philip Mathewson,174.676712,-36.892254,,False,
1502000.1701,1502000,1502000.1701,"EQC - 6 Nor'East Drive, Northcross","EQC - 6 Nor'East Drive, Northcross, Auckland, 0632, NZL",IAG New Zealand Limited,2023-06-17,AK,Philip Mathewson,174.731885,-36.708592,,False,
1502000.1702,1502000,1502000.1702,"EQC - 8 Standish Place, Bayview","EQC - 8 Standish Place, Bayview, Auckland, 0629, NZL",IAG New Zealand Limited,2023-06-17,AK,Philip Mathewson,174.699956,-36.781933,,False,
1502000.1703,1502000,1502000.1703,"EQC - 251 Pebble Brook Road, Waitoki","EQC - 251 Pebble Brook Road, Waitoki, Auckland, 0994, NZL",IAG New Zealand Limited,2023-06-17,AK,Philip Mathewson,174.557287,-36.610545,,False,
1502000.1704,1502000,1502000.1704,"EQC - 197 Forest Hill Road, Waiatarua","EQC - 197 Forest Hill Road, Waiatarua, Auckland, 0612, NZL",IAG New Zealand Limited,2023-06-18,AK,Philip Mathewson,174.603213,-36.909327,,False,
1502000.1705,1502000,1502000.1705,"EQC - 7/26 Cynthia Place, Baylys Beach","EQC - 7/26 Cynthia Place, Baylys Beach, Northland, 0377, NZL",IAG New Zealand Limited,2023-06-18,AK,Philip Mathewson,173.745935,-35.954423,,False,
1502000.1706,1502000,1502000.1706,"EQC - 2 Keith Sands Grove, Havelock Nort","EQC - 2 Keith Sands Grove, Havelock North, Hawke's Bay, 4130, NZL #HBEQC",IAG New Zealand Limited,2023-06-19,HM,Ryan Tutbury,176.885124,-39.677902,,False,
1502000.1707,1502000,1502000.1707,"EQC - 177 Maunsell Road, Port Waikato, W","EQC - 177 Maunsell Road, Port Waikato, Waikato, 2695, NZL",IAG New Zealand Limited,2023-06-19,HM,Ryan Tutbury,174.7143109210001,-37.39754167099994,,False,
1502000.1708,1502000,1502000.1708,"EQC - 177 Maunsell Road, Port Waikato, W","EQC - 177 Maunsell Road, Port Waikato, Waikato, 2695, NZL",IAG New Zealand Limited,2023-06-19,HM,Ryan Tutbury,174.714391,-37.397636,,False,
1502000.1709,1502000,1502000.1709,"EQC - 80 Bell Street, Judea, Tauranga","EQC - 80 Bell Street, Judea, Tauranga, Bay of Plenty, 3110, NZL",IAG New Zealand Limited,2023-06-21,HM,Ryan Tutbury,176.139638,-37.696639,,False,
1502000.1710,1502000,1502000.1710,"EQC - 68 Echo Valley Way, Tauriko, Taura","EQC - 68 Echo Valley Way, Tauriko, Tauranga, Bay of Plenty, 3110, NZL",IAG New Zealand Limited,2023-06-21,HM,Ryan Tutbury,176.101336,-37.720894,,False,
1502000.1711,1502000,1502000.1711,"EQC- 207 Matokitoki Valley Road, Matokit","EQC- 207 Matokitoki Valley Road, Matokitoki, Waimata, Gisborne, 4071, NZL",IAG New Zealand Limited,2023-06-21,HM,Ryan Tutbury,178.007181,-38.616873,,False,
1502000.1712,1502000,1502000.1712,"EQC - 16 Gretel Place, Hillcrest","EQC - 16 Gretel Place, Hillcrest, Auckland, 0627, NZL",IAG New Zealand Limited,2023-06-21,AK,Philip Mathewson,174.725923,-36.798004,,False,
1502000.1713,1502000,1502000.1713,"EQC - 38 Abel Road, Helensville","EQC - 38 Abel Road, Helensville, Auckland, 0871, NZL",IAG New Zealand Limited,2023-06-21,AK,Philip Mathewson,174.460386,-36.646653,,False,
1502000.1714,1502000,1502000.1714,"EQC - 1/165 Balmain Road, Birkenhead","EQC - 1/165 Balmain Road, Birkenhead, Auckland, 0626, NZL",IAG New Zealand Limited,2023-06-21,AK,Philip Mathewson,174.701511,-36.813257,,False,
1502000.1715,1502000,1502000.1715,"EQC - 2/41A Byron Avenue, Takapuna","EQC - 2/41A Byron Avenue, Takapuna, Auckland, 0622, NZL",IAG New Zealand Limited,2023-06-21,AK,Philip Mathewson,174.768144,-36.791894,,False,
1502000.1718,1502000,1502000.1718,"EQC - 64 Powrie Street, Glenfield","EQC - 64 Powrie Street, Glenfield, Auckland, 0629, NZL",IAG New Zealand Limited,2023-06-21,AK,Philip Mathewson,174.716467,-36.785954,,False,
1502000.1719,1502000,1502000.1719,"EQC - 22 Western Road, Laingholm","EQC - 22 Western Road, Laingholm, Auckland, 0604, NZL",IAG New Zealand Limited,2023-06-21,AK,Philip Mathewson,174.637661,-36.967362,,False,
1502000.1721,1502000,1502000.1721,"EQC - 5 St Pats Grv, Nukuhau, Taupo, 333","EQC - 5 St Pats Grv, Nukuhau, Taupo, 3330, NZL",IAG New Zealand Limited,2023-06-22,HM,Ryan Tutbury,176.059976,-38.676328,,False,
1502000.1722,1502000,1502000.1722,"EQC - 41 View Road, Houghton Bay, WGTN","EQC - 41 View Road, Houghton Bay, Wellington, 6023, NZL",IAG New Zealand Limited,2023-06-22,WN,Shirley Wang,174.789568,-41.335539,Wellington City,True,
1502000.1723,1502000,1502000.1723,"EQC - 15 Plunket Street, Kelburn, WGTN","EQC - 15 Plunket Street, Kelburn, Wellington, 6012, NZL",IAG New Zealand Limited,2023-06-22,WN,Shirley Wang,174.760707,-41.289181,Wellington City,True,
1502000.1724,1502000,1502000.1724,"EQC - 1180 East Coast Road, Redvale","EQC - 1180 East Coast Road, Redvale, Auckland, 0794, NZL",IAG New Zealand Limited,2023-06-23,AK,Philip Mathewson,174.707086,-36.697852,,False,
1502000.1725,1502000,1502000.1725,"EQC - 50 Wrights Hill Road, Karori, WGTN","EQC - 50 Wrights Hill Road, Karori, Wellington, 6012, NZL",IAG New Zealand Limited,2023-06-23,WN,Shirley Wang,174.737938,-41.293089,Wellington City,True,
1502000.1726,1502000,1502000.1726,"EQC - 28 Hillcrest Road, Hatfields Beach","EQC - 28 Hillcrest Road, Hatfields Beach, Orewa, Auckland, 0931, NZL",IAG New Zealand Limited,2023-06-25,AK,Philip Mathewson,174.688325,-36.572222,,False,
1502000.1728,1502000,1502000.1728,"EQC - 66A Wakeman Street, Pahiatua","EQC - 66A Wakeman Street, Pahiatua, Manawatu-Whanganui, 4910, NZL",IAG New Zealand Limited,2023-06-26,WN,Shirley Wang,175.849811,-40.455949,,False,
1502000.1730,1502000,1502000.1730,"EQC - 11 Von Dadelszen Pl, Havelock Nort","EQC - 11 Von Dadelszen Pl, Havelock North, 4130, NZL",IAG New Zealand Limited,2023-06-28,HM,Ryan Tutbury,176.88546,-39.679684,,False,
1502000.1732,1502000,1502000.1732,"EQC- 248 State Highway 51, Mangateretere","EQC- 248 State Highway 51, Mangateretere, Whakatu, Hawke's Bay, 4180, NZL",IAG New Zealand Limited,2023-06-28,HM,Ryan Tutbury,176.889176,-39.621391,,False,
1502000.1733,1502000,1502000.1733,"EQC - 69 Princes Street, Northcote Point","EQC - 69 Princes Street, Northcote Point, Auckland, 0627, NZL",IAG New Zealand Limited,2023-06-28,AK,Philip Mathewson,174.749393,-36.821307,,False,
1502000.1735,1502000,1502000.1735,"EQC - 37A Flemington Place, Tikitere, Ro","EQC - 37A Flemington Place, Tikitere, Rotorua, Bay of Plenty, 3074, NZL",IAG New Zealand Limited,2023-06-30,HM,Ryan Tutbury,176.33736,-38.070519,,False,
1502000.1736,1502000,1502000.1736,"EQC - 7 Chevron Place, Castor Bay","EQC - 7 Chevron Place, Castor Bay, Auckland, 0620, NZL",IAG New Zealand Limited,2023-07-02,AK,Philip Mathewson,174.75901,-36.758971,,False,
1502000.1737,1502000,1502000.1737,"EQC - Flat 1 & 2, 96 Severn Street, WGTN","EQC - Flat 1 & 2, 96 Severn Street, Island Bay, Wellington, 6023, NZL",IAG New Zealand Limited,2023-07-03,WN,Shirley Wang,174.764059,-41.342207,Wellington City,True,
1502000.1738,1502000,1502000.1738,"EQC - 29 Waiapu Road, Kelburn, WGTN","EQC - 29 Waiapu Road, Kelburn, Wellington, 6012, NZL",IAG New Zealand Limited,2023-07-03,WN,Shirley Wang,174.754348,-41.288978,Wellington City,True,
1502000.1740,1502000,1502000.1740,"NHC - 38 Peakes Road, Saint Johns Hill","NHC - 38 Peakes Road, Saint Johns Hill, Whanganui, Manawatu-Whanganui, 4501, NZL",IAG New Zealand Limited,2023-07-03,WN,Shirley Wang,175.031139,-39.919461,,False,
1502000.1741,1502000,1502000.1741,"EQC - 3435 State Highway 5, Te Pohue","EQC - 3435 State Highway 5, Te Pohue, Napier, Hawke's Bay, 4182, NZL #HBEQC",IAG New Zealand Limited,2023-07-04,HM,Ryan Tutbury,176.691028,-39.215873,,False,
1502000.1742,1502000,1502000.1742,"EQC - 76B Joll Rd, Havelock North","EQC - 76B Joll Rd, Havelock North, 4130, NZL #HBEQC",IAG New Zealand Limited,2023-07-04,HM,Ryan Tutbury,176.882161,-39.676237,,False,
1502000.1743,1502000,1502000.1743,"EQC - 7 Argyle Rd, Browns Bay","EQC - 7 Argyle Rd, Browns Bay, Auckland, 0630, NZL",IAG New Zealand Limited,2023-07-04,AK,Philip Mathewson,174.745048,-36.718263,,False,
1502000.1744,1502000,1502000.1744,"EQC - 459 Opito Bay Rd, Kerikeri","EQC - 459 Opito Bay Rd, Kerikeri, 0294, NZL",IAG New Zealand Limited,2023-07-04,AK,Philip Mathewson,174.044036,-35.192836,,False,
1502000.1745,1502000,1502000.1745,"EQC - 10 Jellicoe Street, Mangapapa","EQC - 10 Jellicoe Street, Mangapapa, Gisborne, 4010, NZL",IAG New Zealand Limited,2023-07-05,HM,Ryan Tutbury,178.024387,-38.647911,,False,
1502000.1746,1502000,1502000.1746,"EQC - 3703 Tiniroto Road, Tiniroto","EQC - 3703 Tiniroto Road, Tiniroto, Manutuke, Gisborne, 4078, NZL",IAG New Zealand Limited,2023-07-05,HM,Ryan Tutbury,177.607219,-38.717627,,False,
1502000.1747,1502000,1502000.1747,"EQC - 23 Arama Street, Nukuhau, Taupo, W","EQC - 23 Arama Street, Nukuhau, Taupo, Waikato, 3330, NZL",IAG New Zealand Limited,2023-07-05,HM,Ryan Tutbury,176.06684,-38.675561,,False,
1502000.1748,1502000,1502000.1748,"EQC - 15 Caverhill Cres, Motunau","EQC - 15 Caverhill Cres, Motunau, Greta Valley, 7387, NZL",IAG New Zealand Limited,2023-07-05,CH,Anna Sleight,173.072673,-43.047049,,False,
1502000.1749,1502000,1502000.1749,"EQC - 1675 Colville Road, Amodeo Bay, Co","EQC - 1675 Colville Road, Amodeo Bay, Coromandel Forest Park, Waikato, 3584, NZL",IAG New Zealand Limited,2023-07-05,HM,Ryan Tutbury,175.458153,-36.669128,,False,
1502000.1750,1502000,1502000.1750,"EQC - 17 Caverhill Cres, Motunau","EQC - 17 Caverhill Cres, Motunau, Greta Valley, 7387, NZL",IAG New Zealand Limited,2023-07-05,CH,Anna Sleight,173.072507,-43.046969,,False,
1502000.1751,1502000,1502000.1751,"EQC - 21A Garbolino Road, Hakaru","EQC - 21A Garbolino Road, Hakaru, Kaiwaka, Northland, 0975, NZL",IAG New Zealand Limited,2023-07-05,AK,Philip Mathewson,174.538084,-36.131146,,False,
1502000.1752,1502000,1502000.1752,"EQC - 13D Bell St, Judea, Tauranga, 3110","EQC - 13D Bell St, Judea, Tauranga, 3110, NZL",IAG New Zealand Limited,2023-07-07,HM,Ryan Tutbury,176.135579,-37.697172,,False,
1502000.1753,1502000,1502000.1753,"EQC - 41 Mission Track, Pukekawa, Waikat","EQC - 41 Mission Track, Pukekawa, Waikato, 2696, NZL",IAG New Zealand Limited,2023-07-07,HM,Ryan Tutbury,174.949922,-37.315146,,False,
1502000.1754,1502000,1502000.1754,EQC - 151 Onewhero-Tuakau Bridge Road,"EQC - 151 Onewhero-Tuakau Bridge Road, Onewhero, Tuakau, Waikato, 2697, NZL",IAG New Zealand Limited,2023-07-07,HM,Ryan Tutbury,174.939692,-37.302939,,False,
1502000.1755,1502000,1502000.1755,"EQC - 61 Kokopu Lane, Mangawhai","EQC - 61 Kokopu Lane, Mangawhai, Northland, 0975, NZL",IAG New Zealand Limited,2023-07-08,AK,Philip Mathewson,174.556716,-36.15535,,False,
1502000.1756,1502000,1502000.1756,"EQC - 2B McEntee Road, Waitakere","EQC - 2B McEntee Road, Waitakere, Auckland, 0816, NZL",IAG New Zealand Limited,2023-07-08,AK,Philip Mathewson,174.544449,-36.852304,,False,
1502000.1757,1502000,1502000.1757,"EQC - 403C Don Buck Rd, Massey","EQC - 403C Don Buck Rd, Massey, Auckland, 0614, NZL",IAG New Zealand Limited,2023-07-08,AK,Philip Mathewson,174.604822,-36.834286,,False,
1502000.1758,1502000,1502000.1758,"EQC - 14 Koromiko Lane, Tikipunga","EQC - 14 Koromiko Lane, Tikipunga, Whangarei, Northland, 0175, NZL",IAG New Zealand Limited,2023-07-08,AK,Philip Mathewson,174.33949,-35.699554,,False,
1502000.1759,1502000,1502000.1759,"EQC - 877 Pakiri Road, Pakiri","EQC - 877 Pakiri Road, Pakiri, Wellsford, Auckland, 0972, NZL",IAG New Zealand Limited,2023-07-08,AK,Philip Mathewson,174.745113,-36.267581,,False,
1502000.1764,1502000,1502000.1764,"EQC - 4 Ely Pl, Bethlehem, Tauranga, 311","EQC - 4 Ely Pl, Bethlehem, Tauranga, 3110, NZL",IAG New Zealand Limited,2023-07-12,HM,Ryan Tutbury,176.134727,-37.702285,,False,
1502000.1765,1502000,1502000.1765,"EQC - 627 Tuki Tuki Road, Tuki Tuki, Hau","EQC - 627 Tuki Tuki Road, Tuki Tuki, Haumoana, Hawke's Bay, 4180, NZL #HBEQC",IAG New Zealand Limited,2023-07-13,HM,Ryan Tutbury,176.940727,-39.659487,,False,
1502000.1767,1502000,1502000.1767,"EQC - 5A Cadman Avenue, Waterview","EQC - 5A Cadman Avenue, Waterview, Auckland, 1026, NZL",IAG New Zealand Limited,2023-07-13,AK,Philip Mathewson,174.698743,-36.884585,,False,
1502000.1768,1502000,1502000.1768,"EQC - 34 Libnai Avenue, Clover Park","EQC - 34 Libnai Avenue, Clover Park, Auckland, 2019, NZL",IAG New Zealand Limited,2023-07-13,AK,Philip Mathewson,174.902306,-36.986689,,False,
1502000.1769,1502000,1502000.1769,"EQC - 379 Wairau Road, Totara Vale","EQC - 379 Wairau Road, Totara Vale, Auckland, 0629, NZL",IAG New Zealand Limited,2023-07-13,AK,Philip Mathewson,174.723718,-36.769073,,False,
1502000.1770,1502000,1502000.1770,"EQC - 86 Mountain Rd, Henderson Valley","EQC - 86 Mountain Rd, Henderson Valley, Auckland, 0612, NZL",IAG New Zealand Limited,2023-07-13,AK,Philip Mathewson,174.564535,-36.900526,,False,
1502000.1771,1502000,1502000.1771,"EQC - 5/34 Rata Street, New Lynn","EQC - 5/34 Rata Street, New Lynn, Auckland, 0600, NZL",IAG New Zealand Limited,2023-07-16,AK,Philip Mathewson,174.678399,-36.905928,,False,
1502000.1772,1502000,1502000.1772,"EQC - 2/15 Edmonton Road, Henderson","EQC - 2/15 Edmonton Road, Henderson, Auckland, 0612, NZL",IAG New Zealand Limited,2023-07-16,AK,Philip Mathewson,174.635717,-36.878073,,False,
1502000.1773,1502000,1502000.1773,"EQC - 129 The Avenue, Lucas Heights","EQC - 129 The Avenue, Lucas Heights, Auckland, 0632, NZL",IAG New Zealand Limited,2023-07-16,AK,Dion Willcocks,174.681148,-36.728767,,False,
1502000.1774,1502000,1502000.1774,"EQC - 34 Anchorage Grove, Maungatapu, Ta","EQC - 34 Anchorage Grove, Maungatapu, Tauranga, Bay of Plenty, 3112, NZL",IAG New Zealand Limited,2023-07-17,HM,Ryan Tutbury,176.174303,-37.717538,,False,
1502000.1775,1502000,1502000.1775,"NHC - 28 Hastings Road, Mairangi Bay","NHC - 28 Hastings Road, Mairangi Bay, Auckland, 0630, NZL",IAG New Zealand Limited,2023-07-17,AK,Stefan Huszak,174.749795,-36.739475,,False,
1502000.1776,1502000,1502000.1776,"EQC - 35 Woodstock Road, Forrest Hill","EQC - 35 Woodstock Road, Forrest Hill, Auckland, 0620, NZL",IAG New Zealand Limited,2023-07-17,AK,Philip Mathewson,174.746381,-36.754528,,False,
1502000.1777,1502000,1502000.1777,"EQC - 2/217 Lake Road, Belmont","EQC - 2/217 Lake Road, Belmont, Auckland, 0622, NZL",IAG New Zealand Limited,2023-07-17,AK,Philip Mathewson,174.787387,-36.803112,,False,
1502000.1778,1502000,1502000.1778,"EQC - 20 Rimutaka Place, Titirangi","EQC - 20 Rimutaka Place, Titirangi, Auckland, 0604, NZL",IAG New Zealand Limited,2023-07-17,AK,Philip Mathewson,174.636283,-36.944124,,False,
1502000.1780,1502000,1502000.1780,"EQC - 80 Garden Vly Rd, Brightwater 7091","EQC - 80 Garden Valley Road, Wairoa Valley, Brightwater 7091",IAG New Zealand Limited,2023-07-17,NE,Marcus Lovell,173.114198,-41.414763,,False,
1502000.1761,1502000,1502000.1761,"EQC - 35 Washington Road, Nelson 7010","EQC - 35 Washington Road, Washington Valley, Nelson 7010",IAG New Zealand Limited,2023-07-18,NE,Marcus Lovell,173.273803,-41.272325,,False,
1502000.1781,1502000,1502000.1781,"EQC - 5 Samson Road, Concord, Dunedin","EQC - 5 Samson Road, Concord, Dunedin, Otago, 9018, NZL",IAG New Zealand Limited,2023-07-19,CH,Anna Sleight,170.453076,-45.902513,,False,
1502000.1783,1502000,1502000.1783,"EQC - 77 Goodwin Road, Matokitoki, Waima","EQC - 77 Goodwin Road, Matokitoki, Waimata, Gisborne, 4071, NZL (Event One)",IAG New Zealand Limited,2023-07-20,HM,Ryan Tutbury,178.064638,-38.639025,,False,
1502000.1784,1502000,1502000.1784,"EQC - 532 West Coast Road, Oratia","EQC - 532 West Coast Road, Oratia, Auckland, 0604, NZL",IAG New Zealand Limited,2023-07-20,AK,Philip Mathewson,174.623114,-36.911091,,False,
1502000.1785,1502000,1502000.1785,"EQC-21 Woodlands Road, Gordonton, Taupir","EQC-21 Woodlands Road, Gordonton, Taupiri, Waikato, 3281, NZL",IAG New Zealand Limited,2023-07-20,HM,Ryan Tutbury,175.305974,-37.66855,,False,
1502000.1786,1502000,1502000.1786,"EQC - 22 Spencer Road, Lake Tarawera, Ro","EQC - 22 Spencer Road, Lake Tarawera, Rotorua, Bay of Plenty, 3076, NZL",IAG New Zealand Limited,2023-07-20,HM,Ryan Tutbury,176.388594,-38.201137,,False,
1502000.1787,1502000,1502000.1787,"EQC - 16 Lytton Road, Riverdale, Gisborn","EQC - 16 Lytton Road, Riverdale, Gisborne, 4010, NZL",IAG New Zealand Limited,2023-07-20,HM,Ryan Tutbury,178.003217,-38.641109,,False,
1502000.1789,1502000,1502000.1789,"EQC - 332A Te Karaka Rd, Panguru","NHC - 332A Te Karaka Road, Panguru, RD2 Kohukohu, Hokianga, Northland",IAG New Zealand Limited,2023-07-20,AK,Dion Willcocks,173.404611,-35.423874,,False,
1502000.1790,1502000,1502000.1790,"EQC - 443 Koutu Loop Road, Opononi","EQC - 443 Koutu Loop Road, Opononi, Northland, 0473, NZL",IAG New Zealand Limited,2023-07-20,AK,Philip Mathewson,173.424561,-35.469733,,False,
1502000.1791,1502000,1502000.1791,"EQC - 134 Upper Harbour Dr, Greenhithe","EQC - 134 Upper Harbour Dr, Greenhithe, Auckland, 0632, NZL",IAG New Zealand Limited,2023-07-20,AK,Philip Mathewson,174.688299,-36.77647,,False,
1502000.1792,1502000,1502000.1792,"EQC - 2/17 Manuwai Road, Torbay","EQC - 2/17 Manuwai Road, Torbay, Auckland, 0630, NZL",IAG New Zealand Limited,2023-07-20,AK,Philip Mathewson,174.746036,-36.693884,,False,
1502000.1793,1502000,1502000.1793,"EQC - 247 Upper Harbour Dr, Greenhithe","EQC - 247 Upper Harbour Dr, Greenhithe, Auckland, 0632, NZL",IAG New Zealand Limited,2023-07-20,AK,Philip Mathewson,174.696467,-36.770662,,False,
1502000.1794,1502000,1502000.1794,"EQC - 85 Milton Road, Bluff Hill, Napier","EQC - 85 Milton Road, Bluff Hill, Napier, Hawke's Bay, 4110, NZL #HBEQC",IAG New Zealand Limited,2023-07-21,HM,Ryan Tutbury,176.908365,-39.485569,,False,
1502000.1796,1502000,1502000.1796,"EQC - 22 Walford Road, Point Chevalier","EQC - 22 Walford Road, Point Chevalier, Auckland, 1022, NZL",IAG New Zealand Limited,2023-07-23,AK,Philip Mathewson,174.706772,-36.861125,,False,
1502000.1797,1502000,1502000.1797,"EQC - 9A Morice Place, Torbay","EQC - 9A Morice Place, Torbay, Auckland, 0630, NZL",IAG New Zealand Limited,2023-07-23,AK,Philip Mathewson,174.727893,-36.703712,,False,
1502000.1798,1502000,1502000.1798,"EQC - 2/7 Morice Place, Torbay","EQC - 2/7 Morice Place, Torbay, Auckland, 0630, NZL",IAG New Zealand Limited,2023-07-23,AK,Philip Mathewson,174.728033,-36.703771,,False,
1502000.1799,1502000,1502000.1799,"EQC - 1/7 Morice Place, Torbay","EQC - 1/7 Morice Place, Torbay, Auckland, 0630, NZL",IAG New Zealand Limited,2023-07-23,AK,Philip Mathewson,174.728147,-36.703843,,False,
1502000.1800,1502000,1502000.1800,"EQC - 77 James Cook Drive, Welcome Bay,","EQC - 77 James Cook Drive, Welcome Bay, Tauranga, Bay of Plenty, 3112, NZL",IAG New Zealand Limited,2023-07-24,HM,Ryan Tutbury,176.185538,-37.726647,,False,
1502000.1801,1502000,1502000.1801,"EQC - 122A Oropi Rd, Greerton, Tauranga,","EQC - 122A Oropi Rd, Greerton, Tauranga, 3112, NZL",IAG New Zealand Limited,2023-07-24,HM,Ryan Tutbury,176.143164,-37.736339,,False,
1502000.1803,1502000,1502000.1803,"EQC - 32A Tanner Street, Havelock North,","EQC - 32A Tanner Street, Havelock North, Hawke's Bay, 4130, NZL",IAG New Zealand Limited,2023-07-25,HM,Ryan Tutbury,176.887426,-39.677526,,False,
1502000.1804,1502000,1502000.1804,"EQC - 1 Flounder Point Road, Stillwater","EQC - 1 Flounder Point Road, Stillwater, Auckland, 0993, NZL",IAG New Zealand Limited,2023-07-25,AK,Philip Mathewson,174.717223,-36.639427,,False,
1502000.1805,1502000,1502000.1805,"EQC - 10 Opou Road, Titirangi","EQC - 10 Opou Road, Titirangi, Auckland, 0604, NZL",IAG New Zealand Limited,2023-07-25,AK,Philip Mathewson,174.664966,-36.946474,,False,
1502000.1807,1502000,1502000.1807,"EQC - 127 Lynbrooke Ave, Blockhouse Bay","EQC - 127 Lynbrooke Ave, Blockhouse Bay, Auckland, 0600, NZL",IAG New Zealand Limited,2023-07-25,AK,Philip Mathewson,174.710482,-36.926714,,False,
1502000.1808,1502000,1502000.1808,"EQC - 31 Riverside Road, Whataupoko, Gis","EQC - 31 Riverside Road, Whataupoko, Gisborne, 4010, NZL",IAG New Zealand Limited,2023-07-25,HM,Ryan Tutbury,178.04372,-38.663876,,False,
1502000.1809,1502000,1502000.1809,"EQC - 66 Hadfield Street, Beach Haven","EQC - 66 Hadfield Street, Beach Haven, Auckland, 0626, NZL",IAG New Zealand Limited,2023-07-26,AK,Philip Mathewson,174.691262,-36.806103,,False,
1502000.1811,1502000,1502000.1811,"EQC - 71 Whangamoa Drive, Okere Falls, R","EQC - 71 Whangamoa Drive, Okere Falls, Rotorua, Bay of Plenty, 3074, NZL",IAG New Zealand Limited,2023-07-27,HM,Ryan Tutbury,176.369566,-38.013986,,False,
1502000.1812,1502000,1502000.1812,"EQC - 24 Tukura Road, Inner Kaiti, Gisbo","EQC - 24 Tukura Road, Inner Kaiti, Gisborne, 4010, NZL",IAG New Zealand Limited,2023-07-27,HM,Ryan Tutbury,178.038203,-38.665049,,False,
1502000.1813,1502000,1502000.1813,"EQC - 111A Seabrook Ave, New Lynn","EQC - 111A Seabrook Ave, New Lynn, Auckland, 0600, NZL",IAG New Zealand Limited,2023-07-27,AK,Philip Mathewson,174.67091,-36.918887,,False,
1502000.1814,1502000,1502000.1814,"EQC - 44 Tasman Heights, Kaitaia","EQC - 44 Tasman Heights, Kaitaia, Northland, 0481, NZL",IAG New Zealand Limited,2023-07-27,AK,Philip Mathewson,173.142198,-35.174915,,False,
1502000.1815,1502000,1502000.1815,"EQC-5 Fowlers Avenue, Frankton, Hamilton","EQC-5 Fowlers Avenue, Frankton, Hamilton, Waikato, 3204, NZL",IAG New Zealand Limited,2023-07-27,HM,Ryan Tutbury,175.271231,-37.79214,,False,
1502000.1816,1502000,1502000.1816,"EQC - 20 Vaughans Road, Long Bay","EQC - 20 Vaughans Road, Long Bay, Auckland, 0792, NZL",IAG New Zealand Limited,2023-07-27,AK,Philip Mathewson,174.722334,-36.689081,,False,
1502000.1817,1502000,1502000.1817,"EQC - 32 Reotahi Road, Whangarei Heads","EQC - 32 Reotahi Road, Whangarei Heads, Northland, 0174, NZL",IAG New Zealand Limited,2023-07-27,AK,Philip Mathewson,174.498127,-35.818644,,False,
1502000.1818,1502000,1502000.1818,"EQC - 88A Sheffield Rd, Helensville","EQC - 88A Sheffield Rd, Helensville, 0875, NZL",IAG New Zealand Limited,2023-07-27,AK,Philip Mathewson,174.475337,-36.647217,,False,
1502000.1861,1502000,1502000.1861,"EQC-146 Esk Road, Miranda, Kaiaua","EQC-146 Esk Road, Miranda, Kaiaua, Waikato, 2473, NZL",IAG New Zealand Limited,2023-07-27,HM,Ryan Tutbury,175.275671,-37.205552,,False,
1502000.1819,1502000,1502000.1819,"EQC - 91 Shaw Rd, Oratia","EQC - 91 Shaw Rd, Oratia, Auckland, 0604, NZL",IAG New Zealand Limited,2023-07-28,AK,Philip Mathewson,174.624126,-36.924949,,False,
1502000.1820,1502000,1502000.1820,"EQC - 1440 Crownthorpe Settlement Road,","EQC - 1440 Crownthorpe Settlement Road, Crownthorpe, Maraekakaho, Hawke's Bay, 4179, NZL #HBEQC",IAG New Zealand Limited,2023-07-28,HM,Ryan Tutbury,176.560486,-39.536226,,False,
1502000.1822,1502000,1502000.1822,"EQC - 258 Big Bay Road, Manukau Heads","EQC - 258 Big Bay Road, Manukau Heads, Auckland, 2684, NZL",IAG New Zealand Limited,2023-07-28,AK,Philip Mathewson,174.641809,-37.043599,,False,
1502000.1824,1502000,1502000.1824,"EQC - 65 Stott Avenue, Birkdale","EQC - 65 Stott Avenue, Birkdale, Auckland, 0626, NZL",IAG New Zealand Limited,2023-07-29,AK,Philip Mathewson,174.698747,-36.802742,,False,
1502000.1825,1502000,1502000.1825,"EQC - 3B Emily Lane, Greenhithe","EQC - 3B Emily Lane, Greenhithe, Auckland, 0632, NZL",IAG New Zealand Limited,2023-07-29,AK,Philip Mathewson,174.702727,-36.763084,,False,
1502000.1826,1502000,1502000.1826,"EQC - 9 Kewa Road, Albany Heights","EQC - 9 Kewa Road, Albany Heights, Auckland, 0632, NZL",IAG New Zealand Limited,2023-07-29,AK,Philip Mathewson,174.707029,-36.71166,,False,
1502000.1827,1502000,1502000.1827,"EQC - 346 Oneriri Road, Kaiwaka","EQC - 346 Oneriri Road, Kaiwaka, Maungaturoto, Northland, 0573, NZL",IAG New Zealand Limited,2023-07-29,AK,Philip Mathewson,174.414711,-36.17614,,False,
1502000.1830,1502000,1502000.1830,"EQC - 55 Oaia Road, Muriwai","EQC - 55 Oaia Road, Muriwai, Auckland, 0881, NZL",IAG New Zealand Limited,2023-07-29,AK,Philip Mathewson,174.442026,-36.823239,,False,
1502000.1831,1502000,1502000.1831,"EQC - 2060 Awhitu Rd, Waiuku","EQC - 2060 Awhitu Rd, Waiuku",IAG New Zealand Limited,2023-07-29,AK,Philip Mathewson,174.607923,-37.141233,,False,
1502000.1832,1502000,1502000.1832,"EQC - 137 Pinchgut Road, Kaukapakapa","EQC - 137 Pinchgut Road, Kaukapakapa, Auckland, 0873, NZL",IAG New Zealand Limited,2023-07-29,AK,Philip Mathewson,174.478064,-36.621124,,False,
1502000.1833,1502000,1502000.1833,"EQC - 44 Chamberlain Road, Massey","EQC - 44 Chamberlain Road, Massey, Auckland, 0614, NZL",IAG New Zealand Limited,2023-07-29,AK,Philip Mathewson,174.604821,-36.847162,,False,
1502000.1834,1502000,1502000.1834,"EQC - 288 Whau Valley Road, Whau Valley","EQC - 288 Whau Valley Road, Whau Valley, Whangarei, Northland, 0112, NZL",IAG New Zealand Limited,2023-07-29,AK,Philip Mathewson,174.294306,-35.700713,,False,
1502000.1835,1502000,1502000.1835,"EQC - 12B Oriana Avenue, Lynfield","EQC - 12B Oriana Avenue, Lynfield, Auckland, 1042, NZL",IAG New Zealand Limited,2023-07-29,AK,Philip Mathewson,174.724583,-36.929931,,False,
1502000.1836,1502000,1502000.1836,"EQC - 94 Melanesia Road, St Heliers","EQC - 94 Melanesia Road, St Heliers, Auckland, 1071, NZL",IAG New Zealand Limited,2023-07-30,AK,Ben Francis,174.849983,-36.854536,,False,
1502000.1729,1502000,1502000.1729,"94 Melanesia Road, St Heliers","94 Melanesia Road, St Heliers, Auckland, 1071, NZL",IAG New Zealand Limited,2023-07-31,AK,Ben Francis,174.84999356600008,-36.85446254799996,,False,
1502000.1762,1502000,1502000.1762,"21 Arama Street, Nukuhau, Taupo, Waikato","21 Arama Street, Nukuhau, Taupo, Waikato, 3330, NZL",IAG New Zealand Limited,2023-07-31,HM,Ryan Tutbury,176.066559,-38.675762,,False,
1502000.1837,1502000,1502000.1837,"EQC - 452 Seafield Road, Puketapu, Napie","EQC - 452 Seafield Road, Puketapu, Napier, Hawke's Bay, 4182, NZL #HBEQC",IAG New Zealand Limited,2023-07-31,HM,Ryan Tutbury,176.816713,-39.425287,,False,
1502000.1838,1502000,1502000.1838,"EQC - 944 Puketitiri Road, Puketapu, Has","EQC - 944 Puketitiri Road, Puketapu, Hastings, Hawke's Bay, 4182, NZL #HBEQC",IAG New Zealand Limited,2023-07-31,HM,Ryan Tutbury,176.788114,-39.460673,,False,
1502000.1839,1502000,1502000.1839,"EQC - 3 Plassey St, Havelock North, 4130","EQC - 3 Plassey Street, Havelock North, 4130, NZL #HBEQC",IAG New Zealand Limited,2023-07-31,HM,Ryan Tutbury,176.879453,-39.674426,,False,
1502000.1840,1502000,1502000.1840,"EQC - 335 Takapau Road, Tolaga Bay, Gisb","EQC - 335 Takapau Road, Tolaga Bay, Gisborne, 4077, NZL",IAG New Zealand Limited,2023-07-31,HM,Ryan Tutbury,178.167992,-38.344743,,False,
1502000.1841,1502000,1502000.1841,"EQC - 170 Battery Rd, Ahuriri, Napier, 4","EQC - 170 Battery Rd, Ahuriri, Napier, 4110, NZL #HBEQC",IAG New Zealand Limited,2023-07-31,HM,Ryan Tutbury,176.897772,-39.487327,,False,
1502000.1842,1502000,1502000.1842,"EQC - 223 Ohiti Road, Crownthorpe, Hasti","EQC - 223 Ohiti Road, Crownthorpe, Hastings, Hawke's Bay, 4179, NZL #HBEQC",IAG New Zealand Limited,2023-07-31,HM,Ryan Tutbury,176.720362,-39.591278,,False,
1502000.1843,1502000,1502000.1843,"EQC - 19 Eskridge Dr, Eskdale, Napier, 4","EQC - 19 Eskridge Drive, Eskdale, Napier, 4182, NZL #HBEQC",IAG New Zealand Limited,2023-07-31,HM,Ryan Tutbury,176.850878,-39.402827,,False,
1502000.1845,1502000,1502000.1845,"EQC - 39 Wirihana Road, Titirangi","EQC - 39 Wirihana Road, Titirangi, Auckland, 0604, NZL",IAG New Zealand Limited,2023-07-31,AK,Philip Mathewson,174.645045,-36.930712,,False,
1502000.1846,1502000,1502000.1846,"EQC - 192 Konini Road, Titirangi","EQC - 192 Konini Road, Titirangi, Auckland, 0604, NZL",IAG New Zealand Limited,2023-07-31,AK,Philip Mathewson,174.644586,-36.934858,,False,
1502000.1847,1502000,1502000.1847,"EQC - 15 York Road, Titirangi","EQC - 15 York Road, Titirangi, Auckland, 0604, NZL",IAG New Zealand Limited,2023-07-31,AK,Philip Mathewson,174.633801,-36.94207,,False,
1502000.1848,1502000,1502000.1848,"EQC - 13 Glenbury Place, Massey","EQC - 13 Glenbury Place, Massey, Auckland, 0614, NZL",IAG New Zealand Limited,2023-07-31,AK,Philip Mathewson,174.621224,-36.828969,,False,
1502000.1849,1502000,1502000.1849,"EQC - 3 Highway View Ln, Schnapper Rock","EQC - 3 Highway View Ln, Schnapper Rock, Auckland, 0632, NZL",IAG New Zealand Limited,2023-07-31,AK,Philip Mathewson,174.688189,-36.75861,,False,
1502000.1850,1502000,1502000.1850,"EQC - 101 Enfield Drive, Pakipaki, Pouka","EQC - 101 Enfield Drive, Pakipaki, Poukawa, Hawke's Bay, 4172, NZL #HBEQC",IAG New Zealand Limited,2023-08-01,HM,Ryan Tutbury,176.798036,-39.707734,,False,
1502000.1851,1502000,1502000.1851,"EQC - 1121 Elsthorpe Road, Otane, Hawke'","EQC - 1121 Elsthorpe Road, Otane, Hawke's Bay, 4277, NZL #HBEQC",IAG New Zealand Limited,2023-08-01,HM,Ryan Tutbury,176.720566,-39.906645,,False,
1502000.1852,1502000,1502000.1852,"EQC - 1275 Maraetotara Road, Maraetotara","EQC - 1275 Maraetotara Road, Maraetotara, Waimarama, Hawke's Bay, 4294, NZL #HBEQC",IAG New Zealand Limited,2023-08-01,HM,Ryan Tutbury,176.905247,-39.813966,,False,
1502000.1853,1502000,1502000.1853,EQC - 24 Beswick Pl & 23 Utting St,"EQC - 24 Beswick Pl & 23 Utting St, Beachhaven, North Shore, Auckland",IAG New Zealand Limited,2023-08-01,AK,Philip Mathewson,174.703467,-36.797721,,False,
1502000.1854,1502000,1502000.1854,"EQC - 919 Kahuranaki Road, Kahuranaki, H","EQC - 919 Kahuranaki Road, Kahuranaki, Hawke's Bay, 4295, NZL",IAG New Zealand Limited,2023-08-01,HM,Ryan Tutbury,176.855845,-39.760489,,False,
1502000.1855,1502000,1502000.1855,"EQC - 17 Tauroa Valley, Havelock North,","EQC - 17 Tauroa Valley, Havelock North, Hawke's Bay, 4130, NZL",IAG New Zealand Limited,2023-08-01,HM,Ryan Tutbury,176.893818,-39.692001,,False,
1502000.1856,1502000,1502000.1856,"EQC - 9 Convent Road, Bluff Hill, Napier","EQC - 9 Convent Road, Bluff Hill, Napier, Hawke's Bay, 4110, NZL",IAG New Zealand Limited,2023-08-01,HM,Ryan Tutbury,176.91162,-39.483928,,False,
1502000.1857,1502000,1502000.1857,"EQC - 67 Waiohiki Rd, Waiohiki, Napier,","EQC - 67 Waiohiki Rd, Waiohiki, Napier, 4183, NZL",IAG New Zealand Limited,2023-08-01,AK,Ryan Tutbury,176.837756,-39.555078,,False,
1502000.1858,1502000,1502000.1858,"EQC - 150 Waller Road, Mauku","EQC - 150 Waller Road, Mauku, Waiuku, Waikato, 2678, NZL",IAG New Zealand Limited,2023-08-01,AK,Philip Mathewson,174.827046,-37.238641,,False,
1502000.1859,1502000,1502000.1859,"EQC - 8 Wesley Bay Glade, Hillsborough","EQC - 8 Wesley Bay Glade, Hillsborough, Auckland, 1042, NZL",IAG New Zealand Limited,2023-08-02,AK,Philip Mathewson,174.748113,-36.932008,,False,
1502000.1860,1502000,1502000.1860,"EQC - 340 Ridge Road, Coatesville","EQC - 340 Ridge Road, Coatesville, Auckland, 0793, NZL",IAG New Zealand Limited,2023-08-02,AK,Philip Mathewson,174.653022,-36.739626,,False,
1502000.1862,1502000,1502000.1862,"EQC - 27B Armadale Rd, Remuera","EQC -27B Armadale Rd, Remuera, Auckland, 1050, NZL",IAG New Zealand Limited,2023-08-02,AK,Philip Mathewson,174.792953,-36.883452,,False,
1502000.1863,1502000,1502000.1863,"EQC - 68 Princes Street, Riverhead","EQC - 68 Princes Street, Riverhead, Auckland, 0820, NZL",IAG New Zealand Limited,2023-08-02,AK,Philip Mathewson,174.596189,-36.762173,,False,
1502000.1864,1502000,1502000.1864,"EQC - 94 Churchill Drive, Taradale, Napi","EQC - 94 Churchill Drive, Taradale, Napier, Hawke's Bay, 4112, NZL #HBEQC",IAG New Zealand Limited,2023-08-02,HM,Ryan Tutbury,176.833573,-39.544614,,False,
1502000.1866,1502000,1502000.1866,"EQC - 5 Manahi Avenue, Kawaha Point, Rot","EQC - 5 Manahi Avenue, Kawaha Point, Rotorua, Bay of Plenty, 3010, NZL",IAG New Zealand Limited,2023-08-02,HM,Ryan Tutbury,176.243426,-38.103921,,False,
1502000.1867,1502000,1502000.1867,"EQC - 8A Cathedral Road, Gore Bay","EQC - 8A Cathedral Road, Gore Bay, Canterbury, 7383, NZL",IAG New Zealand Limited,2023-08-02,CH,Anna Sleight,173.308034,-42.862104,,False,
1502000.1868,1502000,1502000.1868,"EQC - 95 Aeroview Drive, Beach Haven","EQC - 95 Aeroview Drive, Beach Haven, Auckland, 0626, NZL",IAG New Zealand Limited,2023-08-02,AK,Philip Mathewson,174.682052,-36.793348,,False,
1502000.1869,1502000,1502000.1869,"EQC - 21 Maui Grove, Remuera","EQC - 21 Maui Grove, Remuera, Auckland, 1050, NZL",IAG New Zealand Limited,2023-08-02,AK,Philip Mathewson,174.781535,-36.867992,,False,
1502000.1870,1502000,1502000.1870,"EQC-12 Egret Avenue, Maungatapu, Taurang","EQC-12 Egret Avenue, Maungatapu, Tauranga, Bay of Plenty, 3112, NZL",IAG New Zealand Limited,2023-08-02,HM,Ryan Tutbury,176.179748,-37.720182,,False,
1502000.1871,1502000,1502000.1871,"EQC - 12 Squirrel Lane, Browns Bay","EQC - 12 Squirrel Lane, Browns Bay, Auckland, 0630, NZL",IAG New Zealand Limited,2023-08-02,AK,Philip Mathewson,174.732478,-36.722397,,False,
1502000.1872,1502000,1502000.1872,"EQC - 6 Merivale Avenue, Epsom","EQC - 6 Merivale Avenue, Epsom, Auckland, 1023, NZL",IAG New Zealand Limited,2023-08-02,AK,Philip Mathewson,174.768732,-36.893213,,False,
1502000.1874,1502000,1502000.1874,"EQC - 1 Fourth Avenue, Tauranga, Bay of","EQC - 1 Fourth Avenue, Tauranga, Bay of Plenty, 3110, NZL",IAG New Zealand Limited,2023-08-02,HM,Ryan Tutbury,176.168683,-37.69153,,False,
1502000.1875,1502000,1502000.1875,"EQC - 107B Bellevue Rd, Brookfield, Taur","EQC - 107B Bellevue Rd, Brookfield, Tauranga, 3110, NZL",IAG New Zealand Limited,2023-08-02,HM,Ryan Tutbury,176.133676,-37.688626,,False,
1502000.1876,1502000,1502000.1876,"EQC - 80A Clovelly Road, Bucklands Beach","EQC - 80A Clovelly Road, Bucklands Beach, Auckland, 2012, NZL",IAG New Zealand Limited,2023-08-02,AK,Philip Mathewson,174.906409,-36.86178,,False,
1502000.1877,1502000,1502000.1877,"EQC - 65 Sylvan Avenue, Northcote","EQC - 65 Sylvan Avenue, Northcote, Auckland, 0627, NZL",IAG New Zealand Limited,2023-08-02,AK,Philip Mathewson,174.754331,-36.810257,,False,
1502000.1878,1502000,1502000.1878,"EQC - 12A Hastings Road, Mairangi Bay","EQC - 12A Hastings Road, Mairangi Bay, Auckland, 0630, NZL",IAG New Zealand Limited,2023-08-02,AK,Philip Mathewson,174.751721,-36.739797,,False,
1502000.1879,1502000,1502000.1879,"EQC - 14 Wesley Bay Glade, Hillsborough","EQC - 14 Wesley Bay Glade, Hillsborough, Auckland, 1042, NZL",IAG New Zealand Limited,2023-08-02,AK,Philip Mathewson,174.747486,-36.932184,,False,
1502000.1880,1502000,1502000.1880,"EQC - 55 Wood Bay Road, Titirangi","EQC - 55 Wood Bay Road, Titirangi, Auckland, 0604, NZL",IAG New Zealand Limited,2023-08-02,AK,Philip Mathewson,174.663081,-36.943179,,False,
1502000.1881,1502000,1502000.1881,"EQC - 7 Girrahween Dr, Totara Vale","EQC - 7 Girrahween Dr, Totara Vale, Auckland, 0632, NZL",IAG New Zealand Limited,2023-08-02,AK,Philip Mathewson,174.720877,-36.764983,,False,
1502000.1882,1502000,1502000.1882,"EQC -3/313 Hillsborough Rd, Hillsborough","EQC - 3/313 Hillsborough Rd, Hillsborough, Auckland, 1042, NZL",IAG New Zealand Limited,2023-08-03,AK,Philip Mathewson,174.747074,-36.928607,,False,
1502000.1883,1502000,1502000.1883,"EQC -78 Green Hollows Road, Puhoi","EQC -78 Green Hollows Road, Puhoi, Wainui, Auckland, 0994, NZL",IAG New Zealand Limited,2023-08-03,AK,Philip Mathewson,174.655074,-36.539906,,False,
1502000.1884,1502000,1502000.1884,"EQC -20 Leburn Crescent, Flat Bush","EQC -20 Leburn Crescent, Flat Bush, Auckland, 2016, NZL",IAG New Zealand Limited,2023-08-03,AK,Philip Mathewson,174.928792,-36.956827,,False,
1502000.1885,1502000,1502000.1885,"EQC -19B Cherub Pl, West Harbour","EQC -19B Cherub Pl, West Harbour, Auckland, 0618, NZL",IAG New Zealand Limited,2023-08-03,AK,Philip Mathewson,174.634924,-36.809606,,False,
1502000.1886,1502000,1502000.1886,"EQC - 283 Napier Road, Havelock North, H","EQC - 283 Napier Road, Havelock North, Hawke's Bay, 4180, NZL #HBEQC",IAG New Zealand Limited,2023-08-03,HM,Ryan Tutbury,176.890028,-39.646544,,False,
1502000.1887,1502000,1502000.1887,"EQC - 21 Von Dadelszen Place, Havelock N","EQC - 21 Von Dadelszen Place, Havelock North, Hawke's Bay, 4130, NZL #HBEQC",IAG New Zealand Limited,2023-08-03,HM,Ryan Tutbury,176.884297,-39.678226,,False,
1502000.1888,1502000,1502000.1888,"EQC - 108 Kingsford Place, Thames, Waika","EQC - 108 Kingsford Place, Thames, Waikato, 3500, NZL",IAG New Zealand Limited,2023-08-03,HM,Ryan Tutbury,175.556289,-37.145238,,False,
1502000.1889,1502000,1502000.1889,"EQC - 27 Brigantine Drive, Beach Haven","EQC - 27 Brigantine Drive, Beach Haven, Auckland, 0626, NZL",IAG New Zealand Limited,2023-08-03,AK,Philip Mathewson,174.687951,-36.805784,,False,
1502000.1890,1502000,1502000.1890,"EQC - 4 Belle Vue Avenue, NorthcotePoint","EQC - 4 Belle Vue Avenue, Northcote Point, Auckland, 0627, NZL",IAG New Zealand Limited,2023-08-03,AK,Philip Mathewson,174.745456,-36.812812,,False,
1502000.1891,1502000,1502000.1891,"EQC - 185 Abbey Caves Road, Abbey Caves","EQC - 185 Abbey Caves Road, Abbey Caves, Whangarei, Northland, 0175, NZL",IAG New Zealand Limited,2023-08-03,AK,Philip Mathewson,174.354819,-35.716838,,False,
1502000.1892,1502000,1502000.1892,"EQC - 62 Pourerere Beach Road, Pourerere","EQC - 62 Pourerere Beach Road, Pourerere, Omakere, Hawke's Bay, 4271, NZL",IAG New Zealand Limited,2023-08-03,HM,Ryan Tutbury,176.867702,-40.103752,,False,
1502000.1908,1502000,1502000.1908,"EQC - 22 Awhiorangi Promenade, Swanson","EQC - 22 Awhiorangi Promenade, Swanson, Auckland, 0816, NZL",IAG New Zealand Limited,2023-08-03,AK,Philip Mathewson,174.558462,-36.866591,,False,
1502000.1909,1502000,1502000.1909,"EQC - 2/746 Richardson Rd, Hillsborough","EQC - 2/746 Richardson Rd, Hillsborough, Auckland, 1041, NZL",IAG New Zealand Limited,2023-08-03,AK,Philip Mathewson,174.750594,-36.925333,,False,
1502000.1910,1502000,1502000.1910,"EQC - 71B Shaw Road, Oratia","EQC - 71B Shaw Road, Oratia, Auckland, 0604, NZL",IAG New Zealand Limited,2023-08-03,AK,Philip Mathewson,174.621424,-36.922652,,False,
1502000.1911,1502000,1502000.1911,"EQC - 387 Titirangi Road, Titirangi","EQC - 387 Titirangi Road, Titirangi, Auckland, 0604, NZL",IAG New Zealand Limited,2023-08-03,AK,Philip Mathewson,174.658558,-36.935525,,False,
1502000.1912,1502000,1502000.1912,"EQC - 26 Redvale Rise, Redvale","EQC - 26 Redvale Rise, Redvale, Auckland, 0794, NZL",IAG New Zealand Limited,2023-08-03,AK,Philip Mathewson,174.695329,-36.682039,,False,
1502000.1913,1502000,1502000.1913,"EQC - 193 Onewa Road, Birkenhead","EQC - 193 Onewa Road, Birkenhead, Auckland, 0626, NZL",IAG New Zealand Limited,2023-08-03,AK,Philip Mathewson,174.729992,-36.809805,,False,
1502000.1920,1502000,1502000.1920,"EQC - 18 Duffy Road, Waitakere (2)","EQC - 18 Duffy Road, Waitakere, Auckland, 0782, NZL",Tower Insurance Limited,2023-08-03,AK,Philip Mathewson,174.52098,-36.857299,,False,
1502000.1893,1502000,1502000.1893,"EQC - 209&209A Kawaha Point Rd, Kawaha","EQC - 209&209A Kawaha Point Rd, Kawaha",IAG New Zealand Limited,2023-08-04,HM,Ryan Tutbury,176.244816,-38.106071,,False,
1502000.1894,1502000,1502000.1894,"EQC - 8 Tuahine Crescent, Wainui, Gisbor","EQC - 8 Tuahine Crescent, Wainui, Gisborne, 4010, NZL",IAG New Zealand Limited,2023-08-04,HM,Ryan Tutbury,178.071393,-38.69591,,False,
1502000.1895,1502000,1502000.1895,"EQC - 597 Riverside Rd, Matokitoki, Gisb","EQC - 597 Riverside Rd, Matokitoki, Gisborne, 4071, NZL",IAG New Zealand Limited,2023-08-04,HM,Ryan Tutbury,178.052928,-38.631621,,False,
1502000.1896,1502000,1502000.1896,"EQC - 79 Beach Road, Tangoio, Napier","EQC - 79 Beach Road, Tangoio, Napier",IAG New Zealand Limited,2023-08-04,HM,Ryan Tutbury,176.916086,-39.330902,,False,
1502000.1897,1502000,1502000.1897,"EQC - 435 Pukehina Parade, Pukehina","EQC - 435 Pukehina Parade, Pukehina",IAG New Zealand Limited,2023-08-04,HM,Ryan Tutbury,176.501867,-37.773559,,False,
1502000.1898,1502000,1502000.1898,"EQC - 85 Te Hono Street, Maungatapu, BOP","EQC - 85 Te Hono Street, Maungatapu, Tauranga, Bay of Plenty, 3112, NZL",IAG New Zealand Limited,2023-08-04,HM,Ryan Tutbury,176.190164,-37.713187,,False,
1502000.1899,1502000,1502000.1899,"EQC - 81 Te Hono Street, Maungatapu, Tau","EQC - 81 Te Hono Street, Maungatapu, Tauranga, Bay of Plenty, 3112, NZL",IAG New Zealand Limited,2023-08-04,HM,Ryan Tutbury,176.190341,-37.713578,,False,
1502000.1900,1502000,1502000.1900,"EQC - 39 Milton Road, Bluff Hill, Napier","EQC - 39 Milton Road, Bluff Hill, Napier, Hawke's Bay, 4110, NZL #HBEQC",IAG New Zealand Limited,2023-08-04,HM,Ryan Tutbury,176.911749,-39.487945,,False,
1502000.1901,1502000,1502000.1901,"EQC - 763 Paerata Road, Paerata","NHC - 763 Paerata Road, Paerata, Auckland, 2124, NZL",IAG New Zealand Limited,2023-08-04,AK,Philip Mathewson,174.885395,-37.144879,,False,
1502000.9993,1502000,1502000.9993,"DNU EQC - 435 Pukehina Parade, Pukehina","DNU EQC - 435 Pukehina Parade, Pukehina, Pukehina Beach, Bay of Plenty, 3189, NZL",IAG New Zealand Limited,2023-08-04,AK,Ryan Tutbury,176.50182376400005,-37.77312853199993,,False,
1502000.9994,1502000,1502000.9994,"DNU EQC - 79 Beach Road, Tangoio, Napier","DNU EQC - 79 Beach Road, Tangoio, Napier, Hawke's Bay, 4181, NZL",IAG New Zealand Limited,2023-08-04,AK,Ryan Tutbury,176.92071467000005,-39.33797951799994,,False,
1502000.9995,1502000,1502000.9995,"DNU EQC - 209&209A Kawaha Point Rd, Ka","DNU EQC - 209 & 209A Kawaha Point Rd, Kawaha Point, Rotorua, 3010, NZL",IAG New Zealand Limited,2023-08-04,HM,Ryan Tutbury,174.77206485800002,-41.26331340599995,Wellington City,True,
1502000.1902,1502000,1502000.1902,"EQC - 113 Ocean View Rd, Hillcrest","EQC - 113 Ocean View Rd, Hillcrest, Auckland, 0627, NZL",IAG New Zealand Limited,2023-08-06,AK,Philip Mathewson,174.737542,-36.799109,,False,
1502000.1903,1502000,1502000.1903,"EQC - 2/66 Bentley Avenue, Glenfield","EQC - 2/66 Bentley Avenue, Glenfield, Auckland, 0629, NZL",IAG New Zealand Limited,2023-08-06,AK,Philip Mathewson,174.725025,-36.781403,,False,
1502000.1904,1502000,1502000.1904,"EQC - 1/44 Whitney Street, New Windsor","EQC - 1/44 Whitney Street, New Windsor, Auckland, 0600, NZL",IAG New Zealand Limited,2023-08-06,AK,Philip Mathewson,174.708838,-36.904726,,False,
1502000.1905,1502000,1502000.1905,"EQC - 1/7 Colmar Road, Mellons Bay","EQC - 1/7 Colmar Road, Mellons Bay, Auckland, 2014, NZL",IAG New Zealand Limited,2023-08-06,AK,Philip Mathewson,174.925955,-36.884774,,False,
1502000.1906,1502000,1502000.1906,"EQC - 15 Te Toki Road, Ostend","EQC - 15 Te Toki Road, Ostend, Waiheke Island, Auckland, 1081, NZL",IAG New Zealand Limited,2023-08-06,AK,Philip Mathewson,175.044108,-36.785718,,False,
1502000.1914,1502000,1502000.1914,"EQC - 43 Birkdale Road, Birkdale, Auckla","EQC - 43 Birkdale Road, Birkdale, Auckland, 0626, NZL",IAG New Zealand Limited,2023-08-07,AK,Philip Mathewson,174.705546,-36.804082,,False,
1502000.1915,1502000,1502000.1915,"EQC - 46E Eastbourne Rd, Remuera","EQC - 46E Eastbourne Rd, Remuera",IAG New Zealand Limited,2023-08-07,AK,Philip Mathewson,174.791756,-36.874269,,False,
1502000.1916,1502000,1502000.1916,"EQC - 140 Levers Rd, Matua, Tauranga","EQC - 140 Levers Rd, Matua, Tauranga",IAG New Zealand Limited,2023-08-07,HM,Ryan Tutbury,176.129526,-37.66611,,False,
1502000.1917,1502000,1502000.1917,"EQC - 24 Burbury Ridge, Havelock North,","EQC - 24 Burbury Ridge, Havelock North, Hawke's Bay, 4130, NZL #HBEQC",IAG New Zealand Limited,2023-08-07,HM,Ryan Tutbury,176.898677,-39.679044,,False,
1502000.1919,1502000,1502000.1919,"EQC - 169 Solway Road, Whitford","EQC - 169 Solway Road, Whitford, Auckland, 2576, NZL",IAG New Zealand Limited,2023-08-07,AK,Philip Mathewson,175.011366,-36.948553,,False,
1502000.9991,1502000,1502000.9991,"DNU EQC - 140 Levers Rd, Matua, Tauranga","DNU EQC - 140 Levers Rd, Matua, Tauranga, 3110, NZL",IAG New Zealand Limited,2023-08-07,HM,Ryan Tutbury,176.12946786800012,-37.66569580199996,,False,
1502000.9992,1502000,1502000.9992,"DNU EQC - 46E Eastbourne Rd, Remuera","DNU 46E Eastbourne Road, Remuera, Auckland, 1050, NZL",IAG New Zealand Limited,2023-08-07,AK,Philip Mathewson,174.79151733900005,-36.87420903799995,,False,
1502000.1921,1502000,1502000.1921,"EQC - 2 Fryer Road, Poraiti, Napier, Haw","EQC - 2 Fryer Road, Poraiti, Napier, Hawke's Bay, 4182, NZL #HBEQC",IAG New Zealand Limited,2023-08-09,HM,Ryan Tutbury,176.844758,-39.504242,,False,
1502000.1922,1502000,1502000.1922,"EQC - 19 Tokomaru Dr, Havelock North, 41","EQC - 19 Tokomaru Dr, Havelock North, 4130, NZL #HBEQC",IAG New Zealand Limited,2023-08-09,HM,Ryan Tutbury,176.894755,-39.679134,,False,
1502000.1923,1502000,1502000.1923,"EQC - 12 Cathedral Road, Gore Bay","EQC - 12 Cathedral Road, Gore Bay, Canterbury, 7383, NZL",IAG New Zealand Limited,2023-08-09,CH,Anna Sleight,173.307523,-42.862101,,False,
1502000.1924,1502000,1502000.1924,"EQC - 49 Tamahere Dr, Glenfield","EQC - 49 Tamahere Dr, Glenfield, Auckland, 0629, NZL",IAG New Zealand Limited,2023-08-09,AK,Philip Mathewson,174.71002,-36.785696,,False,
1502000.1925,1502000,1502000.1925,"EQC - 6 Jays Road, Titirangi","EQC - 6 Jays Road, Titirangi, Auckland, 0604, NZL",IAG New Zealand Limited,2023-08-09,AK,Philip Mathewson,174.628146,-36.945882,,False,
1502000.1926,1502000,1502000.1926,"EQC - 160 Nick Johnstone Dr, Waiheke","EQC - 160 Nick Johnstone Dr, Waiheke Island, 1971, NZL",IAG New Zealand Limited,2023-08-09,AK,Philip Mathewson,174.986826,-36.7863,,False,
1502000.1927,1502000,1502000.1927,"EQC - 19 Puketaha Road, Swanson","EQC - 19 Puketaha Road, Swanson, Auckland, 0816, NZL",IAG New Zealand Limited,2023-08-09,AK,Philip Mathewson,174.556134,-36.868833,,False,
1502000.1928,1502000,1502000.1928,"EQC - 38 Chelsea View Drive, Chatswood","EQC - 38 Chelsea View Drive, Chatswood, Auckland, 0626, NZL",IAG New Zealand Limited,2023-08-09,AK,Philip Mathewson,174.714216,-36.812431,,False,
1502000.1929,1502000,1502000.1929,"EQC - 2/12 Elliott Avenue, Bayview","EQC - 2/12 Elliott Avenue, Bayview, Auckland, 0629, NZL",IAG New Zealand Limited,2023-08-09,AK,Philip Mathewson,174.716731,-36.773655,,False,
1502000.1930,1502000,1502000.1930,"EQC - 7 Bayview Road, Bayview","EQC - 7 Bayview Road, Bayview, Auckland, 0629, NZL",IAG New Zealand Limited,2023-08-09,AK,Philip Mathewson,174.711096,-36.775126,,False,
1502000.1931,1502000,1502000.1931,"EQC - 3A Cherry Tree Place, Massey","EQC - 3A Cherry Tree Place, Massey, Auckland, 0614, NZL",IAG New Zealand Limited,2023-08-09,AK,Philip Mathewson,174.600971,-36.837969,,False,
1502000.1933,1502000,1502000.1933,"EQC - 24A John Rymer Place, Kohimarama","EQC - 24A John Rymer Place, Kohimarama, Auckland, 1071, NZL",IAG New Zealand Limited,2023-08-09,AK,Philip Mathewson,174.840565,-36.864934,,False,
1502000.1934,1502000,1502000.1934,"EQC - 1196 Huia Road, Huia","EQC - 1196 Huia Road, Huia, Auckland, 0604, NZL",IAG New Zealand Limited,2023-08-09,AK,Philip Mathewson,174.573086,-37.001777,,False,
1502000.1935,1502000,1502000.1935,"EQC - 97 Darwin Road, Outer Kaiti,","EQC - 97 Darwin Road, Outer Kaiti,",IAG New Zealand Limited,2023-08-10,HM,Ryan Tutbury,178.056681,-38.659986,,False,
1502000.1936,1502000,1502000.1936,"EQC -296 Daggs Road, Bideford, Masterton","EQC - 296 Daggs Road, Bideford, Masterton, Wellington, 5882, NZL",IAG New Zealand Limited,2023-08-10,WN,Shirley Wang,175.827322,-40.762161,,False,
1502000.9990,1502000,1502000.9990,"DNU EQC - 97 Darwin Road, Outer Kaiti,","DNU EQC - 97 Darwin Road, Outer Kaiti, Gisborne, 4010, NZL",IAG New Zealand Limited,2023-08-10,HM,Ryan Tutbury,178.05622097800006,-38.65973509299994,,False,
1502000.1938,1502000,1502000.1938,"EQC - 218 Scenic Drive, Titirangi","EQC - 218 Scenic Drive, Titirangi, Auckland, 0604, NZL",IAG New Zealand Limited,2023-08-11,AK,Philip Mathewson,174.624152,-36.942457,,False,
1502000.1939,1502000,1502000.1939,"EQC - 50N Orpheus Rd, Manukau Heads","EQC - 50N Orpheus Rd, Manukau Heads, Awhitu, 2684, NZL",IAG New Zealand Limited,2023-08-11,AK,Philip Mathewson,174.602107,-37.048727,,False,
1502000.1940,1502000,1502000.1940,"EQC - 11C Huia Rd, Titirangi","EQC - 11C Huia Rd, Titirangi, Auckland, 0604, NZL",IAG New Zealand Limited,2023-08-11,AK,Philip Mathewson,174.652092,-36.940317,,False,
1502000.1941,1502000,1502000.1941,"EQC - 14 Renata Crescent, Te Atatu","EQC - 14 Renata Crescent, Te Atatu Peninsula, Auckland, 0610, NZL",IAG New Zealand Limited,2023-08-11,AK,Philip Mathewson,174.640751,-36.835311,,False,
1502000.1942,1502000,1502000.1942,"EQC - 2/11 Stranolar Dr, Mount Roskill","EQC - 2/11 Stranolar Drive, Mount Roskill, Auckland, 1041, NZL",Vero Insurance New Zealand Limited,2023-08-11,AK,Philip Mathewson,174.732015,-36.926051,,False,
1502000.1943,1502000,1502000.1943,"EQC - 16 Magnolia Street, Outer Kaiti, G","EQC - 16 Magnolia Street, Outer Kaiti, Gisborne, 4010, NZL",IAG New Zealand Limited,2023-08-11,HM,Ryan Tutbury,178.050305,-38.66436,,False,
1502000.1944,1502000,1502000.1944,"EQC-32 Dermont Street, Bader, Hamilton","EQC-32 Dermont Street, Bader, Hamilton, Waikato, 3206, NZL",IAG New Zealand Limited,2023-08-11,HM,Ryan Tutbury,175.291177,-37.814062,,False,
1502000.1945,1502000,1502000.1945,"EQC - 1/17 Dunraven Pl, Torbay","EQC - 1/17 Dunraven Pl, Torbay, Auckland, 0630, NZL",IAG New Zealand Limited,2023-08-13,AK,Philip Mathewson,174.740192,-36.701695,,False,
1502000.1946,1502000,1502000.1946,"EQC - 65C Hepburn Creek Road, Warkworth","EQC - 65C Hepburn Creek Road, Warkworth, Auckland, 0981, NZL",IAG New Zealand Limited,2023-08-13,AK,Philip Mathewson,174.676588,-36.414094,,False,
1502000.1947,1502000,1502000.1947,"EQC - 51 Alexander Avenue, Torbay","EQC - 51 Alexander Avenue, Torbay, Auckland, 0630, NZL",IAG New Zealand Limited,2023-08-13,AK,Philip Mathewson,174.738922,-36.705497,,False,
1502000.1948,1502000,1502000.1948,"EQC - 21 Kiri Place, Mairangi Bay","EQC - 21 Kiri Place, Mairangi Bay, Auckland, 0630, NZL",IAG New Zealand Limited,2023-08-13,AK,Dion Willcocks,174.740811,-36.745052,,False,
1502000.1949,1502000,1502000.1949,"EQC - 13 Deele Close, Pinehill","EQC - 13 Deele Close, Pinehill, Auckland, 0632, NZL",IAG New Zealand Limited,2023-08-13,AK,Philip Mathewson,174.730935,-36.730365,,False,
1502000.1950,1502000,1502000.1950,"EQC - 199 Russell Street, Whataupoko, Gi","EQC - 199 Russell Street, Whataupoko, Gisborne, 4010, NZL",IAG New Zealand Limited,2023-08-14,HM,Ryan Tutbury,178.027343,-38.64975,,False,
1502000.1951,1502000,1502000.1951,"EQC - 36A Hill Rd, Palm Beach","EQC - 36A Hill Rd, Palm Beach, Waiheke Island, 1081, NZL",IAG New Zealand Limited,2023-08-15,AK,Philip Mathewson,175.049161,-36.782831,,False,
1502000.1952,1502000,1502000.1952,"EQC - 101 Darwin Road, Outer Kaiti, Gisb","EQC - 101 Darwin Road, Outer Kaiti, Gisborne, 4010, NZL",IAG New Zealand Limited,2023-08-15,HM,Ryan Tutbury,178.05589,-38.659575,,False,
1502000.1953,1502000,1502000.1953,"EQC - 20 Edmonds Drive, Otamatea","EQC -20 Edmonds Drive, Otamatea, Whanganui, Manawatu-Whanganui, 4500, NZL",IAG New Zealand Limited,2023-08-15,WN,Shirley Wang,175.026128,-39.905476,,False,
1502000.1954,1502000,1502000.1954,"EQC - 40 Opito Bay Road, Opito Bay, Cor","EQC - 40 Opito Bay Road, Opito Bay, Coromandel Forest Park, Waikato, 3592, NZL",IAG New Zealand Limited,2023-08-16,HM,Ryan Tutbury,175.80452,-36.721871,,False,
1502000.1955,1502000,1502000.1955,"EQC - 372 George Street, Stokes Valley","EQC - 372 George Street, Stokes Valley, Lower Hutt, Wellington, 5019, NZL",IAG New Zealand Limited,2023-08-16,WN,Shirley Wang,174.980029,-41.181797,Lower Hutt City,True,
1502000.1956,1502000,1502000.1956,"EQC - 10 Cathedral Road, Gore Bay","EQC - 10 Cathedral Road, Gore Bay, Canterbury, 7383, NZL",IAG New Zealand Limited,2023-08-17,CH,Anna Sleight,173.307934,-42.862246,,False,
1502000.1957,1502000,1502000.1957,"EQC -31 Winchester Street, Kaiwharawhara","EQC - 31 Winchester Street, Kaiwharawhara, Wellington, 6035, NZL",IAG New Zealand Limited,2023-08-17,WN,Shirley Wang,174.789577,-41.257438,Wellington City,True,
1502000.1958,1502000,1502000.1958,"EQC - 101 Ohariu Road, Johnsonville WGTN","EQC - 101 Ohariu Road, Johnsonville, Wellington, 6037, NZL",IAG New Zealand Limited,2023-08-18,WN,Shirley Wang,174.801542,-41.215085,Wellington City,True,
1502000.1959,1502000,1502000.1959,"EQC - 59 Chorley Avenue, Massey","EQC - 59 Chorley Avenue, Massey, Auckland, 0614, NZL",IAG New Zealand Limited,2023-08-18,AK,Philip Mathewson,174.620086,-36.850298,,False,
1502000.1960,1502000,1502000.1960,"EQC-55 Bruce Avenue, Glenview, Hamilton","EQC-55 Bruce Avenue, Glenview, Hamilton, Waikato, 3206, NZL",IAG New Zealand Limited,2023-08-18,HM,Ryan Tutbury,175.289057,-37.8161,,False,
1502000.1961,1502000,1502000.1961,"EQC - 154 Thames Coast Road, Whakatete B","EQC - 154 Thames Coast Road, Whakatete Bay, Coromandel Forest Park, Waikato, 3575, NZL",IAG New Zealand Limited,2023-08-18,HM,Ryan Tutbury,175.516659,-37.086585,,False,
1502000.2022,1502000,1502000.2022,"EQC - 29 Maire Street, Nelson 7011","EQC - 29 Maire Street, Tahunanui, Nelson, 7011, NZL",IAG New Zealand Limited,2023-08-19,NE,Marcus Lovell,173.248742,-41.293862,,False,
1502000.2055,1502000,1502000.2055,EQC - 607 Queen Charlotte Drive Havelock,"EQC - 607 Queen Charlotte Drive, Havelock, Marlborough",IAG New Zealand Limited,2023-08-19,NE,Marcus Lovell,173.802252,-41.284243,,False,
1502000.1962,1502000,1502000.1962,"EQC - 75 Bells Road, Takamatua, Can","EQC - 75 Bells Road, Takamatua, Canterbury, 7581, NZL",IAG New Zealand Limited,2023-08-21,CH,Anna Sleight,172.977602,-43.777906,,False,
1502000.1963,1502000,1502000.1963,"EQC - 34 Chislehurst St, Henderson","EQC - 34 Chislehurst St, Henderson, Auckland, 0612, NZL",IAG New Zealand Limited,2023-08-21,AK,Philip Mathewson,174.625953,-36.899939,,False,
1502000.1964,1502000,1502000.1964,"EQC - 47 Shelley Road, Whataupoko, Gisbo","EQC - 47 Shelley Road, Whataupoko, Gisborne, 4010, NZL",IAG New Zealand Limited,2023-08-21,HM,Ryan Tutbury,178.033955,-38.648521,,False,
1502000.1965,1502000,1502000.1965,"EQC - 19 Smith Street, Akaroa, Can","EQC - 19 Smith Street, Akaroa, Canterbury, 7520, NZL",IAG New Zealand Limited,2023-08-21,CH,Anna Sleight,172.969314,-43.80774,,False,
1502000.1966,1502000,1502000.1966,"EQC - 7 Saint Hill Lane, Havelock North","EQC - 7 Saint Hill Lane, Havelock North, Hawke's Bay, 4130, NZL #HBEQC",IAG New Zealand Limited,2023-08-21,HM,Ryan Tutbury,176.88607,-39.665858,,False,
1502000.1967,1502000,1502000.1967,"EQC - 74A Atkinson Road, Titirangi","EQC - 74A Atkinson Road, Titirangi, Auckland, 0604, NZL",IAG New Zealand Limited,2023-08-21,AK,Philip Mathewson,174.655632,-36.926051,,False,
1502000.1968,1502000,1502000.1968,"EQC - 15 Ngapipi Road, Orakei","EQC - 15 Ngapipi Road, Orakei, Auckland, 1071, NZL",IAG New Zealand Limited,2023-08-21,AK,Philip Mathewson,174.809932,-36.856909,,False,
1502000.1969,1502000,1502000.1969,"EQC - 5 Cynthia Place, Bellevue, Taurang","EQC - 5 Cynthia Place, Bellevue, Tauranga, Bay of Plenty, 3110, NZL",IAG New Zealand Limited,2023-08-21,HM,Ryan Tutbury,176.136184,-37.674715,,False,
1502000.1970,1502000,1502000.1970,"EQC - 15 Parklands Drive, Karori, WGTN","EQC - 15 Parklands Drive, Karori, Wellington, 6012, NZL",IAG New Zealand Limited,2023-08-21,WN,Shirley Wang,174.726881,-41.290278,Wellington City,True,
1502000.1971,1502000,1502000.1971,"EQC - 1 Ada Vale, Whakatane, Bay of Plen","EQC - 1 Ada Vale, Whakatane, Bay of Plenty, 3120, NZL",IAG New Zealand Limited,2023-08-21,HM,Ryan Tutbury,177.00612,-37.964103,,False,
1502000.1972,1502000,1502000.1972,"EQC - 25 Arirang Rise, Pinehill","EQC - 25 Arirang Rise, Pinehill, Auckland, 0632, NZL",IAG New Zealand Limited,2023-08-22,AK,Philip Mathewson,174.719965,-36.727239,,False,
1502000.1973,1502000,1502000.1973,"EQC - 56 Fife Street, Westmere","EQC - 56 Fife Street, Westmere, Auckland, 1022, NZL",IAG New Zealand Limited,2023-08-22,AK,Philip Mathewson,174.726333,-36.854869,,False,
1502000.1974,1502000,1502000.1974,"EQC - 29 Blakeborough Dr, Forrest Hill","EQC - 29 Blakeborough Drive, Forrest Hill, Auckland, 0620, NZL",IAG New Zealand Limited,2023-08-22,AK,Philip Mathewson,174.746307,-36.758901,,False,
1502000.1975,1502000,1502000.1975,"EQC - 12 Herringson Avenue, Grey Lynn","EQC - 12 Herringson Avenue, Grey Lynn, Auckland, 1021, NZL",IAG New Zealand Limited,2023-08-22,AK,Philip Mathewson,174.735494,-36.866713,,False,
1502000.1976,1502000,1502000.1976,"EQC - 1/27 Waitemata Road, Hauraki","EQC - 1/27 Waitemata Road, Hauraki, Auckland, 0622, NZL",IAG New Zealand Limited,2023-08-22,AK,Philip Mathewson,174.777776,-36.804096,,False,
1502000.1977,1502000,1502000.1977,EQC - 892A Governors Bay Rd,"EQC - 892A Governors Bay Rd, Te Rapaki o Te Rakiwhakaputa, Lyttelton, 8971, NZL",IAG New Zealand Limited,2023-08-23,CH,Anna Sleight,172.652506,-43.619508,,False,
1502000.1978,1502000,1502000.1978,"EQC - 817 Beach Road, Browns Bay","EQC - 817 Beach Road, Browns Bay, Auckland, 0630, NZL",IAG New Zealand Limited,2023-08-23,AK,Philip Mathewson,174.744363592,-36.71318420899996,,False,
1502000.1979,1502000,1502000.1979,"EQC - 7A Colmar Rd, Mellons Bay","EQC - 7A Colmar Rd, Mellons Bay, Auckland, 2014, NZL",IAG New Zealand Limited,2023-08-24,AK,Philip Mathewson,174.92583,-36.884625,,False,
1502000.1980,1502000,1502000.1980,"EQC - 3 Camelia Lane, Whakatane, Bay of","EQC - 3 Camelia Lane, Whakatane, Bay of Plenty, 3120, NZL",IAG New Zealand Limited,2023-08-24,HM,Ryan Tutbury,176.997112,-37.958814,,False,
1502000.1981,1502000,1502000.1981,"EQC - 2 Camelia Lane, Whakatane, Bay of","EQC - 2 Camelia Lane, Whakatane, Bay of Plenty, 3120, NZL",IAG New Zealand Limited,2023-08-24,HM,Ryan Tutbury,176.99778,-37.959311,,False,
1502000.2021,1502000,1502000.2021,"EQC - 60 Marybank Road, Nelson 7010","EQC - 60 Marybank Road, Marybank, Nelson 7010",IAG New Zealand Limited,2023-08-24,NE,Marcus Lovell,173.321068,-41.229443,,False,
1502000.1982,1502000,1502000.1982,"EQC - 40 Bell Street, Kawerau, Bay of Pl","EQC - 40 Bell Street, Kawerau, Bay of Plenty, 3127, NZL",IAG New Zealand Limited,2023-08-25,HM,Ryan Tutbury,176.692619,-38.08674,,False,
1502000.1983,1502000,1502000.1983,"EQC - 6 Gurnard Road, Stillwater","EQC - 6 Gurnard Road, Stillwater, Auckland, 0993, NZL",IAG New Zealand Limited,2023-08-27,AK,Philip Mathewson,174.716598,-36.640431,,False,
1502000.1984,1502000,1502000.1984,"EQC - 7/521 Aberdeen Road,Te Hapara, Gis","EQC - 7/521 Aberdeen Road,Te Hapara, Gisborne, 4010, NZL",IAG New Zealand Limited,2023-08-28,HM,Ryan Tutbury,178.013674,-38.652603,,False,
1502000.1985,1502000,1502000.1985,"EQC - 28 Opito Bay Road, Opito Bay, Coro","EQC - 28 Opito Bay Road, Opito Bay, Coromandel Forest Park, Waikato, 3592, NZL",IAG New Zealand Limited,2023-08-28,HM,Ryan Tutbury,175.803609,-36.721339,,False,
1502000.1986,1502000,1502000.1986,"EQC - 28 Woodills Road, Akaroa, Can","EQC - 28 Woodills Road, Akaroa, Canterbury, 7520, NZL",IAG New Zealand Limited,2023-08-28,CH,Anna Sleight,172.971887,-43.800552,,False,
1502000.1987,1502000,1502000.1987,"EQC - 36 Ryehill Street, Calton Hill","EQC - 36 Ryehill Street, Calton Hill, Dunedin, Otago, 9012, NZL",IAG New Zealand Limited,2023-08-28,CH,Anna Sleight,170.473441,-45.89845,,False,
1502000.1988,1502000,1502000.1988,"EQC - 77 Goodwin Road, Matokitoki, Waim","EQC - 77 Goodwin Road, Matokitoki, Waimata, Gisborne, 4071, NZL (Event Two)",IAG New Zealand Limited,2023-08-30,HM,Ryan Tutbury,178.064839,-38.638665,,False,
1502000.1989,1502000,1502000.1989,"EQC - 82 Vandeleur Avenue, Birkdale","EQC - 82 Vandeleur Avenue, Birkdale, Auckland, 0626, NZL",IAG New Zealand Limited,2023-08-30,AK,Philip Mathewson,174.711918,-36.799389,,False,
1502000.1990,1502000,1502000.1990,"EQC - 705 Riddell Road, Glendowie","EQC - 705 Riddell Road, Glendowie, Auckland, 1071, NZL",IAG New Zealand Limited,2023-08-30,AK,Philip Mathewson,174.873073,-36.846796,,False,
1502000.1991,1502000,1502000.1991,"EQC - 707 Riddell Road, Glendowie","EQC - 707 Riddell Road, Glendowie, Auckland, 1071, NZL",IAG New Zealand Limited,2023-08-30,AK,Philip Mathewson,174.872762,-36.846829,,False,
1502000.1992,1502000,1502000.1992,"EQC - 436A Whangaparaoa Rd, Stanmore Bay","EQC - 436A Whangaparaoa Rd, Stanmore Bay, Whangaparaoa, 0932, NZL",IAG New Zealand Limited,2023-08-30,AK,Philip Mathewson,174.720311,-36.622545,,False,
1502000.1993,1502000,1502000.1993,"EQC - 230 Atkinson Road, Titirangi","EQC - 230 Atkinson Road, Titirangi, Auckland, 0604, NZL",IAG New Zealand Limited,2023-08-30,AK,Philip Mathewson,174.655001,-36.936815,,False,
1502000.1994,1502000,1502000.1994,"EQC -4 South Lynn Rd, Titirangi","EQC -4 South Lynn Rd, Titirangi, Auckland, 0604, NZL",IAG New Zealand Limited,2023-08-30,AK,Philip Mathewson,174.671084,-36.922836,,False,
1502000.1995,1502000,1502000.1995,"EQC - 46 Kaiuru Avenue, Pukawa Bay, Puka","EQC - 46 Kaiuru Avenue, Pukawa Bay, Pukawa, Waikato, 3381, NZL",IAG New Zealand Limited,2023-08-31,HM,Ryan Tutbury,175.754131,-38.914705,,False,
1502000.1996,1502000,1502000.1996,"EQC - 4 Duncan Street, Tawa, Wellington","EQC - 4 Duncan Street, Tawa, Wellington, 5028, NZL",IAG New Zealand Limited,2023-08-31,WN,Shirley Wang,174.828125,-41.173287,Wellington City,True,
1502000.1997,1502000,1502000.1997,"EQC - 20 Ritchie Place, Havelock North,","EQC - 20 Ritchie Place, Havelock North, Hawke's Bay, 4130, NZL #HBEQC",IAG New Zealand Limited,2023-08-31,HM,Ryan Tutbury,176.903766,-39.674615,,False,
1502000.1998,1502000,1502000.1998,"EQC - 38 Tizzards Road, Robinsons Bay","EQC - 38 Tizzards Road, Robinsons Bay, Canterbury, 7581, NZL",IAG New Zealand Limited,2023-08-31,CH,Anna Sleight,172.97298,-43.755596,,False,
1502000.1999,1502000,1502000.1999,"EQC - 17 Finnimore Terrace, Vogeltown","EQC - 17 Finnimore Terrace, Vogeltown, Wellington, 6021, NZL",IAG New Zealand Limited,2023-08-31,WN,Shirley Wang,174.771492,-41.312819,Wellington City,True,
1502000.2000,1502000,1502000.2000,"EQC - 54 Rosecamp Road, Beach Haven","EQC - 54 Rosecamp Road, Beach Haven, Auckland, 0626, NZL",IAG New Zealand Limited,2023-09-01,AK,Philip Mathewson,174.686868,-36.80087,,False,
1502000.2001,1502000,1502000.2001,"EQC - 9 Atahu Grove, Tirohanga, WGTN","EQC - 9 Atahu Grove, Tirohanga, Lower Hutt, Wellington, 5010, NZL",IAG New Zealand Limited,2023-09-01,WN,Shirley Wang,174.907409,-41.197194,Lower Hutt City,True,
1502000.2002,1502000,1502000.2002,"EQC - 11 Mangapapa Road, Mangapapa, Gisb","EQC - 11 Mangapapa Road, Mangapapa, Gisborne, 4010, NZL",IAG New Zealand Limited,2023-09-06,HM,Ryan Tutbury,178.02192,-38.649278,,False,
1502000.2003,1502000,1502000.2003,"EQC - 50 Makorori Beach Road, Makorori,","NHC - 50 Makorori Beach Road, Makorori, Waimata, Gisborne, 4073, NZL",IAG New Zealand Limited,2023-09-06,HM,Zhi Chye,178.137084,-38.651557,,False,
1502000.2004,1502000,1502000.2004,"EQC - 48 Makorori Beach Road, Makorori,","EQC - 48 Makorori Beach Road, Makorori, Waimata, Gisborne, 4073, NZL",IAG New Zealand Limited,2023-09-06,HM,Ryan Tutbury,178.13682,-38.651329,,False,
1502000.2005,1502000,1502000.2005,"EQC - 9 Bromley Place, Westown, NPL","EQC - 9 Bromley Place, Westown, New Plymouth, Taranaki, 4310, NZL",IAG New Zealand Limited,2023-09-06,WN,Shirley Wang,174.05984,-39.082117,,False,
1502000.2006,1502000,1502000.2006,"EQC - 14 Fantail Lane, Takamatua, CAN","EQC - 14 Fantail Lane, Takamatua, Canterbury, 7581, NZL",IAG New Zealand Limited,2023-09-07,CH,Anna Sleight,172.953861,-43.786742,,False,
1502000.2033,1502000,1502000.2033,"EQC - 1640 Cust Road, Cust, Canterbury","EQC - 1640 Cust Road, Cust, Canterbury, 7471, NZL",IAG New Zealand Limited,2023-09-07,CH,Anna Sleight,172.38483,-43.310053,,False,
1502000.2007,1502000,1502000.2007,"EQC - 32 Margaret Road, Bellevue, Tauran","EQC - 32 Margaret Road, Bellevue, Tauranga, Bay of Plenty, 3110, NZL",IAG New Zealand Limited,2023-09-08,HM,Ryan Tutbury,176.126141,-37.676244,,False,
1502000.2008,1502000,1502000.2008,"EQC - 29 Broadhead Avenue, Tawhero","EQC - 29 Broadhead Avenue, Tawhero, Whanganui, Manawatu-Whanganui, 4501, NZL",IAG New Zealand Limited,2023-09-08,WN,Shirley Wang,175.019405,-39.935822,,False,
1502000.2009,1502000,1502000.2009,"EQC - 21 Marina Road, Torbay","EQC - 21 Marina Road, Torbay, Auckland, 0630, NZL",IAG New Zealand Limited,2023-09-08,AK,Philip Mathewson,174.742499,-36.699476,,False,
1502000.2010,1502000,1502000.2010,"EQC - 20 Brigantine Drive, Beach Haven","EQC - 20 Brigantine Drive, Beach Haven, Auckland, 0626, NZL",IAG New Zealand Limited,2023-09-08,AK,Philip Mathewson,174.687804,-36.807455,,False,
1502000.2011,1502000,1502000.2011,"EQC - 22 Lamont Drive, Kamo, Whangarei","EQC - 22 Lamont Drive, Kamo, Whangarei, Northland, 0185, NZL",IAG New Zealand Limited,2023-09-08,AK,Philip Mathewson,174.278219,-35.698008,,False,
1502000.2012,1502000,1502000.2012,EQC - 358 Ocean Beach Road,"EQC - 358 Ocean Beach Road, Whangarei Heads, Northland, 0174, NZL",IAG New Zealand Limited,2023-09-08,AK,Philip Mathewson,174.570068,-35.839613,,False,
1502000.2013,1502000,1502000.2013,"EQC - 142 Point View Drive, East Tamaki","EQC - 142 Point View Drive, East Tamaki Heights, Auckland, 2016, NZL",IAG New Zealand Limited,2023-09-09,AK,Philip Mathewson,174.926117,-36.942538,,False,
1502000.2014,1502000,1502000.2014,"EQC - 31 Ngatiawa Street, One Tree Hill","EQC - 31 Ngatiawa Street, One Tree Hill, Auckland, 1061, NZL",IAG New Zealand Limited,2023-09-09,AK,Philip Mathewson,174.796538,-36.906359,,False,
1502000.2015,1502000,1502000.2015,"EQC - 8 Ross Street, Remuera","EQC - 8 Ross Street, Remuera, Auckland, 1050, NZL",IAG New Zealand Limited,2023-09-09,AK,Philip Mathewson,174.804035,-36.872576,,False,
1502000.2016,1502000,1502000.2016,"EQC - 12 Maunganui Road, Birkenhead","EQC - 12 Maunganui Road, Birkenhead, Auckland, 0626, NZL",IAG New Zealand Limited,2023-09-09,AK,Philip Mathewson,174.728659,-36.81846,,False,
1502000.2017,1502000,1502000.2017,"EQC - 91 Domain Crescent, Muriwai","EQC - 91 Domain Crescent, Muriwai, Auckland, 0881, NZL",IAG New Zealand Limited,2023-09-09,AK,Philip Mathewson,174.434429,-36.8278,,False,
1502000.2018,1502000,1502000.2018,"EQC - 50 Upham Street, Havelock North, H","EQC - 50 Upham Street, Havelock North, Hawke's Bay, 4130, NZL #HBEQC",IAG New Zealand Limited,2023-09-11,HM,Ryan Tutbury,176.870127,-39.675025,,False,
1502000.2019,1502000,1502000.2019,"EQC - 15 Richmond Hill, Glenside, WGTN","EQC - 15 Richmond Hill, Glenside, Wellington, 6037, NZL",IAG New Zealand Limited,2023-09-11,WN,Shirley Wang,174.826957,-41.191339,Wellington City,True,
1502000.2020,1502000,1502000.2020,"EQC - 344 Te Kura Road, Otane, Hawke's B","EQC - 344 Te Kura Road, Otane, Hawke's Bay, 4277, NZL #HBEQC",IAG New Zealand Limited,2023-09-12,HM,Ryan Tutbury,176.697491,-39.873873,,False,
1502000.2023,1502000,1502000.2023,"EQC - 50 Forestry Road, Riverhead","EQC - 50 Forestry Road, Riverhead, Auckland, 0892, NZL",IAG New Zealand Limited,2023-09-12,AK,Philip Mathewson,174.575688,-36.756925,,False,
1502000.2024,1502000,1502000.2024,"EQC - 13 Willow Place, Horahora","EQC - 13 Willow Place, Horahora, Whangarei, Northland, 0110, NZL",IAG New Zealand Limited,2023-09-14,AK,Philip Mathewson,174.298161,-35.735499,,False,
1502000.2025,1502000,1502000.2025,"EQC - 34 Libnai Avenue, Clover Park (2)","EQC - 34 Libnai Avenue, Clover Park, Auckland, 2019, NZL",IAG New Zealand Limited,2023-09-14,AK,Philip Mathewson,174.902271,-36.986621,,False,
1502000.2026,1502000,1502000.2026,"EQC - 36 Marian Drive, Inner Kaiti, Gisb","EQC - 36 Marian Drive, Inner Kaiti, Gisborne, 4010, NZL",IAG New Zealand Limited,2023-09-15,HM,Ryan Tutbury,178.0437,-38.665071,,False,
1502000.2027,1502000,1502000.2027,"EQC - 4 Margaret Avenue, Havelock North,","EQC - 4 Margaret Avenue, Havelock North, Hawke's Bay, 4130, NZL #HBEQC",IAG New Zealand Limited,2023-09-15,HM,Ryan Tutbury,176.873631,-39.682008,,False,
1502000.2028,1502000,1502000.2028,"EQC-19 Cranwell Place, Hillcrest","EQC-19 Cranwell Place, Hillcrest, Hamilton, Waikato, 3216, NZL",IAG New Zealand Limited,2023-09-15,HM,Ryan Tutbury,175.330324,-37.802439,,False,
1502000.2029,1502000,1502000.2029,"EQC - 41 Tutanekai Street, Grey Lynn","EQC - 41 Tutanekai Street, Grey Lynn, Auckland, 1021, NZL",IAG New Zealand Limited,2023-09-17,AK,Philip Mathewson,174.735641,-36.857887,,False,
1502000.2030,1502000,1502000.2030,"EQC - 11/152 Parker Rd, Oratia","EQC - 11/152 Parker Rd, Oratia, Auckland, 0604, NZL",IAG New Zealand Limited,2023-09-17,AK,Philip Mathewson,174.61076,-36.935568,,False,
1502000.2031,1502000,1502000.2031,"EQC - 69 Kauri Point Rd, Laingholm","EQC - 69 Kauri Point Rd, Laingholm, Auckland, 0604, NZL",IAG New Zealand Limited,2023-09-17,AK,Philip Mathewson,174.631633,-36.975404,,False,
1502000.2043,1502000,1502000.2043,"EQC - 50 Cleveland Terrace, Nelson 7010","EQC - 50 Cleveland Terrace, Nelson 7010",IAG New Zealand Limited,2023-09-18,NE,Marcus Lovell,173.294463,-41.278339,,False,
1502000.2098,1502000,1502000.2098,"EQC - 11A Montrose Drive, Nelson 7010","EQC - 11A Montrose Drive, Atawhai, Nelson 7010",IAG New Zealand Limited,2023-09-18,NE,Marcus Lovell,173.311275,-41.253113,,False,
1502000.2181,1502000,1502000.2181,"EQC - Flat 2, 47A Washington Road,","EQC - Flat 2, 47A Washington Road, Washington Valley, Nelson 7010",IAG New Zealand Limited,2023-09-18,NE,Marcus Lovell,173.2727,-41.2726,,False,
1502000.2034,1502000,1502000.2034,"EQC - 50 McEntee Road, Waitakere","EQC - 50 McEntee Road, Waitakere, Auckland, 0816, NZL",IAG New Zealand Limited,2023-09-19,AK,Philip Mathewson,174.549298,-36.853648,,False,
1502000.2035,1502000,1502000.2035,"EQC - 224 Mt Herbert Road, Waipukurau, H","EQC - 224 Mt Herbert Road, Waipukurau, Hawke's Bay, 4285, NZL #HBEQC",IAG New Zealand Limited,2023-09-19,HM,Ryan Tutbury,176.584115,-39.98998,,False,
1502000.2036,1502000,1502000.2036,"EQC - 12 Taiko Street, Horahora","EQC - 12 Taiko Street, Horahora, Whangarei, Northland, 0110, NZL",IAG New Zealand Limited,2023-09-20,AK,Philip Mathewson,174.289003,-35.733573,,False,
1502000.2037,1502000,1502000.2037,"EQC - 11 Priscilla Crescent, Mornington","EQC - 11 Priscilla Crescent, Mornington, Wellington, 6021, NZL",IAG New Zealand Limited,2023-09-20,WN,Shirley Wang,174.768883,-41.320847,Wellington City,True,
1502000.2038,1502000,1502000.2038,"EQC - 7 Magnolia Street, Outer Kaiti, Gi","EQC - 7 Magnolia Street, Outer Kaiti, Gisborne, 4010, NZL",IAG New Zealand Limited,2023-09-20,HM,Ryan Tutbury,178.051796,-38.664004,,False,
1502000.2039,1502000,1502000.2039,"EQC - 5 Trilids Lane, Churton Park, WGTN","EQC - 5 Trilids Lane, Churton Park, Wellington, 6037, NZL",IAG New Zealand Limited,2023-09-22,WN,Shirley Wang,174.806836,-41.209793,Wellington City,True,
1502000.2040,1502000,1502000.2040,"EQC - 216A Somme Parade, Aramoho","EQC - 216A Somme Parade, Aramoho, Whanganui, Manawatu-Whanganui, 4500, NZL",IAG New Zealand Limited,2023-09-22,WN,Shirley Wang,175.059387,-39.904371,,False,
1502000.2041,1502000,1502000.2041,EQC - 16 Stanley Point Road,"EQC - 16 Stanley Point Road, Stanley Point, Auckland, 0624, NZL",IAG New Zealand Limited,2023-09-24,AK,Philip Mathewson,174.77936,-36.825432,,False,
1502000.2042,1502000,1502000.2042,"EQC - 1/54 Stredwick Drive, Torbay","EQC - 1/54 Stredwick Drive, Torbay, Auckland, 0630, NZL",IAG New Zealand Limited,2023-09-24,AK,Philip Mathewson,174.732726,-36.69768,,False,
1502000.2044,1502000,1502000.2044,"EQC - 1224 Ohiti Road, Crownthorpe, Mara","EQC - 1224 Ohiti Road, Crownthorpe, Maraekakaho, Hawke's Bay, 4179, NZL #HBEQC",IAG New Zealand Limited,2023-09-28,HM,Ryan Tutbury,176.660885,-39.599646,,False,
1502000.2045,1502000,1502000.2045,"EQC - 3 Hine Te Ariki Place, Kawerau, Ba","EQC - 3 Hine Te Ariki Place, Kawerau, Bay of Plenty, 3127, NZL",IAG New Zealand Limited,2023-09-28,HM,Ryan Tutbury,176.6930938590001,-38.085169571999984,,False,
1502000.2046,1502000,1502000.2046,"EQC-39 Exeter Street, Glenview, Hamilton","EQC-39 Exeter Street, Glenview, Hamilton, Waikato, 3206, NZL",IAG New Zealand Limited,2023-09-29,HM,Ryan Tutbury,175.295305,-37.827158,,False,
1502000.2047,1502000,1502000.2047,"EQC - 23 Goldsmith Road, Hospital Hill,","EQC - 23 Goldsmith Road, Hospital Hill, Napier, Hawke's Bay, 4110, NZL #HBEQC",IAG New Zealand Limited,2023-09-29,HM,Ryan Tutbury,176.899094,-39.487687,,False,
1502000.2048,1502000,1502000.2048,"EQC - 7 Lushingtons Bay Road, Takamatua","EQC - 7 Lushingtons Bay Road, Takamatua, Canterbury, 7581, NZL",IAG New Zealand Limited,2023-10-02,CH,Anna Sleight,172.951287,-43.786705,,False,
1502000.2049,1502000,1502000.2049,"EQC - 1 Penlington Place, Akaroa","EQC - 1 Penlington Place, Akaroa, Canterbury, 7520, NZL",IAG New Zealand Limited,2023-10-02,CH,Anna Sleight,172.969346,-43.809835,,False,
1502000.2050,1502000,1502000.2050,"EQC - 3/16B Redwood Avenue, Tawa, WGTN","EQC - 3/16B Redwood Avenue, Tawa, Wellington, 5028, NZL",IAG New Zealand Limited,2023-10-03,WN,Shirley Wang,174.82274,-41.176259,Wellington City,True,
1502000.2051,1502000,1502000.2051,"EQC - 230A Atkinson Rd, Titirangi","EQC - 230A Atkinson Rd, Titirangi, Auckland, 0604, NZL",IAG New Zealand Limited,2023-10-04,AK,Philip Mathewson,174.654929,-36.936931,,False,
1502000.2052,1502000,1502000.2052,"EQC - 3 Wagner Place, Waiotahe, Opotiki,","EQC - 3 Wagner Place, Waiotahe, Opotiki, Bay of Plenty, 3198, NZL",IAG New Zealand Limited,2023-10-09,HM,Ryan Tutbury,177.173873,-37.989703,,False,
1502000.2053,1502000,1502000.2053,"EQC - 33 Bluff Road, Kuaotunu West, Ring","EQC - 33 Bluff Road, Kuaotunu West, Rings Beach, Waikato, 3592, NZL",IAG New Zealand Limited,2023-10-09,HM,Ryan Tutbury,175.704243,-36.728417,,False,
1502000.2054,1502000,1502000.2054,"EQC -16 Bryan Rd, Waiotahe, Opotiki, 319","EQC - 16 Bryan Rd, Waiotahe, Opotiki, 3198, NZL",IAG New Zealand Limited,2023-10-09,HM,Ryan Tutbury,177.173973,-37.99025,,False,
1502000.2056,1502000,1502000.2056,"EQC - 7 Golf View Road, Kerikeri","EQC - 7 Golf View Road, Kerikeri, Northland, 0230, NZL",IAG New Zealand Limited,2023-10-09,AK,Philip Mathewson,173.945819,-35.224048,,False,
1502000.2057,1502000,1502000.2057,"EQC - 36 Tawavale Street, Pukehangi, Rot","EQC - 36 Tawavale Street, Pukehangi, Rotorua, Bay of Plenty, 3015, NZL",IAG New Zealand Limited,2023-10-10,HM,Ryan Tutbury,176.210527,-38.143035,,False,
1502000.2058,1502000,1502000.2058,"EQC - 36A Riserra Drive, Ranui","EQC - 36A Riserra Drive, Ranui, Auckland, 0612, NZL",IAG New Zealand Limited,2023-10-11,AK,Philip Mathewson,174.611546,-36.865959,,False,
1502000.2059,1502000,1502000.2059,"EQC-52 Mahoe Street, Melville, Hamilton","EQC-52 Mahoe Street, Melville, Hamilton, Waikato, 3206, NZL",IAG New Zealand Limited,2023-10-12,HM,Ryan Tutbury,175.277499,-37.811586,,False,
1502000.2060,1502000,1502000.2060,"EQC-50 Mahoe Street, Melville, Hamilton","EQC-50 Mahoe Street, Melville, Hamilton, Waikato, 3206, NZL",IAG New Zealand Limited,2023-10-12,HM,Ryan Tutbury,175.2777,-37.811386,,False,
1502000.2061,1502000,1502000.2061,"EQC-17 Balloch Street, Fairfield, Hamilt","EQC-17 Balloch Street, Fairfield, Hamilton, Waikato, 3214, NZL",IAG New Zealand Limited,2023-10-12,HM,Ryan Tutbury,175.277923,-37.770541,,False,
1502000.2062,1502000,1502000.2062,"EQC - 1011 Rangiuru Road, Rangiuru, Te P","EQC - 1011 Rangiuru Road, Rangiuru, Te Puke, Bay of Plenty, 3188, NZL",IAG New Zealand Limited,2023-10-12,HM,Ryan Tutbury,176.339488,-37.868375,,False,
1502000.2063,1502000,1502000.2063,"EQC - 9 Pump Lane, Whitby, Porirua, WGTN","EQC - 9 Pump Lane, Whitby, Porirua, Wellington, 5024, NZL",IAG New Zealand Limited,2023-10-13,WN,Shirley Wang,174.879065,-41.115859,Porirua City,True,
1502000.2064,1502000,1502000.2064,"EQC-912 Poutakataka Road, Atiamuri, Waik","EQC-912 Poutakataka Road, Atiamuri, Waikato, 3077, NZL",IAG New Zealand Limited,2023-10-17,HM,Ryan Tutbury,176.157765,-38.367387,,False,
1502000.2065,1502000,1502000.2065,"EQC - 25A Matata Street, Blockhouse Bay","EQC - 25A Matata Street, Blockhouse Bay, Auckland, 0600, NZL",IAG New Zealand Limited,2023-10-17,AK,Philip Mathewson,174.699472,-36.912612,,False,
1502000.2066,1502000,1502000.2066,EQC - 1200 Glenorchy-Queenstown Road,"EQC - 1200 Glenorchy-Queenstown Road, Mount Creighton, Queenstown, Otago",IAG New Zealand Limited,2023-10-20,CH,Anna Sleight,168.515983,-45.066641,,False,
1502000.2067,1502000,1502000.2067,"EQC - 78 & 80 Queen Street, Northcote","EQC - 78 & 80 Queen Street, Northcote Point, Auckland, 0627, NZL",IAG New Zealand Limited,2023-10-23,AK,Philip Mathewson,174.747142,-36.820366,,False,
1502000.2068,1502000,1502000.2068,"EQC - 48 Kopaki Bay Road, Puketapu, Hast","EQC - 48 Kopaki Bay Road, Puketapu, Hastings, Hawke's Bay, 4182, NZL",IAG New Zealand Limited,2023-10-24,HM,Ryan Tutbury,176.812249,-39.480148,,False,
1502000.2069,1502000,1502000.2069,"EQC - 938A State Highway 35, Tirohanga,","EQC - 938A State Highway 35, Tirohanga, Opotiki, Bay of Plenty, 3197, NZL",IAG New Zealand Limited,2023-10-24,HM,Ryan Tutbury,177.376056,-37.989785,,False,
1502000.2070,1502000,1502000.2070,"EQC - 326C Matokitoki Valley Road, Matok","EQC - 326C Matokitoki Valley Road, Matokitoki, Waimata, Gisborne, 4071, NZL",IAG New Zealand Limited,2023-10-25,HM,Ryan Tutbury,178.019913,-38.615141,,False,
1502000.2071,1502000,1502000.2071,"EQC-74 Wakeman Road, Acacia Bay, Taupo","EQC-74 Wakeman Road, Acacia Bay, Taupo, Waikato, 3330, NZL",IAG New Zealand Limited,2023-10-25,HM,Ryan Tutbury,176.024972,-38.706821,,False,
1502000.2072,1502000,1502000.2072,"EQC - 9 Kingfisher Road, Takamatua","EQC - 9 Kingfisher Road, Takamatua, Canterbury",IAG New Zealand Limited,2023-10-26,CH,Anna Sleight,172.955676,-43.786287,,False,
1502000.2073,1502000,1502000.2073,"EQC - 31 Craighall Crescent, Wakari","EQC - 31 Craighall Crescent, Wakari, Dunedin, Otago",IAG New Zealand Limited,2023-10-26,CH,Anna Sleight,170.487058,-45.858375,,False,
1502000.2074,1502000,1502000.2074,"EQC - 790 Wharf Road, Coromandel, Waikat","EQC - 790 Wharf Road, Coromandel, Waikato, 3506, NZL",IAG New Zealand Limited,2023-10-30,HM,Ryan Tutbury,175.489088,-36.76266,,False,
1502000.2075,1502000,1502000.2075,"EQC - 10 Leighton St, Grey Lynn","EQC - 10 Leighton St, Grey Lynn, Auckland, 1021, NZL",IAG New Zealand Limited,2023-11-02,AK,Philip Mathewson,174.743803,-36.857818,,False,
1502000.2076,1502000,1502000.2076,"EQC - 3A Camelia Lane, Whakatane, Bay o","EQC - 3A Camelia Lane, Whakatane, Bay of Plenty, 3120, NZL",Vero Insurance New Zealand Limited,2023-11-07,HM,Ryan Tutbury,176.997471,-37.959038,,False,
1502000.2077,1502000,1502000.2077,"EQC - 79 Karaka Street, Castlecliff","EQC - 79 Karaka Street, Castlecliff, Whanganui, Manawatu-Whanganui, 4501, NZL",IAG New Zealand Limited,2023-11-07,WN,Shirley Wang,174.97499,-39.932625,,False,
1502000.2078,1502000,1502000.2078,"EQC - 29B Hamilton Road, Herne Bay, Auck","EQC - 29B Hamilton Road, Herne Bay, Auckland, 1011, NZL",IAG New Zealand Limited,2023-11-09,AK,Philip Mathewson,174.738287,-36.842569,,False,
1502000.2079,1502000,1502000.2079,"EQC - 45 Makarori Beach Road, Gisborne,","EQC - 45 Makarori Beach Road, Gisborne, Gisborne, NZL",IAG New Zealand Limited,2023-11-09,HM,Ryan Tutbury,178.136269,-38.651272,,False,
1502000.2080,1502000,1502000.2080,"EQC - 60 Jonathon Street, Brookfield, Ta","EQC - 60 Jonathon Street, Brookfield, Tauranga, Bay of Plenty, 3110, NZL",IAG New Zealand Limited,2023-11-09,HM,Ryan Tutbury,176.131807,-37.694483,,False,
1502000.2081,1502000,1502000.2081,"EQC - 111 Bell Rd, Remuera, Auckland, 10","EQC - 111 Bell Rd, Remuera, Auckland, 1050, NZL",IAG New Zealand Limited,2023-11-10,AK,Philip Mathewson,174.794209,-36.86803,,False,
1502000.2082,1502000,1502000.2082,"EQC - 51 Tane Road, Laingholm, Auckland,","EQC - 51 Tane Road, Laingholm, Auckland, 0604",IAG New Zealand Limited,2023-11-10,AK,Philip Mathewson,174.632974,-36.962626,,False,
1502000.2083,1502000,1502000.2083,"EQC - 16 St Clair Pl, Browns Bay, Auckla","EQC - 16 St Clair Place, Browns Bay, Auckland, 0630, NZL",IAG New Zealand Limited,2023-11-16,AK,Philip Mathewson,174.725624,-36.718687,,False,
1502000.2084,1502000,1502000.2084,"EQC - 16B Valley Road, Browns Bay","EQC - 16B Valley Road, Browns Bay, Auckland, 0630, NZL",IAG New Zealand Limited,2023-11-16,AK,Philip Mathewson,174.747552,-36.712609,,False,
1502000.2085,1502000,1502000.2085,"EQC-21 Woodlands Road, Gordonton,Taupiri","EQC-21 Woodlands Road, Gordonton, Taupiri, Waikato, 3281, NZL",IAG New Zealand Limited,2023-11-20,HM,Ryan Tutbury,175.306178,-37.668616,,False,
1502000.2086,1502000,1502000.2086,"EQC - 8 Bulwer Street, Devonport","EQC - 8 Bulwer Street, Devonport, Auckland",IAG New Zealand Limited,2023-11-20,AK,Philip Mathewson,174.7936,-36.8224,,False,
1502000.2087,1502000,1502000.2087,"EQC - Unit 1,48A Verbena Road, #1, Birkd","EQC - Unit 1, 48A Verbena Road, #1, Birkdale, Auckland, 0626, NZL",IAG New Zealand Limited,2023-11-20,AK,Ben Francis,174.70839346500009,-36.80183942799994,,False,
1502000.2088,1502000,1502000.2088,"EQC - 124 Wharf Road, Port Albert","EQC - 124 Wharf Road, Port Albert, Auckland",IAG New Zealand Limited,2023-11-20,AK,Philip Mathewson,174.430364,-36.274283,,False,
1502000.2089,1502000,1502000.2089,"EQC - 32B Rarangi Road, St Heliers","EQC - 32B Rarangi Road, St Heliers, Auckland, 1071, NZL",IAG New Zealand Limited,2023-11-20,AK,Philip Mathewson,174.86437,-36.848289,,False,
1502000.2090,1502000,1502000.2090,"EQC - 18 Marama Terrace, Eastbourne WGTN","EQC - 18 Marama Terrace, Eastbourne, Lower Hutt, Wellington, 5013, NZL",IAG New Zealand Limited,2023-11-20,WN,Shirley Wang,174.903333,-41.290229,Lower Hutt City,True,
1502000.2091,1502000,1502000.2091,"EQC-21 Woodlands Road, Gordonton,Taupiri","EQC-21 Woodlands Road, Gordonton, Taupiri, Waikato, 3281, NZL",IAG New Zealand Limited,2023-11-20,HM,Ryan Tutbury,175.306178,-37.668616,,False,
1502000.2092,1502000,1502000.2092,"EQC - 82 Kopanga Road, Havelock North, H","EQC - 82 Kopanga Road, Havelock North, Hawke's Bay, 4130, NZL",IAG New Zealand Limited,2023-11-21,HM,Ryan Tutbury,176.88282,-39.685265,,False,
1502000.2093,1502000,1502000.2093,"EQC - Unit Flat 1, 44 Whitney Street, Ne","EQC - Unit Flat 1, 44 Whitney Street, New Windsor, Auckland, 0600, NZL",IAG New Zealand Limited,2023-11-22,AK,Philip Mathewson,174.708832,-36.904664,,False,
1502000.2094,1502000,1502000.2094,"EQC - 88 Seaview Road, Piha, Auckland, 0","EQC - 88 Seaview Road, Piha, Auckland, 0772, NZL",IAG New Zealand Limited,2023-11-22,AK,Philip Mathewson,174.474492,-36.957369,,False,
1502000.2095,1502000,1502000.2095,"EQC - 66 Jonathon Street, Brookfield, Ta","EQC - 66 Jonathon Street, Brookfield, Tauranga, Bay of Plenty, 3110, NZL",IAG New Zealand Limited,2023-11-22,HM,Ryan Tutbury,176.132098,-37.694097,,False,
1502000.2097,1502000,1502000.2097,"EQC - 932 Beach Rd, Waiake, Auckland","EQC - 932 Beach Rd, Waiake, Auckland, 0630, NZL",IAG New Zealand Limited,2023-11-22,AK,Philip Mathewson,174.751215,-36.703593,,False,
1502000.2099,1502000,1502000.2099,"EQC - 97 Norwood Road, Bayswater, Auck","EQC - 97 Norwood Road, Bayswater, Auckland, 0622, NZL",IAG New Zealand Limited,2023-11-22,AK,Philip Mathewson,174.779974,-36.814904,,False,
1502000.2096,1502000,1502000.2096,"EQC - 576 Mahia East Coast Road, Mahia,","EQC - 576 Mahia East Coast Road, Mahia, Hawke's Bay, 4198, NZL",IAG New Zealand Limited,2023-11-23,HM,Ryan Tutbury,177.929602,-39.090792,,False,
1502000.2100,1502000,1502000.2100,"EQC - 3 Bamfield Place, Hillsborough","EQC - 3 Bamfield Place, Hillsborough, Auckland",IAG New Zealand Limited,2023-11-24,AK,Philip Mathewson,174.766934,-36.925344,,False,
1502000.2101,1502000,1502000.2101,"EQC - 750 Weranui Road, Wainui, Auckland","EQC - 750 Weranui Road, Wainui, Auckland",FMG Insurance Limited,2023-11-24,AK,Philip Mathewson,174.646968,-36.562408,,False,
1502000.2102,1502000,1502000.2102,"EQC - 1225 East Coast Road, Redvale","EQC - 1225 East Coast Road, Redvale, Auckland, 0794, NZL",IAG New Zealand Limited,2023-11-29,AK,Philip Mathewson,174.708765,-36.694033,,False,
1502000.2103,1502000,1502000.2103,"EQC - 13 Landscape Road, Mount Eden","EQC - 13 Landscape Road, Mount Eden, Auckland, 1024, NZL",IAG New Zealand Limited,2023-11-29,AK,Philip Mathewson,174.76186,-36.899152,,False,
1502000.2104,1502000,1502000.2104,"EQC - 1725 Wyuna Bay Road, Wyuna Bay, Co","EQC - 1725 Wyuna Bay Road, Wyuna Bay, Coromandel, Waikato, 3581, NZL",IAG New Zealand Limited,2023-12-05,HM,Ryan Tutbury,175.465265,-36.758252,,False,
1502000.2105,1502000,1502000.2105,"EQC - 34 Hinemotu Avenue, Kawerau, Bay o","EQC - 34 Hinemotu Avenue, Kawerau, Bay of Plenty, 3127, NZL",IAG New Zealand Limited,2023-12-05,HM,Ryan Tutbury,176.690744,-38.083708,,False,
1502000.2106,1502000,1502000.2106,"EQC - 5 Camelia Lane, Whakatane, Bay of","EQC - 5 Camelia Lane, Whakatane, Bay of Plenty, 3120, NZL",IAG New Zealand Limited,2023-12-06,HM,Ryan Tutbury,176.997876,-37.958847,,False,
1502000.2107,1502000,1502000.2107,"EQC - 76 Park Terrace, Corsair Bay","EQC - 76 Park Terrace, Corsair Bay, Lyttelton, Canterbury",IAG New Zealand Limited,2023-12-07,CH,Anna Sleight,172.696532,-43.607327,,False,
1502000.2108,1502000,1502000.2108,"EQC - 36 Highland Avenue, Titirangi","EQC - 36 Highland Avenue, Titirangi, Auckland, 0604, NZL",IAG New Zealand Limited,2023-12-11,AK,Philip Mathewson,174.658107,-36.927179,,False,
1502000.2109,1502000,1502000.2109,"EQC - 724 Tararu Road, Thames, Waikato,","EQC - 724 Tararu Road, Thames, Waikato, 3500, NZL",IAG New Zealand Limited,2023-12-11,HM,Ryan Tutbury,175.524613,-37.115003,,False,
1502000.2110,1502000,1502000.2110,"EQC - 26 Fox Street, Ngaio, Wellington","EQC - 26 Fox Street, Ngaio, Wellington, 6035, NZL",IAG New Zealand Limited,2023-12-11,WN,Shirley Wang,174.774378,-41.244438,Wellington City,True,
1502000.2111,1502000,1502000.2111,"EQC - 8 Hempleman Drive, Akaroa","EQC - 8 Hempleman Drive, Akaroa, Canterbury",IAG New Zealand Limited,2023-12-12,CH,Anna Sleight,172.955586,-43.814584,,False,
1502000.2112,1502000,1502000.2112,"EQC - 49 Newhaven Terrace, Mairangi Bay","EQC - 49 Newhaven Terrace, Mairangi Bay, Auckland, 0630, NZL",AA Insurance Limited,2023-12-13,AK,Philip Mathewson,174.75050232000012,-36.74361006399994,,False,
1502000.2113,1502000,1502000.2113,"EQC - 177 Pukehina Parade, Pukehina, Puk","EQC - 177 Pukehina Parade, Pukehina, Pukehina Beach, Bay of Plenty, 3189, NZL",IAG New Zealand Limited,2023-12-13,HM,Ryan Tutbury,176.515443,-37.781957,,False,
1502000.2114,1502000,1502000.2114,"EQC - 60A Queenstown Road, Hillsborough","EQC - 60 Queenstown Road, Hillsborough, Auckland, 1061, NZL",IAG New Zealand Limited,2023-12-14,AK,Philip Mathewson,174.767274,-36.918875,,False,
1502000.2115,1502000,1502000.2115,"EQC - 18 Bannerman Road, Morningside","EQC - 18 Bannerman Road, Morningside, Auckland, 1022, NZL",IAG New Zealand Limited,2023-12-14,AK,Philip Mathewson,174.731166,-36.871086,,False,
1502000.2116,1502000,1502000.2116,"EQC - 137 Sunnynook Road, Forrest Hill","EQC - 137 Sunnynook Road, Forrest Hill, Auckland, 0620, NZL",IAG New Zealand Limited,2023-12-14,AK,Philip Mathewson,174.739469,-36.761466,,False,
1502000.2117,1502000,1502000.2117,"EQC - 59 Hartway Grove, Coatesville","EQC - 59 Hartway Grove, Coatesville, Auckland, 0792, NZL",IAG New Zealand Limited,2023-12-14,AK,Dion Willcocks,174.645938,-36.705839,,False,
1502000.2118,1502000,1502000.2118,"EQC - 50A Atkinson Rd, Titirangi","EQC - 50A Atkinson Rd, Titirangi, Auckland, 0604, NZL",IAG New Zealand Limited,2023-12-18,AK,Philip Mathewson,174.656912,-36.924395,,False,
1502000.2119,1502000,1502000.2119,"EQC - 26 Sapperton Drive, Henderson","EQC - 26 Sapperton Drive, Henderson, Auckland, 0612, NZL",IAG New Zealand Limited,2023-12-18,AK,Philip Mathewson,174.603822,-36.887839,,False,
1502000.2120,1502000,1502000.2120,"EQC - 24 Tilden Avenue, Hillcrest","EQC - 24 Tilden Avenue, Hillcrest, Auckland, 0627, NZL",IAG New Zealand Limited,2023-12-18,AK,Philip Mathewson,174.729493,-36.800994,,False,
1502000.2121,1502000,1502000.2121,"EQC - 84 Daffodil Street, Titirangi","EQC - 84 Daffodil Street, Titirangi, Auckland, 0604, NZL",IAG New Zealand Limited,2023-12-18,AK,Philip Mathewson,174.651404,-36.931079,,False,
1502000.2122,1502000,1502000.2122,"EQC - 64 Lynbrooke Ave, Blockhouse Bay","EQC - 64 Lynbrooke Avenue, Blockhouse Bay, Auckland, 0600, NZL",IAG New Zealand Limited,2023-12-18,AK,Philip Mathewson,174.71004,-36.925448,,False,
1502000.2123,1502000,1502000.2123,"EQC - 17 Tokatoka Road, Ruawai","EQC - 17 Tokatoka Road, Ruawai, Northland, 0592, NZL",IAG New Zealand Limited,2023-12-18,AK,Philip Mathewson,173.969138,-36.058009,,False,
1502000.2124,1502000,1502000.2124,"EQC - 62 Emmett Street, Greerton, Tauran","EQC - 62 Emmett Street, Greerton, Tauranga, Bay of Plenty, 3112, NZL",IAG New Zealand Limited,2023-12-20,HM,Ryan Tutbury,176.137688,-37.731071,,False,
1502000.2125,1502000,1502000.2125,"EQC - 84 Waitaha Road, Welcome Bay, Taur","EQC - 84 Waitaha Road, Welcome Bay, Tauranga, 3112, NZL",IAG New Zealand Limited,2023-12-21,HM,Ryan Tutbury,176.191128,-37.730252,,False,
1502000.2126,1502000,1502000.2126,"EQC - 9 Mary Keane Lane, Parakai","EQC - 9 Mary Keane Lane, Parakai, Helensville, Auckland, 0830, NZL",IAG New Zealand Limited,2024-01-09,AK,Philip Mathewson,174.436626,-36.657144,,False,
1502000.2127,1502000,1502000.2127,"EQC - 99 Birkenhead Avenue, Birkenhead","EQC - 99 Birkenhead Avenue, Birkenhead, Auckland, 0626, NZL",IAG New Zealand Limited,2024-01-09,AK,Philip Mathewson,174.725851,-36.808659,,False,
1502000.2128,1502000,1502000.2128,"EQC - 3 Mount Pleasant Road, Mount Eden","EQC - 3 Mount Pleasant Road, Mount Eden, Auckland, 1024, NZL",IAG New Zealand Limited,2024-01-09,AK,Philip Mathewson,174.7491,-36.8845,,False,
1502000.2129,1502000,1502000.2129,"EQC - 40 Red Hills Road, Havelock North","EQC - 40 Red Hills Road, Havelock North, Hawke's Bay, 4172, NZL",IAG New Zealand Limited,2024-01-09,HM,Ryan Tutbury,176.853357,-39.698172,,False,
1502000.2130,1502000,1502000.2130,"EQC - 10 Mosman Place, Chatswood","EQC - 10 Mosman Place, Chatswood, Auckland, 0626, NZL",IAG New Zealand Limited,2024-01-09,AK,Philip Mathewson,174.712071,-36.817681,,False,
1502000.2131,1502000,1502000.2131,"EQC - 7A Appleyard Crescent, Meadowbank","EQC - 7A Appleyard Crescent, Meadowbank, Auckland, 1072, NZL",IAG New Zealand Limited,2024-01-11,AK,Stefan Huszak,174.828102,-36.871248,,False,
1502000.2132,1502000,1502000.2132,"EQC - 114B Laurence Street, Gate Pa","EQC - 114B Laurence Street, Gate Pa, Tauranga, 3112, NZL",IAG New Zealand Limited,2024-01-11,HM,Ryan Tutbury,176.146467,-37.707119,,False,
1502000.2133,1502000,1502000.2133,"EQC - 7 Pewhairangi Street, Tokomaru Bay","EQC - 7 Pewhairangi Street, Tokomaru Bay, Gisborne, 4079, NZL",IAG New Zealand Limited,2024-01-11,HM,Ryan Tutbury,178.318218,-38.122907,,False,
1502000.2137,1502000,1502000.2137,"EQC - 19 Domain Crescent, Muriwai","EQC - 19 Domain Crescent, Muriwai, Auckland, 0881, NZL",IAG New Zealand Limited,2024-01-11,AK,Dion Willcocks,174.431088,-36.829143,,False,
1502000.2138,1502000,1502000.2138,"EQC - 9 Wanganella Place, Lynfield","EQC - 9 Wanganella Place, Lynfield, Auckland, 1042, NZL",IAG New Zealand Limited,2024-01-11,AK,Philip Mathewson,174.716703,-36.925916,,False,
1502000.2134,1502000,1502000.2134,"EQC - 4147 State Highway 1, Mangamuka","EQC - 4147 State Highway 1, Mangamuka, Kohukohu, Northland, 0476, NZL",IAG New Zealand Limited,2024-01-12,AK,Philip Mathewson,173.544044,-35.235942,,False,
1502000.2135,1502000,1502000.2135,"EQC - 1 Goddard Grove, Churton Park WGTN","EQC - 1 Goddard Grove, Churton Park, Wellington, 6037, NZL",IAG New Zealand Limited,2024-01-12,WN,Shirley Wang,174.809985,-41.213053,Wellington City,True,
1502000.2136,1502000,1502000.2136,"EQC - 3 Kingsley Place, Richmond 7020","EQC - 3 Kingsley Place, Richmond 7020",IAG New Zealand Limited,2024-01-12,NE,Marcus Lovell,173.196714,-41.347855,,False,
1502000.2139,1502000,1502000.2139,EQC - Lot 4 DP1125 Ruakaka Bay,"EQC - Lot 4 DP1125 Ruakaka Bay, Marlborough Sounds",IAG New Zealand Limited,2024-01-12,NE,Marcus Lovell,174.138001,-41.203662,,False,
1502000.2150,1502000,1502000.2150,"EQC - 2379 Kenepuru Road, Portage","EQC - 2379 Kenepuru Road, Portage, Marlborough Sounds",IAG New Zealand Limited,2024-01-12,NE,Marcus Lovell,173.997479,-41.209385,,False,
1502000.2140,1502000,1502000.2140,"EQC-103 Oakley Crescent, Thames, Waikato","EQC-103 Oakley Crescent, Thames, Waikato, 3500, NZL",IAG New Zealand Limited,2024-01-19,HM,Ryan Tutbury,175.554455,-37.145176,,False,
1502000.2141,1502000,1502000.2141,"EQC - 20 Shakespeare Road, Bastia Hill","EQC - 20 Shakespeare Road, Bastia Hill, Whanganui, Manawatu-Whanganui, 4500, NZL",IAG New Zealand Limited,2024-01-19,WN,Shirley Wang,175.064119,-39.931886,,False,
1502000.2142,1502000,1502000.2142,"EQC - 210 Wairere Rd, Waitakere","EQC - 210 Wairere Rd, Waitakere, Auckland, 0782, NZL",IAG New Zealand Limited,2024-01-22,AK,Philip Mathewson,174.5151,-36.8515,,False,
1502000.2143,1502000,1502000.2143,"EQC - 24 Fox Street, Ngaio, Wellington","EQC - 24 Fox Street, Ngaio, Wellington, 6035, NZL",IAG New Zealand Limited,2024-01-23,WN,Shirley Wang,174.774222,-41.244469,Wellington City,True,
1502000.2144,1502000,1502000.2144,"EQC - 69 Norway Street, Kelburn, WGTN","EQC - 69 Norway Street, Kelburn, Wellington, 6012, NZL",IAG New Zealand Limited,2024-02-01,WN,Shirley Wang,174.758722,-41.289689,Wellington City,True,
1502000.2145,1502000,1502000.2145,"EQC - 11 Hames Terrace, Hillsborough","EQC - 11 Hames Terrace, Hillsborough, Auckland, 1042, NZL",IAG New Zealand Limited,2024-02-02,AK,Philip Mathewson,174.744149,-36.930717,,False,
1502000.2146,1502000,1502000.2146,"EQC - 52 Peel Place, Wainuiomata, WGTN","EQC - 52 Peel Place, Wainuiomata, Lower Hutt, Wellington, 5014, NZL",IAG New Zealand Limited,2024-02-02,WN,Shirley Wang,174.950566,-41.278511,Lower Hutt City,True,
1502000.2147,1502000,1502000.2147,"EQC - 520 Mahia East Coast Road, Mahia,","EQC - 520 Mahia East Coast Road, Mahia, Hawke's Bay, 4198, NZL #HBEQC",IAG New Zealand Limited,2024-02-05,HM,Ryan Tutbury,177.924877,-39.08898,,False,
1502000.2148,1502000,1502000.2148,"EQC - 1008 Waipunga Road, Tangoio, Napie","EQC - 1008 Waipunga Road, Tangoio, Napier, Hawke's Bay",IAG New Zealand Limited,2024-02-05,HM,Ryan Tutbury,176.842579,-39.320665,,False,
1502000.2149,1502000,1502000.2149,"EQC - 311 Whareora Road, Whareora","EQC - 311 Whareora Road, Whareora, Northland, 0175, NZL",IAG New Zealand Limited,2024-02-05,AK,Philip Mathewson,174.352523,-35.700778,,False,
1502000.2151,1502000,1502000.2151,"EQC - 22 Longwood Place, Forrest Hill","EQC - 22 Longwood Place, Forrest Hill, Auckland, 0620, NZL",IAG New Zealand Limited,2024-02-08,AK,Philip Mathewson,174.7438,-36.7605,,False,
1502000.2152,1502000,1502000.2152,EQC - 103 Richmond Hill Road,"EQC - 103 Richmond Hill Road, Richmond Hill, Christchurch, Canterbury, 8081, NZL",IAG New Zealand Limited,2024-02-08,CH,Anna Sleight,172.756029,-43.571557,,False,
1502000.2153,1502000,1502000.2153,"EQC - 123 Stredwick Drive, Torbay","EQC - 123 Stredwick Drive, Torbay, Auckland, 0630, NZL",IAG New Zealand Limited,2024-02-08,AK,Philip Mathewson,174.7383,-36.6982,,False,
1502000.2154,1502000,1502000.2154,"EQC - 29 Pinebrook Lane, Maraetai","EQC - 29 Pinebrook Lane, Maraetai, Auckland, 2018, NZL",AA Insurance Limited,2024-02-12,AK,Philip Mathewson,175.045,-36.8855,,False,
1502000.2155,1502000,1502000.2155,"EQC - 27A Pinebrook Lane, Maraetai","EQC - 27A Pinebrook Lane, Maraetai, Auckland, 2018, NZL",AA Insurance Limited,2024-02-12,AK,Philip Mathewson,175.0449,-36.8853,,False,
1502000.2156,1502000,1502000.2156,"EQC - 120 Pinchgut Road, Kaukapakapa","EQC - 120 Pinchgut Road, Kaukapakapa, Auckland, 0873, NZL",IAG New Zealand Limited,2024-02-12,AK,Philip Mathewson,174.4776,-36.6193,,False,
1502000.2157,1502000,1502000.2157,"EQC - 19A Gilletta Road, Mount Roskill","EQC - 19A Gilletta Road, Mount Roskill, Auckland, 1041, NZL",IAG New Zealand Limited,2024-02-12,AK,Philip Mathewson,174.7134,-36.9239,,False,
1502000.2158,1502000,1502000.2158,"EQC - 28 Standen Avenue, Remuera","EQC - 28 Standen Avenue, Remuera, Auckland, 1050, NZL",IAG New Zealand Limited,2024-02-12,AK,Philip Mathewson,174.794878,-36.868174,,False,
1502000.2159,1502000,1502000.2159,"EQC - 384A Richardson Rd, Mount Roskill","EQC -384A Richardson Rd, Mount Roskill, Auckland, 1041, NZL",IAG New Zealand Limited,2024-02-14,AK,Philip Mathewson,174.7249,-36.9087,,False,
1502000.2160,1502000,1502000.2160,EQC - 2402 Whangarei Heads Road,"EQC - 2402 Whangarei Heads Road, Whangarei Heads, Northland, 0174, NZL",IAG New Zealand Limited,2024-02-14,AK,Philip Mathewson,174.529481,-35.830079,,False,
1502000.2161,1502000,1502000.2161,"EQC - 236 Shanley Road, Crownthorpe, Has","EQC - 236 Shanley Road, Crownthorpe, Hastings, Hawke's Bay, 4179, NZL #HBEQC",IAG New Zealand Limited,2024-02-21,HM,Ryan Tutbury,176.679164,-39.56351,,False,
1502000.2162,1502000,1502000.2162,"EQC - 107 Lushingtons Bay Road, CAN","EQC - 107 Lushingtons Bay Road, Takamatua, Canterbury, 7581, NZL",IAG New Zealand Limited,2024-02-22,CH,Anna Sleight,172.946455,-43.79028,,False,
1502000.2163,1502000,1502000.2163,"EQC - 613B Matapiro Road, Crowntho","EQC - 613B Matapiro Road, Crownthorpe, Hastings, Hawke's Bay, 4179, NZL",IAG New Zealand Limited,2024-02-22,HM,Ryan Tutbury,176.647023,-39.584881,,False,
1502000.2164,1502000,1502000.2164,"EQC - 633 Ormandy Road, Mangapai","EQC - 633 Ormandy Road, Mangapai, Whangarei, Northland, 0178, NZL",IAG New Zealand Limited,2024-02-26,AK,Philip Mathewson,174.2867,-35.8431,,False,
1502000.2165,1502000,1502000.2165,"EQC-977 River Road, Queenwood, Hamilton","EQC-977 River Road, Queenwood, Hamilton, Waikato, 3210, NZL",IAG New Zealand Limited,2024-02-26,HM,Ryan Tutbury,175.264498,-37.748727,,False,
1502000.2166,1502000,1502000.2166,"EQC - 68 Elliott Avenue, Bayview","EQC - 68 Elliott Avenue, Bayview, Auckland, 0629, NZL",IAG New Zealand Limited,2024-02-29,AK,Philip Mathewson,174.7195,-36.771,,False,
1502000.2167,1502000,1502000.2167,"EQC - 1A Autumn Avenue, Glen Eden","EQC - 1A Autumn Avenue, Glen Eden, Auckland, 0602, NZL",IAG New Zealand Limited,2024-03-03,AK,Philip Mathewson,174.6321,-36.9198,,False,
1502000.2168,1502000,1502000.2168,"EQC - 81 Haigh Access Road, Redvale","EQC - 81 Haigh Access Road, Redvale, Auckland, 0794, NZL",IAG New Zealand Limited,2024-03-03,AK,Philip Mathewson,174.7032,-36.6756,,False,
1502000.2169,1502000,1502000.2169,"EQC - 3 Lynngate Pl, Hillcrest","EQC - 3 Lynngate Pl, Hillcrest, Auckland, 0627, NZL",IAG New Zealand Limited,2024-03-05,AK,Philip Mathewson,174.7355,-36.7995,,False,
1502000.2170,1502000,1502000.2170,"EQC - 16 Treloar Crescent, Hobsonville","EQC - 16 Treloar Crescent, Hobsonville, Auckland, 0616, NZL",IAG New Zealand Limited,2024-03-05,AK,Philip Mathewson,174.671722,-36.802092,,False,
1502000.2171,1502000,1502000.2171,"EQC - 717A Puketitiri Road, Puketapu, Ha","EQC - 717A Puketitiri Road, Puketapu, Hastings, Hawke's Bay, 4182, NZL",IAG New Zealand Limited,2024-03-05,HM,Ryan Tutbury,176.797099,-39.479201,,False,
1502000.2172,1502000,1502000.2172,"EQC - 7 North Street, Mokau, Waikato","EQC - 7 North Street, Mokau, Waikato, 4376, NZL",IAG New Zealand Limited,2024-03-08,WN,Shirley Wang,174.619904,-38.694307,,False,
1502000.2173,1502000,1502000.2173,"EQC - 6 Belle View Place, Waiheke Island","EQC - 6 Belle View Place, Waiheke Island, Auckland, 1971, NZL",IAG New Zealand Limited,2024-03-08,AK,Philip Mathewson,175.0937,-36.7858,,False,
1502000.2174,1502000,1502000.2174,"EQC - 65 Napier Terrace, Hospital Hill,","EQC - 65 Napier Terrace, Hospital Hill, Napier, Hawke's Bay, 4110, NZL",Vero Insurance New Zealand Limited,2024-03-11,HM,Ryan Tutbury,176.902669,-39.488138,,False,
1502000.2175,1502000,1502000.2175,"EQC-347 Vaile Road, Newstead, Hamilton","EQC-347 Vaile Road, Newstead, Hamilton, Waikato, 3286, NZL",IAG New Zealand Limited,2024-03-11,HM,Ryan Tutbury,175.376278,-37.757329,,False,
1502000.2176,1502000,1502000.2176,"EQC - 13 Kerria Place, Sunnynook","EQC - 13 Kerria Place, Sunnynook, Auckland 0620",IAG New Zealand Limited,2024-03-13,AK,Philip Mathewson,174.7372,-36.7522,,False,
1502000.2177,1502000,1502000.2177,"EQC - 32 Canberra Avenue, Lynfield","EQC - 32 Canberra Avenue, Lynfield, Auckland 1042",IAG New Zealand Limited,2024-03-13,AK,Philip Mathewson,174.7258,-36.9313,,False,
1502000.2178,1502000,1502000.2178,"EQC - 198 Parker Road, Oratia","EQC - 198 Parker Road, Oratia, Auckland 0604",IAG New Zealand Limited,2024-03-13,AK,Philip Mathewson,174.6127,-36.9409,,False,
1502000.2179,1502000,1502000.2179,"EQC - 70 Roy Crescent, Concord, Dunedin","EQC - 70 Roy Crescent, Concord, Dunedin 9018, NZL",IAG New Zealand Limited,2024-03-18,CH,Anna Sleight,170.4604,-45.9058,,False,
1502000.2180,1502000,1502000.2180,"EQC - 43 Loughanure Place, Massey","EQC - 43 Loughanure Place, Massey, Auckland 0614",IAG New Zealand Limited,2024-03-18,AK,Philip Mathewson,174.605,-36.8394,,False,
1502000.2182,1502000,1502000.2182,"EQC - 22 Rawhiti Street, Diamond Harbour","EQC - 22 Rawhiti Street, Diamond Harbour 8972, NZL",IAG New Zealand Limited,2024-03-21,CH,Anna Sleight,172.7425,-43.6309,,False,
1502000.2183,1502000,1502000.2183,"EQC - 49A Forrest Hill Road, Milford","EQC - 49A Forrest Hill Road, Milford, Auckland 0620",IAG New Zealand Limited,2024-03-22,AK,Philip Mathewson,174.75,-36.7764,,False,
1502000.2184,1502000,1502000.2184,"EQC - 11 Kaimai View Drive, Ohauiti, Tau","EQC - 11 Kaimai View Drive, Ohauiti, Tauranga 3112",IAG New Zealand Limited,2024-03-22,HM,Ryan Tutbury,176.1619,-37.7419,,False,
1502000.2185,1502000,1502000.2185,"EQC - 61 Cedar Heights Avenue, Massey","EQC - 61 Cedar Heights Avenue, Massey, Auckland 0614",IAG New Zealand Limited,2024-03-25,AK,Philip Mathewson,174.621,-36.8348,,False,
1502000.2186,1502000,1502000.2186,"EQC - 54 Domain Crescent, Muriwai","EQC - 54 Domain Crescent, Muriwai 0881",IAG New Zealand Limited,2024-03-25,AK,Philip Mathewson,174.4333,-36.8284,,False,
1502000.2187,1502000,1502000.2187,"EQC - 2/46D Pleasant Road, Glen Eden","EQC - 2/46D Pleasant Road, Glen Eden, Auckland 0602",IAG New Zealand Limited,2024-03-26,AK,Philip Mathewson,174.6599,-36.9181,,False,
1502000.2195,1502000,1502000.2195,"EQC - 12 Tui Glen Rd, Atawhai, Nelson","EQC - 12 Tui Glen Road, Atawhai, Nelson 7010",IAG New Zealand Limited,2024-03-26,NE,Marcus Lovell,173.3185,-41.2412,,False,
1502000.2188,1502000,1502000.2188,"EQC - 72 Ohauiti Road, Hairini, Tauranga","EQC - 72 Ohauiti Road, Hairini, Tauranga 3112",IAG New Zealand Limited,2024-03-28,HM,Ryan Tutbury,176.166,-37.7307,,False,
1502000.2189,1502000,1502000.2189,"EQC - Flat 2, 472 Evans Bay Parade, WGTN","EQC - Flat 2, 472 Evans Bay Parade, Hataitai, Wellington 6021",IAG New Zealand Limited,2024-03-28,WN,Shirley Wang,174.7973,-41.3097,Wellington City,True,
1502000.2190,1502000,1502000.2190,"EQC - 22A Turakina Street, Grey Lynn","EQC - 22A Turakina Street, Grey Lynn, Auckland 1021",IAG New Zealand Limited,2024-04-02,AK,Philip Mathewson,174.7461,-36.863,,False,
1502000.2191,1502000,1502000.2191,"EQC - 2/828 Beach Road, Browns Bay","EQC - 2/828 Beach Road, Browns Bay, Auckland 0630",IAG New Zealand Limited,2024-04-03,AK,Philip Mathewson,174.7445,-36.7118,,False,
1502000.2192,1502000,1502000.2192,"EQC - 12 Johnson Street, Whangārei","EQC - 12 Johnson Street, Whangārei, Northland, 0110",IAG New Zealand Limited,2024-04-04,AK,Philip Mathewson,174.3585,-35.7673,,False,
1502000.2193,1502000,1502000.2193,"EQC - 17 Lytton Road, Riverdale, Gisborn","EQC - 17 Lytton Road, Riverdale, Gisborne 4010",IAG New Zealand Limited,2024-04-05,HM,Ryan Tutbury,178.0014,-38.641,,False,
1502000.2194,1502000,1502000.2194,"EQC - 2/27 Olsen Avenue, Mangawhai Heads","EQC - 2/27 Olsen Avenue, Mangawhai Heads, Mangawhai, Northland, 0505, NZL",IAG New Zealand Limited,2024-04-10,AK,Philip Mathewson,174.584834,-36.087474,,False,
1502000.2196,1502000,1502000.2196,"EQC - 159 Wiseley Road, West Harbour","EQC - 159 Wiseley Road, West Harbour, Auckland 0618",IAG New Zealand Limited,2024-04-12,AK,Philip Mathewson,174.6407,-36.8093,,False,
1502000.2197,1502000,1502000.2197,"EQC - 45A Edmund Road, Mangakakahi, Roto","EQC - 45A Edmund Road, Mangakakahi, Rotorua 3015",IAG New Zealand Limited,2024-04-12,HM,Ryan Tutbury,176.2146,-38.1363,,False,
1502000.2198,1502000,1502000.2198,"EQC - 5 Stanley Place, Akaroa 7520","EQC - 5 Stanley Place, Akaroa 7520",IAG New Zealand Limited,2024-04-15,CH,Anna Sleight,172.9518,-43.8168,,False,
1502000.2199,1502000,1502000.2199,"EQC - 536 Waipunga Road, Eskdale, Napier","EQC - 536 Waipunga Road, Eskdale, Napier 4181",IAG New Zealand Limited,2024-04-16,HM,Ryan Tutbury,176.8275,-39.3503,,False,
1502000.2200,1502000,1502000.2200,"EQC - 1 Crown Road, Tindalls Beach","EQC - 1 Crown Road, Tindalls Beach, Whangaparāoa 0930",IAG New Zealand Limited,2024-04-17,AK,Philip Mathewson,174.7697,-36.6238,,False,
1502000.2201,1502000,1502000.2201,"EQC - 223 Oruawharo Road, Topuni","EQC - 223 Oruawharo Road, Topuni, Wellsford 0975",IAG New Zealand Limited,2024-04-17,AK,Philip Mathewson,174.4553,-36.228,,False,
1502000.2202,1502000,1502000.2202,"EQC-16 Ailsa Street, Te Kūiti 3910","EQC-16 Ailsa Street, Te Kūiti 3910",IAG New Zealand Limited,2024-04-17,HM,Ryan Tutbury,175.1542,-38.3345,,False,
1502000.2203,1502000,1502000.2203,"EQC - 14 Aotea Crescent, Havelock North","EQC - 14 Aotea Crescent, Havelock North 4130",IAG New Zealand Limited,2024-04-29,HM,Ryan Tutbury,176.8931,-39.6776,,False,
1502000.2204,1502000,1502000.2204,"EQC - 60 Alberta Road, Glen Avon, NPL","EQC - 60 Alberta Road, Glen Avon, New Plymouth 4312",IAG New Zealand Limited,2024-04-29,WN,Shirley Wang,174.1142,-39.0579,,False,
1502000.2205,1502000,1502000.2205,"EQC - 269 Coronation Avenue, Welbourn","EQC - 269 Coronation Avenue, Welbourn, New Plymouth 4310",IAG New Zealand Limited,2024-04-29,WN,Shirley Wang,174.0899,-39.0755,,False,
1502000.2206,1502000,1502000.2206,"EQC - 34 Taitua Drive, Te Atatū South","EQC - 34 Taitua Drive, Te Atatū South, Auckland 0610",IAG New Zealand Limited,2024-04-30,AK,Philip Mathewson,174.6495,-36.8815,,False,
1502000.2207,1502000,1502000.2207,"EQC - 51 Hillwood Dr, Wakapuaka, Nelson","EQC - 51 Hillwood Drive, Wakapuaka, Nelson 7071",IAG New Zealand Limited,2024-04-30,NE,Marcus Lovell,173.37,-41.2127,,False,
1502000.2208,1502000,1502000.2208,"EQC - 1/621 Swanson Road, Swanson","EQC - 1/621 Swanson Road, Swanson, Auckland 0612",IAG New Zealand Limited,2024-05-03,AK,Philip Mathewson,174.5887,-36.8634,,False,
1502000.2209,1502000,1502000.2209,"EQC - 75 Utuhina Road, Springfield, Roto","EQC - 75 Utuhina Road, Springfield, Rotorua 3015",IAG New Zealand Limited,2024-05-03,HM,Ryan Tutbury,176.2216,-38.1646,,False,
1502000.2210,1502000,1502000.2210,"EQC - 93A Beach Road, Mellons Bay","EQC - 93A Beach Road, Mellons Bay, Auckland 2014",IAG New Zealand Limited,2024-05-08,AK,Philip Mathewson,174.9382,-36.8919,,False,
1502000.2211,1502000,1502000.2211,"EQC - 15 Roys Road, Weymouth","EQC - 15 Roys Road, Weymouth, Auckland 2103",IAG New Zealand Limited,2024-05-09,AK,Philip Mathewson,174.8612,-37.0508,,False,
1502000.2212,1502000,1502000.2212,"EQC - 9 Te Rangi Hiroa Place, Urenui","EQC - 9 Te Rangi Hiroa Place, Urenui 4375",IAG New Zealand Limited,2024-05-10,WN,Shirley Wang,174.3883,-38.9969,,False,
1502000.2213,1502000,1502000.2213,"EQC - Flat 4, 35 Marau Crescent","EQC - Flat 4, 35 Marau Crescent, Mission Bay, Auckland 1071",IAG New Zealand Limited,2024-05-14,AK,Philip Mathewson,174.8333,-36.8494,,False,
1502000.2214,1502000,1502000.2214,"EQC - 27 Castle Street, Grey Lynn","EQC - 27 Castle Street, Grey Lynn, Auckland 1021",IAG New Zealand Limited,2024-05-15,AK,Philip Mathewson,174.7307,-36.861,,False,
1502000.2215,1502000,1502000.2215,"EQC - 148 Awaruku Road, Torbay, Auckland","EQC - 148 Awaruku Road, Torbay, Auckland",IAG New Zealand Limited,2024-05-20,AK,Philip Mathewson,174.743,-36.6955,,False,
1502000.2216,1502000,1502000.2216,"EQC - 92 Wade River Road, Stanmore Bay","EQC - 92 Wade River Road, Stanmore Bay, Whangaparāoa",IAG New Zealand Limited,2024-05-20,AK,Philip Mathewson,174.7401,-36.6396,,False,
1502000.2217,1502000,1502000.2217,"EQC - Unit 1, 15 Edmonton Road","EQC - Unit 1, 15 Edmonton Road, Henderson, Auckland",IAG New Zealand Limited,2024-05-20,AK,Philip Mathewson,174.6357,-36.8781,,False,
1502000.2218,1502000,1502000.2218,"EQC - 3 Pegasus Crescent, Motunau","EQC - 3 Pegasus Crescent, Motunau, Greta Valley",IAG New Zealand Limited,2024-05-23,CH,Anna Sleight,173.0739,-43.0494,,False,
1502000.2219,1502000,1502000.2219,"EQC - 100 Awaruku Road, Torbay, Auckland","EQC - 100 Awaruku Road, Torbay, Auckland",IAG New Zealand Limited,2024-05-28,AK,Philip Mathewson,174.7418,-36.6972,,False,
1502000.2220,1502000,1502000.2220,"EQC - 17A Loongana Street, Waitangirua","EQC - 17A Loongana Street, Waitangirua, Porirua 5024",IAG New Zealand Limited,2024-05-28,WN,Shirley Wang,174.8779,-41.1277,Porirua City,True,
1502000.2221,1502000,1502000.2221,"EQC - 20 Mt Pleasant Road, Aro Valley","EQC - 20 Mt Pleasant Road, Aro Valley, Wellington 6012",IAG New Zealand Limited,2024-05-29,WN,Shirley Wang,174.7575,-41.2947,Wellington City,True,
1502000.2222,1502000,1502000.2222,"EQC - 15 Brightside Road, Stanmore Bay","EQC - 15 Brightside Road, Stanmore Bay, Whangaparāoa",IAG New Zealand Limited,2024-06-06,AK,Philip Mathewson,174.7276,-36.626,,False,
1502000.2223,1502000,1502000.2223,"EQC - 15A Te Papa Road, Kawakawa Bay","EQC - 15A Te Papa Road, Kawakawa Bay",IAG New Zealand Limited,2024-06-10,AK,Philip Mathewson,175.1835,-36.9397,,False,
1502000.2224,1502000,1502000.2224,"EQC - 31 Tampin Road, Hillpark, Auckland","EQC - 31 Tampin Road, Hillpark, Auckland",IAG New Zealand Limited,2024-06-10,AK,Dion Willcocks,174.8939,-37.0109,,False,
1502000.2225,1502000,1502000.2225,"EQC - 2 Lynfield Place, Mount Roskill","EQC - 2 Lynfield Place, Mount Roskill, Auckland",IAG New Zealand Limited,2024-06-13,AK,Philip Mathewson,174.7159,-36.9222,,False,
1502000.2226,1502000,1502000.2226,"EQC - 46 Manganese Point Road, Northland","EQC - 46 Manganese Point Road, Northland, Tamaterau 0174",IAG New Zealand Limited,2024-06-14,AK,Philip Mathewson,174.4242,-35.7852,,False,
1502000.2227,1502000,1502000.2227,"EQC - 67 Spinella Drive, Auckland","EQC - 67 Spinella Drive, Bayview, Auckland 0629",IAG New Zealand Limited,2024-06-17,AK,Philip Mathewson,174.7136,-36.7727,,False,
1502000.2228,1502000,1502000.2228,"EQC - Flat 2, 28 Cadman Avenue","EQC - Flat 2, 28 Cadman Avenue, Greenlane, Auckland 1061",IAG New Zealand Limited,2024-06-19,AK,Philip Mathewson,174.7979,-36.8991,,False,
1502000.2229,1502000,1502000.2229,"EQC - 38 Swan Street, Taihape 4720","EQC - 38 Swan Street, Taihape 4720",IAG New Zealand Limited,2024-06-26,WN,Shirley Wang,175.7891,-39.675,,False,
1502000.2230,1502000,1502000.2230,"NHC - 168 Battery Road, Ahuriri, Napier","NHC - 168 Battery Road, Ahuriri, Napier, 4110",IAG New Zealand Limited,2024-06-27,HM,Ryan Tutbury,176.897986,-39.487437,,False,
1502000.2231,1502000,1502000.2231,"NHC - 186 Wilton Road, Wilton, WGTN","NHC - 186 Wilton Road, Wilton, Wellington 6012",IAG New Zealand Limited,2024-07-01,WN,Shirley Wang,174.7548,-41.2691,Wellington City,True,
1502000.2232,1502000,1502000.2232,"NHC - 20 Frankley Road, Westown, NPL","NHC - 20 Frankley Road, Westown, New Plymouth 4310",IAG New Zealand Limited,2024-07-03,WN,Shirley Wang,174.0704,-39.0655,,False,
1502000.2233,1502000,1502000.2233,"NHC - 27 Rangiwai Road, Titirangi","NHC - 27 Rangiwai Road, Titirangi, Auckland",IAG New Zealand Limited,2024-07-04,AK,Dion Willcocks,174.6592,-36.937,,False,
1502000.2234,1502000,1502000.2234,"NHC - 39 Endeavour Avenue, Welcome Bay","NHC - 39 Endeavour Avenue, Welcome Bay, Tauranga 3112",IAG New Zealand Limited,2024-07-08,HM,Ryan Tutbury,176.189,-37.7247,,False,
1502000.2235,1502000,1502000.2235,"NHC - 9A Bell Street, Judea, Tauranga 31","NHC - 9A Bell Street, Judea, Tauranga 3110",IAG New Zealand Limited,2024-07-10,HM,Ryan Tutbury,176.1357,-37.6967,,False,
1502000.2236,1502000,1502000.2236,"NHC - 15 Okahu Street, Orakei, Auckland","NHC - 15 Okahu Street, Orakei, Auckland",IAG New Zealand Limited,2024-07-15,AK,Philip Mathewson,174.8152,-36.8529,,False,
1502000.2237,1502000,1502000.2237,"NHC - 46 Brigantine Drive, Auckland","NHC - 46 Brigantine Drive, Beach Haven, Auckland",IAG New Zealand Limited,2024-07-16,AK,Philip Mathewson,174.68752085000006,-36.80605554999994,,False,
1502000.2238,1502000,1502000.2238,"NHC - 10 Havenwood Place, Birkenhead","NHC - 10 Havenwood Place, Birkenhead",IAG New Zealand Limited,2024-07-16,AK,Philip Mathewson,174.7318,-36.8041,,False,
1502000.2239,1502000,1502000.2239,"NHC - 43 Sowman Street, The Brook, NSN","NHC - 43 Sowman Street, The Brook, Nelson 7010",IAG New Zealand Limited,2024-07-23,NE,Marcus Lovell,173.2882,-41.2896,,False,
1502000.2240,1502000,1502000.2240,"NHC - 4 Guy Street, Waipawa 4210","NHC - 4 Guy Street, Waipawa, Hawke's Bay 4210",IAG New Zealand Limited,2024-07-25,HM,Ryan Tutbury,176.5957,-39.9456,,False,
1502000.2241,1502000,1502000.2241,"NHC - 52A Stanmore Bay Road, StanmoreBay","NHC - 52A Stanmore Bay Road, Stanmore Bay, Whangaparāoa",IAG New Zealand Limited,2024-07-30,AK,Philip Mathewson,174.7487,-36.6311,,False,
1502000.2242,1502000,1502000.2242,"NHC - 3 Scorpio Place, Windsor Park, AKL","NHC - 3 Scorpio Place, Windsor Park, Auckland",IAG New Zealand Limited,2024-08-01,AK,Philip Mathewson,174.739,-36.7431,,False,
1502000.2243,1502000,1502000.2243,"NHC - 42A Combes Road, Remuera, Auckland","NHC - 42A Combes Road, Remuera, Auckland",IAG New Zealand Limited,2024-08-05,AK,Philip Mathewson,174.8033,-36.8737,,False,
1502000.2244,1502000,1502000.2244,"NHC - 56 Whareora Road, Tikipunga","NHC - 56 Whareora Road, Tikipunga, Whangārei",IAG New Zealand Limited,2024-08-06,AK,Philip Mathewson,174.3324,-35.7006,,False,
1502000.2245,1502000,1502000.2245,"NHC - 337 Wakefield Quay, Nelson 7010","NHC - 337 Wakefield Quay, Stepneyville, Nelson 7010",IAG New Zealand Limited,2024-08-06,NE,Marcus Lovell,173.2662,-41.2666,,False,
1502000.2246,1502000,1502000.2246,"EQC - 189 Maidstone Road, Avonhead, CHC","EQC - 189 Maidstone Road, Avonhead, Christchurch 8042",IAG New Zealand Limited,2024-08-12,CH,Anna Sleight,172.5593,-43.5171,,False,
1502000.2247,1502000,1502000.2247,"NHC - 52 Domain Crescent, Muriwai","NHC - 52 Domain Crescent, Muriwai",IAG New Zealand Limited,2024-08-12,AK,Philip Mathewson,174.4332,-36.8286,,False,
1502000.2248,1502000,1502000.2248,"NHC - 125 Waipouri Lane, Tutukaka","NHC - 125 Waipouri Lane, Tutukaka, Whangārei",IAG New Zealand Limited,2024-08-13,AK,Dion Willcocks,174.5305,-35.5997,,False,
1502000.2249,1502000,1502000.2249,"NHC - 370 Motutara Road, Muriwai","NHC - 370 Motutara Road, Muriwai",IAG New Zealand Limited,2024-08-13,AK,Dion Willcocks,174.431,-36.8288,,False,
1502000.9989,1502000,1502000.9989,DNU,DNU,IAG New Zealand Limited,2024-08-13,AK,Philip Mathewson,174.77206485800002,-41.26331340599995,Wellington City,True,
1502000.2250,1502000,1502000.2250,"NHC - 331A Matokitoki Valley Road, Mātok","NHC - 331A Matokitoki Valley Road, Mātokitoki, Gisborne 4071",IAG New Zealand Limited,2024-08-16,HM,Ryan Tutbury,178.019763,-38.611058,,False,
1502000.2251,1502000,1502000.2251,"NHC - 150 Awaruku Road, Torbay, Auckland","NHC - 150 Awaruku Road, Torbay, Auckland 0630",IAG New Zealand Limited,2024-08-20,AK,Matthew Kent,174.7431,-36.6953,,False,
1502000.2252,1502000,1502000.2252,"NHC - 7 Esmae Place, Dinsdale, Hamilton","NHC - 7 Esmae Place, Dinsdale, Hamilton 3204",IAG New Zealand Limited,2024-08-22,HM,Ryan Tutbury,175.2391,-37.7923,,False,
1502000.2253,1502000,1502000.2253,"NHC - 178 Russell Road, Huntly 3700","NHC - 178 Russell Road, Huntly 3700",IAG New Zealand Limited,2024-08-23,HM,Ryan Tutbury,175.1632,-37.5351,,False,
1502000.2254,1502000,1502000.2254,"NHC - 176 Russell Road, Huntly 3700","NHC - 176 Russell Road, Huntly 3700",IAG New Zealand Limited,2024-08-23,HM,Ryan Tutbury,175.1633,-37.5352,,False,
1502000.2255,1502000,1502000.2255,"NHC - Flat 3, 33 Kainui Road, Hataitai","NHC - Flat 3, 33 Kainui Road, Hataitai, Wellington 6021",IAG New Zealand Limited,2024-08-27,WN,Shirley Wang,174.801,-41.302,Wellington City,True,
1502000.2256,1502000,1502000.2256,"NHC - 12A Spears Place, Botany Downs","NHC - 12A Spears Place, Botany Downs, Auckland",IAG New Zealand Limited,2024-08-27,AK,Dion Willcocks,174.9135,-36.9063,,False,
1502000.2257,1502000,1502000.2257,"NHC - 9 Cleary Street, Waterloo, WGTN","NHC - 9 Cleary Street, Waterloo, Lower Hutt 5011",IAG New Zealand Limited,2024-08-29,WN,Shirley Wang,174.9304,-41.22,Lower Hutt City,True,
1502000.2258,1502000,1502000.2258,"NHC - 57-59 Carrington Street, NPL","NHC - 57-59 Carrington Street, Lower Vogeltown, New Plymouth 4310",IAG New Zealand Limited,2024-08-29,WN,Shirley Wang,174.0761,-39.0642,,False,
1502000.2259,1502000,1502000.2259,"NHC - 77 Gordon Road, Plimmerton, WGTN","NHC - 77 Gordon Road, Plimmerton, Porirua 5026",IAG New Zealand Limited,2024-08-29,WN,Shirley Wang,174.8568,-41.0689,Porirua City,True,
1502000.2260,1502000,1502000.2260,"NHC - 504 Stokes Valley Road, WGTN","NHC - 504 Stokes Valley Road, Stokes Valley, Lower Hutt 5019",IAG New Zealand Limited,2024-09-02,WN,Shirley Wang,174.9831,-41.192,Lower Hutt City,True,
1502000.2261,1502000,1502000.2261,"NHC - 9 Robieson Street, Roseneath, WGTN","NHC - 9 Robieson Street, Roseneath, Wellington 6011",IAG New Zealand Limited,2024-09-03,WN,Shirley Wang,174.7987,-41.2946,Wellington City,True,
1502000.2262,1502000,1502000.2262,"NHC - 8 Brigantine Drive, Beach Haven","NHC - 8 Brigantine Drive, Beach Haven, Auckland 0626",IAG New Zealand Limited,2024-09-06,AK,Dion Willcocks,174.689,-36.8074,,False,
1502000.2263,1502000,1502000.2263,"NHC - 91 Mount View Road, Bastia Hill","NHC - 91 Mount View Road, Bastia Hill, Whanganui 4500",IAG New Zealand Limited,2024-09-09,WN,Shirley Wang,175.0669,-39.9265,,False,
1502000.2264,1502000,1502000.2264,"NHC - 1640 Cust Road, Cust 7471","NHC - 1640 Cust Road, Cust 7471",IAG New Zealand Limited,2024-09-09,CH,Anna Sleight,172.3847,-43.31,,False,
1502000.2265,1502000,1502000.2265,"NHC - Flat 1, 96 Severn Street, WEL","NHC - Flat 1, 96 Severn Street, Island Bay, Wellington 6023",IAG New Zealand Limited,2024-09-10,WN,Shirley Wang,174.7642,-41.3422,Wellington City,True,
1502000.2266,1502000,1502000.2266,"NHC - Flat 4, 7 Dransfield Street, WEL","NHC - Flat 4, 7 Dransfield Street, Vogeltown, Wellington 6021",IAG New Zealand Limited,2024-09-10,WN,Shirley Wang,174.7709,-41.3127,Wellington City,True,
1502000.2267,1502000,1502000.2267,"NHC - 132 Miramar Avenue, Miramar, Wel","NHC - 132 Miramar Avenue, Miramar, Wellington 6022",IAG New Zealand Limited,2024-09-10,WN,Shirley Wang,174.8205,-41.3186,Wellington City,True,
1502000.2268,1502000,1502000.2268,"NHC - 15 Brookfield Street, St Heliers","NHC - 15 Brookfield Street, St Heliers, Auckland",IAG New Zealand Limited,2024-09-12,AK,Philip Mathewson,174.8562,-36.8546,,False,
1502000.2269,1502000,1502000.2269,"NHC - 51 Milton Road, Greymouth 7805","NHC - 51 Milton Road, Greymouth 7805",IAG New Zealand Limited,2024-09-12,CH,Anna Sleight,171.194,-42.4682,,False,
1502000.2270,1502000,1502000.2270,"NHC - 3A Tumbridge Place, Somerville","NHC - 3A Tumbridge Place, Somerville",IAG New Zealand Limited,2024-09-18,AK,Dion Willcocks,174.9352,-36.9147,,False,
1502000.2271,1502000,1502000.2271,"NHC - 260 School Road, Waimauku","NHC - 260 School Road, Waimauku",IAG New Zealand Limited,2024-09-24,AK,Philip Mathewson,174.4788,-36.7907,,False,
1502000.2272,1502000,1502000.2272,"NHC - 65 Western Road, Laingholm, AKL","NHC - 65 Western Road, Laingholm, Auckland",IAG New Zealand Limited,2024-09-24,AK,Philip Mathewson,174.6337,-36.9676,,False,
1502000.2273,1502000,1502000.2273,"NHC - 3 Tregear Place, Camborne, Porirua","NHC - 3 Tregear Place, Camborne, Porirua, Wellington, 5026, NZL",IAG New Zealand Limited,2024-09-26,WN,Shirley Wang,174.870038,-41.09005,Porirua City,True,
1502000.2274,1502000,1502000.2274,"NHC - 45 Little Todd Valley Road, Nelson","NHC - 45 Little Todd Valley Road, Todds Valley, Hira, Nelson",IAG New Zealand Limited,2024-09-26,NE,Marcus Lovell,173.338795,-41.220492,,False,
1502000.2275,1502000,1502000.2275,"NHC - 368 Ballance Valley Road, Ballance","NHC - 368 Ballance Valley Road, Ballance, Pahiatua, Manawatu-Whanganui, 4983, NZL",IAG New Zealand Limited,2024-09-26,WN,Shirley Wang,175.76903,-40.40243,,False,
1502000.2276,1502000,1502000.2276,"NHC - 56 Beazley Avenue, Paparangi, Wel","NHC - 56 Beazley Avenue, Paparangi, Wellington, 6037, NZL",IAG New Zealand Limited,2024-09-30,WN,Shirley Wang,174.81873,-41.214852,Wellington City,True,
1502000.2277,1502000,1502000.2277,"NHC - 14 Heatherlea Street, Outer Kaiti,","NHC - 14 Heatherlea Street, Outer Kaiti, Gisborne, 4010, NZL",IAG New Zealand Limited,2024-09-30,HM,Ryan Tutbury,178.052478,-38.663548,,False,
1502000.2278,1502000,1502000.2278,"NHC - 30 Camelot Place, Glenfield, Akl","NHC - 30 Camelot Place, Glenfield, Auckland",IAG New Zealand Limited,2024-10-01,AK,Dion Willcocks,174.725315,-36.780609,,False,
1502000.2279,1502000,1502000.2279,"NHC - 96 Whitney Street, New Windsor AKL","NHC - 96 Whitney Street, New Windsor, Auckland",IAG New Zealand Limited,2024-10-03,AK,Dion Willcocks,174.708676,-36.909376,,False,
1502000.2280,1502000,1502000.2280,"NHC - 2 Veronica Street, Paihia","NHC - 2 Veronica Street, Paihia, Northland",IAG New Zealand Limited,2024-10-09,AK,Dion Willcocks,174.098642,-35.291827,,False,
1502000.2281,1502000,1502000.2281,"NHC - 27 Harbour Terrace, Careys Bay","NHC - 27 Harbour Terrace, Careys Bay, Dunedin",Vero Insurance New Zealand Limited,2024-10-09,HM,Hannah Udell,170.620202,-45.809019,,False,
1502000.2282,1502000,1502000.2282,"NHC - 800 Redoubt Road, Flat Bush, AKL","NHC - 800 Redoubt Road, Flat Bush, Auckland",IAG New Zealand Limited,2024-10-09,AK,Philip Mathewson,174.947603,-36.979168,,False,
1502000.2283,1502000,1502000.2283,"NHC - 54 Moyrus Crescent, Auckland","NHC - 54 Moyrus Crescent, East Tamaki Heights, Auckland",IAG New Zealand Limited,2024-10-10,AK,Dion Willcocks,174.923774,-36.938752,,False,
1502000.2284,1502000,1502000.2284,"NHC - 5 Tumbridge Place, Somerville, AKL","NHC - 5 Tumbridge Place, Somerville, Auckland, 2014, NZL",IAG New Zealand Limited,2024-10-11,AK,Dion Willcocks,174.935219,-36.914871,,False,
1502000.2285,1502000,1502000.2285,"NHC - 435 South Road, Calton Hill, Dun","NHC - 435 South Road, Calton Hill, Dunedin, Otago, 9012, NZL",IAG New Zealand Limited,2024-10-14,HM,Hannah Udell,170.471799,-45.897742,,False,
1502000.2286,1502000,1502000.2286,"NHC - 70 Roy Crescent, Concord, Dunedin","NHC - 70 Roy Crescent, Concord, Dunedin, Otago, 9018, NZL",IAG New Zealand Limited,2024-10-14,HM,Hannah Udell,170.460284,-45.90587,,False,
1502000.2287,1502000,1502000.2287,"NHC - 43 Totara Street, Ravensbourne","NHC - 43 Totara Street, Ravensbourne, Dunedin, Otago, 9022, NZL",IAG New Zealand Limited,2024-10-14,HM,Hannah Udell,170.55714,-45.863908,,False,
1502000.2288,1502000,1502000.2288,"NHC - 8 Bosun Terrace, Whitby, Porirua","NHC - 8 Bosun Terrace, Whitby, Porirua, Wellington, 5024, NZL",IAG New Zealand Limited,2024-10-14,WN,Shirley Wang,174.882285,-41.107465,Porirua City,True,
1502000.2289,1502000,1502000.2289,"NHC - 37 Aberdeen Road, Saint Clair","NHC - 37 Aberdeen Road, Saint Clair, Dunedin, Otago, 9012, NZL",IAG New Zealand Limited,2024-10-14,HM,Hannah Udell,170.48017,-45.911701,,False,
1502000.2290,1502000,1502000.2290,"NHC - 648 Portobello Road, Broad Bay","NHC - 648 Portobello Road, Broad Bay, Dunedin, Otago, 9014, NZL",IAG New Zealand Limited,2024-10-15,HM,Hannah Udell,170.60876,-45.847801,,False,
1502000.2291,1502000,1502000.2291,"NHC - 23 Lees Street, Dunedin Central","NHC - 23 Lees Street, Dunedin Central, Dunedin, Otago, 9016, NZL",IAG New Zealand Limited,2024-10-15,HM,Hannah Udell,170.495863,-45.885874,,False,
1502000.2292,1502000,1502000.2292,"NHC - 3 Ashley Avenue, Long Bay, AKL","NHC - 3 Ashley Avenue, Long Bay, Auckland",IAG New Zealand Limited,2024-10-15,AK,Dion Willcocks,174.736576,-36.692174,,False,
1502000.2293,1502000,1502000.2293,"NHC - 497 Kaikorai Valley Road, Bradford","NHC - 497 Kaikorai Valley Road, Bradford, Dunedin, Otago, 9011, NZL",IAG New Zealand Limited,2024-10-15,HM,Hannah Udell,170.465699,-45.884809,,False,
1502000.2294,1502000,1502000.2294,"NHC - 63 Neidpath Road, Mornington, Dun","NHC - 63 Neidpath Road, Mornington, Dunedin, Otago, 9011, NZL",IAG New Zealand Limited,2024-10-15,HM,Hannah Udell,170.484984,-45.884908,,False,
1502000.2295,1502000,1502000.2295,"NHC - 27 Kamura Street, Tainui, Dunedin","NHC - 27 Kamura Street, Tainui, Dunedin, Otago, 9013, NZL",IAG New Zealand Limited,2024-10-16,HM,Shirley Wang,170.524267,-45.900099,,False,
1502000.2296,1502000,1502000.2296,"NHC - 22 Elwyn Crescent, Green Island","NHC - 22 Elwyn Crescent, Green Island, Dunedin, Otago, 9018, NZL",IAG New Zealand Limited,2024-10-17,HM,Hannah Udell,170.421829,-45.910888,,False,
1502000.2297,1502000,1502000.2297,"NHC - 101A Cliffs Road, Saint Clair, Dun","NHC - 101A Cliffs Road, Saint Clair, Dunedin, Otago, 9012, NZL",IAG New Zealand Limited,2024-10-17,HM,Hannah Udell,170.482075,-45.915596,,False,
1502000.2298,1502000,1502000.2298,"NHC - 46 Lindsay Road, Lookout Point","NHC - 46 Lindsay Road, Lookout Point, Dunedin, Otago, 9011, NZL",IAG New Zealand Limited,2024-10-17,HM,Hannah Udell,170.472599,-45.89411,,False,
1502000.2299,1502000,1502000.2299,"NHC - 20 Paremata Crescent, Paremata","NHC - 20 Paremata Crescent, Paremata, Porirua, Wellington, 5024, NZL",IAG New Zealand Limited,2024-10-17,WN,Shirley Wang,174.868414,-41.107987,Porirua City,True,
1502000.2300,1502000,1502000.2300,"NHC - 100 Glengarry Road, Glengarry, Nap","NHC - 100 Glengarry Road, Glengarry, Napier, Hawke's Bay, 4182, NZL",IAG New Zealand Limited,2024-10-17,HM,Ryan Tutbury,176.736733,-39.345792,,False,
1502000.2301,1502000,1502000.2301,"NHC - 57 Irvine Road, The Cove, Dunedin","NHC - 57 Irvine Road, The Cove, Dunedin, Otago",IAG New Zealand Limited,2024-10-22,HM,Hannah Udell,170.550822,-45.88243,,False,
1502000.2302,1502000,1502000.2302,"NHC - 65 Hill Road, Belmont, Lower Hutt","NHC - 65 Hill Road, Belmont, Lower Hutt, Wellington",IAG New Zealand Limited,2024-10-22,WN,Shirley Wang,174.921492,-41.187708,Lower Hutt City,True,
1502000.2303,1502000,1502000.2303,"NHC - 44 Norfolk Street, Saint Clair","NHC - 44 Norfolk Street, Saint Clair, Dunedin, Otago, 9012, NZL",IAG New Zealand Limited,2024-10-22,HM,Hannah Udell,170.484593,-45.910582,,False,
1502000.2304,1502000,1502000.2304,"NHC - 1A Oriental Terrace, Oriental Bay","NHC - 1A Oriental Terrace, Oriental Bay, Wellington, 6011, NZL",IAG New Zealand Limited,2024-10-23,WN,Shirley Wang,174.791436,-41.291739,Wellington City,True,
1502000.2305,1502000,1502000.2305,"NHC - 11 Ascot Way, Orewa, Auckland","NHC - 11 Ascot Way, Orewa, Auckland",IAG New Zealand Limited,2024-10-23,AK,Dion Willcocks,174.682028,-36.581923,,False,
1502000.2306,1502000,1502000.2306,"NHC - 3 Darnell Street, Andersons Bay","NHC - 3 Darnell Street, Andersons Bay, Dunedin, Otago, 9013, NZL",IAG New Zealand Limited,2024-10-24,HM,Hannah Udell,170.539433,-45.893972,,False,
1502000.2307,1502000,1502000.2307,"NHC - 7 Pitcairn Street, Belleknowes","NHC - 7 Pitcairn Street, Belleknowes, Dunedin, Otago, 9011, NZL",IAG New Zealand Limited,2024-10-24,HM,Hannah Udell,170.474186,-45.877917,,False,
1502000.2308,1502000,1502000.2308,"NHC - 10 Albert Road, Osborne, Otago","NHC - 10 Albert Road, Osborne, Otago, 9081, NZL",IAG New Zealand Limited,2024-10-24,HM,Hannah Udell,170.617204,-45.759972,,False,
1502000.2309,1502000,1502000.2309,"NHC - 19 Tiri View Place, Waiake, AKL","NHC - 19 Tiri View Place, Waiake, AKL",IAG New Zealand Limited,2024-10-24,AK,Dion Willcocks,174.747778,-36.706745,,False,
1502000.2310,1502000,1502000.2310,"NHC - 4 Four Trees, Cockle Bay, Auckland","NHC - 4 Four Trees, Cockle Bay, Auckland",IAG New Zealand Limited,2024-10-29,AK,Philip Mathewson,174.936796,-36.903568,,False,
1502000.2311,1502000,1502000.2311,"NHC - 13B Capilano Place, Glenfield, AKL","NHC - 13B Capilano Place, Glenfield, Auckland",IAG New Zealand Limited,2024-10-29,AK,Philip Mathewson,174.720492,-36.787499,,False,
1502000.2312,1502000,1502000.2312,"NHC - 87 Ravenswood Road, Saint Clair","NHC - 87 Ravenswood Road, Saint Clair, Dunedin, Otago, 9012, NZL",IAG New Zealand Limited,2024-10-29,CH,Anna Sleight,170.48348,-45.910472,,False,
1502000.2313,1502000,1502000.2313,"NHC - 8 Tanner Road, Glenleith, Dunedin","NHC - 8 Tanner Road, Glenleith, Dunedin, Otago, 9010, NZL",IAG New Zealand Limited,2024-10-29,HM,Hannah Udell,170.501441,-45.848804,,False,
1502000.2314,1502000,1502000.2314,"NHC - 9 Rona Street, Saint Kilda, Dunedi","NHC - 9 Rona Street, Saint Kilda, Dunedin, Otago, 9012, NZL",IAG New Zealand Limited,2024-10-30,HM,Hannah Udell,170.515173,-45.899989,,False,
1502000.2315,1502000,1502000.2315,"NHC - 233 Leith Valley Road, Leith Valle","NHC - 233 Leith Valley Road, Leith Valley, Dunedin, Otago, 9010, NZL",IAG New Zealand Limited,2024-10-30,HM,Hannah Udell,170.511004,-45.819802,,False,
1502000.2316,1502000,1502000.2316,"NHC - 42 Greenacres Street, Macandrew Ba","NHC - 42 Greenacres Street, Macandrew Bay, Dunedin, Otago, 9014, NZL",IAG New Zealand Limited,2024-10-31,HM,Hannah Udell,170.601368,-45.871197,,False,
1502000.2317,1502000,1502000.2317,"NHC - 26 Angle Avenue, Tainui, Dunedin,","NHC - 26 Angle Avenue, Tainui, Dunedin, Otago, 9013, NZL",AA Insurance Limited,2024-10-31,HM,Hannah Udell,170.523844,-45.89977,,False,
1502000.2318,1502000,1502000.2318,"NHC - 14 Ipswich Street, Bradford, Duned","NHC - 14 Ipswich Street, Bradford, Dunedin, Otago, 9011, NZL",IAG New Zealand Limited,2024-10-31,HM,Hannah Udell,170.472579,-45.870675,,False,
1502000.2319,1502000,1502000.2319,"NHC - 447 South Road, Calton Hill, Dune","NHC - 447 South Road, Calton Hill, Dunedin, Otago, 9012, NZL",IAG New Zealand Limited,2024-11-01,HM,Hannah Udell,170.47081,-45.897368,,False,
1502000.2320,1502000,1502000.2320,"NHC - 33 Don Street, Oamaru North","NHC - 33 Don Street, Oamaru North, Oamaru, Otago, 9400, NZL",IAG New Zealand Limited,2024-11-04,HM,Hannah Udell,170.976384,-45.081368,,False,
1502000.2321,1502000,1502000.2321,"NHC - 77 Ann Street, Kaikorai, Dunedin","NHC - 77 Ann Street, Kaikorai, Dunedin, Otago, 9010, NZL",IAG New Zealand Limited,2024-11-04,HM,Hannah Udell,170.485028,-45.868848,,False,
1502000.2322,1502000,1502000.2322,"NHC - 309 Portobello Road, The Cove, Dun","NHC - 309 Portobello Road, The Cove, Dunedin, Otago, 9077, NZL",IAG New Zealand Limited,2024-11-04,HM,Hannah Udell,170.556518,-45.880036,,False,
1502000.2323,1502000,1502000.2323,"NHC - 27 Lees Street, Dunedin Central","NHC - 27 Lees Street, Dunedin Central, Dunedin, Otago, 9016, NZL",IAG New Zealand Limited,2024-11-05,HM,Hannah Udell,170.495821,-45.885745,,False,
1502000.2324,1502000,1502000.2324,"NHC - 10 Wangaloa Road, Kaitangata","NHC - 10 Wangaloa Road, Kaitangata, Otago, 9210, NZL",IAG New Zealand Limited,2024-11-05,HM,Hannah Udell,169.853005,-46.281363,,False,
1502000.2325,1502000,1502000.2325,"NHC - 44 Highbury Road, Highbury, Wel","NHC - 44 Highbury Road, Highbury, Wellington, 6012, NZL",Vero Insurance New Zealand Limited,2024-11-06,WN,Shirley Wang,174.754489,-41.29323,Wellington City,True,
1502000.2326,1502000,1502000.2326,"NHC - 66 Lindsay Road, Balaclava, Dunedi","NHC - 66 Lindsay Road, Balaclava, Dunedin, Otago, 9011, NZL",IAG New Zealand Limited,2024-11-08,HM,Hannah Udell,170.473682,-45.893258,,False,
1502000.2327,1502000,1502000.2327,"NHC - 307 Portobello Road, The Cove, Dun","NHC - 307 Portobello Road, The Cove, Dunedin, Otago, 9077, NZL",IAG New Zealand Limited,2024-11-11,HM,Hannah Udell,170.555736,-45.880179,,False,
1502000.2328,1502000,1502000.2328,"NHC - 116 Ruapehu Drive, Fitzherbert","NHC - 116 Ruapehu Drive, Fitzherbert, Palmerston North, Manawatu-Whanganui, 4410, NZL",IAG New Zealand Limited,2024-11-12,WN,Shirley Wang,175.634863,-40.382343,,False,
1502000.2329,1502000,1502000.2329,"NHC - 232 Coronation Avenue, Welbourn, N","NHC - 232 Coronation Avenue, Welbourn, New Plymouth, Taranaki, 4310, NZL",IAG New Zealand Limited,2024-11-13,WN,Shirley Wang,174.090808,-39.072115,,False,
1502000.2330,1502000,1502000.2330,"NHC - 114 Aramoana Road, Deborah Bay","NHC - 114 Aramoana Road, Deborah Bay, Otago",IAG New Zealand Limited,2024-11-18,HM,Hannah Udell,170.625388,-45.798712,,False,
1502000.2331,1502000,1502000.2331,"NHC - 60B Wiseley Road, Hobsonville","NHC - 60B Wiseley Road, Hobsonville, Auckland",IAG New Zealand Limited,2024-11-19,AK,Dion Willcocks,174.646265,-36.802099,,False,
1502000.2332,1502000,1502000.2332,"NHC - 11 Corstorphine Road, Corstorphine","NHC - 11 Corstorphine Road, Corstorphine, Dunedin, Otago, 9012, NZL",IAG New Zealand Limited,2024-11-20,HM,Hannah Udell,170.475804,-45.900876,,False,
1502000.2333,1502000,1502000.2333,"NHC - 66 Playfair Street, Caversham, Dun","NHC - 66 Playfair Street, Caversham, Dunedin, Otago, 9012, NZL",Tower Insurance Limited,2024-11-21,HM,Hannah Udell,170.478719,-45.899598,,False,
1502000.2334,1502000,1502000.2334,"NHC - 35 Aytoun Street, Waverley, Dunedi","NHC - 35 Aytoun Street, Waverley, Dunedin, Otago, 9013, NZL",IAG New Zealand Limited,2024-11-25,HM,Hannah Udell,170.538405,-45.889415,,False,
1502000.2335,1502000,1502000.2335,"NHC - 26 Valpy Street, Saint Clair, Dune","NHC - 26 Valpy Street, Saint Clair, Dunedin, Otago, 9012, NZL",IAG New Zealand Limited,2024-11-25,HM,Hannah Udell,170.485172,-45.908291,,False,
1502000.2336,1502000,1502000.2336,"NHC - 1290 Coast Road, Karitane, Otago","NHC - 1290 Coast Road, Karitane, Waikouaiti, Otago, 9471, NZL",IAG New Zealand Limited,2024-11-27,HM,Hannah Udell,170.65657,-45.643268,,False,
1502000.2337,1502000,1502000.2337,"NHC - 1054 Great North Road, Auckland","NHC - 1054 Great North Road, Point Chevalier, Auckland",IAG New Zealand Limited,2024-11-27,AK,Dion Willcocks,174.716195,-36.869162,,False,
1502000.2338,1502000,1502000.2338,"NHC - 121 Cavell Street, Tainui, Dunedin","NHC - 121 Cavell Street, Tainui, Dunedin, Otago, 9013, NZL",IAG New Zealand Limited,2024-11-27,HM,Hannah Udell,170.523356,-45.902673,,False,
1502000.2339,1502000,1502000.2339,NHC - 732 South Titirangi Road Titirangi,"NHC - 732 South Titirangi Road, Titirangi, Auckland",IAG New Zealand Limited,2024-11-27,AK,Dion Willcocks,174.65296,-36.957788,,False,
1502000.2340,1502000,1502000.2340,NHC - 1350 Te Towaka-Port Ligar Road,"NHC - 1350 Te Towaka-Port Ligar Road, Waitata, Marlborough Sounds, Marlborough",IAG New Zealand Limited,2024-11-28,NE,John Westerson,173.929472,-40.943668,,False,
1502000.2341,1502000,1502000.2341,"NHC - 137 Rickit Street, Taupo, Waikato","NHC - 137 Rickit Street, Taupo, Waikato, 3330, NZL",IAG New Zealand Limited,2024-11-28,HM,Ryan Tutbury,176.079302,-38.678285,,False,
1502000.2342,1502000,1502000.2342,"NHC - 94 Whareora Road, Tikipunga","NHC - 94 Whareora Road, Tikipunga, Whangarei",IAG New Zealand Limited,2024-12-04,AK,Dion Willcocks,174.335668,-35.700486,,False,
1502000.2343,1502000,1502000.2343,"NHC - 144 Forbury Road, Saint Clair, Dun","NHC - 144 Forbury Road, Saint Clair, Dunedin, Otago, 9012, NZL",Vero Insurance New Zealand Limited,2024-12-04,HM,Hannah Udell,170.486665,-45.906529,,False,
1502000.2344,1502000,1502000.2344,"NHC - 142A Forbury Road, Saint Clair, Du","NHC - 142A Forbury Road, Saint Clair, Dunedin, Otago, 9012, NZL",Vero Insurance New Zealand Limited,2024-12-04,HM,Hannah Udell,170.486698,-45.906391,,False,
1502000.2345,1502000,1502000.2345,"NHC - 98 Maryhill Terrace, Maryhill","NHC - 98 Maryhill Terrace, Maryhill, Dunedin",IAG New Zealand Limited,2024-12-05,HM,Hannah Udell,170.48306,-45.889404,,False,
1502000.2346,1502000,1502000.2346,"NHC - 12 Miro Street, Te Aroha, Waikato","NHC - 12 Miro Street, Te Aroha, Waikato, 3320, NZL",IAG New Zealand Limited,2024-12-05,HM,Ryan Tutbury,175.713523,-37.53738,,False,
1502000.2347,1502000,1502000.2347,"NHC - 55 Totara Street, Ravensbourne, Du","NHC - 55 Totara Street, Ravensbourne, Dunedin, Otago, 9022, NZL",IAG New Zealand Limited,2024-12-09,HM,Hannah Udell,170.558475,-45.863689,,False,
1502000.2348,1502000,1502000.2348,"NHC - 3/62 Rambler Crescent, Beach Haven","NHC - 3/62 Rambler Crescent, Beach Haven, Auckland",IAG New Zealand Limited,2024-12-10,AK,Dion Willcocks,174.682206,-36.787982,,False,
1502000.2349,1502000,1502000.2349,"NHC - Units 6 & 7, 36 Sievwright Lane, W","NHC - Units 6 & 7, 36 Sievwright Lane, Whataupoko, Gisborne, 4010, NZL",IAG New Zealand Limited,2024-12-10,HM,Ryan Tutbury,178.033804,-38.652957,,False,
1502000.2350,1502000,1502000.2350,"NHC -137 Rickit Street, Taupo (Sep 2024)","137 Rickit Street, Taupo, Waikato, 3330, NZL (Sep 2024)",IAG New Zealand Limited,2024-12-10,HM,Ryan Tutbury,176.079345,-38.678381,,False,
1502000.2351,1502000,1502000.2351,"NHC - 39 Lees Street, Dunedin Central, D","NHC - 39 Lees Street, Dunedin Central, Dunedin, Otago, 9016, NZL",IAG New Zealand Limited,2024-12-10,HM,Hannah Udell,170.495605,-45.885163,,False,
1502000.2352,1502000,1502000.2352,"NHC - 50 Colville Road, Dargaville","NHC - 50 Colville Road, Dargaville",IAG New Zealand Limited,2024-12-12,AK,Ben Francis,173.861499,-35.955935,,False,
1502000.2353,1502000,1502000.2353,"NHC - 69 Belfast Street, Hillsborough, A","NHC - 69 Belfast Street, Hillsborough, Auckland, 1042, NZL",IAG New Zealand Limited,2024-12-13,AK,Dion Willcocks,174.758611,-36.925553,,False,
1502000.2354,1502000,1502000.2354,NHC - 194 Mountain Road Henderson Valley,NHC - 194 Mountain Road Henderson Valley,IAG New Zealand Limited,2024-12-17,AK,Dion Willcocks,174.549516,-36.90951,,False,
1502000.2355,1502000,1502000.2355,"NHC - 59 Maitland Street, Dunedin","NHC - 59 Maitland Street, Dunedin Central, Dunedin",IAG New Zealand Limited,2024-12-19,HM,Hannah Udell,170.493784,-45.885422,,False,
1502000.2356,1502000,1502000.2356,"NHC - 1054A Great North Road, Auckland","NHC - 1054A Great North Road, Auckland",IAG New Zealand Limited,2024-12-19,AK,Dion Willcocks,174.716265,-36.86945,,False,
1502000.2357,1502000,1502000.2357,"NHC - 105C Royal Road, Massey, Auckland","NHC - 105C Royal Road, Massey, Auckland",IAG New Zealand Limited,2025-01-13,AK,Dion Willcocks,174.614199,-36.832557,,False,
1502000.2358,1502000,1502000.2358,"NHC - 66 Maclaggan Street, Dunedin","NHC - 66 Maclaggan Street, Dunedin Central, Dunedin, Otago",IAG New Zealand Limited,2025-01-13,HM,Hannah Udell,170.4961,-45.878305,,False,
1502000.2539,1502000,1502000.2539,"NHC - 411 Tucker Beach Road, Queenstown","NHC - 411 Tucker Beach Road, Queenstown Hill, Queenstown, Otago",IAG New Zealand Limited,2025-01-13,HM,Hannah Udell,168.729866,-44.992448,,False,
1502000.2359,1502000,1502000.2359,"NHC - 2976B Coast Road, West Coast","NHC - 2980 Coast Road, Barrytown, West Coast",IAG New Zealand Limited,2025-01-14,CH,Anna Sleight,171.331271,-42.227541,,False,
1502000.2360,1502000,1502000.2360,"NHC - 68 Harts Road, Palmerston North","NHC - 68 Harts Road, Turitea, Palmerston North, Manawatu-Whanganui",IAG New Zealand Limited,2025-01-15,WN,Shirley Wang,175.639868,-40.402656,,False,
1502000.2361,1502000,1502000.2361,"NHC - 14 Pennant Street, Wakari, Dunedin","NHC - 14 Pennant Street, Wakari, Dunedin",IAG New Zealand Limited,2025-01-22,HM,Hannah Udell,170.482049,-45.862369,,False,
1502000.2364,1502000,1502000.2364,"NHC - 1/7 Dransfield Street, Wellington","NHC - 1/7 Dransfield Street, Wellington",IAG New Zealand Limited,2025-01-27,WN,Shirley Wang,174.770928,-41.312678,Wellington City,True,
1502000.2362,1502000,1502000.2362,"NHC - 166 Barrett Road, Riverhead, AKL","NHC - 166 Barrett Road, Riverhead, Auckland",IAG New Zealand Limited,2025-01-30,AK,Dion Willcocks,174.608984,-36.767181,,False,
1502000.2365,1502000,1502000.2365,NHC - 12A Waterloo Road Milford Auckland,"NHC - 12A Waterloo Road, Milford, Auckland",IAG New Zealand Limited,2025-02-05,AK,Dion Willcocks,174.755459,-36.777318,,False,
1502000.2363,1502000,1502000.2363,"NHC - 25A Taunton Terrace, Auckland","NHC - 25A Taunton Terrace, Blockhouse Bay, Auckland",IAG New Zealand Limited,2025-02-10,AK,Dion Willcocks,174.698195,-36.931326,,False,
1502000.2366,1502000,1502000.2366,"NHC - 285 Kenmure Road, Kenmure, Dunedin","NHC - 285 Kenmure Road, Kenmure, Dunedin, Otago, 9011, NZL",IAG New Zealand Limited,2025-02-12,HM,Hannah Udell,170.47048,-45.885245,,False,
1502000.2367,1502000,1502000.2367,"NHC - 101-103 Hunterville Road, Waiheke","NHC - 101-103 Hunterville Road, Waiheke Island, Auckland",IAG New Zealand Limited,2025-02-13,AK,Dion Willcocks,175.137665,-36.844639,,False,
1502000.2368,1502000,1502000.2368,"NHC - 60 Paturoa Road, Titirangi","NHC - 60 Paturoa Road, Titirangi, Auckland, 0604, NZL",IAG New Zealand Limited,2025-02-18,AK,Dion Willcocks,174.656864,-36.954687,,False,
1502000.2369,1502000,1502000.2369,"NHC - 157 Arney Road, Remuera, Auckland","NHC - 157 Arney Road, Remuera, Auckland",IAG New Zealand Limited,2025-02-24,AK,Dion Willcocks,174.790947,-36.866078,,False,
1502000.2370,1502000,1502000.2370,"NHC - 17 Scott Road, Stanmore Bay","NHC - 17 Scott Road, Stanmore Bay, Whangaparaoa, Auckland 0932",IAG New Zealand Limited,2025-02-25,AK,Ben Francis,174.731809,-36.630663,,False,
1502000.2371,1502000,1502000.2371,"NHC - 62 Emmett Street, Greerton, Tauran","NHC - 62 Emmett Street, Greerton, Tauranga, Bay of Plenty, 3112, NZL",IAG New Zealand Limited,2025-02-26,HM,Ryan Tutbury,176.137706,-37.730971,,False,
1502000.2372,1502000,1502000.2372,"NHC - 41 Barlow Place, Auckland","NHC - 41 Barlow Place, Chatswood, Auckland",IAG New Zealand Limited,2025-02-27,AK,Dion Willcocks,174.712,-36.813358,,False,
1502000.2540,1502000,1502000.2540,"NHC - 51 Bayfield Road, Andersons Bay, D","NHC - 51 Bayfield Road, Andersons Bay, Dunedin, Otago, 9013, NZL",IAG New Zealand Limited,2025-02-28,HM,Hannah Udell,170.527521,-45.897872,,False,
1502000.2373,1502000,1502000.2373,"NHC - 30 Commodore Drive, Auckland","NHC - 30 Commodore Drive, Lynfield, Auckland",IAG New Zealand Limited,2025-03-04,AK,Dion Willcocks,174.719147,-36.9246,,False,
1502000.2541,1502000,1502000.2541,"NHC - 9/124 Te Heuheu Street, Taupo","NHC - 9/124 Te Heuheu Street, Taupo, Waikato, 3330, NZL",IAG New Zealand Limited,2025-03-04,HM,Ryan Tutbury,176.078314,-38.688822,,False,
1502000.2374,1502000,1502000.2374,"NHC - 9 Oxford Street, Taylorville, West","NHC - 9 Oxford Street, Taylorville, West Coast, 7805, NZL",IAG New Zealand Limited,2025-03-05,CH,Anna Sleight,171.315632,-42.436959,,False,
1502000.2375,1502000,1502000.2375,"NHC - 69 Belfast Street, Hillsborough, A","NHC - 69 Belfast Street, Hillsborough, Auckland, 1042, NZL",IAG New Zealand Limited,2025-03-07,AK,Dion Willcocks,174.758693,-36.925473,,False,
1502000.2543,1502000,1502000.2543,"NHC - 61B Stott Avenue, Birkdale, AKL","NHC - 61B Stott Avenue, Birkdale, Auckland, 0626, NZL",IAG New Zealand Limited,2025-03-07,AK,Dion Willcocks,174.698774,-36.802508,,False,
1502000.2376,1502000,1502000.2376,"NHC - 80 Campbell Street, Nelson","NHC - 80 Campbell Street, Nelson South, Nelson",IAG New Zealand Limited,2025-03-11,NE,John Westerson,173.269631,-41.293482,,False,
1502000.2377,1502000,1502000.2377,"NHC - 92 Pebblebrooke Road, Northland","NHC - 92 Pebblebrooke Road, Mangawhai, Northland",IAG New Zealand Limited,2025-03-13,AK,Dion Willcocks,174.498172,-36.091455,,False,
1502000.2378,1502000,1502000.2378,"NHC -  2 Waterman Drive, Northland","NHC -  2 Waterman Drive, Langs Beach, Waipu, Northland",AA Insurance Limited,2025-03-13,AK,Dion Willcocks,174.525669,-36.03944,,False,
1502000.2032,1502000,1502000.2032,"EQC - 28 Flounder Rd, Hobsonville","EQC - 28 Flounder Rd, Hobsonville, Auckland, 0616, NZL",IAG New Zealand Limited,2025-03-19,AK,Dion Willcocks,174.66518,-36.793356,,False,
1502000.2542,1502000,1502000.2542,"NHC - 26 Olsen Place, Kinloch, Taupo","NHC -26 Olsen Place, Kinloch, Taupo, Waikato, 3385, NZL",IAG New Zealand Limited,2025-03-21,HM,Ryan Tutbury,175.987145,-38.666235,,False,
1502000.2544,1502000,1502000.2544,"NHC - 7 Karekare Road, Karekare, AKL","NHC - 7 Karekare Road, Karekare, Auckland, 0772, NZL",IAG New Zealand Limited,2025-03-25,AK,Dion Willcocks,174.479892,-36.986138,,False,
1502000.2545,1502000,1502000.2545,"NHC - 409 Whitford Road, Whitford, AKL","NHC - 409 Whitford Road, Whitford, Auckland, 2571, NZL",IAG New Zealand Limited,2025-03-28,AK,Dion Willcocks,174.939058,-36.934939,,False,
1502000.2379,1502000,1502000.2379,"NHC - 76 Seventh Avenue, Tauranga","NHC - 76 Seventh Avenue, Tauranga",IAG New Zealand Limited,2025-04-08,HM,Ryan Tutbury,176.159625,-37.69286,,False,
1502000.2546,1502000,1502000.2546,"NHC - 6 Bowsprit Way, Whitby, Porirua","NHC - 6 Bowsprit Way, Whitby, Porirua, Wellington, 5024, NZL",IAG New Zealand Limited,2025-04-29,WN,Shirley Wang,174.906802,-41.106608,Porirua City,True,
1502000.2380,1502000,1502000.2380,"NHC - 45 Paradise Road, Northland","NHC - 45 Paradise Road, Coopers Beach, Northland",IAG New Zealand Limited,2025-04-30,AK,Dion Willcocks,173.513784,-34.99287,,False,
1502000.2381,1502000,1502000.2381,"NHC - 17 Ash Grove Circle, Northland","NHC - 17 Ash Grove Circle, Haruru, Northland",IAG New Zealand Limited,2025-05-05,AK,Dion Willcocks,174.055695,-35.283153,,False,
1502000.2382,1502000,1502000.2382,"NHC - 6 Galatea Terrace, Herne Bay, AKL","NHC - 6 Galatea Terrace, Herne Bay, Auckland",IAG New Zealand Limited,2025-05-06,AK,Stefan Huszak,174.726332,-36.846423,,False,
1502000.2383,1502000,1502000.2383,"NHC - Unit A, B, C, 137 Whitney Street","NHC - Unit A, B, C, 137 Whitney Street, Blockhouse Bay, Auckland",IAG New Zealand Limited,2025-05-07,AK,Dion Willcocks,174.70791,-36.913079,,False,
1502000.2384,1502000,1502000.2384,"NHC - 11 Blundell Place, Chatswood, AKL","NHC - 11 Blundell Place, Chatswood, Auckland",IAG New Zealand Limited,2025-05-07,AK,Dion Willcocks,174.718349,-36.817121,,False,
1502000.2385,1502000,1502000.2385,"NHC - Unit 3, 233B Hillsborough Road AKL","NHC - Unit 3, 233B Hillsborough Road, Hillsborough, Auckland",IAG New Zealand Limited,2025-05-08,AK,Dion Willcocks,174.752121,-36.923432,,False,
1502000.2547,1502000,1502000.2547,"NHC - 11 Bayview Road, Charteris Bay","NHC - 11 Bayview Road, Charteris Bay, Governors Bay, Canterbury, 8971, NZL",IAG New Zealand Limited,2025-05-09,WN,Shirley Wang,172.713113,-43.640149,,False,
1502000.2386,1502000,1502000.2386,"NHC - 3 Gemini Place, Beach Haven, AKL","NHC - 3 Gemini Place, Beach Haven, Auckland",IAG New Zealand Limited,2025-05-14,AK,Dion Willcocks,174.693517,-36.804299,,False,
1502000.2387,1502000,1502000.2387,"NHC - 1485 East Coast Road, Redvale, AKL","NHC - 1485 East Coast Road, Redvale, Auckland",IAG New Zealand Limited,2025-05-15,AK,Dion Willcocks,174.694077,-36.674714,,False,
1502000.2388,1502000,1502000.2388,"NHC - 99 Canongate Street, Birkdale, AKL","NHC - 99 Canongate Street, Birkdale, Auckland",IAG New Zealand Limited,2025-05-19,AK,Dion Willcocks,174.705932,-36.801488,,False,
1502000.2389,1502000,1502000.2389,"NHC - 16 Snowden Street, Ohauiti, Taura","NHC - 16 Snowden Street, Ohauiti, Tauranga, Bay of Plenty, 3112, NZL",IAG New Zealand Limited,2025-05-19,TG,Zhi Chye,176.163229,-37.740395,,False,
1502000.2390,1502000,1502000.2390,"NHC - 203 Paige Place, Rolleston, CAN","NHC - 203 Paige Place, Rolleston, Canterbury",IAG New Zealand Limited,2025-05-19,WN,Shirley Wang,172.417494,-43.585134,,False,
1502000.2391,1502000,1502000.2391,"NHC - 2/35 Stranolar Drive, Auckland","NHC - 2/35 Stranolar Drive, Mount Roskill, Auckland",Vero Insurance New Zealand Limited,2025-05-19,AK,Dion Willcocks,174.730698,-36.925297,,False,
1502000.2392,1502000,1502000.2392,"NHC - 14 Nettlingham Place, Te Puke, BOP","NHC - 14 Nettlingham Place, Te Puke, Bay of Plenty",IAG New Zealand Limited,2025-05-19,TG,Zhi Chye,176.314187,-37.78597,,False,
1502000.2393,1502000,1502000.2393,"NHC - 278 Portobello Road, The Cove, DUN","NHC - 278 Portobello Road, The Cove, Dunedin, Otago",IAG New Zealand Limited,2025-05-20,HM,Hannah Udell,170.548736,-45.880277,,False,
1502000.2394,1502000,1502000.2394,"NHC - 141 Miromiro Road, Normandale, WLG","NHC - 141 Miromiro Road, Normandale, Lower Hutt, Wellington",IAG New Zealand Limited,2025-05-21,WN,Shirley Wang,174.884992,-41.204578,Lower Hutt City,True,
1502000.2395,1502000,1502000.2395,"NHC - 732 South Titirangi Road, AKL","NHC - 732 South Titirangi Road, Titirangi, Auckland",IAG New Zealand Limited,2025-05-21,AK,Dion Willcocks,174.652912,-36.957704,,False,
1502000.2396,1502000,1502000.2396,"NHC - 45 Oakgrove Drive, Rangiora, CAN","NHC - 45 Oakgrove Drive, Rangiora, Canterbury",IAG New Zealand Limited,2025-05-26,WN,Shirley Wang,172.602079,-43.316671,,False,
1502000.2397,1502000,1502000.2397,"NHC - 68 Main Road, Governors Bay, CAN","NHC - 68 Main Road, Governors Bay, CAN",IAG New Zealand Limited,2025-05-26,WN,Shirley Wang,172.647145,-43.624574,,False,
1502000.2548,1502000,1502000.2548,"NHC - 16 Ewert Street, Fordlands, Rotoru","NHC - 16 Ewert Street, Fordlands, Rotorua, Bay of Plenty, 3015, NZL",IAG New Zealand Limited,2025-05-26,TG,Zhi Chye,176.2214,-38.146556,,False,
1502000.2398,1502000,1502000.2398,"NHC - 24 Leo Street, Glen Eden, Auckland","NHC - 24 Leo Street, Glen Eden, Auckland",IAG New Zealand Limited,2025-05-29,AK,Dion Willcocks,174.638212,-36.918022,,False,
1502000.2549,1502000,1502000.2549,"NHC - 32 Norfolk Street, Patea, Taranaki","NHC - 32 Norfolk Street, Patea, Taranaki, 4520, NZL",IAG New Zealand Limited,2025-06-05,WN,Shirley Wang,174.478132,-39.757878,,False,
1502000.2399,1502000,1502000.2399,"NHC - 22 Mount Street, Nelson South, NEL","NHC - 22 Mount Street, Nelson South, Nelson",IAG New Zealand Limited,2025-06-06,NE,John Westerson,173.278308,-41.277418,,False,
1502000.2400,1502000,1502000.2400,NHC - 6A Paunui Street Saint Heliers AKL,"NHC - 6A Paunui Street, Saint Heliers, Auckland",IAG New Zealand Limited,2025-06-06,AK,Dion Willcocks,174.855695,-36.854338,,False,
1502000.2401,1502000,1502000.2401,"NHC - 79 Ngataringa Road, Devonport, AKL","NHC - 79 Ngataringa Road, Devonport, Auckland",IAG New Zealand Limited,2025-06-06,AK,Dion Willcocks,174.785621,-36.818634,,False,
1502000.2402,1502000,1502000.2402,"NHC - Flat 4, 31B Mount Street, Nelson","NHC - Flat 4, 31B Mount Street, Nelson South, Nelson",IAG New Zealand Limited,2025-06-09,NE,John Westerson,173.278228,-41.278905,,False,
1502000.2403,1502000,1502000.2403,"NHC - Flat 2, 31B Mount Street, Nelson","NHC - Flat 2, 31B Mount Street, Nelson South, Nelson",IAG New Zealand Limited,2025-06-09,NE,John Westerson,173.278352,-41.27874,,False,
1502000.2404,1502000,1502000.2404,"NHC - 83 Princes Drive, Britannia Height","NHC - 83 Princes Drive, Britannia Heights, Nelson",IAG New Zealand Limited,2025-06-09,NE,John Westerson,173.265011,-41.271646,,False,
1502000.2405,1502000,1502000.2405,"NHC - 41 Mount Street, Nelson","NHC - 41 Mount Street, Nelson South, Nelson",IAG New Zealand Limited,2025-06-09,NE,John Westerson,173.278008,-41.278727,,False,
1502000.2406,1502000,1502000.2406,"NHC - 4 Volcanic Street, Mount Eden, AKL","NHC - 4 Volcanic Street, Mount Eden, Auckland",IAG New Zealand Limited,2025-06-10,AK,Dion Willcocks,174.744355,-36.88802,,False,
1502000.2407,1502000,1502000.2407,"NHC - 2 Fairway Drive, Mount Roskill AKL","NHC - 2 Fairway Drive, Mount Roskill, Auckland",IAG New Zealand Limited,2025-06-10,AK,Dion Willcocks,174.728257,-36.918398,,False,
1502000.2550,1502000,1502000.2550,"NHC - 360A Limeworks Loop Road, Te Pahu,","NHC - 360A Limeworks Loop Road, Te Pahu, Waikato, 3285, NZL",IAG New Zealand Limited,2025-06-11,TG,Zhi Chye,175.106178,-37.924387,,False,
1502000.2408,1502000,1502000.2408,"NHC - 1/20 Jenanne Place, Totara Vale","NHC - 1/20 Jenanne Place, Totara Vale, Auckland",IAG New Zealand Limited,2025-06-18,AK,Stefan Huszak,174.72496,-36.764566,,False,
1502000.2551,1502000,1502000.2551,"NHC - 77 Waingaro Road, Ngaruawahia","NHC - 77 Waingaro Road, Ngaruawahia, Waikato, 3720, NZL",IAG New Zealand Limited,2025-06-18,TG,Ryan Tutbury,175.137431,-37.670126,,False,
1502000.2552,1502000,1502000.2552,"NHC - 48 Maida Vale Road, Roseneath, WLG","NHC - 48 Maida Vale Road, Roseneath, Wellington, 6011, NZL",IAG New Zealand Limited,2025-06-23,WN,Shirley Wang,174.802254,-41.28982,Wellington City,True,
1502000.2553,1502000,1502000.2553,"NHC - 57 Robinson Road, The Brook, Nel","NHC - 57 Robinson Road, The Brook, Nelson, 7010, NZL",IAG New Zealand Limited,2025-06-24,NE,John Westerson,173.292669,-41.292928,,False,
1502000.2409,1502000,1502000.2409,NHC - 40 Judkins Crescent Cockle Bay AKL,"NHC - 40 Judkins Crescent, Cockle Bay, Auckland",IAG New Zealand Limited,2025-06-25,AK,Stefan Huszak,174.945244,-36.902118,,False,
1502000.2410,1502000,1502000.2410,NHC - 38 Judkins Crescent Cockle Bay AKL,"NHC - 38 Judkins Crescent, Cockle Bay, Auckland",IAG New Zealand Limited,2025-06-25,AK,Stefan Huszak,174.945001,-36.902131,,False,
1502000.2554,1502000,1502000.2554,"NHC - 8 Fantail Lane, Takamatua, Can","NHC - 8 Fantail Lane, Takamatua, Canterbury, 7581, NZL",IAG New Zealand Limited,2025-06-25,WN,Shirley Wang,172.954337,-43.786555,,False,
1502000.2411,1502000,1502000.2411,"NHC - 14 Aumoe Avenue, Saint Heliers AKL","NHC - 14 Aumoe Avenue, Saint Heliers AKL",IAG New Zealand Limited,2025-06-27,AK,Stefan Huszak,174.847976,-36.851841,,False,
1502000.2555,1502000,1502000.2555,"NHC - 177A Townsend Road, Miramar, WLG","NHC - 177A Townsend Road, Miramar, Wellington, 6022, NZL",IAG New Zealand Limited,2025-06-27,WN,Shirley Wang,174.824296,-41.320514,Wellington City,True,
1502000.2556,1502000,1502000.2556,"NHC - 109B Fraser Avenue, Johnsonville","NHC - 109B Fraser Avenue, Johnsonville, Wellington, 6037, NZL",Vero Insurance New Zealand Limited,2025-06-30,WN,Shirley Wang,174.80223,-41.233046,Wellington City,True,
1502000.2557,1502000,1502000.2557,"NHC - 24 Gilmore Street, Te Puke, Bay of","NHC - 24 Gilmore Street, Te Puke, Bay of Plenty, 3119, NZL",IAG New Zealand Limited,2025-06-30,TG,Ryan Tutbury,176.321898,-37.786719,,False,
1502000.2558,1502000,1502000.2558,"NHC - 43 Hazelwood Avenue, Dinsdale, Ham","NHC - 43 Hazelwood Avenue, Dinsdale, Hamilton, Waikato, 3204, NZL",IAG New Zealand Limited,2025-06-30,HM,Ryan Tutbury,175.241578,-37.79247,,False,
1502000.2412,1502000,1502000.2412,"NHC - 50 Cleveland Terrace, Nelson","NHC - 50 Cleveland Terrace, Nelson",IAG New Zealand Limited,2025-07-01,NE,John Westerson,173.294526,-41.278349,,False,
1502000.2413,1502000,1502000.2413,"NHC - 6 Gossey Drive North, Wakefield","NHC - 6 Gossey Drive North, Wakefield, Tasman",IAG New Zealand Limited,2025-07-01,NE,John Westerson,173.048954,-41.412846,,False,
1502000.2414,1502000,1502000.2414,NHC - 558 Motueka River West Bank Road,"NHC - 558 Motueka River West Bank Road, Motueka Valley, Motueka, Tasman",IAG New Zealand Limited,2025-07-03,NE,John Westerson,172.943044,-41.136334,,False,
1502000.2559,1502000,1502000.2559,"NHC - 39 Waiho Terrace, Elsdon, Porirua","NHC - 39 Waiho Terrace, Elsdon, Porirua, Wellington, 5022, NZL",IAG New Zealand Limited,2025-07-04,WN,Shirley Wang,174.827388,-41.132509,Porirua City,True,
1502000.2560,1502000,1502000.2560,"NHC - 12 Leeward Drive, Whitby, Porirua","NHC - 12 Leeward Drive, Whitby, Porirua, Wellington, 5024, NZL",IAG New Zealand Limited,2025-07-04,WN,Shirley Wang,174.887304,-41.106198,Porirua City,True,
1502000.2415,1502000,1502000.2415,"NHC - 551 Rangi Point Road, Panguru","NHC - 551 Rangi Point Road, Panguru, Northland",IAG New Zealand Limited,2025-07-07,AK,Ben Francis,173.380456,-35.46239,,False,
1502000.2416,1502000,1502000.2416,"NHC - 219H Huatoki Street, Upper Vogel","NHC - 219H Huatoki Street, Upper Vogeltown, New Plymouth",IAG New Zealand Limited,2025-07-07,WN,Shirley Wang,174.078726,-39.082899,,False,
1502000.2417,1502000,1502000.2417,"NHC - 123 Mount Pleasant Road, CHCH","NHC - 123 Mount Pleasant Road, Mount Pleasant, Christchurch, Canterbury",IAG New Zealand Limited,2025-07-07,WN,Shirley Wang,172.717077,-43.563293,,False,
1502000.2561,1502000,1502000.2561,"NHC - 5 Taku Matenga Grove, Korokoro WLG","NHC - 5 Taku Matenga Grove, Korokoro, Lower Hutt, Wellington, 5012, NZL",IAG New Zealand Limited,2025-07-09,WN,Shirley Wang,174.865798,-41.212541,Lower Hutt City,True,
1502000.2418,1502000,1502000.2418,"NHC - 16 Tracey Terrace, Te Atatu South","NHC - 16 Tracey Terrace, Te Atatu South, Auckland",IAG New Zealand Limited,2025-07-10,AK,Stefan Huszak,174.65389,-36.883223,,False,
1502000.2419,1502000,1502000.2419,"NHC - 30 Mill Road, Lower Vogeltown, NPL","NHC - 30 Mill Road, Lower Vogeltown, New Plymouth, Taranaki",IAG New Zealand Limited,2025-07-10,WN,Shirley Wang,174.072273,-39.066064,,False,
1502000.2420,1502000,1502000.2420,"NHC - Lot 2 IV Linkwater Sd, Double Cove","NHC - Lot 2 IV Linkwater Sd, Double Cove, Marlborough Sounds, Marlborough",IAG New Zealand Limited,2025-07-10,NE,John Westerson,174.010942,-41.229789,,False,
1502000.2562,1502000,1502000.2562,"NHC - 16 McBeth Drive, Te Puke, Bay of P","NHC - 16 McBeth Drive, Te Puke, Bay of Plenty, 3119, NZL",IAG New Zealand Limited,2025-07-10,TG,Ryan Tutbury,176.321515,-37.798783,,False,
1502000.2421,1502000,1502000.2421,"NHC - 122 Grove Street, The Wood, Nelson","NHC - 122 Grove Street, The Wood, Nelson",IAG New Zealand Limited,2025-07-11,NE,John Westerson,173.296854,-41.270013,,False,
1502000.2563,1502000,1502000.2563,"NHC - 849 Dovedale Road, Dovedale, Nel","NHC -  849 Dovedale Road, Dovedale, Wakefield, Tasman, 7096, NZL",IAG New Zealand Limited,2025-07-14,NE,John Westerson,172.915285,-41.315707,,False,
1502000.2564,1502000,1502000.2564,"NHC - 16 The Cliffs, Britannia Heights,","NHC - 16 The Cliffs, Britannia Heights, Nelson, 7010, NZL",IAG New Zealand Limited,2025-07-15,NE,John Westerson,173.259125,-41.273507,,False,
1502000.2565,1502000,1502000.2565,"NHC - 177 Tahunanui Drive, Tāhunanui","NHC - 177 Tahunanui Drive, Tāhunanui, Nelson, 7011, NZL",IAG New Zealand Limited,2025-07-15,NE,John Westerson,173.247631,-41.290974,,False,
1502000.2566,1502000,1502000.2566,"NHC - 29 Russell Street, Stepneyville","NHC - 29 Russell Street, Stepneyville, Nelson, 7010, NZL",IAG New Zealand Limited,2025-07-15,NE,John Westerson,173.271725,-41.26679,,False,
1502000.2567,1502000,1502000.2567,"NHC - 12 Parenga Street, Wainuiomata WLG","NHC - 12 Parenga Street, Wainuiomata, Lower Hutt, Wellington, 5014, NZL",IAG New Zealand Limited,2025-07-16,WN,Shirley Wang,174.949992,-41.285772,Lower Hutt City,True,
1502000.2568,1502000,1502000.2568,NHC - 52 Motueka River West Bank Road,"NHC - 52 Motueka River West Bank Road, Brooklyn, Motueka, Tasman, 7196, NZL",IAG New Zealand Limited,2025-07-16,NE,John Westerson,172.967228,-41.10055,,False,
1502000.2422,1502000,1502000.2422,"NHC - 198 Seaton Valley Road, Tasman","NHC - 198 Seaton Valley Road, Upper Moutere, Tasman",IAG New Zealand Limited,2025-07-22,NE,John Westerson,173.068077,-41.240666,,False,
1502000.2423,1502000,1502000.2423,NHC - 558 Motueka River West Bank Road,"NHC - 558 Motueka River West Bank Road, Motueka Valley, Motueka, Tasman",IAG New Zealand Limited,2025-07-22,NE,John Westerson,172.943044,-41.136334,,False,
1502000.2569,1502000,1502000.2569,"NHC - 25A Rogan Street, New Plymouth","NHC - 25A Rogan Street, New Plymouth, Taranaki, 4310, NZL",IAG New Zealand Limited,2025-07-22,WN,Shirley Wang,174.084798,-39.061247,,False,
1502000.2570,1502000,1502000.2570,"NHC - 9 Dransfield Street, Vogeltown WLG","NHC - 9 Dransfield Street, Vogeltown, Wellington, 6021, NZL",IAG New Zealand Limited,2025-07-23,WN,Shirley Wang,174.770664,-41.31267,Wellington City,True,
1502000.2424,1502000,1502000.2424,"NHC - 64 Swann Beach Road, Auckland","NHC - 64 Swann Beach Road, Stanmore Bay, Whangaparāoa, Auckland",IAG New Zealand Limited,2025-07-24,AK,Stefan Huszak,174.747164,-36.620444,,False,
1502000.2425,1502000,1502000.2425,"NHC - 18 The Cliffs, Britannia Heights","NHC - 18 The Cliffs, Britannia Heights, Nelson",IAG New Zealand Limited,2025-07-24,NE,John Westerson,173.258877,-41.273673,,False,
1502000.2426,1502000,1502000.2426,NHC - 18 The Cliffs (12.07 event),"NHC - 18 The Cliffs,  Britannia Heights, Nelson (12.07 event)",IAG New Zealand Limited,2025-07-24,NE,John Westerson,173.258877,-41.273673,,False,
1502000.2427,1502000,1502000.2427,"NHC - 2/84 Russell Street, Stepneyville","NHC - 2/84 Russell Street, Stepneyville, Nelson",IAG New Zealand Limited,2025-07-25,NE,John Westerson,173.269887,-41.270356,,False,
1502000.2428,1502000,1502000.2428,"NHC - 240 Cozens Road, Dovedale, Tasman","NHC - 240 Cozens Road, Dovedale, Wakefield, Tasman",IAG New Zealand Limited,2025-07-28,NE,John Westerson,172.89037,-41.315418,,False,
1502000.2429,1502000,1502000.2429,"NHC - 870 Wakefield-Kohatu Highway, Tas","NHC - 870 Wakefield-Kohatu Highway, Belgrove, Wakefield, Tasman",IAG New Zealand Limited,2025-07-28,NE,John Westerson,172.956039,-41.454672,,False,
1502000.2430,1502000,1502000.2430,"NHC - 7 Gannet Heights, Kaiteriteri","NHC - 7 Gannet Heights, Kaiteriteri, Motueka, Tasman",IAG New Zealand Limited,2025-07-28,NE,John Westerson,173.010545,-41.017925,,False,
1502000.2572,1502000,1502000.2572,"NHC - 114 Huatoki Street, Frankleigh","NHC - 114 Huatoki Street, Frankleigh Park, New Plymouth, Taranaki, 4310, NZL",IAG New Zealand Limited,2025-07-28,WN,Shirley Wang,174.073524,-39.079408,,False,
1502000.2573,1502000,1502000.2573,"NHC - 49A Argyle Street, Mornington","NHC - 49A Argyle Street, Mornington, Dunedin, Otago, 9011, NZL",IAG New Zealand Limited,2025-07-28,HM,Hannah Udell,170.479551,-45.884359,,False,
1502000.2574,1502000,1502000.2574,"NHC - 33 Fairview Place, Te Puke, Bay of","NHC - 33 Fairview Place, Te Puke, Bay of Plenty, 3119, NZL",IAG New Zealand Limited,2025-07-28,TG,Zhi Chye,176.320362,-37.800693,,False,
1502000.2431,1502000,1502000.2431,"NHC - 3 Moncrieff Avenue, Britannia Heig","NHC - 3 Moncrieff Avenue, Britannia Heights, Nelson",IAG New Zealand Limited,2025-07-29,NE,John Westerson,173.257575,-41.278413,,False,
1502000.2432,1502000,1502000.2432,"NHC - 13 Newhaven Crescent, Mārahau","NHC - 13 Newhaven Crescent, Mārahau, Motueka, Tasman",IAG New Zealand Limited,2025-07-29,NE,John Westerson,173.007529,-41.006656,,False,
1502000.2433,1502000,1502000.2433,"NHC - 67 Dehra Doon Road, Riwaka Motueka","NHC - 67 Dehra Doon Road, Riwaka, Motueka, Tasman",IAG New Zealand Limited,2025-08-01,NE,John Westerson,172.976406,-41.069617,,False,
1502000.2434,1502000,1502000.2434,NHC - 67 Dehra Doon Road Riwaka 2ndClaim,"NHC - 67 Dehra Doon Road, Riwaka, Motueka, Tasman (2ndClaim)",IAG New Zealand Limited,2025-08-01,NE,John Westerson,172.976406,-41.069617,,False,
1502000.2435,1502000,1502000.2435,"NHC - 89 Dehra Doon Road, Riwaka Motueka","NHC - 89 Dehra Doon Road, Riwaka, Motueka, Tasman",IAG New Zealand Limited,2025-08-01,NE,John Westerson,172.974116,-41.069607,,False,
1502000.2436,1502000,1502000.2436,"NHC - 105 Dehra Doon Road, Riwaka, Mot","NHC - 105 Dehra Doon Road, Riwaka, Motueka, Tasman",IAG New Zealand Limited,2025-08-01,NE,John Westerson,172.970645,-41.069995,,False,
1502000.2575,1502000,1502000.2575,"NHC - 26 Hōniana Te Puni Street, WLG","NHC - 26 Hōniana Te Puni Street, Aro Valley, Wellington, 6021, NZL",IAG New Zealand Limited,2025-08-01,WN,Shirley Wang,174.765775,-41.296575,Wellington City,True,
1502000.2576,1502000,1502000.2576,"NHC - 625 Marine Drive, Days Bay, WLG","NHC - 625 Marine Drive, Days Bay, Lower Hutt, Wellington, 5013, NZL",IAG New Zealand Limited,2025-08-01,WN,Shirley Wang,174.904535,-41.283517,Lower Hutt City,True,
1502000.2571,1502000,1502000.2571,"FIA - 1 Manning Street, Hamilton","FIA - 1 Manning Street, Hamilton",IAG New Zealand Limited,2025-08-04,HM,Ryan Tutbury,175.28515792200005,-37.79642418299994,,False,
1502000.2577,1502000,1502000.2577,"NHC - 12 Woodhouse Avenue, Karori, WLG","NHC - 12 Woodhouse Avenue, Karori, Wellington, 6012, NZL",IAG New Zealand Limited,2025-08-04,WN,Shirley Wang,174.725188,-41.288915,Wellington City,True,
1502000.2578,1502000,1502000.2578,"NHC - 17 Canongate, Dunedin Central","NHC - 17 Canongate, Dunedin Central, Dunedin, Otago, 9016, NZL",IAG New Zealand Limited,2025-08-04,HM,Hannah Udell,170.498628,-45.87657,,False,
1502000.2579,1502000,1502000.2579,"NHC - 19 Canongate, Central Dunedin, Dun","NHC - 19 Canongate, Central Dunedin, Dun",IAG New Zealand Limited,2025-08-04,HM,Hannah Udell,174.2287,-40.8803,,False,
1502000.2608,1502000,1502000.2608,"NHC - 19 Nalanda Crescent, Broadmeadows","NHC - 19 Nalanda Crescent, Broadmeadows, Wellington, 6035, NZL",IAG New Zealand Limited,2025-08-04,WN,Shirley Wang,174.79321,-41.234363,Wellington City,True,
1502000.2437,1502000,1502000.2437,"NHC - 12 Hanby Park, Maitai, Nelson","NHC - 12 Hanby Park, Maitai, Nelson",IAG New Zealand Limited,2025-08-05,NE,John Westerson,173.303853,-41.274929,,False,
1502000.2580,1502000,1502000.2580,"NHC - 39A Imlay Crescent, Ngaio, WLG","NHC - 39A Imlay Crescent, Ngaio, Wellington, 6035, NZL",IAG New Zealand Limited,2025-08-05,WN,Shirley Wang,174.776,-41.252455,Wellington City,True,
1502000.2438,1502000,1502000.2438,"NHC - 95 Moewai Road, Whitianga, Waikato","NHC - 95 Moewai Road, Whitianga, Waikato",IAG New Zealand Limited,2025-08-06,AK,Stefan Huszak,175.663732,-36.825367,,False,
1502000.2439,1502000,1502000.2439,"NHC - 10 Cochran Road, Oratia, Auckland","NHC - 10 Cochran Road, Oratia, Auckland",IAG New Zealand Limited,2025-08-06,AK,Stefan Huszak,174.61812,-36.940957,,False,
1502000.2581,1502000,1502000.2581,"NHC - 182 Oriental Parade, Oriental Bay","NHC - 182 Oriental Parade, Oriental Bay, Wellington, 6011, NZL",IAG New Zealand Limited,2025-08-06,WN,Shirley Wang,174.79153,-41.290989,Wellington City,True,
1502000.2440,1502000,1502000.2440,"NHC - 39 Dale Road, Ramarama, Drury, AKL","NHC - 39 Dale Road, Ramarama, Drury, Auckland",IAG New Zealand Limited,2025-08-07,AK,Stefan Huszak,174.978424,-37.145426,,False,
1502000.2441,1502000,1502000.2441,"NHC - 232 Lloyd Valley Road, Thorpe, Mot","NHC - 232 Lloyd Valley Road, Thorpe, Motueka, Tasman",IAG New Zealand Limited,2025-08-07,NE,John Westerson,172.88159,-41.246249,,False,
1502000.2582,1502000,1502000.2582,"NHC - 34 Roto Street, Hurdon, NPL","NHC - 34 Roto Street, Hurdon, New Plymouth, Taranaki, 4310, NZL",IAG New Zealand Limited,2025-08-08,WN,Shirley Wang,174.048032,-39.085719,,False,
1502000.2583,1502000,1502000.2583,"NHC - 8 Kawei Road, Ohawe, Hāwera","NHC - 8 Kawei Road, Ohawe, Hāwera, Taranaki, 4671, NZL",IAG New Zealand Limited,2025-08-08,WN,Shirley Wang,174.199085,-39.581312,,False,
1502000.2584,1502000,1502000.2584,"NHC - 7A Anderson Way, Highlands Park","NHC - 7A Anderson Way, Highlands Park, New Plymouth, Taranaki, 4312, NZL",IAG New Zealand Limited,2025-08-08,WN,Shirley Wang,174.103708,-39.082086,,False,
1502000.2585,1502000,1502000.2585,"NHC - 1/8 Elphinstone Avenue, Wellington","NHC - 1/8 Elphinstone Avenue, Strathmore Park, Wellington, 6022, NZL",IAG New Zealand Limited,2025-08-08,WN,Shirley Wang,174.822501,-41.329598,Wellington City,True,
1502000.2586,1502000,1502000.2586,"NHC - 40 Onuku Road, Akaroa, Canterbury,","NHC - 40 Onuku Road, Akaroa, Canterbury, 7520, NZL",IAG New Zealand Limited,2025-08-11,HM,Hannah Udell,172.95618,-43.815623,,False,
1502000.2587,1502000,1502000.2587,"NHC - 5 Bay View Road, Kaiteriteri, Motu","NHC - 5 Bay View Road, Kaiteriteri, Motueka, Tasman, 7197, NZL",IAG New Zealand Limited,2025-08-12,NE,John Westerson,173.020002,-41.033529,,False,
1502000.2442,1502000,1502000.2442,"NHC - 24 Mickell Road, Brooklyn, Motueka","NHC - 24 Mickell Road, Brooklyn, Motueka",IAG New Zealand Limited,2025-08-13,NE,John Westerson,172.963686,-41.100456,,False,
1502000.2443,1502000,1502000.2443,"NHC - 31 Shoal Bay Road, Devonport, AKL","NHC - 31 Shoal Bay Road, Devonport, AKL",IAG New Zealand Limited,2025-08-13,AK,Stefan Huszak,174.791826,-36.826877,,False,
1502000.2444,1502000,1502000.2444,"NHC - 34 Roslyn Terrace, Devonport, AKL","NHC - 34 Roslyn Terrace, Devonport, AKL",IAG New Zealand Limited,2025-08-13,AK,Stefan Huszak,174.791348,-36.826858,,False,
1502000.2588,1502000,1502000.2588,"NHC - 201 Maunsell Road, Port Waikato","NHC - 201 Maunsell Road, Port Waikato, Waikato, 2695, NZL",IAG New Zealand Limited,2025-08-13,HM,Zhi Chye,174.712598,-37.398423,,False,
1502000.2589,1502000,1502000.2589,"NHC - 477A/B Ohiro Road, Brooklyn, WLG","NHC - 477A/B Ohiro Road, Brooklyn, Wellington, 6021, NZL",IAG New Zealand Limited,2025-08-13,WN,Shirley Wang,174.759896,-41.321588,Wellington City,True,
1502000.2590,1502000,1502000.2590,"NHC - 2 Irvine Road, The Cove, Dunedin,","NHC - 2 Irvine Road, The Cove, Dunedin, Otago, 9077, NZL",IAG New Zealand Limited,2025-08-14,HM,Hannah Udell,170.54912,-45.880423,,False,
1502000.2445,1502000,1502000.2445,"NHC - 19 Gillingham Road, Te Kamo, Whang","NHC - 19 Gillingham Road, Te Kamo, Whangārei, Northland",IAG New Zealand Limited,2025-08-15,AK,Stefan Huszak,174.312141,-35.67497,,False,
1502000.2446,1502000,1502000.2446,"NHC - 13 Bills Drive, Enner Glynn, Nelso","NHC - 13 Bills Drive, Enner Glynn, Nelson",IAG New Zealand Limited,2025-08-17,NE,John Westerson,173.265639,-41.304266,,False,
1502000.2447,1502000,1502000.2447,"NHC - 337 Redwood Valley Road, Tasman","NHC - 337 Redwood Valley Road, Redwood Valley, Richmond, Tasman",IAG New Zealand Limited,2025-08-18,NE,John Westerson,173.055007,-41.324697,,False,
1502000.2448,1502000,1502000.2448,NHC - Lot 1 Deposited Plan 316889 Te Rua,"NHC - Lot 1 Deposited Plan 316889 Te Rua Bay West Head, Marlborough",IAG New Zealand Limited,2025-08-18,NE,John Westerson,174.267238,-41.245999,,False,
1502000.2449,1502000,1502000.2449,"NHC - 8 Horizon Way, Riwaka, Motueka","NHC - 8 Horizon Way, Riwaka, Motueka",IAG New Zealand Limited,2025-08-18,NE,John Westerson,172.980716,-41.075432,,False,
1502000.2450,1502000,1502000.2450,"NHC - 8 Horizon Way, Riwaka, Claim 2","NHC - 8 Horizon Way, Riwaka, Motueka, Tasman Claim 2",IAG New Zealand Limited,2025-08-18,NE,John Westerson,172.980716,-41.075432,,False,
1502000.2451,1502000,1502000.2451,"NHC - 163B Swamp Road, Riwaka, Tasman","NHC - 163B Swamp Road, Riwaka, Tasman",IAG New Zealand Limited,2025-08-18,NE,John Westerson,172.981627,-41.075906,,False,
1502000.2452,1502000,1502000.2452,"NHC - 722 Dovedale Road, Dovedale Tasman","NHC - 722 Dovedale Road, Dovedale, Wakefield, Tasman",IAG New Zealand Limited,2025-08-19,NE,John Westerson,172.927209,-41.322825,,False,
1502000.2453,1502000,1502000.2453,"NHC - 69 Bleakhouse Road, Howick, AKL","NHC - 69 Bleakhouse Road, Howick, Auckland",IAG New Zealand Limited,2025-08-20,AK,Stefan Huszak,174.920739,-36.889022,,False,
1502000.2454,1502000,1502000.2454,"NHC - 19 Wai-Iti Valley Road, Belgrove","NHC - 19 Wai-Iti Valley Road, Belgrove, Wakefield, Tasman",IAG New Zealand Limited,2025-08-20,NE,John Westerson,172.957741,-41.45614,,False,
1502000.2591,1502000,1502000.2591,"NHC - 57-59 Carrington Street, Lower Vog","NHC - 57-59 Carrington Street, Lower Vogeltown, New Plymouth, Taranaki, 4310, NZL",IAG New Zealand Limited,2025-08-20,WN,Shirley Wang,174.076111,-39.064348,,False,
1502000.2592,1502000,1502000.2592,"NHC - Unit 2, 39 Onslow Road, Khandallah","NHC - Unit 2, 39 Onslow Road, Khandallah, Wellington, 6035, NZL",IAG New Zealand Limited,2025-08-20,WN,Shirley Wang,174.80315,-41.25034,Wellington City,True,
1502000.2455,1502000,1502000.2455,NHC - 1969 Motueka River West Bank Road,"NHC - 1969 Motueka River West Bank Road, Motueka Valley, Motueka, Tasman",IAG New Zealand Limited,2025-08-21,NE,John Westerson,172.841075,-41.212717,,False,
1502000.2593,1502000,1502000.2593,"NHC - 427 Karaka Bay Road, Karaka Bays","NHC - 427 Karaka Bay Road, Karaka Bays, Wellington, 6022, NZL",IAG New Zealand Limited,2025-08-22,WN,Shirley Wang,174.831101,-41.302876,Wellington City,True,
1502000.2594,1502000,1502000.2594,"NHC - 13 Streets Way, Timberlea, WLG","NHC - 13 Streets Way, Timberlea, Upper Hutt, Wellington, 5018, NZL",IAG New Zealand Limited,2025-08-22,WN,Shirley Wang,175.113736,-41.09969,Upper Hutt City,True,
1502000.2456,1502000,1502000.2456,"NHC - 129 Dehra Doon Road, Riwaka","NHC - 129 Dehra Doon Road, Riwaka, Motueka, Tasman",IAG New Zealand Limited,2025-08-25,NE,John Westerson,172.970943,-41.067379,,False,
1502000.2457,1502000,1502000.2457,"NHC - 228 Brooklyn Valley Road, Brooklyn","NHC - 228 Brooklyn Valley Road, Brooklyn, Motueka, Tasman",IAG New Zealand Limited,2025-08-26,NE,John Westerson,172.941506,-41.097173,,False,
1502000.2458,1502000,1502000.2458,"NHC - 107 Dehra Doon Road, Riwaka","NHC - 107 Dehra Doon Road, Riwaka, Motueka, Tasman",IAG New Zealand Limited,2025-08-26,NE,John Westerson,172.970847,-41.069157,,False,
1502000.2595,1502000,1502000.2595,"NHC - 106 Huatoki Street, Frankleigh","NHC - 106 Huatoki Street, Frankleigh Park, New Plymouth, Taranaki, 4310, NZL",FMG Insurance Limited,2025-08-26,WN,Shirley Wang,174.073323,-39.078792,,False,
1502000.2459,1502000,1502000.2459,"NHC - 956C Whangarei Heads Road, Parua B","NHC - 956C Whangarei Heads Road, Parua Bay, Northland",IAG New Zealand Limited,2025-08-27,AK,Stefan Huszak,174.447497,-35.779112,,False,
1502000.2460,1502000,1502000.2460,NHC - 52 Kaiteriteri-Sandy Bay Road,"NHC - 52 Kaiteriteri-Sandy Bay Road, Kaiteriteri, Motueka",IAG New Zealand Limited,2025-08-27,NE,John Westerson,173.020545,-41.033049,,False,
1502000.2596,1502000,1502000.2596,"NHC - 16 Withers Crescent, Halswell, CHC","NHC - 16 Withers Crescent, Halswell, Christchurch, Canterbury, 8025, NZL",IAG New Zealand Limited,2025-08-27,HM,Hannah Udell,172.578873,-43.594057,,False,
1502000.2461,1502000,1502000.2461,"NHC - 125E Dehra Doon Road, Riwaka, Motu","NHC - 125E Dehra Doon Road, Riwaka, Motueka, Tasman",IAG New Zealand Limited,2025-08-28,NE,John Westerson,172.969787,-41.068305,,False,
1502000.2462,1502000,1502000.2462,"NHC - 14A Kaha Place, Russell, Northland","NHC - 14A Kaha Place, Russell, Northland",IAG New Zealand Limited,2025-08-31,AK,Stefan Huszak,174.121041,-35.282429,,False,
1502000.2597,1502000,1502000.2597,"NHC - 147B Jackson Road, Tirohanga, Bay","NHC - 147B Jackson Road, Tirohanga, Bay of Plenty, 3197, NZL",IAG New Zealand Limited,2025-09-01,TG,Zhi Chye,177.385084,-38.00091,,False,
1502000.2598,1502000,1502000.2598,"NHC - 106 Totara Road, Miramar, WLG","NHC - 106 Totara Road, Miramar, Wellington, 6022, NZL",IAG New Zealand Limited,2025-09-01,WN,Shirley Wang,174.827879,-41.306184,Wellington City,True,
1502000.2599,1502000,1502000.2599,NHC - 168A Kokopu Block Road Maungataper,"NHC - 168A Kokopu Block Road, Maungatapere, Northland, 0179, NZL",IAG New Zealand Limited,2025-09-04,AK,Stefan Huszak,174.200159,-35.737887,,False,
1502000.2600,1502000,1502000.2600,"NHC - 170A Mapara Road, Acacia Bay, Taup","NHC - 170A Mapara Road, Acacia Bay, Taupō, Waikato, 3385, NZL",IAG New Zealand Limited,2025-09-04,TG,Zhi Chye,176.016487,-38.703353,,False,
1502000.2601,1502000,1502000.2601,"NHC - 630 Drury Hills Road, Drury, Auckl","NHC - 630 Drury Hills Road, Drury, Auckland, 2577, NZL",IAG New Zealand Limited,2025-09-04,AK,Stefan Huszak,174.990906,-37.099661,,False,
1502000.2463,1502000,1502000.2463,"NHC - 124 Ota Point Road, Whangaroa, Kae","NHC - 124 Ota Point Road, Whangaroa, Kaeo, Northland",IAG New Zealand Limited,2025-09-08,AK,Stefan Huszak,173.759472,-35.046678,,False,
1502000.2602,1502000,1502000.2602,"NHC - 11 Maurice Knowles Lane, Cashmere","NHC - 11 Maurice Knowles Lane, Cashmere, Christchurch, Canterbury, 8022, NZL",IAG New Zealand Limited,2025-09-08,HM,Hannah Udell,172.643271,-43.577944,,False,
1502000.2464,1502000,1502000.2464,NHC - 200 Motueka River West Bank Road,"NHC - 200 Motueka River West Bank Road, Brooklyn, Motueka, Tasman",IAG New Zealand Limited,2025-09-09,NE,John Westerson,172.956779,-41.108452,,False,
1502000.2465,1502000,1502000.2465,NHC - 26A Liston Crescent Cockle Bay AKL,"NHC - 26A Liston Crescent, Cockle Bay, Auckland",IAG New Zealand Limited,2025-09-09,AK,Stefan Huszak,174.940429,-36.8956,,False,
1502000.2603,1502000,1502000.2603,"NHC - 8A Pohutukawa Drive, Waiotahe, Ōpō","NHC - 8A Pohutukawa Drive, Waiotahe, Ōpōtiki, Bay of Plenty, 3198, NZL",Vero Insurance New Zealand Limited,2025-09-09,TG,Zhi Chye,177.219451,-37.993091,,False,
1502000.2604,1502000,1502000.2604,"NHC - 258B Ruatuna Road, Waiotahe, Ōpōti","NHC - 258B Ruatuna Road, Waiotahe, Ōpōtiki, Bay of Plenty, 3198, NZL",IAG New Zealand Limited,2025-09-09,TG,Zhi Chye,177.141834,-38.02481,,False,
1502000.2466,1502000,1502000.2466,"NHC - Bay Of Many Coves, Jetty Q52999","NHC - Bay Of Many Coves, Jetty Q52999, Marlborough Sounds, Marlborough",IAG New Zealand Limited,2025-09-11,NE,John Westerson,174.152763,-41.189187,,False,
1502000.2467,1502000,1502000.2467,"NHC - 14 Hanby Park, Maitai, Nelson","NHC - 14 Hanby Park, Maitai, Nelson",IAG New Zealand Limited,2025-09-11,NE,John Westerson,173.30391,-41.275133,,False,
1502000.2468,1502000,1502000.2468,"NHC - 164A Ladies Mile, Ellerslie, AKL","NHC - 164A Ladies Mile, Ellerslie, Auckland",IAG New Zealand Limited,2025-09-12,AK,Stefan Huszak,174.810465,-36.89554,,False,
1502000.2469,1502000,1502000.2469,NHC - 38 Kaiteriteri-Sandy Bay Road,"NHC - 38 Kaiteriteri-Sandy Bay Road, Kaiteriteri, Motueka, Tasman",IAG New Zealand Limited,2025-09-15,NE,John Westerson,173.02102,-41.034288,,False,
1502000.2605,1502000,1502000.2605,"NHC - 201 Maunsell Road, Port Waikato, W","NHC - 201 Maunsell Road, Port Waikato, Waikato, 2695, NZL",IAG New Zealand Limited,2025-09-15,TG,Zhi Chye,174.712598,-37.398423,,False,
1502000.2470,1502000,1502000.2470,"NHC - 74 Davey Road, Upper Moutere, Tasm","NHC - 74 Davey Road, Upper Moutere, Tasman",IAG New Zealand Limited,2025-09-16,NE,John Westerson,173.002515,-41.225832,,False,
1502000.2471,1502000,1502000.2471,"NHC - 171 Little Sydney Road, Brooklyn","NHC - 171 Little Sydney Road, Brooklyn",IAG New Zealand Limited,2025-09-18,NE,John Westerson,172.959794,-41.084909,,False,
1502000.2606,1502000,1502000.2606,"NHC - 25 Owen Place, Ōmokoroa, Bay of Pl","NHC - 25 Owen Place, Ōmokoroa, Bay of Plenty, 3114, NZL",IAG New Zealand Limited,2025-09-22,TG,Zhi Chye,176.041941,-37.638027,,False,
1502000.2472,1502000,1502000.2472,"NHC - 123 Marahau Valley Road, Mārahau","NHC - 123 Marahau Valley Road, Mārahau, Motueka, Tasman",IAG New Zealand Limited,2025-09-24,NE,John Westerson,172.993125,-40.991544,,False,
1502000.2607,1502000,1502000.2607,"NHC - 4 Taku Matenga Grove, Korokoro","NHC - 4 Taku Matenga Grove, Korokoro, Lower Hutt, Wellington, 5012, NZL",IAG New Zealand Limited,2025-09-24,WN,Shirley Wang,174.865823,-41.212469,Lower Hutt City,True,
1502000.2473,1502000,1502000.2473,NHC - 120/260 Supplejack Valley Road,"NHC - 120/126 Supplejack Valley Road, Upper Moutere, Tasman",IAG New Zealand Limited,2025-10-03,NE,John Westerson,172.99355,-41.272886,,False,
1502000.2609,1502000,1502000.2609,"NHC - 7 Flight Place, Lower Vogeltown NP","NHC - 7 Flight Place, Lower Vogeltown, New Plymouth, Taranaki, 4310, NZL",IAG New Zealand Limited,2025-10-07,WN,Shirley Wang,174.075212,-39.065322,,False,
1502000.2610,1502000,1502000.2610,"NHC - Unit A&B, 203 Cecil Road, Wilton","NHC - Unit A&B, 203 Cecil Road, Wilton, Wellington, 6012, NZL",IAG New Zealand Limited,2025-10-08,WN,Shirley Wang,174.766195,-41.269681,Wellington City,True,
1502000.2474,1502000,1502000.2474,"NHC - 43 Saffron Street, Birkdale, AKL","NHC - 43 Saffron Street, Birkdale, Auckland",IAG New Zealand Limited,2025-10-09,AK,Stefan Huszak,174.695354,-36.798608,,False,
1502000.2475,1502000,1502000.2475,"NHC - 29 Salisbury Road, Birkdale, AKL","NHC - 29 Salisbury Road, Birkdale, Auckland",IAG New Zealand Limited,2025-10-10,AK,Stefan Huszak,174.704853,-36.798771,,False,
1502000.2476,1502000,1502000.2476,"NHC - 81 Russell Street, Stepneyville","NHC - 81 Russell Street, Stepneyville, Nelson",IAG New Zealand Limited,2025-10-10,NE,John Westerson,173.270485,-41.270324,,False,
1502000.2611,1502000,1502000.2611,"NHC - 214 Fernhill Road, Sunshine Bay, Q","NHC - 214 Fernhill Road, Sunshine Bay, Queenstown, Otago, 9300, NZL",IAG New Zealand Limited,2025-10-10,HM,Shirley Wang,168.627857,-45.04166,,False,
1502000.2612,1502000,1502000.2612,"NHC - 163 Koutunui Road, Athenree, Waihi","NHC - 163 Koutunui Road, Athenree, Waihi Beach, Bay of Plenty, 3177, NZL",IAG New Zealand Limited,2025-10-13,TG,Zhi Chye,175.959041,-37.436825,,False,
1502000.2613,1502000,1502000.2613,"NHC - 716B Tahuroa Road, Morrinsville","NHC - 716B Tahuroa Road, Morrinsville, Waikato, 3371, NZL",IAG New Zealand Limited,2025-10-15,TG,Zhi Chye,175.508598,-37.727457,,False,
1502000.2614,1502000,1502000.2614,"NHC - 216 Fernhill Road, Sunshine Bay","NHC - 216 Fernhill Road, Sunshine Bay, Queenstown, Otago, 9300, NZL",IAG New Zealand Limited,2025-10-16,HM,Shirley Wang,168.627616,-45.041751,,False,
1502000.2615,1502000,1502000.2615,"NHC - 7 Colonial Grove, Tawa, Wellington","NHC - 7 Colonial Grove, Tawa, Wellington, 5028, NZL",IAG New Zealand Limited,2025-10-20,WN,Shirley Wang,174.840498,-41.165522,Wellington City,True,
1502000.2477,1502000,1502000.2477,"NHC - 12B Bel Air Drive, Hillsborough","NHC - 12B Bel Air Drive, Hillsborough, Auckland",IAG New Zealand Limited,2025-10-23,AK,Stefan Huszak,174.765165,-36.919813,,False,
1502000.2478,1502000,1502000.2478,"NHC - 24 Selwyn Road, Lyttelton","NHC - 24 Selwyn Road, Lyttelton, Canterbury",IAG New Zealand Limited,2025-11-03,HM,Hannah Udell,172.71565,-43.597884,,False,
1502000.2616,1502000,1502000.2616,"NHC - 2 Lerwick Terrace, Lyall Bay, WLG","NHC - 2 Lerwick Terrace, Lyall Bay, Wellington, 6022, NZL",IAG New Zealand Limited,2025-11-03,WN,Shirley Wang,174.791952,-41.323364,Wellington City,True,
1502000.2617,1502000,1502000.2617,"NHC - 111 Cashmere Avenue, Khandallah","NHC - 111 Cashmere Avenue, Khandallah, Wellington, 6035, NZL",IAG New Zealand Limited,2025-11-03,WN,Shirley Wang,174.798797,-41.247818,Wellington City,True,
1502000.2618,1502000,1502000.2618,"NHC - 25 Cashmere Place, Flagstaff, Hami","NHC - 25 Cashmere Place, Flagstaff, Hamilton, Waikato, 3210, NZL",IAG New Zealand Limited,2025-11-03,TG,Zhi Chye,175.251162,-37.73238,,False,
1502000.2479,1502000,1502000.2479,"NHC - 14 Wesley Bay Glade, Hillsborough","NHC - 14 Wesley Bay Glade, Hillsborough, Auckland",IAG New Zealand Limited,2025-11-06,AK,Stefan Huszak,174.747528,-36.932074,,False,
1502000.2619,1502000,1502000.2619,"NHC - 17 Breton Grove, Kingston, WLG","NHC - 17 Breton Grove, Kingston, Wellington, 6021, NZL",IAG New Zealand Limited,2025-11-07,WN,Shirley Wang,174.767903,-41.323299,Wellington City,True,
1502000.2620,1502000,1502000.2620,"NHC - 60 Maymorn Road, Te Mārua, WLG","NHC - 60 Maymorn Road, Te Mārua, Upper Hutt, Wellington, 5018, NZL",IAG New Zealand Limited,2025-11-07,WN,Shirley Wang,175.13164,-41.097821,Upper Hutt City,True,
1502000.2480,1502000,1502000.2480,"NHC - Unit 3, 58 Hadfield Street, AKL","NHC - Unit 3, 58 Hadfield Street, Beach Haven, Auckland",IAG New Zealand Limited,2025-11-13,AK,Stefan Huszak,174.69019,-36.806277,,False,
1502000.2621,1502000,1502000.2621,"NHC - 17A Magnolia Grove, Maungaraki WLG","NHC - 17A Magnolia Grove, Maungaraki, Lower Hutt, Wellington, 5010, NZL",IAG New Zealand Limited,2025-11-17,WN,Shirley Wang,174.880727,-41.214327,Lower Hutt City,True,
1502000.2622,1502000,1502000.2622,"NHC - 8 Hurdon Street, Hurdon, NPL","NHC - 8 Hurdon Street, Hurdon, New Plymouth, Taranaki, 4310, NZL",IAG New Zealand Limited,2025-11-18,WN,Shirley Wang,174.050457,-39.089098,,False,
1502000.2623,1502000,1502000.2623,"NHC - 20 Buckingham Street, Melrose WLG","NHC - 20 Buckingham Street, Melrose, Wellington, 6023, NZL",IAG New Zealand Limited,2025-11-21,WN,Shirley Wang,174.790351,-41.324339,Wellington City,True,
1502000.2624,1502000,1502000.2624,"NHC - 59 Hanover Street, Wadestown, WLG","NHC - 59 Hanover Street, Wadestown, Wellington, 6012, NZL",IAG New Zealand Limited,2025-11-21,WN,Shirley Wang,174.773391,-41.261341,Wellington City,True,
1502000.2481,1502000,1502000.2481,"NHC - 240A Wills Road, Upper Moutere","NHC - 240A Wills Road, Upper Moutere, Tasman",IAG New Zealand Limited,2025-11-27,NE,John Westerson,172.975126,-41.219633,,False,
1502000.2625,1502000,1502000.2625,"NHC - 34 Motueka Street, Ngaio, WLG","NHC - 34 Motueka Street, Ngaio, Wellington, 6035, NZL",IAG New Zealand Limited,2025-11-27,WN,Shirley Wang,174.769331,-41.246796,Wellington City,True,
1502000.2627,1502000,1502000.2627,"NHC - 33 Norwich Avenue, Spotswood, NPL","NHC - 33 Norwich Avenue, Spotswood, New Plymouth, Taranaki, 4310, NZL",IAG New Zealand Limited,2025-11-27,WN,Shirley Wang,174.026716,-39.073071,,False,
1502000.2626,1502000,1502000.2626,"NHC - 279 Te Kauri Road, Hauturu, Ōpārau","NHC - 279 Te Kauri Road, Hauturu, Ōpārau, Waikato, 3886, NZL",IAG New Zealand Limited,2025-12-02,TG,Zhi Chye,174.935509,-38.080339,,False,
1502000.2628,1502000,1502000.2628,"NHC - 47 Takahe Road, Titirangi, Aucklan","NHC - 47 Takahe Road, Titirangi, Auckland, 0604, NZL",IAG New Zealand Limited,2025-12-08,AK,Stefan Huszak,174.667476,-36.938768,,False,
1502000.2629,1502000,1502000.2629,"NHC - 2/37 Tarawera Terrace, Saint Helie","NHC - 2/37 Tarawera Terrace, Saint Heliers, Auckland, 1071, NZL",IAG New Zealand Limited,2025-12-08,AK,Stefan Huszak,174.85143,-36.861305,,False,
1502000.2630,1502000,1502000.2630,"NHC - 66 Mt Pleasant Road, Aro Valley","NHC - 66 Mt Pleasant Road, Aro Valley, Wellington, 6012, NZL",IAG New Zealand Limited,2025-12-09,WN,Shirley Wang,174.754698,-41.295689,Wellington City,True,
1502000.2482,1502000,1502000.2482,"NHC - 8 Harwich Street, Balclutha, Otago","NHC - 8 Harwich Street, Balclutha, Otago",IAG New Zealand Limited,2025-12-18,HM,Hannah Udell,169.752436,-46.236166,,False,
1502000.2483,1502000,1502000.2483,"NHC - 60 Pomare Road, Tirohanga, WLG","NHC - 60 Pomare Road, Tirohanga, Lower Hutt, Wellington",IAG New Zealand Limited,2025-12-19,WN,Shirley Wang,174.911132,-41.196687,Lower Hutt City,True,
1502000.2631,1502000,1502000.2631,"NHC - 73 Todman Street, Brooklyn, WLG","NHC - 73 Todman Street, Brooklyn, Wellington, 6021, NZL",IAG New Zealand Limited,2026-01-12,WN,Shirley Wang,174.760023,-41.307105,Wellington City,True,
1502000.2484,1502000,1502000.2484,"NHC - 10 Beechy Street, Opua, Northland","NHC - 10 Beechy Street, Opua, Northland",Vero Insurance New Zealand Limited,2026-01-13,AK,Stefan Huszak,174.118382,-35.313517,,False,
1502000.2632,1502000,1502000.2632,"NHC - 28 Lambley Road, Titahi Bay, WLG","NHC - 28 Lambley Road, Titahi Bay, Porirua, Wellington, 5022, NZL",IAG New Zealand Limited,2026-01-15,WN,Shirley Wang,174.836155,-41.09897,Porirua City,True,
1502000.2485,1502000,1502000.2485,"NHC - 31A Hobbs Street, Waimataitai","NHC - 31A Hobbs Street, Waimataitai, Timaru, Canterbury",IAG New Zealand Limited,2026-01-22,WN,Shirley Wang,171.235152,-44.382392,,False,
1502000.2486,1502000,1502000.2486,"NHC - 60 Bandon Street, Bluff, Southland","NHC - 60 Bandon Street, Bluff, Southland",IAG New Zealand Limited,2026-01-27,WN,Hannah Udell,168.341748,-46.601994,,False,
1502000.2633,1502000,1502000.2633,"NHC - 1 Punga Place, Whitianga, Waikato","NHC - 1 Punga Place, Whitianga, Waikato, 3510, NZL",IAG New Zealand Limited,2026-01-27,TG,Hannah Udell,175.703745,-36.800808,,False,
1502000.2634,1502000,1502000.2634,"NHC - 36 Spikes Way, Whitianga, Waikato,","NHC - 36 Spikes Way, Whitianga, Waikato, 3510, NZL",IAG New Zealand Limited,2026-01-27,TG,Zhi Chye,175.703019,-36.793083,,False,
1502000.2487,1502000,1502000.2487,"NHC - 56 Stoney Knowe, Helena Bay","NHC - 56 Stoney Knowe, Helena Bay, Hikurangi, Northland",IAG New Zealand Limited,2026-01-28,AK,Stefan Huszak,174.328938,-35.44711,,False,
1502000.2635,1502000,1502000.2635,"NHC - 248 Reid Road, Papamoa, Bay of Ple","NHC - 248 Reid Road, Papamoa, Bay of Plenty, 3187, NZL",IAG New Zealand Limited,2026-01-28,TG,Zhi Chye,176.270831,-37.735467,,False,
1502000.2636,1502000,1502000.2636,"NHC - 45 Thompson Street, Mount Cook WLG","NHC - 45 Thompson Street, Mount Cook, Wellington, 6011, NZL",IAG New Zealand Limited,2026-01-28,WN,Shirley Wang,174.771417,-41.299373,Wellington City,True,
1502000.2637,1502000,1502000.2637,"NHC - 23 Mount Avenue, Pauanui, Waikato,","NHC - 23 Mount Avenue, Pauanui, Waikato, 3579, NZL",IAG New Zealand Limited,2026-01-29,TG,Zhi Chye,175.869417,-37.030058,,False,
1502000.2638,1502000,1502000.2638,"NHC - 33 Bateleur Close, Welcome Bay, Ta","NHC - 33 Bateleur Close, Welcome Bay, Tauranga, Bay of Plenty, 3112, NZ",IAG New Zealand Limited,2026-01-29,TG,Zhi Chye,176.18759,-37.732512,,False,
1502000.2639,1502000,1502000.2639,"NHC - 1204A Hikuai Settlement Road, Paua","NHC - 1204A Hikuai Settlement Road, Pauanui, Waikato, 3579, NZL",IAG New Zealand Limited,2026-01-29,TG,Hannah Udell,175.862478,-37.032004,,False,
1502000.2640,1502000,1502000.2640,"NHC - 26 Manuka Drive, Whangamatā, Waika","NHC - 26 Manuka Drive, Whangamatā, Waikato, 3691, NZL",IAG New Zealand Limited,2026-01-29,TG,Hannah Udell,175.858224,-37.199986,,False,
1502000.2641,1502000,1502000.2641,"NHC - 67 Grange Road, Hahei, Whitianga,","NHC - 67 Grange Road, Hahei, Whitianga, Waikato, 3591, NZL",IAG New Zealand Limited,2026-01-29,TG,Hannah Udell,175.799585,-36.837965,,False,
1502000.2642,1502000,1502000.2642,"NHC - 3 Tarapatiki Drive, Whitianga, Wai","NHC - 3 Tarapatiki Drive, Whitianga, Waikato, 3510, NZL",IAG New Zealand Limited,2026-01-29,TG,Hannah Udell,175.700701,-36.794422,,False,
1502000.2643,1502000,1502000.2643,"NHC - 93 Moewai Road, Whitianga, Waikato","NHC - 93 Moewai Road, Whitianga, Waikato, 3591, NZL",IAG New Zealand Limited,2026-01-29,TG,Hannah Udell,175.664538,-36.825609,,False,
1502000.2644,1502000,1502000.2644,"NHC - 47 Pah Street, Matua, Tauranga, Ba","NHC - 47 Pah Street, Matua, Tauranga, Bay of Plenty, 3110, NZL",IAG New Zealand Limited,2026-01-29,TG,Hannah Udell,176.137972,-37.66253,,False,
1502000.2645,1502000,1502000.2645,"NHC - 1130 Welcome Bay Road, Papamoa, Ba","NHC - 1130 Welcome Bay Road, Papamoa, Bay of Plenty, 3187, NZL",IAG New Zealand Limited,2026-01-29,TG,Zhi Chye,176.274024,-37.723163,,False,
1502000.2646,1502000,1502000.2646,"NHC - 1603 State Highway 2, Whakamārama","NHC - 1603 State Highway 2, Whakamārama, Bay of Plenty, 3181, NZL",IAG New Zealand Limited,2026-01-30,TG,Hannah Udell,175.99327,-37.648588,,False,
1502000.2647,1502000,1502000.2647,"NHC - Unit 2, 54 Rocky Cutting Road, Wai","NHC - Unit 2, 54 Rocky Cutting Road, Waitao, Bay of Plenty, 3175, NZL",IAG New Zealand Limited,2026-01-30,TG,Zhi Chye,176.245635,-37.7242,,False,
1502000.2648,1502000,1502000.2648,"NHC - 63 Orchard Road, Hahei, Whitianga,","NHC - 63 Orchard Road, Hahei, Whitianga, Waikato, 3591, NZL",IAG New Zealand Limited,2026-01-30,TG,Hannah Udell,175.808547,-36.850519,,False,
1502000.2649,1502000,1502000.2649,"NHC - 104B Kuaotunu Wharekaho Road, Kūao","NHC - 104B Kuaotunu Wharekaho Road, Kūaotunu, Whitianga, Waikato, 3592, NZL",IAG New Zealand Limited,2026-01-30,TG,Hannah Udell,175.718782,-36.725238,,False,
1502000.2488,1502000,1502000.2488,"NHC - 210 Pine Valley Road, Dairy Flat","NHC - 210 Pine Valley Road, Dairy Flat, Auckland",IAG New Zealand Limited,2026-02-02,AK,Stefan Huszak,174.64575,-36.624964,,False,
1502000.2489,1502000,1502000.2489,"NHC - 37 Morriggia Place, Bayview, AKL","NHC - 37 Morriggia Place, Bayview, Auckland",IAG New Zealand Limited,2026-02-02,AK,Stefan Huszak,174.707129,-36.774721,,False,
1502000.2490,1502000,1502000.2490,"NHC - 10 Ocean Beach Road, Tairua","NHC - 10 Ocean Beach Road, Tairua, Waikato",IAG New Zealand Limited,2026-02-02,TG,Zhi Chye,175.847718,-36.989606,,False,
1502000.2650,1502000,1502000.2650,"NHC - 19 Manawahe Road, Matatā, Bay of P","NHC - 19 Manawahe Road, Matatā, Bay of Plenty, 3194, NZL",IAG New Zealand Limited,2026-02-02,TG,Zhi Chye,176.757712,-37.895832,,False,
1502000.2651,1502000,1502000.2651,"NHC - 15A Mount Avenue, Pauanui, Waikato","NHC - 15A Mount Avenue, Pauanui, Waikato, 3579, NZL",IAG New Zealand Limited,2026-02-02,TG,Hannah Udell,175.869252,-37.029929,,False,
1502000.2652,1502000,1502000.2652,"NHC - 188B Sixteenth Avenue, Tauranga So","NHC - 188B Sixteenth Avenue, Tauranga South, Tauranga, Bay of Plenty, 3112, NZL",IAG New Zealand Limited,2026-02-02,TG,Hannah Udell,176.150789,-37.704356,,False,
1502000.2653,1502000,1502000.2653,"NHC - 52 Ocean Beach Road, Tairua, Waika","NHC - 52 Ocean Beach Road, Tairua, Waikato, 3508, NZL",IAG New Zealand Limited,2026-02-02,TG,Hannah Udell,175.851765,-36.989554,,False,
1502000.2654,1502000,1502000.2654,"NHC - 54 Ocean Beach Road, Tairua, Waika","NHC - 54 Ocean Beach Road, Tairua, Waikato, 3508, NZL",IAG New Zealand Limited,2026-02-02,TG,Hannah Udell,175.85209,-36.989504,,False,
1502000.2655,1502000,1502000.2655,"NHC - 291B Tairua Whitianga Road, Whenua","NHC - 291B Tairua Whitianga Road, Whenuakite, Waikato, 3591, NZL",IAG New Zealand Limited,2026-02-02,TG,Hannah Udell,175.818194,-36.960416,,False,
1502000.2491,1502000,1502000.2491,"NHC - 47 Hibiscus Coast Highway, AKL","NHC - 47 Hibiscus Coast Highway, Silverdale, Auckland",IAG New Zealand Limited,2026-02-03,AK,Stefan Huszak,174.683025,-36.61593,,False,
1502000.2492,1502000,1502000.2492,"NHC - 24 Randal Place, Bayview, Auckland","NHC - 24 Randal Place, Bayview, Auckland",IAG New Zealand Limited,2026-02-03,AK,Stefan Huszak,174.707525,-36.777392,,False,
1502000.2493,1502000,1502000.2493,"NHC - 3 Awanui Street, Birkenhead, AKL","NHC - 3 Awanui Street, Birkenhead, Auckland",IAG New Zealand Limited,2026-02-03,AK,Stefan Huszak,174.737907,-36.819953,,False,
1502000.2656,1502000,1502000.2656,"NHC - 600E Hikuai Settlement Road, Pauan","NHC - 600E Hikuai Settlement Road, Pauanui, Waikato, 3579, NZL",IAG New Zealand Limited,2026-02-03,TG,Hannah Udell,175.833451,-37.058863,,False,
1502000.2657,1502000,1502000.2657,"NHC - 123 Pumpkin Hill Road, Pumpkin Hil","NHC - 123 Pumpkin Hill Road, Pumpkin Hill, Whitianga, Waikato, 3591, NZL",IAG New Zealand Limited,2026-02-03,TG,Hannah Udell,175.84915,-36.977257,,False,
1502000.2658,1502000,1502000.2658,"NHC - 9 Patricia Place, Hahei, Whitianga","NHC - 9 Patricia Place, Hahei, Whitianga, Waikato, 3591, NZL",IAG New Zealand Limited,2026-02-03,TG,Hannah Udell,175.798307,-36.840539,,False,
1502000.2659,1502000,1502000.2659,"NHC - 16 Pine Grove, Tairua, Waikato, 35","NHC - 16 Pine Grove, Tairua, Waikato, 3508, NZL",IAG New Zealand Limited,2026-02-03,TG,Hannah Udell,175.848106,-37.007371,,False,
1502000.2660,1502000,1502000.2660,"NHC - 23 Mount Avenue, Pauanui, Waikato,","NHC - 23 Mount Avenue, Pauanui, Waikato, 3579, NZL",IAG New Zealand Limited,2026-02-03,TG,Zhi Chye,175.869594,-37.030141,,False,
1502000.2661,1502000,1502000.2661,"NHC - 16 Otama Beach Road, Opito Bay","NHC - 16 Otama Beach Road, Opito Bay, Whitianga, Waikato, 3592",IAG New Zealand Limited,2026-02-03,TG,Hannah Udell,175.766165,-36.706546,,False,
1502000.2662,1502000,1502000.2662,"NHC - 36B Greerton Road, Gate Pa, Tauran","NHC - 36B Greerton Road, Gate Pa, Tauranga, Bay of Plenty, 3112, NZL",IAG New Zealand Limited,2026-02-03,TG,Hannah Udell,176.139324,-37.721571,,False,
1502000.2663,1502000,1502000.2663,"NHC - 1630 Port Charles Road, Port Charl","NHC - 1630 Port Charles Road, Port Charles, Coromandel, Waikato, 3584, NZL",IAG New Zealand Limited,2026-02-03,TG,Hannah Udell,175.461545,-36.527418,,False,
1502000.2494,1502000,1502000.2494,"NHC - 23A Fairmount Road, Titirangi, AKL","NHC - 23A Fairmount Road, Titirangi, Auckland",IAG New Zealand Limited,2026-02-04,AK,Stefan Huszak,174.661475,-36.919784,,False,
1502000.2664,1502000,1502000.2664,"NHC - 19 Little Bay Drive, Waikawau","NHC - 19 Little Bay Drive, Waikawau, Waikato, 3584, NZL",IAG New Zealand Limited,2026-02-04,TG,Hannah Udell,175.543928,-36.603712,,False,
1502000.2495,1502000,1502000.2495,"NHC - 23 Newport Street, Dunedin","NHC - 23 Newport Street, Dunedin, Otago",IAG New Zealand Limited,2026-02-05,WN,Hannah Udell,170.4772,-45.876022,,False,
1502000.2496,1502000,1502000.2496,"NHC - Unit 1, 45 Vauxhall Road, AKL","NHC - Unit 1, 45 Vauxhall Road, Devonport, Auckland",IAG New Zealand Limited,2026-02-07,AK,Stefan Huszak,174.803376,-36.824805,,False,
1502000.2665,1502000,1502000.2665,"NHC - 10 Chadwick Road, Greerton, Tauran","NHC - 10 Chadwick Road, Greerton, Tauranga, Bay of Plenty, 3112, NZL",IAG New Zealand Limited,2026-02-09,TG,Zhi Chye,176.142587,-37.731197,,False,
1502000.2666,1502000,1502000.2666,"NHC - 172 Paul Road, Whenuakite, Whitian","NHC - 172 Paul Road, Whenuakite, Whitianga, Waikato, 3591, NZL",IAG New Zealand Limited,2026-02-09,TG,Zhi Chye,175.810379,-36.972593,,False,
1502000.2667,1502000,1502000.2667,"NHC - 388C Lyons Road, Mangatāwhiri, Wai","NHC - 388C Lyons Road, Mangatāwhiri, Waikato, 2471, NZL",IAG New Zealand Limited,2026-02-09,TG,Stefan Huszak,175.141897,-37.19823,,False,
1502000.2668,1502000,1502000.2668,"NHC - 34 Tutaritari Road, Hahei, Whitian","NHC - 34 Tutaritari Road, Hahei, Whitianga, Waikato, 3591, NZL",IAG New Zealand Limited,2026-02-09,TG,Zhi Chye,175.802938,-36.83702,,False,
1502000.2669,1502000,1502000.2669,"NHC - 55 Station Road, Te Kamo, Whangāre","NHC - 55 Station Road, Te Kamo, Whangārei, Northland, 0112, NZL",IAG New Zealand Limited,2026-02-09,AK,Stefan Huszak,174.307935,-35.679645,,False,
1502000.2670,1502000,1502000.2670,"NHC - 18 Makahuri Place, Hicks Bay, Gisb","NHC - 18 Makahuri Place, Hicks Bay, Gisborne, 4087, NZL",IAG New Zealand Limited,2026-02-10,AK,Stefan Huszak,178.297989,-37.594333,,False,
1502000.2671,1502000,1502000.2671,"NHC - 228 Matapouri Road, Tutukaka","NHC - 228 Matapouri Road, Tutukaka, Whangārei, Northland, 0173, NZL",IAG New Zealand Limited,2026-02-10,AK,Stefan Huszak,174.523685,-35.612651,,False,
1502000.2672,1502000,1502000.2672,"NHC - 18 Onepoto Road, Hicks Bay, Gisbor","NHC - 18 Onepoto Road, Hicks Bay, Gisborne, 4087, NZL",IAG New Zealand Limited,2026-02-10,AK,Stefan Huszak,178.293911,-37.592255,,False,
1502000.2673,1502000,1502000.2673,"NHC - 58 Palomino Drive, Henderson, AKL","NHC - 58 Palomino Drive, Henderson, Auckland, 0612, NZL",IAG New Zealand Limited,2026-02-10,AK,Stefan Huszak,174.61487,-36.888558,,False,
1502000.2674,1502000,1502000.2674,"NHC - 4 Makahuri Place, Hicks Bay, Gisbo","NHC - 4 Makahuri Place, Hicks Bay, Gisborne, 4087, NZL",IAG New Zealand Limited,2026-02-10,AK,Stefan Huszak,178.298835,-37.593363,,False,
1502000.2675,1502000,1502000.2675,"NHC - 7607 Te Araroa Road, Hicks Bay, Gi","NHC - 7607 Te Araroa Road, Hicks Bay, Gisborne, 3199, NZL",IAG New Zealand Limited,2026-02-10,AK,Stefan Huszak,178.101538,-37.574707,,False,
1502000.2684,1502000,1502000.2684,"NHC - 43 Cedar Terrace, Stanmore Bay","NHC - 43 Cedar Terrace, Stanmore Bay, Whangaparāoa, Auckland, 0932, NZL",IAG New Zealand Limited,2026-02-10,AK,Stefan Huszak,174.720672,-36.631414,,False,
1502000.2763,1502000,1502000.2763,"NHC - 921A Takatu Road, Tāwharanui Penin","NHC - 921A Takatu Road, Tāwharanui Peninsula, Matakana, Auckland, 0986, NZL",IAG New Zealand Limited,2026-02-10,AK,Stefan Huszak,174.801729,-36.36938,,False,
1502000.2676,1502000,1502000.2676,"NHC - 92A Adams Road, Kaukapakapa, Auckl","NHC - 92A Adams Road, Kaukapakapa, Auckland, 0873, NZL",IAG New Zealand Limited,2026-02-11,AK,Stefan Huszak,174.558598,-36.572894,,False,
1502000.2677,1502000,1502000.2677,"NHC - 340H Pahoia Road, Whakamārama, Bay","NHC - 340H Pahoia Road, Whakamārama, Bay of Plenty, 3172, NZL",IAG New Zealand Limited,2026-02-11,TG,Zhi Chye,176.013998,-37.627548,,False,
1502000.2678,1502000,1502000.2678,"NHC - 173 Ridge Road, Lucas Heights","NHC - 173 Ridge Road, Lucas Heights, Auckland, 0793, NZL",IAG New Zealand Limited,2026-02-11,AK,Stefan Huszak,174.665763,-36.732188,,False,
1502000.2679,1502000,1502000.2679,"NHC - 548D Waihi Whangamata Road, Waihi,","NHC - 548D Waihi Whangamata Road, Waihi, Waikato, 3681, NZL",IAG New Zealand Limited,2026-02-11,TG,Zhi Chye,175.87959,-37.359856,,False,
1502000.2680,1502000,1502000.2680,"NHC - 2/16 Fernlea Rise, Bayview","NHC - 2/16 Fernlea Rise, Bayview, Auckland, 0629, NZL",IAG New Zealand Limited,2026-02-11,AK,Stefan Huszak,174.706838,-36.784469,,False,
1502000.2681,1502000,1502000.2681,"NHC - 149 Onepoto Road, Hicks Bay, Gisbo","NHC - 149 Onepoto Road, Hicks Bay, Gisborne, 4087, NZL",IAG New Zealand Limited,2026-02-12,AK,Stefan Huszak,178.299515,-37.596594,,False,
1502000.2682,1502000,1502000.2682,"NHC - 10C Cross Street, Drury, Auckland","NHC - 10C Cross Street, Drury, Auckland, 2113, NZL",IAG New Zealand Limited,2026-02-12,AK,Stefan Huszak,174.946705,-37.097484,,False,
1502000.2683,1502000,1502000.2683,"NHC - 100 McCathie Road, Puhoi","NHC - 100 McCathie Road, Puhoi, Warkworth, Auckland, 0994, NZL",IAG New Zealand Limited,2026-02-12,AK,Stefan Huszak,174.640317,-36.555411,,False,
1502000.2685,1502000,1502000.2685,"NHC - 1070B Wainui Road, Kaeo, Northland","NHC - 1070B Wainui Road, Kaeo, Northland, 0478, NZL",IAG New Zealand Limited,2026-02-13,AK,Stefan Huszak,173.8226,-35.018604,,False,
1502000.2686,1502000,1502000.2686,"NHC - 1/43 Cedar Terrace, Stanmore Bay,","NHC - 1/43 Cedar Terrace, Stanmore Bay, Whangaparāoa, Auckland, 0932, NZL",IAG New Zealand Limited,2026-02-13,AK,Stefan Huszak,174.720644,-36.631347,,False,
1502000.2687,1502000,1502000.2687,"NHC - 304 Maungatapu Road, Maungatapu, T","NHC - 304 Maungatapu Road, Maungatapu, Tauranga, Bay of Plenty, 3112, NZL",IAG New Zealand Limited,2026-02-13,TG,Zhi Chye,176.179676,-37.714818,,False,
1502000.2688,1502000,1502000.2688,"NHC - 106 Green Hollows Road, Puhoi AKL","NHC - 106 Green Hollows Road, Puhoi, Warkworth, Auckland, 0994, NZL",IAG New Zealand Limited,2026-02-13,AK,Stefan Huszak,174.655897,-36.545699,,False,
1502000.2689,1502000,1502000.2689,"NHC - 518C Manawaora Road, Parekura Bay,","NHC - 518C Manawaora Road, Parekura Bay, Russell, Northland, 0184, NZL",Medical Insurance Society Limited,2026-02-14,AK,Stefan Huszak,174.244575,-35.257237,,False,
1502000.2690,1502000,1502000.2690,"NHC - 128 Fowler Access Road, Puhoi, AKL","NHC - 128 Fowler Access Road, Puhoi, Warkworth, Auckland, 0994, NZL",IAG New Zealand Limited,2026-02-16,AK,Stefan Huszak,174.669351,-36.535696,,False,
1502000.2691,1502000,1502000.2691,"NHC - 147 Whangaruru Wharf Road, Whangar","NHC - 147 Whangaruru Wharf Road, Whangaruru, Russell, Northland, 0184, NZL",IAG New Zealand Limited,2026-02-16,AK,Stefan Huszak,174.326756,-35.347009,,False,
1502000.2692,1502000,1502000.2692,"NHC - 63 West Farm Drive, Kaiwaka, North","NHC - 63 West Farm Drive, Kaiwaka, Northland, 0975, NZL",IAG New Zealand Limited,2026-02-16,AK,Stefan Huszak,174.546489,-36.163257,,False,
1502000.2693,1502000,1502000.2693,"NHC - 172 Battery Road, Ahuriri, Napier,","NHC - 172 Battery Road, Ahuriri, Napier, Hawke's Bay, 4110, NZL",IAG New Zealand Limited,2026-02-16,AK,Stefan Huszak,176.897713,-39.487454,,False,
1502000.2694,1502000,1502000.2694,"NHC - 3 Zetland Street, Highbury, WLG","NHC - 3 Zetland Street, Highbury, Wellington, 6012, NZL",IAG New Zealand Limited,2026-02-16,WN,Shirley Wang,174.758332,-41.291969,Wellington City,True,
1502000.2695,1502000,1502000.2695,"NHC - 21 Mountain View Road, Ōtorohanga,","NHC - 21 Mountain View Road, Ōtorohanga, Waikato, 3900, NZL",IAG New Zealand Limited,2026-02-17,TG,Zhi Chye,175.207998,-38.176545,,False,
1502000.2696,1502000,1502000.2696,"NHC - 4168 Te Araroa Road, Te Araroa","NHC - 4168 Te Araroa Road, Te Araroa, Gisborne, 4087, NZL",IAG New Zealand Limited,2026-02-17,AK,Stefan Huszak,178.358653,-37.64141,,False,
1502000.2697,1502000,1502000.2697,"NHC - 460A Fraser Street, Parkvale, Taur","NHC - 460A Fraser Street, Parkvale, Tauranga, Bay of Plenty, 3112, NZL",IAG New Zealand Limited,2026-02-17,TG,Zhi Chye,176.145288,-37.723456,,False,
1502000.2698,1502000,1502000.2698,"NHC - 893 Welcome Bay Road, Papamoa, Bay","NHC - 893 Welcome Bay Road, Papamoa, Bay of Plenty, 3175, NZL (HOUSE)",IAG New Zealand Limited,2026-02-18,TG,Zhi Chye,176.250806,-37.719462,,False,
1502000.2699,1502000,1502000.2699,"NHC - 717 Rawhiti Road, Rawhiti, Northla","NHC - 717 Rawhiti Road, Rawhiti, Northland, 0184, NZL",IAG New Zealand Limited,2026-02-18,AK,Stefan Huszak,174.267574,-35.256802,,False,
1502000.2764,1502000,1502000.2764,"NHC - 893 Welcome Bay Road, Papamoa, Bay","NHC - 893 Welcome Bay Road, Papamoa, Bay of Plenty, 3175, NZL (COTTAGE)",IAG New Zealand Limited,2026-02-18,TG,Zhi Chye,176.250806,-37.719462,,False,
1502000.2700,1502000,1502000.2700,"NHC - 232 Hikuai School Road, Hikuai, Wa","NHC - 232 Hikuai School Road, Hikuai, Waikato, 3579, NZL",IAG New Zealand Limited,2026-02-19,TG,Zhi Chye,175.755365,-37.067297,,False,
1502000.2765,1502000,1502000.2765,"NHC - 4819A Te Araroa Road, Te Araroa, G","NHC - 4819A Te Araroa Road, Te Araroa, Gisborne, 4087, NZL",IAG New Zealand Limited,2026-02-19,AK,Stefan Huszak,178.312078,-37.607237,,False,
1502000.2766,1502000,1502000.2766,"NHC - 12 London Terrace, Welbourn, NPL","NHC - 12 London Terrace, Welbourn, New Plymouth, Taranaki, 4312, NZL",IAG New Zealand Limited,2026-02-19,WN,Shirley Wang,174.097084,-39.075033,,False,
1502000.2767,1502000,1502000.2767,"NHC - 4 Edwards Road, Wainui, Can","NHC - 4 Edwards Road, Wainui, French Farm, Canterbury, 7582, NZL",IAG New Zealand Limited,2026-02-19,HM,Hannah Udell,172.892019,-43.812234,,False,
1502000.2768,1502000,1502000.2768,"NHC - 244 Wade River Road, Wade Heads","NHC - 244 Wade River Road, Wade Heads, Whangaparāoa, Auckland, 0932, NZL",IAG New Zealand Limited,2026-02-19,AK,Stefan Huszak,174.731912,-36.643674,,False,
1502000.2701,1502000,1502000.2701,"NHC - 131 Main Road, Tairua, Waikato, 35","NHC - 131 Main Road, Tairua, Waikato, 3508, NZL",IAG New Zealand Limited,2026-02-20,TG,Zhi Chye,175.847666,-37.009696,,False,
1502000.2702,1502000,1502000.2702,"NHC - 23 Sailors Grave Road, Pumpkin Hil","NHC - 23 Sailors Grave Road, Pumpkin Hill, Whitianga, Waikato, 3591, NZL",IAG New Zealand Limited,2026-02-20,TG,Zhi Chye,175.836845,-36.974427,,False,
1502000.2703,1502000,1502000.2703,"NHC - 4819A Te Araroa Road, Te Araroa","NHC - 4819A Te Araroa Road, Te Araroa, Gisborne, 4087, NZL",IAG New Zealand Limited,2026-02-20,AK,Stefan Huszak,178.312078,-37.607237,,False,
1502000.2769,1502000,1502000.2769,"NHC - 18 Amundsen Grove, Stokes Valley","NHC - 18 Amundsen Grove, Stokes Valley, Lower Hutt, Wellington, 5019, NZL",IAG New Zealand Limited,2026-02-20,WN,Shirley Wang,174.979886,-41.18281,Lower Hutt City,True,
1502000.2497,1502000,1502000.2497,"NHC - 32 Chatham Avenue, Pāremoremo, AKL","NHC - 32 Chatham Avenue, Pāremoremo, Auckland",IAG New Zealand Limited,2026-02-23,AK,Stefan Huszak,174.652136,-36.766581,,False,
1502000.2704,1502000,1502000.2704,"NHC - 13 Belmont Lane, Musselburgh, Dun","NHC - 13 Belmont Lane, Musselburgh, Dunedin, Otago, 9013, NZL",IAG New Zealand Limited,2026-02-23,HM,Hannah Udell,170.513707,-45.896375,,False,
1502000.2705,1502000,1502000.2705,"NHC - 218 Bamfords Road, Allandale, Gove","NHC - 218 Bamfords Road, Allandale, Governors Bay, Canterbury, 8971, NZL",McLarens Group (NZ) Ltd,2026-02-23,WN,Shirley Wang,172.635784,-43.652331,,False,
1502000.2706,1502000,1502000.2706,"NHC - 9 Belmont Lane, Musselburgh, Dun","NHC - 9 Belmont Lane, Musselburgh, Dunedin, Otago, 9013, NZL",IAG New Zealand Limited,2026-02-23,HM,Hannah Udell,170.513515,-45.896628,,False,
1502000.2707,1502000,1502000.2707,"NHC - 74K Waihirere Drive, Tuateawa, Wai","NHC - 74K Waihirere Drive, Tuateawa, Waikato, 3583, NZL",IAG New Zealand Limited,2026-02-23,TG,Zhi Chye,175.582441,-36.628371,,False,
1502000.2708,1502000,1502000.2708,"NHC - 106 Waihirere Drive, Tuateawa","NHC - 106 Waihirere Drive, Tuateawa, Coromandel, Waikato, 3583, NZL",IAG New Zealand Limited,2026-02-23,TG,Zhi Chye,175.577764,-36.631008,,False,
1502000.2498,1502000,1502000.2498,"NHC - 62 Scott Road, Tamaterau Whangārei","NHC - 62 Scott Road, Tamaterau, Whangārei, Northland",IAG New Zealand Limited,2026-02-24,AK,Stefan Huszak,174.417653,-35.781733,,False,
1502000.2709,1502000,1502000.2709,"NHC - Unit 1, 8 Omokoroa Road, Ōmokoroa,","NHC - Unit 1, 8 Omokoroa Road, Ōmokoroa, Bay of Plenty, 3114, NZL",IAG New Zealand Limited,2026-02-25,TG,Zhi Chye,176.048803,-37.632872,,False,
1502000.2770,1502000,1502000.2770,"NHC - 73 Mitchell Street, Brooklyn, WLG","NHC - 73 Mitchell Street, Brooklyn, Wellington, 6021, NZL",IAG New Zealand Limited,2026-02-26,WN,Shirley Wang,174.760026,-41.305628,Wellington City,True,
1502000.2771,1502000,1502000.2771,"NHC - 26 Akatea Road, Korokoro, WLG","NHC - 26 Akatea Road, Korokoro, Lower Hutt, Wellington, 5012, NZL",IAG New Zealand Limited,2026-02-26,WN,Shirley Wang,174.871991,-41.212831,Lower Hutt City,True,
1502000.2772,1502000,1502000.2772,"NHC - 66A Simla Crescent, Khandallah WLG","NHC - 66A Simla Crescent, Khandallah, Wellington, 6035, NZL",IAG New Zealand Limited,2026-02-26,WN,Shirley Wang,174.78472,-41.245339,Wellington City,True,
1502000.2773,1502000,1502000.2773,"NHC - 53 Wyndrum Avenue, Waterloo, WLG","NHC - 53 Wyndrum Avenue, Waterloo, Lower Hutt, Wellington, 5011, NZL",IAG New Zealand Limited,2026-02-27,WN,Shirley Wang,174.933556,-41.215081,Lower Hutt City,True,
1502000.2774,1502000,1502000.2774,"NHC - 93 Wyndrum Avenue, Waterloo, WLG","NHC - 93 Wyndrum Avenue, Waterloo, Lower Hutt, Wellington, 5011, NZL",IAG New Zealand Limited,2026-02-27,WN,Shirley Wang,174.933329,-41.21691,Lower Hutt City,True,
1502000.2775,1502000,1502000.2775,"NHC - 84 Wyndham Road, Pinehaven, WLG","NHC - 84 Wyndham Road, Pinehaven, Upper Hutt, Wellington, 5019, NZL",IAG New Zealand Limited,2026-02-27,WN,Shirley Wang,175.01006,-41.160973,Upper Hutt City,True,
1502000.2776,1502000,1502000.2776,"NHC - 84 Normandale Road, Normandale WLG","NHC - 84 Normandale Road, Normandale, Lower Hutt, Wellington, 5010, NZL",IAG New Zealand Limited,2026-02-27,WN,Shirley Wang,174.894492,-41.204356,Lower Hutt City,True,
1502000.2777,1502000,1502000.2777,"NHC - 88 Todman Street, Brooklyn, WLG","NHC -88 Todman Street, Brooklyn, Wellington, 6021, NZL",IAG New Zealand Limited,2026-02-27,WN,Shirley Wang,174.759899,-41.305716,Wellington City,True,
1502000.2710,1502000,1502000.2710,"NHC - 458 Marine Drive, Charteris Bay","NHC - 458 Marine Drive, Charteris Bay, Canterbury, 8971, NZL",IAG New Zealand Limited,2026-03-02,WN,Shirley Wang,172.708595,-43.647956,,False,
1502000.2711,1502000,1502000.2711,"NHC - 117 Western Valley Road, Lit","NHC - 117 Western Valley Road, Little River, Canterbury, 7591, NZL",IAG New Zealand Limited,2026-03-04,WN,Shirley Wang,172.798241,-43.757476,,False,
1502000.2712,1502000,1502000.2712,"NHC - 21 Motuhoa Road, Tairua, Waikato,","NHC - 21 Motuhoa Road, Tairua, Waikato, 3508, NZL",Tower Insurance Limited,2026-03-05,TG,Zhi Chye,175.86416,-37.000936,,False,
1502000.2713,1502000,1502000.2713,"NHC - 12 Longhurst Terrace, Cashmere","NHC - 12 Longhurst Terrace, Cashmere, Christchurch, Canterbury, 8022, NZL",IAG New Zealand Limited,2026-03-05,WN,Shirley Wang,172.637969,-43.581833,,False,
1502000.2714,1502000,1502000.2714,"NHC - 26A Hunt Crescent, Hillcrest, Roto","NHC - 26A Hunt Crescent, Hillcrest, Rotorua, Bay of Plenty, 3015, NZL",IAG New Zealand Limited,2026-03-05,TG,Zhi Chye,176.232354,-38.151554,,False,
1502000.2778,1502000,1502000.2778,"NHC - 88 Joseph Banks Drive, Whitby, WLG","NHC - 88 Joseph Banks Drive, Whitby, Porirua, Wellington, 5024, NZL",IAG New Zealand Limited,2026-03-05,WN,Shirley Wang,174.914259,-41.107833,Porirua City,True,
1502000.2779,1502000,1502000.2779,"NHC - 53 Montgomerys Road, Little River","NHC -53 Montgomerys Road, Little River, Canterbury, 7591, NZL",IAG New Zealand Limited,2026-03-06,WN,Shirley Wang,172.791381,-43.737903,,False,
1502000.2715,1502000,1502000.2715,NHC - 201D Katherine Mansfield Drive WLG,"NHC - 201D Katherine Mansfield Drive, Whitemans Valley, Upper Hutt, Wellington, 5371, NZL",IAG New Zealand Limited,2026-03-09,WN,Shirley Wang,175.072358,-41.159937,Upper Hutt City,True,
1502000.2716,1502000,1502000.2716,"NHC - 163 Te Tahi Road, Puketotara, Piro","NHC - 163 Te Tahi Road, Puketotara, Pirongia, Waikato, 3876, NZL",IAG New Zealand Limited,2026-03-09,TG,Zhi Chye,175.1645,-38.037252,,False,
1502000.2717,1502000,1502000.2717,"NHC - 156 Te Tahi Road, Puketotara, Piro","NHC - 156 Te Tahi Road, Puketotara, Pirongia, Waikato, 3876, NZL",IAG New Zealand Limited,2026-03-09,TG,Zhi Chye,175.165211,-38.036274,,False,
1502000.2718,1502000,1502000.2718,"NHC - 50 Portobello Road, Musselburgh","NHC - 50 Portobello Road, Musselburgh, Dunedin, Otago, 9013, NZL",IAG New Zealand Limited,2026-03-10,WN,Shirley Wang,170.513323,-45.896443,,False,
1502000.2719,1502000,1502000.2719,"NHC - Flat 2, 323 Taylor Avenue, Waikato","NHC - Flat 2, 323 Taylor Avenue, Te Awamutu, Waikato, 3800, NZL",IAG New Zealand Limited,2026-03-10,TG,Zhi Chye,175.326478,-37.995187,,False,
1502000.2720,1502000,1502000.2720,"NHC - 233A Sailors Grave Road, Pumpkin H","NHC - 233A Sailors Grave Road, Pumpkin Hill, Whitianga, Waikato, 3591, NZL",IAG New Zealand Limited,2026-03-11,TG,Zhi Chye,175.841819,-36.960984,,False,
1502000.2499,1502000,1502000.2499,"NHC - 19a Russell Road, Kensington","NHC - 19a Russell Road, Kensington, Whangarei, Northland",IAG New Zealand Limited,2026-03-12,AK,Stefan Huszak,174.311947,-35.712059,,False,
1502000.2500,1502000,1502000.2500,"NHC - 82 Normandale Road, Normandale WLG","NHC - 82 Normandale Road, Normandale, Lower Hutt, Wellington, 5010, NZL",IAG New Zealand Limited,2026-03-12,WN,Shirley Wang,174.89449,-41.204523,Lower Hutt City,True,
1502000.2721,1502000,1502000.2721,"NHC - 498B Waitao Road, Waitao, Bay of P","NHC - 498B Waitao Road, Waitao, Bay of Plenty, 3175, NZL",IAG New Zealand Limited,2026-03-12,TG,Zhi Chye,176.234012,-37.762436,,False,
1502000.2780,1502000,1502000.2780,"NHC - 211 Honikiwi Road, Ōtorohanga","NHC - 211 Honikiwi Road, Ōtorohanga, Waikato, 3973, NZL",IAG New Zealand Limited,2026-03-13,WN,Zhi Chye,175.171192,-38.177759,,False,
1502000.2501,1502000,1502000.2501,"NHC - 254 Cambridge Road, Bethlehem, Tau","NHC - 254 Cambridge Road, Bethlehem, Tauranga, Bay of Plenty, 3110, NZL",IAG New Zealand Limited,2026-03-16,TG,Zhi Chye,176.123145,-37.706245,,False,
1502000.2502,1502000,1502000.2502,"NHC - 899 Poroporo Road, Tikitiki, Gisbo","NHC - 899 Poroporo Road, Tikitiki, Gisborne",IAG New Zealand Limited,2026-03-18,AK,Stefan Huszak,178.311458,-37.785521,,False,
1502000.2503,1502000,1502000.2503,"NHC - 2350 Kawhia Road, Honikiwi, Ōtoroh","NHC - 2350 Kawhia Road, Honikiwi, Ōtorohanga, Waikato, 3878, NZL",IAG New Zealand Limited,2026-03-19,TG,Zhi Chye,175.090021,-38.090995,,False,
1502000.2504,1502000,1502000.2504,"NHC - 72 Raroa Terrace, Tawa, Wellington","NHC - 72 Raroa Terrace, Tawa, Wellington, 5028, NZL",IAG New Zealand Limited,2026-03-23,WN,Shirley Wang,174.839696,-41.16475,Wellington City,True,
1502000.2505,1502000,1502000.2505,"NHC - 55 Holland Street, Wainuiomata WLG","NHC - 55 Holland Street, Wainuiomata, Lower Hutt, Wellington, 5014, NZL",IAG New Zealand Limited,2026-03-23,WN,Shirley Wang,174.93909,-41.265356,Lower Hutt City,True,
1502000.2506,1502000,1502000.2506,"NHC - 1076 Matapouri Road, Matapouri","NHC - 1076 Matapouri Road, Matapouri, Whangārei, Northland",IAG New Zealand Limited,2026-03-24,AK,Stefan Huszak,174.495681,-35.563248,,False,
1502000.2507,1502000,1502000.2507,"NHC - 116A Vale Street, Otūmoetai, Taura","NHC - 116A Vale Street, Otūmoetai, Tauranga, Bay of Plenty, 3110, NZL",IAG New Zealand Limited,2026-03-24,TG,Zhi Chye,176.147472,-37.671022,,False,
1502000.2722,1502000,1502000.2722,NHC - 6516 Christchurch Akaroa Road,"NHC - 6516 Christchurch Akaroa Road, Takamatua, Canterbury, 7581, NZL",IAG New Zealand Limited,2026-03-25,WN,Shirley Wang,172.95904,-43.770922,,False,
1502000.2508,1502000,1502000.2508,"NHC - 24 Lewer Road, Whangaroa, Kaeo","NHC - 24 Lewer Road, Whangaroa, Kaeo, Northland",IAG New Zealand Limited,2026-03-30,AK,Stefan Huszak,173.740127,-35.054987,,False,
1502000.2781,1502000,1502000.2781,"NHC - 182 Crawford Road, Minden, BOP","NHC - 182 Crawford Road, Minden, Bay of Plenty, 3171, NZL",IAG New Zealand Limited,2026-03-30,TG,Zhi Chye,176.074286,-37.724005,,False,
1502000.2782,1502000,1502000.2782,"NHC - 14 Guernsey Place, Grandview Heigh","NHC - 14 Guernsey Place, Grandview Heights, Hamilton, Waikato, 3200, NZL",IAG New Zealand Limited,2026-04-01,TG,Zhi Chye,175.226703,-37.785082,,False,
1502000.2723,1502000,1502000.2723,"NHC - 22 Long View Crescent, Ōtorohanga","NHC - 22 Long View Crescent, Ōtorohanga, Waikato, 3900, NZL",IAG New Zealand Limited,2026-04-02,TG,Zhi Chye,175.207493,-38.175042,,False,
1502000.2724,1502000,1502000.2724,"NHC - 4 Miro Street, Te Aroha, Waikato","NHC - 4 Miro Street, Te Aroha, Waikato, 3320, NZL",IAG New Zealand Limited,2026-04-07,TG,Zhi Chye,175.714352,-37.538194,,False,
1502000.2725,1502000,1502000.2725,"NHC - 386 Te Tahi Road, Puketotara","NHC - 386 Te Tahi Road, Puketotara, Pirongia, Waikato, 3876, NZL",IAG New Zealand Limited,2026-04-07,TG,Zhi Chye,175.142576,-38.033629,,False,
1502000.2726,1502000,1502000.2726,"NHC - 55A Paul Road, Pumpkin Hill","NHC - 55A Paul Road, Pumpkin Hill, Whitianga, Waikato, 3591, NZL",IAG New Zealand Limited,2026-04-10,TG,Zhi Chye,175.81776,-36.967899,,False,
1502000.2783,1502000,1502000.2783,"NHC - 29 Frontier Road, Te Awamutu, Waik","NHC - 29 Frontier Road, Te Awamutu, Waikato, 3876, NZL",IAG New Zealand Limited,2026-04-14,TG,Zhi Chye,175.296616,-38.013615,,False,
1502000.2509,1502000,1502000.2509,"NHC - 15 Orbell Street, Dalmore, Dunedin","NHC - 15 Orbell Street, Dalmore, Dunedin, Otago",IAG New Zealand Limited,2026-04-16,WN,Shirley Wang,170.514102,-45.852321,,False,
1502000.2510,1502000,1502000.2510,"NHC - Unit 2, 131 Mokoia Road Birkenhead","NHC - Unit 2, 131 Mokoia Road, Birkenhead, Auckland",IAG New Zealand Limited,2026-04-16,AK,Stefan Huszak,174.717442,-36.810611,,False,
1502000.2784,1502000,1502000.2784,"NHC - Unit 1, 8 Omokoroa Road, Ōmokoroa,","NHC - Unit 1, 8 Omokoroa Road, Ōmokoroa, Bay of Plenty, 3114, NZL",IAG New Zealand Limited,2026-04-17,TG,Zhi Chye,176.048803,-37.632872,,False,
1502000.2511,1502000,1502000.2511,"NHC - 76 Tirohanga Road, Tirohanga, WLG","NHC - 76 Tirohanga Road, Tirohanga, Lower Hutt, Wellington, 5010, NZL",IAG New Zealand Limited,2026-04-20,WN,Shirley Wang,174.905939,-41.199073,Lower Hutt City,True,
1502000.2512,1502000,1502000.2512,"NHC - 110 Portland Road, Portland, Whang","NHC - 110 Portland Road, Portland, Whangārei, Northland",IAG New Zealand Limited,2026-04-21,AK,Stefan Huszak,174.313562,-35.793966,,False,
1502000.2785,1502000,1502000.2785,"NHC - 23D Tahurangi Place, Spotswood NPL","NHC - 23D Tahurangi Place, Spotswood, New Plymouth, Taranaki, 4310, NZL",IAG New Zealand Limited,2026-04-21,WN,Shirley Wang,174.024949,-39.067708,,False,
1502000.2786,1502000,1502000.2786,"NHC - 21 Mount Avenue, Pauanui, Waikato,","NHC - 21 Mount Avenue, Pauanui, Waikato, 3579, NZL",IAG New Zealand Limited,2026-04-21,TG,Zhi Chye,175.86958,-37.029881,,False,
1502000.2513,1502000,1502000.2513,"NHC - 295 South Karori Road, Karori, WLG","NHC - 295 South Karori Road, Karori, Wellington, 6012, NZL",IAG New Zealand Limited,2026-04-22,WN,Shirley Wang,174.709222,-41.306571,Wellington City,True,
1502000.2514,1502000,1502000.2514,"NHC - 75 Attwood Road, Pāremoremo, AKL","NHC - 75 Attwood Road, Pāremoremo, Auckland",IAG New Zealand Limited,2026-04-23,AK,Stefan Huszak,174.653848,-36.764804,,False,
1502000.2515,1502000,1502000.2515,"NHC - 63B Westminster Glen, Matakana AKL","NHC - 63B Westminster Glen, Matakana, Auckland",IAG New Zealand Limited,2026-04-23,AK,Stefan Huszak,174.674815,-36.356182,,False,
1502000.2516,1502000,1502000.2516,"NHC - 114 Frederick Street, Hillsborough","NHC - 114 Frederick Street, Hillsborough, Auckland",IAG New Zealand Limited,2026-04-23,AK,Stefan Huszak,174.767878,-36.923064,,False,
1502000.2727,1502000,1502000.2727,"NHC - 67 Lynley Park Drive, Ōmokoroa","NHC - 67 Lynley Park Drive, Ōmokoroa, Bay of Plenty, 3114, NZL",IAG New Zealand Limited,2026-04-23,TG,Zhi Chye,176.035609,-37.654264,,False,
1502000.2517,1502000,1502000.2517,"NHC - 286 Austin Road, Dairy Flat, AKL","NHC - 286 Austin Road, Dairy Flat, Auckland",IAG New Zealand Limited,2026-04-24,AK,Stefan Huszak,174.599757,-36.652066,,False,
1502000.2728,1502000,1502000.2728,"NHC - 520 Adelaide Road, Berhampore, WLG","NHC - 520 Adelaide Road, Berhampore, Wellington, 6023, NZL",IAG New Zealand Limited,2026-04-28,WN,Shirley Wang,174.775025,-41.32254,Wellington City,True,
1502000.2787,1502000,1502000.2787,"NHC - 46 Mana Street, Vogeltown, WLG","NHC - 46 Mana Street, Vogeltown, Wellington, 6021, NZL",IAG New Zealand Limited,2026-04-28,WN,Shirley Wang,174.766251,-41.31485,Wellington City,True,
1502000.2788,1502000,1502000.2788,"NHC - 42 Tamar Street, Island Bay, WLG","NHC - 42 Tamar Street, Island Bay, Wellington, 6023, NZL",IAG New Zealand Limited,2026-04-28,WN,Shirley Wang,174.77247,-41.3311,Wellington City,True,
1502000.2789,1502000,1502000.2789,"NHC - 40 Tamar Street, Island Bay, WLG","NHC - 40 Tamar Street, Island Bay, Wellington, 6023, NZL",IAG New Zealand Limited,2026-04-28,WN,Shirley Wang,174.77262,-41.331114,Wellington City,True,
1502000.2790,1502000,1502000.2790,"NHC - 24 Clarence Street, Brooklyn, WLG","NHC - 24 Clarence Street, Brooklyn, Wellington, 6021, NZL",IAG New Zealand Limited,2026-04-28,WN,Shirley Wang,174.763376,-41.311406,Wellington City,True,
1502000.2791,1502000,1502000.2791,"NHC - 1 Butt Street, Brooklyn, WLG","NHC - 1 Butt Street, Brooklyn, Wellington, 6021, NZL",IAG New Zealand Limited,2026-04-28,WN,Shirley Wang,174.76281,-41.310258,Wellington City,True,
1502000.2792,1502000,1502000.2792,"NHC - 24 Forth Place, Papakōwhai, WLG","NHC - 24 Forth Place, Papakōwhai, Porirua, Wellington, 5024, NZL",IAG New Zealand Limited,2026-04-28,WN,Shirley Wang,174.864265,-41.109565,Porirua City,True,
1502000.2793,1502000,1502000.2793,"NHC - 47 Balfour Street, Mornington, WLG","NHC - 47 Balfour Street, Mornington, Wellington, 6021, NZL",IAG New Zealand Limited,2026-04-28,WN,Shirley Wang,174.766947,-41.318203,Wellington City,True,
1502000.2794,1502000,1502000.2794,"NHC - 433C Ohiro Road, Brooklyn, WLG","NHC - 433C Ohiro Road, Brooklyn, Wellington, 6021, NZL",IAG New Zealand Limited,2026-04-28,WN,Shirley Wang,174.761096,-41.31908,Wellington City,True,
1502000.2795,1502000,1502000.2795,"NHC - 32 Bathgate Street, Johnsonville","NHC - 32 Bathgate Street, Johnsonville, Wellington, 6037, NZL",IAG New Zealand Limited,2026-04-28,WN,Shirley Wang,174.794042,-41.219841,Wellington City,True,
1502000.2796,1502000,1502000.2796,"NHC - 21 Balfour Street, Mornington, WLG","NHC - 21 Balfour Street, Mornington, Wellington, 6021, NZL",IAG New Zealand Limited,2026-04-28,WN,Shirley Wang,174.766571,-41.319816,Wellington City,True,
1502000.2797,1502000,1502000.2797,"NHC - 690 Kuaotunu Wharekaho Road, Kūaot","NHC - 690 Kuaotunu Wharekaho Road, Kūaotunu, Waikato, 3592, NZL",IAG New Zealand Limited,2026-04-28,TG,Zhi Chye,175.724731,-36.756869,,False,
1502000.2518,1502000,1502000.2518,"NHC - 522 Adelaide Road, Berhampore, WLG","NHC - 522 Adelaide Road, Berhampore, Wellington, 6023, NZL",IAG New Zealand Limited,2026-04-29,WN,Shirley Wang,174.774986,-41.322541,Wellington City,True,
1502000.2519,1502000,1502000.2519,"NHC - 6 Trevor Terrace, Paremata, WLG","NHC - 6 Trevor Terrace, Paremata, Porirua, Wellington, 5024, NZL",IAG New Zealand Limited,2026-04-29,WN,Shirley Wang,174.877459,-41.10178,Porirua City,True,
1502000.2520,1502000,1502000.2520,"NHC - 31 Erskine Road, Maunu, Whangārei","NHC - 31 Erskine Road, Maunu, Whangārei, Northland",IAG New Zealand Limited,2026-04-29,AK,Stefan Huszak,174.276945,-35.762993,,False,
1502000.2798,1502000,1502000.2798,"NHC - 36 Spikes Way, Whitianga, Waikato,","NHC - 36 Spikes Way, Whitianga, Waikato, 3510, NZL",IAG New Zealand Limited,2026-04-29,TG,Zhi Chye,175.703019,-36.793083,,False,
1502000.2521,1502000,1502000.2521,"NHC - 290 South Karori Road, Karori, WLG","NHC - 290 South Karori Road, Karori, Wellington, 6012, NZL",IAG New Zealand Limited,2026-04-30,WN,Shirley Wang,174.709249,-41.30569,Wellington City,True,
1502000.2522,1502000,1502000.2522,"NHC - 8 Taft Street, Brooklyn, WLG","NHC - 8 Taft Street, Brooklyn, Wellington, 6021, NZL",IAG New Zealand Limited,2026-04-30,WN,Shirley Wang,174.765381,-41.308723,Wellington City,True,
1502000.2729,1502000,1502000.2729,"NHC - 5 High Street, Jackson Bay, West C","NHC - 5 High Street, Jackson Bay, West Coast, 7886, NZL",IAG New Zealand Limited,2026-04-30,WN,Shirley Wang,168.61207,-43.9726,,False,
1502000.2799,1502000,1502000.2799,"NHC - 19 Rimu Road, Stanmore Bay","NHC - 19 Rimu Road, Stanmore Bay, Whangaparāoa, Auckland, 0932, NZL",IAG New Zealand Limited,2026-04-30,AK,Stefan Huszak,174.741368,-36.631068,,False,
1502000.2800,1502000,1502000.2800,"NHC - 8 Crowden Place, Harrowfield, Hami","NHC - 8 Crowden Place, Harrowfield, Hamilton, Waikato, 3210, NZL",IAG New Zealand Limited,2026-04-30,TG,Zhi Chye,175.260565,-37.742248,,False,
1502000.2801,1502000,1502000.2801,"NHC - 9 Palm Grove, Berhampore, WLG","NHC - 9 Palm Grove, Berhampore, Wellington, 6023, NZL",IAG New Zealand Limited,2026-05-01,WN,Shirley Wang,174.774434,-41.319608,Wellington City,True,
1502000.2523,1502000,1502000.2523,"NHC - 12 Shelly Beach Road, Shelly Beach","NHC - 12 Shelly Beach Road, Shelly Beach, South Head, Auckland",IAG New Zealand Limited,2026-05-04,AK,Stefan Huszak,174.377302,-36.569666,,False,
1502000.2524,1502000,1502000.2524,"NHC - 22A Normanby Street, Newtown, WLG","NHC - 22A Normanby Street, Newtown, Wellington",IAG New Zealand Limited,2026-05-04,WN,Shirley Wang,174.781701,-41.314923,Wellington City,True,
1502000.2525,1502000,1502000.2525,"NHC - 118A Stout Street, Whataupoko, GIS","NHC - 118A Stout Street, Whataupoko, GBN",IAG New Zealand Limited,2026-05-04,AK,Stefan Huszak,178.023133,-38.655201,,False,
1502000.2526,1502000,1502000.2526,"NHC - 524 Adelaide Road, Berhampore, WLG","NHC - 524 Adelaide Road, Berhampore, Wellington, 6023, NZL",IAG New Zealand Limited,2026-05-04,WN,Shirley Wang,174.774975,-41.32264,Wellington City,True,
1502000.2527,1502000,1502000.2527,"NHC - 4 Balfour Street, Mornington, WLG","NHC - 4 Balfour Street, Mornington, Wellington, 6021, NZL",IAG New Zealand Limited,2026-05-04,WN,Shirley Wang,174.769062,-41.319461,Wellington City,True,
1502000.2528,1502000,1502000.2528,"NHC - 18 Hoggard Street, Vogeltown, WLG","NHC - 18 Hoggard Street, Vogeltown, Wellington, 6021, NZL",IAG New Zealand Limited,2026-05-04,WN,Shirley Wang,174.767978,-41.314612,Wellington City,True,
1502000.2529,1502000,1502000.2529,"NHC - 58 Clarence Street, Brooklyn, WLG","NHC - 58 Clarence Street, Brooklyn, Wellington, 6021, NZL",IAG New Zealand Limited,2026-05-04,WN,Shirley Wang,174.763019,-41.313167,Wellington City,True,
1502000.2530,1502000,1502000.2530,"NHC - 156 Severn Street, Island Bay, WLG","NHC - 156 Severn Street, Island Bay, Wellington, 6023, NZL",IAG New Zealand Limited,2026-05-04,WN,Shirley Wang,174.762079,-41.345814,Wellington City,True,
1502000.2730,1502000,1502000.2730,"NHC - 123 Blakes Road, Mount Holdsworth","NHC - 123 Blakes Road, Mount Holdsworth, Carterton, Wellington, 5791, NZL",IAG New Zealand Limited,2026-05-04,WN,Shirley Wang,175.51508,-40.88766,,False,
1502000.2802,1502000,1502000.2802,"NHC - 73 Balfour Street, Mornington, WLG","NHC - 73 Balfour Street, Mornington, Wellington, 6021, NZL",IAG New Zealand Limited,2026-05-04,WN,Shirley Wang,174.767787,-41.317134,Wellington City,True,
1502000.2803,1502000,1502000.2803,"NHC - 75 Tannadyce Street, Strathmore Pk","NHC - 75 Tannadyce Street, Strathmore Park, Wellington, 6022, NZL",IAG New Zealand Limited,2026-05-04,WN,Shirley Wang,174.825632,-41.32789,Wellington City,True,
1502000.2804,1502000,1502000.2804,"NHC - 1 Maruia Place, Minden, Bay of Ple","NHC - 1 Maruia Place, Minden, Bay of Plenty, 3176, NZL",IAG New Zealand Limited,2026-05-05,TG,Zhi Chye,176.066004,-37.702914,,False,
1502000.2805,1502000,1502000.2805,"NHC - 565 Rangihau Road, Coroglen, Whiti","NHC - 565 Rangihau Road, Coroglen, Whitianga, Waikato, 3591, NZL",IAG New Zealand Limited,2026-05-05,TG,Zhi Chye,175.682501,-36.950869,,False,
1502000.2531,1502000,1502000.2531,"NHC - 19 Inlet View, Titahi Bay, Porirua","NHC - 19 Inlet View, Titahi Bay, Porirua, Wellington, 5022, NZL",IAG New Zealand Limited,2026-05-06,WN,Shirley Wang,174.850292,-41.111669,Porirua City,True,
1502000.2532,1502000,1502000.2532,"NHC - 10 Balfour Street, Mornington, WLG","NHC - 10 Balfour Street, Mornington, Wellington",IAG New Zealand Limited,2026-05-06,WN,Shirley Wang,174.768652,-41.319711,Wellington City,True,
1502000.2533,1502000,1502000.2533,"NHC - 10C Cross Street, Drury, Auckland","NHC - 10C Cross Street, Drury, Auckland",IAG New Zealand Limited,2026-05-06,AK,Stefan Huszak,174.947207,-37.097945,,False,
1502000.2534,1502000,1502000.2534,"NHC - 44 McKinley Crescent, Brooklyn WLG","NHC - 44 McKinley Crescent, Brooklyn, Wellington, 6021, NZL",IAG New Zealand Limited,2026-05-07,WN,Shirley Wang,174.763896,-41.30784,Wellington City,True,
1502000.2535,1502000,1502000.2535,"NHC - 84 Balfour Street, Mornington, WLG","NHC - 84 Balfour Street, Mornington, Wellington",IAG New Zealand Limited,2026-05-07,WN,Shirley Wang,174.769427,-41.316592,Wellington City,True,
1502000.2731,1502000,1502000.2731,"NHC - 27 Rue Balguerie, Akaroa, Canterbu","NHC - 27 Rue Balguerie, Akaroa, Canterbury, 7520, NZL",IAG New Zealand Limited,2026-05-07,WN,Shirley Wang,172.969218,-43.805914,,False,
1502000.2732,1502000,1502000.2732,"NHC - 12 Morrisons Road, Little River","NHC - 12 Morrisons Road, Little River, Canterbury, 7591, NZL",IAG New Zealand Limited,2026-05-07,WN,Shirley Wang,172.787229,-43.773929,,False,
1502000.2536,1502000,1502000.2536,"NHC - 45 Farnham Street, Mornington, WLG","NHC - 45 Farnham Street, Mornington, Wellington, 6021, NZL",IAG New Zealand Limited,2026-05-11,WN,Shirley Wang,174.76551,-41.321356,Wellington City,True,
1502000.2806,1502000,1502000.2806,"NHC - 30 Hiropi Street, Newtown, WLG","NHC - 30 Hiropi Street, Newtown, Wellington, 6021, NZL",IAG New Zealand Limited,2026-05-11,WN,Shirley Wang,174.785598,-41.314075,Wellington City,True,
1502000.2808,1502000,1502000.2808,"NHC - 17 Sheehy Grove, Wainuiomata, WLG","NHC - 17 Sheehy Grove, Wainuiomata, Lower Hutt, Wellington, 5014, NZL",IAG New Zealand Limited,2026-05-11,WN,Shirley Wang,174.943059,-41.26455,Lower Hutt City,True,
1502000.2807,1502000,1502000.2807,"NHC - 5 Akatea Street, Berhampore, WLG","NHC - 5 Akatea Street, Berhampore, Wellington, 6023, NZL",IAG New Zealand Limited,2026-05-12,WN,Shirley Wang,174.774578,-41.323007,Wellington City,True,
1502000.2537,1502000,1502000.2537,"NHC - 13 Walter MacDonald Street, AKL","NHC - 13 Walter MacDonald Street, Howick, Auckland",IAG New Zealand Limited,2026-05-13,AK,Stefan Huszak,174.931082,-36.891806,,False,
1502000.2538,1502000,1502000.2538,"NHC - 16 Lincoln Street, Brooklyn, WLG","NHC - 16 Lincoln Street, Brooklyn, Wellington, 6021, NZL",IAG New Zealand Limited,2026-05-13,WN,Shirley Wang,174.763449,-41.309515,Wellington City,True,
1502000.2809,1502000,1502000.2809,"NHC - 54 Scott Road, Stanmore Bay, AKL","NHC - 54 Scott Road, Stanmore Bay, Whangaparaoa, Auckland",IAG New Zealand Limited,2026-05-15,AK,Stefan Huszak,174.729318,-36.632559,,False,
1502000.2810,1502000,1502000.2810,"NHC -  28 Hiropi Street, Newtown, WLG","NHC -  28 Hiropi Street, Newtown, Wellington, 6021, NZL",IAG New Zealand Limited,2026-05-15,WN,Shirley Wang,174.785572,-41.313994,Wellington City,True,
1502000.2811,1502000,1502000.2811,"NHC - 11 Titoki Avenue, Waipahihi, Taupō","NHC - 11 Titoki Avenue, Waipahihi, Taupō, Waikato, 3330, NZL",IAG New Zealand Limited,2026-05-18,TG,Zhi Chye,176.096701,-38.713424,,False,
1502000.2812,1502000,1502000.2812,"NHC - 88A Mornington Road, Brooklyn, WLG","NHC -  88A Mornington Road, Brooklyn, Wellington, 6021, NZL",IAG New Zealand Limited,2026-05-19,WN,Shirley Wang,174.763541,-41.313679,Wellington City,True,
1502000.2813,1502000,1502000.2813,"NHC - 88 Mornington Road, Brooklyn, WLG","NHC - 88 Mornington Road, Brooklyn, Wellington, 6021, NZL",IAG New Zealand Limited,2026-05-19,WN,Shirley Wang,174.763903,-41.313705,Wellington City,True,
1502000.2814,1502000,1502000.2814,"NHC - 28 Fortunatus Street, Brooklyn WLG","NHC - 28 Fortunatus Street, Brooklyn, Wellington, 6021, NZL",IAG New Zealand Limited,2026-05-20,WN,Shirley Wang,174.767277,-41.311477,Wellington City,True,
1502000.2815,1502000,1502000.2815,"NHC - 11A Lerwick Terrace, Melrose, WLG","NHC - 11A Lerwick Terrace, Melrose, Wellington, 6023, NZL",IAG New Zealand Limited,2026-05-21,WN,Shirley Wang,174.791017,-41.323438,Wellington City,True,
1502000.2816,1502000,1502000.2816,"NHC - 59 Lawrence Road, Mangawhai","NHC - 59 Lawrence Road, Mangawhai, Northland, 0573, NZL",IAG New Zealand Limited,2026-05-22,AK,Stefan Huszak,174.537945,-36.137727,,False,
1502000.2733,1502000,1502000.2733,NHC - 2/80 Clovelly Road Bucklands Beach,"NHC - 2/80 Clovelly Road, Bucklands Beach, Auckland",IAG New Zealand Limited,2026-05-25,AK,Stefan Huszak,174.906343,-36.86185,,False,
1502000.2817,1502000,1502000.2817,"NHC - 62 Emmett Street, Greerton, Tauran","NHC - 62 Emmett Street, Greerton, Tauranga, Bay of Plenty, 3112, NZL",IAG New Zealand Limited,2026-05-25,TG,Zhi Chye,176.137699,-37.731048,,False,
1502000.2818,1502000,1502000.2818,"NHC - 35 Main North Road, Ōtorohanga, Wa","NHC - 35 Main North Road, Ōtorohanga, Waikato, 3900, NZL",IAG New Zealand Limited,2026-05-25,TG,Zhi Chye,175.222642,-38.182243,,False,
1502000.2819,1502000,1502000.2819,"NHC - 442 Evans Bay Parade, Haitaitai","NHC - 442 Evans Bay Parade, Haitaitai, Wellington, 6021, NZL",IAG New Zealand Limited,2026-05-25,WN,Shirley Wang,174.797744,-41.308312,Wellington City,True,
1502000.2820,1502000,1502000.2820,"NHC - 86 Todman Street, Brooklyn, WLG","NHC - 86 Todman Street, Brooklyn, Wellington, 6021, NZL",IAG New Zealand Limited,2026-05-25,WN,Shirley Wang,174.759851,-41.305812,Wellington City,True,
1502000.2821,1502000,1502000.2821,"NHC - 15 Ingleton Terrace, Fairfield, Ha","NHC - 15 Ingleton Terrace, Fairfield, Hamilton, Waikato, 3214, NZL",IAG New Zealand Limited,2026-05-28,TG,Zhi Chye,175.272486,-37.771265,,False,
1502000.2822,1502000,1502000.2822,"NHC - 29 Hinemoa Street, Birkenhead, AKL","NHC - 29 Hinemoa Street, Birkenhead, Auckland",IAG New Zealand Limited,2026-05-29,AK,Stefan Huszak,174.738154,-36.82083,,False,
1502000.2823,1502000,1502000.2823,"NHC - 6 Lisbon Street, Greerton, Taurang","NHC - 6 Lisbon Street, Greerton, Tauranga, Bay of Plenty, 3112, NZL",IAG New Zealand Limited,2026-06-02,TG,Zhi Chye,176.135457,-37.731427,,False,
1502000.2824,1502000,1502000.2824,"NHC - 30 Racecourse Way, Gate Pa, Tauran","NHC - 30 Racecourse Way, Gate Pa, Tauranga, Bay of Plenty, 3112, NZL",IAG New Zealand Limited,2026-06-02,TG,Zhi Chye,176.131632,-37.726355,,False,
1502000.2825,1502000,1502000.2825,"NHC - 8 Ngaio Lane, Charteris Bay","NHC - 8 Ngaio Lane, Charteris Bay, Governors Bay, Canterbury, 8971, NZL",IAG New Zealand Limited,2026-06-04,WN,Shirley Wang,172.707354,-43.649325,,False,
1502000.2734,1502000,1502000.2734,"NHC - 45 Vauxhall Road, #3, Devonport","NHC - 45 Vauxhall Road, #3, Devonport, Auckland",IAG New Zealand Limited,2026-06-05,AK,Stefan Huszak,174.803394,-36.824781,,False,
1502000.2735,1502000,1502000.2735,"NHC - 16 Waikato Place, St Johns, AKL","NHC - 16 Waikato Place, St Johns, Auckland",IAG New Zealand Limited,2026-06-09,AK,Stefan Huszak,174.841546,-36.876301,,False,
1502000.2826,1502000,1502000.2826,"NHC - 4 Paiaka Place, Rototuna North, Ha","NHC - 4 Paiaka Place, Rototuna North, Hamilton, Waikato, 3210, NZL",IAG New Zealand Limited,2026-06-12,TG,Zhi Chye,175.263322,-37.712258,,False,
1502000.2827,1502000,1502000.2827,"NHC - 7 Innes Way, Newlands, Wellington","NHC - 7 Innes Way, Newlands, Wellington, 6037, NZL",IAG New Zealand Limited,2026-06-12,WN,Shirley Wang,174.81794,-41.226655,Wellington City,True,
1502000.2736,1502000,1502000.2736,NHC - 956D Whangarei Heads Road Northlan,"NHC - 956D Whangarei Heads Road, Parua Bay, Northland",IAG New Zealand Limited,2026-06-15,AK,Stefan Huszak,174.447274,-35.779235,,False,
1502000.2828,1502000,1502000.2828,"NHC - 27 Eden Street, Island Bay, WLG","NHC - 27 Eden Street, Island Bay, Wellington, 6023, NZL",IAG New Zealand Limited,2026-06-15,WN,Shirley Wang,174.772882,-41.329708,Wellington City,True,
1502000.2829,1502000,1502000.2829,"NHC - 81B Black Rock Road, Newlands, WLG","NHC - 81B Black Rock Road, Newlands, Wellington, 6037, NZL",IAG New Zealand Limited,2026-06-16,WN,Shirley Wang,174.821035,-41.232287,Wellington City,True,
1502000.2830,1502000,1502000.2830,"NHC - 971 River Road, Queenwood, Hamilto","NHC - 971 River Road, Queenwood, Hamilton, Waikato, 3210, NZL",IAG New Zealand Limited,2026-06-17,TG,Zhi Chye,175.264815,-37.749083,,False,
1502000.2737,1502000,1502000.2737,"NHC - 62A Awaroa Road, Sunnyvale, AKL","NHC - 62A Awaroa Road, Sunnyvale, Auckland",IAG New Zealand Limited,2026-06-19,AK,Stefan Huszak,174.64039,-36.895075,,False,
1502000.2738,1502000,1502000.2738,"NHC - 137 Pinchgut Road, Kaukapakapa","NHC - 137 Pinchgut Road, Kaukapakapa, Auckland",IAG New Zealand Limited,2026-06-19,AK,Stefan Huszak,174.47783,-36.620802,,False,
1502000.2831,1502000,1502000.2831,"NHC - 32 Mana Street, Vogeltown, WLG","NHC - 32 Mana Street, Vogeltown, Wellington, 6021, NZL",IAG New Zealand Limited,2026-06-19,WN,Shirley Wang,174.766943,-41.314121,Wellington City,True,
1502000.2832,1502000,1502000.2832,"NHC - 32A Mana Street, Vogeltown, WLG","NHC - 32A Mana Street, Vogeltown, Wellington, 6021, NZL",IAG New Zealand Limited,2026-06-19,WN,Shirley Wang,174.766665,-41.314247,Wellington City,True,
1502000.2739,1502000,1502000.2739,"NHC - 9 The Anchorage, Whitby, Porirua","NHC - 9 The Anchorage, Whitby, Porirua, Wellington",IAG New Zealand Limited,2026-06-22,WN,Shirley Wang,174.888932,-41.107774,Porirua City,True,
1502000.2833,1502000,1502000.2833,"NHC - 20 Tai Paku Paku Road, Karaka Bays","NHC - 20 Tai Paku Paku Road, Karaka Bays, Wellington, 6022, NZL",IAG New Zealand Limited,2026-06-22,WN,Shirley Wang,174.830345,-41.307632,Wellington City,True,
1502000.2834,1502000,1502000.2834,"NHC - 79 Salford Street, Newlands, WLG","NHC - 79 Salford Street, Newlands, Wellington, 6037, NZL",IAG New Zealand Limited,2026-06-23,WN,Shirley Wang,174.81636,-41.228974,Wellington City,True,
1502000.2835,1502000,1502000.2835,"NHC - 54 Lincoln Avenue, Tawa, WLG","NHC - 54 Lincoln Avenue, Tawa, Wellington, 5028, NZL",IAG New Zealand Limited,2026-06-23,WN,Shirley Wang,174.819548,-41.169758,Wellington City,True,
1502000.2836,1502000,1502000.2836,"NHC - 97 Todman Street, Brooklyn, WLG","NHC - 97 Todman Street, Brooklyn, Wellington, 6021, NZL",IAG New Zealand Limited,2026-06-23,WN,Shirley Wang,174.759347,-41.306265,Wellington City,True,
1502000.2837,1502000,1502000.2837,"NHC - 7 Gowrie Street, Brooklyn, WLG","NHC - 7 Gowrie Street, Brooklyn, Wellington, 6021, NZL",IAG New Zealand Limited,2026-06-24,WN,Shirley Wang,174.76554,-41.311221,Wellington City,True,
1502000.2838,1502000,1502000.2838,"NHC - Flat 4, 7 Dransfield Street, WLG","NHC - Flat 4, 7 Dransfield Street, Vogeltown, Wellington, 6021, NZL",IAG New Zealand Limited,2026-06-30,WN,Shirley Wang,174.770928,-41.312678,Wellington City,True,
1502000.2839,1502000,1502000.2839,"NHC - 9 Howard Road, Northcote, Auckland","NHC - 9 Howard Road, Northcote, Auckland, 0627, NZL",IAG New Zealand Limited,2026-06-30,AK,Stefan Huszak,174.747183,-36.804669,,False,
1502000.2840,1502000,1502000.2840,"NHC - 43 Balfour Street, Mornington, WLG","NHC - 43 Balfour Street, Mornington, Wellington, 6021, NZL",IAG New Zealand Limited,2026-07-01,WN,Shirley Wang,174.767008,-41.318597,Wellington City,True,
1502000.2841,1502000,1502000.2841,"NHC - 8 Caesars Place, Churton Park, WLG","NHC - 8 Caesars Place, Churton Park, Wellington, 6037, NZL",IAG New Zealand Limited,2026-07-06,WN,Shirley Wang,174.811131,-41.20853,Wellington City,True,
1502000.2842,1502000,1502000.2842,"NHC - 39 Highbury Road, Highbury, WLG","NHC - 39 Highbury Road, Highbury, Wellington, 6012, NZL",IAG New Zealand Limited,2026-07-06,WN,Shirley Wang,174.754297,-41.293682,Wellington City,True,
1502000.2843,1502000,1502000.2843,"NHC - 41 Tane Road, Laingholm, Auckland,","NHC - 41 Tane Road, Laingholm, Auckland, 0604, NZL",IAG New Zealand Limited,2026-07-06,AK,Stefan Huszak,174.633977,-36.961195,,False,
1502000.2844,1502000,1502000.2844,"NHC - 71 Walter Road, Lowry Bay, WLG","NHC - 71 Walter Road, Lowry Bay, Lower Hutt, Wellington, 5013, NZL",IAG New Zealand Limited,2026-07-06,WN,Shirley Wang,174.914255,-41.26033,Lower Hutt City,True,
1502000.2845,1502000,1502000.2845,"NHC - 75 Walter Road, Lowry Bay, WLG","NHC - 75 Walter Road, Lowry Bay, Lower Hutt, Wellington, 5013, NZL",IAG New Zealand Limited,2026-07-06,WN,Shirley Wang,174.913675,-41.260354,Lower Hutt City,True,
1502000.2846,1502000,1502000.2846,"NHC - 25 Stour Street, Oamaru, Otago","NHC - 25 Stour Street, Oamaru, Otago, 9400, NZL",IAG New Zealand Limited,2026-07-07,WN,Shirley Wang,170.955918,-45.099996,,False,
1502000.2847,1502000,1502000.2847,"NHC - 15 Levers Road, Matua, Tauranga, B","NHC - 15 Levers Road, Matua, Tauranga, Bay of Plenty, 3110, NZL",IAG New Zealand Limited,2026-07-07,TG,Zhi Chye,176.138838,-37.663929,,False,
1502000.2848,1502000,1502000.2848,"NHC - 1647 Cape Palliser Road, WLG","NHC - 1647 Cape Palliser Road, Cape Palliser, Pirinoa, Wellington, 5772, NZL",IAG New Zealand Limited,2026-07-08,WN,Shirley Wang,175.211212,-41.473723,,False,
1502000.2849,1502000,1502000.2849,"NHC - 15 Halifax Street, Kingston, WLG","NHC - 15 Halifax Street, Kingston, Wellington, 6021, NZL",IAG New Zealand Limited,2026-07-08,WN,Shirley Wang,174.765238,-41.323999,Wellington City,True,
1502000.2850,1502000,1502000.2850,"NHC - 14 Mana Street, Vogeltown, WLG","NHC - 14 Mana Street, Vogeltown, Wellington, 6021, NZL",IAG New Zealand Limited,2026-07-08,WN,Shirley Wang,174.76675,-41.313119,Wellington City,True,
1502000.2851,1502000,1502000.2851,"NHC - 8 Ngaio Lane, Charteris Bay","NHC - 8 Ngaio Lane, Charteris Bay, Governors Bay, Canterbury, 8971, NZL",IAG New Zealand Limited,2026-07-09,WN,Shirley Wang,172.707354,-43.649325,,False,
1502000.2852,1502000,1502000.2852,"NHC - 16B Clyde Street, Oamaru North","NHC - 16B Clyde Street, Oamaru North, Oamaru, Otago, 9400, NZL",IAG New Zealand Limited,2026-07-09,WN,Shirley Wang,170.975552,-45.0848,,False,
1502000.2853,1502000,1502000.2853,"NHC - 27 Douglas Terrace, Oamaru, Otago,","NHC - 27 Douglas Terrace, Oamaru, Otago, 9400, NZL",IAG New Zealand Limited,2026-07-09,WN,Shirley Wang,170.963195,-45.100451,,False,
1502000.2854,1502000,1502000.2854,"NHC - 3 Greta Street, South Hill, Oamaru","NHC - 3 Greta Street, South Hill, Oamaru, Otago, 9400, NZL",IAG New Zealand Limited,2026-07-13,WN,Shirley Wang,170.962987,-45.100601,,False,
1502000.2855,1502000,1502000.2855,"NHC - 146 Eringa Road, Longbush, WLG","NHC - 146 Eringa Road, Longbush, Wellington, 5884, NZL",IAG New Zealand Limited,2026-07-13,WN,Shirley Wang,175.615288,-41.162072,,False,
1502000.2856,1502000,1502000.2856,"NHC - 8 Tay Street, Oamaru North, Oamaru","NHC - 8 Tay Street, Oamaru North, Oamaru, Otago, 9400, NZL",IAG New Zealand Limited,2026-07-15,WN,Shirley Wang,170.974026,-45.084442,,False,
1502000.2857,1502000,1502000.2857,"NHC - 17 Jacks Bay Road, Russell, Northl","NHC - 17 Jacks Bay Road, Russell, Northland, 0272, NZL",IAG New Zealand Limited,2026-07-17,AK,Stefan Huszak,174.210612,-35.276894,,False,
1502000.2858,1502000,1502000.2858,"NHC - 19 Aln Street, Oamaru, Otago, 9400","NHC - 19 Aln Street, Oamaru, Otago, 9400, NZL",IAG New Zealand Limited,2026-07-17,WN,Shirley Wang,170.966828,-45.096366,,False,
1502000.2859,1502000,1502000.2859,"NHC - 8 Rakau Road, Hataitai, Wellington","NHC - 8 Rakau Road, Hataitai, Wellington, 6021, NZL",IAG New Zealand Limited,2026-07-20,WN,Shirley Wang,174.799327,-41.298183,Wellington City,True,
1502000.2860,1502000,1502000.2860,"NHC - 83 Field Street, Silverstream, WLG","NHC - 83 Field Street, Silverstream, Upper Hutt, Wellington, 5019, NZL",IAG New Zealand Limited,2026-07-20,WN,Shirley Wang,175.011475,-41.154516,Upper Hutt City,True,
1502000.2861,1502000,1502000.2861,"NHC - 85 Field Street, Silverstream, WLG","NHC - 85 Field Street, Silverstream, Upper Hutt, Wellington, 5019, NZL",IAG New Zealand Limited,2026-07-20,WN,Shirley Wang,175.011562,-41.154686,Upper Hutt City,True,
1502000.2862,1502000,1502000.2862,"NHC - 16 Jane Grove, Paparangi, WLG","NHC - 16 Jane Grove, Paparangi, Wellington, 6037, NZL",IAG New Zealand Limited,2026-07-22,WN,Shirley Wang,174.820165,-41.216597,Wellington City,True,
1502000.2863,1502000,1502000.2863,"NHC - 99 Thurleigh Grove, Karori, WLG","NHC - 99 Thurleigh Grove, Karori, Wellington, 6012, NZL",IAG New Zealand Limited,2026-07-22,WN,Shirley Wang,174.717395,-41.288073,Wellington City,True,
1502000.2864,1502000,1502000.2864,"NHC - 38 Fitzmaurice Road, Waimate, Cant","NHC - 38 Fitzmaurice Road, Waimate, Canterbury, 7978, NZL",IAG New Zealand Limited,2026-07-22,WN,Shirley Wang,171.027118,-44.721138,,False,
1502000.2865,1502000,1502000.2865,"NHC - 45 Herewini Street, Tītahi Bay WLG","NHC - 45 Herewini Street, Tītahi Bay, Porirua, Wellington, 5022, NZL",IAG New Zealand Limited,2026-07-24,WN,Shirley Wang,174.840728,-41.100235,Porirua City,True,
1502000.2866,1502000,1502000.2866,"NHC - 57 Balfour Street, Mornington, WLG","NHC - 57 Balfour Street, Mornington, Wellington, 6021, NZL",IAG New Zealand Limited,2026-07-24,WN,Shirley Wang,174.767922,-41.318133,Wellington City,True,
1502000.2867,1502000,1502000.2867,"NHC - 4 Prosser Street, Green Island","NHC - 4 Prosser Street, Green Island, Dunedin, Otago, 9018, NZL",IAG New Zealand Limited,2026-07-28,WN,Shirley Wang,170.444546,-45.903808,,False,
1502000.2868,1502000,1502000.2868,"NHC - 104 Hill Road, Belmont, Lower Hutt","NHC - 104 Hill Road, Belmont, Lower Hutt, Wellington, 5010, NZL",IAG New Zealand Limited,2026-07-28,WN,Shirley Wang,174.918762,-41.185141,Lower Hutt City,True,
1502000.2869,1502000,1502000.2869,"NHC - 29 Milton Terrace, Picton","NHC - 29 Milton Terrace, Picton, Marlborough, 7220, NZL",IAG New Zealand Limited,2026-07-28,NE,John Westerson,174.017273,-41.288164,,False,
1502000.2870,1502000,1502000.2870,"NHC - 1A Warren Street, Oamaru, Otago","NHC - 1A Warren Street, Oamaru, Otago, 9400, NZL",IAG New Zealand Limited,2026-08-03,WN,Shirley Wang,170.965195,-45.095486,,False,
1502000.2871,1502000,1502000.2871,"NHC - 75A Hikumutu Road, Taumarunui, MWT","NHC - 75A Hikumutu Road, Taumarunui, Manawatu-Whanganui, 3992, NZL",IAG New Zealand Limited,2026-08-03,WN,Shirley Wang,175.259613,-38.894846,,False,
1502000.2872,1502000,1502000.2872,"NHC - 41 Sunshine Road, Taumarunui, MWT","NHC - 41 Sunshine Road, Taumarunui, Manawatu-Whanganui, 3920, NZL",IAG New Zealand Limited,2026-08-03,WN,Shirley Wang,175.264987,-38.890125,,False,
1502000.2873,1502000,1502000.2873,"NHC - 46 Glendale Crescent, Holmes Hill,","NHC - 46 Glendale Crescent, Holmes Hill, Oamaru, Otago, 9401, NZL",IAG New Zealand Limited,2026-08-03,WN,Shirley Wang,170.944358,-45.106357,,False,
1502000.2874,1502000,1502000.2874,"NHC - 62 Mercury Way, Whitby, Porirua","NHC - 62 Mercury Way, Whitby, Porirua, Wellington, 5024, NZL",IAG New Zealand Limited,2026-08-03,WN,Shirley Wang,174.884657,-41.110286,Porirua City,True,
1502000.2875,1502000,1502000.2875,"NHC - 6 Solar Terrace, Broad Bay, Dun","NHC - 6 Solar Terrace, Broad Bay, Dunedin, Otago, 9014, NZL",IAG New Zealand Limited,2026-08-04,WN,Shirley Wang,170.631075,-45.847464,,False,
1502000.2876,1502000,1502000.2876,"NHC - 117 Maungaraki Road, Korokoro, WLG","NHC - 117 Maungaraki Road, Korokoro, Lower Hutt, Wellington, 5012, NZL",IAG New Zealand Limited,2026-08-04,WN,Shirley Wang,174.868752,-41.209607,Lower Hutt City,True,
1502000.2877,1502000,1502000.2877,"NHC - 76 Motukai Road, Ngaumu, Wainuioru","NHC - 76 Motukai Road, Ngaumu, Wainuioru, Wellington, 5890, NZL",IAG New Zealand Limited,2026-08-04,WN,Shirley Wang,175.841647,-41.074005,,False,
1502000.2878,1502000,1502000.2878,"NHC - 126 Pope Street, Camborne, Porirua","NHC - 126 Pope Street, Camborne, Porirua, Wellington, 5026, NZL",IAG New Zealand Limited,2026-08-05,WN,Shirley Wang,174.868711,-41.088163,Porirua City,True,
1502000.2879,1502000,1502000.2879,"NHC - 6 Oriental Terrace, Oriental Bay","NHC - 6 Oriental Terrace, Oriental Bay, Wellington, 6011, NZL",IAG New Zealand Limited,2026-08-11,WN,Shirley Wang,174.791326,-41.292042,Wellington City,True,
1502000.2880,1502000,1502000.2880,"NHC - 19 Te Miha Crescent, Cape Palliser","NHC - 19 Te Miha Crescent, Cape Palliser, Pirinoa, Wellington, 5772, NZL",IAG New Zealand Limited,2026-08-11,WN,Shirley Wang,175.210859,-41.47464,,False,
1502000.2881,1502000,1502000.2881,"NHC - 91 Mill Road, Lower Vogeltown, TKI","NHC - 91 Mill Road, Lower Vogeltown, New Plymouth, Taranaki, 4310, NZL",IAG New Zealand Limited,2026-08-14,WN,Shirley Wang,174.074604,-39.069112,,False,
1502000.2883,1502000,1502000.2883,"NHC - 45 Francis Curtis Avenue, Auckland","NHC - 45 Francis Curtis Avenue, Blockhouse Bay, Auckland, 0600, NZL",IAG New Zealand Limited,2026-08-17,AK,Stefan Huszak,174.709139,-36.922712,,False,
1502000.2884,1502000,1502000.2884,"NHC - 14 Gladstone Road North, Mosgiel,","NHC - 14 Gladstone Road North, Mosgiel, Otago, 9024, NZL",IAG New Zealand Limited,2026-08-20,WN,Shirley Wang,170.355813,-45.886284,,False,
1502000.2885,1502000,1502000.2885,"NHC - 1651 Cape Palliser Road, Pirinoa","NHC - 1651 Cape Palliser Road, Cape Palliser, Pirinoa, Wellington, 5772, NZL",IAG New Zealand Limited,2026-08-20,WN,Shirley Wang,175.210945,-41.473931,,False,
1502000.2886,1502000,1502000.2886,"NHC - 6 Durham Avenue, Welbourn Taranaki","NHC - 6 Durham Avenue, Welbourn, New Plymouth, Taranaki, 4312, NZL",IAG New Zealand Limited,2026-08-20,WN,Shirley Wang,174.095631,-39.076145,,False,
1502000.2887,1502000,1502000.2887,"NHC - 11 Renoir Avenue, Belmont, WLG","NHC - 11 Renoir Avenue, Belmont, Lower Hutt, Wellington, 5010, NZL",IAG New Zealand Limited,2026-08-31,WN,Shirley Wang,174.918514,-41.190347,Lower Hutt City,True,
1502000.2888,1502000,1502000.2888,"NHC - 42 Andrews Road, Queenstown, Otago","NHC - 42 Andrews Road, Queenstown, Otago, 9300, NZL",IAG New Zealand Limited,2026-08-31,WN,Shirley Wang,168.689033,-45.026838,,False,
1502000.2889,1502000,1502000.2889,"NHC - 6 MacKinnon Terrace, Sunshine Bay.","NHC - 6 MacKinnon Terrace, Sunshine Bay, Queenstown, Otago, 9300, NZL",IAG New Zealand Limited,2026-09-01,WN,Shirley Wang,168.627047,-45.042353,,False,
1502000.2890,1502000,1502000.2890,"NHC - 281 Upper Waiwera Road, Puhoi 0994","NHC - 281 Upper Waiwera Road, Puhoi 0994",IAG New Zealand Limited,2026-09-01,AK,Stefan Huszak,174.2287,-40.8803,,False,
1502000.2891,1502000,1502000.2891,"NHC - 85 Omata Road, Marfell, Taranaki","NHC - 85 Omata Road, Marfell, New Plymouth, Taranaki, 4310, NZL",IAG New Zealand Limited,2026-09-11,WN,Shirley Wang,174.04606,-39.07688,,False,
1502000.0000,1502000,1502000.0000,IAG Insurance Claims,IAG Insurance Claims,IAG New Zealand Limited,2026-09-30,AK,Hamish Maclean,174.77206485800002,-41.26331340599995,Wellington City,True,
