project_number_full,programme,subproject,project_name,project_long_name,client,start_date,owning_office,project_manager,lon,lat,ta_name,in_study_area,name_event_hint
0086101.6769,0086101,86101.6769,MAIDAVALERD116B-EQC,"EQC Claim No. 2016/016769 - 116b Maida Vale Road, Roseneath, Wellington- EQC Landslip assessment following November event",,2016-11-16,WN,Robert Frost,174.801782,-41.293382,Wellington City,True,
0086101.6771,0086101,86101.6771,BALFOURST43-EQC,"EQC Claim No. 2016/016771 - 43 Balfour Street, MorningtonWellington - EQC Landslip assessment following November event",,2016-11-16,WN,Robert Frost,174.766949,-41.318617,Wellington City,True,
0086101.6773,0086101,86101.6773,COLUMBIAWAY12-EQC,"EQC Claim No. 2016/016773 - 12 Columbia Way, Berhampore, Wellington- EQC Landslip assessment following November event",,2016-11-16,WN,Robert Frost,174.762014,-41.322442,Wellington City,True,
0086101.6798,0086101,86101.6798,MAIRANGIRD115-EQC,"EQC Claim No. 2016/016798 - 115 Mairangi Road, Wadestown, Wellington - EQC Landslip assessment following November event",,2016-11-16,WN,Robert Frost,174.767556,-41.266115,Wellington City,True,
0086101.6809,0086101,86101.6809,PARKVALERD137-EQC,"EQC Claim No. 2016/016809 - 137 Parkvale Road, Karori, Wellington- EQC Landslip assessment following November event",,2016-11-16,WN,Robert Frost,174.735188,-41.276951,Wellington City,True,
0086101.6810,0086101,86101.6810,BALFOURST54A-EQC,"EQC Claim No. 2016/016810 - 54a Balfour Street, Mornington,Wellington - EQC Landslip assessment following November event",,2016-11-16,WN,Robert Frost,174.768882,-41.318092,Wellington City,True,
0086101.7390,0086101,86101.7390,INGESTREST9-EQC,"EQC Claim No. 2016/017390 - 9 Ingestre Street, Vogeltown, Wellington - EQC Landslip assessment following November event",,2016-11-16,WN,Robert Frost,174.768296,-41.3158,Wellington City,True,
0086101.8486,0086101,86101.8486,MILITARYRD1-EQC,"EQC Claim No. 2016/018486 - 1 Military Road, Northland, Wellington - EQC Landslip assessment following November event",,2016-11-16,WN,Robert Frost,174.760301,-41.279425,Wellington City,True,
0086101.8562,0086101,86101.8562,THULEST7-EQC,"EQC Claim No. 2016/018562 - 7 Thule Street, Aro Valley, Wellington - EQC Landslip assessment following November event",,2016-11-16,WN,Robert Frost,174.75964,-41.292172,Wellington City,True,
0086101.9245,0086101,86101.9245,OWHIROBAYPDE66-EQC,"EQC Claim No. 2016/019245 - 66 Owhiro Bay Parade, Wellington - EQC Landslip assessment following November event",,2016-11-16,WN,Robert Frost,174.758249,-41.344158,Wellington City,True,
0086101.9441,0086101,86101.9441,RAWHITIST41-EQC,"EQC Claim No. 2016/019441 - 41 Rawhiti Street, Lower Hutt - EQC Landslip assessment following November event",,2016-11-16,WN,Robert Frost,174.97842,-41.17173,Lower Hutt City,True,
0086101.9486,0086101,86101.9486,OWHIROBAYPDE64-EQC,"EQC Claim No. 2016/019486 - 64 Owhiro Bay Parade, Owhiro Bay, Wellington - EQC Landslip assessment following November event",,2016-11-16,WN,Robert Frost,174.758139,-41.344405,Wellington City,True,
0086101.9610,0086101,86101.9610,SPINNAKERDR66-EQC,"EQC Claim No. 2016/019610 - 66 Spinnaker Drive, Whitby, Porirua - EQC Landslip assessment following November event",,2016-11-16,WN,Robert Frost,174.888969,-41.109873,Porirua City,True,
0871351.6463,0871351,871351.6463,TOWAI35-EQC,"Geotechnical services -  CLM2016/016463 (Gary Amos) 35 Towai Street, Nelson",,2016-11-16,NE,Marcus Lovell,173.243632,-41.308096,,False,
0871351.8037,0871351,871351.8037,HampdenSt-282-EQC2016,"Geotechnical services -  CLM2016/018037 (Simon Martin) 282 Hampden St, Nelson",,2016-11-16,NE,Marcus Lovell,173.280064,-41.286177,,False,2016
0871351.9477,0871351,871351.9477,AtholSt-17-EQC2016,"Geotechnical services -  CLM2016/019477 (Yorkshire Trust) 17 Athol Street, Nelson",,2016-11-16,NE,Marcus Lovell,173.362849,-41.187515,,False,2016
0871352.2980,0871352,871352.2980,SH6-4967-EQC2016,"Geotechnical services -  CLM2016/022980 (Maria Triffitt) 4967 SH 6, Canvastown, Havelock",,2016-11-16,NE,Marcus Lovell,173.675589,-41.290928,,False,2016
0871352.3834,0871352,871352.3834,MaoriPaRd-60-EQC2016,"Geotechnical services -  CLM2016/023834 (Christopher Phillips) 60 Maori Pa Road, Delaware Bay",,2016-11-16,NE,Marcus Lovell,173.418972,-41.190072,,False,2016
0086101.8029,0086101,86101.8029,SUTHERLANDCRES29-EQC,"EQC Claim No. 2016/018029 - 29 Sutherland Crescent, Melrose, Wellington - EQC Landslip assessment following November event",,2016-11-17,WN,Robert Frost,174.787352,-41.324134,Wellington City,True,
0086101.9099,0086101,86101.9099,ESKDALERD2/75-EQC,"EQC Claim No. 2016/019099 - 2/75 Eskdale Rd, Papakowhai, Porirua 5024 - EQC Landslip assessment following November event",,2016-11-17,WN,Robert Frost,174.870001,-41.112053,Porirua City,True,
0086101.9143,0086101,86101.9143,LIVETPL8-EQC,"EQC Claim No. 2016/019143 - 8 Livet Place,Papakowhai, Porirua 5024 - EQC Landslip assessment following November event",,2016-11-17,WN,Robert Frost,174.870555,-41.111419,Porirua City,True,
0086101.9703,0086101,86101.9703,RAROARD136-EQC,"EQC Claim No. 2016/019703 - 136 Raroa Road, Aro Valley, Wellington - EQC Landslip assessment following November event",,2016-11-17,WN,Robert Frost,174.759069,-41.292204,Wellington City,True,
0086101.1094,0086101,86101.1094,HERETAUNGASQ74B-EQC,"EQC Claim No. 2016/021094 - 74b Heretaunga Square, Silverstream, Wellington- EQC Landslip assessment following November event",,2016-11-18,WN,Robert Frost,175.022267,-41.145768,Upper Hutt City,True,
0086101.6733,0086101,86101.6733,OMARST22-EQC,"EQC Claim No. 2016/016733 - 22 Omar Street, Khandallah, Wellington- EQC Landslip assessment following November event",,2016-11-18,WN,Robert Frost,174.796272,-41.240297,Wellington City,True,
0086101.8794,0086101,86101.8794,WYEST25A-EQC,"EQC Claim No. 2016/018794 - 25a Wye Street, Island Bay, Wellington- EQC Landslip assessment following November event",,2016-11-18,WN,Robert Frost,174.764734,-41.340546,Wellington City,True,
0086101.9768,0086101,86101.9768,FLIGHTYSRD234D-EQC,"EQC Claim No. 2016/019768 - 234d Flightys Road, Judgeford, Porirua- EQC Landslip assessment following November event",,2016-11-18,WN,Robert Frost,174.941411,-41.097794,Porirua City,True,
0086101.9916,0086101,86101.9916,HAPPYVALLEYRD133-EQC,"EQC Claim No. 2016/019916 - 133 Happy Valley Road, Owhiro Bay, Wellington- EQC Landslip assessment following November event",,2016-11-18,WN,Robert Frost,174.759394,-41.337788,Wellington City,True,
0086101.6766,0086101,86101.6766,EVANSBAYPDE128A-EQC,"EQC CLM No. 2016/016766 – 128A Evans Bay Parade, Roseneath, Wellington 6021 - EQC Landslip assessment following November 2016 rainfall event.",,2016-11-22,WN,Robert Frost,174.803065,-41.294142,Wellington City,True,
0086101.6774,0086101,86101.6774,VALLEYST12-EQC,"EQC CLM No. 2016/016774 – 12 Valley St, Island Bay, Wellington, 6023 - EQC Landslip assessment following November 2016 rainfall event.",,2016-11-22,WN,Robert Frost,174.766237,-41.345948,Wellington City,True,
0086101.6911,0086101,86101.6911,HUNGERFORDRD5-EQC,"EQC CLM No. 2016/016911 - 5 Hungerford Rd, Lyall Bay, Wellington, 6022 - EQC Landslip assessment following November 2016 rainfall event.",,2016-11-22,WN,Robert Frost,174.791609,-41.339,Wellington City,True,
0086101.9127,0086101,86101.9127,LOGIEST46-EQC,"EQC Claim No. 2016/019127 - 46 Logie St, Stokes Valley. Lower Hutt 5019 - EQC Landslip assessment following November event",,2016-11-22,WN,Robert Frost,174.977924,-41.172795,Lower Hutt City,True,
0086101.9129,0086101,86101.9129,SCHOOLRD9D-EQC,"EQC Claim No. 2016/019129 - 9D School Rd, Plimmerton, Porirua 5024 - EQC Landslip assessment following November event",,2016-11-22,WN,Robert Frost,174.865681,-41.080961,Porirua City,True,
0086101.9400,0086101,86101.9400,MOONRAKERPL14-EQC,"EQC CLM: 2016/019400 – 14 Moonraker Pl, Whitby, Porirua 5024 - EQC land damage assessment following November 2016 rainfall event",,2016-11-22,WN,Robert Frost,174.876933,-41.114468,Porirua City,True,
0086101.9567,0086101,86101.9567,HAPPYVALLEYRD56A-EQC,"EQC Claim No. 2016/019567 - 56A Happy Valley Rd,  Owhiro Bay, Wellington 6023 - EQC Landslip assessment following November event",,2016-11-22,WN,Robert Frost,174.76022,-41.341741,Wellington City,True,
0086101.9699,0086101,86101.9699,CAMERONST48-EQC,"EQC Claim No. 2016/019699 - 48 Cameron Street, Wellington - EQC Landslip asssessment following November event",,2016-11-22,WN,Robert Frost,174.791822,-41.25743,Wellington City,True,
0086101.9701,0086101,86101.9701,CAMERONST50-EQC,"EQC Claim No. 2016/019701 - 50 Cameron St,  Kaiwharawhara, Wellington 6023 - EQC Landslip assessment following November event",,2016-11-22,WN,Robert Frost,174.791841,-41.257316,Wellington City,True,
0086101.9991,0086101,86101.9991,PAREMATARD156-EQC,"EQC Claim No. 2016/019991 - 156 Paramatta Rd,  Porirua 5024 - EQC Landslip assessment following November event",,2016-11-22,WN,Robert Frost,174.879376,-41.103799,Porirua City,True,
0086102.0853,0086102,86102.0853,TAUPOCRES11-EQC,"EQC Claim No. 2016/020853 - 11 Taupo Crescent, Plimmerton, Porirua - EQC Landslip asssessment following November event",,2016-11-22,WN,Robert Frost,174.871157,-41.087496,Porirua City,True,
0086102.1162,0086102,86102.1162,RAWHITIST39-EQC,"EQC Claim No. 2016/021162 - 39 Rawhiti St, Stokes Valley. Lower Hutt 5019 - EQC Landslip assessment following November event",,2016-11-22,WN,Robert Frost,174.97856,-41.17175,Lower Hutt City,True,
0086102.1367,0086102,86102.1367,MOONRAKERPL10-EQC,"EQC CLM: 2016/021367 – 10 Moonraker Pl, Whitby, Porirua 5024 - EQC land damage assessment following November 2016 rainfall event",,2016-11-22,WN,Robert Frost,174.876942,-41.114101,Porirua City,True,
0086102.2631,0086102,86102.2631,ESPLANADE218-EQC,"EQC CLM No. 2016/022631 - 218 The Esplanade, Island Bay, Wellington, 6023 - EQC Landslip assessment following November 2016 rainfall event.",,2016-11-22,WN,Robert Frost,174.774896,-41.343719,Wellington City,True,
0086101.9116,0086101,86101.9116,THECAMPANIONWAY48-EQC,"EQC Claim No. 2016/019116 - 48 The Campanionway, Whitby, Porirua - EQC Landslip asssessment following November event",,2016-11-23,WN,Robert Frost,174.889957,-41.114595,Porirua City,True,
0086101.9235,0086101,86101.9235,FORTHPL25-EQC,"EQC Claim No. 2016/019235 - 25 Forth Place, Papakowhai, Porirua - EQC Landslip asssessment following November event",,2016-11-23,WN,Robert Frost,174.864296,-41.109698,Porirua City,True,
0086101.9313,0086101,86101.9313,THELAYLINE15-EQC,"EQC Claim No. 2016/019313 - 15 The Layline, Whitby, Porirua - EQC Landslip asssessment following November event",,2016-11-23,WN,Robert Frost,174.892801,-41.106386,Porirua City,True,
0086101.9534,0086101,86101.9534,KAHURD137-EQC,"EQC Claim No. 2016/019534 - 137 Kahu Road, Paremata, Porirua - EQC Landslip asssessment following November event",,2016-11-23,WN,Robert Frost,174.879399,-41.107802,Porirua City,True,
0086101.9776,0086101,86101.9776,KAHURD103-EQC,"EQC Claim No. 2016/019776 - 103 Kahu Road, Paremata, Porirua - EQC Landslip asssessment following November event",,2016-11-23,WN,Robert Frost,174.878609,-41.107982,Porirua City,True,
0086101.9801,0086101,86101.9801,AIRLIERD104-EQC,"EQC Claim No. 2016/019801- 104 Airlie Road, Plimmerton, Porirua - EQC Landslip asssessment following November event",,2016-11-23,WN,Robert Frost,174.858942,-41.067729,Porirua City,True,
0086101.9872,0086101,86101.9872,SEVERNST146-EQC,"EQC Claim No. 2016/019872- 146 Severn Street, Island Bay, Wellington - EQC Landslip asssessment following November event",,2016-11-23,WN,Robert Frost,174.762869,-41.345505,Wellington City,True,
0086101.9958,0086101,86101.9958,MOONRAKERPL12-EQC,"EQC Claim No. 2016/019958 - 12 Moonraker Place, Whitby, Porirua - EQC Landslip asssessment following November event",,2016-11-23,WN,Robert Frost,174.877032,-41.114311,Porirua City,True,
0086101.9984,0086101,86101.9984,LEEWARDDR31-EQC,"EQC Claim No. 2016/019984 - 31 Leeward Drive, Whitby, Porirua - EQC Landslip asssessment following November event",,2016-11-23,WN,Robert Frost,174.886026,-41.107049,Porirua City,True,
0086102.0102,0086102,86102.0102,ARAPIKOST12-EQC,"EQC Claim No. 2016/020102 - 12 Arapiko Street, Johnsonville, Wellington - EQC Landslip asssessment following November event",,2016-11-23,WN,Robert Frost,174.795226,-41.229559,Wellington City,True,
0086102.0141,0086102,86102.0141,ACHERONST1-8/24-EQC,"EQC Claim No. 2016/020141 - 1-8/24 Acheron Road, Paremata, Porirua - EQC Landslip asssessment following November event",,2016-11-23,WN,Robert Frost,174.870338,-41.092353,Porirua City,True,
0086102.0185,0086102,86102.0185,THORBYST12-EQC,"EQC Claim No. 2016/020185 - 12 Thorby Street, Northland, Wellington - EQC Landslip asssessment following November event",,2016-11-23,WN,Robert Frost,174.756054,-41.286345,Wellington City,True,
0086102.0591,0086102,86102.0591,LEEWARDDR15-EQC,"EQC Claim No. 2016/020591 - 15 Leeward Drive, Whitby, Porirua - EQC Landslip asssessment following November event",,2016-11-23,WN,Robert Frost,174.887188,-41.106339,Porirua City,True,
0086102.0639,0086102,86102.0639,BOSUNTER45-EQC,"EQC Claim No. 2016/020639 - 45 Bosun Terrace, Whitby, Porirua - EQC Landslip asssessment following November event",,2016-11-23,WN,Robert Frost,174.885837,-41.106295,Porirua City,True,
0086102.0735,0086102,86102.0735,CLUNYRD14-EQC,"EQC Claim No. 2016/020735 - 14 Cluny Road, Plimmerton, Porirua - EQC Landslip asssessment following November event",,2016-11-23,WN,Robert Frost,174.859555,-41.072578,Porirua City,True,
0086102.1166,0086102,86102.1166,BOSUNTER43-EQC,"EQC Claim No. 2016/021166 - 43 Bosun Terrace, Whitby, Porirua - EQC Landslip asssessment following November event",,2016-11-23,WN,Robert Frost,174.885781,-41.106285,Porirua City,True,
0086102.1866,0086102,86102.1866,SEVERNST148-EQC,"EQC Claim No. 2016/021866 - 148 Severn Street, Island Bay, Wellington - EQC Landslip asssessment following November event",,2016-11-23,WN,Robert Frost,174.762826,-41.345625,Wellington City,True,
0086102.2208,0086102,86102.2208,CLUNYRD48-EQC,"EQC Claim No. 2016/022208- 48 Cluny Road, Plimmerton, Porirua - EQC Landslip asssessment following November event",,2016-11-23,WN,Robert Frost,174.859931,-41.070271,Porirua City,True,
0086102.4256,0086102,86102.4256,THORBYST10-EQC,"EQC Claim No. 2016/024256 - 10 Thorby Street, Northland, Wellington - EQC Landslip asssessment following November event",,2016-11-23,WN,Robert Frost,174.756194,-41.286345,Wellington City,True,
0086101.8915,0086101,86101.8915,FAIRBURNGRV13-EQC,"EQC Claim No. 2016/018915 - 13 Fairburn Grove, Johnsonville, Wellington - EQC Landslip assessment following November event",,2016-11-25,WN,Robert Frost,174.795111,-41.225392,Wellington City,True,
0086101.9065,0086101,86101.9065,OVERTOUNTER127-EQC,"EQC Claim No. 2016/019065 - 127 Overtoun Ter, Hataitai - EQC Landslip assessment following November event",,2016-11-25,WN,Robert Frost,174.794753,-41.311319,Wellington City,True,
0086101.9251,0086101,86101.9251,RAROARD32-EQC,"EQC Claim No. 2016/019251 - 32 Raroa Rd, Kelburn, Wellington - EQC Landslip assessment following November event",,2016-11-25,WN,Robert Frost,174.756652,-41.289059,Wellington City,True,
0086102.0016,0086102,86102.0016,OAKAV3-EQC,"EQC Claim No. 2016/020016 - 3 Oak Av, Paremata, Porirua - EQC Landslip assessment following November event",,2016-11-25,WN,Robert Frost,174.878496,-41.104471,Porirua City,True,
0086102.0033,0086102,86102.0033,ARAGONGRV14-EQC,"EQC Claim No. 2016/020033 - 14 Aragon Grv, Kingsley Heights, Upper Hutt - EQC Landslip assessment following November event",,2016-11-25,WN,Robert Frost,175.084808,-41.125205,Upper Hutt City,True,
0086102.2506,0086102,86102.2506,STANDREWSRD150-EQC,"EQC Claim No. 2016/022506 - 150 St Andrews Rd, Plimmerton, Porirua 5024 - EQC Landslip assessment following November event",,2016-11-25,WN,Robert Frost,174.867106,-41.088747,Porirua City,True,
0086102.5839,0086102,86102.5839,ARAGONGR8-EQC,"EQC Claim No. 2016/025839 - 8 Aragon Grove, Kingsley Heights, Wellington - EQC Landslip asssessment following November event",,2016-11-25,WN,Robert Frost,175.084798,-41.124933,Upper Hutt City,True,
0086101.6728,0086101,86101.6728,WHITELINEEAST233-EQC,"EQC Claim No. 2016/016728 - 233 White Line East, Waiwhetu, Lower Hutt - EQC Landslip assessment following November event",,2016-11-27,WN,Robert Frost,174.926116,-41.22656,Lower Hutt City,True,
0086101.6770,0086101,86101.6770,BUCHANANST18-EQC,"EQC Claim No. 2016/016770 - 18 Buchanan Street, Wadestown, Wellington - EQC Landslip assessment following November event",,2016-11-27,WN,Robert Frost,174.778056,-41.260315,Wellington City,True,
0086101.6775,0086101,86101.6775,ARAWARD19-EQC,"EQC Claim No. 2016/016775 - 19 Arawa Rd. Hataitai, Wellington - EQC Landslip asssessment following September event",,2016-11-27,WN,Robert Frost,174.801299,-41.298873,Wellington City,True,
0086101.6776,0086101,86101.6776,THERINGI8 -EQC,"EQC Claim No: 2016/016776 - 8 The Rigi, Northland, Wellington - EQC Landslip Assessment following November event",,2016-11-27,WN,Robert Frost,174.758525,-41.285127,Wellington City,True,
0086101.6777,0086101,86101.6777,LYNMOUTHAVE38-EQC,"EQC Claim No: 2016/016777 - 38 Lynmouth Avenue, Karori, Wellington - EQC Landslip Assessment following November event",,2016-11-27,WN,Robert Frost,174.730522,-41.29052,Wellington City,True,
0086101.8443,0086101,86101.8443,TIRETIRD87-EQC,"EQC Claim No. 2016/018443 - 87 Tireti Road, Titahi Bay, Porirua - EQC Landslip assessment following November event",,2016-11-27,WN,Robert Frost,174.829701,-41.110509,Porirua City,True,
0086101.8902,0086101,86101.8902,STAIDANSWAY14-EQC,"EQC Claim No. 2016/018902 - 14 ST AIDANS WAY. TAWA, Wellington - EQC Landslip asssessment following November 2016 storm event",,2016-11-27,WN,Robert Frost,174.825395,-41.159087,Wellington City,True,
0086101.9056,0086101,86101.9056,ENDEAVOURDR131A-EQC,"EQC Claim No. 2016/019056 - 131a Endeavour Drive, Whitby, Porirua - EQC Landslip assessment following November event",,2016-11-27,WN,Robert Frost,174.913042,-41.113923,Porirua City,True,
0086101.9552,0086101,86101.9552,OVERTOUNTCE125-EQC,"EQC Claim No. 2016/019552 - 125 Overtoun Terrace, Hataitai, Wellington - EQC Landslip assessment following November event",,2016-11-27,WN,Robert Frost,174.794803,-41.31122,Wellington City,True,
0086101.9617,0086101,86101.9617,BOTANYLANE9-EQC,"EQC Claim No. 2016/019617 - 9 Botany Lane, Whitby, Porirua - EQC Landslip assessment following November event",,2016-11-27,WN,Robert Frost,174.91152,-41.112912,Porirua City,True,
0086102.1948,0086102,86102.1948,PREBBLEGRV11-EQC,"EQC Claim No. 2016/021948 - 11 Prebble Grove, Naenae, Lower Hutt - EQC Landslip assessment following November event",,2016-11-27,WN,Robert Frost,174.965153,-41.197759,Lower Hutt City,True,
0086102.2033,0086102,86102.2033,PARKLANDSDR15-EQC,"EQC Claim No: 2016/022033 - 15 Parklands Dr, Karori, Wellington - EQC Landslip Assessment following November event",,2016-11-27,WN,Robert Frost,174.726826,-41.290208,Wellington City,True,
0086102.3185,0086102,86102.3185,CASTLECRES30-EQC,"EQC Claim No. 2016/023185 - 30 Castle Crescent, Stokes Valley, Lower Hutt - EQC Landslip assessment following November event",,2016-11-27,WN,Robert Frost,174.984226,-41.160866,Lower Hutt City,True,
0086102.3417,0086102,86102.3417,HUNGERFORDRD31-EQC,"EQC Claim No. 2016/023417 - 31 Hungerford Road, Lyall Bay, Wellington - EQC Landslip assessment following November event",,2016-11-27,WN,Robert Frost,174.790464,-41.339883,Wellington City,True,
0086102.4867,0086102,86102.4867,DALTONGRV20-EQC,"EQC Claim No. 2016/024867 - 20 Dalton Grove, Stokes Valley, Lower Hutt - EQC Landslip assessment following November event",,2016-11-27,WN,Robert Frost,174.985369,-41.185781,Lower Hutt City,True,
0086101.9054,0086101,86101.9054,TEPARIPARIRF14-EQC,"EQC Claim No. 2016/09054- 14 Te Pari Pari Road, Pukera Bay, Porirua - EQC Landslip assessment following November event",,2016-11-28,WN,Robert Frost,174.897095,-41.031682,Porirua City,True,
0086101.9165,0086101,86101.9165,SPRITSAILPL6-EQC,"EQC Claim No. 2016/019165- 6 Spritsail Place, Whitby, Porirua - EQC Landslip assessment following November event",,2016-11-28,WN,Robert Frost,174.875913,-41.111878,Porirua City,True,
0086101.9267,0086101,86101.9267,BURMARD134-EQC,"134 Burma Road, Johnsonville, Wellington",,2016-11-28,WN,Christopher Sandoval,174.796942,-41.238841,Wellington City,True,
0086101.9521,0086101,86101.9521,BRAZIERGRV10-EQC,"EQC Claim No. 2016/019521- 10 Brazier Grove, Paraparaumu - EQC Landslip assessment following November event",,2016-11-28,WN,Robert Frost,175.007183,-40.925933,,False,
0086102.0401,0086102,86102.0401,KENEFRD8-EQC,"EQC Claim No. 2016/020401- 8 Kenef Road, Paremata, Porirua - EQC Landslip assessment following November event",,2016-11-28,WN,Robert Frost,174.877578,-41.106364,Porirua City,True,
0086102.1027,0086102,86102.1027,CAVERD36-EQC,"EQC Claim No. 2016/021027 - 36 Cave Road, Houghton Bay, Wellington - EQC Landslip assessment following November event",,2016-11-28,WN,Robert Frost,174.782372,-41.340812,Wellington City,True,
0086102.1158,0086102,86102.1158,CITYVIEWGRV32-EQC,"EQC Claim No. 2016/021158- 32 City View Grove, Harbour View, Lower Hutt - EQC Landslip assessment following November event",,2016-11-28,WN,Robert Frost,174.899506,-41.203057,Lower Hutt City,True,
0086102.2260,0086102,86102.2260,MOST17-EQC,"EQC Claim No. 2016/022260- 17 Mo Street, Camborne, Porirua - EQC Landslip assessment following November event",,2016-11-28,WN,Robert Frost,174.874244,-41.084772,Porirua City,True,
0086102.3380,0086102,86102.3380,DERWENTST184A-EQC,"EQC Claim No. 2016/022380- 184A Derwent Street, Island Bay, Wellington - EQC Landslip assessment following November event",,2016-11-28,WN,Robert Frost,174.768838,-41.343415,Wellington City,True,
0086102.4344,0086102,86102.4344,SPRITSAILPL8-EQC,"EQC Claim No. 2016/024344 - 8 Spritsail Place, Whitby, Porirua - EQC Landslip assessment following November event",,2016-11-28,WN,Robert Frost,174.875855,-41.112025,Porirua City,True,
0086102.6932,0086102,86102.6932,MOST19-EQC,"EQC Claim No. 2016/026932- 19 Mo Street, Camborne, Porirua - EQC Landslip assessment following November event",,2016-11-28,WN,Robert Frost,174.874208,-41.084615,Porirua City,True,
0086101.6772,0086101,86101.6772,PONSONBYRD16-EQC,"EQC Claim No. 2016/016772 - 16 Ponsonby Road, Karori, Wellington - EQC Landslip assessment following November event",,2016-11-29,WN,Robert Frost,174.750714,-41.284518,Wellington City,True,
0086101.8542,0086101,86101.8542,WATSONST8-EQC,"EQC Claim No. 2016/018542 - 8 Watson Street, Te Aro, Wellington - EQC Landslip assessment following November event",,2016-11-29,WN,Robert Frost,174.770306,-41.293715,Wellington City,True,
0086101.9070,0086101,86101.9070,HORNSEYRD39-EQC,"EQC Claim No. 2016/019070 - 39 Hornsey Road, Melrose, Wellington - EQC Landslip assessment following November event",,2016-11-29,WN,Robert Frost,174.786537,-41.326814,Wellington City,True,
0086101.9403,0086101,86101.9403,HANSONST172-EQC,"EQC Claim No. 2016/019403 - 172 Hanson Street, Newtown, Wellington - EQC Landslip assessment following November event",,2016-11-29,WN,Robert Frost,174.7753,-41.311872,Wellington City,True,
0086102.0076,0086102,86102.0076,HORNSEYRD70-EQC,"EQC Claim No. 2016/020076 - 70 Hornsey Road, Melrose, Wellington - EQC Landslip assessment following November event",,2016-11-29,WN,Robert Frost,174.786998,-41.331448,Wellington City,True,
0086102.0280,0086102,86102.0280,JACKSONST14-EQC,"EQC Claim No. 2016/0120280 - 14 Jackson Street, Island Bay, Wellington - EQC Landslip assessment following November event",,2016-11-29,WN,Robert Frost,174.777544,-41.330699,Wellington City,True,
0086102.0570,0086102,86102.0570,MARNEGRV21-EQC,"EQC Claim No. 2016/020570 - 21 Marne Grove, Waitangirua, Porirua - EQC Landslip assessment following November event",,2016-11-29,WN,Robert Frost,174.884176,-41.135204,Porirua City,True,
0086102.1070,0086102,86102.1070,FURNEAUXGRV7-EQC,"EQC Claim No. 2016/021070 - 7 Furneaux Grove, Whitby, Porirua - EQC Landslip assessment following November event",,2016-11-29,WN,Robert Frost,174.8945,-41.122989,Porirua City,True,
0086102.1071,0086102,86102.1071,RARANGIWAY36-EQC,"EQC Claim No. 2016/021071 - 36 Rarangi Wai, Owhiro Bay, Wellington - EQC Landslip assessment following November event",,2016-11-29,WN,Robert Frost,174.755778,-41.333697,Wellington City,True,
0086102.2781,0086102,86102.2781,OHIRORD413-EQC,"EQC Claim No. 2016/022781 - 413 Ohiro Road, Brooklyn Wellington - EQC Landslip assessment following November event",,2016-11-29,WN,Robert Frost,174.76096,-41.317797,Wellington City,True,
0086102.3220,0086102,86102.3220,RAKAURD115-EQC,"EQC Claim No. 2016/023220 - 115 Rakau Road, Hataitai, Wellington - EQC Landslip assessment following November event",,2016-11-29,WN,Robert Frost,174.793765,-41.30156,Wellington City,True,
0086102.3295,0086102,86102.3295,PAEKAKARIKIHILL776-EQC,"EQC Claim No. 2016/023295 - 776 Paekakariki Hill Road, Paekakariki Hill, Porirua - EQC Landslip assessment following November event",,2016-11-29,WN,Robert Frost,174.933613,-41.047049,Porirua City,True,
0086102.4307,0086102,86102.4307,HAPPYVALLEYRD101-EQC,"EQC Claim No. 2016/024307 - 101 Happy Valley Road, Owhiro Bay, Wellington - EQC Landslip assessment following November event",,2016-11-29,WN,Robert Frost,174.76003,-41.339413,Wellington City,True,
0086102.5782,0086102,86102.5782,WASHINGTONAVE26-EQC,"EQC Claim No. 2016/025782 - 26 Washington Ave, Brooklyn Wellington - EQC Landslip assessment following November event",,2016-11-29,WN,Robert Frost,174.766778,-41.304117,Wellington City,True,
0086102.1617,0086102,86102.1617,PAREMATACRES2-EQC,"EQC Claim No. 2016/021617 - 2 Paremata Crescent, Paremata, Porirua - EQC Landslip asssessment following November event",,2016-11-30,WN,Robert Frost,174.865625,-41.107979,Porirua City,True,
0086101.8750,0086101,86101.8750,CECILRD91-EQC,"EQC Claim No. 2016/018750 - 91 Cecil Road, Wadestown, Wellington - EQC Landslip asssessment following November event",,2016-12-01,WN,Robert Frost,174.770157,-41.26522,Wellington City,True,
0086102.0630,0086102,86102.0630,MANAVIEWRD60-EQC,"EQC Claim No. 2016/020630 - 60 Mana View Road, Paremata, Porirua - EQC Landslip asssessment following November event",,2016-12-01,WN,Robert Frost,174.87308,-41.093752,Porirua City,True,
0086102.1346,0086102,86102.1346,ADMIRALTYST7-EQC,"EQC Claim No. 2016/021346 - 7 Admiralty Street, Crofton Downs, Wellington - EQC Landslip asssessment following November event",,2016-12-01,WN,Robert Frost,174.760851,-41.260623,Wellington City,True,
0086102.2125,0086102,86102.2125,ACHERONRD17-EQC,"EQC Claim No. 2016/022125 - 17 Acheron Road, Paremata, Porirua - EQC Landslip asssessment following November event",,2016-12-01,WN,Robert Frost,174.869546,-41.092036,Porirua City,True,
0086102.2635,0086102,86102.2635,HAYST6-EQC,"EQC Claim No. 2016/022635 - 6 Hay Street, Oriental Bay, Wellington - EQC Landslip asssessment following November event",,2016-12-01,WN,Robert Frost,174.90303521900012,-41.11276039399996,Porirua City,True,
0086102.2763,0086102,86102.2763,MIDDLETONRD59-EQC,"EQC Claim No. 2016/022763 - 59 Middleton Road, Johnsonville, Wellington - EQC Landslip asssessment following November event",,2016-12-01,WN,Robert Frost,174.809096,-41.217246,Wellington City,True,
0086102.3525,0086102,86102.3525,CANNONLANE28-EQC,"EQC Claim No. 2016/023525 - 28 Cannon Lane, Whitby, Porirua - EQC Landslip asssessment following November event",,2016-12-01,WN,Robert Frost,174.889029,-41.113477,Porirua City,True,
0086101.9067,0086101,86101.9067,FLOTILLAPl8-EQC,"EQC Claim No. 2016/019067 - 8 Flotilla Place, Whitby, Porirua - EQC Landslip asssessment following November event",,2016-12-02,WN,Robert Frost,174.898765,-41.116808,Porirua City,True,
0086101.9891,0086101,86101.9891,SPINNAKERDR60-EQC,"EQC Claim No. 2016/019891 - 60 Spinnaker Drive, Whitby, Porirua - EQC Landslip asssessment following November event",,2016-12-02,WN,Robert Frost,174.888976,-41.109377,Porirua City,True,
0086102.0182,0086102,86102.0182,IWIST7-EQC,"EQC Claim No. 2016/020182 - 7 Iwi Street, Ngaio, Wellington - EQC Landslip asssessment following November event",,2016-12-02,WN,Robert Frost,174.774422,-41.245498,Wellington City,True,
0086102.2499,0086102,86102.2499,DOWNINGST75-EQC,"EQC Claim No. 2016/022499 - 75 Downing Street, Crofton Downs, Wellington - EQC Landslip asssessment following November event",,2016-12-02,WN,Robert Frost,174.759396,-41.256574,Wellington City,True,
0086102.4252,0086102,86102.4252,CANNONLANE26-EQC,"EQC Claim No. 2016/024252 - 26 Cannon Lane, Whitby, Porirua - EQC Landslip asssessment following November event",,2016-12-02,WN,Robert Frost,174.889106,-41.113277,Porirua City,True,
0086103.0000,0086103,86103.0000,FLOTILLAPl10-EQC,"EQC Claim No. 2016/030000 - 10 Flotilla Place, Whitby, Porirua - EQC Landslip asssessment following November event",,2016-12-02,WN,Robert Frost,174.8261843260001,-41.31856573899995,Wellington City,True,
0086102.5984,0086102,86102.5984,PAREMATACRES16-EQC,"EQC Claim No. 2016/025984- 16 Paremata Crescent, Paremata, Porirua - EQC Landslip asssessment following November event",,2016-12-04,WN,Robert Frost,174.867816,-41.107948,Porirua City,True,
0086102.6321,0086102,86102.6321,ANNANGRV12-EQC,"EQC Claim No. 2016/025984- 12 Annan Grove, Papakowhai, Porirua - EQC Landslip asssessment following November event",,2016-12-04,WN,Robert Frost,174.90303521900012,-41.11276039399996,Porirua City,True,
0086101.9153,0086101,86101.9153,NAVIGATIONDR115-EQC,"EQC Claim No. 2016/025984 - 115 Navigation Drive, Whitby, Porirua - EQC Landslip asssessment following November event",,2016-12-05,WN,Robert Frost,174.904015,-41.117518,Porirua City,True,
0086101.9322,0086101,86101.9322,PAREMATARD86-EQC,"EQC Claim No. 2016/019322 - 86 Paremata Road, Paremata, Porirua - EQC Landslip asssessment following November event",,2016-12-05,WN,Robert Frost,174.874013,-41.104619,Porirua City,True,
0086101.9357,0086101,86101.9357,GLOAMINGHILL59-EQC,"EQC Claim No. 2016/019357- 59 Gloaming Hill, Titahi Bay, Porirua - EQC Landslip asssessment following November event",,2016-12-05,WN,Robert Frost,174.848608,-41.109345,Porirua City,True,
0086101.9358,0086101,86101.9358,THECROWSNEST6-EQC,"EQC Claim No. 2016/019358 - 6 The Crowsnest, Whitby, Porirua - EQC Landslip asssessment following November event",,2016-12-05,WN,Robert Frost,174.894801,-41.10652,Porirua City,True,
0086101.9397,0086101,86101.9397,NAVIGATIONDR111-EQC,"EQC Claim No. 2016/019397 - 111 Navigation Drive, Whitby, Porirua - EQC Landslip asssessment following November event",,2016-12-05,WN,Robert Frost,174.904329,-41.117303,Porirua City,True,
0086102.0232,0086102,86102.0232,GRAFTONRD27-EQC,"EQC Claim No. 2016/020232 - 27 Grafton Road, Roseneath, Wellington- EQC Landslip asssessment following November event",,2016-12-05,WN,Robert Frost,174.80148,-41.290236,Wellington City,True,
0086102.0288,0086102,86102.0288,THECROWSNEST8-EQC,"EQC Claim No. 2016/020288 - 8 The Crowsnest, Whitby, Porirua - EQC Landslip asssessment following November event",,2016-12-05,WN,Robert Frost,174.894801,-41.106352,Porirua City,True,
0086102.2212,0086102,86102.2212,POPEST106-EQC,"EQC Claim No. 2016/022212 - 106 Pope Street, Camborne, Porirua - EQC Landslip asssessment following November event",,2016-12-05,WN,Robert Frost,174.869075,-41.088945,Porirua City,True,
0086102.2334,0086102,86102.2334,LOGIEST19-EQC,"EQC Claim No. 2016/022334 - 19 Logie Street, Stokes Valley, Lower Hutt - EQC Landslip asssessment following November event",,2016-12-05,WN,Robert Frost,174.978239,-41.174892,Lower Hutt City,True,
0086102.2916,0086102,86102.2916,ORIENTALPDE90-EQC,"EQC Claim No. 2016/022916 - 90 Oriental Parade, Oriental Bay, Wellington - EQC Landslip asssessment following November event",,2016-12-05,WN,Robert Frost,174.787136,-41.29173,Wellington City,True,
0086102.2978,0086102,86102.2978,THETRACK78-EQC,"EQC Claim No. 2016/022978 - 78 The Track, Plimmerton, Porirua - EQC Landslip asssessment following November event",,2016-12-05,WN,Robert Frost,174.866267,-41.068979,Porirua City,True,
0086102.3949,0086102,86102.3949,OCEANPDE26-EQC,"EQC Claim No. 2016/023949 - 26 Ocean Parade, Pukera Bay - EQC Landslip asssessment following November event",,2016-12-05,WN,Robert Frost,174.88997,-41.028679,Porirua City,True,
0086102.4110,0086102,86102.4110,GLANMIRERD3/4-EQC,"EQC Claim No. 2016/024110 - 3/4 Glanmire Road, Newlands, Wellington - EQC Landslip asssessment following November event",,2016-12-05,WN,Robert Frost,174.820329,-41.228955,Wellington City,True,
0086102.5172,0086102,86102.5172,WILTONRD69-EQC,"EQC Claim No. 2016/025172 - 69 Wilton Road, Wilton, Wellington- EQC Landslip asssessment following November event",,2016-12-05,WN,Robert Frost,174.763021,-41.26584,Wellington City,True,
0086102.5555,0086102,86102.5555,PLUMERST4-EQC,"EQC Claim No. 2016/025555 - 4 Plumer Street, Johnsonville, Wellington - EQC Landslip asssessment following November event",,2016-12-05,WN,Robert Frost,174.804411,-41.233651,Wellington City,True,
0086102.6688,0086102,86102.6688,OBANST48-EQC,"EQC Claim No. 2016/026688 - 48 Oban Street, Wadestown, Wellington- EQC Landslip asssessment following November event",,2016-12-05,WN,Robert Frost,174.778394,-41.260848,Wellington City,True,
0086102.7322,0086102,86102.7322,RANGIORAAVE4-EQC,"EQC Claim No. 2016/027322 - 4 Rangiora Avenue, Kaiwharawhara, Wellington - EQC Landslip asssessment following November event",,2016-12-05,WN,Robert Frost,174.796417,-41.255548,Wellington City,True,
0086102.7910,0086102,86102.7910,TAUPOCRES2-EQC,"EQC Claim No. 2016/027910 - 2 Taupo Crescent, Plimmerton, Porirua- EQC Landslip asssessment following November event",,2016-12-05,WN,Robert Frost,174.870616,-41.086514,Porirua City,True,
0086102.8084,0086102,86102.8084,ORIENTALPDE82-EQC,"EQC Claim No. 2016/028084 - 82 Oriental Parade, Oriental Bay. Wellington - EQC Landslip asssessment following November event",,2016-12-05,WN,Robert Frost,174.786678,-41.291779,Wellington City,True,
0086102.8365,0086102,86102.8365,ROXBURGHST69-EQC,"EQC Claim No. 2016/028365 - 69 Roxburgh Street. Mount Victoria, Wellington - EQC Landslip asssessment following November event",,2016-12-05,WN,Robert Frost,174.787074,-41.292285,Wellington City,True,
0086102.8550,0086102,86102.8550,ROXBURGHST67-EQC,"EQC Claim No. 2016/028550 - 67 Roxburgh Street. Mount Victoria, Wellington - EQC Landslip asssessment following November event",,2016-12-05,WN,Robert Frost,174.786994,-41.292309,Wellington City,True,
0086102.8822,0086102,86102.8822,ORIENTALPDE80-EQC,"EQC Claim No. 2016/028822 - 80 Oriental Parade, Oriental Bay, Wellington - EQC Landslip asssessment following November event",,2016-12-05,WN,Robert Frost,174.786522,-41.291806,Wellington City,True,
0086101.9100,0086101,86101.9100,SURREYST13-EQC,"EQC Claim No.2016/019100 - 13 Surrey St, Wilton, Wellington, 6012 - EQC Landslip asssessment following November event",,2016-12-07,WN,Robert Frost,174.755756,-41.271668,Wellington City,True,
0086101.9586,0086101,86101.9586,VOLGAST109-EQC,"EQC Claim No.2016/019586 - 109 Volga St, Island Bay, Wellington, 6023 - EQC Landslip asssessment following November event",,2016-12-07,WN,Robert Frost,174.778161,-41.334227,Wellington City,True,
0086101.9607,0086101,86101.9607,MAIRANGIRD9-EQC,"EQC Claim No. 2016/019607 - 9 Mairangi Rd, Wadestown, Wellington - EQC Landslip asssessment following November event",,2016-12-07,WN,Robert Frost,174.77097,-41.263367,Wellington City,True,
0086101.9979,0086101,86101.9979,SOUTHGATERD79-EQC,"EQC Claim No.2016/019979  - 79 Southgate Rd, Southgate, Wellington - EQC Landslip asssessment following November event",,2016-12-07,WN,Robert Frost,174.781911,-41.337371,Wellington City,True,
0086102.0997,0086102,86102.0997,KINLOCHPL33-EQC,"EQC Claim No. 2016/020997 - 33 Kinloch Pl, Papakowhai, Porirua, 5024 - EQC Landslip asssessment following November event",,2016-12-07,WN,Robert Frost,174.865375,-41.114826,Porirua City,True,
0086102.1473,0086102,86102.1473,CLYDEST173-EQC,"EQC Claim No.2016/021473 -73 Clyde St, Island Bay, Wellington, 6023 - EQC Landslip asssessment following November event",,2016-12-07,WN,Robert Frost,174.773736,-41.338225,Wellington City,True,
0086102.1902,0086102,86102.1902,KENTWOOD15-EQC,"EQC Claim No.2016/021902 - 15 Kentwood Dr, Woodridge, Wellington, 6037- EQC Landslip asssessment following November event",,2016-12-07,WN,Robert Frost,174.830471,-41.217513,Wellington City,True,
0086102.2534,0086102,86102.2534,PHILLIP24-EQC,"EQC Claim No.2016/022534 - 24 Phillip St, Johnsonville, Wellington - EQC Landslip asssessment following November event",,2016-12-07,WN,Robert Frost,174.80163,-41.222803,Wellington City,True,
0086102.3954,0086102,86102.3954,YARROWPL8-EQC,"EQC Claim No.2016/023954 - 8 Yarrow Pl, Papakowhai, Porirua, 5024 - EQC Landslip asssessment following November event",,2016-12-07,WN,Robert Frost,174.866099,-41.114432,Porirua City,True,
0086101.6767,0086101,86101.6767,RANGIORAAVE17-EQC,"EQC Claim No.2016/016767 - 17 Rangiora Avenue, Kaiwharawhara, Wellington - EQC Landslip asssessment following November event",,2016-12-08,WN,Robert Frost,174.796856,-41.25379,Wellington City,True,
0086101.6768,0086101,86101.6768,JUBILEERD73-EQC,"EQC Claim No.2016/016768 - 73 Jubilee Road, Khandallah, Wellington - EQC Landslip asssessment following November event",,2016-12-08,WN,Robert Frost,174.792341,-41.250511,Wellington City,True,
0086101.6778,0086101,86101.6778,AMRITSARST43B-EQC,"EQC Claim No.2016/016778 - 43b Amritsar Street, Khandallah, Wellington - EQC Landslip asssessment following November event",,2016-12-08,WN,Robert Frost,174.797474,-41.250316,Wellington City,True,
0086101.9347,0086101,86101.9347,PAREMATACRES24A-EQC,"EQC Claim No.2016/019347 - 24a Paremata Crescent, Paremata, Porirua, 5024 - EQC Landslip asssessment following November event",,2016-12-08,WN,Robert Frost,174.868414,-41.107565,Porirua City,True,
0086101.9392,0086101,86101.9392,MAJORDR259B-EQC,"EQC Claim No.2016/019392 - 259b Major Drive, Kelson, Lower Hutt - EQC Landslip asssessment following November event",,2016-12-08,WN,Robert Frost,174.940467,-41.171188,Lower Hutt City,True,
0086101.9697,0086101,86101.9697,POSTGATE39-EQC,"EQC Claim No. 2016/019697 - 39 Postgate Dr, Whitby, Porirua, Wellington- EQC Landslip assessment following November event",,2016-12-08,WN,Robert Frost,174.881901,-41.111487,Porirua City,True,
0086102.0006,0086102,86102.0006,ALBATROSSCLOS34-EQC,"EQC Claim No.2016/020006 34 Albatross Close, Whitby,  Porirua, 5024 - EQC Landslip asssessment following November event",,2016-12-08,WN,Robert Frost,174.90303521900012,-41.11276039399996,Porirua City,True,
0086102.0060,0086102,86102.0060,ALBATROSSCLOS34-EQC,"EQC Claim No.2016/020060 34 Albatross Close, Whitby,  Porirua, 5024 - EQC Landslip asssessment following November event",,2016-12-08,WN,Robert Frost,174.903556,-41.112875,Porirua City,True,
0086102.0315,0086102,86102.0315,THEBOLLARD21-EQC,"EQC Claim No.2016/020315 - 21 The Bollard, Whitby, Porirua, 5024 - EQC Landslip asssessment following November event",,2016-12-08,WN,Robert Frost,174.882935,-41.117676,Porirua City,True,
0086102.0633,0086102,86102.0633,BOSUNTCE15-EQC,"EQC Claim No. 2016/020633 - 15 Bosun Terrace, Whitby, Porirua - EQC Landslip asssessment following November event",,2016-12-08,WN,Robert Frost,174.882694,-41.106294,Porirua City,True,
0086102.0641,0086102,86102.0641,PAREMATA366-EQC,"EQC Claim No.2016/020641 366 Paremata Rd, Whitby, Porirua, 5024 - EQC Landslip asssessment following November event",,2016-12-08,WN,Robert Frost,174.905026,-41.105169,Porirua City,True,
0086102.1098,0086102,86102.1098,KELLSMERECRES23-EQC,"EQC Claim No. 2016/021098 - 23 Kellsmere Crescent, Island  Bay, Wellington - EQC Landslip asssessment following November event",,2016-12-08,WN,Robert Frost,174.767748,-41.342213,Wellington City,True,
0086102.1480,0086102,86102.1480,OAKAVE36-EQC,"EQC Claim No.2016/021480 - 36 Oak Avenue, Paremata, Porirua, 5024 - EQC Landslip asssessment following November event",,2016-12-08,WN,Robert Frost,174.878596,-41.105975,Porirua City,True,
0086102.6550,0086102,86102.6550,VOLGAST117-EQC,"EQC Claim No. 2016/026550 - 117 Volga Street, Island Bay, Wellington - EQC Landslip asssessment following November event",,2016-12-08,WN,Robert Frost,174.77777,-41.334867,Wellington City,True,
0086102.6926,0086102,86102.6926,PACIFIC21-EQC,"EQC Claim No. 2016/026926 - 21 Pacific View, Whitby, Porirua, Wellington- EQC Landslip assessment following November event",,2016-12-08,WN,Robert Frost,174.906445,-41.117945,Porirua City,True,
0086102.7698,0086102,86102.7698,TREVORTER14A-EQC,"EQC Claim No.2016/027698 - 14A Trevor Terrace, Paremata, Porirua  - EQC Landslip asssessment following November event",,2016-12-08,WN,Robert Frost,174.876659,-41.101707,Porirua City,True,
0086102.8070,0086102,86102.8070,HUDSONST16-EQC,"EQC Claim No. 2016/028070 - 16 Hudson Street, Island Bay, Wellington - EQC Landslip asssessment following November event",,2016-12-08,WN,Robert Frost,174.778524,-41.335166,Wellington City,True,
0086102.8083,0086102,86102.8083,PAREMATADR30-EQC,"EQC Claim No.2016/028083 - 30 Paremata Drive, Paremata, Porirua, 5024 - EQC Landslip asssessment following November event",,2016-12-08,WN,Robert Frost,174.869483,-41.108456,Porirua City,True,
0086102.9292,0086102,86102.9292,BOTANYLANE13-EQC,"EQC Claim No.2016/029292 - 13 Botany Lane, Whitby, Porirua - EQC Landslip asssessment following November event",,2016-12-08,WN,Robert Frost,174.911458,-41.113333,Porirua City,True,
0086103.0222,0086103,86103.0222,KIRIWAIRD1-EQC,"EQC Claim No.2016/030222 - 1 Kiriwai Road, Paremata, Porirua, 5024 - EQC Landslip asssessment following November event",,2016-12-08,WN,Robert Frost,174.869608,-41.106365,Porirua City,True,
0086103.2960,0086103,86103.2960,MALVERNRD25-EQC,"EQC Claim No. 2016/032960 - 25 Malvern Road, Ngauranga, Wellington - EQC Landslip asssessment following November event",,2016-12-08,WN,Robert Frost,174.817597,-41.24365,Wellington City,True,
0086101.9488,0086101,86101.9488,BLUEMOUNTAINS39-EQC,"EQC Claim No. 2016/019488 - 39 Blue Mountains Road, Pinehaven, Upper Hutt - EQC Landslip asssessment following November event",,2016-12-12,WN,Robert Frost,175.014877,-41.154381,Upper Hutt City,True,
0086102.1485,0086102,86102.1485,AVIANCRES5-EQC,"EQC Claim No. 2016/021485 - 5 Avian Crescent,  Blue Mountains, Upper Hutt - EQC Landslip asssessment following November event",,2016-12-12,WN,Robert Frost,175.031253,-41.173759,Upper Hutt City,True,
0086102.6468,0086102,86102.6468,MANGAROAVALLEYRD198-EQC,"EQC Claim No. 2016/026468 - 198 Mangaroa Valley Road, Mangaroa, Upper Hutt - EQC Landslip asssessment following November event",,2016-12-12,WN,Robert Frost,175.110207,-41.130878,Upper Hutt City,True,
0086102.6569,0086102,86102.6569,MARCHANTRD169-EQC,"EQC Claim No. 2016/026569 - 169 Marchant Road, Kaitoke, Upper Hutt - EQC Landslip asssessment following November event",,2016-12-12,WN,Robert Frost,175.220504,-41.07283,Upper Hutt City,True,
0086102.6716,0086102,86102.6716,BLUEMOUNTAINSRD37-EQC,"EQC Claim No. 2016/026488 - 37 Blue Mountains Road, Pinehaven, Upper Hutt - EQC Landslip asssessment following November event",,2016-12-12,WN,Robert Frost,175.01487,-41.154208,Upper Hutt City,True,
0086101.6708,0086101,86101.6708,RIBBLEST30-EQC,"EQC Claim No. 2016/016708 - 30 Ribble st, Island Bay, Wellington - EQC Landslip assessment following November event",,2016-12-13,WN,Robert Frost,174.769028,-41.337585,Wellington City,True,
0086102.0969,0086102,86102.0969,BALFOURST52A-EQC,"EQC Claim No. 2016/020969 - 52A Balfour St, Mornington, Wellington - EQC Landslip assessment following November event",,2016-12-13,WN,Robert Frost,174.76828,-41.317967,Wellington City,True,
0086102.7227,0086102,86102.7227,OBANST50-EQC,"EQC Claim No. 2016/027227 - 50 Oban St, Wadestown, Wellington - EQC Landslip assessment following November event",,2016-12-13,WN,Robert Frost,174.778484,-41.260688,Wellington City,True,
0086101.8900,0086101,86101.8900,PAREMATACRES4A-EQC,"EQC Claim No. 2016/018900 - 4a Paremata Crescent, Paremata, Porirua - EQC Landslip asssessment following November event",,2016-12-14,WN,Robert Frost,174.865905,-41.107969,Porirua City,True,
0086101.9693,0086101,86101.9693,SUTHERLANDCRES30A-EQC,"EQC Claim No. 2016/019693 - 30A Sutherland Crescent, Melrose, Wellington 6023 - EQC Landslip asssessment following November event",,2016-12-14,WN,Robert Frost,174.787545,-41.324026,Wellington City,True,
0086102.0506,0086102,86102.0506,SOUTHERNCROSSCRES2-EQC,"EQC Claim No. 2016/020506 - 2 Southern Cross Crescent, Island Bay, Wellington 6023 - EQC Landslip asssessment following November event",,2016-12-14,WN,Robert Frost,174.764514,-41.342768,Wellington City,True,
0086102.0560,0086102,86102.0560,HIWICRES27-EQC,"EQC Claim No. 2016/020560 - 27 Hiwi Crescent, Titahi Bay, Porirua - EQC Landslip asssessment following November event",,2016-12-14,WN,Robert Frost,174.829407,-41.114456,Porirua City,True,
0086102.1109,0086102,86102.1109,MCCOLLST20-EQC,"EQC Claim No. 2016/021109 - 20 McColl St, Vogeltown, Wellington 6021 - EQC Landslip asssessment following November event",,2016-12-14,WN,Robert Frost,174.769298,-41.31446,Wellington City,True,
0086102.1143,0086102,86102.1143,MANITOBAPL8-EQC,"EQC Claim No. 2016/021143 - 8 Manitoba Place, Kingston, Wellington - EQC Landslip asssessment following November event",,2016-12-14,WN,Robert Frost,174.763881,-41.32161,Wellington City,True,
0086102.1933,0086102,86102.1933,MURITAIRD505-EQC,"EQC Claim No. 2016/021933 - 505 Muritai Road, Eastbourne, Lower Hutt - EQC Landslip asssessment following November event",,2016-12-14,WN,Robert Frost,174.88475,-41.308946,Lower Hutt City,True,
0086102.2492,0086102,86102.2492,OLDPORIRUARD129-EQC,"EQC Claim No. 2016/022492 - 129 Old Porirua Road, Ohariu Valley, Wellington - EQC Landslip asssessment following November event",,2016-12-14,WN,Robert Frost,174.777297,-41.255018,Wellington City,True,
0086102.3456,0086102,86102.3456,BRETONGRV29-EQC,"EQC Claim No. 2016/023456 - 29 Breton Grove, Kingston, Wellington - EQC Landslip asssessment following November event",,2016-12-14,WN,Robert Frost,174.76746,-41.32401,Wellington City,True,
0086102.3675,0086102,86102.3675,TOTARARD114-EQC,"EQC Claim No. 2016/023675 - 114 Totara Road, Miramar, Wellington - EQC Landslip asssessment following November event",,2016-12-14,WN,Robert Frost,174.827647,-41.306101,Wellington City,True,
0086102.6039,0086102,86102.6039,CHARLOTTEAVE9-EQC,"EQC Claim No. 2016/026039 - 9 Charlotte Avenue, Brooklyn, Wellington- EQC Landslip asssessment following November event",,2016-12-14,WN,Robert Frost,174.761974,-41.305497,Wellington City,True,
0086102.6797,0086102,86102.6797,HAPPYVALLEYRD93-EQC,"EQC Claim No. 2016/026797 - 93 Happy Valley Road, Owhiro Bay, Wellington 6023 - EQC Landslip asssessment following November event",,2016-12-14,WN,Robert Frost,174.760098,-41.339776,Wellington City,True,
0086102.7335,0086102,86102.7335,LODESTARLANE6-EQC,"EQC Claim No. 2016/027335 - 6 Lodestar Lane, Whitby, Porirua 5024 - EQC Landslip asssessment following November event",,2016-12-14,WN,Robert Frost,174.913294,-41.11179,Porirua City,True,
0086101.9566,0086101,86101.9566,SUTHERLANDCRES30B-EQC,"EQC Claim No. 2016/019566 - 30B Sutherland Crescent, Melrose, Wellington 6023 - EQC Landslip asssessment following November event",,2016-12-15,WN,Robert Frost,174.787605,-41.324006,Wellington City,True,
0086103.1897,0086103,86103.1897,SOUTHERNCROSSCRES2B-EQC,"EQC Claim No. 2016/031897 - 2B Southern Cross Crescent, Island Bay, Wellington 6023 - EQC Landslip asssessment following November event",,2016-12-15,WN,Robert Frost,174.764739,-41.342836,Wellington City,True,
0086103.1905,0086103,86103.1905,SOUTHERNCROSSCRES2A-EQC,"EQC Claim No. 2016/031905 - 2A Southern Cross Crescent, Island Bay, Wellington 6023 - EQC Landslip asssessment following November event",,2016-12-15,WN,Robert Frost,174.764895,-41.342852,Wellington City,True,
0086103.4214,0086103,86103.4214,ZETLANDST2-EQC,"EQC Claim No. 2016/034214 - 2 Zetland Street, Highbury, Wellington - EQC Landslip asssessment following November event",,2016-12-15,WN,Robert Frost,174.8261843260001,-41.31856573899995,Wellington City,True,
0086103.4215,0086103,86103.4215,ZETLANDST2-EQC,"EQC Claim No. 2016/034215 - 2 Zetland Street, Highbury, Wellington - EQC Landslip asssessment following November event",,2016-12-15,WN,Robert Frost,174.758168,-41.292163,Wellington City,True,
0086101.9687,0086101,86101.9687,PAREMATADR16-EQC,"EQC Claim No. 2016/019687 - 16 Paremata Drive, Paremata, Porirua - EQC Landslip asssessment following November event",,2016-12-18,WN,Robert Frost,174.868562,-41.10902,Porirua City,True,
0086101.9828,0086101,86101.9828,PAREMATADR14-EQC,"EQC Claim No. 2016/019828 - 14 Paremata Drive, Paremata, Porirua - EQC Landslip asssessment following November event",,2016-12-18,WN,Robert Frost,174.868502,-41.10912,Porirua City,True,
0086102.6722,0086102,86102.6722,PAREMATADR12-EQC,"EQC Claim No. 2016/026722 - 12 Paremata Drive, Paremata, Porirua - EQC Landslip asssessment following November event",,2016-12-18,WN,Robert Frost,174.868441,-41.109186,Porirua City,True,
0086101.9350,0086101,86101.9350,EPUNIST46-EQC,"EQC Claim No. 2016/019350 - 46 Epuni Street, Aro Valley, Wellington - EQC Landslip assessment following November event",,2016-12-19,WN,Robert Frost,174.765545,-41.297156,Wellington City,True,
0086101.6760,0086101,86101.6760,HOLLOWAYRD119-EQC,"EQC Claim No. 2016/016760 - 119 Holloway Road, Aro Valley, Wellington - EQC Landslip assessment following November event",,2016-12-20,WN,Robert Frost,174.755545,-41.298465,Wellington City,True,
0086101.9363,0086101,86101.9363,WYNDRUMAVE71E-EQC,"EQC Claim No. 2016/019363 - 71e Wyndrum Avenue, Waterloo, Lower Hutt - EQC Landslip assessment following November event",,2016-12-20,WN,Robert Frost,174.931989,-41.215726,Lower Hutt City,True,
0086101.9810,0086101,86101.9810,HAUNUIRD33-EQC,"EQC Claim No. 2016/019810 - 33 Hanui Road, Pukerua Bay - EQC Landslip assessment following November event",,2016-12-20,WN,Robert Frost,174.892663,-41.030665,Porirua City,True,
0086102.1709,0086102,86102.1709,VENUSPLC7A-EQC,"EQC Claim No. 2016/021709 - 7a Venus Place, Whitby, Porirua - EQC Landslip assessment following November event",,2016-12-20,WN,Robert Frost,174.884931,-41.112155,Porirua City,True,
0086102.1800,0086102,86102.1800,THEDRIVE58-EQC,"EQC Claim No. 2016/021800 - 58 The Drive, Tawa, Wellington - EQC Landslip assessment following November event",,2016-12-20,WN,Robert Frost,174.818534,-41.174147,Wellington City,True,
0086102.2997,0086102,86102.2997,KAHURD14-EQC,"EQC Claim No. 2016/022997 - 14 Kahu Road, Paremata, Porirua - EQC Landslip assessment following November event",,2016-12-20,WN,Robert Frost,174.872333,-41.107348,Porirua City,True,
0086102.3699,0086102,86102.3699,SPYGLASSLN33-EQC,"EQC Claim No. 2016/023699 - 33 Spyglass Lane, Whitby, Porirua - EQC Landslip assessment following November event",,2016-12-20,WN,Robert Frost,174.898509,-41.120242,Porirua City,True,
0086102.3718,0086102,86102.3718,MULHERNRD29-EQC,"EQC Claim No. 2016/023718 - 29 Mulhern Road, Judgeford, Porirua - EQC Landslip assessment following November event",,2016-12-20,WN,Robert Frost,174.941429,-41.115509,Porirua City,True,
0086102.8808,0086102,86102.8808,BEAUCHAMPST45-EQC,"EQC Claim No. 2016/028808 - 45 Beauchamp Street, Tawa, Wellington - EQC Landslip assessment following November event",,2016-12-20,WN,Robert Frost,174.831308,-41.157763,Wellington City,True,
0086103.2731,0086103,86103.2731,DUTHIEST70-EQC,"EQC Claim No. 2016/032731 - 70 Duthie Street, Karori, Wellington - EQC Landslip assessment following November event",,2016-12-20,WN,Robert Frost,174.747429,-41.289816,Wellington City,True,
1001700.0000,1001700,1001700.0000,EQC 2017 General 1,EQC 2017 General 1,,2016-12-20,AK,Nick Peters,174.89436749300012,-41.108502011999974,Porirua City,True,
1001703.0000,1001703,1001703.0000,EQC 2017 General 4,EQC 2017 General 4,,2016-12-21,AK,Nick Peters,173.67775811900003,-42.40520103099993,,False,
1011602.0000,1011602,1011602.0000,EQC 2016 General 3,EQC 2016 General 3,,2016-12-21,AK,Nick Peters,173.68909275600004,-42.41272399999997,,False,2016
0086102.1059,0086102,86102.1059,LOGIEST48-EQC,"EQC Claim No. 2016/021059 - 48 Logie St, Stokes Valley. Lower Hutt 5019 - EQC Landslip assessment following November event",,2016-12-23,WN,Robert Frost,174.977884,-41.172795,Lower Hutt City,True,
0086102.7817,0086102,86102.7817,PAREMATARD154-EQC,"EQC Claim No. 2016/027817 - 154 Paramatta Rd,  Porirua 5024 - EQC Landslip assessment following November event",,2016-12-23,WN,Robert Frost,174.879156,-41.103729,Porirua City,True,
0086103.1672,0086103,86103.1672,TAUPOCRES4-EQC,"EQC Claim No. 2016/031672 - 4 Taupo Crescent, Plimmerton, Porirua- EQC Landslip asssessment following November event",,2017-01-09,WN,Robert Frost,174.871109,-41.086557,Porirua City,True,
0086101.9233,0086101,86101.9233,BELVEDERERD24-EQC,"EQC Claim No. 2016/019233 - 24 Belvedere Road, Hataitai, Wellington - EQC Landslip asssessment following November event",,2017-01-10,WN,Robert Frost,174.797907,-41.306791,Wellington City,True,
0086101.9382,0086101,86101.9382,MIDDLETONRD265-EQC,"EQC Claim No. 2016/019382 - 265 Middleton Road, Glenside, Wellington - EQC Landslip asssessment following November event",,2017-01-10,WN,Robert Frost,174.814654,-41.203906,Wellington City,True,
0086101.9426,0086101,86101.9426,VIEWRD24-EQC,"EQC Claim No. 2016/019426 - 24 View Road, Houghton Bay, Wellington - EQC Landslip asssessment following November event",,2017-01-10,WN,Robert Frost,174.789128,-41.334869,Wellington City,True,
0086101.9565,0086101,86101.9565,HOUGHTONBAYRD107-EQC,"EQC Claim No. 2016/019565 - 107 Houghton Bay Road, Houghton Bay, Wellington - EQC Landslip asssessment following November event",,2017-01-10,WN,Robert Frost,174.7881,-41.334691,Wellington City,True,
0086102.0977,0086102,86102.0977,ANNEST29-EQC,"EQC Claim No. 2016/020977 - 29 Anne Street, Wadestown, Wellington - EQC Landslip asssessment following November event",,2017-01-10,WN,Robert Frost,174.781721,-41.261864,Wellington City,True,
0086102.1981,0086102,86102.1981,TYNEST16-EQC,"EQC Claim No. 2016/023211 - 16 Tyne Street, Island Bay, Wellington - EQC Landslip asssessment following November event",,2017-01-10,WN,Robert Frost,174.767252,-41.345445,Wellington City,True,
0086102.2060,0086102,86102.2060,ENDEAVOURDR86B-EQC,"EQC Claim No. 2016/022060 - 86b Endeavour Drive, Whitby, Porirua- EQC Landslip asssessment following November event",,2017-01-10,WN,Robert Frost,174.910516,-41.11771,Porirua City,True,
0086102.3211,0086102,86102.3211,HARBOURVIEWRD66-EQC,"EQC Claim No. 2016/023211 - 66 Harbour View Road, Northland, Wellington - EQC Landslip asssessment following November event",,2017-01-10,WN,Robert Frost,174.759475,-41.282278,Wellington City,True,
0086102.3353,0086102,86102.3353,PIONEERGRV11-EQC,"EQC Claim No. 2016/023353 - 11 Pioneer Grove, Silverstream, Upper Hutt- EQC Landslip asssessment following November event",,2017-01-10,WN,Robert Frost,175.007141,-41.153577,Upper Hutt City,True,
0086102.4173,0086102,86102.4173,OWHIROBAYPDE62-EQC,"EQC Claim No. 2016/024173 - 62 Owhiro Bay Parade, Owhiro Bay, Wellington - EQC Landslip asssessment following November event",,2017-01-10,WN,Robert Frost,174.758472,-41.344375,Wellington City,True,
0086102.4807,0086102,86102.4807,TIRETIRD89-EQC,"EQC Claim No. 2016/024807 - 89 Tireti Road, Titahi Bay, Porirua - EQC Landslip asssessment following November event",,2017-01-10,WN,Robert Frost,174.830034,-41.110225,Porirua City,True,
0086102.5602,0086102,86102.5602,PIONEERGRV9-EQC,"EQC Claim No. 2016/025602 - 9 Pioneer Grove, Silverstream, Upper Hutt- EQC Landslip asssessment following November event",,2017-01-10,WN,Robert Frost,175.007379,-41.153392,Upper Hutt City,True,
0086102.7400,0086102,86102.7400,SEVERNST155-EQC,"EQC Claim No. 2016/027400 - 155 Severn Street, Island Bay, Wellington - EQC Landslip asssessment following November event",,2017-01-10,WN,Robert Frost,174.762756,-41.345778,Wellington City,True,
0086102.9612,0086102,86102.9612,VOLGAST96-EQC,"EQC Claim No. 2016/029612 - 96 Volga Street, Island Bay, Wellington - EQC Landslip asssessment following November event",,2017-01-10,WN,Robert Frost,174.777739,-41.334593,Wellington City,True,
0086103.0205,0086103,86103.0205,SEATOUNHEIGHTSRD70-EQC,"EQC Claim No. 2016/030205 - 70 Seatoun Heights Road, Seatoun, Wellington - EQC Landslip asssessment following November event",,2017-01-10,WN,Robert Frost,174.826196,-41.318534,Wellington City,True,
0086103.2638,0086103,86103.2638,ROSETTARD119-EQC,"EQC Claim No. 2016/032638 - 119 Rosetta Road, Raumati South, Paraparaumu - EQC Landslip asssessment following November event",,2017-01-10,WN,Robert Frost,174.97721,-40.930815,,False,
0086102.0826,0086102,86102.0826,KAHURD15-EQC,"EQC Claim No. 2016/020826 - 15 Kahu Road, Paremata, Porirua- EQC Landslip asssessment following November event",,2017-01-11,WN,Robert Frost,174.872677,-41.10744,Porirua City,True,
0086103.2908,0086103,86103.2908,DONLINRD9-EQC,"EQC Claim No. 2016/032908 - 9 Donlin Road, Pukera Bay- EQC Landslip asssessment following November event",,2017-01-11,WN,Robert Frost,174.883746,-41.035755,Porirua City,True,
1011600.0486,1011600,1011600.0486,"EQC 2085 Kenepuru Rd, Marlborough Sounds","EQC 2085 Kenepuru Rd, Te Mahia, Marlborough Sounds - Nelson November 2016 Storm Event",,2017-01-11,NE,Marcus Lovell,173.973323,-41.217899,,False,
1011600.1115,1011600,1011600.1115,"EQC Kumutoto Bay, Marlborough Sounds","EQC Kumuoto Bay (Lot 13 DP 3580), Marlborough Sounds - Nelson November 2016 Storm Event",,2017-01-11,NE,Marcus Lovell,174.054091,-41.213659,,False,
1011603.0770,1011603,1011603.0770,"EQC 72 Matenga Rd, Tata Beach, Takaka","EQC 72 Matenga Rd, Tata Beach, Takaka - Nelson November 2016 Storm Event",,2017-01-11,NE,Marcus Lovell,172.907744,-40.829041,,False,
0086103.5098,0086103,86103.5098,PAREMATADR26-EQC,"EQC Claim No. 2016/035098 - 26 Paremata Drive, Paremata, Porirua - EQC Landslip asssessment following November event",,2017-01-12,WN,Robert Frost,174.869284,-41.108626,Porirua City,True,
0086101.8820,0086101,86101.8820,NORWAYST39-EQC,"EQC Claim No. 2016/018820 - 39 Norway Street, Aro Valley, Wellington - EQC Landslip asssessment following November event",,2017-01-13,WN,Robert Frost,174.760708,-41.290134,Wellington City,True,
0086102.1394,0086102,86102.1394,PAPAKOWHAIST54-EQC,"EQC Claim No. 2016/021394 - 54 Papakowhai Street, Papakowhai, Porirua - EQC Landslip assessment following November event",,2017-01-13,WN,Robert Frost,174.86563,-41.108356,Porirua City,True,
0086101.9603,0086101,86101.9603,KIRIWAIRD14-EQC,"EQC Claim No. 2016/019603 - 14 Kiriwai Road, Paremata, Porirua - EQC Landslip asssessment following November event",,2017-01-17,WN,Robert Frost,174.870854,-41.107279,Porirua City,True,
0086102.0527,0086102,86102.0527,FREELINGST24-EQC,"EQC Claim No. 2016/020527 - 24 Freeling Street, Island Bay, Wellington - EQC Landslip asssessment following November event",,2017-01-17,WN,Robert Frost,174.770008,-41.335049,Wellington City,True,
0086102.1429,0086102,86102.1429,MAKARARD407-EQC,"EQC Claim No. 2016/021429 - 407 Makara Road, Makara Beach, Wellington - EQC Landslip asssessment following November event",,2017-01-17,WN,Robert Frost,174.702465,-41.265542,Wellington City,True,
0086102.3464,0086102,86102.3464,MIDDLETONRD61-EQC,"EQC Claim No. 2016/023464 - 61 Middleton Road, Johnsonville, Wellington - EQC Landslip asssessment following November event",,2017-01-17,WN,Robert Frost,174.809226,-41.217027,Wellington City,True,
0086103.1770,0086103,86103.1770,PAREMATARD188-EQC,"EQC Claim No. 2016/031770 - 188 Paremata Road, Paremata, Porirua - EQC Landslip asssessment following November event",,2017-01-17,WN,Robert Frost,174.880316,-41.106319,Porirua City,True,
0086103.2900,0086103,86103.2900,MOONSHINERD1196-EQC,"EQC Claim No. 2016/032900 - 1196 Moonshine Road, Judgeford, Porirua - EQC Landslip asssessment following November event",,2017-01-17,WN,Robert Frost,174.954229,-41.112087,Porirua City,True,
0086103.6130,0086103,86103.6130,WILLOWBANKRD15-EQC,"EQC Claim No. 2016/036130 - 15 Willowbank Road, Tawa, Wellington - EQC Landslip asssessment following November event",,2017-01-17,WN,Robert Frost,174.828867,-41.187996,Wellington City,True,
0086103.6199,0086103,86103.6199,HAMPTONHILLRD39-EQC,"EQC Claim No. 2016/036199 - 39 Hampton Hill Road, Tawa, Wellington - EQC Landslip asssessment following November event",,2017-01-17,WN,Robert Frost,174.820868,-41.16647,Wellington City,True,
1001700.0633,1001700,1001700.0633,"EQC 360 Oriental Parade, Wellington","EQC Claim No. 2017/000633 - 360 Oriental Parade, Wellington - EQC Landslip assessment following Kaikoura November 2016",,2017-01-17,WN,Robert Frost,174.799079,-41.288883,Wellington City,True,
1011601.7508,1011601,1011601.7508,EQC 8866 SH 1,"EQC Claim 2016/017508  - EQC Land damage assessment at 8866 SH 1, Clarence - Kaikoura November 2016 earthquake event.",,2017-01-18,CH,Nick Peters,174.060771,-41.953984,,False,
1011601.7842,1011601,1011601.7842,EQC 107 Ward Beach Rd,"EQC Claim 2016/017842  - EQC Land damage assessment at 107 Ward Beach Rd, Ward - Kaikoura November 2016 earthquake event.",,2017-01-18,CH,Nick Peters,174.160261,-41.81813,,False,
1011601.7992,1011601,1011601.7992,EQC 223a Beach Rd,"EQC Claim 2016/017992  - EQC Land damage assessment at 223a Beach Rd, Kaikoura - Kaikoura November 2016 earthquake event.",,2017-01-18,CH,Nick Peters,173.680209,-42.378519,,False,
1011601.8109,1011601,1011601.8109,EQC 127 Mill Rd,"EQC Claim 2016/018109  - EQC Land damage assessment at 127 Mill Rd, Kaikoura Flat - Kaikoura November 2016 earthquake event.",,2017-01-18,CH,Nick Peters,173.666127,-42.378505,,False,
1011601.8197,1011601,1011601.8197,EQC 41 Cloudy Range Ter,"EQC Claim 2016/018197  - EQC Land damage assessment at 41 Cloudy Range Ter, Lyford - Kaikoura November 2016 earthquake event.",,2017-01-18,CH,Nick Peters,173.157209,-42.485711,,False,
1011601.8531,1011601,1011601.8531,EQC 67 Elizabeth St,"EQC Claim 2016/018531  - EQC Land damage assessment at 67 Elizabeth St, Riversdale - Kaikoura November 2016 earthquake event.",,2017-01-18,CH,Nick Peters,173.963858,-41.508884,,False,
1011601.8989,1011601,1011601.8989,EQC 187a Beach Road,"EQC Claim 2016/018989  - EQC Land damage assessment at 187a Beach Rd, Kaikoura - Kaikoura November 2016 earthquake event",,2017-01-18,CH,Nick Peters,173.679324,-42.381947,,False,
1011601.8993,1011601,1011601.8993,EQC 32 Ward Beach Rd,"EQC Claim 2016/018993  - EQC Land damage assessment at 32 Ward Beach Rd, Ward - Kaikoura November 2016 earthquake event.",,2017-01-18,CH,Nick Peters,174.14827,-41.807079,,False,
1011601.9577,1011601,1011601.9577,EQC 4429 SH 1,"EQC Claim 2016/019577  - EQC Land damage assessment at 4429 SH 1, Clarence - Kaikoura November 2016 earthquake event.",,2017-01-18,CH,Nick Peters,173.92599,-42.107899,,False,
1011601.9587,1011601,1011601.9587,EQC 144 Mount Fyffe Rd,"EQC Claim 2016/019587  - EQC Land damage assessment at 144 Mount Fyffe Rd, Kaikoura Flat - Kaikoura November 2016 earthquake event.",,2017-01-18,CH,Nick Peters,173.664072,-42.38965,,False,
1011601.9618,1011601,1011601.9618,EQC 4 Gillings Ln,"EQC Claim 2016/019618  - EQC Land damage assessment at 4 Gillings Ln, Kaikoura - Kaikoura November 2016 earthquake event.",,2017-01-18,CH,Nick Peters,173.678439,-42.384197,,False,
1011601.9623,1011601,1011601.9623,EQC 147b Beach Rd,"EQC Claim 2016/019623  - EQC Land damage assessment at 147b Beach Rd, Kaikoura - Kaikoura November 2016 earthquake event.",,2017-01-18,CH,Nick Peters,173.678544,-42.385896,,False,
1011601.9720,1011601,1011601.9720,EQC 11 Mount Lyford Ave,"EQC Claim 2016/019720  - EQC Land damage assessment at 11 Mount Lyford Ave, Lyford - Kaikoura November 2016 earthquake event.",,2017-01-18,CH,Nick Peters,173.160117,-42.490164,,False,
1011602.0086,1011602,1011602.0086,EQC 238e Mount Fyffe Rd,"EQC Claim 2016/020086  - EQC Land damage assessment at 238e Mount Fyffe Rd, Kaikoura - Kaikoura November 2016 earthquake event.",,2017-01-18,CH,Nick Peters,173.662759,-42.38151,,False,
1011602.0240,1011602,1011602.0240,EQC 49a Mill Rd,"EQC Claim 2016/020240  - EQC Land damage assessment at 49a Mill Rd, Kaikoura - Kaikoura November 2016 earthquake event.",,2017-01-18,CH,Nick Peters,173.677544,-42.378292,,False,
1011602.0417,1011602,1011602.0417,EQC 124 Mill Rd,"EQC Claim 2016/020417  - EQC Land damage assessment at 124 Mill Rd, Kaikoura - Kaikoura November 2016 earthquake event.",,2017-01-18,CH,Nick Peters,173.666396,-42.377486,,False,
1011602.0459,1011602,1011602.0459,EQC 137d Beach Rd,"EQC Claim 2016/020459  - EQC Land damage assessment at 137d Beach Rd, Kaikoura - Kaikoura November 2016 earthquake event.",,2017-01-18,CH,Nick Peters,173.678199,-42.386841,,False,
1011602.0476,1011602,1011602.0476,EQC 173C Mill Rd,"EQC Claim 2016/020476  - EQC Land damage assessment at 173C Mill Rd, Kaikoura - Kaikoura November 2016 earthquake event.",,2017-01-18,CH,Nick Peters,173.662258,-42.379931,,False,
1011602.0567,1011602,1011602.0567,EQC 2479 Inland Rd,"EQC Claim 2016/020567  - EQC Land damage assessment at 2479 Inland Rd, Lyford - Kaikoura November 2016 earthquake event.",,2017-01-18,CH,Nick Peters,173.183677,-42.493106,,False,
1011602.0593,1011602,1011602.0593,EQC 1134 Clarence Valley Road,"EQC Claim 2016/020593  - EQC Land damage assessment at 1134 Clarence Valley Road, Ure - Kaikoura November 2016 earthquake event.",,2017-01-18,CH,Nick Peters,173.83733,-42.097726,,False,
1011602.0688,1011602,1011602.0688,EQC 103 Ward Beach Rd,"EQC Claim 2016/020688  - EQC Land damage assessment at 103 Ward Beach Rd, Ward - Kaikoura November 2016 earthquake event.",,2017-01-18,CH,Nick Peters,174.161193,-41.819838,,False,
1011602.0736,1011602,1011602.0736,EQC 142 Mount Fyffe Rd,"EQC Claim 2016/020736  - EQC Land damage assessment at 142 Mount Fyffe Rd, Kaikoura - Kaikoura November 2016 earthquake event.",,2017-01-18,CH,Nick Peters,173.664264,-42.389972,,False,
1011602.0869,1011602,1011602.0869,EQC 9a Gillings Ln,"EQC Claim 2016/020869  - EQC Land damage assessment at 9a Gillings Ln, Kaikoura - Kaikoura November 2016 earthquake event.",,2017-01-18,CH,Nick Peters,173.678751,-42.383159,,False,
1011602.0881,1011602,1011602.0881,EQC 19 Athelney Rd,"EQC Claim 2016/020881  - EQC Land damage assessment at 19 Athelney Rd, Kaikoura Flat - Kaikoura November 2016 earthquake event.",,2017-01-18,CH,Nick Peters,173.679154,-42.374467,,False,
1011602.0982,1011602,1011602.0982,EQC 335 East Ln,"EQC Claim 2016/020982  - EQC Land damage assessment at 335 East Ln, Clarence - Kaikoura November 2016 earthquake event.",,2017-01-18,CH,Nick Peters,173.966054,-41.993964,,False,
1011602.0989,1011602,1011602.0989,EQC 201 Beach Rd,"EQC Claim 2016/020989  - EQC Land damage assessment at 201 Beach Rd, Kaikoura - Kaikoura November 2016 earthquake event.",,2017-01-18,CH,Nick Peters,173.679677,-42.380781,,False,
1011602.1135,1011602,1011602.1135,EQC 163 Kekerengu Valley Rd,"EQC Claim 2016/021135  - EQC Land damage assessment at 163 Kekerengu Valley Rd, Clarence - Kaikoura November 2016 earthquake event.",,2017-01-18,CH,Nick Peters,173.997544,-41.988494,,False,
1011602.1288,1011602,1011602.1288,EQC 5003 SH 1,"EQC Claim 2016/021288  - EQC Land damage assessment at 5003 SH 1, Kaikoura Flat - Kaikoura November 2016 earthquake event.",,2017-01-18,CH,Nick Peters,173.955418,-42.054601,,False,
1011602.1516,1011602,1011602.1516,EQC 135c Beach Road,"EQC Claim 2016/021516  - EQC Land damage assessment at 135c Beach Rd, Kaikoura - Kaikoura November 2016 earthquake event.",,2017-01-18,CH,Nick Peters,173.677994,-42.387205,,False,
1011602.1672,1011602,1011602.1672,EQC 235a Beach Rd,"EQC Claim 2016/021672  - EQC Land damage assessment at 235a Beach Rd, Kaikoura - Kaikoura November 2016 earthquake event.",,2017-01-18,CH,Nick Peters,173.68064,-42.377253,,False,
1011602.1700,1011602,1011602.1700,EQC 228b Mount Fyffe Rd,"EQC Claim 2016/021700  - EQC Land damage assessment at 228b Mount Fyffe Rd, Kaikoura - Kaikoura November 2016 earthquake event.",,2017-01-18,CH,Nick Peters,173.660445,-42.382569,,False,
1011602.1715,1011602,1011602.1715,EQC 13 Gillings Ln,"EQC Claim 2016/021715  - EQC Land damage assessment at 13 Gillings Ln, Kaikoura - Kaikoura November 2016 earthquake event.",,2017-01-18,CH,Nick Peters,173.678146,-42.383498,,False,2013
1011602.1748,1011602,1011602.1748,EQC 1065 Clarence Valley Rd,"EQC Claim 2016/021748  - EQC Land damage assessment at 1065 Clarence Valley Rd, Clarence - Kaikoura November 2016 earthquake event.",,2017-01-18,CH,Nick Peters,173.839505,-42.110328,,False,
1011602.1764,1011602,1011602.1764,EQC 139 Seddon St,"EQC Claim 2016/021764  - EQC Land damage assessment at 139 Seddon St, Ward - Kaikoura November 2016 earthquake event.",,2017-01-18,CH,Nick Peters,174.148221,-41.827212,,False,
1011602.1835,1011602,1011602.1835,EQC 151a Beach Rd,"EQC Claim 2016/021835  - EQC Land damage assessment at 151a Beach Rd, Kaikoura - Kaikoura November 2016 earthquake event.",,2017-01-18,CH,Nick Peters,173.678504,-42.385569,,False,
1011602.1840,1011602,1011602.1840,EQC 4799 SH 1,"EQC Claim 2016/021840  - EQC Land damage assessment at 4799 SH 1, Clarence - Kaikoura November 2016 earthquake event.",,2017-01-18,CH,Nick Peters,173.944131,-42.071443,,False,
1011602.1898,1011602,1011602.1898,EQC 247/231 Kekerengu Valley Rd,"EQC Claim 2016/021898  - EQC Land damage assessment at 247/231 Kekerengu Valley Rd, Clarence - Kaikoura November 2016 earthquake event.",,2017-01-18,CH,Nick Peters,173.997834,-41.981797,,False,
1011602.1927,1011602,1011602.1927,EQC 17 Lulus Ln,"EQC Claim 2016/021927  - EQC Land damage assessment at 17 Lulus Ln, Lyford - Kaikoura November 2016 earthquake event.",,2017-01-18,CH,Nick Peters,173.162091,-42.489528,,False,
1011602.1954,1011602,1011602.1954,EQC 196 Chaffeys Rd,"EQC Claim 2016/021954  - EQC Land damage assessment at 196 Chaffeys Rd, Waiau - Kaikoura November 2016 earthquake event.",,2017-01-18,CH,Nick Peters,173.10279,-42.617921,,False,
1011602.2313,1011602,1011602.2313,EQC 3 Whitby Pl,"EQC Claim 2016/022313  - EQC Land damage assessment at 3 Whitby Pl, Kaikoura - Kaikoura November 2016 earthquake event.",,2017-01-18,CH,Nick Peters,173.679455,-42.408607,,False,
1011602.2535,1011602,1011602.2535,EQC 135D Beach Rd,"EQC Claim 2016/022535  - EQC Land damage assessment at 135D Beach Rd, Kaikoura - Kaikoura November 2016 earthquake event.",,2017-01-18,CH,Nick Peters,173.679306,-42.38688,,False,
1011602.2556,1011602,1011602.2556,EQC 5/1558 Inland Rd,"EQC Claim 2016/022556  - EQC Land damage assessment at 5/1558 Inland Rd, Lyford - Kaikoura November 2016 earthquake event.",,2017-01-18,CH,Nick Peters,173.108868,-42.550181,,False,
1011602.2578,1011602,1011602.2578,EQC 219c Beach Rd,"EQC Claim 2016/022578  - EQC Land damage assessment at 219c Beach Rd, Kaikoura - Kaikoura November 2016 earthquake event.",,2017-01-18,CH,Nick Peters,173.680199,-42.378723,,False,
1011602.2693,1011602,1011602.2693,EQC 142 Mill Rd,"EQC Claim 2016/022693  - EQC Land damage assessment at 142 Mill Rd, Kaikoura - Kaikoura November 2016 earthquake event.",,2017-01-18,CH,Nick Peters,173.663982,-42.377973,,False,
1011602.2731,1011602,1011602.2731,EQC 6/1558 Inland Rd,"EQC Claim 2016/022731  - EQC Land damage assessment at 6/1558 Inland Rd, Lyford - Kaikoura November 2016 earthquake event.",,2017-01-18,CH,Nick Peters,173.108868,-42.550181,,False,
1011602.2761,1011602,1011602.2761,EQC 1580 Inland Rd,"EQC Claim 2016/022761  - EQC Land damage assessment at 1580 Inland Rd, Lyford - Kaikoura November 2016 earthquake event.",,2017-01-18,CH,Nick Peters,173.107182,-42.547928,,False,
1011602.2805,1011602,1011602.2805,EQC 131 Mill Rd,"EQC Claim 2016/022805  - EQC Land damage assessment at 131 Mill Rd, Kaikoura - Kaikoura November 2016 earthquake event.",,2017-01-18,CH,Nick Peters,173.665075,-42.378682,,False,
1011602.3007,1011602,1011602.3007,EQC 238d Mount Fyffe Rd,"EQC Claim 2016/023007  - EQC Land damage assessment at 238d Mount Fyffe Rd, Kaikoura - Kaikoura November 2016 earthquake event.",,2017-01-18,CH,Nick Peters,173.662257,-42.380923,,False,
1011602.3055,1011602,1011602.3055,EQC 115 Red Swamp Rd,"EQC Claim 2016/023055  - EQC Land damage assessment at 115 Red Swamp Rd, Inland Road - Kaikoura November 2016 earthquake event.",,2017-01-18,CH,Nick Peters,173.636721,-42.390905,,False,
1011602.3103,1011602,1011602.3103,EQC 228d Mount Fyffe Rd,"EQC Claim 2016/023103  - EQC Land damage assessment at 228d Mount Fyffe Rd, Kaikoura - Kaikoura November 2016 earthquake event.",,2017-01-18,CH,Nick Peters,173.662256,-42.38233,,False,
1011602.3120,1011602,1011602.3120,EQC 71 Rorrisons Rd,"EQC Claim 2016/023120  - EQC Land damage assessment at 71 Rorrisons Rd, Kaikoura - Kaikoura November 2016 earthquake event.",,2017-01-18,CH,Nick Peters,173.671936,-42.391292,,False,
1011602.3203,1011602,1011602.3203,EQC 5 Mill Rd,"EQC Claim 2016/023203  - EQC Land damage assessment at 5 Mill Rd, Kaikoura Peninsula - Kaikoura November 2016 earthquake event.",,2017-01-18,CH,Nick Peters,173.679967,-42.376636,,False,
1011602.3242,1011602,1011602.3242,EQC 22 Hawthorne Rd,"EQC Claim 2016/023242  - EQC Land damage assessment at 22 Hawthorne Rd, Kaikoura - Kaikoura November 2016 earthquake event.",,2017-01-18,CH,Nick Peters,173.677669,-42.388982,,False,
1011602.3287,1011602,1011602.3287,EQC 131b Beach Rd,"EQC Claim 2016/023287  - EQC Land damage assessment at 131b Beach Rd, Kaikoura - Kaikoura November 2016 earthquake event.",,2017-01-18,CH,Nick Peters,173.678107,-42.387584,,False,
1011602.3298,1011602,1011602.3298,EQC 135b Beach Road,"EQC Claim 2016/023298  - EQC Land damage assessment at 135b Beach Rd, Kaikoura - Kaikoura November 2016 earthquake event.",,2017-01-18,CH,Nick Peters,173.678399,-42.387062,,False,
1011602.3425,1011602,1011602.3425,EQC 127 East Ln,"EQC Claim 2016/023425  - EQC Land damage assessment at 127 East Ln, Clarence - Kaikoura November 2016 earthquake event.",,2017-01-18,CH,Nick Peters,173.98143,-42.001875,,False,
1011602.3597,1011602,1011602.3597,EQC 103c Beach Rd,"EQC Claim 2016/023597  - EQC Land damage assessment at 103c Beach Rd, Kaikoura - Kaikoura November 2016 earthquake event.",,2017-01-18,CH,Nick Peters,173.678052,-42.39061,,False,
1011602.3656,1011602,1011602.3656,EQC 10 Mount Lyford Ave,"EQC Claim 2016/023656  - EQC Land damage assessment at 10 Mount Lyford Ave, Lyford - Kaikoura November 2016 earthquake event.",,2017-01-18,CH,Nick Peters,173.160864,-42.490526,,False,
1011602.3927,1011602,1011602.3927,EQC 158 Mount Fyffe Rd,"EQC Claim 2016/023927  - EQC Land damage assessment at 158 Mount Fyffe Rd, Kaikoura - Kaikoura November 2016 earthquake event.",,2017-01-18,CH,Nick Peters,173.665618,-42.388598,,False,
1011602.4028,1011602,1011602.4028,EQC 42 Cloudy Range Ter,"EQC Claim 2016/024028  - EQC Land damage assessment at 42 Cloudy Range Ter, Lyford - Kaikoura November 2016 earthquake event.",,2017-01-18,CH,Nick Peters,173.157093,-42.485032,,False,
1011602.4080,1011602,1011602.4080,EQC 94 Red Swamp Rd,"EQC Claim 2016/024080  - EQC Land damage assessment at 94 Red Swamp Rd, Kaikoura Flat - Kaikoura November 2016 earthquake event.",,2017-01-18,CH,Nick Peters,173.640447,-42.391489,,False,
1011602.4084,1011602,1011602.4084,EQC 11 Gillings Ln,"EQC Claim 2016/024084  - EQC Land damage assessment at 11 Gillings Ln, Kaikoura - Kaikoura November 2016 earthquake event.",,2017-01-18,CH,Nick Peters,173.678673,-42.383588,,False,
1011602.4280,1011602,1011602.4280,EQC 1072 Clarence Valley Rd,"EQC Claim 2016/024280  - EQC Land damage assessment at 1072 Clarence Valley Rd, Clarence - Kaikoura November 2016 earthquake event.",,2017-01-18,CH,Nick Peters,173.837867,-42.11039,,False,
1011602.4413,1011602,1011602.4413,EQC 208d Mount Fyffe Rd,"EQC Claim 2016/024413  - EQC Land damage assessment at 208d Mount Fyffe Rd, Kaikoura - Kaikoura November 2016 earthquake event.",,2017-01-18,CH,Nick Peters,173.663135,-42.383722,,False,
1011602.4479,1011602,1011602.4479,EQC 173b Mill Rd,"EQC Claim 2016/024479  - EQC Land damage assessment at 173b Mill Rd, Kaikoura - Kaikoura November 2016 earthquake event.",,2017-01-18,CH,Nick Peters,173.66102,-42.379084,,False,
1011602.4614,1011602,1011602.4614,EQC 200 Mill Rd,"EQC Claim 2016/024614  - EQC Land damage assessment at 200 Mill Rd, Kaikoura - Kaikoura November 2016 earthquake event",,2017-01-18,CH,Nick Peters,173.657739,-42.378937,,False,
1011602.4617,1011602,1011602.4617,EQC 20 Lulus Ln,"EQC Claim 2016/024617  - EQC Land damage assessment at 20 Lulus Ln, Lyford - Kaikoura November 2016 earthquake event.",,2017-01-18,CH,Nick Peters,173.163674,-42.491359,,False,
1011602.4762,1011602,1011602.4762,EQC 281 Mount Fyffe Rd,"EQC Claim 2016/024762  - EQC Land damage assessment at 281 Mount Fyffe Rd, Kaikoura Flat - Kaikoura November 2016 earthquake event.",,2017-01-18,CH,Nick Peters,173.657622,-42.378436,,False,
1011602.4770,1011602,1011602.4770,EQC 11a Gillings Ln,"EQC Claim 2016/024770  - EQC Land damage assessment at 11a Gillings Ln, Kaikoura - Kaikoura November 2016 earthquake event.",,2017-01-18,CH,Nick Peters,173.678628,-42.383403,,False,
1011602.4991,1011602,1011602.4991,EQC 64 Mount Lyford Forest Dr,"EQC Claim 2016/024991  - EQC Land damage assessment at 64 Mount Lyford Forest Dr, Lyford - Kaikoura November 2016 earthquake event.",,2017-01-18,CH,Nick Peters,173.156756,-42.503827,,False,
1011602.5605,1011602,1011602.5605,EQC 233 Beach Rd,"EQC Claim 2016/025605  - EQC Land damage assessment at 233 Beach Rd, Kaikoura - Kaikoura November 2016 earthquake event.",,2017-01-18,CH,Nick Peters,173.680625,-42.377473,,False,
1011602.5829,1011602,1011602.5829,EQC 43 Beach Rd,"EQC Claim 2016/025829  - EQC Land damage assessment at 43 Beach Rd, Kaikoura - Kaikoura November 2016 earthquake event.",,2017-01-18,CH,Nick Peters,173.678546,-42.395867,,False,
1011602.5878,1011602,1011602.5878,EQC 153b Beach Rd,"EQC Claim 2016/025878  - EQC Land damage assessment at 153b Beach Rd, Kaikoura - Kaikoura November 2016 earthquake event.",,2017-01-18,CH,Nick Peters,173.678347,-42.385439,,False,
1011602.5965,1011602,1011602.5965,EQC 530 Waipapa Rd,"EQC Claim 2016/025965  - EQC Land damage assessment at 530 Waipapa Rd, Puhi Puhi - Kaikoura November 2016 earthquake event.",,2017-01-18,CH,Nick Peters,173.864336,-42.147546,,False,
1011602.6210,1011602,1011602.6210,EQC 126 Harnetts Rd,"EQC Claim 2016/026210  - EQC Land damage assessment at 126 Harnetts Rd, Kaikoura Flat - Kaikoura November 2016 earthquake event.",,2017-01-18,CH,Nick Peters,173.67974,-42.351958,,False,
1011602.6235,1011602,1011602.6235,EQC 4977 SH 1,"EQC Claim 2016/026235  - EQC Land damage assessment at 4977 SH 1, Clarence - Kaikoura November 2016 earthquake event.",,2017-01-18,CH,Nick Peters,173.953547,-42.056902,,False,
1011602.6293,1011602,1011602.6293,EQC 141a Beach Rd,"EQC Claim 2016/026293  - EQC Land damage assessment at 141a Beach Rd, Kaikoura - Kaikoura November 2016 earthquake event.",,2017-01-18,CH,Nick Peters,173.6782,-42.3865,,False,
1011602.6443,1011602,1011602.6443,EQC 82 Clarence Valley Rd,"EQC Claim 2016/026443  - EQC Land damage assessment at 82 Clarence Valley Rd, Clarence - Kaikoura November 2016 earthquake event.",,2017-01-18,CH,Nick Peters,173.905858,-42.153727,,False,
1011602.6556,1011602,1011602.6556,EQC 6 Gillings Ln,"EQC Claim 2016/026556  - EQC Land damage assessment at 6 Gillings Ln, Kaikoura - Kaikoura November 2016 earthquake event.",,2017-01-18,CH,Nick Peters,173.678626,-42.383925,,False,
1011602.6768,1011602,1011602.6768,EQC 187 Beach Rd,"EQC Claim 2016/026768  - EQC Land damage assessment at 187 Beach Rd, Kaikoura - Kaikoura November 2016 earthquake event.",,2017-01-18,CH,Nick Peters,173.679796,-42.381998,,False,
1011602.7066,1011602,1011602.7066,EQC 2 Gillings Ln,"EQC Claim 2016/027066  - EQC Land damage assessment at 2 Gillings Ln, Kaikoura - Kaikoura November 2016 earthquake event.",,2017-01-18,CH,Nick Peters,173.678553,-42.384612,,False,
1011602.7102,1011602,1011602.7102,EQC 1088 Waiautoa Road,"EQC Claim 2016/027102  - EQC Land damage assessment at 1088 Waiautoa Rd, Waipapa Bay - Kaikoura November 2016 earthquake event.",,2017-01-18,CH,Nick Peters,173.837657,-42.111799,,False,
1011602.7316,1011602,1011602.7316,EQC 127 Beach Rd,"EQC Claim 2016/027316  - EQC Land damage assessment at 127 Beach Rd, Kaikoura - Kaikoura November 2016 earthquake event.",,2017-01-18,CH,Nick Peters,173.679266,-42.387892,,False,
1011602.7628,1011602,1011602.7628,EQC 364 Mount Fyffe Rd,"EQC Claim 2016/027628  - EQC Land damage assessment at 364 Mount Fyffe Rd, Kaikoura Flat - Kaikoura November 2016 earthquake event.",,2017-01-18,CH,Nick Peters,173.656152,-42.37094,,False,
1011602.7733,1011602,1011602.7733,EQC 208E Mount Fyffe Rd,"EQC Claim 2016/027733  - EQC Land damage assessment at 208E Mount Fyffe Rd, Inland Road - Kaikoura November 2016 earthquake event.",,2017-01-18,CH,Nick Peters,173.663934,-42.384274,,False,
1011602.7919,1011602,1011602.7919,EQC 9 Gillings Ln,"EQC Claim 2016/027919  - EQC Land damage assessment at 9 Gillings Ln, Kaikoura - Kaikoura November 2016 earthquake event.",,2017-01-18,CH,Nick Peters,173.678788,-42.382971,,False,
1011602.7998,1011602,1011602.7998,EQC 388 Mill Rd,"EQC Claim 2016/027998  - EQC Land damage assessment at 388 Mill Rd, Kaikoura Flat - Kaikoura November 2016 earthquake event.",,2017-01-18,CH,Nick Peters,173.635221,-42.384875,,False,
1011602.8017,1011602,1011602.8017,EQC 121 Mill Rd,"EQC Claim 2016/028017  - EQC Land damage assessment at 121 Mill Rd, Kaikoura Flat - Kaikoura November 2016 earthquake event.",,2017-01-18,CH,Nick Peters,173.667768,-42.378353,,False,
1011602.8453,1011602,1011602.8453,"EQC 1/199a Beach Rd, Kaikoura","EQC Claim 2016/028453  - EQC Land damage assessment at 1/199a Beach Rd, Kaikoura - Kaikoura November 2016 earthquake event.",,2017-01-18,CH,Nick Peters,173.679712,-42.381031,,False,
1011602.8569,1011602,1011602.8569,EQC 1007 Waiautoa Rd,"EQC Claim 2016/028569  - EQC Land damage assessment at 1007 Waiautoa Rd, Clarence - Kaikoura November 2016 earthquake event.",,2017-01-18,CH,Nick Peters,173.83581,-42.101015,,False,
1011602.8708,1011602,1011602.8708,EQC 91a-b Beach Rd,"EQC Claim 2016/028708  - EQC Land damage assessment at 91a-b Beach Rd, Kaikoura - Kaikoura November 2016 earthquake event.",,2017-01-18,CH,Nick Peters,173.678578,-42.391085,,False,
1011602.9006,1011602,1011602.9006,EQC 155a Beach Rd,"EQC Claim 2016/029006  - EQC Land damage assessment at 155a Beach Rd, Kaikoura - Kaikoura November 2016 earthquake event.",,2017-01-18,CH,Nick Peters,173.678459,-42.385221,,False,
1011602.9135,1011602,1011602.9135,EQC 103b Beach Rd,"EQC Claim 2016/029135  - EQC Land damage assessment at 103b Beach Rd, Kaikoura - Kaikoura November 2016 earthquake event.",,2017-01-18,CH,Nick Peters,173.67799,-42.390318,,False,
1011602.9250,1011602,1011602.9250,EQC 282 Mount Fyffe Rd,"EQC Claim 2016/029250  - EQC Land damage assessment at 282 Mount Fyffe Rd, Kaikoura Flat - Kaikoura November 2016 earthquake event.",,2017-01-18,CH,Nick Peters,173.65884,-42.377933,,False,
1011602.9255,1011602,1011602.9255,EQC 40 Terako Ter,"EQC Claim 2016/029255  - EQC Land damage assessment at 40 Terako Ter, Lyford - Kaikoura November 2016 earthquake event.",,2017-01-18,CH,Nick Peters,173.157381,-42.48627,,False,
1011602.9718,1011602,1011602.9718,EQC 35 Terako Ter,"EQC Claim 2016/029718  - EQC Land damage assessment at 35 Terako Ter, Lyford - Kaikoura November 2016 earthquake event.",,2017-01-18,CH,Nick Peters,173.160004,-42.488017,,False,
1011602.9968,1011602,1011602.9968,EQC Waiautoa Rd,"EQC Claim 2016/029968  - EQC Land damage assessment at Waiautoa Rd, Clarence - Kaikoura November 2016 earthquake event.",,2017-01-18,CH,Nick Peters,173.83581,-42.101015,,False,
1011602.9972,1011602,1011602.9972,EQC 15 Terako Ter,"EQC Claim 2016/029972  - EQC Land damage assessment at 15 Terako Ter, Lyford - Kaikoura November 2016 earthquake event.",,2017-01-18,CH,Nick Peters,173.160473,-42.489015,,False,
1011603.0048,1011603,1011603.0048,EQC 229 Beach Rd,"EQC Claim 2016/030048  - EQC Land damage assessment at 229 Beach Rd, Kaikoura - Kaikoura November 2016 earthquake event.",,2017-01-18,CH,Nick Peters,173.680874,-42.377844,,False,
1011603.0218,1011603,1011603.0218,EQC 231a Beach Rd,"EQC Claim 2016/030218  - EQC Land damage assessment at 231a Beach Rd, Kaikoura - Kaikoura November 2016 earthquake event.",,2017-01-18,CH,Nick Peters,173.680431,-42.37762,,False,
1011603.1029,1011603,1011603.1029,EQC 141B Beach Rd,"EQC Claim 2016/031029  - EQC Land damage assessment at 1/141B Beach Rd, Kaikoura - Kaikoura November 2016 earthquake event.",,2017-01-18,CH,Nick Peters,173.678144,-42.38647,,False,
1011603.1163,1011603,1011603.1163,EQC 121a Beach Rd,"EQC Claim 2016/031163  - EQC Land damage assessment at 121a Beach Rd, Kaikoura - Kaikoura November 2016 earthquake event.",,2017-01-18,CH,Nick Peters,173.677951,-42.388462,,False,
1011603.1363,1011603,1011603.1363,EQC 141 Beach Rd,"EQC Claim 2016/031363  - EQC Land damage assessment at 141 Beach Rd, Kaikoura - Kaikoura November 2016 earthquake event.",,2017-01-18,CH,Nick Peters,173.679116,-42.386345,,False,
1011603.1887,1011603,1011603.1887,EQC 42 Wiffens Rd,"EQC Claim 2016/031887  - EQC Land damage assessment at 42 Wiffens Rd, Clarence - Kaikoura November 2016 earthquake event.",,2017-01-18,CH,Nick Peters,174.002536,-41.976005,,False,
1011603.3481,1011603,1011603.3481,EQC 43 Wiffens Rd,"EQC Claim 2016/033481  - EQC Land damage assessment at 43 Wiffens Rd, Clarence - Kaikoura November 2016 earthquake event.",,2017-01-18,CH,Nick Peters,174.004292,-41.978108,,False,
1011603.3771,1011603,1011603.3771,EQC 31 Beach Rd,"EQC Claim 2016/033771  - EQC Land damage assessment at 31 Beach Rd, Kaikoura - Kaikoura November 2016 earthquake event.",,2017-01-18,CH,Nick Peters,173.679219,-42.396842,,False,
1011603.5529,1011603,1011603.5529,EQC 195 Beach Rd,"EQC Claim 2016/035529  - EQC Land damage assessment at 195 Beach Rd, Kaikoura - Kaikoura November 2016 earthquake event.",,2017-01-18,CH,Nick Peters,173.679933,-42.381374,,False,
1011602.0250,1011602,1011602.0250,EQC 103f Beach Rd,"EQC Claim 2016/020250  - EQC Land damage assessment at 103f Beach Rd, Kaikoura - Kaikoura November 2016 earthquake event.",,2017-01-20,CH,Nick Peters,173.678086,-42.391113,,False,
1011601.8073,1011601,1011601.8073,EQC 69 Needles Rd,"EQC Claim 2016/018073 - EQC Land damage assessment at 69 Needles Rd, Ward Kaikoura November 2016 earthquake event.",,2017-01-22,CH,Nick Peters,174.128881,-41.819215,,False,
1011601.8258,1011601,1011601.8258,EQC 39 Needles Rd,"EQC Claim 2016/018258 - EQC Land damage assessment at 39 Needles Rd, Ward Kaikoura November 2016 earthquake event.",,2017-01-22,CH,Nick Peters,174.135505,-41.81854,,False,
1011601.7924,1011601,1011601.7924,EQC 5781 SH 1 - Homestead,"EQC Claim 2016/017924 - EQC Land damage assessment at 5761 SH 1, Clarence, Kaikoura November 2016 earthquake event.",,2017-01-23,CH,Nick Peters,173.924284,-42.1427,,False,
1011601.7946,1011601,1011601.7946,EQC 5781 SH 1,"EQC Claim 2016/017946 - EQC Land damage assessment at 5781 SH 1, Clarence, Kaikoura November 2016 earthquake event.",,2017-01-23,CH,Nick Peters,174.009941,-41.999825,,False,
1011601.8166,1011601,1011601.8166,EQC 63 Kaka Rd,"EQC Claim 2016/018166 - EQC Land damage assessment at 63 Kaka Rd, Ward  Kaikoura November 2016 earthquake event.",,2017-01-23,CH,Nick Peters,174.123899,-41.808061,,False,
1011601.8487,1011601,1011601.8487,EQC 2220 Glencree Rd,"EQC Claim 2016/018487 - EQC Land damage assessment at 2220 Glencree Rd, Oaro, Kaikoura November 2016 earthquake event.",,2017-01-23,CH,Nick Peters,173.483849,-42.521841,,False,
1011601.8775,1011601,1011601.8775,EQC 85 Mill Rd,EQC Claim 2016/018775 - EQC Land damage assessment at 85 Mill Rd - Kaikoura November 2016 earthquake event.,,2017-01-23,CH,Nick Peters,173.670785,-42.378098,,False,
1011601.9006,1011601,1011601.9006,EQC 6886 SH 1,"EQC Claim 2016/019006 - EQC Land damage assessment at 6886 SH 1, Ward - Kaikoura November 2016 earthquake event.",,2017-01-23,CH,Nick Peters,174.144863,-41.792489,,False,
1011602.0207,1011602,1011602.0207,"EQC 170 Mill Rd, Kaikoura",EQC Claim 2016/020207 - EQC Land damage assessment at 170 Mill Rd - Kaikoura November 2016 earthquake event.,,2017-01-23,CH,Nick Peters,173.663083,-42.378185,,False,
1011602.0264,1011602,1011602.0264,EQC 67 Needles Rd,"EQC Claim 2016/020264 - EQC Land damage assessment at 67 Needles Rd, Ward Kaikoura November 2016 earthquake event.",,2017-01-23,CH,Nick Peters,174.128917,-41.816178,,False,
1011602.0597,1011602,1011602.0597,EQC 59 Waitane Rd,"EQC Claim 2016/020597 - EQC Land damage assessment at 59 Waitane Rd, Oaro, Kaikoura November 2016 earthquake event.",,2017-01-23,CH,Nick Peters,173.506245,-42.508925,,False,
1011602.0754,1011602,1011602.0754,"EQC 1800 SH 1, Oaro","EQC Claim 2016/020754 - EQC Land damage assessment at 1800 State Highway 1, Oaro 2220 Glencree Rd, Oaro, Kaikoura November 2016 earthquake event.",,2017-01-23,CH,Nick Peters,173.518629,-42.497943,,False,
1011602.1608,1011602,1011602.1608,EQC 2130 SH 1,"EQC Claim 2016/021608 - EQC Land damage assessment at 2130 SH 1, Oaro, Kaikoura November 2016 earthquake event.",,2017-01-23,CH,Nick Peters,173.68909275600004,-42.41272399999997,,False,
1011602.1684,1011602,1011602.1684,EQC 7748 SH 1,"EQC Claim 2016/021684 - EQC Land damage assessment at 7748 SH 1, Ward Kaikoura November 2016 earthquake event.",,2017-01-23,CH,Nick Peters,174.11786,-41.865658,,False,
1011602.3148,1011602,1011602.3148,"EQC 6317 SH 1, Clarence","EQC Claim 2016/023148 - EQC Land damage assessment at 6317 SH 1, Clarence, Kaikoura November 2016 earthquake event.",,2017-01-23,CH,Nick Peters,174.050942,-41.961708,,False,
1011602.4674,1011602,1011602.4674,EQC 690 Waterfalls Rd,"EQC Claim 2016/024674 - EQC Land damage assessment at 690 Waterfalls Rd, Awatere Valley, Seddon, Kaikoura November 2016 earthquake event.",,2017-01-23,CH,Nick Peters,174.05574,-41.74663,,False,
1011602.4824,1011602,1011602.4824,EQC 3237 SH 1,"EQC Claim 2016/024824 - EQC Land damage assessment at 3237 SH 1, Clarence, Kaikoura November 2016 earthquake event.",,2017-01-23,CH,Nick Peters,173.884743,-42.186264,,False,
1011602.4875,1011602,1011602.4875,"EQC 3059 SH 1 Waipapa Bay, Kaikoura","EQC Claim 2016/024875 - EQC Land damage assessment at 3059 SH 1, Ward, Kaikoura November 2016 earthquake event.",,2017-01-23,CH,Nick Peters,173.876674,-42.199136,,False,
1011602.5927,1011602,1011602.5927,EQC 3157 SH 1,"EQC Claim 2016/025927 - EQC Land damage assessment at 3157 SH 1, Clarence, Kaikoura November 2016 earthquake event.",,2017-01-23,CH,Nick Peters,173.881811,-42.191971,,False,
1011602.6939,1011602,1011602.6939,EQC 10 Whitby Place,EQC Claim 2016/026939 - EQC Land damage assessment at 10 Whitby Place - Kaikoura November 2016 earthquake event.,,2017-01-23,CH,Nick Peters,173.680264,-42.407791,,False,
1011603.3172,1011603,1011603.3172,EQC 1 Birches Rd,"EQC Claim  2016/033172 - EQC Land damage assessment at 1 Birches Rd, Oaro, Kaikoura November 2016 earthquake event.",,2017-01-23,CH,Nick Peters,173.481798,-42.523638,,False,
1011603.3350,1011603,1011603.3350,EQC 496 Haldons Rd,"EQC Claim 2016/033350 - EQC Land damage assessment at 496 Haldons Rd, Seddon November 2016 earthquake event.",,2017-01-23,CH,Nick Peters,173.98375836600007,-41.73986065699995,,False,
0086102.0726,0086102,86102.0726,"EQC 82B Cecil Rd, Wadestown, Wellington","EQC 82B Cecil Rd, Wadestown, Wellington - Wellington November 2016 Storm Event",,2017-01-24,WN,Robert Frost,174.770271,-41.264812,Wellington City,True,
0086102.2396,0086102,86102.2396,"EQC 135 Coromandel St, Newton Wellington","EQC Claim No. 2016/022396 - 135 Coromandel St, Newton Wellington - EQC Landslip assessment following November 2016 Storm Event",,2017-01-24,WN,Robert Frost,174.78759,-41.315061,Wellington City,True,
1011601.8024,1011601,1011601.8024,EQC 808 Claverley Rd,"EQC Claim 2016/018024 808 Claverley Rd, Hundalee - Kaikoura November 2016 Earthquake Event",,2017-01-24,CH,Nick Peters,173.488607,-42.579421,,False,
1011602.1095,1011602,1011602.1095,EQC 37 Waitane Rd,"EQC Claim 2016/021095 37 Waitane Rd, Oaro - Kaikoura November 2016 Earthquake Event",,2017-01-24,CH,Nick Peters,173.505718,-42.511031,,False,
1011602.1240,1011602,1011602.1240,EQC 13 Te Keepa Rd,"EQC Claim 2016/021240 13 Te Keepa Rd, Oaro - Kaikoura November 2016 Earthquake Event",,2017-01-24,CH,Nick Peters,173.504313,-42.514798,,False,2013
1011602.2058,1011602,1011602.2058,EQC 138 Mount Fyffe Rd,"EQC 138 Mount Fyffe Rd, Kaikoura - Kaikoura November 2016 Earthquake Event",,2017-01-24,CH,Nick Peters,173.664394,-42.390274,,False,
1011602.2434,1011602,1011602.2434,EQC 31 Waitane Rd,"EQC Claim 2016/022434 31 Waitane Rd, Oaro - Kaikoura November 2016 Earthquake Event",,2017-01-24,CH,Nick Peters,173.506237,-42.511187,,False,
1011602.2541,1011602,1011602.2541,EQC 25 Athelney Rd,"EQC 25 Athelney Rd, Kaikoura - Kaikoura November 2016 Earthquake Event",,2017-01-24,CH,Nick Peters,173.676464,-42.374041,,False,
1011602.2739,1011602,1011602.2739,EQC 93 Waitane Rd,"EQC 2016/028076 - 93 Waitane Rd, Oaro - Kaikoura November 2016 Earthquake Event",,2017-01-24,CH,Nick Peters,173.50841,-42.505843,,False,
1011602.2807,1011602,1011602.2807,EQC 2145 SH 1,"EQC Claim 2016/022807 - EQC Land damage assessment at 2145 SH 1, Oaro, Kaikoura, November 2016 earthquake event.",,2017-01-24,CH,Elyse Armstrong,173.68909275600004,-42.41272399999997,,False,
1011602.3031,1011602,1011602.3031,"EQC 8314 SH 1 Waima Hills, Ure River","EQC Claim 2016/023031 8314 SH 1, Waima Hills, Ure River - Kaikoura November 2016 Earthquake Event",,2017-01-24,CH,Nick Peters,174.096492,-41.916704,,False,
1011602.4371,1011602,1011602.4371,EQC 27 Athelney Rd,"EQC 27 Athelney Rd, Kaikoura - Kaikoura November 2016 Earthquake Event",,2017-01-24,CH,Nick Peters,173.678196,-42.373781,,False,
1011602.4438,1011602,1011602.4438,EQC 1812 SH 1,"EQC Claim 2016/024438 - EQC Land damage assessment at 1812 SH 1, Oaro, Kaikoura November 2016 earthquake event.",,2017-01-24,CH,Nick Peters,173.517929,-42.498609,,False,
1011602.4789,1011602,1011602.4789,EQC 68 Hawthorne Rd,"EQC Claim 2016/024789 68 Hawthorne Rd, Kaikoura - Kaikoura November 2016 Earthquake Event",,2017-01-24,CH,Nick Peters,173.666413,-42.389971,,False,
1011602.4848,1011602,1011602.4848,EQC 35 Athelney Rd,"EQC Claim 2016/024848 35 Athelney Rd, Kaikoura - Kaikoura November 2016 Earthquake Event",,2017-01-24,CH,Nick Peters,173.679101,-42.373446,,False,
1011602.6086,1011602,1011602.6086,EQC 1814 SH 1,"EQC Claim 2016/026086 - EQC Land damage assessment at 1814 SH 1, Oaro, Kaikoura November 2016 earthquake event.",,2017-01-24,CH,Nick Peters,173.517838,-42.498718,,False,
1011602.6348,1011602,1011602.6348,EQC 48 Hawthorne Rd,"EQC Claim 2016/026348 48 Hawthorne Rd, Kaikoura - Kaikoura November 2016 Earthquake Event",,2017-01-24,CH,Nick Peters,173.673221,-42.389478,,False,
1011602.6721,1011602,1011602.6721,EQC 74 Hawthorne Rd,"EQC Claim 2016/026721 74 Hawthorne Rd, Kaikoura - Kaikoura November 2016 Earthquake Event",,2017-01-24,CH,Nick Peters,173.665553,-42.390171,,False,
1011602.8467,1011602,1011602.8467,EQC 29 Te Keepa Rd,"EQC 29 Te Keepa Rd, Oaro - Kaikoura November 2016 Earthquake Event",,2017-01-24,CH,Nick Peters,173.506017,-42.514824,,False,
1011602.8899,1011602,1011602.8899,EQC 34 Hawthorne Rd,"EQC 34 Hawthorne Rd, Kaikoura - Kaikoura November 2016 Earthquake Event",,2017-01-24,CH,Nick Peters,173.676264,-42.388941,,False,
1011603.0876,1011603,1011603.0876,EQC 190a Mount Fyffe Rd,"EQC 190a Mount Fyffe Rd, Kaikoura - Kaikoura November 2016 Earthquake Event",,2017-01-24,CH,Nick Peters,173.665121,-42.386674,,False,
1011603.2138,1011603,1011603.2138,EQC 1802 SH 1,"EQC Claim 2016/032138 1802 SH 1, Oaro - Kaikoura November 2016 Earthquake Event",,2017-01-24,CH,Nick Peters,173.518369,-42.498321,,False,
1011603.3337,1011603,1011603.3337,EQC 159a Beach Rd,"EQC 159a Beach Rd, Kaikoura - Kaikoura November 2016 Earthquake Event",,2017-01-24,CH,Nick Peters,173.678756,-42.384765,,False,
0086102.7904,0086102,86102.7904,"EQC 16 Kotinga St, Kilbirnie Wellington","EQC - Claim No 2016/027904 - 16 Kotinga St, Kilbirnie Wellington - EQC landslip assessment following November 2016 Storm Event",,2017-01-25,WN,Robert Frost,174.789574,-41.317966,Wellington City,True,2016
1011602.1198,1011602,1011602.1198,EQC 14 Whitby Pl,"EQC Claim 2016/021198 - EQC 14 Whitby Pl, Kaikoura - Kaikoura November 2016 Earthquake Event",,2017-01-25,CH,Nick Peters,173.680385,-42.407463,,False,
1011602.1836,1011602,1011602.1836,EQC 347 Mount Fyffe Rd,"EQC Claim 2016/021836 - EQC 347 Mount Fyffe Rd, Kaikoura - Kaikoura November 2016 Earthquake Event",,2017-01-25,CH,Nick Peters,173.656282,-42.374482,,False,
1011602.1958,1011602,1011602.1958,EQC 4 Whitby Pl,"EQC Claim 2016/021958 - EQC 4 Whitby Pl, Kaikoura - Kaikoura November 2016 Earthquake Event",,2017-01-25,CH,Nick Peters,173.680067,-42.408185,,False,
1011602.2544,1011602,1011602.2544,EQC 10 Lake Hills Rd,"EQC Claim 2016/022544 - EQC 10 Lake Hills Rd, Lake Rotoiti - Kaikoura November 2016 Earthquake Event",,2017-01-25,CH,Nick Peters,173.608302,-42.38945,,False,
1011602.5133,1011602,1011602.5133,EQC 238A Mount Fyffe Rd,"EQC Claim 2016/025133 - EQC 238A Mount Fyffe Rd, Kaikoura - Kaikoura November 2016 Earthquake Event",,2017-01-25,CH,Nick Peters,173.660457,-42.381833,,False,
1011602.5582,1011602,1011602.5582,EQC 8 Schoolhouse Rd,"EQC Claim 2016/025582 - EQC 8 Schoolhouse Rd, Kaikoura Flat - Kaikoura November 2016 Earthquake Event",,2017-01-25,CH,Nick Peters,173.687355,-42.362378,,False,
1011602.6906,1011602,1011602.6906,EQC 79 Old Beach Rd,"EQC Claim 2016/026906 - EQC 79 Old Beach Rd, Kaikoura Peninsula - Kaikoura November 2016 Earthquake Event",,2017-01-25,CH,Nick Peters,173.684149,-42.368817,,False,
1011602.9149,1011602,1011602.9149,EQC 194 Mount Fyffe Rd,"EQC Claim 2016/029149 - 194 Mount Fyffe Rd, Kaikoura - Kaikoura November 2016 Earthquake Event.",,2017-01-25,CH,Nick Peters,173.662078,-42.385503,,False,
1011603.0635,1011603,1011603.0635,EQC 111 Postmans Rd,"EQC Claim 2016/030635 - EQC 111 Postmans Rd, Kaikoura Flat - Kaikoura November 2016 Earthquake Event",,2017-01-25,CH,Nick Peters,173.661435,-42.354054,,False,
0086102.0053,0086102,86102.0053,"EQC 49 Airlie Road, Plimmerton","EQC 49 Airlie Road, Plimmerton - Wellington November 2016 Storm Event",,2017-01-26,WN,Robert Frost,174.858521,-41.069729,Porirua City,True,
0086102.4969,0086102,86102.4969,"EQC 407 Grays Street, Porirua","EQC Claim No. 2016/024969 - 407 Grays Street, Porirua, Wellington - EQC Landslip assessment following November 2016 Storm Event",,2017-01-26,WN,Robert Frost,174.907308,-41.092848,Porirua City,True,
0086102.5434,0086102,86102.5434,"EQC 7 Liffey Street, Island Bay","EQC Claim No. 2016/025434 - 7 Liffey Street, Island Bay, Wellington - EQC Landslip assessment following November 2016 Storm Event",,2017-01-26,WN,Robert Frost,174.775761,-41.339985,Wellington City,True,
0086102.6791,0086102,86102.6791,"EQC 2 Durham Cres, Aro Valley","EQC Claim No. 2016/026791 - 2 Durham Cres, Aro Valley, Wellington - EQC Landslip assessment following November 2016 Storm Event",,2017-01-26,WN,Robert Frost,174.76455,-41.296361,Wellington City,True,
0086102.7835,0086102,86102.7835,"EQC 26 View Road, Houghton Bay","EQC Claim No 2016/027835 - 26 View Road, Houghton Bay, Wellington - EQC Landslip assessment following November event",,2017-01-26,WN,Robert Frost,174.7887,-41.334952,Wellington City,True,
0086103.0825,0086103,86103.0825,"EQC 15 Sheridan Tce, Johnsonville","EQC - Claim No 2016/030825 -  15 Sheridan Tce, Johnsonville, Wellington  - EQC Landslip assessment following November 2016 Storm Event",,2017-01-26,WN,Robert Frost,174.810375,-41.224466,Wellington City,True,
0086103.1919,0086103,86103.1919,"EQC 25 Norwich Street, Wadestown","EQC - Claim No 2016/031919 -  25 Norwich Street, Wadestown,  Wellington  - EQC landslip assessment following November 2016 Storm Event",,2017-01-26,WN,Robert Frost,174.765631,-41.265467,Wellington City,True,
0086103.5590,0086103,86103.5590,"EQC 3 Reserve Road, Plimmerton","EQC Claim No. 2016/035590 - 3 Reserve Road, Plimmerton, Wellington - EQC Landslip assessment following November 2016 Storm Event",,2017-01-26,WN,Robert Frost,174.860837,-41.071946,Porirua City,True,
1001700.0935,1001700,1001700.0935,"EQC 7 Ngaio Gorge Road, Ngaio","EQC Claim 2017/000935 - 7 Ngaio Gorge Road, Ngaio, Wellington - EQC Landslip Assessment following November Event",,2017-01-26,WN,Robert Frost,174.772134,-41.255972,Wellington City,True,
1011601.9387,1011601,1011601.9387,EQC 173a Mill Road,"EQC Claim 2016/019387 - EQC Land damage assessment at 173a Mill Road, Kaikoura - Kaikoura November 2016 earthquake event.",,2017-01-26,CH,Nick Peters,173.662021,-42.378966,,False,
1011601.9655,1011601,1011601.9655,EQC 943 Puhi Puhi Road,"EQC Claim 2016/029655 - EQC Land damage assessment at 943 Puhi Puhi Road, Mangamaunu, Kaikoura - Kaikoura November 2016 earthquake event.",,2017-01-26,CH,Nick Peters,173.751882,-42.243107,,False,
1011602.1905,1011602,1011602.1905,EQC 191 Beach Road,"EQC Claim 2016/021905 - EQC Land damage assessment at 191 Beach Road, Kaikoura - Kaikoura November 2016 earthquake event.",,2017-01-26,CH,Nick Peters,173.679648,-42.381704,,False,
1011602.3137,1011602,1011602.3137,EQC 239 Beach Road,"EQC Claim 2016/023137  - EQC Land damage assessment at 239 Beach Road, Kaikoura - Kaikoura November 2016 earthquake event.",,2017-01-26,CH,Nick Peters,173.680743,-42.376746,,False,
1011602.3796,1011602,1011602.3796,EQC 228a Mt Fyffe Rd,"EQC Claim 2016/023796  - EQC Land damage assessment at 228a Mt Fyffe Rd, Kaikoura - Kaikoura November 2016 earthquake event.",,2017-01-26,CH,Nick Peters,173.661142,-42.383351,,False,
1011602.4038,1011602,1011602.4038,EQC 123b Beach Road,"EQC Claim 2016/024038 - EQC Land damage assessment at 123b Beach Road, Kaikoura - Kaikoura November 2016 earthquake event.",,2017-01-26,CH,Nick Peters,173.678448,-42.388349,,False,
1011602.4751,1011602,1011602.4751,EQC 12 Whitby Pl,"EQC Claim 2016/024751  - EQC Land damage assessment at 12 Whitby Place, Kaikoura - Kaikoura November 2016 earthquake event.",,2017-01-26,CH,Nick Peters,173.680466,-42.40763,,False,
1011602.4838,1011602,1011602.4838,EQC 1a Whitby Pl,"EQC Claim 2016/024838 - EQC 1a Whitby Pl, Kaikoura - Kaikoura November 2016 Earthquake Event",,2017-01-26,CH,Nick Peters,173.679336,-42.408872,,False,
1011602.4922,1011602,1011602.4922,EQC 190 Mt Fyffe Road,"EQC Claim 2016/024922 - 190 Mt Fyffe Road, Kaikoura - Kaikoura November 2016 Earthquake Event.",,2017-01-26,CH,Nick Peters,173.662939,-42.386958,,False,
1011602.5331,1011602,1011602.5331,EQC 460 Puhi Puhi Road,"EQC Claim 2016/025331 - EQC Land damage assessment at 460 Puhi Puhi Road, Mangamaunu, Kaikoura - Kaikoura November 2016 earthquake event.",,2017-01-26,CH,Nick Peters,173.739688,-42.278142,,False,
1011602.5393,1011602,1011602.5393,EQC 181 Beach Road,"EQC Claim 2016/025393 - EQC Land damage assessment at 181 Beachl Road, Kaikoura - Kaikoura November 2016 earthquake event.",,2017-01-26,CH,Nick Peters,173.679749,-42.382527,,False,
1011602.5590,1011602,1011602.5590,EQC 126 Mill Rd,"EQC Claim 2016/025590 - 126 Mill Road, Kaikoura - Kaikoura November 2016 Earthquake Event.",,2017-01-26,CH,Nick Peters,173.665037,-42.377837,,False,
1011602.5640,1011602,1011602.5640,EQC 44 Kotuku Rd,"EQC Claim 2016/025640 - EQC 44 Kotuku Rd, South Bay - Kaikoura November 2016 Earthquake Event",,2017-01-26,CH,Nick Peters,173.683998,-42.419624,,False,
1011602.5643,1011602,1011602.5643,EQC 553 Puhi Puhi Road,"EQC Claim 2016/025643 - EQC Land damage assessment at 553 Puhi Puhi Road, Mangamaunu, Kaikoura - Kaikoura November 2016 earthquake event.",,2017-01-26,CH,Nick Peters,173.736783,-42.271799,,False,
1011602.5948,1011602,1011602.5948,EQC 205 Beach Road,"EQC Claim 2016/025948 - EQC Land damage assessment at 205 Beach Road, Kaikoura - Kaikoura November 2016 earthquake event.",,2017-01-26,CH,Nick Peters,173.680318,-42.380074,,False,
1011602.6018,1011602,1011602.6018,EQC 72 Hawthorne Road,"EQC Claim 2016/026018 - EQC Land damage assessment at 72 Hawthorne Road, Kaikoura - Kaikoura November 2016 earthquake event.",,2017-01-26,CH,Nick Peters,173.665435,-42.389378,,False,
1011602.6429,1011602,1011602.6429,EQC 6 Whitby Place,"EQC Claim 2016/026429 - 6 Whitby Place, Kaikoura - Kaikoura November 2016 Earthquake Event.",,2017-01-26,CH,Nick Peters,173.680293,-42.408133,,False,
1011602.7746,1011602,1011602.7746,EQC 143 Beach Rd,"EQC Claim 2016/027746  - EQC Land damage assessment at 143 Beach Road, Kaikoura - Kaikoura November 2016 earthquake event.",,2017-01-26,CH,Nick Peters,173.679036,-42.386211,,False,
1011602.9290,1011602,1011602.9290,EQC 24 Kotuku Rd,"EQC Claim 2016/029290 - EQC 24 Kotuku Rd, South Bay - Kaikoura November 2016 Earthquake Event",,2017-01-26,CH,Nick Peters,173.684471,-42.421313,,False,
1011602.9533,1011602,1011602.9533,EQC 90 Mill Road,"EQC Claim 2016/029533 - EQC Land damage assessment at 90 Mill Road, Kaikoura - Kaikoura November 2016 earthquake event.",,2017-01-26,CH,Nick Peters,173.670394,-42.377337,,False,
1011603.0687,1011603,1011603.0687,EQC 1695 Puhi Puhi Road,"EQC Claim 2016/030687 - EQC Land damage assessment at 1695 Puhi Puhi Road, Mangamaunu, Kaikoura - Kaikoura November 2016 earthquake event.",,2017-01-26,CH,Nick Peters,173.732015,-42.283147,,False,
1011603.1561,1011603,1011603.1561,EQC 226 Mill Road,"EQC Claim 2016/031561 - EQC Land damage assessment at 226 Mill Road, Kaikoura - Kaikoura November 2016 earthquake event.",,2017-01-26,CH,Nick Peters,173.654385,-42.379411,,False,
1011603.5679,1011603,1011603.5679,EQC 69 Beach Road,"EQC Claim 2016/035679 - EQC Land damage assessment at 69 Beach Road, Kaikoura - Kaikoura November 2016 earthquake event.",,2017-01-26,CH,Nick Peters,173.678816,-42.393469,,False,
1001899.0000,1001899,1001899.0000,Pa89-EQC-Managed Repair,Pa89-EQC-Managed Repair,,2017-01-27,AK,Grant Loney,172.95383486000003,-41.084639367999955,,False,
1011601.9678,1011601,1011601.9678,EQC 3012 Inland Road,"EQC Claim 2016/019678 - EQC Land damage assessment at 3012 Inland Road, Waiau - Kaikoura November 2016 earthquake event.",,2017-01-27,CH,Nick Peters,173.249602,-42.478264,,False,
1011602.3337,1011602,1011602.3337,EQC 35 Ludstone Road,EQC Claim 2016/023337 - EQC Land damage assessment at 35 Ludstone Road - Kaikoura November 2016 earthquake event.,,2017-01-27,CH,Nick Peters,173.676979,-42.401632,,False,
1011602.6114,1011602,1011602.6114,EQC 77 Old Beach Road,"EQC Claim 2016/026114 - EQC Land damage assessment at 77 Old Beach Road, Kaikoura - Kaikoura November 2016 earthquake event.",,2017-01-27,CH,Nick Peters,173.683928,-42.369155,,False,
1011602.7294,1011602,1011602.7294,EQC 277 Postmans Road,"EQC Claim 2016/027294 - EQC Land damage assessment at 277 Postmans Road, Kaikoura - Kaikoura November 2016 earthquake event.",,2017-01-27,CH,Nick Peters,173.641154,-42.356975,,False,
1011602.9136,1011602,1011602.9136,EQC 192 Mt Fyffe Road,"EQC Claim 2016/029136 - EQC land damage assessment at 192 Mt Fyffe Road, Kaikoura - Kaikoura November 2016 Earthquake Event.",,2017-01-27,CH,Nick Peters,173.662582,-42.386377,,False,
1011602.9272,1011602,1011602.9272,EQC 178 Athelney Rd,"EQC Claim 2016/029272 - EQC 178 Athelney Rd, Kaikoura Flat - Kaikoura November 2016 Earthquake Event",,2017-01-27,CH,Nick Peters,173.676908,-42.360403,,False,
1011603.4103,1011603,1011603.4103,EQC 227 Beach Road,"EQC Claim 2016/034103 - EQC Land damage assessment at 227 Beach , Kaikoura - Kaikoura November 2016 earthquake event.",,2017-01-27,CH,Nick Peters,173.68078,-42.378018,,False,
0086101.8920,0086101,86101.8920,"EQC 5 Liffey Street, Island Bay","EQC  Claim No 2016/018920 -  Liffey Street, Island Bay - Wellington EQC Landslip assessment following  November 2016 Storm Event",,2017-01-29,WN,Robert Frost,174.775887,-41.339928,Wellington City,True,
0086102.1487,0086102,86102.1487,"EQC 135 Townsend Road, Miramar","EQC Claim No. 2016/021487 - 135 Townsend Road, Miramar Wellington - EQC Landslip assessment following November 2016 Storm Event",,2017-01-30,WN,Robert Frost,174.823522,-41.318807,Wellington City,True,
0086102.6857,0086102,86102.6857,"EQC 29 Rawhiti Tce, Kelburn","EQC- Claim No 2016/026857 - 29 Rawhiti Tce, Kelburn, Wellington - EQC landslip assessment following November 2016 Storm Event",,2017-01-30,WN,Robert Frost,174.768,-41.286659,Wellington City,True,
0086102.9499,0086102,86102.9499,"EQC 25a Mount Cecil Rd, Lower Hutt","EQC Claim No. 2016/029499 - 25a Mount Cecil Rd, Lower Hutt, Wellington - EQC Landslip assessment following November 2016 Storm Event",,2017-01-30,WN,Robert Frost,174.980653,-41.134614,Upper Hutt City,True,
0086103.3444,0086103,86103.3444,"EQC 171 Seatoun Heights Road, Seatoun","EQC - Claim No 2016/033444 - 171 Seatoun Heights Road, Seatoun, Wellington - EQC landslip assessment following  November 2016 Storm Event",,2017-01-30,WN,Robert Frost,174.826214,-41.31361,Wellington City,True,
0086103.4075,0086103,86103.4075,"EQC 23b Drummond Cres, Kelson","EQC 23b Drummond Cres, Kelson, Lower Hutt - Wellington November 2016 Storm Event",,2017-01-30,WN,Robert Frost,174.942382,-41.173188,Lower Hutt City,True,
0086103.5278,0086103,86103.5278,"EQC 132 Miramar Ave, Miramar","EQC - Claim No 2016/035278 -  132 Miramar Ave, Miramar, Wellington - EQC landslip assessment following  November 2016 Storm Event",,2017-01-30,WN,Robert Frost,174.820499,-41.318619,Wellington City,True,
0086103.5675,0086103,86103.5675,"EQC 3 Spinnaker Drive, Whitby, Porirua","EQC 3 Spinnaker Drive, Whitby, Porirua - Wellington November 2016 Storm Event",,2017-01-30,WN,Robert Frost,174.889148,-41.105059,Porirua City,True,
0086103.5758,0086103,86103.5758,"EQC 220 The Esplanade, Island Bay","EQC Claim No. 2016/035758 - 220 The Esplanade, Island Bay Wellington - EQC Landslip assessment following November 2016 Storm Event",,2017-01-30,WN,Robert Frost,174.774745,-41.343548,Wellington City,True,
1011602.6697,1011602,1011602.6697,EQC 172 Mill Road,"EQC Claim 2016/026697  - EQC Land damage assessment at 172 Mill Road, Kaikoura Flat - Kaikoura November 2016 earthquake event.",,2017-01-31,CH,Nick Peters,173.66231,-42.378236,,False,
1011602.6843,1011602,1011602.6843,EQC 599 Puhi Puhi,"EQC Claim 2016/026843 - EQC Land damage assessment at 599 Puhi Puhi Road, Mangamaunu, Kaikoura - Kaikoura November 2016 earthquake event.",,2017-02-02,CH,Nick Peters,173.73647,-42.270738,,False,
1011603.0667,1011603,1011603.0667,EQC 178 Esplanade,"EQC Claim 2016/030667  - EQC Land damage assessment at 178 Esplanade, Kaikoura - Kaikoura November 2016 earthquake event.",,2017-02-02,CH,Nick Peters,173.689038,-42.412597,,False,
1011601.8791,1011601,1011601.8791,EQC 7633 SH 1,"EQC Claim 2016/018791 - 7633 SH 1, Ward - Kaikoura November 2016 Earthquake Event.",,2017-02-03,CH,Nick Peters,174.120023,-41.852385,,False,
1011601.9180,1011601,1011601.9180,EQC 41 Weld Road,"EQC Claim 2016/019180 - 41 Weld Road, Seddon- Kaikoura November 2016 Earthquake Event.",,2017-02-03,CH,Nick Peters,174.16802,-41.744448,,False,
1011602.1753,1011602,1011602.1753,EQC 7611 SH 1,"EQC Claim 2016/021753 - 7611 SH 1, Ward - Kaikoura November 2016 Earthquake Event.",,2017-02-03,CH,Nick Peters,174.121804,-41.850538,,False,
1011602.3802,1011602,1011602.3802,EQC 621 Kaparu Road,"EQC Claim 2016/023802 - 621 Kaparu Road, Seddon - Kaikoura November 2016 Earthquake Event.",,2017-02-03,CH,Nick Peters,174.147331,-41.707513,,False,
1011602.5518,1011602,1011602.5518,EQC 4091 Awatere Valley Rd,"EQC Claim 2016/025518 - 4091 Awatere Valley Road, Seddon - Kaikoura November 2016 Earthquake Event.",,2017-02-03,CH,Nick Peters,173.75648542200008,-41.82545912599994,,False,
1011603.3713,1011603,1011603.3713,EQC 2833 Awatere Valley Road,"EQC Claim 2016/033713 - 2833 Awatere Valley Road, Seddon - Kaikoura November 2016 Earthquake Event.",,2017-02-03,CH,Nick Peters,173.833387,-41.779275,,False,
0086102.0382,0086102,86102.0382,"EQC 68 The Esplanade, Raumati South","EQC 68 The Esplanade, Raumati South, Paraparaumu - Wellington November 2016 Storm Event",,2017-02-06,WN,Robert Frost,174.973791,-40.942001,,False,
0086102.1067,0086102,86102.1067,"EQC 12 Robertson Street, Owhiro Bay","EQC Claim No. 2016/021067 - 12 Robertson Street, Owhiro Bay, Wellington - EQC Landslip assessment following November 2016 Storm Event",,2017-02-06,WN,Robert Frost,174.760892,-41.344045,Wellington City,True,
0086102.1397,0086102,86102.1397,"EQC 82a Cecil Road, Wadestown","EQC 82a Cecil Road, Wadestown, Wellington - Wellington November 2016 Storm event",,2017-02-06,WN,Robert Frost,174.770162,-41.264925,Wellington City,True,
1001602.2201,1001602,1001602.2201,"EQC 32 Homewood Crescent, Karori","EQC 32 Homewood Crescent, Karori, Wellington - Kakoura EQ November 2016",,2017-02-06,WN,Robert Frost,174.76384593000012,-41.30895437399994,Wellington City,True,
1001700.0490,1001700,1001700.0490,EQC 46B Holdaway St,"EQC Claim 2017/000490 - 46B Holdaway St, Blenheim - Kaikoura November 2016 Earthquake Event.",,2017-02-06,CH,Elyse Armstrong,173.969532,-41.508871,,False,
1001700.1202,1001700,1001700.1202,"EQC 73 Montreal Grove, Kingston","EQC Claim No: 2017/001202 - 73 Montreal Grove, Kingston, Wellington - EQC Landslip Assessmen January 2017 landslip",,2017-02-06,WN,Robert Frost,174.760776,-41.326607,Wellington City,True,
1001700.1535,1001700,1001700.1535,"EQC 21 Seagull Place, Whitby","EQC Claim No. 2017/001535 - 21 Seagull Place, Whitby, Porirua - EQC assessment following 31 December 2016 Earthquake Event",,2017-02-06,WN,Robert Frost,174.902639,-41.113898,Porirua City,True,
1011601.8195,1011601,1011601.8195,EQC 11 Tekoa St,"EQC Claim 2016/018195 11 Tekoa St, Waiau - Kaikoura November 2016 Earthquake Event",,2017-02-07,CH,Nick Peters,173.043608,-42.659696,,False,
1011602.2122,1011602,1011602.2122,EQC 74 Mount Lyford Forest Dr,"EQC Claim 2016/2022 74 Mount Lyford Forest Dr, Waiau - Kaikoura November 2016 Earthquake Event",,2017-02-07,CH,Nick Peters,173.158298,-42.503367,,False,
1011602.2858,1011602,1011602.2858,EQC 1511 Leader Rd,"EQC Claim 2016/022858 1511 Leader Rd, Waiau - Kaikoura November 2016 Earthquake Event",,2017-02-07,CH,Nick Peters,173.190487,-42.625976,,False,
1011602.3916,1011602,1011602.3916,EQC 3299 SH 1 Clarence,"EQC Claim 2016/023916 - EQC Land damage assessment at 3299 State Highway 1, Clarence - Kaikoura November 2016 earthquake event.",,2017-02-07,CH,Nick Peters,173.889571,-42.183986,,False,
1011602.4663,1011602,1011602.4663,EQC 14 Balmoral St,"EQC Claim 2016/024663 14 Balmoral St, Waiau - Kaikoura November 2016 Earthquake Event",,2017-02-07,CH,Nick Peters,173.043992,-42.659289,,False,
1011603.3767,1011603,1011603.3767,EQC 1501 Leader Rd,"EQC Claim 2016/033767 1501 Leader Rd, Waiau - Kaikoura November 2016 Earthquake Event",,2017-02-07,CH,Nick Peters,173.188584,-42.625026,,False,
1011601.8940,1011601,1011601.8940,EQC 21 Glencree Rd,"EQC Claim 2016/018940 - EQC Land damage assessment at 21 Glencree Rd, Oaro - Kaikoura November 2016 earthquake event.",,2017-02-09,CH,Nick Peters,173.482247,-42.521919,,False,
0086102.3011,0086102,86102.3011,"EQC 42 Taieri Crescent, Kelson","EQC 42 Taieri Crescent, Kelson - Wellington November 2016 Storm Event",,2017-02-12,WN,Robert Frost,174.932494,-41.181395,Lower Hutt City,True,
0086102.7802,0086102,86102.7802,"EQC 67 Bird Grove, Stokes Valley","EQC 67 Bird Grove, Stokes Valley, Lower Hutt - Wellington November 2016 Storm Event",,2017-02-12,WN,Robert Frost,174.976935,-41.176755,Lower Hutt City,True,
0086102.9720,0086102,86102.9720,"EQC 45 Rangoon Street, Khandallah","EQC Claim No. 2016/029720 - 45 Rangoon Street, Khandallah - Wellington November 2016 Storm Event",,2017-02-12,WN,Robert Frost,174.79865,-41.241893,Wellington City,True,
0086103.2038,0086103,86103.2038,"EQC 36 Rochester Street, Wilton","EQC - Claim No 2016/032038, 36 Rochester Stsreet, Wilson, Wellington - EQC landslip assessment following November 2016 Storm Event",,2017-02-12,WN,Robert Frost,174.762288,-41.270282,Wellington City,True,
0086103.2301,0086103,86103.2301,"EQC 44 Harbour View Road, Lower Hutt","EQC  44 Harbour View Road, Lower Hutt - Wellington November 2016 Storm Event",,2017-02-12,WN,Robert Frost,174.897394,-41.202988,Lower Hutt City,True,
1001700.0526,1001700,1001700.0526,"EQC 2 Shoal Place, Whitby, Porirua","EQC Claim No. 2017/000526 - 2 Shoal Place, Whitby, Porirua - EQC Landslip assessment following November 2016 storm event",,2017-02-12,WN,Robert Frost,174.900875,-41.108326,Porirua City,True,
1001700.2095,1001700,1001700.2095,"EQC 14 Greenwich Grv, Stokes Valley","EQC 14 Greenwich Grv, Stokes Valley, Lower Hutt - Wellington BAU 2017",,2017-02-12,WN,Robert Frost,174.977599,-41.164916,Lower Hutt City,True,
1001700.2263,1001700,1001700.2263,"EQC 671 Paekakariki Hill Road, Porirua","EQC 671 Paekakariki Hill Road, Pauatahanui, Porirua - Wellington BAU 2017",,2017-02-12,WN,Robert Frost,174.931669,-41.052914,Porirua City,True,
1001700.3992,1001700,1001700.3992,"EQC 81 Arawhata Street, Ranui, Porirua","EQC Claim No. 2017/003992 - 81 Arawhata Street, Ranui, Porirua - EQC Landslip assessment following November 2016 Storm Event",,2017-02-12,WN,Robert Frost,174.854086,-41.144756,Porirua City,True,
0086102.2539,0086102,86102.2539,"EQC 146 Mulhern Road, Judgeford, Porirua","EQC Claim No. 2016/022539 - 146 Mulhern Road, Judgeford, Porirua - EQC Landslip assessment November 2016 Storm Event",,2017-02-14,WN,Robert Frost,174.94605,-41.105937,Porirua City,True,
0086102.6999,0086102,86102.6999,"EQC 37 Monowai Road, Johnsonville","- Claim No 2016/026999 - 37 Monowai Road, Johnsonville, Wellington - EQC assessment following Kaikoura earthquake event",,2017-02-14,WN,Robert Frost,174.805941,-41.218294,Wellington City,True,
0086103.5467,0086103,86103.5467,"EQC 71 High Street, Island Bay","EQC - Claim No 2016/035467 - 71 High Street, Island Bay, Wellington - EQC landslip assessment following  November 2016 Storm Event",,2017-02-14,WN,Robert Frost,174.76545,-41.347493,Wellington City,True,
1001700.0718,1001700,1001700.0718,"EQC 8 Windleborn Place, Richmond","EQC Claim 2017/000718 EQC land damage assissment at 8 Windleborn Place, Richmond - Kaikoura November 2016 Earthquake Event",,2017-02-15,NE,Marcus Lovell,173.19609,-41.351756,,False,
1001700.7193,1001700,1001700.7193,"EQC 124 Anakiwa Rd, Linkwater","EQC 124 Anakiwa Rd, Linkwater BAU landslip/storm/flood",,2017-02-15,NE,Marcus Lovell,173.898634,-41.286003,,False,
1001700.9139,1001700,1001700.9139,"EQC Lot3 DP12034 South East Bay, Pelorus","EQC Lot3 DP12034 South East Bay, Pelorus BAU landslip/storm/flood",,2017-02-15,NE,Marcus Lovell,173.766674,-41.283318,,False,
1001701.3833,1001701,1001701.3833,"EQC 578 Redwood Valley Rd, Richmond","EQC 578 Redwood Valley Rd, Richmond - February 2017 Landslip/Storm/Flood Event",,2017-02-15,NE,Marcus Lovell,173.038639,-41.312513,,False,
1011603.0079,1011603,1011603.0079,"EQC Lot3 DP12034 South East Bay, Pelorus","EQC Lot3 DP12034 South East Bay, Pelorus BAU landslip/storm/flood",,2017-02-15,NE,Marcus Lovell,173.916673,-41.099991,,False,
1011603.3190,1011603,1011603.3190,"EQC 1 Skylark Rise, Todds Valley,Nelson","EQC 1 Skylark Rise, Todds Valley, Nelson BAU landslip/storm/flood",,2017-02-15,NE,Marcus Lovell,173.343375,-41.218347,,False,
1011601.8584,1011601,1011601.8584,"EQC 6 Tekoa Street, Waiau","EQC Claim 2016/018584 - EQC 6 Tekoa Street, Waiau - Kaikoura November 2016 Earthquake Event",,2017-02-16,CH,Nick Peters,173.042405,-42.659853,,False,
1011602.0643,1011602,1011602.0643,"EQC 86 Tinline Terrace, Lyford","EQC Claim 2016/020643 - EQC 86 Tinline Terrace, Lyford, Waiau - Kaikoura November 2016 Earthquake Event",,2017-02-16,CH,Nick Peters,173.15458,-42.486904,,False,
1011602.2075,1011602,1011602.2075,"EQC 215 Caseys Rd, Seddon","EQC Claim 2016/022075 - EQC Land damage assessment at 215 Caseys Rd, Seddon - Kaikoura November 2016 earthquake event.",,2017-02-16,CH,Nick Peters,174.112773,-41.707937,,False,
1011602.2338,1011602,1011602.2338,EQC 176 Mill Road,"EQC Claim 2016/022338  - EQC Land damage assessment at 176 Mill Road, Kaikoura - Kaikoura November 2016 earthquake event.",,2017-02-16,CH,Nick Peters,173.660462,-42.37831,,False,
1011602.7434,1011602,1011602.7434,"EQC 87 Tinline Terrace, Lyford","EQC Claim 2016/027434 - EQC 87 Tinline Terrace, Lyford, Waiau - Kaikoura November 2016 Earthquake Event",,2017-02-16,CH,Nick Peters,173.1538,-42.486954,,False,
0086102.1635,0086102,86102.1635,"EQC 22 Norna Crescent, Kelburn","EQC 22 Norna Crescent, Kelburn, Wellington - Wellington November 2016 Storm Event",,2017-02-19,WN,Robert Frost,174.757303,-41.291131,Wellington City,True,
1001700.1116,1001700,1001700.1116,"EQC 20 Northland Road, Northland","EQC 20 Northland Road, Northland, Wellington - Wellington BAU 2017",,2017-02-19,WN,Robert Frost,174.757435,-41.285179,Wellington City,True,
1001700.5305,1001700,1001700.5305,"EQC 115b Barnard Street, Wadestown","EQC 115b Barnard Street, Wadestown, Wellington - Wellington BAU 2017",,2017-02-19,WN,Robert Frost,174.784047,-41.260934,Wellington City,True,
0086101.7730,0086101,86101.7730,"EQC 9 Kio Crescent, Hataitai","EQC Claim No. 2016/017730 - 9 Kio Cres, Hataitai- Wellington November storm event 2016",,2017-02-20,WN,Robert Frost,174.804445,-41.298402,Wellington City,True,
0086102.0410,0086102,86102.0410,"EQC 13 Crown Hill, Porirua","EQC 13 Crown Hill, Porirua, Wellington - Wellington November 2016 Storm Event",,2017-02-20,WN,Robert Frost,174.850636,-41.106905,Porirua City,True,2013
0086102.2106,0086102,86102.2106,"EQC 35 Thornley Street, Titahi Bay","EQC 35 Thornley Street, Titahi Bay, Porirua - Wellington November storm event 2016",,2017-02-20,WN,Robert Frost,174.839337,-41.099344,Porirua City,True,
0086102.6000,0086102,86102.6000,"EQC 6 Pilot Lane, Whitby","EQC 6 Pilot Lane, Whitby, Porirua - Wellington November 2016 Storm Event",,2017-02-20,WN,Robert Frost,174.89954,-41.120301,Porirua City,True,
1001700.4012,1001700,1001700.4012,"EQC 45 Harbour View Road, Northland","EQC 45 Harbour View Road, Northland, Wellington - Wellington BAU 2017",,2017-02-20,WN,Robert Frost,174.760494,-41.282643,Wellington City,True,
1001700.4757,1001700,1001700.4757,"EQC 848 Otaki Gorge Road, Hautere","EQC - Claim No 2017/004757 - 848 Otaki Gorge Road, Hautere, Otaki - EQC landslip assessment following February 2017 Storm Event",,2017-02-20,WN,Robert Frost,175.206003,-40.828439,,False,
1011601.9260,1011601,1011601.9260,"EQC 2023 SH1, Half Moon Bay","EQC Claim 2016/019260 - EQC Land damage assessment at 2023 State Highway 1, Half Moon Bay - Kaikoura November 2016 earthquake event.",,2017-02-20,CH,Nick Peters,173.807425,-42.263491,,False,
1011602.2409,1011602,1011602.2409,"EQC 7a Gillings Lane, Kaikoura",EQC Claim 2016/022409 - EQC Land damage assessment at 7a Gillings Lane - Kaikoura November 2016 earthquake event.,,2017-02-20,CH,Nick Peters,173.679215,-42.382883,,False,
1011602.3264,1011602,1011602.3264,"EQC 10 Gillings Ln, Kaikoura",EQC Claim 2016/023264 - EQC Land damage assessment at 10 Gillings Ln - Kaikoura November 2016 earthquake event.,,2017-02-20,CH,Nick Peters,173.677147,-42.384306,,False,
1011602.3912,1011602,1011602.3912,"EQC 138 Esplanade, Kaikoura","EQC Claim 2016/023912 - EQC Land damage assessment at 138 Esplanade, Kaikoura - Kaikoura November 2016 earthquake event.",,2017-02-20,CH,Nick Peters,173.686935,-42.410495,,False,
1011602.6227,1011602,1011602.6227,"EQC 172 Esplanade, Kaikoura",EQC Claim 2016/026227 - EQC Land damage assessment at 172 Esplanade - Kaikoura November 2016 earthquake event.,,2017-02-20,CH,Nick Peters,173.688747,-42.412297,,False,
1011602.7185,1011602,1011602.7185,"EQC 240a Esplanade, Kaikoura",EQC Claim 2016/027185 - EQC Land damage assessment at 240a Esplanade - Kaikoura November 2016 earthquake event.,,2017-02-20,CH,Nick Peters,173.693112,-42.415741,,False,
1011602.8015,1011602,1011602.8015,"EQC 2027 SH 1, Half Moon Bay","EQC Claim 2016/028015 - EQC Land damage assessment at 2027 SH 1, Kaikoura Rural - Kaikoura November 2016 earthquake event.",,2017-02-20,CH,Nick Peters,173.807793,-42.263158,,False,
1011603.0216,1011603,1011603.0216,EQC 47a Churchill St,EQC Claim 2016/030216 - EQC Land damage assessment at 47a Churchill St - Kaikoura November 2016 earthquake event.,,2017-02-20,CH,Nick Peters,173.679999,-42.406681,,False,
1011603.0339,1011603,1011603.0339,"EQC 7 Brighton St, Kaikoura",EQC Claim 2016/030339 - EQC Land damage assessment at 7 Brighton St - Kaikoura November 2016 earthquake event.,,2017-02-20,CH,Nick Peters,173.687118,-42.41149,,False,
1011603.1676,1011603,1011603.1676,"EQC 1985 State Highway 1, Half Moon Bay","EQC Claim 2016/031676 - EQC Land damage assessment at 1985 State Highway 1, Half Moon Bay - Kaikoura November 2016 earthquake event.",,2017-02-20,CH,Nick Peters,173.8042,-42.265856,,False,
1011603.1908,1011603,1011603.1908,"EQC 112c Beach Rd, Kaikoura","EQC Claim 2016/031908  - EQC Land damage assessment at 112c Beach Rd, Kaikoura - Kaikoura November 2016 earthquake event.",,2017-02-20,CH,Nick Peters,173.680179,-42.389559,,False,
1011601.8554,1011601,1011601.8554,"EQC 1774 SH 1, Oaro, Kaikoura","EQC Claim 2016/018554 - EQC Land damage assessment at 1774 SH 1, Oaro - Kaikoura November 2016 earthquake event.",,2017-02-21,CH,Nick Peters,173.518822,-42.495715,,False,
1011602.0380,1011602,1011602.0380,"EQC 207 Athelney Road, Kaikoura Flat","EQC Claim 2016/020380 - EQC Land damage assessment at 207 Athelney Road, Kaikoura Flat - Kaikoura November 2016 earthquake event.",,2017-02-21,CH,Nick Peters,173.674853,-42.358067,,False,
1011602.1598,1011602,1011602.1598,"EQC 22 Puketa Road, Peketa","EQC Claim 2016/021598- EQC Land damage assessment at 22 Puketa Road, Peketa - Kaikoura November 2016 earthquake event.",,2017-02-21,CH,Nick Peters,173.5881,-42.431557,,False,
1011602.1766,1011602,1011602.1766,EQC 285 Blue Duck Valley Road,"EQC Claim 2016/021766 - EQC Land damage assessment at 285 Blue Duck Valley Road, Seaward Valley - Kaikoura November 2016 earthquake event.",,2017-02-21,CH,Nick Peters,173.771081,-42.26054,,False,
1011602.2105,1011602,1011602.2105,"EQC 1178 Puhi Puhi Rd, Puhi Puhi","EQC Claim 2016/022105 - EQC Land damage assessment at 1178 Puhi Puhi Rd, Puhi Puhi - Kaikoura November 2016 earthquake event.",,2017-02-21,CH,Nick Peters,173.757495,-42.225253,,False,
1011602.3017,1011602,1011602.3017,"EQC 2017 State Highway 1, Half Moon Bay","EQC Claim 2016/023017 - EQC Land damage assessment at 2017 State Highway 1, Half Moon Bay - Kaikoura November 2016 earthquake event.",,2017-02-21,CH,Nick Peters,173.806953,-42.264064,,False,
1011602.3334,1011602,1011602.3334,"EQC 2011 State Highway 1, Half Moon Bay","EQC Claim 2016/023334 - EQC Land damage assessment at 2011 State Highway 1, Half Moon Bay - Kaikoura November 2016 earthquake event.",,2017-02-21,CH,Nick Peters,173.806304,-42.264735,,False,
1011602.4140,1011602,1011602.4140,"EQC 2029 State Highway 1, Half Moon Bay","EQC Claim 2016/024140 - EQC Land damage assessment at 2029 State Highway 1, Half Moon Bay - Kaikoura November 2016 earthquake event.",,2017-02-21,CH,Nick Peters,173.808222,-42.263021,,False,
1011602.5777,1011602,1011602.5777,"EQC 1979 State Highway 1, Half Moon Bay","EQC Claim 2016/025777 - EQC Land damage assessment at 1979 State Highway 1, Half Moon Bay - Kaikoura November 2016 earthquake event.",,2017-02-21,CH,Nick Peters,173.803868,-42.266129,,False,
1011602.6930,1011602,1011602.6930,"EQC 2015 State Highway 1, Half Moon Bay","EQC Claim 2016/026930 - EQC Land damage assessment at 2015 State Highway 1, Half Moon Bay - Kaikoura November 2016 earthquake event.",,2017-02-21,CH,Nick Peters,173.806524,-42.264222,,False,
1011602.7964,1011602,1011602.7964,"EQC 1037 State Highway 1, Mangamaunu","EQC Claim 2016/027964 - EQC Land damage assessment at 1037 State Highway 1, Mangamaunu - Kaikoura November 2016 earthquake event.",,2017-02-21,CH,Nick Peters,173.732807,-42.308668,,False,
1011602.8097,1011602,1011602.8097,"EQC 244 Scotts Road, Inland Rd","EQC Claim 2016/028097 - EQC Land damage assessment at 244 Scotts Road, Inland Road - Kaikoura November 2016 earthquake event.",,2017-02-21,CH,Nick Peters,173.461866,-42.404538,,False,
1011602.9181,1011602,1011602.9181,"EQC 123 Blunts Road, Inland Road","EQC Claim 2016/029181 - EQC Land damage assessment at 123 Blunts Road, Inland Road - Kaikoura November 2016 earthquake event.",,2017-02-21,CH,Nick Peters,173.505476,-42.397528,,False,
1011603.3241,1011603,1011603.3241,"EQC 2021 State Highway 1, Half Moon Bay","EQC Claim 2016/033241 - EQC Land damage assessment at 2021 State Highway 1, Half Moon Bay - Kaikoura November 2016 earthquake event.",,2017-02-21,CH,Nick Peters,173.807349,-42.263673,,False,
1001700.6441,1001700,1001700.6441,"EQC 38 Mount Marua Way, Timberlea","EQC 38 Mount Marua Way, Timberlea. Upper Hutt - Wellington BAU 2017",,2017-02-22,WN,Robert Frost,175.121845,-41.101191,Upper Hutt City,True,
1011601.8310,1011601,1011601.8310,"EQC 12 Fernihurst St, Waiau","EQC Claim 2016/018310 - EQC Land damage assessment at 12 Fernihurst St, Waiau - Kaikoura November 2016 earthquake event.",,2017-02-23,CH,Nick Peters,173.04357,-42.661819,,False,
1011601.8532,1011601,1011601.8532,"EQC 38 Lyndon Street, Waiau","EQC Claim 2016/018532 - EQC Land damage assessment at 38 Lyndon Street, Waiau - Kaikoura November 2016 earthquake event.",,2017-02-23,CH,Nick Peters,173.043044,-42.657435,,False,
1011602.0602,1011602,1011602.0602,"EQC 37 Parnassus St, Waiau","EQC Claim 2016/020602 - EQC Land damage assessment at 37 Parnassus St, Waiau - Kaikoura November 2016 earthquake event.",,2017-02-23,CH,Nick Peters,173.045873,-42.653492,,False,
1011602.0993,1011602,1011602.0993,EQC 17 Balmoral St,"EQC Claim 2016/020993 - EQC Land damage assessment at 17 Balmoral St, Waiau - Kaikoura November 2016 earthquake event.",,2017-02-23,CH,Nick Peters,173.04493,-42.65882,,False,
1011602.1190,1011602,1011602.1190,"EQC 1728 Leslie Hills Road, Emu Plain","EQC Claim 2016/021190 - EQC Land damage assessment at 1728 Leslie Hills Road, Emu Plain, Waiau - Kaikoura November 2016 earthquake event.",,2017-02-23,CH,Nick Peters,173.68909275600004,-42.41272399999997,,False,
1011602.1586,1011602,1011602.1586,"EQC 18 Tekoa Street, Waiau","EQC Claim 2016/021586 - EQC Land damage assessment at 18 Tekoa Street, Waiau - Kaikoura November 2016 earthquake event.",,2017-02-23,CH,Nick Peters,173.043582,-42.660439,,False,
1011602.1632,1011602,1011602.1632,"EQC 5 Mendip Street, Waiau","EQC Claim 2016/021632 - EQC Land damage assessment at 5 Mendip Street, Waiau - Kaikoura November 2016 earthquake event.",,2017-02-23,CH,Nick Peters,173.042301,-42.660511,,False,
1011602.2070,1011602,1011602.2070,"EQC 25 Montrose Street, Waiau","EQC Claim 2016/022070 - EQC Land damage assessment at 25 Montrose Street, Waiau - Kaikoura November 2016 earthquake event.",,2017-02-23,CH,Nick Peters,173.044928,-42.654999,,False,
1011602.3547,1011602,1011602.3547,"EQC 48 Lyndon Street, Waiau","EQC Claim 2016/023547 - EQC Land damage assessment at 48 Lyndon Street, Waiau - Kaikoura November 2016 earthquake event.",,2017-02-23,CH,Nick Peters,173.044391,-42.658078,,False,
1011602.5585,1011602,1011602.5585,"EQC 12 Tekoa Street, Waiau","EQC Claim 2016/025585 - EQC Land damage assessment at 12 Tekoa Street, Waiau - Kaikoura November 2016 earthquake event.",,2017-02-23,CH,Nick Peters,173.043043,-42.660122,,False,
1011602.6914,1011602,1011602.6914,"EQC 26 Clarence Street, Waiau","EQC Claim 2016/026914 - EQC Land damage assessment at 26 Clarence Street, Waiau - Kaikoura November 2016 earthquake event.",,2017-02-23,CH,Nick Peters,173.044982,-42.65426,,False,
1011603.2027,1011603,1011603.2027,EQC 15 Balmoral St,"EQC Claim 2016/032027 - EQC Land damage assessment at 15 Balmoral St, Waiau - Kaikoura November 2016 earthquake event.",,2017-02-23,CH,Nick Peters,173.044679,-42.658774,,False,
1011603.3136,1011603,1011603.3136,"EQC 46 Lyndon Street, Waiau","EQC Claim 2016/033136 - EQC Land damage assessment at 46 Lyndon Street, Waiau - Kaikoura November 2016 earthquake event.",,2017-02-23,CH,Nick Peters,173.044225,-42.65788,,False,
1001700.3731,1001700,1001700.3731,"EQC 77 Maungaraki Road, Korokoro","EQC 77 Maungaraki Road, Korokoro, Lower Hutt - Wellington BAU 2017",,2017-02-24,WN,Robert Frost,174.867543,-41.211591,Lower Hutt City,True,
1001700.8991,1001700,1001700.8991,"EQC 1 Viewmont Drive, Harbour View","EQC 1 Viewmont Drive, Harbour View, Lower Hutt - Wellington BAU 2017",,2017-02-24,WN,Robert Frost,174.898587,-41.202571,Lower Hutt City,True,
1011602.0896,1011602,1011602.0896,"EQC 7 Fernihurst Street, Waiau","EQC Claim 2016/020896 - EQC Land damage assessment at 7 Fernihurst Street, Waiau - Kaikoura November 2016 earthquake event.",,2017-02-26,CH,Nick Peters,173.043861,-42.660482,,False,
1011601.7206,1011601,1011601.7206,"EQC 56 Mount Lyford Ave, Mt Lyford Villa","EQC Claim 2016/017206 - EQC Land damage assessment at 56 Mount Lyford Ave, Mt Lyford Village, Waiau - Kaikoura November 2016 earthquake event.",,2017-02-27,CH,Nick Peters,173.158374,-42.489503,,False,
1011601.7491,1011601,1011601.7491,"EQC 1373 Leader Rd W, Waiau","EQC Claim 2016/017491 - EQC Land damage assessment at 1373 Leader Rd W, Waiau - Kaikoura November 2016 earthquake event.",,2017-02-27,CH,Nick Peters,173.173081,-42.623052,,False,
1011601.8227,1011601,1011601.8227,"EQC402 River Rd, Waiau","EQC Claim 2016/018227 - EQC Land damage assessment at 402 River Rd, Waiau - Kaikoura November 2016 earthquake event.",,2017-02-27,CH,Nick Peters,173.00123,-42.636591,,False,
1011602.0143,1011602,1011602.0143,"EQC 1153 Leslie Hills Rd, Leslie Hills","EQC Claim 2016/020143 - EQC Land damage assessment at 1153 Leslie Hills Rd, Leslie Hills - Kaikoura November 2016 earthquake event.",,2017-02-27,CH,Nick Peters,172.904952,-42.640363,,False,
1011602.0727,1011602,1011602.0727,"EQC106 Mount Paul Rd, Emu Plain","EQC Claim 2016/020727 - EQC Land damage assessment at 106 Mount Paul Rd, Emu Plain - Kaikoura November 2016 earthquake event.",,2017-02-27,CH,Nick Peters,172.961654,-42.616271,,False,
1011602.0848,1011602,1011602.0848,EQC 662 Sherwood Rd,"EQC Claim 2016/020848 - EQC Land damage assessment at 662 Sherwood Rd, Waiau - Kaikoura November 2016 earthquake event.",,2017-02-27,CH,Nick Peters,173.076157,-42.56087,,False,
1011602.2168,1011602,1011602.2168,"EQC 34 Lulus Ln, Lyford, Waiau","EQC Claim 2016/022168 - EQC Land damage assessment at 34 Lulus Ln, Lyford, Waiau - Kaikoura November 2016 earthquake event.",,2017-02-27,CH,Nick Peters,173.16062,-42.488426,,False,
1011602.2614,1011602,1011602.2614,"EQC 724 Sherwood Rd, Waiau","EQC Claim 2016/022614 - EQC Land damage assessment at 724 Sherwood Rd, Waiau - Kaikoura November 2016 earthquake event.",,2017-02-27,CH,Nick Peters,173.077248,-42.557362,,False,
1011602.3521,1011602,1011602.3521,"EQC 62 Mount Lyford Ave, Mt Lyford Villa","EQC Claim 2016/023521 - EQC Land damage assessment at 62 Mount Lyford Ave, Mt Lyford Village, Waiau - Kaikoura November 2016 earthquake event.",,2017-02-27,CH,Nick Peters,173.156622,-42.487292,,False,
1011602.3564,1011602,1011602.3564,"EQC 693 Leader Rd W, Waiau","EQC Claim 2016/023564 - EQC Land damage assessment at 693 Leader Rd W, Waiau - Kaikoura November 2016 earthquake event.",,2017-02-27,CH,Nick Peters,173.248353,-42.653614,,False,
1011602.5931,1011602,1011602.5931,"EQC 19 Lulus Ln, Lyford","EQC Claim 2016/025931 - EQC Land damage assessment at 19 Lulus Ln, Lyford - Kaikoura November 2016 earthquake event.",,2017-02-27,CH,Nick Peters,173.16373,-42.492063,,False,
1011602.6606,1011602,1011602.6606,"EQC 80 Foggy Lookout, Lyford","EQC Claim 2016/026606 - EQC Land damage assessment at 80 Foggy Lookout, Lyford, Waiau - Kaikoura November 2016 earthquake event.",,2017-02-27,CH,Nick Peters,173.155507,-42.488366,,False,
1011601.9772,1011601,1011601.9772,"EQC 9 Hepburn Ln, Hanmer Springs","EQC Claim  2016/019772 - EQC Land damage assessment at 9 Hepburn Ln, Hanmer Springs -  Kaikoura November 2016 earthquake event.",,2017-02-28,CH,Nick Peters,172.83122955800002,-42.52851090699994,,False,
1011602.0287,1011602,1011602.0287,"EQC 243 Scotts Rd, Inland Road","EQC Claim  2016/020287 - EQC Land damage assessment at 243 Scotts Rd, Inland Road -  Kaikoura November 2016 earthquake event.",,2017-02-28,CH,Nick Peters,173.45295,-42.409107,,False,
1011602.0595,1011602,1011602.0595,"EQC 518 SH 1, Kaikoura","EQC Claim 2016/020595 - EQC 518 SH 1, Kaikoura - Kaikoura November 2016 Earthquake Event",,2017-02-28,CH,Nick Peters,173.608295,-42.420193,,False,
1011602.1957,1011602,1011602.1957,EQC 172d Mill Rd,"EQC Claim 2016/021957 - EQC 172d Mill Rd, Kaikoura - Kaikoura November 2016 Earthquake Event",,2017-02-28,CH,Nick Peters,173.661122,-42.37336,,False,
1011602.3979,1011602,1011602.3979,"EQC 8 Old Beach Rd, Kaikoura Peninsula","EQC Claim  2016/023979 - EQC Land damage assessment at 8 Old Beach Rd, Kaikoura Peninsula -  Kaikoura November 2016 earthquake event.",,2017-02-28,CH,Nick Peters,173.682647,-42.375204,,False,
1011602.4012,1011602,1011602.4012,"EQC 2495 Inland Kaikoura Rd, Inland Road","EQC Claim  2016/024012 - EQC Land damage assessment at 2495 Inland Kaikoura Rd, Inland Road -  Kaikoura November 2016 earthquake event.",,2017-02-28,CH,Nick Peters,173.321958,-42.431443,,False,
1011602.5142,1011602,1011602.5142,EQC 972 Sherwood Rd,"EQC Claim 2016/025142 - EQC Land damage assessment at 972 Sherwood Road, Waiau - Kaikoura November 2016 earthquake event.",,2017-02-28,CH,Nick Peters,173.068831,-42.539579,,False,
1011602.6352,1011602,1011602.6352,"EQC 3276 Inland Kaikoura Rd, Inland Road","EQC Claim  2016/026352 - EQC Land damage assessment at 3276 Inland Kaikoura Rd, Inland Road -  Kaikoura November 2016 earthquake event.",,2017-02-28,CH,Nick Peters,173.339467,-42.424263,,False,
1011602.7796,1011602,1011602.7796,EQC 36 Mill Rd,"EQC Claim 2016/027796 - EQC 36 Mill Rd, Kaikoura Peninsula - Kaikoura November 2016 Earthquake Event",,2017-02-28,CH,Nick Peters,173.676174,-42.376536,,False,
1011603.0652,1011603,1011603.0652,"EQC 540 Spey Forest Rd, Stag And Spey","EQC Claim  2016/030652 - EQC Land damage assessment at 540 Spey Forest Rd, Stag And Spey -  Kaikoura November 2016 earthquake event.",,2017-02-28,CH,Nick Peters,173.374231,-42.491455,,False,
1011603.3791,1011603,1011603.3791,"EQC 114 Factory Rd, Hapuku","EQC Claim  2016/033791 - EQC Land damage assessment at 114 Factory Rd, Hapuku -  Kaikoura November 2016 earthquake event.",,2017-02-28,CH,Nick Peters,173.72263,-42.333623,,False,
1011603.4113,1011603,1011603.4113,EQC 19 Mill Rd,"EQC Claim 2016/034113 - EQC 19 Mill Rd, Kaikoura - Kaikoura November 2016 Earthquake Event",,2017-02-28,CH,Nick Peters,173.678705,-42.376855,,False,
0086101.7477,0086101,86101.7477,"EQC 47 Airlie Rd, Plimmerton, Porirua","EQC Claim no 2016/017477, 47 Airlie Rd, Plimmerton, Porirua  - EQC landslip assessment following  November 2016 Storm Event",,2017-03-01,WN,Robert Frost,174.858698,-41.069848,Porirua City,True,
1001700.6202,1001700,1001700.6202,"EQC 52 Cluny Rd, Plimmerton, Porirua","EQC - Claim No 2017/006202 - 52 Cluny Rd, Plimmerton, Porirua  -  EQC landslip assessment following November 2016 Storm Event",,2017-03-01,WN,Robert Frost,174.860162,-41.069871,Porirua City,True,
1011602.2324,1011602,1011602.2324,"EQC 64 Mill Road, Kaikoura Flat","EQC Claim 2016/022324 - EQC Land damage assessment at 64 Mill Road, Kaikoura Flat - Kaikoura November 2016 earthquake event.",,2017-03-01,CH,Nick Peters,173.673968,-42.375819,,False,
1011602.5068,1011602,1011602.5068,"EQC 871 Inland Kaikoura Road, Inland Rd","EQC Claim 2016/025068 - EQC Land damage assessment at 871 Inland Kaikoura Road, Inland Road - Kaikoura November 2016 earthquake event.",,2017-03-01,CH,Nick Peters,173.559658,-42.36473,,False,
0086102.0528,0086102,86102.0528,"EQC 20 Madeira CL, Whitby, Porirua,","EQC Claim No. 2016/020528 - 20 Madeira CL, Whitby, Porirua, 5024, Wellington - EQC Landslip assessment following November 2016 Storm Event",,2017-03-02,WN,Robert Frost,174.906006,-41.117025,Porirua City,True,
0086102.1554,0086102,86102.1554,"EQC 46 The Companionway, Whitby, Porirua","EQC 46 The Companionway, Whitby, Porirua 5024 - Wellington November 2016 Storm Event",,2017-03-02,WN,Robert Frost,174.889839,-41.114377,Porirua City,True,
0086102.9992,0086102,86102.9992,"EQC 17A Hornsey Rd, Melrose, Wellington,","EQC Claim No. 2016/029992 - 17A Hornsey Rd, Melrose, Wellington, 6023 - EQC Landslip assessment following November 2016 Storm Event",,2017-03-02,WN,Robert Frost,174.788112,-41.32564,Wellington City,True,
1001700.6719,1001700,1001700.6719,"EQC 14 Ponsonby Rd, Karori, Wellington","EQC - Claim No 2017/006719 - 14 Ponsonby Rd, Karori, Wellington - EQC landslip assessment following Novemb er 2016 Storm Event",,2017-03-02,WN,Robert Frost,174.750406,-41.284472,Wellington City,True,
1001700.7844,1001700,1001700.7844,"EQC 288 Evans Bay Pde, Hataitai","EQC - Claim No 2017/007844 - 288 Evans Bay Pde, Hataitai, Wellington - EQC landslip assessment following November 2016 Storm Event",,2017-03-02,WN,Robert Frost,174.804311,-41.301422,Wellington City,True,
1001700.9172,1001700,1001700.9172,"EQC 9 Kio Crescent, Hataitai","EQC 9 Kio Cres, Hataitai, Wellington - Wellington BAU 2017",,2017-03-02,WN,Robert Frost,174.804343,-41.298514,Wellington City,True,
1011602.6369,1011602,1011602.6369,EQC 16 Stag and Spey Rd,"EQC Claim  2016/026369 - EQC Land damage assessment at 16 Stag and Spey Road, Kaikoura -  Kaikoura November 2016 earthquake event.",,2017-03-05,CH,Nick Peters,173.356001,-42.423964,,False,2016
1001700.4832,1001700,1001700.4832,"EQC 181 Barnard St, Wadestown WLG","181 Barnard St, Wadestown, Wellington, 6012- Wellington BAU 2017",,2017-03-06,WN,Robert Frost,174.785229,-41.260555,Wellington City,True,
1011601.7559,1011601,1011601.7559,EQC 116 SH 1 Kaikoura,"EQC Claim 2016/017559 - EQC land damage assessment at 116 SH 1, Kaikoura - Kaikoura November 2016 earthquake event.",,2017-03-07,CH,Nick Peters,173.656859,-42.411461,,False,
1011602.3535,1011602,1011602.3535,EQC 1005 Stag and Spey,"EQC Claim 2016/023535 - EQC land damage assessment at 1005 Stag and Spey Road, Stag and Spey - Kaikoura November 2016 earthquake event.",,2017-03-07,CH,Nick Peters,173.355072,-42.501547,,False,
1011602.6452,1011602,1011602.6452,EQC 199 Brunels Road,EQC Claim 2016/026452 - EQC Land damage assessment at 199 Brunels Road - Kaikoura November 2016 earthquake event.,,2017-03-07,CH,Nick Peters,173.64842,-42.331008,,False,
1011602.2201,1011602,1011602.2201,"EQC 32 Homewood Crescent, Karori","EQC 32 Homewood Crescent, Karori, Wellington - Kakoura EQ November 2016",,2017-03-08,WN,Robert Frost,174.746477,-41.277722,Wellington City,True,
1011701.1014,1011701,1011701.1014,"EQC 46 The Companionway, Whitby, Porirua","EQC 46 The Companionway, Whitby, Porirua 5024 - Wellington BAU 2017",,2017-03-08,WN,Robert Frost,174.889931,-41.114417,Porirua City,True,
1002473.0000,1002473,1002473.0000,EQC March 2017 Storm,EQC North Island March 2017 Storm event,,2017-03-13,WN,Jason Kelly,174.775115928974,-41.291841320364,Wellington City,True,
1002473.0001,1002473,1002473.0001,EQC March 2017 Storm Group 1,EQC North Island March 2017 Storm event Group 1,,2017-03-13,WN,Jason Kelly,174.775115928974,-41.291841320364,Wellington City,True,
1002473.0002,1002473,1002473.0002,EQC March 2017 Storm Group 2,EQC North Island March 2017 Storm event Group 2,,2017-03-13,WN,Jason Kelly,174.775115928974,-41.291841320364,Wellington City,True,
1002473.0003,1002473,1002473.0003,EQC March 2017 Storm Group 3,EQC North Island March 2017 Storm event Group 3,,2017-03-13,WN,Jason Kelly,174.775115928974,-41.291841320364,Wellington City,True,
1002473.0004,1002473,1002473.0004,EQC March 2017 Storm Group 4,EQC North Island March 2017 Storm event Group 4,,2017-03-13,WN,Jason Kelly,174.775115928974,-41.291841320364,Wellington City,True,
1002473.0005,1002473,1002473.0005,EQC March 2017 Storm Group 5,EQC North Island March 2017 Storm event Group 5,,2017-03-13,WN,Jason Kelly,174.775115928974,-41.291841320364,Wellington City,True,
1002473.0006,1002473,1002473.0006,EQC March 2017 Storm Group 6,EQC North Island March 2017 Storm event Group 6,,2017-03-13,WN,Jason Kelly,174.775115928974,-41.291841320364,Wellington City,True,
1002473.0007,1002473,1002473.0007,EQC March 2017 Storm Group 7,EQC North Island March 2017 Storm event Group 7,,2017-03-13,WN,Jason Kelly,174.775115928974,-41.291841320364,Wellington City,True,
1002473.0008,1002473,1002473.0008,EQC March 2017 Storm Group 8,EQC North Island March 2017 Storm event Group 8,,2017-03-13,WN,Jason Kelly,174.775115928974,-41.291841320364,Wellington City,True,
1011602.1573,1011602,1011602.1573,"EQC 14 Gillings Lane, Kaikoura",EQC Claim 2016/021573 - EQC Land damage assessment at 14 Gillings Lane - Kaikoura November 2016 earthquake event.,,2017-03-13,CH,Nick Peters,173.676589,-42.384307,,False,
1011602.3079,1011602,1011602.3079,"EQC 10 Cathedral Road, Gore Bay","EQC Claim 2016/023079 - EQC Land damage assessment at 10 Cathedral Road, Gore Bay - Kaikoura November 2016 earthquake event.",,2017-03-13,CH,Nick Peters,173.308064,-42.862278,,False,
1011602.3538,1011602,1011602.3538,"EQC 25 Fergus Street, Cheviot","EQC Claim 2016/023538 - EQC Land damage assessment at 25 Fergus Street, Cheviot - Kaikoura November 2016 earthquake event.",,2017-03-13,CH,Nick Peters,173.269686,-42.81071,,False,
1011602.4779,1011602,1011602.4779,"EQC 8 Buckley Street, Cheviot","EQC Claim 2016/024779 - EQC Land damage assessment at 8 Buckley Street, Cheviot - Kaikoura November 2016 earthquake event.",,2017-03-13,CH,Nick Peters,173.272506,-42.813924,,False,
1011602.8042,1011602,1011602.8042,"EQC 21 Gillings Lane, Kaikoura",EQC Claim 2016/028042 - EQC Land damage assessment at 21 Gillings Lane - Kaikoura November 2016 earthquake event.,,2017-03-13,CH,Nick Peters,173.676917,-42.383392,,False,
1011602.9645,1011602,1011602.9645,"EQC 30 Ward Road, Cheviot 7310","EQC Claim 2016.029645 - EQC Land damage assessment at 30 Ward Road, Cheviot - Kaikoura November 2016 earthquake event.",,2017-03-13,CH,Nick Peters,173.270061,-42.809087,,False,
1011602.9971,1011602,1011602.9971,"EQC 234a Beach Road, Kaikoura",EQC Claim 2016/029971 - EQC Land damage assessment at 234a Beach Road - Kaikoura November 2016 earthquake event.,,2017-03-13,CH,Nick Peters,173.682008,-42.377414,,False,
1011602.9973,1011602,1011602.9973,"EQC 7 Tainui Rise, Gore Bay","EQC Claim 2016/029973 - EQC Land damage assessment at 7 Tainui Rise, Gore Bay - Kaikoura November 2016 earthquake event.",,2017-03-13,CH,Nick Peters,173.309671,-42.856616,,False,
1011603.1455,1011603,1011603.1455,"EQC 210 Beach Road, Kaikoura 7300",EQC Claim 2016/031455 - EQC Land damage assessment at 210 Beach Road - Kaikoura November 2016 earthquake event.,,2017-03-13,CH,Nick Peters,173.681006,-42.380307,,False,
1011603.4260,1011603,1011603.4260,"EQC 7 Moody Street, Gore Bay, Cheviot","EQC Claim 2016/034260 - EQC Land damage assessment at 7 Moody Street, Gore Bay - Kaikoura November 2016 earthquake event.",,2017-03-13,CH,Nick Peters,173.309508,-42.857984,,False,
1011603.5048,1011603,1011603.5048,"EQC 22 Ward Road, Cheviot","EQC Claim 2016/035048 - EQC Land damage assessment at 22 Ward Road, Cheviot - Kaikoura November 2016 earthquake event.",,2017-03-13,CH,Nick Peters,173.270807,-42.809401,,False,
1011700.5295,1011700,1011700.5295,"EQC 4 Cathedral Road, Gore Bay, Cheviot","EQC Claim 2017/005295 - EQC Land damage assessment at 4 Cathedral Road, Gore Bay, Cheviot -  earthquake event.",,2017-03-13,CH,Nick Peters,173.7418497760001,-42.28954975499994,,False,
1011602.3146,1011602,1011602.3146,"EQC 1500 Puhi Puhi Rd, Mangamaunu","EQC Claim 2016/023146 - EQC Land damage assessment at Puhi Puhi Rd, Mangamaunu - Kaikoura November 2016 earthquake event.",,2017-03-14,CH,Nick Peters,173.77054,-42.195276,,False,
1011602.5048,1011602,1011602.5048,"EQC 5 Bayview Street, Kaikoura",EQC Claim 2016/025048 - EQC Land damage assessment at 5 Bayview Street - Kaikoura November 2016 earthquake event.,,2017-03-14,CH,Nick Peters,173.67916,-42.403869,,False,
1011603.1050,1011603,1011603.1050,"EQC 4 Fyffe Ave, Kaikoura",EQC Claim 2016/031050 - EQC Land damage assessment at 4 Fyffe Ave - Kaikoura November 2016 earthquake event.,,2017-03-14,CH,Nick Peters,173.679104,-42.402896,,False,
1011603.2320,1011603,1011603.2320,"EQC 246 Beach Road, Kaikoura 7300",EQC Claim 2016/032320 - EQC Land damage assessment at 246 Beach Road - Kaikoura November 2016 earthquake event.,,2017-03-14,CH,Nick Peters,173.681938,-42.376307,,False,
1011603.2962,1011603,1011603.2962,"EQC 26 Old Beach Road, Kaikoura",EQC Claim 2016/032962 - EQC Land damage assessment at 26 Old Beach Road - Kaikoura November 2016 earthquake event.,,2017-03-14,CH,Nick Peters,173.682933,-42.374064,,False,
1011603.3302,1011603,1011603.3302,"EQC 27 Hastings St, Kaikoura Urban","EQC Claim 2016/033302 - EQC Land damage assessment at 27 Hastings St, Kaikoura Urban - Kaikoura November 2016 earthquake event.",,2017-03-14,CH,Nick Peters,173.676343,-42.405114,,False,
1011700.5537,1011700,1011700.5537,"EQC 178 Beach Road, Kaikoura",EQC Claim 2017/005537 - EQC Land damage assessment at 178 Beach Road - Kaikoura November 2016 earthquake event.,,2017-03-14,CH,Nick Peters,173.7418497760001,-42.28954975499994,,False,
1011701.2516,1011701,1011701.2516,"EQC 1981 SH 1, Half Moon Bay","EQC Claim 2017/012516 - EQC Land damage assessment at 1981 SH 1, Half Moon Bay - Kaikoura November 2016 earthquake event.",,2017-03-14,CH,Nick Peters,173.804046,-42.266002,,False,
1011602.9154,1011602,1011602.9154,"EQC 27 Avoca St, Kaikoura",EQC Claim 2016/029154 - EQC Land damage assessment at 27 Avoca St -  Kaikoura November 2016 earthquake event.,,2017-03-15,CH,Nick Peters,173.702729,-42.415024,,False,
1011602.0165,1011602,1011602.0165,"EQC 202 Mount Lyford Forest Dr, Lyford","EQC Claim 2016/020165 - EQC Land damage assessment at 202 Mount Lyford Forest Dr, Lyford - Kaikoura November 2016 earthquake event.",,2017-03-16,CH,Nick Peters,173.169448,-42.496399,,False,
1011602.9721,1011602,1011602.9721,"EQC 8 Gillings Lane, Kaikoura",EQC Claim 2016/029721 - EQC Land damage assessment at 8 Gillings Lane -  Kaikoura November 2016 earthquake event.,,2017-03-17,CH,Nick Peters,173.676964,-42.384031,,False,
1011602.5061,1011602,1011602.5061,EQC 465 Inland Kaikoura Road,"EQC Claim 2016/025061 - EQC Land damage assessment at 465 Inland Kaikoura Road, Inland Road - Kaikoura November 2016 earthquake event.",,2017-03-19,CH,Nick Peters,173.442089,-42.388965,,False,
0086101.8860,0086101,86101.8860,"EQ C47 Omapere St, Whitby, Porirua","EQC CLaim No 2016/018860 -  47 Omapere St, Whitby, Porirua, - EQC Landslip assessment following  November 2016 Storm Event",,2017-03-20,WN,Robert Frost,174.880479,-41.11757,Porirua City,True,
0086102.0440,0086102,86102.0440,"EQC 2/102 Sutherland Rd, Melrose, WLG","EQC 2/102 Sutherland Rd, Melrose, Wellington, 6023 - Wellington November 2016 Storm Event",,2017-03-20,WN,Robert Frost,174.787919,-41.326495,Wellington City,True,
0086102.0543,0086102,86102.0543,"EQC 27 Sar St, Wadestown, Wellington","EQC 27 Sar St, Wadestown, Wellington, 6012 - Wellington November 2016 Storm Event",,2017-03-20,WN,Robert Frost,174.783203,-41.264765,Wellington City,True,
0086102.5668,0086102,86102.5668,"EQ 8 McManaway Grv, Stokes Valley, Lower","EQC 8 McManaway Grv, Stokes Valley, Lower Hutt, 5019 - Wellington November 2016 Storm Event",,2017-03-20,WN,Robert Frost,174.988121,-41.157131,Lower Hutt City,True,
1002562.0000,1002562,1002562.0000,EQC-370 Wakapuaka - Legal,Geotechnical services - CLM2016/009138 - 370 Wakapuaka Rd - Legal,,2017-03-20,NE,Marcus Lovell,173.35549284000012,-41.204698433999965,,False,
1011602.5796,1011602,1011602.5796,EQC 465 Inland Kaikoura Road,"EQC Claim 2016/025061 - EQC Land damage assessment at 465 Inland Kaikoura Road, Inland Road - Kaikoura November 2016 earthquake event.",,2017-03-20,CH,Nick Peters,173.68909275600004,-42.41272399999997,,False,
0086101.6598,0086101,86101.6598,MANAST5-EQC,"EQC Claim No. 2016/016598 - 5 Mana Street, Wellington - EQC landslip assessment following September event.",,2017-03-21,WN,Robert Frost,174.766779,-41.312211,Wellington City,True,
0086103.0742,0086103,86103.0742,"EQC 192 Rintoul St, Berhampore","EQC 192 Rintoul St, Berhampore, Wellington, 6023 NZL - Wellington November 2016 Storm Event",,2017-03-21,WN,Robert Frost,174.777699,-41.318676,Wellington City,True,
1001701.3554,1001701,1001701.3554,"EQC 29A Sunnyview Dr, Brown Owl","EQC 29A Sunnyview Dr, Brown Owl, Upper Hutt, 5018, NZL- North Island March 2017 Storm Event",,2017-03-21,WN,Robert Frost,175.097328,-41.10177,Upper Hutt City,True,
1011602.4073,1011602,1011602.4073,"EQC 10 Takahanga Ter, Kaikoura",EQC Claim 2016/024073 - EQC Land damage assessment at 10 Takahanga Ter - Kaikoura November 2016 earthquake event.,,2017-03-21,CH,Nick Peters,173.680372,-42.406196,,False,
1011602.4668,1011602,1011602.4668,"EQC 200 Torquay St, Kaikoura",EQC Claim 2016/024668 - EQC Land damage assessment at 200 Torquay St - Kaikoura November 2016 earthquake event.,,2017-03-21,CH,Nick Peters,173.695482,-42.415894,,False,
1011602.8956,1011602,1011602.8956,"EQC 18 Miromiro Dr, Kaikoura","EQC Claim 2016/028956 - EQC Land damage assessment at 18 Miromiro Dr, Kaikoura Peninsula - Kaikoura November 2016 earthquake event.",,2017-03-21,CH,Nick Peters,173.676243,-42.408106,,False,
1011602.9536,1011602,1011602.9536,"EQC 1327 Blythe Rd, Domett","EQC Claim 2016/029536 - EQC Land damage assessment at 1327 Blythe Rd, Domett - Kaikoura November 2016 earthquake event.",,2017-03-21,CH,Nick Peters,173.223172,-42.919129,,False,
1011602.9670,1011602,1011602.9670,"EQC 52 Jacks Pass Rd, Hanmer Springs","EQC Claim 2016/029670 - EQC Land damage assessment at 52 Jacks Pass Rd, Hanmer Springs - Kaikoura November 2016 earthquake event.",,2017-03-21,CH,Nick Peters,172.824217,-42.519141,,False,
1011602.9796,1011602,1011602.9796,"EQC 1606 Parnassus Rd, Ferniehurst","EQC Claim 2016/029796 - EQC Land damage assessment at 1606 Parnassus Rd, Ferniehurst, Cheviot - Kaikoura November 2016 earthquake event.",,2017-03-21,CH,Nick Peters,173.313381,-42.684425,,False,
1011700.1782,1011700,1011700.1782,"EQC 1481Y SH 1, Mangamaunu","EQC Claim 2017/001782 - EQC Land damage assessment at 1481Y SH 1, Mangamaunu, Seaward Valley - Kaikoura November 2016 earthquake event.",,2017-03-21,CH,Nick Peters,173.7418497760001,-42.28954975499994,,False,
1011603.1342,1011603,1011603.1342,EQC 6 Forest View Close,"EQC Claim 2016/031342 - EQC Land damage assessment at 6 Forest View Close, Hanmer Springs - Kaikoura November 2016 earthquake event.",,2017-03-22,CH,Nick Peters,172.833781,-42.516825,,False,
1001700.1585,1001700,1001700.1585,"EQC 47 Conical Hill Road, Hanmer Springs","EQC Claim 2017/001585 - EQC Land damage assessment at 47 Conical Hill Road, Hanmer Springs Urban - Kaikoura November 2016 earthquake event.",,2017-03-23,CH,Elyse Armstrong,172.829834,-42.518426,,False,
1001700.1782,1001700,1001700.1782,"EQC 1481Y SH 1, Mangamaunu","EQC Claim 2017/001782 - EQC Land damage assessment at LOT1&LOT2 1481Y SH 1, Mangamaunu, Seaward Valley - Kaikoura November 2016 earthquake event.",,2017-03-23,CH,Elyse Armstrong,173.741807,-42.289564,,False,
1001700.4170,1001700,1001700.4170,"EQC 12 Hepburn Lane, Hanmer Springs","EQC Claim 2017/004170 - EQC Land damage assessment at 12 Hepburn Lane, Hanmer Springs - Kaikoura November 2016 earthquake event.",,2017-03-23,CH,Nick Peters,172.831751,-42.528896,,False,
1001700.4345,1001700,1001700.4345,"EQC 7c Coleridge St, Hanmer Springs","EQC Claim 2017/004345 - EQC Land damage assessment at 7c Coleridge St, Hanmer Springs - Kaikoura November 2016 earthquake event.",,2017-03-23,CH,Nick Peters,172.814262,-42.519225,,False,
1001700.5537,1001700,1001700.5537,"EQC 178 Beach Road, Kaikoura",EQC Claim 2017/005537 - EQC Land damage assessment at 178 Beach Road - Kaikoura November 2016 earthquake event.,,2017-03-23,CH,Nick Peters,173.680817,-42.38315,,False,
1001700.5547,1001700,1001700.5547,EQC 174 Esplanade,EQC Claim 2017/005547 - EQC Land damage assessment at 174 Esplanade - Kaikoura November 2016 earthquake event.,,2017-03-23,CH,Nick Peters,173.688854,-42.412433,,False,
1001703.1403,1001703,1001703.1403,EQC 16 Hastings Street,EQC Claim 2016/031403 - EQC Land damage assessment at 16 Hastings Street - Kaikoura November 2016 earthquake event.,,2017-03-23,CH,Nick Peters,173.677726,-42.405179,,False,2016
1011602.1186,1011602,1011602.1186,"EQC 12 Caverhill Close, Hanmer Springs","EQC Claim 2016/021186 - EQC Land damage assessment at 12 Caverhill Close, Hanmer Springs - Kaikoura November 2016 earthquake event.",,2017-03-23,CH,Nick Peters,172.830755,-42.517398,,False,
1011602.1662,1011602,1011602.1662,EQC 22 Takahanga Terrace,EQC Claim 2016/021662 - EQC Land damage assessment at 22 Takahanga Terrace - Kaikoura November 2016 earthquake event.,,2017-03-23,CH,Nick Peters,173.681106,-42.407364,,False,
1011602.4157,1011602,1011602.4157,"EQC 35 Adelphi Terrace, Kaikoura",EQC Claim 2016/024157 - EQC Land damage assessment at 35 Adelphi Terrace - Kaikoura November 2016 earthquake event.,,2017-03-23,CH,Nick Peters,173.681343,-42.402417,,False,
1011603.0006,1011603,1011603.0006,EQC 52A Avoca Street,EQC Claim 2016/030006 - EQC Land damage assessment at 52A Avoca Street - Kaikoura November 2016 earthquake event.,,2017-03-23,CH,Nick Peters,173.705006,-42.416943,,False,
1011603.0471,1011603,1011603.0471,EQC 174 Mt Fyffe Road,EQC Claim 2016/030471 - EQC Land damage assessment at 174 Mt Fyffe Road - Kaikoura November 2016 earthquake event.,,2017-03-23,CH,Nick Peters,173.664129,-42.388175,,False,
1011603.1197,1011603,1011603.1197,EQC 50 Churchill Street,EQC Claim 2016/031197 - EQC Land damage assessment at 50 Churchill Street - Kaikoura November 2016 earthquake event.,,2017-03-23,CH,Nick Peters,173.679044,-42.406353,,False,
0086102.0574,0086102,86102.0574,"EQC 66A Duncan Ter, Kilbirnie","EQC 66A Duncan Ter, Kilbirnie, Wellington, 6022, NZL- EQC Landslip assessment following November event",,2017-03-24,WN,Robert Frost,174.790672,-41.31738,Wellington City,True,
1011601.6786,1011601,1011601.6786,"EQC 17 Oxford Street, Waikari","EQC Claim 2016/016786 - EQC Land damage assessment at 17 Oxford Street, Waikari - Kaikoura November 2016 earthquake event.",,2017-03-24,CH,Nick Peters,172.684745,-42.967932,,False,
1011602.2279,1011602,1011602.2279,"EQC 1642 Inland Road, Lyford","EQC Claim 2016/022279  - EQC Land damage assessment at 1642 Inland Road, Lyford, Waiau - Kaikoura November 2016 earthquake event.",,2017-03-24,CH,Nick Peters,173.112527,-42.538211,,False,
1011602.2353,1011602,1011602.2353,"EQC 163 Mt Paul Road, Emu Plain","EQC Claim 2016/022353  - EQC Land damage assessment at 163 Mt Paul Road, Emu Plain, Waiau - Kaikoura November 2016 earthquake event.",,2017-03-24,CH,Nick Peters,172.956023,-42.612659,,False,
1011602.3750,1011602,1011602.3750,"EQC 38 Lesile Street, Waiau","EQC Claim 2016/023750  - EQC Land damage assessment at 38 Lesile Street, Waiau - Kaikoura November 2016 earthquake event.",,2017-03-24,CH,Nick Peters,173.044622,-42.652504,,False,
1011602.3968,1011602,1011602.3968,EQC 669 River Road,"EQC Claim 2016/023968  - EQC Land damage assessment at 669 River Road, Waiau- Kaikoura November 2016 earthquake event.",,2017-03-24,CH,Nick Peters,172.982087,-42.640492,,False,
1011602.3971,1011602,1011602.3971,"EQC 720 River Road, Waiau","EQC Claim 2016/023971  - EQC Land damage assessment at 720 River Road, Waiau - Kaikoura November 2016 earthquake event.",,2017-03-24,CH,Nick Peters,172.970807,-42.643695,,False,
1011602.3973,1011602,1011602.3973,"EQC 748 River Road, Waiau","EQC Claim 2016/023973  - EQC Land damage assessment at 748 River Road, Waiau - Kaikoura November 2016 earthquake event.",,2017-03-24,CH,Nick Peters,172.965699,-42.64522,,False,
1011603.1393,1011603,1011603.1393,EQC 457 Mouse Point Road,EQC Claim 2016/031393  - EQC Land damage assessment at 457 Mouse Point Road - Kaikoura November 2016 earthquake event.,,2017-03-24,CH,Nick Peters,172.794806,-42.687911,,False,
1001700.5295,1001700,1001700.5295,"EQC 4 Cathedral Road, Gore Bay, Cheviot","EQC Claim 2017/005295 - EQC Land damage assessment at 4 Cathedral Road, Gore Bay, Cheviot - Kaikoura November 2016 earthquake event.",,2017-03-25,CH,Nick Peters,173.308205,-42.861893,,False,
1011602.3392,1011602,1011602.3392,"EQC 623 Puhi Puhi Rd, Puhi Puhi, NZL","EQC Claim 2016/023392 - EQC Land damage assessment at 623 Puhi Puhi Rd, Puhi Puhi - Kaikoura November 2016 earthquake event.",,2017-03-27,CH,Nick Peters,173.740224,-42.26493,,False,
1001700.7672,1001700,1001700.7672,"EQC 34 Denby Place, Hanmer Springs","EQC Claim 2017/007672 - EQC Land damage assessment at 34 Denby Place, Hanmer Springs - Kaikoura November 2016 earthquake event.",,2017-03-28,CH,Nick Peters,172.825885,-42.517032,,False,
1011602.4921,1011602,1011602.4921,"EQC 36 Conical Hill Road, Hanmer Springs","EQC Claim 2016/024921 - EQC Land damage assessment at 36 Conical Hill Road, Hanmer Springs - Kaikoura November 2016 earthquake event.",,2017-03-28,CH,Nick Peters,172.828901,-42.519295,,False,
1011602.5852,1011602,1011602.5852,"EQC 51 Chalet Crescent, Hanmer Springs","EQC Claim 2016/025852 - EQC Land damage assessment at 51 Chalet Crescent, Hanmer Springs - Kaikoura November 2016 earthquake event.",,2017-03-28,CH,Nick Peters,172.834447,-42.515547,,False,
1011603.1271,1011603,1011603.1271,"EQC 1/18 Douglas Road, Amberley","EQC Claim 2016/031271 - EQC Land damage assessment at 1/18 Douglas Road, Amberley - Kaikoura November 2016 earthquake event.",,2017-03-28,CH,Nick Peters,172.727115,-43.154602,,False,
1011603.4311,1011603,1011603.4311,"EQC 60 Chalet Cres, Hanmer Springs","EQC Claim 2016/034311 - EQC Land damage assessment at 60 Chalet Cres, Hanmer Springs - Kaikoura November 2016 earthquake event.",,2017-03-28,CH,Nick Peters,172.833544,-42.514706,,False,
1001700.2489,1001700,1001700.2489,"EQC 269 Dalmeny Rd, Pyramid Valley","EQC Claim 2017/002489 - EQC Land damage assessment at 269 Dalmeny Rd, Pyramid Valley, Waikari - Kaikoura November 2016 earthquake event.",,2017-03-29,CH,Elyse Armstrong,172.580577,-42.937034,,False,
1001700.6142,1001700,1001700.6142,"EQC 7 Allan Street, Waikari","EQC Claim 2017/006142 - EQC Land damage assessment at 7 Allan Street, Waikari - Kaikoura November 2016 earthquake event.",,2017-03-29,CH,Nick Peters,172.681396,-42.967608,,False,
1001700.6378,1001700,1001700.6378,"EQC 167 Carters Rd, Amberley","EQC Claim 2017/006378 - EQC Land damage assessment at 167 Carters Rd, Amberley - Kaikoura November 2016 earthquake event.",,2017-03-29,CH,Nick Peters,172.730652,-43.159935,,False,
1001700.6523,1001700,1001700.6523,"EQC 203b Beach Rd, Kaikoura",EQC Claim 2017/006523 - EQC Land damage assessment at 203b Beach Rd - Kaikoura November 2016 earthquake event.,,2017-03-29,CH,Nick Peters,173.679863,-42.380402,,False,
1011602.4796,1011602,1011602.4796,EQC 465 Inland Kaikoura Road,"EQC Claim 2016/024796 - EQC Land damage assessment at 465 Inland Kaikoura Road, Inland Road - Kaikoura November 2016 earthquake event.",,2017-03-29,CH,Nick Peters,173.250794,-42.477942,,False,
1011602.5218,1011602,1011602.5218,"EQC 27 Morris Road, Amberley","EQC Claim 2016/025218 - EQC Land damage assessment at 27 Morris Road, Amberley - Kaikoura November 2016 earthquake event.",,2017-03-29,CH,Nick Peters,172.733009,-43.147901,,False,
1011602.8710,1011602,1011602.8710,"EQC 20 Princes Street, Waikari","EQC Claim 2016/028710 - EQC Land damage assessment at 20 Princes Street, Waikari - Kaikoura November 2016 earthquake event.",,2017-03-29,CH,Nick Peters,172.703741,-42.968843,,False,
1011603.0711,1011603,1011603.0711,"EQC 69 Churchill St, Kaikoura, NZL",EQC Claim 2016/030711 - EQC Land damage assessment at 69 Churchill St - Kaikoura November 2016 earthquake event.,,2017-03-29,CH,Nick Peters,173.679067,-42.408092,,False,
1011603.4605,1011603,1011603.4605,"EQC 10 Pukeko Place, Kaikoura","EQC Claim 2016/034605 - EQC Land damage assessment at 10 Pukeko Place, Kaikoura - Kaikoura November 2016 earthquake event.",,2017-03-29,CH,Nick Peters,173.673953,-42.407441,,False,
1011603.4931,1011603,1011603.4931,"EQC 27 Shearwater Dr, Kaikoura Peninsula","EQC Claim 2016/034931 - EQC Land damage assessment at 27 Shearwater Dr, Kaikoura Peninsula - Kaikoura November 2016 earthquake event.",,2017-03-29,CH,Nick Peters,173.673663,-42.406272,,False,
1011602.3206,1011602,1011602.3206,"EQC 124a Torquay Street, Kaikoura","EQC Claim 2016/023206 - EQC Land damage assessment at 124a Torquay Street, Kaikoura - Kaikoura November 2016 earthquake event.",,2017-03-31,CH,Nick Peters,173.687847,-42.413977,,False,
1001700.0783,1001700,1001700.0783,"EQC 166c Beach Rd, Kaikoura","EQC Claim 2017/000783 - EQC Land damage assessment 166c Beach Rd, Kaikoura - Kaikoura November 2016 earthquake event.",,2017-04-02,CH,Elyse Armstrong,173.680831,-42.384463,,False,
1001700.7487,1001700,1001700.7487,"EQC 23 Shearwater Dr, Kaikoura, NZL","EQC Claim 2017/007487 - EQC Land damage assessment 23 Shearwater Dr, Kaikoura - Kaikoura November 2016 earthquake event.",,2017-04-02,CH,Nick Peters,173.674183,-42.40614,,False,
1011601.9419,1011601,1011601.9419,"EQC 469 Postmans Rd, Kaikoura Flat,","EQC Claim 2016/019419 - EQC Land damage assessment 469 Postmans Rd, Kaikoura Flat - Kaikoura November 2016 earthquake event.",,2017-04-02,CH,Nick Peters,173.619309,-42.362826,,False,
1011602.0779,1011602,1011602.0779,"EQC 1 Cromer St, Kaikoura, NZL","EQC Claim 2016/020779 - EQC Land damage assessment 1 Cromer St, Kaikoura - Kaikoura November 2016 earthquake event.",,2017-04-02,CH,Nick Peters,173.69887633300004,-42.41758116699998,,False,
1011602.3280,1011602,1011602.3280,"EQC 196 Torquay St, Kaikoura","EQC Claim 2016/023280 - EQC Land damage assessment 196 Torquay St, Kaikoura - Kaikoura November 2016 earthquake event.",,2017-04-02,CH,Nick Peters,173.694833,-42.416159,,False,
1011602.6880,1011602,1011602.6880,"EQC 254 Mill Rd, Kaikoura","EQC Claim 2016/026880 - EQC Land damage assessment 254 Mill Rd, Kaikoura - Kaikoura November 2016 earthquake event.",,2017-04-02,CH,Nick Peters,173.650539,-42.380245,,False,
1011602.8487,1011602,1011602.8487,"EQC 141 Torquay St, Kaikoura","EQC Claim 2016/028487 - EQC Land damage assessment 141 Torquay St, Kaikoura - Kaikoura November 2016 earthquake event.",,2017-04-02,CH,Nick Peters,173.689863,-42.414386,,False,
1011603.0312,1011603,1011603.0312,"EQC 4 Kotuku Rd, Kaikoura, NZL","EQC Claim 2016/030312 - EQC Land damage assessment 4 Kotuku Rd, Kaikoura - Kaikoura November 2016 earthquake event.",,2017-04-02,CH,Nick Peters,173.683729,-42.42252,,False,
1011603.0724,1011603,1011603.0724,"EQC 168 Torquay St, Kaikoura","EQC Claim 2016/030724 - EQC Land damage assessment 168 Torquay St, Kaikoura - Kaikoura November 2016 earthquake event.",,2017-04-02,CH,Nick Peters,173.690811,-42.415938,,False,
1011603.4226,1011603,1011603.4226,"EQC 6a Whitby Pl, Kaikoura, NZL","EQC Claim 2016/034226 - EQC Land damage assessment at 6a Whitby Pl, Kaikoura, NZL - Kaikoura November 2016 earthquake event.",,2017-04-02,CH,Nick Peters,173.680481,-42.407998,,False,
1011601.8402,1011601,1011601.8402,"EQC 33 Stanley St, Wainuiomata","EQC Claim No. 2016/018402 - EQC Land damage assessment at 33 Stanley St, Wainuiomata, Lower Hutt - Kaikoura November 2016 earthquake event",,2017-04-03,WN,Nick Peters,174.950486,-41.271514,Lower Hutt City,True,
1011602.5989,1011602,1011602.5989,"EQC 6 Armour Ave, Mount Victoria,","EQC Claim No. 2016/025989 - EQC Land damage assessment at 6 Armour Ave, Mount Victoria, Wellington, 6011  - Kaikoura November 2016 earthquake event",,2017-04-03,WN,Nick Peters,174.78458,-41.299583,Wellington City,True,
1001700.4461,1001700,1001700.4461,"EQC 3 Hinau St, Woburn, Lower Hutt","EQC Claim 2017/004461 - EQC Land damage assessment at 3 Hinau St, Woburn, Lower Hutt - Kaikoura November 2016 earthquake event.",,2017-04-04,CH,Nick Peters,174.911106,-41.215872,Lower Hutt City,True,
1001703.0380,1001703,1001703.0380,"EQC 29A Wai-Iti Cres, Woburn, Lower Hutt","EQC Claim 2017/030380 - EQC Land damage assessment at 29A Wai-Iti Cres, Woburn, Lower Hutt - Kaikoura November 2016 earthquake event.",,2017-04-04,CH,Nick Peters,173.67775811900003,-42.40520103099993,,False,
1001700.8703,1001700,1001700.8703,"EQC 34 Tyndall St, Waiwhetu, Lower Hutt","EQC Claim 2017/008703 - EQC Land damage assessment at 34 Tyndall St, Waiwhetu, Lower Hutt - Kaikoura November 2016 earthquake event.",,2017-04-05,CH,Nick Peters,174.923142,-41.227337,Lower Hutt City,True,
1011601.9576,1011601,1011601.9576,"EQC 14 Ranfurly Ter, Mount Cook, Welling","EQC Claim 2016/019576 - EQC Land damage assessment at 14 Ranfurly Ter, Mount Cook, Wellington - Kaikoura November 2016 earthquake event.",,2017-04-05,CH,Nick Peters,174.776542,-41.301172,Wellington City,True,
1011602.0107,1011602,1011602.0107,"EQC 801 Ngaroma Rd, Ferniehurst, Cheviot","EQC Claim 2016/020107 - EQC Land damage assessment at 801 Ngaroma Rd, Ferniehurst, Cheviot - Kaikoura November 2016 earthquake event.",,2017-04-05,CH,Nick Peters,173.321631,-42.576647,,False,
1011602.2840,1011602,1011602.2840,"EQC 51 Jollies Pass Rd, Hanmer Springs","EQC Claim 2016/022840 - EQC Land damage assessment at 51 Jollies Pass Rd, Hanmer Springs - Kaikoura November 2016 earthquake event.",,2017-04-05,CH,Nick Peters,172.834781,-42.519279,,False,
1011603.3087,1011603,1011603.3087,"EQC 15 Greta Valley Walkway Rd, Greta V","EQC Claim 2016/033087 - EQC Land damage assessment at 15 Greta Valley Walkway Rd, Greta Valley - Kaikoura November 2016 earthquake event.",,2017-04-05,CH,Nick Peters,172.969609,-42.962437,,False,
1011603.4571,1011603,1011603.4571,"EQC 132 Tasman Street, Mount Cook","EQC Claim 2016/034571 - EQC Land damage assessment at 132 Tasman Street, Mount Cook, Wellington - Kaikoura November 2016 earthquake event.",,2017-04-05,CH,Nick Peters,174.776424,-41.304314,Wellington City,True,
1001700.4393,1001700,1001700.4393,"EQC 42 Maungaraki Rd, Korokoro, Lower H","EQC Claim 2017/004393 - EQC Land damage assessment at 42 Maungaraki Rd, Korokoro, Lower Hutt - Kaikoura November 2016 earthquake event.",,2017-04-06,CH,Nick Peters,174.868714,-41.212818,Lower Hutt City,True,
1011602.2701,1011602,1011602.2701,EQC 274 Scarborough Street,EQC Claim 2016/022701 - EQC Land damage assessment at 274 Scarborough Street - Kaikoura November 2016 earthquake event.,,2017-04-06,CH,Nick Peters,173.693986,-42.418144,,False,
1011602.2727,1011602,1011602.2727,EQC 77 Harnetts Road,EQC Claim 2016/022727 - EQC Land damage assessment at 77 Harnetts Road - Kaikoura November 2016 earthquake event.,,2017-04-06,CH,Nick Peters,173.684928,-42.355724,,False,
1011602.5483,1011602,1011602.5483,"EQC 79 Airlie Rd, Plimmerton, Porirua","EQC Claim 2016/025453 - EQC Land damage assessment at 79 Airlie Rd, Plimmerton, Porirua - Kaikoura November 2016 earthquake event.",,2017-04-06,CH,Nick Peters,174.8586,-41.068045,Porirua City,True,
1011602.6003,1011602,1011602.6003,"EQC 29 London Rd, Korokoro, Lower Hutt","EQC Claim 2016/026003 - EQC Land damage assessment 29 London Rd, Korokoro, Lower Hutt - Kaikoura November 2016 earthquake event.",,2017-04-06,CH,Nick Peters,174.872759,-41.217645,Lower Hutt City,True,
1011602.6325,1011602,1011602.6325,EQC 3276 Inland Kaikoura Road,EQC Claim 2016/026325 - EQC Land damage assessment at 3276 Inland Kaikoura Road - Kaikoura November 2016 earthquake event.,,2017-04-06,CH,Nick Peters,173.339871,-42.423653,,False,
1011602.8561,1011602,1011602.8561,EQC 1 Hastings Street,EQC Claim 2016/028561 - EQC Land damage assessment at 1 Hastings Street - Kaikoura November 2016 earthquake event.,,2017-04-06,CH,Nick Peters,173.679113,-42.406021,,False,
1011602.9210,1011602,1011602.9210,"EQC 32 Ribble St, Island Bay, Wellington","EQC Claim 2016/029210 - EQC Land damage assessment at 32 Ribble St, Island Bay, Wellington - Kaikoura November 2016 earthquake event.",,2017-04-06,CH,Elyse Armstrong,174.768819,-41.337511,Wellington City,True,
1011602.9981,1011602,1011602.9981,EQC 74 Shearwater Drive,EQC Claim 2016/029981 - EQC Land damage assessment at 74 Shearwater Drive - Kaikoura November 2016 earthquake event.,,2017-04-06,CH,Nick Peters,173.671597,-42.407335,,False,
1011603.0238,1011603,1011603.0238,EQC 148 South Bay Parade,EQC Claim 2016/030238 - EQC Land damage assessment at 148 South Bay Parade - Kaikoura November 2016 earthquake event.,,2017-04-06,CH,Nick Peters,173.684956,-42.4244,,False,
1011603.2878,1011603,1011603.2878,"EQC 9 Halswater Dr, Churton Park, Welli","EQC Claim 2016/032878 - EQC Land damage assessment at 9 Halswater Dr, Churton Park, Wellington - Kaikoura November 2016 earthquake event.",,2017-04-06,CH,Nick Peters,174.811066,-41.207621,Wellington City,True,
1011603.4525,1011603,1011603.4525,"EQC 2A Huia Rd, Days Bay, Lower Hutt","EQC Claim 2016/034525 - EQC Land damage assessment 2A Huia Rd, Days Bay, Lower Hutt - Kaikoura November 2016 earthquake event.",,2017-04-06,CH,Nick Peters,174.908074,-41.283404,Lower Hutt City,True,
1001702.0585,1001702,1001702.0585,"EQC 20 Halifax Street, Kingston","EQC Claim No. 2017/020585 - 20 Halifax Street, Kingston -  North Island Strom Event April 2017 nationwide rain event",,2017-04-07,WN,Robert Frost,174.765404,-41.324364,Wellington City,True,
1001702.0595,1001702,1001702.0595,"EQC 22 Halifax Street, Kingston","EQC Claim No. 2017/020595 - 22 Halifax Street, Kingston -  North Island Storm Event April 2017 nationwide rain event",,2017-04-07,WN,Robert Frost,174.765602,-41.324349,Wellington City,True,
1011602.1477,1011602,1011602.1477,"EQC 6 Heke St, Ngaio, Wellington","EQC Claim 2016/021477 - EQC Land damage assessment at 6 Heke St, Ngaio, Wellington - Kaikoura November 2016 earthquake event.",,2017-04-07,CH,Nick Peters,174.770183,-41.248598,Wellington City,True,
1011602.5426,1011602,1011602.5426,"EQC 70 Mark Ave, Paparangi, Wellington","EQC Claim 2016/025426 - EQC Land damage assessment 70 Mark Ave, Paparangi, Wellington - Kaikoura November 2016 earthquake event.",,2017-04-07,CH,Nick Peters,174.816466,-41.210833,Wellington City,True,
1011602.7339,1011602,1011602.7339,"EQC 36 Mark Ave, Paparangi, Wellington","EQC Claim 2016/027339 - EQC Land damage assessment at 36 Mark Ave, Paparangi, Wellington - Kaikoura November 2016 earthquake event.",,2017-04-07,CH,Nick Peters,174.817506,-41.21221,Wellington City,True,
1011601.9343,1011601,1011601.9343,"EQC 31 Lyndon Road, Waiau","EQC Claim 2016/019343 - EQC Land damage assessment at 31 Lyndon Road, Waiau - Kaikoura November 2016 earthquake event.",,2017-04-09,CH,Nick Peters,173.016328,-42.630361,,False,
1011602.2471,1011602,1011602.2471,"EQC 4 Tekoa Street, Waiau","EQC Claim 2016/022471 - EQC Land damage assessment at 4 Tekoa Street, Waiau  - Kaikoura November 2016 earthquake event.",,2017-04-09,CH,Nick Peters,173.042189,-42.659723,,False,
1011602.5623,1011602,1011602.5623,"EQC 724 Kincaid Rd, Hapuku, Kaikoura","EQC Claim 2016/025623 - EQC Land damage assessment at 724 Kincaid Rd, Hapuku, Kaikoura - Kaikoura November 2016 earthquake event.",,2017-04-10,CH,Nick Peters,173.717929,-42.328181,,False,
1011602.9140,1011602,1011602.9140,"EQC 7a Hapuku Rd, Hapuku, Kaikoura","EQC Claim 2016/029140 - EQC Land damage assessment at 7a Hapuku Rd, Hapuku, Kaikoura - Kaikoura November 2016 earthquake event.",,2017-04-10,CH,Nick Peters,173.72358,-42.332804,,False,
1001700.0647,1001700,1001700.0647,"EQC 11 Tremaine Pl, Camborne, Porirua","EQC Claim 2017/000647 - EQC Land damage assessment at 11 Tremaine Pl, Camborne, Porirua - Kaikoura November 2016 earthquake event.",,2017-04-12,CH,Elyse Armstrong,174.870987,-41.088878,Porirua City,True,
1001700.1563,1001700,1001700.1563,"EQC 11 Acheron Rd, Paremata, Porirua","EQC Claim 2017/001563 - EQC Land damage assessment at 11 Acheron Rd, Paremata, Porirua - Kaikoura November 2016 earthquake event.",,2017-04-12,CH,Elyse Armstrong,174.869379,-41.091653,Porirua City,True,
1001700.3038,1001700,1001700.3038,"EQC 27 Simpson Cres, Raumati Beach","EQC Claim 2017/003038 - EQC Land damage assessment at 27 Simpson Cres, Raumati Beach, Paraparaumu - Kaikoura November 2016 earthquake event.",,2017-04-12,CH,Elyse Armstrong,174.983329,-40.908995,,False,
1001700.3339,1001700,1001700.3339,"EQC 19 Taupo Cres, Plimmerton, Porirua","EQC Claim 2017/003339 - EQC Land damage assessment at 19 Taupo Cres, Plimmerton, Porirua - Kaikoura November 2016 earthquake event.",,2017-04-12,CH,Elyse Armstrong,174.8708,-41.0879,Porirua City,True,
1011600.0779,1011600,1011600.0779,"EQC 21 Te Keepa Rd, Oaro","EQC Claim 2016/000779 - EQC Land damage assessment at 21 Te Keepa Rd, Oaro - Kaikoura November 2016 earthquake event.",,2017-04-12,CH,Nick Peters,173.505068,-42.51463,,False,
1011601.9136,1011601,1011601.9136,EQC 811 Inland Kaikoura Road,EQC Claim 2016/019136 - EQC Land damage assessment at 811 Inland Kaikoura Road - Kaikoura November 2016 earthquake event.,,2017-04-12,CH,Nick Peters,173.565594,-42.362973,,False,
1011602.0152,1011602,1011602.0152,"EQC 48 Molyneux Clos, Whitby, Porirua","EQC Claim 2016/020152 - EQC Land damage assessment at 48 Molyneux Clos, Whitby, Porirua - Kaikoura November 2016 earthquake event.",,2017-04-12,CH,Nick Peters,174.90231,-41.107585,Porirua City,True,
1011602.0690,1011602,1011602.0690,"EQC 8 Ration Ln, Whitby, Porirua","EQC Claim 2016/020690 - EQC Land damage assessment at 8 Ration Ln, Whitby, Porirua - Kaikoura November 2016 earthquake event.",,2017-04-12,CH,Nick Peters,174.896401,-41.111759,Porirua City,True,
1011602.2653,1011602,1011602.2653,"EQC 1 Clemett Ct, Kaikoura Flat",EQC Claim 2016/022653 - EQC Land damage assessment at 1 Clemet Court - Kaikoura November 2016 earthquake event.,,2017-04-12,CH,Nick Peters,173.641281,-42.410112,,False,
1011603.5612,1011603,1011603.5612,"EQC 8 Forth Pl, Papakowhai, Porirua","EQC Claim 2016/035612 - EQC Land damage assessment at 8 Forth Pl, Papakowhai, Porirua - Kaikoura November 2016 earthquake event.",,2017-04-12,CH,Nick Peters,174.865555,-41.109398,Porirua City,True,
1001700.0864,1001700,1001700.0864,"EQC 55 Erris St, Johnsonville, Wellingto","EQC Claim 2017/000864 - EQC Land damage assessment at 55 Erris St, Johnsonville, Wellington - Kaikoura November 2016 earthquake event.",,2017-04-13,CH,Elyse Armstrong,174.795792,-41.217913,Wellington City,True,
1001701.0506,1001701,1001701.0506,"EQC 37 The Rigi, Northland, Wellington","EQC Claim 2017/010506 - EQC Land damage assessment at 37 The Rigi, Northland, Wellington - Kaikoura November 2016 earthquake event.",,2017-04-13,CH,Nick Peters,174.757517,-41.286757,Wellington City,True,
1011601.6975,1011601,1011601.6975,"EQC 5 Cabin Ln, Whitby, Porirua","EQC Claim 2016/016975 - EQC Land damage assessment at 5 Cabin Ln, Whitby, Porirua - Kaikoura November 2016 earthquake event.",,2017-04-13,CH,Nick Peters,174.89188,-41.113754,Porirua City,True,
1011601.9473,1011601,1011601.9473,"EQC 60 Awarua St, Ngaio, Wellington","EQC Claim 2016/019473 - EQC Land damage assessment at 60 Awarua St, Ngaio, Wellington - Kaikoura November 2016 earthquake event.",,2017-04-13,CH,Nick Peters,174.77184,-41.243728,Wellington City,True,
1011602.0632,1011602,1011602.0632,"EQC 83 Severn St, Island Bay, Wellington","EQC Claim 2016/020632 - EQC Land damage assessment at 83 Severn St, Island Bay, Wellington - Kaikoura November 2016 earthquake event.",,2017-04-13,CH,Nick Peters,174.765712,-41.342371,Wellington City,True,
1011602.3914,1011602,1011602.3914,"EQC 9 Helm Pl, Whitby, Porirua","EQC Claim 2016/023914 - EQC Land damage assessment at 9 Helm Pl, Whitby, Porirua - Kaikoura November 2016 earthquake event.",,2017-04-13,CH,Nick Peters,174.907231,-41.114605,Porirua City,True,
1011602.4386,1011602,1011602.4386,"EQC 8 Mana View Rd, Paremata, Porirua","EQC Claim 2016/024386 - EQC Land damage assessment at 8 Mana View Rd, Paremata, Porirua - Kaikoura November 2016 earthquake event.",,2017-04-13,CH,Nick Peters,174.870384,-41.095414,Porirua City,True,
1011602.4718,1011602,1011602.4718,"EQC 134 Elizabeth St, Mount Victoria, We","EQC Claim 2016/024718 - EQC Land damage assessment at 134 Elizabeth St, Mount Victoria, Wellington - Kaikoura November 2016 earthquake event.",,2017-04-13,CH,Nick Peters,174.788823,-41.297746,Wellington City,True,
1011602.6648,1011602,1011602.6648,"EQC 15 St Austell Clos, Camborne,Porirua","EQC Claim 2016/026648 - EQC Land damage assessment at 15 St Austell Clos, Camborne, Porirua - Kaikoura November 2016 earthquake event.",,2017-04-13,CH,Nick Peters,174.880006,-41.087559,Porirua City,True,
1011602.8351,1011602,1011602.8351,"EQC 47 Milne Ter, Island Bay, Wellington","EQC Claim 2016/028351 - EQC Land damage assessment at 47 Milne Ter, Island Bay, Wellington - Kaikoura November 2016 earthquake event.",,2017-04-13,CH,Nick Peters,174.767637,-41.342983,Wellington City,True,
1011602.8361,1011602,1011602.8361,"EQC 16 Tavistock Rd, Melrose, Wellington","EQC Claim 2016/028361 - EQC Land damage assessment at 16 Tavistock Rd, Melrose, Wellington - Kaikoura November 2016 earthquake event.",,2017-04-13,CH,Nick Peters,174.791027,-41.325281,Wellington City,True,2016
1011603.0284,1011603,1011603.0284,"EQC 14 Kio Rd, Hataitai, Wellington","EQC Claim 2016/030284 - EQC Land damage assessment at 14 Kio Rd, Hataitai, Wellington - Kaikoura November 2016 earthquake event.",,2017-04-13,CH,Nick Peters,174.804274,-41.298223,Wellington City,True,
1011603.4421,1011603,1011603.4421,"EQC 46 King Charles Dr, Kingsley Heights","EQC Claim 2016/034421 - EQC Land damage assessment at 46 King Charles Dr, Kingsley Heights, Upper Hutt - Kaikoura November 2016 earthquake event.",,2017-04-13,CH,Nick Peters,175.084644,-41.124517,Upper Hutt City,True,
1011602.6160,1011602,1011602.6160,EQC 92 Churchill Street,EQC Claim 2016/026160 - EQC Land damage assessment at 92 Churchill Street - Kaikoura November 2016 earthquake event.,,2017-04-17,CH,Nick Peters,173.677254,-42.409587,,False,
1011603.2054,1011603,1011603.2054,"EQC 8 Fyffe Road, Kaikoura",EQC Claim 2016/032054 - EQC Land damage assessment at 8 Fyffe Road - Kaikoura November 2016 earthquake event.,,2017-04-17,CH,Nick Peters,173.678267,-42.402298,,False,
1001700.6652,1001700,1001700.6652,"EQC 35 Cleary St, Waterloo, Lower Hutt","EQC Claim 2017/006652 - EQC Land damage assessment at 35 Cleary St, Waterloo, Lower Hutt - Kaikoura November 2016 earthquake event.",,2017-04-18,CH,Nick Peters,174.928186,-41.221205,Lower Hutt City,True,
1001700.8126,1001700,1001700.8126,"EQC 1 Singers Rd, Korokoro, Lower Hutt","EQC Claim 2017/008126 - EQC Land damage assessment at 1 Singers Rd, Korokoro, Lower Hutt - Kaikoura November 2016 earthquake event.",,2017-04-18,CH,Nick Peters,174.864858,-41.220266,Lower Hutt City,True,
1011601.9236,1011601,1011601.9236,"EQC 42 Ribble St, Island Bay, Wellington","EQC Claim 2016/019236 - EQC Land damage assessment at 42 Ribble St, Island Bay, Wellington - Kaikoura November 2016 earthquake event.",,2017-04-18,CH,Nick Peters,174.767655,-41.337565,Wellington City,True,
1011602.1908,1011602,1011602.1908,"EQC 40 Rarangi Way, Owhiro Bay","EQC Claim 2016/021908 - EQC Land damage assessment at 40 Rarangi Way, Owhiro Bay, Wellington - Kaikoura November 2016 earthquake event.",,2017-04-18,CH,Nick Peters,174.756022,-41.334019,Wellington City,True,
1011602.9151,1011602,1011602.9151,"EQC 68 Messines Rd, Karori, Wellington","EQC Claim 2016/029151 - EQC Land damage assessment at 68 Messines Rd, Karori, Wellington - Kaikoura November 2016 earthquake event.",,2017-04-18,CH,Nick Peters,174.750064,-41.288623,Wellington City,True,
1011603.3691,1011603,1011603.3691,"EQC 2 Mission St, Waterloo, Lower Hutt","EQC Claim 2016/033691 - EQC Land damage assessment at 2 Mission St, Waterloo, Lower Hutt - Kaikoura November 2016 earthquake event.",,2017-04-18,CH,Nick Peters,174.930387,-41.220544,Lower Hutt City,True,
1001700.0163,1001700,1001700.0163,"EQC 4 Sunny Grv, Wainuiomata, Lower Hutt","EQC Claim 2017/000163 - EQC Land damage assessment at 4 Sunny Grv, Wainuiomata, Lower Hutt - Kaikoura November 2016 earthquake event.",,2017-04-20,CH,Elyse Armstrong,174.96809,-41.276783,Lower Hutt City,True,
1001700.0745,1001700,1001700.0745,"EQC 28 Field St, Silverstream, Upper Hut","EQC Claim 2017/000745 - EQC Land damage assessment at 28 Field St, Silverstream, Upper Hutt - Kaikoura November 2016 earthquake event.",,2017-04-20,CH,Elyse Armstrong,175.008701,-41.151544,Upper Hutt City,True,
1001700.1567,1001700,1001700.1567,"EQC 101 Pinehaven Rd, Pinehaven","EQC Claim 2017/001567 - EQC Land damage assessment at 101 Pinehaven Rd, Pinehaven - Kaikoura November 2016 earthquake event.",,2017-04-20,CH,Elyse Armstrong,175.014554,-41.16259,Upper Hutt City,True,
1001700.2734,1001700,1001700.2734,"EQC 6 Cambrian St, Churton Park","EQC Claim 2017/002734 - EQC Land damage assessment at 6 Cambrian St, Churton Park - Kaikoura November 2016 earthquake event.",,2017-04-20,CH,Elyse Armstrong,174.805184,-41.210414,Wellington City,True,
1001700.3724,1001700,1001700.3724,"EQC 4 Kinnel Grv, Papakowhai, Porirua","EQC Claim 2017/003724 - EQC Land damage assessment at 4 Kinnel Grv, Papakowhai, Porirua - Kaikoura November 2016 earthquake event.",,2017-04-20,CH,Elyse Armstrong,174.862069,-41.117195,Porirua City,True,
1001700.5855,1001700,1001700.5855,"EQC 30 Moana Rd, Days Bay, Lower Hutt","EQC Claim 2017/005855 - EQC Land damage assessment at 30 Moana Rd, Days Bay, Lower Hutt - Kaikoura November 2016 earthquake event.",,2017-04-20,CH,Nick Peters,174.910381,-41.282697,Lower Hutt City,True,
1011602.1825,1011602,1011602.1825,"EQC 10 Isabel Grv, Wainuiomata","EQC Claim 2016/021825 - EQC Land damage assessment at 10 Isabel Grv, Wainuiomata, Lower Hutt - Kaikoura November 2016 earthquake event.",,2017-04-20,CH,Nick Peters,174.954291,-41.25947,Lower Hutt City,True,
1011602.4816,1011602,1011602.4816,"EQC 66 Seaview Rd, Paremata, Porirua","EQC Claim 2016/024816 - EQC Land damage assessment at 66 Seaview Rd, Paremata, Porirua - Kaikoura November 2016 earthquake event.",,2017-04-20,CH,Nick Peters,174.882702,-41.100322,Porirua City,True,
1001700.4391,1001700,1001700.4391,"EQC 11 Glen Rd, Stokes Valley","EQC Claim 2017/004391 - EQC Land damage assessment at 11 Glen Rd, Stokes Valley, Lower Hutt - Kaikoura November 2016 earthquake event.",,2017-04-23,CH,Nick Peters,174.984954,-41.169316,Lower Hutt City,True,
1001700.4974,1001700,1001700.4974,"EQC 5 Te Whiti GV, Korokoro, Lower Hutt","EQC Claim  2017/004974 - EQC Land damage assessment at 5 Te Whiti GV, Korokoro, Lower Hutt - Kaikoura November 2016 earthquake event.",,2017-04-23,CH,Nick Peters,174.872576,-41.21467,Lower Hutt City,True,
1001700.7743,1001700,1001700.7743,"EQC 77A Hungerford Rd, Houghton Bay","EQC Claim 2017/007743 - EQC Land damage assessment at 77A Hungerford Rd, Houghton Bay, Wellington - Kaikoura November 2016 earthquake event.",,2017-04-23,CH,Nick Peters,174.786857,-41.33927,Wellington City,True,
1001700.8310,1001700,1001700.8310,"EQC 59 View Rd, Houghton Bay, Wellington","EQC Claim 2017/008310 - EQC Land damage assessment at 59 View Rd, Houghton Bay, Wellington - Kaikoura November 2016 earthquake event.",,2017-04-23,CH,Nick Peters,174.790141,-41.336586,Wellington City,True,
1001700.9123,1001700,1001700.9123,"EQC 82 Para St, Miramar","EQC 82 Para St, Miramar, Wellington, 6022, NZL- Wellington November 2016 Storm Event",,2017-04-23,WN,Robert Frost,174.822769,-41.313305,Wellington City,True,
1001702.4933,1001702,1001702.4933,"EQC 38 Elmslie Rd, Pinehaven, Upper Hutt","EQC Claim 2016/024933 - EQC Land damage assessment at 38 Elmslie Rd, Pinehaven, Upper Hutt - Kaikoura November 2016 earthquake event.",,2017-04-23,CH,Nick Peters,175.018616,-41.164454,Upper Hutt City,True,
1011602.2443,1011602,1011602.2443,EQC 20 Moana Road,"EQC Claim 2016/022443 - EQC Land damage assessment 20 Moana Road, Goose Bay - Kaikoura November 2016 earthquake event.",,2017-04-23,CH,Nick Peters,173.526359,-42.480711,,False,
1011602.6846,1011602,1011602.6846,EQC 28 Lambies Road,"EQC Claim 2016/026846 - EQC Land damage assessment 28 Lambies Road, Scargill - Kaikoura November 2016 earthquake event.",,2017-04-23,CH,Nick Peters,172.951781,-42.927152,,False,
1011602.8117,1011602,1011602.8117,EQC 189 Elliots Rd,"EQC Claim 2016/028117 - EQC Land damage assessment 189 Elliots Road, Greta Valley - Kaikoura November 2016 earthquake event.",,2017-04-23,CH,Nick Peters,172.987379,-42.942535,,False,
1011602.9543,1011602,1011602.9543,"EQC 50 Southgate Rd, Southgate, Wellingt","EQC Claim 2016/029543 - EQC Land damage assessment at 50 Southgate Rd, Southgate, Wellington - Kaikoura November 2016 earthquake event.",,2017-04-23,CH,Nick Peters,174.781914,-41.335474,Wellington City,True,
1001700.0941,1001700,1001700.0941,"EQC 175 Severn St, Island Bay","EQC Claim 2017/000941 - EQC Land damage assessment at 175 Severn St, Island Bay, Wellington - Kaikoura November 2016 earthquake event.",,2017-04-24,CH,Elyse Armstrong,174.761876,-41.346771,Wellington City,True,
1001700.2490,1001700,1001700.2490,"EQC 6 Brooklands Rd, Atawhai, Nelson","EQC Claim 2017/002490 - EQC Land damage assessment at 6 Brooklands Rd, Atawhai, Nelson - Kaikoura November 2016 earthquake event.",,2017-04-24,CH,Elyse Armstrong,173.305966,-41.254239,,False,
1001700.4291,1001700,1001700.4291,"EQC 30 Owhiro Bay Pde, Owhiro Bay","EQC Claim 2017/004291 - EQC Land damage assessment at 30 Owhiro Bay Pde, Owhiro Bay, Wellington - Kaikoura November 2016 earthquake event.",,2017-04-24,CH,Nick Peters,174.760527,-41.345264,Wellington City,True,
1001700.6325,1001700,1001700.6325,"EQC 46 Grove St, The Wood, Nelson","EQC Claim 2017/006325 - EQC Land damage assessment at 46 Grove St, The Wood, Nelson - Kaikoura November 2016 earthquake event.",,2017-04-24,CH,Nick Peters,173.289397,-41.269421,,False,
1001700.7674,1001700,1001700.7674,"EQC 7 Brooklands Rd, Atawhai, Nelson","EQC Claim 2017/007674 - EQC Land damage assessment at 7 Brooklands Rd, Atawhai, Nelson - Kaikoura November 2016 earthquake event.",,2017-04-24,CH,Nick Peters,173.307131,-41.25415,,False,
1011601.9476,1011601,1011601.9476,"EQC 472 Warspite Ave, Ascot Park","EQC Claim 2016/019476 - EQC Land damage assessment at 472 Warspite Ave, Ascot Park, Porirua - Kaikoura November 2016 earthquake event.",,2017-04-24,CH,Nick Peters,174.870322,-41.120885,Porirua City,True,
1011602.0564,1011602,1011602.0564,"EQC 140 Cortina Ave, Johnsonville","EQC Claim 2016/020564 - EQC Land damage assessment at 140 Cortina Ave, Johnsonville, Wellington - Kaikoura November 2016 earthquake event.",,2017-04-24,CH,Nick Peters,174.796049,-41.215362,Wellington City,True,
1011602.3681,1011602,1011602.3681,"EQC 17 Britannia Hts, Nelson","EQC Claim 2016/023681 - EQC Land damage assessment at 17 Britannia Hts, Stepneyville, Nelson - Kaikoura November 2016 earthquake event.",,2017-04-24,CH,Nick Peters,173.269205,-41.269122,,False,
1011602.6415,1011602,1011602.6415,"EQC 12 Navigation Dr, Whitby, Porirua","EQC Claim 2016/026415 - EQC Land damage assessment at 12 Navigation Dr, Whitby, Porirua - Kaikoura November 2016 earthquake event.",,2017-04-24,CH,Nick Peters,174.910684,-41.111278,Porirua City,True,
1011602.7556,1011602,1011602.7556,"EQC 54 Trelawney Rd, Wainuiomata","EQC Claim 2016/027556 - EQC Land damage assessment at 54 Trelawney Rd, Wainuiomata, Lower Hutt - Kaikoura November 2016 earthquake event.",,2017-04-24,CH,Nick Peters,174.953033,-41.24051,Lower Hutt City,True,
1011602.7870,1011602,1011602.7870,"EQC 607A Marine Dr, Days Bay, Lower Hutt","EQC Claim 2016/027870 - EQC Land damage assessment at 607A Marine Dr, Days Bay, Lower Hutt - Kaikoura November 2016 earthquake event.",,2017-04-24,CH,Nick Peters,174.904683,-41.277233,Lower Hutt City,True,
1011602.7931,1011602,1011602.7931,"EQC 68 Britannia Hts, Nelson","EQC Claim 2016/027931 - EQC Land damage assessment at 68 Britannia Hts, Stepneyville, Nelson - Kaikoura November 2016 earthquake event.",,2017-04-24,CH,Nick Peters,173.265358,-41.270373,,False,
1011602.8310,1011602,1011602.8310,"EQC 31 Willcox Grv, Naenae, Lower Hutt","EQC Claim 2016/028310 - EQC Land damage assessment at 31 Willcox Grv, Naenae, Lower Hutt - Kaikoura November 2016 earthquake event.",,2017-04-24,CH,Nick Peters,174.9485,-41.215225,Lower Hutt City,True,
1011602.8603,1011602,1011602.8603,"EQC 12 Stanley Cres, Beachville, Nelson","EQC Claim 2016/028603 - EQC Land damage assessment at 12 Stanley Cres, Beachville, Nelson - Kaikoura November 2016 earthquake event.",,2017-04-24,CH,Nick Peters,173.271675,-41.268907,,False,
1011603.1395,1011603,1011603.1395,"EQC 22 Northcote St, Wainuiomata, Lower","EQC Claim 2016/031395 - EQC Land damage assessment at 22 Northcote St, Wainuiomata, Lower Hutt - Kaikoura November 2016 earthquake event.",,2017-04-24,CH,Nick Peters,174.928971,-41.260206,Lower Hutt City,True,
1011603.1679,1011603,1011603.1679,"EQC 34 Ruthven Rd, Wainuiomata","EQC Claim 2016/031679 - EQC Land damage assessment at 34 Ruthven Rd, Wainuiomata, Lower Hutt - Kaikoura November 2016 earthquake event.",,2017-04-24,CH,Nick Peters,174.953934,-41.247194,Lower Hutt City,True,
1011603.3580,1011603,1011603.3580,"EQC 12 The Crescent, Roseneath, Wlgtn","EQC Claim 2016/033580 - EQC Land damage assessment at 12 The Crescent, Roseneath, Wellington - Kaikoura November 2016 earthquake event.",,2017-04-24,CH,Nick Peters,174.800862,-41.288998,Wellington City,True,
1001700.7453,1001700,1001700.7453,"EQC 45 Washington Rd, Washington Valley","EQC Claim 2017/007453 - EQC Land damage assessment at 45 Washington Rd, Washington Valley, Nelson - Kaikoura November 2016 earthquake event.",,2017-04-26,CH,Nick Peters,173.273078,-41.272173,,False,
1011601.9009,1011601,1011601.9009,"EQC 80 Churchill St, Kaikoura, NZL","EQC Claim 2016/019009 - EQC Land damage assessment at 80 Churchill St, Kaikoura, NZL - Kaikoura November 2016 earthquake event.",,2017-04-26,CH,Nick Peters,173.678162,-42.408954,,False,
1011601.9359,1011601,1011601.9359,"EQC 34 Richardson St, Britannia Heights","EQC Claim 2016/019359 - EQC Land damage assessment at 34 Richardson St, Britannia Heights, Nelson - Kaikoura November 2016 earthquake event.",,2017-04-26,CH,Nick Peters,173.263787,-41.271552,,False,
1011602.0350,1011602,1011602.0350,"EQC 3 Tauhou Pl, Kaikoura, NZL","EQC Claim 2016/020350 - EQC Land damage assessment at 3 Tauhou Pl, Kaikoura, NZL - Kaikoura November 2016 earthquake event.",,2017-04-26,CH,Nick Peters,173.672184,-42.40748,,False,
1011602.2230,1011602,1011602.2230,"EQC 306 Scarborough St, Kaikoura, NZL","EQC Claim 2016/022230 - EQC Land damage assessment at 306 Scarborough St, Kaikoura, NZL - Kaikoura November 2016 earthquake event.",,2017-04-26,CH,Nick Peters,173.698281,-42.42033,,False,
1011602.2913,1011602,1011602.2913,"EQC 19 Killarney St, Kaikoura, NZL","EQC Claim 2016/022913 - EQC Land damage assessment at 19 Killarney St, Kaikoura, NZL - Kaikoura November 2016 earthquake event.",,2017-04-26,CH,Nick Peters,173.6829,-42.407281,,False,
1011602.3072,1011602,1011602.3072,"EQC 199 Moana Ave, Britannia Heights","EQC Claim 2016/023072 - EQC Land damage assessment at 199 Moana Ave, Britannia Heights, Nelson - Kaikoura November 2016 earthquake event.",,2017-04-26,CH,Nick Peters,173.259758,-41.276291,,False,
1011602.3575,1011602,1011602.3575,"EQC 178 Torquay St, Kaikoura, NZL","EQC Claim 2016/023575 - EQC Land damage assessment at 178 Torquay St, Kaikoura, NZL - Kaikoura November 2016 earthquake event.",,2017-04-26,CH,Nick Peters,173.692201,-42.41652,,False,
1011602.5324,1011602,1011602.5324,"EQC 1 Mill Rd, Kaikoura, NZL","EQC Claim 2016/025324 - EQC Land damage assessment at 1 Mill Rd, Kaikoura, NZL - Kaikoura November 2016 earthquake event.",,2017-04-26,CH,Nick Peters,173.68264,-42.376263,,False,
1011603.3758,1011603,1011603.3758,"EQC 37 The Crescent, Roseneath","EQC Claim 2016/033758 - EQC Land damage assessment at 37 The Crescent, Roseneath, Wellington - Kaikoura November 2016 earthquake event.",,2017-04-26,CH,Nick Peters,174.800323,-41.290182,Wellington City,True,
1001700.1548,1001700,1001700.1548,"EQC Blackwood Bay, New Zealand","EQC Claim 2017/001548 - EQC Land damage assessment at Blackwood Bay, New Zealand - Kaikoura November 2016 earthquake event.",,2017-04-27,CH,Elyse Armstrong,174.100004,-41.216661,,False,
1001700.5025,1001700,1001700.5025,"EQC 31 Grafton Rd, Roseneath, Wellington","EQC Claim 2017/005025 - EQC Land damage assessment at 31 Grafton Rd, Roseneath, Wellington - Kaikoura November 2016 earthquake event.",,2017-04-27,CH,Nick Peters,174.801752,-41.290449,Wellington City,True,
1001700.8155,1001700,1001700.8155,"EQC 171 Budge St, Riversdale, Blenheim","EQC Claim 2017/008155 - EQC Land damage assessment at 171 Budge St, Riversdale, Blenheim - Kaikoura November 2016 earthquake event.",,2017-04-27,CH,Elyse Armstrong,173.976831,-41.505289,,False,
1001701.3390,1001701,1001701.3390,"EQC 178 Paremata Rd, Paremata, Porirua","EQC Claim 2017/013390 - EQC Land damage assessment at 178 Paremata Rd, Paremata, Porirua - Kaikoura November 2016 earthquake event.",,2017-04-27,CH,Nick Peters,174.879755,-41.105731,Porirua City,True,
1011601.8510,1011601,1011601.8510,"EQC 22 Dawkins Pl, Islington, Blenheim","EQC Claim 2016/018510 - EQC Land damage assessment at 22 Dawkins Pl, Islington, Blenheim - Kaikoura November 2016 earthquake event.",,2017-04-27,CH,Nick Peters,173.961131,-41.509289,,False,
1011601.9135,1011601,1011601.9135,"EQC 15 Dillons Point Rd, Blenheim","EQC Claim 2016/019135 - EQC Land damage assessment at 15 Dillons Point Rd, Blenheim - Kaikoura November 2016 earthquake event.",,2017-04-27,CH,Nick Peters,173.963415,-41.50936,,False,
1011602.3607,1011602,1011602.3607,"EQC 19 Cypress Dr, Takapu Valley, Lower","EQC Claim 2016/023607 - EQC Land damage assessment at 19 Cypress Dr, Takapu Valley, Lower Hutt - Kaikoura November 2016 earthquake event.",,2017-04-27,CH,Nick Peters,174.882573,-41.204002,Lower Hutt City,True,
1011602.5332,1011602,1011602.5332,"EQC 24 Dawkins Pl, Islington, Blenheim","EQC Claim 2016/025332 - EQC Land damage assessment at 24 Dawkins Pl, Islington, Blenheim - Kaikoura November 2016 earthquake event.",,2017-04-27,CH,Nick Peters,173.961167,-41.50944,,False,
1011602.6921,1011602,1011602.6921,"EQC 119 Pope St, Camborne, Porirua,","EQC Claim 2016/026921 - EQC Land damage assessment at 119 Pope St, Camborne, Porirua - Kaikoura November 2016 earthquake event.",,2017-04-27,CH,Nick Peters,174.867677,-41.089426,Porirua City,True,
1011603.3471,1011603,1011603.3471,"EQC 80 Dillons Point Rd, Islington","EQC Claim 2016/033471 - EQC Land damage assessment at 80 Dillons Point Rd, Islington, Blenheim - Kaikoura November 2016 earthquake event.",,2017-04-27,CH,Nick Peters,173.969743,-41.510098,,False,
1011603.4414,1011603,1011603.4414,"EQC 18 Dawkins Pl, Islington, Blenheim","EQC Claim 2016/034114 - EQC Land damage assessment at 18 Dawkins Pl, Islington, Blenheim - Kaikoura November 2016 earthquake event.",,2017-04-27,CH,Nick Peters,173.961093,-41.508986,,False,
1011603.4991,1011603,1011603.4991,"EQC 128 Conclusion St, Ascot Park","EQC Claim 2016/034991 - EQC Land damage assessment at 128 Conclusion St, Ascot Park, Porirua - Kaikoura November 2016 earthquake event.",,2017-04-27,CH,Nick Peters,174.868483,-41.118293,Porirua City,True,
1011603.5297,1011603,1011603.5297,"EQC 57a Dillons Point Rd, Islington","EQC Claim 2016/035297 - EQC Land damage assessment at 57a Dillons Point Rd, Islington, Blenheim - Kaikoura November 2016 earthquake event.",,2017-04-27,CH,Nick Peters,173.9697,-41.509463,,False,
1011601.9113,1011601,1011601.9113,"EQC 61 Chaytor Street, Karori","EQC Claim No. 2016/019113 - EQC Land damage assessment at 61 Chaytor Street, Karori, Wellington - Kaikoura November 2016 earthquake event",,2017-04-28,WN,Nick Peters,174.751449,-41.28159,Wellington City,True,
1011602.2687,1011602,1011602.2687,"EQC 54 Korokoro Road, Lower Hutt","EQC Claim No. 2016/022687 - EQC Land damage assessment at 54 Korokoro Road, Lower Hutt - Kaikoura November 2016 earthquake event",,2017-04-28,WN,Nick Peters,174.864495,-41.220683,Lower Hutt City,True,
1011602.6047,1011602,1011602.6047,"EQC 12 Eastview Grove, Lower Hutt","EQC Claim No. 2016/026047 - EQC Land damage assessment at 12 Eastview Grove, Normandale, Lower Hutt - Kaikoura November 2016 earthquake event",,2017-04-28,WN,Nick Peters,174.891001,-41.20364,Lower Hutt City,True,
1001700.6736,1001700,1001700.6736,"EQC 234 Howick Rd, Witherlea, Blenheim","EQC Claim 2017/006736 - EQC Land damage assessment at 234 Howick Rd, Witherlea, Blenheim - Kaikoura November 2016 earthquake event.",,2017-04-29,CH,Nick Peters,173.949973,-41.542141,,False,
1011602.1269,1011602,1011602.1269,EQC 208 Athelney Rd,EQC Claim 2016/021269 - EQC Land damage assessment at 208 Athelney Rd - Kaikoura November 2016 earthquake event.,,2017-04-29,CH,Nick Peters,173.676587,-42.357904,,False,
1011602.3567,1011602,1011602.3567,EQC 18 Churchill St,EQC Claim 2016/023567 - EQC Land damage assessment at 18 Churchill St - Kaikoura November 2016 earthquake event.,,2017-04-29,CH,Nick Peters,173.680001,-42.403273,,False,
1011602.3906,1011602,1011602.3906,"EQC 5 Mitchell St, Blenheim","EQC Claim 2016/023906 - EQC Land damage assessment at 5 Mitchell St, Blenheim  - Kaikoura November 2016 earthquake event.",,2017-04-29,CH,Nick Peters,173.96073,-41.531123,,False,
1011602.4809,1011602,1011602.4809,"EQC 1 Bullens Road, Kaikoura",EQC Claim 2016/024809 - EQC Land damage assessment at 1 Bullens Road - Kaikoura November 2016 earthquake event.,,2017-04-29,CH,Nick Peters,173.59102,-42.428208,,False,
1011602.4853,1011602,1011602.4853,"EQC 7 Bullens Road, Kaikoura",EQC Claim 2016/024853 - EQC Land damage assessment at 7 Bullens Road - Kaikoura November 2016 earthquake event.,,2017-04-29,CH,Nick Peters,173.591319,-42.428503,,False,
1011602.5863,1011602,1011602.5863,EQC 24 Killarney St,EQC Claim 2016/025863 - EQC Land damage assessment at 24 Killarney St - Kaikoura November 2016 earthquake event.,,2017-04-29,CH,Nick Peters,173.680881,-42.407617,,False,
1011602.6950,1011602,1011602.6950,"EQC 40 Fyffe Quay, Kaikoura","EQC Claim 2016/026950 - EQC Land damage assessment at 40 Fyffe Quay, Kaikoura - Kaikoura November 2016 earthquake event.",,2017-04-29,CH,Nick Peters,173.703373,-42.416611,,False,
1011602.7636,1011602,1011602.7636,EQC 5 Kea Place,EQC Claim 2016/027636 - EQC Land damage assessment at 5 Kea Place - Kaikoura November 2016 earthquake event.,,2017-04-29,CH,Nick Peters,173.684935,-42.420751,,False,
1011602.8219,1011602,1011602.8219,EQC 76 Churchill St,EQC Claim 2016/028219 - EQC Land damage assessment at 76 Churchill St - Kaikoura November 2016 earthquake event.,,2017-04-29,CH,Nick Peters,173.678169,-42.408603,,False,
1011602.8238,1011602,1011602.8238,EQC 130A Torquay St,EQC Claim 2016/028238 - EQC Land damage assessment at 130A Torquay St - Kaikoura November 2016 earthquake event.,,2017-04-29,CH,Nick Peters,173.688414,-42.414517,,False,
1011602.9166,1011602,1011602.9166,"EQC 16 Puketa Rd, Kaikoura","EQC Claim 2016/029166 - EQC Land damage assessment at 16 Puketa Rd, Kaikoura - Kaikoura November 2016 earthquake event.",,2017-04-29,CH,Nick Peters,173.588387,-42.431141,,False,2016
1001702.0875,1001702,1001702.0875,"EQC 27 Airlie Road, Plimmerton","EQC 27 Airlie Road, Plimmerton, Porirua, 5024 NZL-  North Island  April 2017 Storm Event",,2017-05-01,WN,Robert Frost,174.858135,-41.071006,Porirua City,True,
1001702.0952,1001702,1001702.0952,"EQC1-3/29 Winston Street, Crofton Downs","EQC1-3/29 Winston Street, Crofton Downs, Wellington NZL-  North Island  April 2017 Storm Event",,2017-05-01,WN,Robert Frost,174.76471,-41.257216,Wellington City,True,
1001702.0979,1001702,1001702.0979,"EQC 44a Kahu Road, Paremata","EQC 44a Kahu Road, Paremata, Porirua, 5024 NZL- Wellington November 2016 Storm Event",,2017-05-01,WN,Robert Frost,174.873638,-41.108311,Porirua City,True,
1001702.1101,1001702,1001702.1101,"EQC 18 Poynters Crescent, Nelson","EQC CLM2017/021101 - EQC Land damage assessment at 18 Poynters Crescent, Stephneyville, Nelson - April 2017 Landslip/Storm/Flood Event",,2017-05-01,NE,Marcus Lovell,173.267243,-41.26685,,False,
1001702.1146,1001702,1001702.1146,"EQC 58 Omapere Street, Whitby","EQC 58 Omapere Street, Whitby, Porirua 5024 NZL-  North Island  Wellington April 2017 Storm Event",,2017-05-01,WN,Robert Frost,174.880994,-41.118899,Porirua City,True,
1001702.1672,1001702,1001702.1672,"EQC 367 Wakefield Quay, Nelson","EQC Claim 2017/021672 - EQC Land damage assessment at 367 Wakefield Quay, Stepneyville, Nelson - April 2017 Landslip/Storm/Flood Event",,2017-05-01,NE,Marcus Lovell,173.264695,-41.267909,,False,
1011602.2178,1011602,1011602.2178,"EQC 94 Redvers Dr, Belmont, Lower Hutt","EQC Claim 2016/022178 - EQC Land damage assessment at 94 Redvers Dr, Belmont, Lower Hutt - Kaikoura November 2016 earthquake event.",,2017-05-02,CH,Nick Peters,174.915124,-41.191658,Lower Hutt City,True,
1011602.3510,1011602,1011602.3510,"EQC 706 Rotherham Rd S, Rotherham","EQC Claim 2016/023510 - EQC Land damage assessment at 706 Rotherham Rd S, Rotherham, Culverden - Kaikoura November 2016 earthquake event.",,2017-05-02,CH,Nick Peters,172.935188,-42.705985,,False,
1011602.4185,1011602,1011602.4185,"EQC 26 Natusch Rd, Belmont, Lower Hutt","EQC Claim 2016/024185 - EQC Land damage assessment at 26 Natusch Rd, Belmont, Lower Hutt - Kaikoura November 2016 earthquake event.",,2017-05-02,CH,Nick Peters,174.919179,-41.193043,Lower Hutt City,True,
1011603.3656,1011603,1011603.3656,"EQC 9 Frobisher St, Island Bay","EQC Claim 2016/033656 - EQC Land damage assessment at 9 Frobisher St, Island Bay, Wellington - Kaikoura November 2016 earthquake event.",,2017-05-02,CH,Nick Peters,174.762195,-41.342938,Wellington City,True,
1001700.0394,1001700,1001700.0394,"EQC 4 Totara St, Wainuiomata, Lower Hutt","EQC Claim 2017/000394 - EQC Land damage assessment at 4 Totara St, Wainuiomata, Lower Hutt - Kaikoura November 2016 earthquake event.",,2017-05-03,CH,Elyse Armstrong,174.93646,-41.257575,Lower Hutt City,True,
1001700.2773,1001700,1001700.2773,"EQC 8 Cambrian St, Churton Park","EQC Claim 2017/002773 - EQC Land damage assessment at 8 Cambrian St, Churton Park, Wellington - Kaikoura November 2016 earthquake event.",,2017-05-03,CH,Elyse Armstrong,174.80511,-41.210578,Wellington City,True,
1001700.4137,1001700,1001700.4137,"EQC 58 Leeward Drive, Whitby","EQC Claim No. 2017/004137 - EQC Land damage assessment at 58 Leeward Drive, Whitby, Porirua - Kaikoura November 2016 earthquake event",,2017-05-03,WN,Nick Peters,174.882824,-41.10781,Porirua City,True,
1001700.5328,1001700,1001700.5328,"EQC 10/33 Halswater Drive, Churton Park","EQC Claim No. 2017/005328 - EQC Land damage assessment at 10/33 Halswater Drive, Churton Park, Wellington - Kaikoura November 2016 earthquake event",,2017-05-03,WN,Nick Peters,174.808896,-41.207102,Wellington City,True,
1001700.7913,1001700,1001700.7913,"EQC 1367b Waiau-toa Road, Clarence","EQC Claim 2017/007913 - EQC Land damage assessment at 1367b Waiau-toa Road, Clarence, Kaikoura 7371 - Kaikoura November 2016 earthquake event.",,2017-05-03,CH,Nick Peters,173.838943,-42.087407,,False,
1001702.0900,1001702,1001702.0900,"EQC 150 St Andrews Road, Plimmerton","EQC 150 St Andrews Road, Plimmerton, Porirua 5024 NZL-  North Island  Wellington April 2017 Storm Event",,2017-05-03,WN,Robert Frost,174.867469,-41.088878,Porirua City,True,
1001702.0902,1001702,1001702.0902,"EQC 104 Airlie Road, Plimmerton","EQC 104 Airlie Road, Plimmerton, Porirua 5024 NZL-  North Island  Wellington April 2017 Storm Event",,2017-05-03,WN,Robert Frost,174.859453,-41.064093,Porirua City,True,
1011602.1125,1011602,1011602.1125,"EQC 52 King Charles Dr, Kingsley Heights","EQC Claim 2016/021125 - EQC Land damage assessment at 52 King Charles Dr, Kingsley Heights, Upper Hutt - Kaikoura November 2016 earthquake event.",,2017-05-03,CH,Nick Peters,175.085608,-41.12448,Upper Hutt City,True,
1011602.4695,1011602,1011602.4695,"EQC 3772 State Highway 1, Clarence","EQC Claim 2016/024695 - EQC Land damage assessment at 3772 State Highway 1, Clarence, Kaikoura 7371 - Kaikoura November 2016 earthquake event.",,2017-05-03,CH,Nick Peters,173.925094,-42.155835,,False,
1011602.5584,1011602,1011602.5584,"EQC 2771 Sh 1, Clarence, Kaikoura","EQC Claim 2016/025584 - EQC Land damage assessment at 2771 Sh 1, Clarence, Kaikoura - Kaikoura November 2016 earthquake event.",,2017-05-03,CH,Nick Peters,173.852981,-42.225713,,False,
1011602.5806,1011602,1011602.5806,"EQC 7 Helm Pl, Whitby, Porirua","EQC Claim 2016/025806 - EQC Land damage assessment at 7 Helm Pl, Whitby, Porirua - Kaikoura November 2016 earthquake event.",,2017-05-03,CH,Nick Peters,174.907023,-41.114867,Porirua City,True,
1011602.7365,1011602,1011602.7365,"EQC 36a Avon Street, Island Bay","EQC Claim No. 2016/027365 - EQC Land damage assessment at 36a Avon Street, Island Bay, Wellington - Kaikoura November 2016 earthquake event",,2017-05-03,WN,Nick Peters,174.777255,-41.333866,Wellington City,True,
1011602.8030,1011602,1011602.8030,"EQC 11 Oaklands Grv, Clouston Park,","EQC Claim 2016/028030 - EQC Land damage assessment at 11 Oaklands Grv, Clouston Park, Upper Hutt - Kaikoura November 2016 earthquake event.",,2017-05-03,CH,Nick Peters,175.090289,-41.121458,Upper Hutt City,True,
1001700.5377,1001700,1001700.5377,"EQC 132 Torquay St, Kaikoura","EQC Claim 2017/0005377 - EQC Land damage assessment at 132 Torquay St, Kaikoura - Kaikoura November 2016 earthquake event.",,2017-05-04,CH,Nick Peters,173.688556,-42.414674,,False,
1001700.7766,1001700,1001700.7766,"EQC 28 Endeavour Drive, Whitby","EQC Claim No. 2017/007766 - EQC Land damage assessment at 28 Endeavour Drive, Whitby, Porirua - Kaikoura November 2016 earthquake event",,2017-05-04,WN,Nick Peters,174.908344,-41.113989,Porirua City,True,
1011601.7356,1011601,1011601.7356,"EQC 42 Grays Road, Plimmerton","EQC Claim No. 2016/017356 - EQC Land damage assessment at 42 Grays Road, Plimmerton, Porirua - Kaikoura November 2016 earthquake event",,2017-05-04,WN,Nick Peters,174.871615,-41.085372,Porirua City,True,
1011601.7859,1011601,1011601.7859,"EQC 23 Euston Road, Wilton","EQC Claim No. 2016/017859 - EQC Land damage assessment at 23 Euston Road, Wilton, Porirua - Kaikoura November 2016 earthquake event",,2017-05-04,WN,Nick Peters,174.767795,-41.266963,Wellington City,True,
1011601.8040,1011601,1011601.8040,"EQC 24 Grass Street, Roseneath","EQC Claim No. 2016/018040 - EQC Land damage assessment at 24 Grass Street, Roseneath, Wellington - Kaikoura November 2016 earthquake event",,2017-05-04,WN,Nick Peters,174.799405,-41.291096,Wellington City,True,
1011601.9677,1011601,1011601.9677,"EQC 15 Mairangi Road, Wadestown","EQC Claim No. 2016/019677 - EQC Land damage assessment at 15 Mairangi Road, Wadestown, Wellington - Kaikoura November 2016 earthquake event",,2017-05-04,WN,Nick Peters,174.769779,-41.26395,Wellington City,True,
1011602.0525,1011602,1011602.0525,"EQC 50 Belvedere Road, Hataitai","EQC Claim No. 2016/020525 - EQC Land damage assessment at 50 Belvedere Road, Hataitai, Wellington - Kaikoura November 2016 earthquake event",,2017-05-04,WN,Nick Peters,174.796999,-41.30817,Wellington City,True,
1011602.0558,1011602,1011602.0558,"EQC 4 Rakau Grv, Stokes Valley","EQC Claim 2016/020558 - EQC Land damage assessment at 4 Rakau Grv, Stokes Valley, Lower Hutt - Kaikoura November 2016 earthquake event.",,2017-05-04,CH,Nick Peters,174.985294,-41.194137,Lower Hutt City,True,
1011602.3367,1011602,1011602.3367,"EQC 14 Burdendale Grove, Churton Park","EQC Claim No. 2016/023367 - EQC Land damage assessment at 14 Burdendale Grove, Churton Park, Wellington - Kaikoura November 2016 earthquake event",,2017-05-04,WN,Nick Peters,174.810948,-41.216842,Wellington City,True,
1011602.3882,1011602,1011602.3882,"EQC 4b Beauly Grove, Papakowhai","EQC Claim No. 2016/023882 - EQC Land damage assessment at 4b Beauly Grove, Papakowhai, Wellington - Kaikoura November 2016 earthquake event",,2017-05-04,WN,Nick Peters,174.862487,-41.115981,Porirua City,True,
1011602.5760,1011602,1011602.5760,"EQC 4 Goddard Grove, Churton Park","EQC Claim No. 2016/025760 - EQC Land damage assessment at 4 Goddard Grove, Churton Park, Wellington - Kaikoura November 2016 earthquake event",,2017-05-04,WN,Nick Peters,174.809537,-41.213214,Wellington City,True,
1011602.8353,1011602,1011602.8353,"EQC 11a Lomita Road, Johnsonville","EQC Claim No. 2016/028353 - EQC Land damage assessment at 11a Lomita Road, Johnsonville, Wellington - Kaikoura November 2016 earthquake event",,2017-05-04,WN,Nick Peters,174.799136,-41.216399,Wellington City,True,
1011602.9159,1011602,1011602.9159,"EQC 13 Eastview GV, Normandale","EQC Claim 2016/029159 - EQC Land damage assessment at 13 Eastview GV, Normandale, Lower Hutt - Kaikoura November 2016 earthquake event.",,2017-05-04,CH,Nick Peters,174.891018,-41.203846,Lower Hutt City,True,2013
1011603.0013,1011603,1011603.0013,"EQC 44 Cypress Dr, Maungaraki, Lower Hut","EQC Claim 2016/030013 - EQC Land damage assessment at 44 Cypress Dr, Maungaraki, Lower Hutt - Kaikoura November 2016 earthquake event.",,2017-05-04,CH,Nick Peters,174.882541,-41.206294,Lower Hutt City,True,
1011603.0969,1011603,1011603.0969,"EQC 3 Liddel Grove, Island Bay","EQC Claim No. 2016/030969 - EQC Land damage assessment at 3 Liddel Grove, Island Bay, Wellington - Kaikoura November 2016 earthquake event",,2017-05-04,WN,Nick Peters,174.764824,-41.341215,Wellington City,True,
1011603.1682,1011603,1011603.1682,"EQC 121 Marine Dr, Sorrento Bay","EQC Claim 2016/031682 - EQC Land damage assessment at 121 Marine Dr, Sorrento Bay, Lower Hutt - Kaikoura November 2016 earthquake event.",,2017-05-04,CH,Nick Peters,174.907987,-41.254035,Lower Hutt City,True,
1011603.1856,1011603,1011603.1856,"EQC 1/9 Montgomery Street, Stokes Valley","EQC Claim No. 2016/031856 - EQC Land damage assessment at 1/9 Montgomery Street, Stokes Valley, Wellington - Kaikoura November 2016 earthquake event",,2017-05-04,WN,Nick Peters,174.984641,-41.175928,Lower Hutt City,True,
1011603.2641,1011603,1011603.2641,"EQC 277 Scarborough St, Kaikoura","EQC Claim 2016/032641 - EQC Land damage assessment at 277 Scarborough St, Kaikoura - Kaikoura November 2016 earthquake event.",,2017-05-04,CH,Nick Peters,173.694263,-42.417401,,False,
1011603.4275,1011603,1011603.4275,"EQC 87 Clyde Street, Island Bay","EQC Claim No. 2016/034275 - EQC Land damage assessment at 87 Clyde Street, Island Bay, Wellington - Kaikoura November 2016 earthquake event",,2017-05-04,WN,Nick Peters,174.775183,-41.333826,Wellington City,True,
1011603.4522,1011603,1011603.4522,"EQC 90 The Esplanade, Houghton Bay","EQC Claim No. 2016/034522 - EQC Land damage assessment at 90 The Esplanade, Houghton Bay, Wellington - Kaikoura November 2016 earthquake event",,2017-05-04,WN,Nick Peters,174.784403,-41.341562,Wellington City,True,
1011603.4959,1011603,1011603.4959,"EQC 8b Anaheim Place, Churton Park","EQC Claim No. 2016/034959 - EQC Land damage assessment at 8b Anaheim Place, Churton Park, Wellington - Kaikoura November 2016 earthquake event",,2017-05-04,WN,Nick Peters,174.803469,-41.210694,Wellington City,True,
1011603.6239,1011603,1011603.6239,"EQC 7C Tiniroa Grv, Silverstream","EQC Claim 2016/036239 - EQC Land damage assessment at 7C Tiniroa Grv, Silverstream, Upper Hutt - Kaikoura November 2016 earthquake event.",,2017-05-04,CH,Nick Peters,175.023518,-41.149612,Upper Hutt City,True,
1001700.0799,1001700,1001700.0799,"EQC 103d Beach Road, Kaikoura","EQC Claim 2017/000799 - EQC Land damage assessment at 103d Beach Road, Kaikoura - Kaikoura November 2016 earthquake event.",,2017-05-07,CH,Elyse Armstrong,173.678086,-42.390769,,False,
1001700.4578,1001700,1001700.4578,"EQC 13 Austin Street, Kaikoura","EQC Claim 2017/004578 - EQC Land damage assessment at 13 Austin Street, Kaikoura, Kaikoura - Kaikoura November 2016 earthquake event.",,2017-05-07,CH,Nick Peters,173.698152,-42.41812,,False,2013
1011602.0022,1011602,1011602.0022,"EQC 180 The Esplanade, Kaikoura","EQC Claim 2016/020022- EQC Land damage assessment at 180 The Esplanade, Kaikoura - Kaikoura November 2016 earthquake event.",,2017-05-07,CH,Nick Peters,173.689083,-42.412732,,False,
1011602.1463,1011602,1011602.1463,"EQC 15 Margate Street, Kaikoura","EQC Claim 2016/021463 - EQC Land damage assessment at 15 Margate Street, Kaikoura - Kaikoura November 2016 earthquake event.",,2017-05-07,CH,Nick Peters,173.690433,-42.415283,,False,
1011602.4433,1011602,1011602.4433,"EQC 184 Torquay Street, Kaikoura","EQC Claim 2016/024433 - EQC Land damage assessment at 184 Torquay Street, Kaikoura - Kaikoura November 2016 earthquake event.",,2017-05-07,CH,Nick Peters,173.69296,-42.41642,,False,
1011602.4448,1011602,1011602.4448,"EQC 134 Torquay Street, Kaikoura","EQC Claim 2016/024448 - EQC Land damage assessment at 134 Torquay Street, Kaikoura - Kaikoura November 2016 earthquake event.",,2017-05-07,CH,Nick Peters,173.688828,-42.414762,,False,
1011603.2850,1011603,1011603.2850,"EQC 176 Torquay Street, Kaikoura","EQC Claim 2016/032850 - EQC Land damage assessment at 176 Torquay Street, Kaikoura - Kaikoura November 2016 earthquake event.",,2017-05-07,CH,Nick Peters,173.692019,-42.416433,,False,
1011603.4138,1011603,1011603.4138,"EQC 2a Weka Road, Kaikoura","EQC Claim 2016/034138 - EQC Land damage assessment at 2a Weka Road, Kaikoura, Kaikoura - Kaikoura November 2016 earthquake event.",,2017-05-07,CH,Nick Peters,173.683928,-42.424647,,False,
1001702.0495,1001702,1001702.0495,"EQC43 Balfour St, Mornington, Wellington","EQC43 Balfour St, Mornington, Wellington- North Island April 2017 Storm Event",,2017-05-08,WN,Robert Frost,174.766851,-41.318694,Wellington City,True,
1001702.0513,1001702,1001702.0513,"EQC14 Beaufort Clos, Kingsley Heights","EQC14 Beaufort Clos, Kingsley Heights, Upper Hutt, 5018, NZL- North Island April 2017 Storm Event",,2017-05-08,WN,Robert Frost,175.086074,-41.125398,Upper Hutt City,True,
1001702.0615,1001702,1001702.0615,"EQC18 Buckingham St, Melrose, Wellington","EQC18 Buckingham St, Melrose, Wellington- North Island April 2017 Storm Event",,2017-05-08,WN,Robert Frost,174.790569,-41.324445,Wellington City,True,
1001702.0707,1001702,1001702.0707,"EQC23 Houghton Bay Rd, Wellington","EQC23 Houghton Bay Rd, Houghton Bay, Wellington- North Island April 2017 Storm Event",,2017-05-08,WN,Robert Frost,174.784894,-41.3305,Wellington City,True,
1001702.0725,1001702,1001702.0725,"EQC203 Houghton Bay Rd, Wellington","EQC203 Houghton Bay Rd, Houghton Bay, Wellington- North Island April 2017 Storm Event",,2017-05-08,WN,Robert Frost,174.786515,-41.339422,Wellington City,True,
1001700.2629,1001700,1001700.2629,"EQC 10 Sheridan Terrace, Johnsonville","EQC Claim 2017/002629 - EQC Land damage assessment at 10 Sheridan Tce, Johnsonville - Kaikoura November 2016 earthquake event.",,2017-05-09,CH,Elyse Armstrong,174.809792,-41.22422,Wellington City,True,
1001700.3740,1001700,1001700.3740,"EQC 2/46 Burgess Rd, Johnsonville","EQC Claim 2017/003740 - EQC Land damage assessment at 2/46 Burgess Rd, Johnsonville - Kaikoura November 2016 earthquake event.",,2017-05-09,CH,Elyse Armstrong,174.810576,-41.222836,Wellington City,True,
1001700.8227,1001700,1001700.8227,EQC 64 Jollies Pass Rd,"EQC Claim 2017/008227 - EQC Land damage assessment at 64 Jollies Pass Road, Hanmer Springs - Kaikoura November 2016 earthquake event.",,2017-05-09,CH,Nick Peters,172.835271,-42.518239,,False,
1001701.3899,1001701,1001701.3899,"EQC1 Otaki St, Miramar, Wellington","EQC1 Otaki St, Miramar, Wellington- North Island April 2017 Storm Event",,2017-05-09,WN,Robert Frost,174.821043,-41.321214,Wellington City,True,
1001701.9209,1001701,1001701.9209,"EQC 78 Downing St, Crofton Downs","EQC Claim 2017/019209 - EQC Land damage assessment at 78 Downing St, Crofton Downs - Kaikoura November 2016 earthquake event.",,2017-05-09,CH,Nick Peters,174.760432,-41.256292,Wellington City,True,
1001702.0571,1001702,1001702.0571,"EQC13 Singers Rd, Korokoro, Lower Hutt","EQC13 Singers Rd, Korokoro, Lower Hutt - North Island April 2017 Storm Event",,2017-05-09,WN,Robert Frost,174.866704,-41.219207,Lower Hutt City,True,2013
1001702.1218,1001702,1001702.1218,"EQC 1-25/61 Maupuia Rd, Maupuia","EQC 1-25/61 Maupuia Rd, Maupuia, Wellington - North Island April 2017 Storm Event",,2017-05-09,WN,Robert Frost,174.813137,-41.311912,Wellington City,True,
1011601.7768,1011601,1011601.7768,"EQC 70 Burgess Rd, Johnsonville","EQC Claim 2016/017768 - EQC Land damage assessment at 70 Burgess Rd, Johnsonville - Kaikoura November 2016 earthquake event.",,2017-05-09,CH,Nick Peters,174.81268,-41.222985,Wellington City,True,
1011601.9069,1011601,1011601.9069,"EQC 8 Thimble Ln, Whitby","EQC Claim 2016/019069 - EQC Land damage assessment at 8 Thimble Ln, Whitby, Porirua - Kaikoura November 2016 earthquake event.",,2017-05-09,CH,Nick Peters,174.877876,-41.112077,Porirua City,True,
1011602.0856,1011602,1011602.0856,"EQC 1-3/19 Onslow Rd, Khandallah","EQC Claim 2016/020856 - EQC Land damage assessment at 1-3/19 Onslow Rd, Khandallah - Kaikoura November 2016 earthquake event.",,2017-05-09,CH,Nick Peters,174.800589,-41.252395,Wellington City,True,
1011602.1150,1011602,1011602.1150,"EQC 85 Burgess Rd, Newlands","EQC Claim 2016/021150 - EQC Land damage assessment at 85 Burgess Rd, Newlands - Kaikoura November 2016 earthquake event.",,2017-05-09,CH,Nick Peters,174.81401,-41.222609,Wellington City,True,
1011602.1422,1011602,1011602.1422,"EQC 23B Caesars Pl, Churton Park","EQC Claim 2016/021422 - EQC Land damage assessment at 23B Caesars Pl, Churton Park - Kaikoura November 2016 earthquake event.",,2017-05-09,CH,Nick Peters,174.811859,-41.210104,Wellington City,True,
1011602.4009,1011602,1011602.4009,"EQC 52 Apuka St, Brooklyn","EQC Claim 2016/024009 - EQC Land damage assessment at 52 Apuka St, Brooklyn - Kaikoura November 2016 earthquake event.",,2017-05-09,CH,Nick Peters,174.759841,-41.301989,Wellington City,True,
1011602.4615,1011602,1011602.4615,"EQC 40 Pomare Rd, Tirohanga","EQC Claim 2016/024615 - EQC Land damage assessment at 40 Pomare Rd, Tirohanga, Lower Hutt - Kaikoura November 2016 earthquake event.",,2017-05-09,CH,Nick Peters,174.912875,-41.196931,Lower Hutt City,True,
1011602.4903,1011602,1011602.4903,"EQC 13A Hawtrey Ter, Johnsonville","EQC Claim 2016/024903 - EQC Land damage assessment at 13A Hawtrey Ter, Johnsonville - Kaikoura November 2016 earthquake event.",,2017-05-09,CH,Nick Peters,174.808087,-41.214954,Wellington City,True,
1011602.8050,1011602,1011602.8050,"EQC 121 Washington Ave, Brooklyn","EQC Claim 2016/028050 - EQC Land damage assessment at 121 Washington Ave, Brooklyn - Kaikoura November 2016 earthquake event.",,2017-05-09,CH,Nick Peters,174.766416,-41.308449,Wellington City,True,
1011602.8444,1011602,1011602.8444,EQC 57 Jollies Pass Road,"EQC Claim 2016/028444 - EQC Land damage assessment at 57 Jollies Pass Road, Hanmer Springs - Kaikoura November 2016 earthquake event.",,2017-05-09,CH,Nick Peters,172.835233,-42.518901,,False,
1011602.8764,1011602,1011602.8764,EQC 117A Severn St,"EQC Claim 2016/028764 - EQC Land damage assessment 117A Severn Street, Wellington - Kaikoura November 2016 earthquake event.",,2017-05-09,CH,Nick Peters,174.764186,-41.343547,Wellington City,True,
1011602.9774,1011602,1011602.9774,"EQC 15 Valley St, Island Bay","EQC Claim 2016/029774 - EQC Land damage assessment at 15 Valley St, Island Bay - Kaikoura November 2016 earthquake event.",,2017-05-09,CH,Nick Peters,174.766024,-41.346437,Wellington City,True,
1011602.9999,1011602,1011602.9999,EQC 121 Argelins Road,"EQC Claim 2016/029999 - EQC Land damage assessment at 121 Argelins Road, Hanmer Springs - Kaikoura November 2016 earthquake event.",,2017-05-09,CH,Nick Peters,172.821052,-42.523925,,False,
1011603.1871,1011603,1011603.1871,"EQC 44 Evans Bay Pde, Roseneath","EQC Claim 2016/031871 - EQC Land damage assessment at 44 Evans Bay Pde, Roseneath - Kaikoura November 2016 earthquake event.",,2017-05-09,CH,Nick Peters,174.803204,-41.289288,Wellington City,True,
1011603.1937,1011603,1011603.1937,"EQC 3 Alwyn Pl, Newlands","EQC Claim 2016/031937 - EQC Land damage assessment at 3 Alwyn Pl, Newlands - Kaikoura November 2016 earthquake event.",,2017-05-09,CH,Nick Peters,174.817373,-41.225953,Wellington City,True,
1011603.4102,1011603,1011603.4102,"EQC 25 Denby Place, Hanmer Springs","EQC Claim 2016/034102 - EQC Land damage assessment at 25 Denby Place, Hanmer Springs - Kaikoura November 2016 earthquake event.",,2017-05-09,CH,Nick Peters,172.826918,-42.517586,,False,
1011603.5088,1011603,1011603.5088,"EQC 62 Kahu Rd, Paremata","EQC Claim 2016/035088 - EQC Land damage assessment at 62 Kahu Rd, Paremata, Porirua - Kaikoura November 2016 earthquake event.",,2017-05-09,CH,Nick Peters,174.874838,-41.108184,Porirua City,True,
1001700.0923,1001700,1001700.0923,"EQC 91 Westchester Dr, Churton Park","EQC Claim 2017/000923- EQC Land damage assessment at 91 Westchester Dr, Churton Park - Kaikoura November 2016 earthquake event.",,2017-05-10,CH,Elyse Armstrong,174.810594,-41.201804,Wellington City,True,
1001700.1857,1001700,1001700.1857,"2771 SH 1, Waipapa Bay","EQC Claim 2017/001857 - EQC Land damage assessment at 92771 SH 1, Waipapa Bay, Kaikoura - Kaikoura November 2016 earthquake event.",,2017-05-10,CH,Elyse Armstrong,173.8530912340001,-42.22534404199996,,False,
1001700.2698,1001700,1001700.2698,"EQC 174 Torquay St, Kaikoura","EQC Claim 2017/002698- EQC Land damage assessment at 174 Torquay St, Kaikoura - Kaikoura November 2016 earthquake event.",,2017-05-10,CH,Elyse Armstrong,173.691761,-42.416386,,False,
1001700.3262,1001700,1001700.3262,"EQC 48 Manawa Ave, Raumati Beach","EQC Claim 2017/003262- EQC Land damage assessment at 48 Manawa Ave, Raumati Beach, Paraparaumu - Kaikoura November 2016 earthquake event.",,2017-05-10,CH,Elyse Armstrong,174.997571,-40.920307,,False,
1001700.4389,1001700,1001700.4389,"EQC 62 Torquay St, Kaikoura","EQC Claim 2017/004389 - EQC Land damage assessment at 62 Torquay St, Kaikoura - Kaikoura November 2016 earthquake event.",,2017-05-10,CH,Nick Peters,173.684603,-42.410676,,False,
1001701.4683,1001701,1001701.4683,"EQC 6 Ariesdale Ter, Toi Toi","EQC Claim 2017/014683 - EQC Land damage assessment at 6 Ariesdale Ter, Toi Toi, Nelson - Kaikoura November 2016 earthquake event",,2017-05-10,CH,Nick Peters,173.262522,-41.290919,,False,
1011601.7055,1011601,1011601.7055,"EQC 47A Clutha Ave, Khandallah","EQC Claim 2016/017055 - EQC Land damage assessment at 47A Clutha Ave, Khandallah, Wellington - Kaikoura November 2016 earthquake event.",,2017-05-10,CH,Elyse Armstrong,174.78723,-41.249044,Wellington City,True,
1011601.7157,1011601,1011601.7157,"EQC 35 Leefield St, Blenheim","EQC Claim 2016/017157 - EQC Land damage assessment at 35 Leefield St, Blenheim - Kaikoura November 2016 earthquake event.",,2017-05-10,CH,Nick Peters,173.943687,-41.519396,,False,
1011601.9969,1011601,1011601.9969,"EQC 31 The Parade, Teviotdale","EQC Claim 2016/019969 - EQC Land damage assessment at 31 The Parade, Teviotdale, Waipara - Kaikoura November 2016 earthquake event.",,2017-05-10,CH,Nick Peters,173.075834,-43.049261,,False,
1011602.0252,1011602,1011602.0252,"EQC 166 Tachalls Rd, Ward","EQC Claim 2016/020252- EQC Land damage assessment at 166 Tachalls Rd, Ward - Kaikoura November 2016 earthquake event.",,2017-05-10,CH,Nick Peters,174.121495,-41.823515,,False,
1011602.0434,1011602,1011602.0434,"EQC 136 Tachalls Rd, Ward","EQC Claim 2016/020434- EQC Land damage assessment at 136 Tachalls Rd, Ward - Kaikoura November 2016 earthquake event.",,2017-05-10,CH,Nick Peters,174.123935,-41.823526,,False,
1011602.0836,1011602,1011602.0836,"EQC 661 Hundalee Road, Ferniehurst","EQC Claim 2016/020836 EQC Land damage assessment at 661 Hundalee Rd, Ferniehurst, Cheviot - Kaikoura November 2016 earthquake event.",,2017-05-10,CH,Nick Peters,173.446633,-42.555928,,False,
1011602.1132,1011602,1011602.1132,"EQC 2 Balmoral St, Waiau","EQC Claim 2016/021132 EQC Land damage assessment at 2 Balmoral St, Waiau - Kaikoura November 2016 earthquake event.",,2017-05-10,CH,Nick Peters,173.042791,-42.65865,,False,
1011602.2269,1011602,1011602.2269,"EQC 8 Red Swamp Rd, Kaikoura","EQC Claim 2016/022269 - EQC Land damage assessment at 8 Red Swamp Rd, Kaikoura - Kaikoura November 2016 earthquake event.",,2017-05-10,CH,Nick Peters,173.64866,-42.395103,,False,
1011602.2870,1011602,1011602.2870,"EQC 42 Hawthorne Rd, Kaikoura","EQC Claim 2016/022870 EQC Land damage assessment at 42 Hawthorne Rd, Kaikoura - Kaikoura November 2016 earthquake event.",,2017-05-10,CH,Nick Peters,173.67405274500004,-42.38921939199997,,False,
1011602.4517,1011602,1011602.4517,"EQC 98 Barnard St, Wadestown","EQC Claim 2016/024517- EQC Land damage assessment at 98 Barnard St, Wadestown, Wellington - Kaikoura November 2016 earthquake event.",,2017-05-10,CH,Nick Peters,174.784318,-41.262041,Wellington City,True,
1011602.5935,1011602,1011602.5935,"EQC 124 Esplanade, Kaikoura","EQC Claim 2016/025935  EQC Land damage assessment at 124 Esplanade, Kaikoura - Kaikoura November 2016 earthquake event.",,2017-05-10,CH,Nick Peters,173.6863,-42.409691,,False,
1011602.7150,1011602,1011602.7150,"EQC Queen Charlotte Track,EndeavourInlet","EQC Claim 2016/027150 - EQC Land damage assessment at Queen Charlotte Track, Endeavour Inlet - Kaikoura November 2016 earthquake event.",,2017-05-10,CH,Marcus Lovell,173.957281,-41.269148,,False,
1011602.7480,1011602,1011602.7480,"EQC 8 Ben Lomond Rd, Rotheram","EQC Claim 2016/027480  EQC Land damage assessment at 8 Ben Lomond Rd, Rotheram, Culverden - Kaikoura November 2016 earthquake event.",,2017-05-10,CH,Nick Peters,173.027971,-42.717107,,False,
1011602.9327,1011602,1011602.9327,"EQC 57 Staces Rd, Grovetown","EQC Claim 2016/029327 - EQC Land damage assessment at 57 Staces Rd, Grovetown, Blenheim - Kaikoura November 2016 earthquake event.",,2017-05-10,CH,Nick Peters,173.955412,-41.483527,,False,
1011603.1408,1011603,1011603.1408,"EQC 8 Hall St, Teviotdale","EQC Claim 2016/031408 - EQC Land damage assessment at 8 Hall St, Teviotdale, Waipara - Kaikoura November 2016 earthquake event.",,2017-05-10,CH,Elyse Armstrong,173.071583,-43.047317,,False,
1001700.7263,1001700,1001700.7263,"EQC 69 Harbour View Road, Northland","EQC Claim 2017/007263 - EQC Land damage assessment at 69 Harbour View Road, Northland, Wellington - Kaikoura November 2016 earthquake event.",,2017-05-11,CH,Nick Peters,174.758885,-41.282727,Wellington City,True,
1001702.0497,1001702,1001702.0497,"EQC 49 Cedar Street, Maungaraki","EQC 49 Cedar Street, Maungaraki, Lower Hutt NZL-  North Island  Wellington April 2017 Storm Event",,2017-05-11,WN,Robert Frost,174.880129,-41.206472,Lower Hutt City,True,
1001702.0627,1001702,1001702.0627,"EQC 32 Friend Street, Karori","EQC 32 Friend Street, Karori, Wellington NZL-  North Island  Wellington April 2017 Storm Event",,2017-05-11,WN,Robert Frost,174.740557,-41.28098,Wellington City,True,
1001702.0701,1001702,1001702.0701,"EQC 9 Bendbrook Way, Ngaio","EQC 9  Bendbrook Way, Ngaio, Wellington NZL-  North Island  Wellington April 2017 Storm Event",,2017-05-11,WN,Robert Frost,174.770449,-41.254018,Wellington City,True,
1001702.1065,1001702,1001702.1065,"EQC 10a Governor Road, Northland","EQC 10a Governor Road, Northland, Wellington NZL-  North Island  Wellington April 2017 Storm Event",,2017-05-11,WN,Robert Frost,174.758122,-41.284433,Wellington City,True,
1001702.1212,1001702,1001702.1212,"EQC 14 Puketiro Ave, Northland","EQC 14 Puketiro Ave, Northland, Wellington NZL-  North Island  Wellington April 2017 Storm Event",,2017-05-11,WN,Robert Frost,174.764607,-41.277734,Wellington City,True,
1001702.1327,1001702,1001702.1327,"EQC 22 Creswick Tce, Northland","EQC 22 Creswick Tce, Northland, Wellington NZL-  North Island  Wellington April 2017 Storm Event",,2017-05-11,WN,Robert Frost,174.754731,-41.281599,Wellington City,True,
1011603.4497,1011603,1011603.4497,"EQC 45 Garden Road, Northland","EQC Claim 2016/034497 - EQC Land damage assessment at 45 Garden Road, Northland, Wellington - Kaikoura November 2016 earthquake event.",,2017-05-11,CH,Nick Peters,174.76104,-41.282736,Wellington City,True,
1001702.0912,1001702,1001702.0912,"EQC 8 Alexandra Road, Roseneath","EQC 8 Alexandra Road, Roseneath, Wellington 6021 NZL- North Island April 2017 Storm Event",,2017-05-12,WN,Robert Frost,174.797598,-41.295663,Wellington City,True,
1001702.1211,1001702,1001702.1211,"EQC 106A Totara Rd, Miramar, Wellington","EQC 106A Totara Rd, Miramar, Wellington- North Island April 2017 Storm Event",,2017-05-12,WN,Robert Frost,174.828004,-41.306162,Wellington City,True,
1011603.0380,1011603,1011603.0380,"EQC 29A Wai-Iti Cres, Woburn, Lower Hutt","EQC Claim 2017/030380 - EQC Land damage assessment at 29A Wai-Iti Cres, Woburn, Lower Hutt - Kaikoura November 2016 earthquake event.",,2017-05-12,CH,Elyse Armstrong,174.903917,-41.220447,Lower Hutt City,True,
1001700.3392,1001700,1001700.3392,"EQC 27 Sylvan Way, Silverstream","EQC Claim 2017/003392 EQC Land damage assessment at 27 Sylvan Way, Silverstream, Upper Hutt - Kaikoura November 2016 earthquake event.",,2017-05-15,CH,Elyse Armstrong,175.006151,-41.15251,Upper Hutt City,True,
1001700.5039,1001700,1001700.5039,"EQC 134 Wadestown Rd, Wadestown","EQC Claim 2017/005039- EQC Land damage assessment at 134 Wadestown Rd, Wadestown, Wellington - Kaikoura November 2016 earthquake event.",,2017-05-15,CH,Nick Peters,174.771362,-41.261166,Wellington City,True,
1001702.0806,1001702,1001702.0806,EQC 558 Motueka River West Bank Rd,"EQC 558 Motueka River West Bank Rd, Motueka Valley, Motueka -North Island April 2017 Storm Event",,2017-05-15,NE,Marcus Lovell,172.944574,-41.135721,,False,
1001702.0823,1001702,1001702.0823,"EQC 18 Strachan Rd, Ngatimoti, Motueka","EQC 18 Strachan Rd, Ngatimoti, Motueka -North Island  April 2017 Storm Event",,2017-05-15,NE,Marcus Lovell,172.901136,-41.226056,,False,
1001702.0847,1001702,1001702.0847,"EQC 1419 SH1, Koromiko, Picton","EQC 1419 SH1, Koromiko, Picton - North Island April 2017 Storm Event",,2017-05-15,NE,Marcus Lovell,173.956206,-41.397013,,False,
1001702.0863,1001702,1001702.0863,"EQC 69 Needles Rd, Ward","EQC 69 Needles Rd, Ward - North Island April 2017 Storm Event",,2017-05-15,NE,Marcus Lovell,174.129612,-41.819003,,False,
1001702.0953,1001702,1001702.0953,"EQC 673 Dovedale Rd, Dovedale","EQC 673 Dovedale Rd, Dovedale, Wakefield -North Island  April 2017 Storm Event",,2017-05-15,NE,Marcus Lovell,172.932333,-41.324741,,False,
1001702.1001,1001702,1001702.1001,"EQC 501 Waikakaho Rd, Tuamarina","EQC 501 Waikakaho Rd, Tuamarina, Blenheim - North Island April 2017 Storm Event",,2017-05-15,NE,Marcus Lovell,173.866516,-41.416385,,False,
1001702.1312,1001702,1001702.1312,"EQC 1592 Tumbledown Bay Rd, Picton","EQC 1592 Tumbledown Bay Rd, Port Underwood, Picton - North Island April 2017 Storm Event",,2017-05-15,NE,Marcus Lovell,174.174997,-41.306072,,False,
1001702.1480,1001702,1001702.1480,"EQC 95 Strachan Rd, Ngatimoti","EQC 95 Strachan Rd, Ngatimoti, Motueka - North Island April 2017 Storm Event",,2017-05-15,NE,Marcus Lovell,172.90819,-41.226104,,False,
1001702.1748,1001702,1001702.1748,"EQC 95 Strachan Rd, Ngatimoti May 17","EQC 95 Strachan Rd, Ngatimoti, Motueka -North Island May 2017 Storm Event",,2017-05-15,NE,Marcus Lovell,172.90712990100008,-41.22559979099998,,False,
1011601.7199,1011601,1011601.7199,"EQC 78 Barnard St, Wadestown","EQC Claim 2016/017199- EQC Land damage assessment at 78 Barnard St, Wadestown, Wellington - Kaikoura November 2016 earthquake event.",,2017-05-15,CH,Nick Peters,174.783433,-41.262908,Wellington City,True,
1011602.3929,1011602,1011602.3929,"EQC 89 Bird Grv, Stokes Valley","EQC Claim 2016/023929 EQC Land damage assessment at 89 Bird Grv, Stokes Vallet, Lower Hutt - Kaikoura November 2016 earthquake event.",,2017-05-15,CH,Elyse Armstrong,174.977436,-41.175716,Lower Hutt City,True,
1011602.9752,1011602,1011602.9752,"EQC 42 Nalanda Cres, Broadmeadows","EQC Claim 2016/9752 EQC Land damage assessment at 42 Nalanda Cres, Broadmeadows, Wellington - Kaikoura November 2016 earthquake event.",,2017-05-15,CH,Nick Peters,174.792091,-41.231847,Wellington City,True,
1011603.2239,1011603,1011603.2239,"EQC 27 Garden Rd, Northland","EQC Claim 2016/032239 EQC Land damage assessment at 27 Garden Rd, Northland, Wellington - Kaikoura November 2016 earthquake event.",,2017-05-15,CH,Nick Peters,174.760136,-41.283319,Wellington City,True,
1011603.5432,1011603,1011603.5432,"EQC 31 Randwick Rd, Northland","EQC Claim 2016/035432 EQC Land damage assessment at 31 Randwick Rd, Northland, Wellington - Kaikoura November 2016 earthquake event.",,2017-05-15,CH,Nick Peters,174.756278,-41.280585,Wellington City,True,
1011603.5669,1011603,1011603.5669,"EQC 12 Mahoe St, Eastbourne","EQC Claim 2016/035669 EQC Land damage assessment at 12 Mahoe St, Eastbourne, Lower Hutt - Kaikoura November 2016 earthquake event.",,2017-05-15,CH,Elyse Armstrong,174.89257,-41.303817,Lower Hutt City,True,
1011603.5993,1011603,1011603.5993,"EQC 7 Sefton St, Wadestown","EQC Claim 2016/035993 - EQC Land damage assessment at 7 Sefton St, Wadestown, Wellington - Kaikoura November 2016 earthquake event.",,2017-05-15,CH,Nick Peters,174.778185,-41.264412,Wellington City,True,
1001700.6905,1001700,1001700.6905,"EQC 101 Bulls Run Road, Upper Hutt","EQC Claim 2017/006905 - EQC Land damage assessment at 101 Bulls Run Road, Moonshine Valley, Upper Hutt - Kaikoura November 2016 earthquake event.",,2017-05-16,CH,Nick Peters,175.009236,-41.084858,Upper Hutt City,True,
1001700.8557,1001700,1001700.8557,"EQC 28 McLintock St, Johnsonville","EQC Claim 2017/008557 - EQC Land damage assessment at 28 McLintock St, Johnsonville, Wellington - Kaikoura November 2016 earthquake event.",,2017-05-16,CH,Nick Peters,174.794227,-41.225206,Wellington City,True,
1011601.8175,1011601,1011601.8175,"EQC 25 Oban Street, Wadestown","EQC Claim 2016/018175 - EQC Land damage assessment at 25 Oban Street, Wadestown, Wellington - Kaikoura November 2016 earthquake event.",,2017-05-16,CH,Nick Peters,174.778072,-41.262617,Wellington City,True,
1011601.9114,1011601,1011601.9114,"EQC 44 Cooper Street, Karori","EQC Claim 2016/019114 - EQC Land damage assessment at 44 Cooper Street, Karori, Wellington - Kaikoura November 2016 earthquake event.",,2017-05-16,CH,Nick Peters,174.744099,-41.286726,Wellington City,True,
1011602.2767,1011602,1011602.2767,"EQC 50 Ottawa Road, Ngaio","EQC Claim 2016/022767 - EQC Land damage assessment at 50 Ottawa Road, Ngaio, Wellington - Kaikoura November 2016 earthquake event.",,2017-05-16,CH,Nick Peters,174.774917,-41.248598,Wellington City,True,
1011602.8686,1011602,1011602.8686,"EQC 12 Hazelwood Ave, Karori","EQC Claim 2016/028686 - EQC Land damage assessment at 12 Hazelwood Ave, Karori, Wellington - Kaikoura November 2016 earthquake event.",,2017-05-16,CH,Nick Peters,174.723712,-41.293809,Wellington City,True,
1011603.0717,1011603,1011603.0717,"EQC 2a Jacobsen Lane, Ngaio","EQC Claim 2016/030717 - EQC Land damage assessment at 2a Jacobsen Lane, Ngaio, Wellington - Kaikoura November 2016 earthquake event.",,2017-05-16,CH,Nick Peters,174.769802,-41.255088,Wellington City,True,
1011603.4660,1011603,1011603.4660,"EQC 33 Crofton Road, Ngaio","EQC Claim 2016/034660 - EQC Land damage assessment at 33 Crofton Road, Ngaio, Wellington - Kaikoura November 2016 earthquake event.",,2017-05-16,CH,Nick Peters,174.775285,-41.253601,Wellington City,True,
1011603.5491,1011603,1011603.5491,"EQC 19 Lomita Road, Johnsonville","EQC Claim 2016/035491 - EQC Land damage assessment at19 Lomita Road, Johnsonville, Wellington - Kaikoura November 2016 earthquake event.",,2017-05-16,CH,Nick Peters,174.799225,-41.215993,Wellington City,True,
1001700.0172,1001700,1001700.0172,"EQC 2 Avoca St, Kaikoura","EQC Claim 2017/000172 - EQC Land damage assessment at 2 Avoca St, Kaikoura - Kaikoura November 2016 earthquake event.",,2017-05-17,CH,Elyse Armstrong,173.700215,-42.4146,,False,
1001700.0378,1001700,1001700.0378,"176A Torquay Street, Kaikoura","EQC Claim 2017/000378 - EQC Land damage assessment at 176A Torquay St, Kaikoura - Kaikoura November 2016 earthquake event.",,2017-05-17,CH,Elyse Armstrong,173.691742,-42.416696,,False,
1001700.6091,1001700,1001700.6091,"EQC 5 Hewett Way, Ngaio, Wellington","EQC Claim 2017/006091 - EQC Land damage assessment at 5 Hewett Way, Ngaio, Wellington - Kaikoura November 2016 earthquake event.",,2017-05-17,CH,Nick Peters,174.768508,-41.255853,Wellington City,True,
1011603.1984,1011603,1011603.1984,"EQC 593 Kincaid Rd, Kaikoura Flats","EQC Claim 2016/031984 EQC Land damage assessment at 593 Kincaid Rd, Kaikoura Flats, Kaikoura - Kaikoura November 2016 earthquake event.",,2017-05-17,CH,Nick Peters,173.703094,-42.333021,,False,
1011603.4332,1011603,1011603.4332,"EQC 107 Scarborough St, Kaikoura","EQC Claim 2016/034332 - EQC Land damage assessment at 107 Scarborough St, Kaikoura - Kaikoura November 2016 earthquake event.",,2017-05-17,CH,Nick Peters,173.684819,-42.412703,,False,
1011603.4346,1011603,1011603.4346,"EQC 110 Beach Rd, Kaikoura Flats","EQC Claim 2016/034346 - EQC Land damage assessment at 110 Beach Rd, Kaikoura Flats Kaikoura - Kaikoura November 2016 earthquake event.",,2017-05-17,CH,Nick Peters,173.679758,-42.389853,,False,
1001700.3106,1001700,1001700.3106,"EQC 13 Bella Vista, Melrose, Wellington","EQC Claim 2017/003106 - EQC Land damage assessment at  13 Bella Vista, Melrose, Wellington - Kaikoura November 2016 earthquake event.",,2017-05-18,CH,Elyse Armstrong,174.790156,-41.325122,Wellington City,True,2013
1001700.4302,1001700,1001700.4302,"EQC 11 Southern Cross Cres, Island Bay","EQC Claim 2017/004302 - EQC Land damage assessment at 11 Southern Cross Cres, Island Bay, Wellington - Kaikoura November 2016 earthquake event.",,2017-05-18,CH,Nick Peters,174.766202,-41.342651,Wellington City,True,
1001700.6438,1001700,1001700.6438,"EQC 10 Percy Dyett Dr, Karori","EQC Claim 2017/006438 EQC Land damage assessment at 10 Percy Dyett Dr, Karori, Wellington - Kaikoura November 2016 earthquake event.",,2017-05-18,CH,Nick Peters,174.725533,-41.2829,Wellington City,True,
1001700.7441,1001700,1001700.7441,"EQC 26 Ascot Street, Thorndon","EQC Claim 2017/007441 - EQC Land damage assessment at  26 Ascot Street, Thorndon, Wellington - Kaikoura November 2016 earthquake event.",,2017-05-18,CH,Nick Peters,174.770502,-41.278628,Wellington City,True,
1001700.7503,1001700,1001700.7503,"EQC 14 Torwood Rd, Khandallah","EQC Claim 2017/007503 EQC Land damage assessment at 14 Torwood Rd, Khandallah, Wellington - Kaikoura November 2016 earthquake event.",,2017-05-18,CH,Nick Peters,174.789372,-41.249121,Wellington City,True,
1001700.8174,1001700,1001700.8174,"EQC 76 Duthie St, Karori","EQC Claim 2017/008174 EQC Land damage assessment at 76 Duthie St, Karori, Wellington - Kaikoura November 2016 earthquake event.",,2017-05-18,CH,Nick Peters,174.747036,-41.290182,Wellington City,True,
1001700.9134,1001700,1001700.9134,"EQC 4 Caughley Grv, Karori","EQC Claim 2017/009134 - EQC Land damage assessment at  4 Caughley Grv, Karori, Wellington - Kaikoura November 2016 earthquake event.",,2017-05-18,CH,Nick Peters,174.734178,-41.289029,Wellington City,True,
1001701.3675,1001701,1001701.3675,"EQC 9 Imlay Cres, Ngaio","EQC Claim 2017/013675 - EQC Land damage assessment at  9 Imlay Cres, Ngaio, Wellington - Kaikoura November 2016 earthquake event.",,2017-05-18,CH,Nick Peters,174.775417,-41.251358,Wellington City,True,
1001710.0103,1001710,1001710.0103,"EQC 19 Kingsley Street, Stokes Valley","EQC 19 Kingsley Street, Stokes Valley, Lower Hutt  NZL- North Island April 2017 Storm Event",,2017-05-18,WN,Robert Frost,174.985941,-41.157394,Lower Hutt City,True,
1011602.0100,1011602,1011602.0100,"EQC 16 Voltaire St, Karori","EQC Claim 2016/020100 EQC Land damage assessment at 16 Voltaire St, Karori, Wellington - Kaikoura November 2016 earthquake event.",,2017-05-18,CH,Nick Peters,174.741982,-41.293564,Wellington City,True,2016
1011602.0245,1011602,1011602.0245,"EQC 24A Oban St, Wadestown","EQC Claim 2016/020245 EQC Land damage assessment at 24A Oban St, Wadestown, Wellington - Kaikoura November 2016 earthquake event.",,2017-05-18,CH,Nick Peters,174.77866,-41.26262,Wellington City,True,
1011602.1938,1011602,1011602.1938,"EQC 20 Oregon Drive, Maoribank","EQC Claim 2016/021938 - EQC Land damage assessment at 20 Oregon Drive, Maoribank, Upper Hutt - Kaikoura November 2016 earthquake event.",,2017-05-18,CH,Nick Peters,175.097848,-41.113201,Upper Hutt City,True,
1011602.2335,1011602,1011602.2335,"EQC 203c Beach Rd, Kaikoura","EQC Claim 2016/022335 - EQC Land damage assessment at 203c Beach Rd, Kaikoura - Kaikoura November 2016 earthquake event.",,2017-05-18,CH,Nick Peters,173.679833,-42.380587,,False,
1011602.5918,1011602,1011602.5918,"EQC 68 Wellington Road, Wainuiomata","EQC Claim 2016/025918 - EQC Land damage assessment at  68 Wellington Road, Wainuiomata, Lower Hutt - Kaikoura November 2016 earthquake event.",,2017-05-18,CH,Elyse Armstrong,174.946944,-41.251251,Lower Hutt City,True,
1011602.6487,1011602,1011602.6487,"EQC 33 Waiho Ter, Elsdon","EQC Claim 2016/026487 EQC Land damage assessment at 33 Waiho Ter, Elsdon, Porirua - Kaikoura November 2016 earthquake event.",,2017-05-18,CH,Nick Peters,174.82737,-41.133043,Porirua City,True,
1011602.6757,1011602,1011602.6757,"EQC 609 Leader Rd E, Ferniehurst","EQC Claim 2016/026757 EQC Land damage assessment at 609 Leader Rd E, Ferniehurst, Cheviot - Kaikoura November 2016 earthquake event.",,2017-05-18,CH,Nick Peters,173.258055,-42.655483,,False,
1011602.7069,1011602,1011602.7069,"EQC 11 Sovereign Pt, Kaiwharawhara","EQC Claim 2016/027069 EQC Land damage assessment at 11 Sovereign Pt, Kaiwharawhara, Wellington - Kaikoura November 2016 earthquake event.",,2017-05-18,CH,Nick Peters,174.799165,-41.253876,Wellington City,True,
1011602.7161,1011602,1011602.7161,"EQC 24 Upper Watt Street, Wadestown","EQC Claim 2016/027161 - EQC Land damage assessment at 24 Upper Watt Street, Wadestown, Wellington - Kaikoura November 2016 earthquake event.",,2017-05-18,CH,Nick Peters,174.780654,-41.264292,Wellington City,True,
1011602.8433,1011602,1011602.8433,"EQC 70 Sar St, Wadestown","EQC Claim 2016/028433 EQC Land damage assessment at 70 Sar St, Wadestown, Wellington - Kaikoura November 2016 earthquake event.",,2017-05-18,CH,Nick Peters,174.784751,-41.262718,Wellington City,True,
1011602.8783,1011602,1011602.8783,"EQC 105 Karori Rd, Karori","EQC Claim 2016/028783 EQC Land damage assessment at 105 Karori Rd, Karori, Wellington - Kaikoura November 2016 earthquake event.",,2017-05-18,CH,Nick Peters,174.749902,-41.281822,Wellington City,True,
1011603.3584,1011603,1011603.3584,EQC 81 Donald St,"EQC Claim 2016/033584 - EQC Land damage assessment at 81 Donald Street, Karori, Wellington - Kaikoura November 2016 earthquake event.",,2017-05-18,CH,Nick Peters,174.745013,-41.289354,Wellington City,True,
1001700.6311,1001700,1001700.6311,"EQC 9 Farm Road, Northland","EQC Claim 2017/006311 - EQC Land damage assessment at 9 Farm Road, Northland, Wellington - Kaikoura November 2016 earthquake event.",,2017-05-19,CH,Nick Peters,174.756469,-41.282998,Wellington City,True,
1001700.6811,1001700,1001700.6811,"EQC 5 Gipps Street, Karori","EQC Claim 2017/006811 - EQC Land damage assessment at 5 Gipps Street, Karori, Wellington - Kaikoura November 2016 earthquake event.",,2017-05-19,CH,Nick Peters,174.746623,-41.287714,Wellington City,True,
1011601.9600,1011601,1011601.9600,"EQC 28 Military Road, Boulcott","EQC Claim 2016/019600- EQC Land damage assessment at 28 Military Road, Boulcott, Lower Hutt - Kaikoura November 2016 earthquake event.",,2017-05-19,CH,Nick Peters,174.927291,-41.200747,Lower Hutt City,True,
1011602.1265,1011602,1011602.1265,"EQC 140 Kamahi Street, Stokes Valley","EQC Claim 2016/021265 - EQC Land damage assessment at 140 Kamahi Street, Stokes Valley, Lower Hutt - Kaikoura November 2016 earthquake event.",,2017-05-19,CH,Nick Peters,174.990802,-41.189738,Lower Hutt City,True,
1011602.7848,1011602,1011602.7848,"EQC 164 Esplanade, Kaikoura","EQC Claim 2016/027848  EQC Land damage assessment at 164 Esplanade, Kaikoura - Kaikoura November 2016 earthquake event.",,2017-05-19,CH,Nick Peters,173.688123,-42.412021,,False,
1011603.1613,1011603,1011603.1613,"EQC 39 Hohiria Road, Hataitai","EQC Claim 2016/031613 - EQC Land damage assessment at 39 Hohiria Road, Hataitai, Wellington - Kaikoura November 2016 earthquake event.",,2017-05-19,CH,Nick Peters,174.799266,-41.300672,Wellington City,True,
1011603.4853,1011603,1011603.4853,"EQC 131 Connemara Rd, Hawkswood","EQC Claim 2016/034853 EQC Land damage assessment at 131 Connemara Rd, Hawkeswood, Cheviot - Kaikoura November 2016 earthquake event.",,2017-05-19,CH,Nick Peters,173.301917,-42.720922,,False,
1011603.5171,1011603,1011603.5171,"EQC 6 Ellerton Way, Karori","EQC Claim 2016/035171 - EQC Land damage assessment at 6 Ellerton Way, Karori, Wellington - Kaikoura November 2016 earthquake event.",,2017-05-19,CH,Nick Peters,174.744176,-41.290541,Wellington City,True,
1011603.5992,1011603,1011603.5992,"EQC 81 Churchill St, Kaikoura","EQC Claim 2016/035992  EQC Land damage assessment at 81 Churchill St, Kaikoura - Kaikoura November 2016 earthquake event.",,2017-05-19,CH,Elyse Armstrong,173.678851,-42.409067,,False,
1001701.5665,1001701,1001701.5665,"EQC 1/6 Ramsgate St, Kaikoura","EQC Claim 2017/015665 EQC Land damage assessment at 1/6 Ramsgate St, Kaikoura - Kaikoura November 2016 earthquake event.",,2017-05-21,CH,Elyse Armstrong,173.688396,-42.413034,,False,
1001701.5666,1001701,1001701.5666,"EQC 2/6 Ramsgate St, Kaikoura","EQC Claim 2017/015666 EQC Land damage assessment at 2/6 Ramsgate St, Kaikoura - Kaikoura November 2016 earthquake event.",,2017-05-21,CH,Elyse Armstrong,173.688192,-42.412912,,False,
1011602.0712,1011602,1011602.0712,"EQC 162 Torquay St, Kaikoura","EQC Claim 2016/020712 EQC Land damage assessment at 162 Torquay St, Kaikoura - Kaikoura November 2016 earthquake event.",,2017-05-21,CH,Nick Peters,173.689935,-42.415656,,False,
1011602.5519,1011602,1011602.5519,"EQC 208 Red Swamp Rd, Kaikoura Flat","EQC Claim 2016/025519 EQC Land damage assessment at 208 Red Swamp Rd, Kaikoura Flats - Kaikoura November 2016 earthquake event.",,2017-05-21,CH,Nick Peters,173.634021,-42.382833,,False,
1001700.3187,1001700,1001700.3187,"EQC 43 Duthie Street, Karori","EQC Claim 2017/003187 - EQC Land damage assessment at 43 Duthie Street, Karori, Wellington - Kaikoura November 2016 earthquake event.",,2017-05-22,CH,Elyse Armstrong,174.747997,-41.287546,Wellington City,True,
1001700.5226,1001700,1001700.5226,"EQC 71 Davies Dr, Nelson","EQC Claim 2017/005226 - EQC Land damage assessment at 71 Davies Drive, Nelson - Kaikoura November 2016 earthquake event.",,2017-05-22,CH,Nick Peters,173.303304,-41.259521,,False,
1001700.8537,1001700,1001700.8537,"EQC 52 Hathaway Ave, Karori","EQC Claim 2017/008537 - EQC Land damage assessment at 52 Hathaway Ave, Karori, Wellington - Kaikoura November 2016 earthquake event.",,2017-05-22,CH,Nick Peters,174.720086,-41.293787,Wellington City,True,
1001701.4671,1001701,1001701.4671,"EQC 27 Asquith Tce, Brooklyn","EQC Claim 2017/014671 - EQC Land damage assessment at 27 Asquith Tce, Brooklyn, Wellington - Kaikoura November 2016 earthquake event.",,2017-05-22,CH,Nick Peters,174.769097,-41.307618,Wellington City,True,
1011602.0598,1011602,1011602.0598,"EQC 66 Nottingham Street, Karori","EQC Claim 2016/020598 - EQC Land damage assessment at 66 Nottingham Street, Karori, Wellington - Kaikoura November 2016 earthquake event.",,2017-05-22,CH,Nick Peters,174.748025,-41.278099,Wellington City,True,
1011602.6082,1011602,1011602.6082,"EQC 48 Papakowhai Road, Porirua","EQC Claim 2016/026082 - EQC Land damage assessment at 48 Papakowhai Road, Papakowhai, Porirua - Kaikoura November 2016 earthquake event.",,2017-05-22,CH,Nick Peters,174.86483,-41.108433,Porirua City,True,
1001700.1599,1001700,1001700.1599,"EQC 27 Kaka Rd, Kaikoura","EQC Claim 2017/001599 EQC Land damage assessment at 27 Kaka Rd, Kaikoura- Kaikoura November 2016 earthquake event.",,2017-05-23,CH,Elyse Armstrong,173.683104,-42.425769,,False,
1001700.2322,1001700,1001700.2322,"EQC 677 Inland Kaikoura Rd, Inland Rd","EQC Claim 2017/002322 EQC Land damage assessment at 677 Inland Kaikoura Rd, Inland Rd, Kaikoura- Kaikoura November 2016 earthquake event.",,2017-05-23,CH,Elyse Armstrong,173.577892,-42.371914,,False,
1011602.2557,1011602,1011602.2557,"EQC 21 South Bay Pde, Kaikoura","EQC Claim 2016/022557 EQC Land damage assessment at 21 South Bay Pde, Kaikoura Peninsula, Kaikoura- Kaikoura November 2016 earthquake event.",,2017-05-23,CH,Nick Peters,173.678384,-42.416589,,False,
1011602.4685,1011602,1011602.4685,"EQC 266 Esplanade, Kaikoura","EQC Claim 2016/024685  EQC Land damage assessment at 266 Esplanade, Kaikoura- Kaikoura November 2016 earthquake event.",,2017-05-23,CH,Nick Peters,173.696363,-42.415638,,False,
1011602.4827,1011602,1011602.4827,"EQC 5 Mount Lyford Ave, Mt Lyford","EQC Claim 2016/024827 EQC Land damage assessment at 5 Mount Lyford Ave, Mt Lyford Village - Kaikoura November 2016 earthquake event.",,2017-05-23,CH,Nick Peters,173.163066,-42.492093,,False,
1011602.5056,1011602,1011602.5056,EQC 593 Schoolhouse Rd,"EQC Claim 2016/025056 EQC Land damage assessment at 593 Schoolhouse Rd, Kaikoura Flat, Kaikoura- Kaikoura November 2016 earthquake event.",,2017-05-23,CH,Nick Peters,173.618222,-42.376106,,False,
1011602.5350,1011602,1011602.5350,"EQC 2 Postmans Rd, Inland Rd","EQC Claim 2016/025350 EQC Land damage assessment at 2 Postmans Rd, Inland Rd, Kaikoura- Kaikoura November 2016 earthquake event.",,2017-05-23,CH,Nick Peters,173.673472,-42.351346,,False,
1011602.7764,1011602,1011602.7764,"EQC 172 Stewarts Run Rd, Scargill","EQC Claim 2016/027764 EQC Land damage assessment at 172 Stewarts Run Rd, Scargill, Waikari - Kaikoura November 2016 earthquake event.",,2017-05-23,CH,Nick Peters,172.978343,-42.897655,,False,
1011602.8572,1011602,1011602.8572,"EQC 120 South Bay Pde, South Bay","EQC Claim 2016/028572  EQC Land damage assessment at 120 South Bay Parade, South Bay, Kaikoura- Kaikoura November 2016 earthquake event.",,2017-05-23,CH,Nick Peters,173.682299,-42.422739,,False,
1011603.0523,1011603,1011603.0523,EQC 146 Esplanade,"EQC Claim 2016/030523  EQC Land damage assessment at 146 Esplanade, Kaikoura- Kaikoura November 2016 earthquake event.",,2017-05-23,CH,Nick Peters,173.68723,-42.410857,,False,
1011603.0691,1011603,1011603.0691,"EQC 10A Kotuku Rd, South Bay","EQC Claim 2016/030691  EQC Land damage assessment at 10A Kotuku Rd, South Bay, Kaikoura- Kaikoura November 2016 earthquake event.",,2017-05-23,CH,Nick Peters,173.684343,-42.422168,,False,
1011603.1755,1011603,1011603.1755,"EQC 64 Torquay St, Kaikoura","EQC Claim 2016/031755  EQC Land damage assessment at 64 Torquay St, Kaikoura- Kaikoura November 2016 earthquake event.",,2017-05-23,CH,Nick Peters,173.684887,-42.410773,,False,
1001700.1453,1001700,1001700.1453,"EQC 39 Montreal Rd, Washington Valley","EQC Claim 2017/001453 EQC Land damage assessment at 39 Montreal Rd, Washington Valley, Nelson - Kaikoura November 2016 earthquake event.",,2017-05-24,CH,Elyse Armstrong,173.266431,-41.278135,,False,
1001700.1594,1001700,1001700.1594,"EQC 4 Bellevue Hts, Tahunanui","EQC Claim 2017/001594 EQC Land damage assessment at 4 Bellevue Heights, Tahunanui, Nelson - Kaikoura November 2016 earthquake event.",,2017-05-24,CH,Elyse Armstrong,173.25401,-41.283019,,False,
1001700.1597,1001700,1001700.1597,"EQC 38 Stansell Ave, Tahunanui","EQC Claim 2017/001597 EQC Land damage assessment at 38 Stansell Ave, Tahunanui, Nelson - Kaikoura November 2016 earthquake event.",,2017-05-24,CH,Elyse Armstrong,173.251219,-41.282934,,False,
1001700.3706,1001700,1001700.3706,"EQC 51 Standen Street, Karori","EQC Claim 2017/003706 - EQC Land damage assessment at 51 Standen Street, Karori, Wellington - Kaikoura November 2016 earthquake event.",,2017-05-24,CH,Elyse Armstrong,174.748855,-41.278538,Wellington City,True,
1001700.4565,1001700,1001700.4565,"EQC 59A Dillons Point Rd, Islington","EQC Claim 2017/004565 EQC Land damage assessment at 59A Dillons Point Rd, Islington, Blenheim  - Kaikoura November 2016 earthquake event.",,2017-05-24,CH,Nick Peters,173.969877,-41.509393,,False,
1001700.6683,1001700,1001700.6683,"EQC 29 Highland Crescent, Wadestown","EQC Claim 2017/006683 - EQC Land damage assessment at 29 Highland Crescent, Wadestown, Wellington - Kaikoura November 2016 earthquake event.",,2017-05-24,CH,Nick Peters,174.779608,-41.258949,Wellington City,True,
1001700.7087,1001700,1001700.7087,"EQC 172 Wither Rd, Witherlea","EQC Claim 2017/007087  EQC Land damage assessment at 172 Wither Rd, Witherlea, Blenheim - Kaikoura November 2016 earthquake event.",,2017-05-24,CH,Nick Peters,173.968089,-41.539576,,False,
1001700.7270,1001700,1001700.7270,"EQC 48A Avoca St, Kaikoura","EQC Claim 2017/007270 EQC Land damage assessment at 48A Avoca St, Kaikoura - Kaikoura November 2016 earthquake event.",,2017-05-24,CH,Nick Peters,173.70461,-42.416744,,False,
1001701.0604,1001701,1001701.0604,"EQC 172B Mill Rd, Kaikoura Flat","EQC Claim 2017/010604 EQC Land damage assessment at 172B Mill Rd, Kaikoura Flat, Kaikoura - Kaikoura November 2016 earthquake event.",,2017-05-24,CH,Nick Peters,173.661854,-42.374433,,False,
1001702.1410,1001702,1001702.1410,"EQC 21 Grass Street, Roseneath","EQC 21 Grass Street, Roseneath, Wellington NZL-  North Island  Wellington April 2017 Storm Event",,2017-05-24,WN,Robert Frost,174.799215,-41.290788,Wellington City,True,
1001702.1430,1001702,1001702.1430,"EQC 33 Hanover Street, Wadestown","EQC 33 Hanover Street, Wadestown, Wellington NZL-  North Island  Wellington April 2017 Storm Event",,2017-05-24,WN,Robert Frost,174.773735,-41.259905,Wellington City,True,
1001702.1596,1001702,1001702.1596,"EQC 63 Grafton Road, Roseneath","EQC 63 Grafton Road, Roseneath, Wellington NZL-  North Island  Wellington April 2017 Storm Event",,2017-05-24,WN,Robert Frost,174.801206,-41.292171,Wellington City,True,
1011601.7590,1011601,1011601.7590,"EQC 45 Scotland St, Picton","EQC Claim 2016/017590 EQC Land damage assessment at 45 Scotland St, Picton - Kaikoura November 2016 earthquake event.",,2017-05-24,CH,Nick Peters,173.997723,-41.296121,,False,
1011601.8689,1011601,1011601.8689,"EQC 17 Townsend Road, Miramar","EQC Claim 2016/018689 - EQC Land damage assessment at 17 Townsend Road, Miramar, Wellington - Kaikoura November 2016 earthquake event.",,2017-05-24,CH,Nick Peters,174.823792,-41.313758,Wellington City,True,
1011601.9549,1011601,1011601.9549,"EQC 16 Carroll St, Ward","EQC Claim 2016/019549 EQC Land damage assessment at 16 Carroll St, Ward - Kaikoura November 2016 earthquake event.",,2017-05-24,CH,Nick Peters,174.141125,-41.825373,,False,2016
1011602.0132,1011602,1011602.0132,"EQC 600 Hundalee Rd, Hundalee","EQC Claim 2016/020132 EQC Land damage assessment at 600 Hundalee Rd, Hundalee, Cheviot- Kaikoura November 2016 earthquake event.",,2017-05-24,CH,Nick Peters,173.445865,-42.559373,,False,
1011602.0194,1011602,1011602.0194,"EQC 79 Foggy Lkot, Lyford","EQC Claim 2016/020194  EQC Land damage assessment at 79 Foggy Lookout, Lyford, Waiau - Kaikoura November 2016 earthquake event.",,2017-05-24,CH,Nick Peters,173.155694,-42.488749,,False,
1011602.0452,1011602,1011602.0452,"EQC 2417 Port Underwood Rd, Blenheim","EQC Claim 2016/020452 - EQC Land damage assessment at 2417 Port Underwood Rd, Robin Hood Bay, Blenheim - Kaikoura November 2016 earthquake event.",,2017-05-24,CH,Nick Peters,174.095052,-41.338697,,False,
1011602.0715,1011602,1011602.0715,"EQC 779 Inland Kaikoura Rd, Inland Rd","EQC Claim 2016/020715 EQC Land damage assessment at 779 Inland Kaikoura Rd, Inland Rd, Kaikoura - Kaikoura November 2016 earthquake event.",,2017-05-24,CH,Nick Peters,173.567072,-42.36361,,False,
1011602.0785,1011602,1011602.0785,"EQC 228 Oriental Parade, Oriental Bay","EQC Claim 2016/020785 - EQC Land damage assessment at 228 Oriental Parade, Oriental Bay, Wellington - Kaikoura November 2016 earthquake event.",,2017-05-24,CH,Nick Peters,174.793893,-41.291644,Wellington City,True,
1011602.1218,1011602,1011602.1218,"EQC 1 Thompson Street, Mount Cook","EQC Claim 2016/021218 - EQC Land damage assessment at 1 Thompson Street, Mount Cook, Wellington - Kaikoura November 2016 earthquake event.",,2017-05-24,CH,Nick Peters,174.772001,-41.297502,Wellington City,True,
1011602.1777,1011602,1011602.1777,"EQC 74 Scotland St, Picton","EQC Claim 2016/021777 EQC Land damage assessment at 74 Scotland St, Picton - Kaikoura November 2016 earthquake event.",,2017-05-24,CH,Nick Peters,173.994225,-41.297176,,False,
1011602.1822,1011602,1011602.1822,"EQC 6 Akatea Street, Berhampore","EQC Claim 2016/021822 - EQC Land damage assessment at 6 Akatea Street, Berhampore, Wellington - Kaikoura November 2016 earthquake event.",,2017-05-24,CH,Nick Peters,174.774241,-41.322665,Wellington City,True,
1011602.2408,1011602,1011602.2408,"EQC 157 Lower Flat Rd, Waiau","EQC Claim 2016/022408  EQC Land damage assessment at 157 Lower Flat Rd, Waiau - Kaikoura November 2016 earthquake event.",,2017-05-24,CH,Nick Peters,173.050732,-42.666036,,False,
1011602.2453,1011602,1011602.2453,"EQC 1481R SH 1, Mangamaunu","EQC Claim 2016/022453  EQC Land damage assessment at 1481R SH 1, Mangamaunu, Kaikoura  - Kaikoura November 2016 earthquake event.",,2017-05-24,CH,Nick Peters,173.743222,-42.293346,,False,
1011602.2507,1011602,1011602.2507,"EQC 40 Ahuriri Street, Strathmore Park","EQC Claim 2016/022507 - EQC Land damage assessment at 40 Ahuriri Street, Strathmore Park, Wellington - Kaikoura November 2016 earthquake event.",,2017-05-24,CH,Nick Peters,174.816838,-41.335758,Wellington City,True,
1011602.2605,1011602,1011602.2605,"EQC 8 Akatea Street, Berhampore","EQC Claim 2016/022605 - EQC Land damage assessment at 8 Akatea Street, Berhampore, Wellington - Kaikoura November 2016 earthquake event.",,2017-05-24,CH,Nick Peters,174.774076,-41.322702,Wellington City,True,
1011602.3005,1011602,1011602.3005,"EQC 180 Torquay St, Kaikoura","EQC Claim 2016/023005 EQC Land damage assessment at 180 Torquay St, Kaikoura - Kaikoura November 2016 earthquake event.",,2017-05-24,CH,Nick Peters,173.692346,-42.416723,,False,
1011602.5383,1011602,1011602.5383,"EQC 14 Maracas Crescent, Grenada Village","EQC Claim 2016/025383 - EQC Land damage assessment at 14 Maracas Crescent, Grenada Village, Wellington - Kaikoura November 2016 earthquake event.",,2017-05-24,CH,Nick Peters,174.82157,-41.210149,Wellington City,True,
1011602.5764,1011602,1011602.5764,"EQC 30 Chamboard Pl, Nelson","EQC Claim 2016/025764 - EQC Land damage assessment at 30 Chamboard Pl, Washington Valley, Nelson - Kaikoura November 2016 earthquake event.",,2017-05-24,CH,Nick Peters,173.261054,-41.277132,,False,
1011602.7800,1011602,1011602.7800,"EQC 171 Princes Dr, Brittania Hgts, Nels","EQC Claim 2016/027800 - EQC Land damage assessment at 171 Princes Dr, Brittania Hgts, Nelson - Kaikoura November 2016 earthquake event.",,2017-05-24,CH,Nick Peters,173.260072,-41.277648,,False,
1011602.8225,1011602,1011602.8225,"EQC 15 Grays Ln, Kaikoura","EQC Claim 2016/028225  EQC Land damage assessment at 15 Grays Lane, Kaikoura  - Kaikoura November 2016 earthquake event.",,2017-05-24,CH,Nick Peters,173.676891,-42.398529,,False,
1011602.8445,1011602,1011602.8445,"EQC 157B  Beach Rd, Kaikoura","EQC Claim 2016/028445  EQC Land damage assessment at 157B Beach Rd, Kaikoura  - Kaikoura November 2016 earthquake event.",,2017-05-24,CH,Nick Peters,173.678421,-42.385035,,False,
1011602.8715,1011602,1011602.8715,"EQC 145 Beach Rd, Kaikoura","EQC Claim 2016/028715  EQC Land damage assessment at 145 Beach Rd, Kaikoura  - Kaikoura November 2016 earthquake event.",,2017-05-24,CH,Nick Peters,173.6791,-42.386047,,False,
1011602.9480,1011602,1011602.9480,"EQC 1816 SH 1, Oaro","EQC Claim 2016/029480 EQC Land damage assessment at 1816 SH 1, Oaro, Kaikoura  - Kaikoura November 2016 earthquake event.",,2017-05-24,CH,Nick Peters,173.517755,-42.498853,,False,
1011602.9715,1011602,1011602.9715,"EQC 213 Puhi Puhi Rd, Mangamaunu","EQC Claim 2016/029715 EQC Land damage assessment at 213 Puhi Puhi Rd, Mangamaunu, Kaikoura - Kaikoura November 2016 earthquake event.",,2017-05-24,CH,Nick Peters,173.721416,-42.298036,,False,
1011603.1284,1011603,1011603.1284,"EQC 1-8/17 Avoca St, Kaikoura 7300","EQC Claim 2016/031284 EQC Land damage assessment at 1-8/17 Avoca St, Kaikoura 7300, Kaikoura- Kaikoura November 2016 earthquake event.",,2017-05-24,CH,Nick Peters,173.70207,-42.415046,,False,
1011603.3214,1011603,1011603.3214,"EQC 29 Kaka Rd, Kaikoura","EQC Claim 2016/033214 EQC Land damage assessment at 29 Kaka Rd, Kaikoura- Kaikoura November 2016 earthquake event.",,2017-05-24,CH,Nick Peters,173.682934,-42.425543,,False,
1011603.4132,1011603,1011603.4132,"EQC 22A Kotuku Rd, Kaikoura Flat","EQC Claim 2016/034132 EQC Land damage assessment at 22A Kotuku Rd, Kaikoura Flat, Kaikoura- Kaikoura November 2016 earthquake event.",,2017-05-24,CH,Nick Peters,173.684814,-42.421367,,False,
1011603.4563,1011603,1011603.4563,"EQC 1810 SH 1, Oaro","EQC Claim 2016/034563 EQC Land damage assessment at 1810 SH 1, Oaro, Kaikoura  - Kaikoura November 2016 earthquake event.",,2017-05-24,CH,Nick Peters,173.518063,-42.4985,,False,
1011603.5041,1011603,1011603.5041,"EQC Umuwheke Bay, Marlborough","EQC Claim 2016/035041 EQC Land damage assessment at Umuwheke Bay, Marlborough  - Kaikoura November 2016 earthquake event.",,2017-05-24,CH,Nick Peters,174.220193,-41.198258,,False,
1001701.3875,1001701,1001701.3875,"EQC 112 Seatoun Heights Road, Seatoun","EQC 112 Seatoun Heights Road, Seatoun, Wellington NZL-  North Island  Wellington April 2017 Storm Event",,2017-05-28,WN,Robert Frost,174.825731,-41.315278,Wellington City,True,
1001701.7509,1001701,1001701.7509,"EQC 66 Messines Road, Karori, Wellington","EQC Claim 2017/017509 - EQC Land damage assessment at 66 Messines Road, Karori, Wellington - Kaikoura November 2016 earthquake event.",,2017-05-28,CH,Nick Peters,174.750082,-41.288481,Wellington City,True,
1001702.1142,1001702,1001702.1142,"EQC 10 Aranui Street, Maupuia","EQC 10 Aranui Street, Maupuia, Wellington NZL-  North Island  Wellington April 2017 Storm Event",,2017-05-28,WN,Robert Frost,174.812885,-41.312121,Wellington City,True,
1011601.8927,1011601,1011601.8927,"EQC 78B Churchill St, Kaikoura","EQC Claim 2016/018927- EQC Land damage assessment at 78B Churchill St, Kaikoura - Kaikoura November 2016 earthquake event.",,2017-05-28,CH,Nick Peters,173.677593,-42.408544,,False,
1011602.5996,1011602,1011602.5996,"EQC 378 Mt Fyffe Rd, Kaikoura","EQC Claim 2016/025996 - EQC Land damage assessment at 378 Mt Fyffe Rd, Kaikoura - Kaikoura November 2016 earthquake event.",,2017-05-28,CH,Nick Peters,173.655828,-42.369852,,False,
1001700.5152,1001700,1001700.5152,"EQC 123 Wexford Road, Miramar","EQC Claim 2017/005152 - EQC Land damage assessment at 123 Wexford Road, Miramar, Wellington - Kaikoura November 2016 earthquake event.",,2017-05-29,CH,Nick Peters,174.812129,-41.319734,Wellington City,True,
1011601.9489,1011601,1011601.9489,"EQC 58 Colchester Crescent, Newlands","EQC Claim 2016/019489 - EQC Land damage assessment at 58 Colchester Crescent, Newlands, Wellington - Kaikoura November 2016 earthquake event.",,2017-05-29,CH,Nick Peters,174.830806,-41.220055,Wellington City,True,
1011602.1939,1011602,1011602.1939,"EQC 3B Armitage Street, Ngaio","EQC Claim 2016/021939 - EQC Land damage assessment at 3B Armitage Street, Ngaio, Wellington - Kaikoura November 2016 earthquake event.",,2017-05-29,CH,Nick Peters,174.775457,-41.255638,Wellington City,True,
1011602.4522,1011602,1011602.4522,"EQC 69 Howard Road, Howard Point","EQC Claim 2016/024522 - EQC Land damage assessment at 69 Howard Road, Howard Point, Lower Hutt - Kaikoura November 2016 earthquake event.",,2017-05-29,CH,Nick Peters,174.910801,-41.250091,Lower Hutt City,True,
1011602.5316,1011602,1011602.5316,"EQC 129 Seatoun Heights Road, Miramar","EQC Claim 2016/025316 - EQC Land damage assessment at 129 Seatoun Heights Road, Miramar, Wellington - Kaikoura November 2016 earthquake event.",,2017-05-29,CH,Nick Peters,174.824847,-41.315971,Wellington City,True,
1011602.8996,1011602,1011602.8996,"EQC 189 Moonshine Hill Road, Upper Hutt","EQC Claim 2016/028996 - EQC Land damage assessment at 189 Moonshine Hill Road, Moonshine Valley, Upper Hutt - Kaikoura November 2016 earthquake event.",,2017-05-29,CH,Nick Peters,175.027445,-41.11563,Upper Hutt City,True,
1011602.9608,1011602,1011602.9608,"EQC 108B Beach Rd, Kaikoura","EQC Claim 2016/029608  EQC Land damage assessment at 108B Beach Rd, Kaikoura - Kaikoura November 2016 earthquake event.",,2017-05-29,CH,Nick Peters,173.680545,-42.389818,,False,
1011603.0451,1011603,1011603.0451,"EQC 31 Ascot Street, Thorndon","EQC Claim 2016/030451 - EQC Land damage assessment at 31 Ascot Street, Thorndon, Wellington - Kaikoura November 2016 earthquake event.",,2017-05-29,CH,Elyse Armstrong,174.770109,-41.278713,Wellington City,True,
1011603.3790,1011603,1011603.3790,"EQC 7 Torwood Road, Khandallah","EQC Claim 2016/033790 - EQC Land damage assessment at7 Torwood Road, Khandallah, Wellington - Kaikoura November 2016 earthquake event.",,2017-05-29,CH,Nick Peters,174.790033,-41.248775,Wellington City,True,
1001700.2124,1001700,1001700.2124,"EQC 3 Pegasus Crescent, Teviotdale","EQC Claim 2017/002124  EQC Land damage assessment at 3 Pegasus Crescent, Teviotdale, Waipara - Kaikoura November 2016 earthquake event.",,2017-05-30,CH,Elyse Armstrong,173.073718,-43.049497,,False,
1001702.1679,1001702,1001702.1679,"EQC 17 Mataroa Ave, Northland","EQC 17 Mataroa Ave, Northland, Wellington NZL-  North Island  Wellington April 2017 Storm Event",,2017-05-30,WN,Robert Frost,174.764521,-41.277987,Wellington City,True,
1011601.7823,1011601,1011601.7823,"EQC 145A Totara Road, Miramar","EQC Claim 2016/017823 - EQC Land damage assessment at 145A Totara Road, Miramar, Wellington - Kaikoura November 2016 earthquake event.",,2017-05-30,CH,Nick Peters,174.826852,-41.30422,Wellington City,True,
1011602.2265,1011602,1011602.2265,"EQC 919 Sherwood Road, Waiau","EQC Claim 2016/022265  EQC Land damage assessment at 919 Sherwood Road, Waiau - Kaikoura November 2016 earthquake event.",,2017-05-30,CH,Nick Peters,173.068038,-42.53885,,False,
1011602.3557,1011602,1011602.3557,"EQC 142 Totara Road, Miramar","EQC Claim 2016/023557 - EQC Land damage assessment at 142 Totara Road, Miramar, Wellington - Kaikoura November 2016 earthquake event.",,2017-05-30,CH,Nick Peters,174.828164,-41.304434,Wellington City,True,
1001700.7781,1001700,1001700.7781,"EQC 94 Tosswill Rd, Tahuna, Nelson","EQC Claim 2017/007781 - EQC Land damage assessment 94 Tosswill RTd, Tahunanui, Nelson - Kaikoura November 2016 earthquake event.",,2017-05-31,CH,Nick Peters,173.252185,-41.285123,,False,
1001701.0702,1001701,1001701.0702,"EQC 16 Suffolk St, Picton","EQC Claim 2017/010702 - EQC Land damage assessment at 16 Suffolk St, Picton - Kaikoura November 2016 earthquake event.",,2017-05-31,CH,Nick Peters,174.01813,-41.286863,,False,2016
1011601.8519,1011601,1011601.8519,"EQC 70 Brunner St, Nelson South, Nelson","EQC Claim 2016/018519 - EQC Land damage assessment at 70 Brunner St, Nelson South, Nelson - Kaikoura November 2016 earthquake event.",,2017-06-01,CH,Nick Peters,173.26994,-41.295433,,False,
1011602.0354,1011602,1011602.0354,"EQC 51 Torlesse St, Enner Glynn, Nelson","EQC Claim 2016/020354 - EQC Land damage assessment at 51 Torlesse St, Enner Glynn, Nelson- Kaikoura November 2016 earthquake event.",,2017-06-01,CH,Nick Peters,173.252195,-41.305342,,False,
1011603.0355,1011603,1011603.0355,"EQC 9 Torlesse St, Enner Glynn, Nelson","EQC Claim 2016/030355 - EQC Land damage assessment at 9 Torlesse St, Enner Glynn, Nelson - Kaikoura November 2016 earthquake event.",,2017-06-01,CH,Nick Peters,173.250117,-41.302894,,False,
1011603.0694,1011603,1011603.0694,"EQC 11 Brunner St, Nelson South, Nelson","EQC Claim 2016/030694 - EQC Land damage assessment at 11 Brunner St, Nelson South, Nelson - Kaikoura November 2016 earthquake event.",,2017-06-01,CH,Nick Peters,173.272255,-41.293302,,False,
1001700.3345,1001700,1001700.3345,"EQC 3 Miromiro Drive, Kaikoura","EQC Claim 2017/003345 - EQC Land damage assessment at 3 Miromiro Drive, Kaikoura - Kaikoura November 2016 earthquake event.",,2017-06-02,CH,Elyse Armstrong,173.675817,-42.40638,,False,
1001700.4180,1001700,1001700.4180,"EQC 192 Barnard Street, Wadestown","EQC Claim 2017/004180 - EQC Land damage assessment at 192 Barnard Street, Wadestown, Wellington - Kaikoura November 2016 earthquake event.",,2017-06-02,CH,Shirley Wang,174.785249,-41.259788,Wellington City,True,
1001700.5146,1001700,1001700.5146,"EQC 6/14 Fyffe Ave, Kaikoura","EQC Claim 2017/005146 - EQC Land damage assessment at 6/14 Fyffe Avenue, Kaikoura - Kaikoura November 2016 earthquake event.",,2017-06-02,CH,Nick Peters,173.677431,-42.402228,,False,
1001701.4577,1001701,1001701.4577,"EQC 13 Fyffe Ave, Kaikoura","EQC Claim 2017/014577 - EQC Land damage assessment at 13 Fyffe Avenue, Kaikoura - Kaikoura November 2016 earthquake event.",,2017-06-02,CH,Nick Peters,173.677323,-42.402799,,False,2013
1001701.5523,1001701,1001701.5523,"EQC 123A Beach Rd, Kaikoura","EQC Claim 2017/015523 - EQC Land damage assessment at 123A Beach Road, Kaikoura - Kaikoura November 2016 earthquake event.",,2017-06-02,CH,Nick Peters,173.678602,-42.38818,,False,
1001701.8316,1001701,1001701.8316,"EQC 12 Fyffe Ave, Kaikoura","EQC Claim 2017/018316 - EQC Land damage assessment at 12 Fyffe Avenue, Kaikoura - Kaikoura November 2016 earthquake event.",,2017-06-02,CH,Elyse Armstrong,173.677699,-42.402387,,False,
1001701.9363,1001701,1001701.9363,"EQC 142 Seddon Street, Naenae","EQC Claim 2017/019363 - EQC Land damage assessment at 142 Seddon Street, Naenae, Wellington - Kaikoura November 2016 earthquake event.",,2017-06-02,CH,Nick Peters,174.955902,-41.212745,Lower Hutt City,True,
1001702.0155,1001702,1001702.0155,"EQC 75 Townsend Road, Miramar","EQC Claim 2017/020155 - EQC Land damage assessment at 75 Townsend Road, Miramar, Wellington - Kaikoura November 2016 earthquake event.",,2017-06-02,CH,Nick Peters,174.824154,-41.316526,Wellington City,True,
1011602.1131,1011602,1011602.1131,"EQC 7 Bosworth Tce, Mount Victoria","EQC Claim 2016/021131 - EQC Land damage assessment at 7 Bosworth Tce, Mount Victoria, Wellington - Kaikoura November 2016 earthquake event.",,2017-06-02,CH,Nick Peters,174.788758,-41.296625,Wellington City,True,
1011602.6334,1011602,1011602.6334,"EQC 1390 SH1, Peketa","EQC Claim 2016/026334 - EQC Land damage assessment at 1390 SH1, Peketa, Kaikoura - Kaikoura November 2016 earthquake event.",,2017-06-02,CH,Nick Peters,173.538859,-42.466337,,False,
1011602.7844,1011602,1011602.7844,"EQC 389 Old Beach Rd, Kaikoura","EQC Claim 2016/027844 - EQC Land damage assessment at 389 Old Beach Road, Kaikoura - Kaikoura November 2016 earthquake event.",,2017-06-02,CH,Nick Peters,173.686948,-42.364447,,False,
1011602.8315,1011602,1011602.8315,"EQC 58 Torquay St, Kaikoura","EQC Claim 2016/028315 - EQC Land damage assessment at 58 Torquay Street, Kaikoura - Kaikoura November 2016 earthquake event.",,2017-06-02,CH,Nick Peters,173.684234,-42.410492,,False,
1011602.8666,1011602,1011602.8666,"EQC 373 Kincaid Rd, Kaikoura","EQC Claim 2016/028666 - EQC Land damage assessment at 373 Kincaid Road, Kaikoura - Kaikoura November 2016 earthquake event.",,2017-06-02,CH,Nick Peters,173.683541,-42.346581,,False,
1011602.9712,1011602,1011602.9712,"EQC 17 Akatea Street, Berhampore","EQC Claim 2016/029712 - EQC Land damage assessment at 17 Akatea Street, Berhampore, Wellington - Kaikoura November 2016 earthquake event.",,2017-06-02,CH,Nick Peters,174.773265,-41.323106,Wellington City,True,
1011603.0052,1011603,1011603.0052,"EQC 19 Beere Haven Road, Seatoun","EQC Claim 2016/030052 - EQC Land damage assessment at 19 Beere Haven Road, Seatoun, Wellington - Kaikoura November 2016 earthquake event.",,2017-06-02,CH,Nick Peters,174.827408,-41.319565,Wellington City,True,
1011603.0467,1011603,1011603.0467,"EQC 1 Endeavour Place, Kaikoura","EQC Claim 2016/030467 - EQC Land damage assessment at 1 Endeavour Place, Kaikoura - Kaikoura November 2016 earthquake event.",,2017-06-02,CH,Nick Peters,173.697912,-42.420811,,False,
1011603.0537,1011603,1011603.0537,"EQC 55 Golf Road, Paraparaumu Beach","EQC Claim 2016/030537 - EQC Land damage assessment at 55 Golf Road, Paraparaumu Beach, Paraparaumu - Kaikoura November 2016 earthquake event.",,2017-06-02,CH,Nick Peters,174.985599,-40.887551,,False,
1011603.0598,1011603,1011603.0598,"EQC 3 Pari Tai Way, Houghton Bay","EQC Claim 2016/030598 - EQC Land damage assessment at 3 Pari Tai Way, Houghton Bay, Wellington - Kaikoura November 2016 earthquake event.",,2017-06-02,CH,Nick Peters,174.788339,-41.332014,Wellington City,True,
1011603.1504,1011603,1011603.1504,"EQC 129-131 Scarborough St, Kaikoura","EQC Claim 2016/031504 - EQC Land damage assessment at 129-131 Scarborough Street, Kaikoura - Kaikoura November 2016 earthquake event.",,2017-06-02,CH,Nick Peters,173.686511,-42.414869,,False,
1011603.2999,1011603,1011603.2999,"EQC 19 Hastings St, Kaikoura","EQC Claim 2016/032999 - EQC Land damage assessment at 19 Hastings St, Kaikoura - Kaikoura November 2016 earthquake event.",,2017-06-02,CH,Nick Peters,173.676691,-42.405124,,False,
1001701.2042,1001701,1001701.2042,EQC 179 Schoolhouse Road,"EQC Claim 2017/012042 - EQC Land damage assessment at 179 Schoolhouse Road, Kaikoura - Kaikoura November 2016 earthquake event.",,2017-06-05,CH,Nick Peters,173.666437,-42.36542,,False,
1011602.7843,1011602,1011602.7843,EQC 705 Woods Road,"EQC Claim 2016/027843 - EQC Land damage assessment at 705 Woods Road, Scargill - Kaikoura November 2016 earthquake event.",,2017-06-05,CH,Nick Peters,172.891477,-42.907856,,False,
1011602.0946,1011602,1011602.0946,"EQC 234C Tumbledown Bay Rd, Pt Underwood","EQC Claim 2016/020946 - EQC Land damage assessment at 234C Tumbledown Bay Rd, Pt Underwood, Picton - Kaikoura November 2016 earthquake event.",,2017-06-06,CH,Nick Peters,174.129064,-41.295789,,False,
1011602.2109,1011602,1011602.2109,"EQC Hitaua Bay (Norton), Tory Channel","EQC Claim 2016/022109 - EQC Land damage assessment at Hitaua Bay (Norton), Tory Channel, Marlborough - Kaikoura November 2016 earthquake event.",,2017-06-06,CH,Nick Peters,174.163054,-41.257587,,False,
1011602.2280,1011602,1011602.2280,"EQC 59A Wairau Rd, Picton","EQC Claim 2016/022280 - EQC Land damage assessment at 59A Wairau Rd, Picton - Kaikoura November 2016 earthquake event.",,2017-06-06,CH,Nick Peters,173.996879,-41.300138,,False,
1001700.6493,1001700,1001700.6493,"EQC 22 Severn Street, Island Bay","EQC Claim 2017/006493 - EQC Land damage assessment at 22 Severn Street, Island Bay, Wellington - Kaikoura November 2016 earthquake event.",,2017-06-08,CH,Nick Peters,174.768468,-41.339484,Wellington City,True,
1001701.3495,1001701,1001701.3495,"EQC 5 Old Coach Rd, Havelock","EQC Claim 2017/013495 - EQC Land damage assessment at 5 Old Coach Rd, Havelock - Kaikoura November 2016 earthquake event.",,2017-06-08,CH,Nick Peters,173.76255684600005,-41.275536719999934,,False,
1001701.3881,1001701,1001701.3881,"EQC 1 Whiorau Grove, Lowry Bay","EQC 1 Whiorau Grove, Lowry Bay, Lower Hutt - Wellington November 2016 Storm Event",,2017-06-08,WN,Robert Frost,174.916044,-41.254513,Lower Hutt City,True,
1011601.7874,1011601,1011601.7874,"EQC 38 Raukawa Road, Peka Peka","EQC Claim 2016/017874 - EQC Land damage assessment at 38 Raukawa Road, Peka Peka, Waikanae - Kaikoura November 2016 earthquake event.",,2017-06-08,CH,Nick Peters,175.067083,-40.830969,,False,
1001700.2720,1001700,1001700.2720,EQC 23 Chalet Cres,"EQC Claim 2017/002720 - EQC Land damage assessment at 23 Chalet Crescent, Hanmer Springs - Kaikoura November 2016 earthquake event.",,2017-06-09,CH,Elyse Armstrong,172.831758,-42.516635,,False,
1001700.5105,1001700,1001700.5105,EQC 392 Mendip Road,"EQC Claim 2017/005105 - EQC Land damage assessment at 392 Mendip Road, Ferniehurst - Kaikoura November 2016 earthquake event.",,2017-06-09,CH,Nick Peters,173.284553,-42.624489,,False,
1001701.3735,1001701,1001701.3735,"EQC 10A Weld St, Blenheim","EQC Claim 2017/013735 - EQC Land damage assessment at 10A Weld St, Blenheim- Kaikoura November 2016 earthquake event.",,2017-06-09,CH,Nick Peters,173.95322128400005,-41.520489269999985,,False,
1011601.6908,1011601,1011601.6908,"EQC 5 Espin Crescent, Karori","EQC Claim 2016/016908 - EQC Land damage assessment at 5 Espin Crescent, Karori, Wellington - Kaikoura November 2016 earthquake event.",,2017-06-09,CH,Nick Peters,174.751752,-41.284746,Wellington City,True,
1011601.8119,1011601,1011601.8119,"EQC 5 Homewood Crescent, Karori","EQC Claim 2016/018119 - EQC Land damage assessment at 5 Homewood Crescent, Karori, Wellington - Kaikoura November 2016 earthquake event.",,2017-06-09,CH,Nick Peters,174.745583,-41.279176,Wellington City,True,
1011601.9541,1011601,1011601.9541,EQC 2000 Inland Road,"EQC Claim 2016/019541 - EQC Land damage assessment at 2000 Inland Road, Lyford - Kaikoura November 2016 earthquake event.",,2017-06-09,CH,Nick Peters,173.141008,-42.515062,,False,
1011602.6362,1011602,1011602.6362,EQC 146 Schoolhouse Road,"EQC Claim 2016/026362 - EQC Land damage assessment at 146 Schoolhouse Road, Kaikoura - Kaikoura November 2016 earthquake event.",,2017-06-09,CH,Nick Peters,173.670398,-42.363471,,False,
1011602.6373,1011602,1011602.6373,EQC 157 Athelney Road,"EQC Claim 2016/026373 - EQC Land damage assessment at 157 Athelney Road, Kaikoura - Kaikoura November 2016 earthquake event.",,2017-06-09,CH,Nick Peters,173.673699,-42.362698,,False,
1011602.7543,1011602,1011602.7543,EQC 1970 Inland Road,"EQC Claim 2016/027543 - EQC Land damage assessment at 1970 Inland Road, Lyford - Kaikoura November 2016 earthquake event.",,2017-06-09,CH,Nick Peters,173.138047,-42.516212,,False,
1011603.0974,1011603,1011603.0974,EQC 795 Omihi Rd,"EQC Claim 2016/030974 - EQC Land damage assessment at795 Omihi Road, Omihi, Waipara - Kaikoura November 2016 earthquake event.",,2017-06-09,CH,Nick Peters,172.829091,-43.025829,,False,
1011603.1002,1011603,1011603.1002,EQC  26 Alpine Ave,"EQC Claim 2016/031002 - EQC Land damage assessment at 26 Alpine Ave, Hanmer Springs - Kaikoura November 2016 earthquake event.",,2017-06-09,CH,Nick Peters,172.82935,-42.514897,,False,
1001700.0891,1001700,1001700.0891,"EQC 74 Duncan Terrace, Kilbirnie","EQC Claim 2017/000891 - EQC Land damage assessment at 74 Duncan Terrace, Kilbirnie, Wellington - Kaikoura November 2016 earthquake event.",,2017-06-11,CH,Elyse Armstrong,174.790865,-41.317807,Wellington City,True,
1001700.3309,1001700,1001700.3309,"EQC 9 Sinclair Street, Seatoun","EQC Claim 2017/003309 - EQC Land damage assessment at 9 Sinclair Street, Seatoun, Wellington - Kaikoura November 2016 earthquake event.",,2017-06-11,CH,Elyse Armstrong,174.827168,-41.318105,Wellington City,True,
1001700.6397,1001700,1001700.6397,"EQC 15 Donald Cres, Karori","EQC Claim 2017/006397 - EQC Land damage assessment at 15 Donald Crescent, Karori, Wellington - Kaikoura November 2016 earthquake event.",,2017-06-11,CH,Nick Peters,174.743575,-41.289377,Wellington City,True,
1011601.8548,1011601,1011601.8548,"EQC 7 Keel Place, Whitby","EQC Claim 2016/018548 - EQC Land damage assessment at 7 Keel Place, Whitby, Wellington - Kaikoura November 2016 earthquake event.",,2017-06-11,CH,Nick Peters,174.889355,-41.114002,Porirua City,True,
1011601.8660,1011601,1011601.8660,"EQC 15 Percival Street, Te Aro","EQC Claim 2016/018660 - EQC Land damage assessment at 15 Percival Street, Te Aro, Wellington - Kaikoura November 2016 earthquake event.",,2017-06-11,CH,Nick Peters,174.772633,-41.289165,Wellington City,True,
1011602.1963,1011602,1011602.1963,"EQC 260 Rintoul Street, Berhampore","EQC Claim 2016/021963 - EQC Land damage assessment at 260 Rintoul Street, Berhampore, Wellington - Kaikoura November 2016 earthquake event.",,2017-06-11,CH,Nick Peters,174.777042,-41.321957,Wellington City,True,
1011602.3285,1011602,1011602.3285,"EQC 141 Nicholson Road, Khandallah","EQC Claim 2016/023285 - EQC Land damage assessment at 141 Nicholson Road, Khandallah, Wellington - Kaikoura November 2016 earthquake event.",,2017-06-11,CH,Nick Peters,174.79385,-41.253017,Wellington City,True,
1011602.3729,1011602,1011602.3729,"EQC 95 Apu Crescent, Lyall Bay","EQC Claim 2016/023729 - EQC Land damage assessment at 95 Apu Crescent, Lyall Bay, Wellington - Kaikoura November 2016 earthquake event.",,2017-06-11,CH,Nick Peters,174.798078,-41.327573,Wellington City,True,
1011602.5886,1011602,1011602.5886,"EQC 1 Zaida Way, Maupuia","EQC Claim 2016/025886 - EQC Land damage assessment at 1 Zaida Way, Maupuia, Wellington - Kaikoura November 2016 earthquake event.",,2017-06-11,CH,Nick Peters,174.813379,-41.310362,Wellington City,True,
1011602.8340,1011602,1011602.8340,"EQC 196 Sydney Street, Thorndon","EQC Claim 2016/028340 - EQC Land damage assessment at 196 Sydney Street, Thorndon, Wellington - Kaikoura November 2016 earthquake event.",,2017-06-11,CH,Nick Peters,174.771502,-41.278449,Wellington City,True,
1011603.1416,1011603,1011603.1416,"EQC 29 Ranui Crescent, Khandallah","EQC Claim 2016/031416 - EQC Land damage assessment at 29 Ranui Crescent, Khandallah, Wellington - Kaikoura November 2016 earthquake event.",,2017-06-11,CH,Nick Peters,174.800173,-41.246817,Wellington City,True,
1011603.2061,1011603,1011603.2061,"EQC 42A Lerwick Tce, Melrose","EQC Claim 2016/032061 - EQC Land damage assessment at 42A Lerwick Tce, Melrose, Wellington - Kaikoura November 2016 earthquake event.",,2017-06-11,CH,Nick Peters,174.791333,-41.321628,Wellington City,True,
1011603.3084,1011603,1011603.3084,"EQC 2b Connaught Tce, Vogeltown","EQC Claim 2016/033084 - EQC Land damage assessment at 2b Connaught Tce, Vogeltown, Wellington - Kaikoura November 2016 earthquake event.",,2017-06-11,CH,Nick Peters,174.7702,-41.310419,Wellington City,True,
1011603.4059,1011603,1011603.4059,"EQC 13b Black Rock Road, Newlands","EQC Claim 2016/034059 - EQC Land damage assessment at  13b Black Rock Road, Newlands, Wellington - Kaikoura November 2016 earthquake event.",,2017-06-11,CH,Nick Peters,174.820003,-41.228843,Wellington City,True,
1011603.5320,1011603,1011603.5320,"EQC 79 Old Porirua Road, Ngaio","EQC Claim 2016/035320 - EQC Land damage assessment at  79 Old Porirua Road, Ngaio, Wellington - Kaikoura November 2016 earthquake event.",,2017-06-11,CH,Nick Peters,174.780091,-41.256168,Wellington City,True,
1001602.3050,1001602,1001602.3050,EQC 35 Taft St,"EQC Claim 2016/023050 EQC Land damage assessment at 35 Taft St, Brooklyn, Wellington - Kaikoura November 2016 earthquake event.",,2017-06-12,CH,Elyse Armstrong,174.763852,-41.308905,Wellington City,True,
1001700.0427,1001700,1001700.0427,EQC 48 Buckley Rd,"EQC Claim 2017/000427 - EQC Land damage assessment 48 Buckley Road, Southgate, Wellington - Kaikoura November 2016 earthquake event.",,2017-06-12,CH,Elyse Armstrong,174.783465,-41.33306,Wellington City,True,
1001700.0540,1001700,1001700.0540,EQC 2 Krishna Way,"EQC Claim 2017/000540 EQC Land damage assessment at 2 Krishna Way,Khandallah, Wellington - Kaikoura November 2016 earthquake event.",,2017-06-12,CH,Elyse Armstrong,174.786143,-41.251661,Wellington City,True,
1001700.3077,1001700,1001700.3077,EQC 12 The Rigi,"EQC Claim 2017/003077 EQC Land damage assessment at 12 The Rigi, Northland, Wellington - Kaikoura November 2016 earthquake event.",,2017-06-12,CH,Elyse Armstrong,174.757796,-41.285086,Wellington City,True,
1001700.4265,1001700,1001700.4265,"EQC 1747 Awatere Valley Rd, Seddon","EQC Claim 2017/004265  EQC Land damage assessment at 1747 Awatere Valley Rd, Seddon - Kaikoura November 2016 earthquake event.",,2017-06-12,CH,Nick Peters,173.904593,-41.713288,,False,
1001700.4484,1001700,1001700.4484,EQC 52 Warwick st,"EQC Claim 2017/004484 EQC Land damage assessment at 52 Warwick St, Wilton, Wellington - Kaikoura November 2016 earthquake event.",,2017-06-12,CH,Nick Peters,174.762819,-41.268482,Wellington City,True,
1001700.5620,1001700,1001700.5620,EQC 43A Patanga Cres,"EQC Claim 2017/005620 EQC Land damage assessment at 43A Patanga Crescent, Thorndon, Wellington - Kaikoura November 2016 earthquake event.",,2017-06-12,CH,Nick Peters,174.766277,-41.279204,Wellington City,True,
1001702.1551,1001702,1001702.1551,"EQC 8 Matuhi Street, Waikanae","EQC 8 Matuhi Street, Waikanae, Wellington NZL-  North Island  Wellington April 2017 Storm Event",,2017-06-12,WN,Robert Frost,175.072924,-40.880754,,False,
1011601.9745,1011601,1011601.9745,EQC 32 Holloway Rd,"EQC Claim 2016/019745 EQC Land damage assessment at 32 Holloway Road, Aro Valley Wellington - Kaikoura November 2016 earthquake event.",,2017-06-12,CH,Elyse Armstrong,174.758799,-41.294292,Wellington City,True,
1011602.8670,1011602,1011602.8670,EQC 6 Valley Rd,"EQC Claim 2016/028670 - EQC Land damage assessment 6 Valley Road, Goose Bay - Kaikoura November 2016 earthquake event.",,2017-06-12,CH,Elyse Armstrong,173.526637,-42.478865,,False,
1011603.1210,1011603,1011603.1210,"EQC 117196 Kenepuru Rd, Portage","EQC Claim 2016/031210 - EQC Land damage assessment at 117196 Kenepuru Road, Portage, Marlborough Sounds - Kaikoura November 2016 earthquake event.",,2017-06-12,CH,Elyse Armstrong,174.025582,-41.185808,,False,
1011603.6092,1011603,1011603.6092,EQC D'Urville Island,EQC Claim 2016/036092 - EQC Land damage assessment at D'Urville Island - Kaikoura November 2016 earthquake event.,,2017-06-12,CH,Nick Peters,173.866674,-40.833318,,False,
1001700.1005,1001700,1001700.1005,EQC 90 Taimate Rd,"EQC Claim 2017/001005 - EQC Land damage assessment at 90 Taimate Road, Ward - Kaikoura November 2016 EQ event.",,2017-06-13,CH,Elyse Armstrong,174.163461,-41.770003,,False,
1001700.1589,1001700,1001700.1589,EQC 86 Scotland St,"EQC Claim 2017/001589 - EQC Land damage assessment at 86 Scotland Street, Picton - Kaikoura November 2016 EQ event.",,2017-06-13,CH,Elyse Armstrong,173.993555,-41.297203,,False,
1001700.2392,1001700,1001700.2392,EQC 1584 Hurunui Bluff Rd,"EQC Claim 2017/002392 - EQC Land damage assessment at 1584 Hurunui Bluff Road, Hawarden - Kaikoura November 2016 earthquake event.",,2017-06-13,CH,Elyse Armstrong,172.923793,-42.851885,,False,
1001700.4023,1001700,1001700.4023,EQC 35B Cheshire St,"EQC Claim 2017/004023 - EQC Land damage assessment at 35B Cheshire Street, Wilton, Wellington - Kaikoura November 2016 EQ event.",,2017-06-13,CH,Nick Peters,174.757545,-41.274489,Wellington City,True,
1001700.5166,1001700,1001700.5166,EQC 35 Mortimer Ter,"EQC Claim 2017/005166 - EQC Land damage assessment at 35 Mortimer Terrace, Aro Valley, Wellington - Kaikoura November 2016 EQ event.",,2017-06-13,CH,Nick Peters,174.763593,-41.297958,Wellington City,True,
1001700.5180,1001700,1001700.5180,EQC 113 Mairangi Rd,"EQC Claim 2017/005180 - EQC Land damage assessment at 113 Mairangi Road, Wadestown, Wellington - Kaikoura November 2016 EQ event.",,2017-06-13,CH,Nick Peters,174.767583,-41.265948,Wellington City,True,
1001700.5996,1001700,1001700.5996,EQC 9 Russell St,"EQC Claim 2017/005996 - EQC Land damage assessment at 9 Russell Street, Picton - Kaikoura November 2016 EQ event.",,2017-06-13,CH,Elyse Armstrong,174.010531,-41.292087,,False,
1001700.7387,1001700,1001700.7387,EQC 20 Deal St,"EQC Claim 2017/007387 - EQC Land damage assessment at 20 Deal Street, Kaikoura Flat, Kaikoura - Kaikoura November 2016 EQ event.",,2017-06-13,CH,Elyse Armstrong,173.681781,-42.403644,,False,
1001700.8839,1001700,1001700.8839,EQC 45 Sefton St,"EQC Claim 2017/008839 - EQC Land damage assessment at 45 Sefton Street, Wadestown, Wellington - Kaikoura November 2016 EQ event.",,2017-06-13,CH,Nick Peters,174.779449,-41.263065,Wellington City,True,
1001700.9002,1001700,1001700.9002,EQC Tory Channel,"EQC Claim 2017/009002 - EQC Land damage assessment at Tory Channel, Marlborough Sounds - Kaikoura November 2016 EQ event.",,2017-06-13,CH,Nick Peters,174.220193,-41.238259,,False,
1001701.1041,1001701,1001701.1041,EQC 46 Delhi Crescent,"EQC Claim 2017/011041 - EQC Land damage assessment at 46 Delhi Crescent, Khandallah, Wellington - Kaikoura November 2016 EQ event.",,2017-06-13,CH,Nick Peters,174.796822,-41.243413,Wellington City,True,
1001701.7644,1001701,1001701.7644,EQC 208B Beach Rd,"EQC Claim 2017/017644 - EQC Land damage assessment at 208B Beach Road, Kaikoura - Kaikoura November 2016 EQ event.",,2017-06-13,CH,Nick Peters,173.680908,-42.380479,,False,
1011602.0025,1011602,1011602.0025,EQC 1071 Blue Duck Rd,"EQC Claim 2016/020025 - EQC Land damage assessment at 1071 Blue Duck Road, Seaward Valley - Kaikoura November 2016 EQ event.",,2017-06-13,CH,Nick Peters,173.793408,-42.222042,,False,
1011602.3234,1011602,1011602.3234,EQC 103E Beach Rd,"EQC Claim 2016/023234 - EQC Land damage assessment at 103E Beach Road, Kaikoura - Kaikoura November 2016 EQ event.",,2017-06-13,CH,Nick Peters,173.678144,-42.39094,,False,
1011602.5156,1011602,1011602.5156,EQC 15 Trebann St,"EQC Claim 2016/025156 - EQC Land damage assessment at 15 Trebann Street, Paparangi, Wellington - Kaikoura November 2016 EQ event.",,2017-06-13,CH,Nick Peters,174.821173,-41.220572,Wellington City,True,
1011602.6020,1011602,1011602.6020,EQC 168A Budge St,"EQC Claim 2016/026020 - EQC Land damage assessment at 168A Budge Street, Riversdale, Blenheim - Kaikoura November 2016 EQ event.",,2017-06-13,CH,Nick Peters,173.977428,-41.50596,,False,
1011602.6240,1011602,1011602.6240,EQC 28 Brough Pl,"EQC Claim 2016/026240 - EQC Land damage assessment at 28 Brough Place, Ngakuta Bay, Picton - Kaikoura November 2016 EQ event.",,2017-06-13,CH,Nick Peters,173.963831,-41.278154,,False,
1011602.6793,1011602,1011602.6793,EQC 26 Tarawera Rd,"EQC Claim 2016/026793 - EQC Land damage assessment at 26 Tarawera Road, Johnsonville, Wellington - Kaikoura November 2016 EQ event.",,2017-06-13,CH,Nick Peters,174.805953,-41.230045,Wellington City,True,
1011602.6848,1011602,1011602.6848,EQC 9 Bassett Rd,"EQC Claim 2016/026848 - EQC Land damage assessment at 9 Bassett Road, Johnsonville, Wellington - Kaikoura November 2016 EQ event.",,2017-06-13,CH,Nick Peters,174.806896,-41.219443,Wellington City,True,
1011603.0797,1011603,1011603.0797,EQC 76A Severn St,"EQC Claim 2016/030797 - EQC Land damage assessment at 76A Severn Street, Island Bay, Wellington - Kaikoura November 2016 EQ event.",,2017-06-13,CH,Nick Peters,174.765218,-41.34154,Wellington City,True,
1011603.6182,1011603,1011603.6182,EQC 6 Fantail Hts,"EQC Claim 2016/036182 - EQC Land damage assessment at 6 Fantail Heights, Picton - Kaikoura November 2016 EQ event.",,2017-06-13,CH,Nick Peters,174.026801,-41.281017,,False,
1001702.1753,1001702,1001702.1753,"EQC 39 John Sims Drive, Broadmeadows","EQC 39 John Sims Drive, Broadmeadows,Wellington NZL-  North Island  Wellington April 2017 Storm Event",,2017-06-14,WN,Robert Frost,174.796208,-41.233829,Wellington City,True,
1001702.1840,1001702,1001702.1840,"EQC 188 St Andrews Road, Plimmerton","EQC 188 St Andrews Road, Plimmerton, Porirua NZL-  North Island  Wellington April 2017 Storm Event",,2017-06-14,WN,Robert Frost,174.869086,-41.086654,Porirua City,True,
1011601.9746,1011601,1011601.9746,"EQC 117 Tirohanga Road, Lower Hutt","EQC Claim 2016/019746 - EQC Land damage assessment at 117 Tirohanga Road, Tirohanga, Lower Hutt - Kaikoura November 2016 earthquake event.",,2017-06-14,CH,Nick Peters,174.903479,-41.197944,Lower Hutt City,True,
1011602.1054,1011602,1011602.1054,"EQC 43a Tirohanga Road, Lower Hutt","EQC Claim 2016/021054 - EQC Land damage assessment at 43a Tirohanga Road, Tirohanga, Lower Hutt - Kaikoura November 2016 earthquake event.",,2017-06-14,CH,Nick Peters,174.90908,-41.199994,Lower Hutt City,True,
1001700.4338,1001700,1001700.4338,"EQC 24 Weld Rd, Lake Grassmere, Seddon","EQC Claim 2017/004338 - EQC Land damage assessment at 24 Weld Road, Lake Grassmere, Seddon - Kaikoura November 2016 EQ event.",,2017-06-15,CH,Nick Peters,174.166101,-41.74003,,False,
1001700.4655,1001700,1001700.4655,"EQC 25 Newgate St, Picton","EQC Claim 2017/004655 - EQC Land damage assessment at 25 Newgate Street, Picton - Kaikoura November 2016 EQ event.",,2017-06-15,CH,Nick Peters,174.013918,-41.291761,,False,
1001702.1729,1001702,1001702.1729,"EQC 12 Vista Crescent, Upper Hutt","EQC 12 Vista Crescent, Maoribank, Upper Hutt NZL-  North Island  Wellington April 2017 Storm Event",,2017-06-15,WN,Robert Frost,175.099755,-41.106024,Upper Hutt City,True,
1001702.1747,1001702,1001702.1747,"EQC 3/32 Hindmarsh Street, Johnsonville","EQC 3/32 Hindmarsh Street, Johnsonville, Wellington NZL-  North Island  Wellington April 2017 Storm Event",,2017-06-15,WN,Robert Frost,174.805073,-41.227694,Wellington City,True,
1001702.1829,1001702,1001702.1829,"EQC 10/85 Elizabeth Street, Mount Vic","EQC 10/85 Elizabeth Street, Mount Victoria, Wellington NZL-  North Island  Wellington April 2017 Storm Event",,2017-06-15,WN,Robert Frost,174.786798,-41.296374,Wellington City,True,
1011601.9604,1011601,1011601.9604,EQC 3 Aspen Gv,"EQC Claim 2016/019604 - EQC Land damage assessment at 3 Aspen Grove, Maungaraki, Lower Hutt - Kaikoura November 2016 earthquake event.",,2017-06-15,CH,Nick Peters,174.881133,-41.205842,Lower Hutt City,True,
1011602.1321,1011602,1011602.1321,EQC 2 Reese Jones Gv,"EQC Claim 2016/021321 - EQC Land damage assessment at 2 Reese Jones Grove, Maungaraki, Lower Hutt - Kaikoura November 2016 earthquake event.",,2017-06-15,CH,Nick Peters,174.875173,-41.204345,Lower Hutt City,True,
1011602.5152,1011602,1011602.5152,EQC 75 Seaview Rd,"EQC Claim 2016/025152 - EQC Land damage assessment at 75 Seaview Road, Paremata, Porirua - Kaikoura November 2016 earthquake event.",,2017-06-15,CH,Nick Peters,174.881806,-41.100385,Porirua City,True,
1011602.7242,1011602,1011602.7242,EQC 11 Crawford Grv,"EQC Claim 2016/027242 - EQC Land damage assessment at 11 Crawford Grove, Naenae, Lower Hutt - Kaikoura November 2016 EQ event.",,2017-06-15,CH,Nick Peters,174.953536,-41.211576,Lower Hutt City,True,
1011603.0464,1011603,1011603.0464,EQC 48 Frobisher St,"EQC Claim 2016/030464 - EQC Land damage assessment at 48 Frobisher Street, Island Bay, Wellington - Kaikoura November 2016 earthquake event.",,2017-06-15,CH,Nick Peters,174.763882,-41.340478,Wellington City,True,
1011603.5423,1011603,1011603.5423,EQC 65A South Bay Pde,"EQC Claim 2016/035423 - EQC Land damage assessment at 65A South Bay Parade, South Bay, Kaikoura - Kaikoura November 2016 earthquake event.",,2017-06-15,CH,Nick Peters,173.682047,-42.418808,,False,
1001700.3303,1001700,1001700.3303,EQC 5 Bennett Grv,"EQC Claim 2017/003303 EQC Land damage assessment at 5 Bennett Grove, Newlands, Wellington - Kaikoura November 2016 earthquake event.",,2017-06-16,CH,Elyse Armstrong,174.835895,-41.227656,Wellington City,True,
1001700.5778,1001700,1001700.5778,EQC 156 Pembroke Rd,"EQC Claim 2017/005778 EQC Land damage assessment at 156 Pembroke Road, Wilton, Wellington - Kaikoura November 2016 earthquake event.",,2017-06-16,CH,Nick Peters,174.759278,-41.271995,Wellington City,True,
1001700.6070,1001700,1001700.6070,EQC 8 Cheshire St,"EQC Claim 2017/006070 EQC Land damage assessment at 8 Cheshire Street. Wilton, Wellington - Kaikoura November 2016 earthquake event.",,2017-06-16,CH,Nick Peters,174.758056,-41.274273,Wellington City,True,
1001701.9249,1001701,1001701.9249,EQC 120 Maida Vale Rd,"EQC Claim 2017/019249 EQC Land damage assessment at 120 Maida Vale Road, Roseneath, Wellington - Kaikoura November 2016 earthquake event.",,2017-06-16,CH,Nick Peters,174.802427,-41.293146,Wellington City,True,
1011602.2180,1011602,1011602.2180,EQC 33 Holloway Road,"EQC Claim 2016/022180 EQC Land damage assessment at 33 Holloway Road, Aro Valley, Wellington - Kaikoura November 2016 earthquake event.",,2017-06-16,CH,Nick Peters,174.758965,-41.294558,Wellington City,True,
1011602.8258,1011602,1011602.8258,EQC 7A Humber St,"EQC Claim 2016/028258 EQC Land damage assessment at 7A Humber Street, Island Bay, Wellington - Kaikoura November 2016 earthquake event.",,2017-06-16,CH,Nick Peters,174.771955,-41.341244,Wellington City,True,
1011602.9886,1011602,1011602.9886,EQC 8/116 Mairangi Rd,"EQC Claim 2016/029886 EQC Land damage assessment at 8/116 Mairangi Road, Wilton, Wellington - Kaikoura November 2016 earthquake event.",,2017-06-16,CH,Nick Peters,174.76599,-41.266951,Wellington City,True,
1011603.4748,1011603,1011603.4748,EQC 3 Central Ter,"EQC Claim 2016/034748 -  EQC Land damage assessment at 3 Central Terrace, Kelburn, WEllington - Kaikoura November 2016 earthquake event.",,2017-06-16,CH,Nick Peters,174.766981,-41.288006,Wellington City,True,
1011603.4764,1011603,1011603.4764,EQC 40 Hawker St,"EQC Claim 2016/034764 EQC Land damage assessment at 40 Hawker Street, Mount Vistoria, Wellington - Kaikoura November 2016 earthquake event.",,2017-06-16,CH,Nick Peters,174.788918,-41.293393,Wellington City,True,
1011603.5665,1011603,1011603.5665,EQC 17A Vancouver St,"EQC Claim 2016/035665 EQC Land damage assessment at 17A Vancouver Street, Kingston, Wellington - Kaikoura November 2016 earthquake event.",,2017-06-16,CH,Nick Peters,174.760569,-41.322738,Wellington City,True,
1011602.7863,1011602,1011602.7863,"EQC 52 Edinburgh Tce, Berhampore","EQC Claim 2016/027863 - EQC Land damage assessment at 52 Edinburgh Tce, Berhampore, Wellington - Kaikoura November 2016 earthquake event.",,2017-06-20,CH,Nick Peters,174.77914,-41.322781,Wellington City,True,
1001700.1771,1001700,1001700.1771,"EQC 5 Manapouri Lane, Aotea","EQC Claim 2017/001771 - EQC Land damage assessment at 5 Manapouri Lane, Aotea, Porirua - Kaikoura November 2016 earthquake event.",,2017-06-21,CH,Elyse Armstrong,174.859098,-41.126314,Porirua City,True,
1001700.4296,1001700,1001700.4296,"EQC 121 Grafton Road, Roseneath","EQC Claim 2017/004296 - EQC Land damage assessment at 121 Grafton Road, Roseneath, Wellington - Kaikoura November 2016 earthquake event.",,2017-06-21,CH,Nick Peters,174.802071,-41.294815,Wellington City,True,
1001700.5929,1001700,1001700.5929,EQC 71 Kiwi Cres,"EQC Claim 2017/005929 - EQC Land damage assessment at 71 Kiwi Crescent, Tawa, Wellington - Kaikoura November 2016 EQ event.",,2017-06-21,CH,Nick Peters,174.814995,-41.174283,Wellington City,True,
1001700.6350,1001700,1001700.6350,EQC 55 Ellice St,"EQC Claim 2017/006350 - EQC Land damage assessment at 55 Ellice Street, Mount Victoria, Wellington - Kaikoura November 2016 EQ event.",,2017-06-21,CH,Nick Peters,174.784056,-41.300287,Wellington City,True,
1001700.7277,1001700,1001700.7277,EQC 23 Te Keepa Rd,"EQC Claim 2017/007277 - EQC Land damage assessment at 23 Te Keepa Road, Oaro, Kaikoura - Kaikoura November 2016 EQ event.",,2017-06-21,CH,Nick Peters,173.505344,-42.514706,,False,
1001700.7764,1001700,1001700.7764,EQC 9 Burwah St,"EQC Claim 2017/007764 - EQC Land damage assessment at 9 Burwah Street, Berhampore, Wellington - Kaikoura November 2016 EQ event.",,2017-06-21,CH,Nick Peters,174.774034,-41.321649,Wellington City,True,
1001700.7918,1001700,1001700.7918,EQC 116 Maida Vale Rd,"EQC Claim 2017/007918 - EQC Land damage assessment at 116 Maida Vale Road, Roseneath, Wellington - Kaikoura November 2016 EQ event.",,2017-06-21,CH,Nick Peters,174.801939,-41.293267,Wellington City,True,
1011602.0923,1011602,1011602.0923,"EQC 53 Thompson Street, Mount Cook","EQC Claim 2016/020923 - EQC Land damage assessment at 53 Thompson Street, Mount Cook, Wellington - Kaikoura November 2016 earthquake event.",,2017-06-21,CH,Nick Peters,174.771199,-41.299731,Wellington City,True,
1011602.1364,1011602,1011602.1364,"EQC 30b Downes Street, Titahi Bay","EQC Claim 2016/021364 - EQC Land damage assessment at 30b Downes Street, Titahi Bay, Porirua - Kaikoura November 2016 earthquake event.",,2017-06-21,CH,Nick Peters,174.846887,-41.10519,Porirua City,True,
1011602.1730,1011602,1011602.1730,"EQC 19 Otago St, Picton","EQC Claim 2016/021730 - EQC Land damage assessment at 19 Otago Street,  Picton - Kaikoura November 2016 EQ event.",,2017-06-21,CH,Nick Peters,174.008481,-41.294661,,False,
1011602.1916,1011602,1011602.1916,"EQC 37 Adams Tce, Aro Valley","EQC Claim 2016/021916 - EQC Land damage assessment at 37 Adams Tce, Aro Valley, Wellington - Kaikoura November 2016 earthquake event.",,2017-06-21,CH,Elyse Armstrong,174.764457,-41.292899,Wellington City,True,
1011602.3394,1011602,1011602.3394,EQC Tunaruawhiti Bay,"EQC Claim 2016/023394 - EQC Land damage assessment at Tunaruawhiti Bay, Endeavour Inlet, Marlborough - Kaikoura November 2016 EQ event.",,2017-06-21,CH,Nick Peters,174.183332,-41.08332,,False,
1011602.5615,1011602,1011602.5615,"EQC 25a Awatea Street, Ranui, Porirua","EQC Claim 2016/025615 - EQC Land damage assessment at 25a Awatea Street, Ranui, Porirua - Kaikoura November 2016 earthquake event.",,2017-06-21,CH,Nick Peters,174.847931,-41.140613,Porirua City,True,
1011602.5842,1011602,1011602.5842,"EQC 47 Clutha Ave, Khandallah","EQC Claim 2016/025842- EQC Land damage assessment at 47 Clutha Ave, Khandallah, Wellington - Kaikoura November 2016 earthquake event.",,2017-06-21,CH,Nick Peters,174.787411,-41.248751,Wellington City,True,
1011602.9189,1011602,1011602.9189,"EQC 123 Akerbloms Rd, Punga Cove","EQC Claim 2016/029189 - EQC Land damage assessment at 123 Akerbloms Road, Punga Cove, Marlborough - Kaikoura November 2016 EQ event.",,2017-06-21,CH,Nick Peters,174.15207,-41.128466,,False,
1011602.9422,1011602,1011602.9422,"EQC 27 Stafford Street, Mount Vic","EQC Claim 2016/029422- EQC Land damage assessment at 27 Stafford Street, Mount Vic, Wellington - Kaikoura November 2016 earthquake event.",,2017-06-21,CH,Nick Peters,174.790109,-41.295086,Wellington City,True,
1011603.0153,1011603,1011603.0153,"EQC 1229 Paekakariki Hill Road, Porirua","EQC Claim 2016/030153 - EQC Land damage assessment at 1229 Paekakariki Hill Road, Porirua - Kaikoura November 2016 earthquake event.",,2017-06-21,CH,Nick Peters,174.930349,-41.018197,Porirua City,True,
1011603.1401,1011603,1011603.1401,"EQC 4B Peppertree Lane, Grenada Village","EQC Claim 2016/031401- EQC Land damage assessment at 4B Peppertree Lane, Grenada Village, Wellington - Kaikoura November 2016 earthquake event.",,2017-06-21,CH,Elyse Armstrong,174.829641,-41.214785,Wellington City,True,
1011603.1532,1011603,1011603.1532,EQC 43 Melrose Rd,"EQC Claim 2016/031532  - EQC Land damage assessment at 43 Melrose Road, Island Bay, Wellington - Kaikoura November 2016 EQ event.",,2017-06-21,CH,Nick Peters,174.779119,-41.336379,Wellington City,True,
1011603.4054,1011603,1011603.4054,EQC 10 Essex St,"EQC Claim 2016/034054  - EQC Land damage assessment at 10 Essex Street, Aro Valley, Wellington - Kaikoura November 2016 EQ event.",,2017-06-21,CH,Nick Peters,174.765947,-41.294582,Wellington City,True,
1011603.4365,1011603,1011603.4365,EQC 32A Dimock St,"EQC Claim 2016/034365 - EQC Land damage assessment at 32A Dimock Street, Titahi Bay, Porirua - Kaikoura November 2016 EQ event.",,2017-06-21,CH,Nick Peters,174.844331,-41.108139,Porirua City,True,
1011603.4752,1011603,1011603.4752,"EQC 4 Macdonald Cres, Te Aro","EQC Claim 2016/034752 - EQC Land damage assessment at 4 Macdonald Cres, Te Aro, Wellington - Kaikoura November 2016 earthquake event.",,2017-06-21,CH,Nick Peters,174.772638,-41.290802,Wellington City,True,
1011603.5053,1011603,1011603.5053,"EQC 58 Hawker Street, Mt Vic","EQC Claim 2016/035053 - EQC Land damage assessment at 58 Hawker Street, Mt Vic, Wellington - Kaikoura November 2016 earthquake event.",,2017-06-21,CH,Nick Peters,174.78966,-41.292911,Wellington City,True,
1001700.7306,1001700,1001700.7306,EQC 28 Glen Rd,"EQC Claim 2017/007306 - EQC Land damage assessment at 28 Glen Road, Kelburn, Wellington - Kaikoura November 2016 earthquake event.",,2017-06-22,CH,Nick Peters,174.763459,-41.286556,Wellington City,True,
1001700.8978,1001700,1001700.8978,EQC 135 Newlands Rd,"EQC Claim 2017/008978 - EQC Land damage assessment at 135 Newlands Road, Newlands, Wellington - Kaikoura November 2016 EQ event.",,2017-06-22,CH,Nick Peters,174.818776,-41.227083,Wellington City,True,
1001700.9981,1001700,1001700.9981,EQC 44 Colchester Cres,"EQC Claim 2017/009981 - EQC Land damage assessment at 44 Colchester Crescent, Newlands, Wellington - Kaikoura November 2016 EQ event.",,2017-06-22,CH,Nick Peters,174.829244,-41.220667,Wellington City,True,
1001702.1049,1001702,1001702.1049,"EQC 20 The Cliffs, Britannia Hts, Nelson","EQC Claim 2017/021049 - EQC Land damage assessment at 20 The Cliffs, Britannia Heights, Nelson - Nelson April 2017 Landslip/Storm/Flood event.",,2017-06-22,NE,Marcus Lovell,173.258664,-41.273694,,False,
1001702.1668,1001702,1001702.1668,"EQC 6 Alexandra Road, Roseneath","EQC 6 Alexandra Road, Roseneath, Wellington 6021 NZL- North Island April 2017 Storm Event",,2017-06-22,WN,Robert Frost,174.797887,-41.295746,Wellington City,True,
1001710.0122,1001710,1001710.0122,"EQC 36A Victoria Hts, Nelson","EQC Claim 2017/100122 - EQC Land damage assessment at 36A Victoira Hts, Stepneyville, Nelson - May 2017 Landslip/Storm/Flood event.",,2017-06-22,NE,Marcus Lovell,173.270105,-41.265879,,False,
1011602.4439,1011602,1011602.4439,EQC 963 Te Towaka-Port Ligar Rd,"EQC Claim 2016/024439  - EQC Land damage assessment at 963 Te Towaka-Port Ligar Road, Admiralty Bay, Marlborough Sounds - Kaikoura November 2016 EQ event.",,2017-06-22,CH,Nick Peters,173.888527,-40.963566,,False,
1011602.8632,1011602,1011602.8632,EQC 30 Clipper St,"EQC Claim 2016/028632 - EQC Land damage assessment at 30 Clipper Street, Titahi Bay, Porirua - Kaikoura November 2016 EQ event.",,2017-06-22,CH,Nick Peters,174.850627,-41.111415,Porirua City,True,
1011602.9365,1011602,1011602.9365,EQC Bay of Many Coves (Beach),"EQC Claim 2016/029365  - EQC Land damage assessment at Bay of many Coves (Beach), Bay of Many Coves, Marlborough - Kaikoura November 2016 EQ event.",,2017-06-22,CH,Nick Peters,174.15107,-41.191385,,False,
1011603.3693,1011603,1011603.3693,EQC Campbay Queen Charlotte Track,"EQC Claim 2016/033693 - EQC Land damage assessment at Campbay Queen Charlotte Track, Picton - Kaikoura November 2016 EQ event.",,2017-06-22,CH,Nick Peters,174.149159,-41.128459,,False,
1011603.4725,1011603,1011603.4725,EQC 54 Downes St,"EQC Claim 2016/034725 - EQC Land damage assessment at 54 Downes Street, Titahi Bay, Porirua - Kaikoura November 2016 EQ event.",,2017-06-22,CH,Nick Peters,174.846919,-41.10343,Porirua City,True,
1001700.8332,1001700,1001700.8332,EQC Bay of Many Coves DP433122 Milton Ba,"EQC Claim 2017/008332 - EQC Land damage assessment at Bay of Many Coves DP 433122, Milton Bay, Marlborough Sounds - Kaikoura November 2016 earthquake event.",,2017-06-23,CH,Elyse Armstrong,174.160425,-41.19167,,False,
1011601.6919,1011601,1011601.6919,"EQC 1 Curious Cove DP2073, Kahikatea Bay","EQC Claim 2016/016919 - EQC Land damage assessment at Curious Cove DP2073, Kahikatea Bay, Marlborough Sounds - Kaikoura November 2016 earthquake event.",,2017-06-23,CH,Elyse Armstrong,174.121967,-41.249893,,False,
1001700.6501,1001700,1001700.6501,EQC 87 Ruskin Rd,"EQC Claim 2017/006501 - EQC Land damage assessment at 87 Ruskin Road, Newlands, Wellington - Kaikoura November 2016 earthquake event.",,2017-06-25,CH,Nick Peters,174.817023,-41.225163,Wellington City,True,
1001700.6600,1001700,1001700.6600,EQC 34 Newman Ter,"EQC Claim 2017/006600 - EQC Land damage assessment at 34 Newman Terrace, Thorndon, Wellington - Kaikoura November 2016 earthquake event.",,2017-06-25,CH,Elyse Armstrong,174.778231,-41.2683,Wellington City,True,
1011602.8902,1011602,1011602.8902,EQC 25 Stafford St,"EQC Claim 2016/028902 - EQC Land damage assessment at 25 Stafford Street, Mount Victoria, Wellington - Kaikoura November 2016 earthquake event.",,2017-06-25,CH,Elyse Armstrong,174.789943,-41.295136,Wellington City,True,
1001700.3778,1001700,1001700.3778,EQC 6 Toups Rd,"EQC Claim 2017/003778 - EQC Land damage assessment at 6 Toups Road, Plimmerton, Porirua - Kaikoura November 2016 EQ event.",,2017-06-27,CH,Elyse Armstrong,174.863328,-41.074425,Porirua City,True,
1001700.3880,1001700,1001700.3880,EQC 22 Tremewan St,"EQC Claim 2017/003880 - EQC Land damage assessment at 22 Tremewan Street, Plimmerton, Porirua - Kaikoura November 2016 EQ event.",,2017-06-27,CH,Nick Peters,174.838757,-41.15457,Wellington City,True,
1001702.1658,1001702,1001702.1658,"EQC 161 Mairangi Road, Wilton","EQC 161 Mairangi Road, Wilton, Wellington NZL-  North Island  Wellington April 2017 Storm Event",,2017-06-27,WN,Robert Frost,174.764154,-41.268755,Wellington City,True,
1001702.1681,1001702,1001702.1681,"EQC 12 Aplin Tce, Ngaio","EQC 12 Aplin Tce, Ngaio, Wellington NZL-  North Island  Wellington April 2017 Storm Event",,2017-06-27,WN,Robert Frost,174.777271,-41.249942,Wellington City,True,
1011602.0375,1011602,1011602.0375,EQC 108 Motuhara Rd,"EQC Claim 2016/020375 - EQC Land damage assessment at 108 Motuhara Road, Plimmerton, Porirua - Kaikoura November 2016 EQ event.",,2017-06-27,CH,Nick Peters,174.863218,-41.074898,Porirua City,True,
1011602.2172,1011602,1011602.2172,EQC 38A Ogilvy Tce,"EQC Claim 2016/022172 - EQC Land damage assessment at 38A Ogilvy Terrace, Plimmerton, Porirua - Kaikoura November 2016 EQ event.",,2017-06-27,CH,Nick Peters,174.855786,-41.069332,Porirua City,True,
1011602.4597,1011602,1011602.4597,EQC 110 Wallace St,"EQC Claim 2016/024597 - EQC Land damage assessment at 110 Wallace Street, Mount Cook, Wellington - Kaikoura November 2016 EQ event.",,2017-06-27,CH,Elyse Armstrong,174.774797,-41.305801,Wellington City,True,
1011602.7594,1011602,1011602.7594,EQC 13 Daniell St,"EQC Claim 2016/027594 - EQC Land damage assessment at 13 Daniell Street, Newtown, Wellington- Kaikoura November 2016 EQ event.",,2017-06-27,CH,Elyse Armstrong,174.782076,-41.31103,Wellington City,True,2013
1011602.7705,1011602,1011602.7705,EQC 12 Belvedere Rd,"EQC Claim 2016/027705 - EQC Land damage assessment at 12 Belvedere Road, Hataitai, Wellington - Kaikoura November 2016 EQ event.",,2017-06-27,CH,Nick Peters,174.797309,-41.306628,Wellington City,True,
1011602.7963,1011602,1011602.7963,EQC 9 Woodstock Ter,"EQC Claim 2016/027963 - EQC Land damage assessment at 9 Woodstock Terrace, Tawa, Wellington - Kaikoura November 2016 EQ event.",,2017-06-27,CH,Nick Peters,174.819139,-41.170652,Wellington City,True,
1011603.1293,1011603,1011603.1293,EQC 41 Cavendish Sq,"EQC Claim 2016/031923 - EQC Land damage assessment at 41 Cavendish Square, Strathmore Park, Wellington - Kaikoura November 2016 EQ event.",,2017-06-27,CH,Nick Peters,174.823739,-41.32582,Wellington City,True,
1011603.3240,1011603,1011603.3240,EQC 43 Clutha Ave,"EQC Claim 2016/033240 - EQC Land damage assessment at 43 Clutha Avenue, Khandallah, Wellington - Kaikoura November 2016 EQ event.",,2017-06-27,CH,Nick Peters,174.78744,-41.249096,Wellington City,True,
1011603.5580,1011603,1011603.5580,EQC 327 The Terrace,"EQC Claim 2016/035580 - EQC Land damage assessment at 327 The Terrace, Wellington - Kaikoura November 2016 EQ event.",,2017-06-27,CH,Nick Peters,174.770234,-41.292626,Wellington City,True,
1001700.1317,1001700,1001700.1317,"EQC 6A Jackson St, Marybank, Nelson","EQC Claim 2017/001317 - EQC Land damage assessment at 6A Jackson Street, Marybank, Nelson - Kaikoura November 2016 EQ event.",,2017-06-28,CH,Elyse Armstrong,173.32257,-41.229669,,False,
1001700.1490,1001700,1001700.1490,EQC 8 Huntingdon St,"EQC Claim 2017/001490 - EQC Land damage assessment at 8 Huntingdon Street, Northland, Wellington - Kaikoura November 2016 EQ event.",,2017-06-28,CH,Elyse Armstrong,174.758809,-41.273498,Wellington City,True,
1001700.1852,1001700,1001700.1852,"EQC 8 Rowling Rd, Kaiteriteri","EQC Claim 2017/001852 - EQC Land damage assessment at 8 Rowling Road, Kaiteriteri, Motueka - Kaikoura November 2016 EQ event.",,2017-06-28,CH,Elyse Armstrong,173.015846,-41.041134,,False,
1001700.3971,1001700,1001700.3971,EQC 357 Karaka Bay Rd,"EQC Claim 2017/003971 - EQC Land damage assessment at 357 Karaka Bay Road, Karaka Bays, Wellington - Kaikoura November 2016 EQ event.",,2017-06-28,CH,Nick Peters,174.831464,-41.306622,Wellington City,True,
1001700.4099,1001700,1001700.4099,EQC 1972 Queen Charlotte Dr,"EQC Claim 2017/004099 - EQC Land damage assessment at 1972 Queen Charlotte Drive, Momorangi Bay, Picton  - Kaikoura November 2016 EQ event.",,2017-06-28,CH,Nick Peters,173.938523,-41.26994,,False,
1001700.4222,1001700,1001700.4222,EQC 4 Canterbury St,"EQC Claim 2017/004222 - EQC Land damage assessment at 4 Canterbury Street, Karori, Wellington - Kaikoura November 2016 EQ event.",,2017-06-28,CH,Nick Peters,174.735057,-41.277457,Wellington City,True,
1001700.6355,1001700,1001700.6355,EQC 6B Matai St,"EQC Claim 2017/006355 - EQC Land damage assessment at 6B Matai Street, Tawa, Wellington - Kaikoura November 2016 EQ event.",,2017-06-28,CH,Nick Peters,174.835378,-41.160964,Wellington City,True,
1001700.6485,1001700,1001700.6485,EQC 11 Wesley Rd,"EQC Claim 2017/006485 - EQC Land damage assessment at 11 Wesley Road, Kelburn, Wellington - Kaikoura November 2016 EQ event.",,2017-06-28,CH,Nick Peters,174.771225,-41.281636,Wellington City,True,
1001700.7804,1001700,1001700.7804,"EQC 69 Jenner Rd, Toi Toi, Nelson","EQC Claim 2017/007804 - EQC Land damage assessment at 69 Jenner Road, Toi Toi, Nelson - Kaikoura November 2016 EQ event.",,2017-06-28,CH,Nick Peters,173.263895,-41.290348,,False,
1001700.8268,1001700,1001700.8268,EQC 59 Cleary St,"EQC Claim 2017/008268 - EQC Land damage assessment at 59 Cleary Street, Waterloo, Lower Hutt - Kaikoura November 2016 EQ event.",,2017-06-28,CH,Elyse Armstrong,174.926281,-41.221219,Lower Hutt City,True,
1001700.8303,1001700,1001700.8303,EQC 65 Balfour St,"EQC Claim 2017/008303 - EQC Land damage assessment at 65 Balfour Street, Mornington, Wellington - Kaikoura November 2016 EQ event.",,2017-06-28,CH,Nick Peters,174.767905,-41.317689,Wellington City,True,
1001701.0656,1001701,1001701.0656,EQC 2/17 Kowhai St,"EQC Claim 2017/010656 - EQC Land damage assessment at 2/17 Kowhai Street, Naenae, Lower Hutt - Kaikoura November 2016 EQ event.",,2017-06-28,CH,Elyse Armstrong,174.954744,-41.192914,Lower Hutt City,True,
1001701.1879,1001701,1001701.1879,EQC 13 Woodvale Grv,"EQC Claim 2017/011879 - EQC Land damage assessment at 13 Woodvale grove, Fairfield, Lower Hutt - Kaikoura November 2016 EQ event.",,2017-06-28,CH,Elyse Armstrong,174.93791,-41.211243,Lower Hutt City,True,2013
1001710.0131,1001710,1001710.0131,"EQC 5 Edgeware Road, Wilton","EQC 5 Edgeware Road, Wilton, Wellington NZL-  North Island  Wellington May 2017 Storm Event",,2017-06-28,WN,Robert Frost,174.766581,-41.267969,Wellington City,True,
1001710.0134,1001710,1001710.0134,"EQC 26 Oban Street, Wadestown","EQC 26 Oban Street, Wadestown, Wellington NZL-  North Island  Wellington May 2017 Storm Event",,2017-06-28,WN,Robert Frost,174.77844,-41.262504,Wellington City,True,
1001710.0144,1001710,1001710.0144,"EQC 44 Shelly Bay Road, Maupuia","EQC  44 Shelly Bay Road, Maupuia, Wellington NZL-  North Island  Wellington May 2017 Storm Event",,2017-06-28,WN,Robert Frost,174.812762,-41.311599,Wellington City,True,
1001710.0172,1001710,1001710.0172,"EQC 80 Rakau Road, Hataitai","EQC 80 Rakau Road, Hataitai, Wellington NZL-  North Island  Wellington May 2017 Storm Event",,2017-06-28,WN,Robert Frost,174.795995,-41.300839,Wellington City,True,
1001710.0193,1001710,1001710.0193,"EQC 78 Rakau Road, Hataitai","EQC 78 Rakau Road, Hataitai, Wellington NZL-  North Island  Wellington May 2017 Storm Event",,2017-06-28,WN,Robert Frost,174.795801,-41.300547,Wellington City,True,
1011601.7216,1011601,1011601.7216,EQC 65 Garden Rd,"EQC Claim 2016/017216 - EQC Land damage assessment at 65 Garden Road, Northland, Wellington - Kaikoura November 2016 EQ event.",,2017-06-28,CH,Nick Peters,174.762928,-41.281755,Wellington City,True,
1011601.7316,1011601,1011601.7316,EQC 11 Onehuka Rd,"EQC Claim 2016/017316 - EQC Land damage assessment at 11 Onehuka Road, Tirohanga, Lower Hutt - Kaikoura November 2016 EQ event.",,2017-06-28,CH,Elyse Armstrong,174.907563,-41.201218,Lower Hutt City,True,
1011601.7692,1011601,1011601.7692,EQC 21 Anne St,"EQC Claim 2016/017692 - EQC Land damage assessment at 21 Anne Street, Wadestown, Wellington - Kaikoura November 2016 EQ event.",,2017-06-28,CH,Elyse Armstrong,174.781393,-41.262299,Wellington City,True,
1011601.8054,1011601,1011601.8054,"EQC 16 Cherry Ave, Enner Glynn, Nelson","EQC Claim 2016/018054 - EQC Land damage assessment at 16 Cherry Avenue, Enner Glynn, Nelson - Kaikoura November 2016 EQ event.",,2017-06-28,CH,Nick Peters,173.252235,-41.308145,,False,2016
1011602.0047,1011602,1011602.0047,EQC 32 Ariki Rd,"EQC Claim 2016/020047 - EQC Land damage assessment at 32 Ariki Road, Hataitai, Wellington - Kaikoura November 2016 EQ event.",,2017-06-28,CH,Nick Peters,174.798878,-41.297344,Wellington City,True,
1011602.0491,1011602,1011602.0491,EQC 33 Bedford St,"EQC Claim 2016/020491 - EQC Land damage assessment at 33 Bedford Street, Northland, Wellington - Kaikoura November 2016 EQ event.",,2017-06-28,CH,Nick Peters,174.760676,-41.274729,Wellington City,True,
1011602.1566,1011602,1011602.1566,EQC 16A Wyndrum Ave,"EQC Claim 2016/021566 - EQC Land damage assessment at 16A Wyndrum Avenue, Waterloo, Lower Hutt - Kaikoura November 2016 EQ event.",,2017-06-28,CH,Nick Peters,174.937285,-41.213293,Lower Hutt City,True,
1011602.3849,1011602,1011602.3849,"EQC 104 Arapiki Rd, Stoke, Nelson","EQC Claim 2016/023849 - EQC Land damage assessment at 104 Arapiki Road, Stoke, Nelson - Kaikoura November 2016 EQ event.",,2017-06-28,CH,Nick Peters,173.2482,-41.31042,,False,
1011602.5135,1011602,1011602.5135,EQC 19 Kahikatea Grv,"EQC Claim 2016/025135 - EQC Land damage assessment at 19 Kahikatea Grove, Paparangi, Wellington - Kaikoura November 2016 EQ event.",,2017-06-28,CH,Nick Peters,174.821486,-41.21992,Wellington City,True,
1011602.5631,1011602,1011602.5631,EQC 30 Parklands Dr,"EQC Claim 2016/025631 - EQC Land damage assessment at 30 Parklands Drive, Karori, Wellington - Kaikoura November 2016 EQ event.",,2017-06-28,CH,Nick Peters,174.725342,-41.291273,Wellington City,True,
1011602.5938,1011602,1011602.5938,EQC 22 Central Ter,"EQC Claim 2016/025938 - EQC Land damage assessment at 22 Central Terrace, Kelburn, Wellington - Kaikoura November 2016 EQ event.",,2017-06-28,CH,Elyse Armstrong,174.766119,-41.288869,Wellington City,True,
1011603.0176,1011603,1011603.0176,EQC 45 Palliser Rd,"EQC Claim 2016/030176 - EQC Land damage assessment at 45 Palliser Road, Roseneath, Wellington - Kaikoura November 2016 EQ event.",,2017-06-28,CH,Nick Peters,174.797472,-41.29408,Wellington City,True,
1011603.1780,1011603,1011603.1780,EQC 232A Buckley Rd,"EQC Claim 2016/031780 - EQC Land damage assessment at 232A Buckley Road, Southgate, Wellington - Kaikoura November 2016 EQ event.",,2017-06-28,CH,Nick Peters,174.778593,-41.343414,Wellington City,True,
1011603.2555,1011603,1011603.2555,EQC 16 Harrold St,"EQC Claim 2016/032555 - EQC Land damage assessment at 16 Harrold Street, Highbury, Wellington - Kaikoura November 2016 EQ event.",,2017-06-28,CH,Nick Peters,174.758961,-41.291791,Wellington City,True,2016
1011603.4466,1011603,1011603.4466,EQC 90 Otaki St,"EQC Claim 2016/034466 - EQC Land damage assessment at 90 Otaki Street, Miramar, Wellington - Kaikoura November 2016 EQ event.",,2017-06-28,CH,Nick Peters,174.823028,-41.318552,Wellington City,True,
1011603.4836,1011603,1011603.4836,EQC 6 Ruahine St,"EQC Claim 2016/034836 - EQC Land damage assessment at 6 Ruahine Street, Hataitai, Wellington - Kaikoura November 2016 EQ event.",,2017-06-28,CH,Nick Peters,174.792011,-41.308397,Wellington City,True,
0086159.6070,0086159,86159.6070,EQC Macfarlane Street Legal,"Provide evidence and witness support to EQC /Chapman Tripp on litigation claim at 21 McFarlane St / 118 Oriental Parade, Wellington",,2017-06-29,WN,Nick Peters,174.78871983700003,-41.292012693999936,Wellington City,True,
1001700.3249,1001700,1001700.3249,EQC 4 Duncan St,"EQC Claim 2017/003249 - EQC Land damage assessment at 4 Duncan Street, Tawa, Wellington - Kaikoura November 2016 earthquake event.",,2017-06-30,CH,Elyse Armstrong,174.828051,-41.173353,Wellington City,True,
1001700.6913,1001700,1001700.6913,EQC 28A Collier Ave,"EQC Claim 2017/006913 - EQC Land damage assessment at 28A Collier Avenue, Karori, Wellington - Kaikoura November 2016 earthquake event.",,2017-06-30,CH,Elyse Armstrong,174.726944,-41.287699,Wellington City,True,
1001700.7026,1001700,1001700.7026,EQC 53 Waiho Ter,"EQC Claim 2017/007026 - EQC Land damage assessment at 53 Waiho Terrace, Elsdon, Porirua - Kaikoura November 2016 earthquake event.",,2017-06-30,CH,Nick Peters,174.827038,-41.13193,Porirua City,True,
1001700.7032,1001700,1001700.7032,EQC 51 Waiho Ter,"EQC Claim 2017/007032 - EQC Land damage assessment at 51 Waiho Terrace, Elsdon, Porirua - Kaikoura November 2016 earthquake event.",,2017-06-30,CH,Nick Peters,174.826615,-41.132035,Porirua City,True,
1001700.7962,1001700,1001700.7962,EQC 17 Apple Ter,"EQC Claim 2017/007962 - EQC Land damage assessment at 17 Apple Terrace, Ranui, Porirua- Kaikoura November 2016 earthquake event.",,2017-06-30,CH,Nick Peters,174.845028,-41.146854,Porirua City,True,
1001700.8127,1001700,1001700.8127,EQC 30A Collier Ave,"EQC Claim 2017/008127 - EQC Land damage assessment at 30A Collier Avenue, Karori, Wellington - Kaikoura November 2016 earthquake event.",,2017-06-30,CH,Nick Peters,174.726728,-41.287785,Wellington City,True,
1001700.8593,1001700,1001700.8593,EQC 51 Handyside St,"EQC Claim 2017/008593 - EQC Land damage assessment at 51 Handyside Street, Tawa Wellington - Kaikoura November 2016 earthquake event.",,2017-06-30,CH,Nick Peters,174.834348,-41.153377,Wellington City,True,
1001701.0469,1001701,1001701.0469,EQC 20 Postgate Dr,"EQC Claim 2017/010469 - EQC Land damage assessment at 20 Postgate Drive, Whitby, Porirua- Kaikoura November 2016 earthquake event.",,2017-06-30,CH,Nick Peters,174.879797,-41.107123,Porirua City,True,
1011602.5946,1011602,1011602.5946,EQC 30 Collier Avenue,"EQC Claim 2016/025946 - EQC Land damage assessment at 30 Collier Avenue, Karori, Wellington - Kaikoura November 2016 earthquake event.",,2017-06-30,CH,Elyse Armstrong,174.726822,-41.288012,Wellington City,True,
1011602.8075,1011602,1011602.8075,EQC 26 Valley Rd,"EQC Claim 2016/028075 - EQC Land damage assessment at 26 Valley Road, Goose Bay - Kaikoura November 2016 earthquake event.",,2017-06-30,CH,Elyse Armstrong,173.52564,-42.477987,,False,
1011603.1998,1011603,1011603.1998,EQC 14 Newcombe Cres,"EQC Claim 2016/031998 - EQC Land damage assessment at 14 Newcombe Crescent, Karori, Wellington - Kaikoura November 2016 earthquake event.",,2017-06-30,CH,Nick Peters,174.741239,-41.282289,Wellington City,True,
1011603.2337,1011603,1011603.2337,EQC 35 Kahu Rd,"EQC Claim 2016/032337 - EQC Land damage assessment at 35 Kahu Road, Paremata  - Kaikoura November 2016 earthquake event.",,2017-06-30,CH,Nick Peters,174.874044,-41.107246,Porirua City,True,
1001701.9738,1001701,1001701.9738,"EQC 78 Arapiki Rd, Stoke","EQC Claim 2017-019738 - EQC Land damage assessment at78 Arapiki Road, Stoke, Nelson - Kaikoura November 2016 EQ event.",,2017-07-02,CH,Nick Peters,173.247633,-41.309548,,False,
1011602.2327,1011602,1011602.2327,EQC 25A Coates St,"EQC Claim 2016/022327 - EQC Land damage assessment at 25A Coates Street, Tawa, Wellington - Kaikoura November 2016 EQ event.",,2017-07-02,CH,Elyse Armstrong,174.836227,-41.154949,Wellington City,True,
1011602.4369,1011602,1011602.4369,"EQC 26 Arapiki Rd, Stoke","EQC Claim 2016/024369 - EQC Land damage assessment at 26 Arapiki Road, Stoke, Nelson  - Kaikoura November 2016 EQ event.",,2017-07-02,CH,Nick Peters,173.243913,-41.307506,,False,
1011602.7583,1011602,1011602.7583,EQC 27 Friend St,"EQC Claim 2016/027583 - EQC Land damage assessment at 27 Friend Street, Karori, Wellington - Kaikoura November 2016 EQ event.",,2017-07-02,CH,Nick Peters,174.741428,-41.28171,Wellington City,True,
1001700.1082,1001700,1001700.1082,EQC 148 Evans Bay Pde,"EQC Claim 2017/001082 - EQC Land damage assessment at 148 Evans Bay Parade, Roseneath, Wellington - Kaikoura November 2016 earthquake event.",,2017-07-03,CH,Elyse Armstrong,174.803345,-41.294829,Wellington City,True,
1001700.2333,1001700,1001700.2333,"EQC 6 Athol St, Glenduan, Nelson","EQC Claim 2017/002333 -  EQC Land damage assessment at 6 Athol Street, Glenduan, Nelson - Kaikoura November 2016 earthquake event.",,2017-07-03,CH,Elyse Armstrong,173.362838,-41.188574,,False,
1001700.2354,1001700,1001700.2354,EQC 23 Foster Cres,"EQC Claim 2017/002354 - EQC Land damage assessment at 23 Foster Crescent, Belmont, Lower Hutt - Kaikoura November 2016 earthquake event.",,2017-07-03,CH,Elyse Armstrong,174.921658,-41.186323,Lower Hutt City,True,
1001700.3681,1001700,1001700.3681,EQC 10 Oriental Ter,"EQC Claim 2017/003681 -  EQC Land damage assessment at 10 Oriental Terrace, Oriental Bay, Wellington - Kaikoura November 2016 earthquake event.",,2017-07-03,CH,Elyse Armstrong,174.791571,-41.292252,Wellington City,True,
1001700.3897,1001700,1001700.3897,EQC 22 Albert St,"EQC Claim 2017/003897 -  EQC Land damage assessment at 22 Albert Street, Island Bay, Wellington - Kaikoura November 2016 earthquake event.",,2017-07-03,CH,Nick Peters,174.777417,-41.339498,Wellington City,True,
1001700.4197,1001700,1001700.4197,"EQC 11 Chamberlain St, Tahunanui, Nelson","EQC Claim 2017/004197 - EQC Land damage assessment at 11 Chamberlain Street, Tahunanui, Nelson - Kaikoura November 2016 earthquake event.",,2017-07-03,CH,Nick Peters,173.249392,-41.289724,,False,
1001700.5181,1001700,1001700.5181,"EQC 1/8 Amelia Cres, Waikawa, Picton","EQC Claim 2017/005181 -  EQC Land damage assessment at1/8 Amelia Crescent, Waikawa, Picton - Kaikoura November 2016 earthquake event.",,2017-07-03,CH,Nick Peters,174.049571,-41.267342,,False,
1001700.5292,1001700,1001700.5292,EQC 17 Caribou Pl,"EQC Claim 2017/005292 -  EQC Land damage assessment at 17 Caribou Place, Kingston, Wellington - Kaikoura November 2016 earthquake event.",,2017-07-03,CH,Nick Peters,174.763745,-41.32311,Wellington City,True,
1001700.5536,1001700,1001700.5536,EQC 138 Glenmore St,"EQC Claim 2017/005536 -  EQC Land damage assessment at 138 Glenmore Street, Kelburn, Wellington - Kaikoura November 2016 earthquake event.",,2017-07-03,CH,Nick Peters,174.759183,-41.285063,Wellington City,True,
1001700.5688,1001700,1001700.5688,EQC 16 Spenmoor St,"EQC Claim 2017/005688 -  EQC Land damage assessment at 16 Spenmoor Street, Newlands, Wellington - Kaikoura November 2016 earthquake event.",,2017-07-03,CH,Nick Peters,174.816172,-41.231292,Wellington City,True,2016
1001700.6795,1001700,1001700.6795,EQC 16 Bermer Rd,"EQC Claim 2017/006795 - EQC Land damage assessment at 16 Bermer Road, Belmont, Lower Hutt - Kaikoura November 2016 earthquake event.",,2017-07-03,CH,Nick Peters,174.915571,-41.186074,Lower Hutt City,True,2016
1001700.8884,1001700,1001700.8884,EQC 16 Eastview Grv,"EQC Claim 2017/008884 - EQC Land damage assessment at 16 Eastview Grove, Normandale, Lower Hutt - Kaikoura November 2016 earthquake event.",,2017-07-03,CH,Nick Peters,174.890524,-41.203586,Lower Hutt City,True,2016
1001701.2862,1001701,1001701.2862,EQC 106 Seddon St,"EQC Claim 2017-012862 -  EQC Land damage assessment at 106 Deddon Street, Naenae, Lower Hutt  - Kaikoura November 2016 earthquake event.",,2017-07-03,CH,Nick Peters,174.952592,-41.211238,Lower Hutt City,True,
1001701.4351,1001701,1001701.4351,EQC 7 Holmes Grv,"EQC Claim 2017/014351 - EQC Land damage assessment at 7 Holmes Grove, Naenae, Lower Hutt - Kaikoura November 2016 earthquake event.",,2017-07-03,CH,Elyse Armstrong,174.949491,-41.214361,Lower Hutt City,True,
1011601.8020,1011601,1011601.8020,EQC 97 Holloway Rd,"EQC Claim 2016/018020 - EQC Land damage assessment at 97 Holloway Road, Aro Valley, Wellington - Kaikoura November 2016 earthquake event.",,2017-07-03,CH,Nick Peters,174.75679,-41.29736,Wellington City,True,
1011602.0530,1011602,1011602.0530,EQC 130 Inland Rd,"EQC Claim 2016/020530 - EQC Land damage assessment at 130 Inland Road, Waiau  - Kaikoura November 2016 EQ event.",,2017-07-03,CH,Nick Peters,173.060313,-42.639161,,False,
1011602.0845,1011602,1011602.0845,EQC 3 Tanera Cres,"EQC Claim 2016/020845 - EQC Land damage assessment at 3 Tanera Crescent, Brooklyn, Wellington - Kaikoura November 2016 earthquake event.",,2017-07-03,CH,Nick Peters,174.764566,-41.300544,Wellington City,True,
1011602.1991,1011602,1011602.1991,"EQC 565 Rocks Rd, Moana, Nelson","EQC Claim 2016/021991 - EQC Land damage assessment at 565 Rocks Road, Moana, Nelson - Kaikoura November 2016 earthquake event.",,2017-07-03,CH,Nick Peters,173.255028,-41.277554,,False,
1011602.2084,1011602,1011602.2084,EQC 14A Hawthorn Cres,"EQC Claim 2016/022084 - EQC Land damage assessment at 14A Hawthorn Crescent, Stokes Valley, Lower Hutt - Kaikoura November 2016 earthquake event.",,2017-07-03,CH,Nick Peters,174.984859,-41.172753,Lower Hutt City,True,
1011602.2448,1011602,1011602.2448,EQC 35 Fraser St,"EQC Claim 2016/022448 -  EQC Land damage assessment at 35 Fraser Street, Waimuiomata, Lower Hutt - Kaikoura November 2016 earthquake event.",,2017-07-03,CH,Nick Peters,174.943908,-41.263248,Lower Hutt City,True,
1011602.3824,1011602,1011602.3824,EQC 94 Oban St,"EQC Claim 2016/023824 - EQC Land damage assessment at 94 Oban Street, Wadestown, Wellington - Kaikoura November 2016 earthquake event.",,2017-07-03,CH,Nick Peters,174.778385,-41.258448,Wellington City,True,
1011602.4282,1011602,1011602.4282,EQC 10 Dallas Ct,"EQC Claim 2016/024282 -  EQC Land damage assessment at 10 Dallas Court, Miramar, Wellington  - Kaikoura November 2016 earthquake event.",,2017-07-03,CH,Nick Peters,174.822171,-41.321655,Wellington City,True,
1011602.4547,1011602,1011602.4547,"EQC 45 Kingsford Dr, Stoke, Nelson","EQC Claim 2016/024547 - EQC Land damage assessment at 45 Kingsford Drive, Stoke, Nelson - Kaikoura November 2016 earthquake event.",,2017-07-03,CH,Elyse Armstrong,173.224248,-41.325772,,False,
1011602.4833,1011602,1011602.4833,EQC 8 Jonathan Way,"EQC Claim 2016/024833 - EQC Land damage assessment at 8 Jonathan Way, Paparangi, Wellington - Kaikoura November 2016 earthquake event.",,2017-07-03,CH,Nick Peters,174.816783,-41.2169,Wellington City,True,
1011602.5020,1011602,1011602.5020,EQC 7 Ngahere St,"EQC Claim 2016/025020 -  EQC Land damage assessment at7 Ngahere Street, Stokes Valley, Lower Hutt - Kaikoura November 2016 earthquake event.",,2017-07-03,CH,Nick Peters,174.994942,-41.17735,Lower Hutt City,True,
1011602.7825,1011602,1011602.7825,EQC 4 Magnolia Grv,"EQC Claim 2016/027825 -  EQC Land damage assessment at 4 Magnolia Grove, Maungaraki, Lower Hutt - Kaikoura November 2016 earthquake event.",,2017-07-03,CH,Nick Peters,174.879906,-41.215135,Lower Hutt City,True,
1011602.8763,1011602,1011602.8763,EQC 29 Skevingtons Rd,"EQC Claim 2016/028763 - EQC Land damage assessment at 29 Skevingtons Road, Hapuku, Kaikoura - Kaikoura November 2016 EQ event.",,2017-07-03,CH,Nick Peters,173.695527,-42.341342,,False,
1011603.0201,1011603,1011603.0201,EQC 11 Dallas Ct,"EQC Claim 2016/030201 - EQC Land damage assessment at 11 Dallas Court, Miramar, Wellington - Kaikoura November 2016 earthquake event.",,2017-07-03,CH,Nick Peters,174.821904,-41.321675,Wellington City,True,
1011603.0800,1011603,1011603.0800,EQC 4 Monro St,"EQC Claim 2016/030800 -  EQC Land damage assessment at 4 Monro Street, Seatoun, Wellington - Kaikoura November 2016 earthquake event.",,2017-07-03,CH,Nick Peters,174.833873,-41.322545,Wellington City,True,
1011603.1131,1011603,1011603.1131,"EQC 212 Hill St, Richmond","EQC Claim 2016/031131 - EQC Land damage assessment at 212 Hill Street, Richmond - Kaikoura November 2016 earthquake event.",,2017-07-03,CH,Nick Peters,173.195196,-41.347522,,False,
1011603.1926,1011603,1011603.1926,EQC 166 Oban St,"EQC Claim 2016/031926 -  EQC Land damage assessment at 166 Oban Street, Wadestown, Wellington - Kaikoura November 2016 earthquake event.",,2017-07-03,CH,Nick Peters,174.775978,-41.259561,Wellington City,True,
1011603.2227,1011603,1011603.2227,EQC 186 Hanson St,"EQC Claim 2016/032227 - EQC Land damage assessment at 186 Hanson Street, Newtown, Wellington - Kaikoura November 2016 earthquake event.",,2017-07-03,CH,Nick Peters,174.774452,-41.312466,Wellington City,True,
1011603.4606,1011603,1011603.4606,EQC 76 Mortimer Ter,"EQC Claim 2016/034606 -  EQC Land damage assessment at 76 Mortimer Terrace, Brooklyn, Wellington - Kaikoura November 2016 earthquake event.",,2017-07-03,CH,Nick Peters,174.762178,-41.298637,Wellington City,True,
1011603.5897,1011603,1011603.5897,EQC 39 Onslow Rd,"EQC Claim 2016/035897 -  EQC Land damage assessment at 39 Onslow Road, Khandallah, Wellington - Kaikoura November 2016 earthquake event.",,2017-07-03,CH,Nick Peters,174.803188,-41.250405,Wellington City,True,
1011603.5960,1011603,1011603.5960,EQC 10 Melrose Rd,"EQC Claim 2016/035960 -  EQC Land damage assessment at 10 Melrose Road, Island Bay, Wellington - Kaikoura November 2016 earthquake event.",,2017-07-03,CH,Nick Peters,174.777143,-41.338412,Wellington City,True,
1001700.3548,1001700,1001700.3548,EQC 30 Homewood Cres,"EQC Claim 2017/003548 - EQC Land damage assessment at 30 Homewood Crescent, Karori, Wellington - Kaikoura November 2016 EQ event.",,2017-07-04,CH,Elyse Armstrong,174.746504,-41.277875,Wellington City,True,
1001700.4488,1001700,1001700.4488,"EQC 2288 Queen Charlotte Dr, Ngakuta Bay","EQC Claim 2017/004488 - EQC Land damage assessment at 2288 Queen Charlotte Drive, Ngakuta Bay, Picton - Kaikoura November 2016 EQ event.",,2017-07-04,CH,Nick Peters,173.961041,-41.27392,,False,
1001700.4854,1001700,1001700.4854,EQC 13 Aorangi Ter,"EQC Claim 2017/004854 - EQC Land damage assessment at 13 Aorangi Terrace, Thorndon, Wellington - Kaikoura November 2016 EQ event.",,2017-07-04,CH,Nick Peters,174.773572,-41.274246,Wellington City,True,2013
1001700.7004,1001700,1001700.7004,EQC 39 Dalton Grv,"EQC Claim 2017/007004 - EQC Land damage assessment at 39 Dalton Grove, Stokes Valley, Lower Hutt- Kaikoura November 2016 EQ event.",,2017-07-04,CH,Elyse Armstrong,174.986323,-41.185351,Lower Hutt City,True,
1001700.8380,1001700,1001700.8380,EQC 35 Arawa Rd,"EQC Claim 2017/008380 - EQC Land damage assessment at 35 Arawa Road, Hataitai, Wellington - Kaikoura November 2016 EQ event.",,2017-07-04,CH,Nick Peters,174.80177,-41.299728,Wellington City,True,
1011601.8483,1011601,1011601.8483,EQC 29 Onehuka Rd,"EQC Claim 2016/018483 - EQC Land damage assessment at 29 Onehuka Road, Tirohanga, Lower Hutt  - Kaikoura November 2016 EQ event.",,2017-07-04,CH,Nick Peters,174.906639,-41.201301,Lower Hutt City,True,
1011601.9298,1011601,1011601.9298,EQC 78 Tirohanga Rd,"EQC Claim 2016/019298 - EQC Land damage assessment at 78 Tirohanga Road, Lower Hutt - Kaikoura November 2016 EQ event.",,2017-07-04,CH,Nick Peters,174.905729,-41.199117,Lower Hutt City,True,
1011602.4294,1011602,1011602.4294,EQC 11 Mills Rd,"EQC Claim 2016/024294 - EQC Land damage assessment at 11 Mills Road, Brooklyn, Wellington - Kaikoura November 2016 EQ event.",,2017-07-04,CH,Nick Peters,174.766492,-41.31118,Wellington City,True,
1011602.6084,1011602,1011602.6084,EQC 1 Rutland Way,"EQC Claim 2016/026084 - EQC Land damage assessment at 1 Rutland Way, Wadestown, Wellington - Kaikoura November 2016 EQ event.",,2017-07-04,CH,Nick Peters,174.766662,-41.265468,Wellington City,True,
1011602.6505,1011602,1011602.6505,"EQC 31 Gee St, Renwick","EQC Claim 2016/026505 - EQC Land damage assessment at 31 Gee Street, Renwick  - Kaikoura November 2016 EQ event.",,2017-07-04,CH,Nick Peters,173.819677,-41.507153,,False,
1011602.9364,1011602,1011602.9364,"EQC 102 Princess Dr, Britannia Heights,","EQC Claim 2016/029364 - EQC Land damage assessment at 102 Princess Drive, Britannia Heights, Nelson - Kaikoura November 2016 EQ event.",,2017-07-04,CH,Nick Peters,173.26227,-41.273566,,False,
1011603.6165,1011603,1011603.6165,"EQC 567 Waimea Rd, Annesbrook, Nelson","EQC Claim 2016/036165 - EQC Land damage assessment at 567 Waimea Road, Annesbrook, Nelson - Kaikoura November 2016 EQ event.",,2017-07-04,CH,Nick Peters,173.244309,-41.302789,,False,
1011603.6292,1011603,1011603.6292,EQC 54 Manuka St,"EQC Claim 2016/036292 - EQC Land damage assessment at 54 Manuka Street, Stokes Valley, Lower Hutt - Kaikoura November 2016 EQ event.",,2017-07-04,CH,Nick Peters,174.986292,-41.185057,Lower Hutt City,True,
1001700.0635,1001700,1001700.0635,EQC 14B Imran Ter,"EQC Claim 2017/000635 - EQC Land damage assessment at 14B Imran Terrace, Khandallah, Wellington - Kaikoura November 2016 EQ event.",,2017-07-06,CH,Elyse Armstrong,174.799417,-41.241449,Wellington City,True,
1001700.0975,1001700,1001700.0975,EQC 2 St Edmund Cres,"EQC Claim 2017/000975 - EQC Land damage assessment at 2 St Edmund Crescent, Tawa, Wellington - Kaikoura November 2016 EQ event.",,2017-07-06,CH,Elyse Armstrong,174.820229,-41.180516,Wellington City,True,
1001700.1090,1001700,1001700.1090,EQC 379 Stokes Valley Rd,"EQC Claim 2017/001090 - EQC Land damage assessment at 379 Stokes Valley Road, Stokes Valley, Lower Hutt - Kaikoura November 2016 EQ event.",,2017-07-06,CH,Elyse Armstrong,174.983227,-41.185786,Lower Hutt City,True,
1001700.4120,1001700,1001700.4120,EQC 12 Wilson Grv,"EQC Claim 2017/004120 - EQC Land damage assessment at 12 Wilson Grove, Normandale, Lower Hutt - Kaikoura November 2016 EQ event.",,2017-07-06,CH,Nick Peters,174.890505,-41.198671,Lower Hutt City,True,
1001700.4718,1001700,1001700.4718,EQC 17 & 17A Baffin Grv,"EQC Claim 2017/004718 - EQC Land damage assessment at 17 & 17A Baffin Grove, Kingston, Wellington - Kaikoura November 2016 EQ event.",,2017-07-06,CH,Nick Peters,174.762613,-41.319982,Wellington City,True,
1001700.4802,1001700,1001700.4802,EQC 38 Mortimer Ter,"EQC Claim 2017/004802 - EQC Land damage assessment at 38 Mortimer Terrace, Aro Valley, Wellington - Kaikoura November 2016 EQ event.",,2017-07-06,CH,Nick Peters,174.763611,-41.296658,Wellington City,True,
1001700.5035,1001700,1001700.5035,EQC 4 Wilkinson St,"EQC Claim 2017/005035 - EQC Land damage assessment at 4 Wilkinson Street, Oriental Bay, Wellington - Kaikoura November 2016 EQ event.",,2017-07-06,CH,Nick Peters,174.797475,-41.291509,Wellington City,True,
1001710.0326,1001710,1001710.0326,"EQC 66 Maida Vale Road, Roseneath","EQC 66 Maida Vale Road, Roseneath, Wellington NZL-  North Island  Wellington May 2017 Storm Event",,2017-07-06,WN,Robert Frost,174.802264,-41.290589,Wellington City,True,
1011601.9442,1011601,1011601.9442,EQC 46 Ariki Rd,"EQC Claim 2016/019442 - EQC Land damage assessment at 46 Ariki Road, Hataitai, Wellington - Kaikoura November 2016 EQ event.",,2017-07-06,CH,Nick Peters,174.797908,-41.298405,Wellington City,True,
1011602.3364,1011602,1011602.3364,EQC 34 Rimu St,"EQC Claim 2016/023364 - EQC Land damage assessment at 34 Rimu Street, Waikanae - Kaikoura November 2016 EQ event.",,2017-07-06,CH,Elyse Armstrong,175.055705,-40.874526,,False,
1011602.4191,1011602,1011602.4191,EQC 220 Sutherland Rd,"EQC Claim 2016/024191 - EQC Land damage assessment at 220 Sutherland Road, Lyall Bay, Wellington - Kaikoura November 2016 EQ event.",,2017-07-06,CH,Nick Peters,174.790038,-41.331315,Wellington City,True,
1011602.7162,1011602,1011602.7162,"EQC 3099 State Highway 1, Riverlands","EQC Claim 2016/027162 - EQC Land damage assessment at 3099 State Highway 1, Riverlands - Kaikoura November 2016 EQ event.",,2017-07-06,CH,Nick Peters,173.982647,-41.520821,,False,
1011602.7541,1011602,1011602.7541,EQC 8 Belmont Ter,"EQC Claim 2016/027541 - EQC Land damage assessment at 8 Belmont Terrace, Belmont, Lower Hutt - Kaikoura November 2016 EQ event.",,2017-07-06,CH,Nick Peters,174.925235,-41.190278,Lower Hutt City,True,
1011602.8466,1011602,1011602.8466,EQC 7 Tamar St,"EQC Claim 2016-028466 - EQC Land damage assessment at 7 Tamar Street, Island Bay, Wellington - Kaikoura November 2016 EQ event.",,2017-07-06,CH,Elyse Armstrong,174.775917,-41.331602,Wellington City,True,
1011602.8654,1011602,1011602.8654,EQC 463 Ohiro Rd,"EQC Claim 2016/028654 - EQC Land damage assessment at 463 Ohiro Road, Brooklyn, Wellington - Kaikoura November 2016 EQ event.",,2017-07-06,CH,Nick Peters,174.760517,-41.32096,Wellington City,True,
1011602.9434,1011602,1011602.9434,EQC 168 Rosetta Rd,"EQC Claim 2016-029434 - EQC Land damage assessment at 168 Rosetta Road, Raumati South, Paraparaumu - Kaikoura November 2016 EQ event.",,2017-07-06,CH,Elyse Armstrong,174.978168,-40.928524,,False,
1011603.0647,1011603,1011603.0647,EQC 64 Hobson St,"EQC Claim 2016/030647 - EQC Land damage assessment at 64 Hobson Street, Thorndon, Wellington - Kaikoura November 2016 EQ event.",,2017-07-06,CH,Nick Peters,174.780775,-41.271919,Wellington City,True,
1011603.4277,1011603,1011603.4277,EQC 2 Raupo St,"EQC Claim 2016-034277 - EQC Land damage assessment at 2 Raupo Street, Hataitai, Wellington - Kaikoura November 2016 EQ event.",,2017-07-06,CH,Nick Peters,174.793239,-41.307774,Wellington City,True,
1001700.0312,1001700,1001700.0312,EQC 109 Horoeka St,"EQC Claim 2017/000312 - EQC Land damage assessment at 109 Horoeka Street, Stokes Valley, Lower Hutt - Kaikoura November 2016 EQ event.",,2017-07-07,CH,Elyse Armstrong,174.995577,-41.175692,Lower Hutt City,True,
1001700.3219,1001700,1001700.3219,EQC 5 Russo Ter,"EQC Claim 2017/003219 - EQC Land damage assessment at 5 Russo Terrace, Eastbourne, Lower Hutt - Kaikoura November 2016 EQ event.",,2017-07-07,CH,Elyse Armstrong,174.902743,-41.287035,Lower Hutt City,True,
1001701.2793,1001701,1001701.2793,EQC 13 Parkinson Close,"EQC Claim 2017/012793 - EQC Land damage assessment at 13 Parkinson Close, Whitby, Porirua- Kaikoura November 2016 EQ event.",,2017-07-07,CH,Nick Peters,174.879967,-41.116105,Porirua City,True,2013
1001701.3156,1001701,1001701.3156,EQC 10A Newburn Grv,"EQC Claim 2017/013156 - EQC Land damage assessment at 10A Newburn Grove, Wainuiomata, Lower Hutt - Kaikoura November 2016 EQ event.",,2017-07-07,CH,Elyse Armstrong,174.946048,-41.234725,Lower Hutt City,True,
1011602.1647,1011602,1011602.1647,"EQC 24 Arapiki Rd, Stoke, Nelson","EQC Claim 2016/021647 - EQC Land damage assessment at 24 Arapiki Rd, Stoke, Nelson - Kaikoura November 2016 earthquake event.",,2017-07-07,CH,Nick Peters,173.243417,-41.30735,,False,
1011602.2115,1011602,1011602.2115,"EQC 1/5 Konini St, Nelson South","EQC Claim 2016/022115 - EQC Land damage assessment at 1/5 Konini Street, Nelson South, Nelson - Kaikoura November 2016 earthquake event.",,2017-07-07,CH,Nick Peters,173.273876,-41.281355,,False,
1011602.2190,1011602,1011602.2190,EQC 10 Grey Ave,"EQC Claim 2016/022190 - EQC Land damage assessment at 10 Gray Avenue, Paraparaumu Beach, Paraparaumu - Kaikoura November 2016 EQ event.",,2017-07-07,CH,Nick Peters,174.991664,-40.893872,,False,
1011602.2547,1011602,1011602.2547,"EQC 27 Strathaven Pl, Atawhai, Nelson","EQC Claim 2016/022547 - EQC Land damage assessment at 27 Strathaven Pl, Atawhai, Nelson - Kaikoura November 2016 earthquake event.",,2017-07-07,CH,Nick Peters,173.328608,-41.242606,,False,
1011602.4158,1011602,1011602.4158,"EQC 53 Torlesse St, Enner Glynn, Nelson","EQC Claim 2016/024158 - EQC Land damage assessment at 53 Torlsesse St, Enner Glynn, Nelson - Kaikoura November 2016 earthquake event.",,2017-07-07,CH,Nick Peters,173.252193,-41.305497,,False,
1011602.5425,1011602,1011602.5425,EQC 9B Gandalf Cres,"EQC Claim 2016/025425 - EQC Land damage assessment at 9B Gandalf Crescent, Paraparaumu - Kaikoura November 2016 EQ event.",,2017-07-07,CH,Elyse Armstrong,175.001196,-40.902465,,False,
1011602.9387,1011602,1011602.9387,EQC 139 Champion St,"EQC Claim 2016/029387 - EQC Land damage assessment at 139 Champion Street, Cannons Creek, Porirua - Kaikoura November 2016 EQ event.",,2017-07-07,CH,Nick Peters,174.861718,-41.136093,Porirua City,True,
1011603.2127,1011603,1011603.2127,EQC 123 Maungaraki Rd,"EQC Claim 2016/032127 - EQC Land damage assessment at 123 Maungaraki Road, Korokoro, Lower Hutt - Kaikoura November 2016 EQ event.",,2017-07-07,CH,Elyse Armstrong,174.869029,-41.209,Lower Hutt City,True,
1011603.4076,1011603,1011603.4076,EQC 14 Nikau Rd,"EQC Claim 2016/034076 - EQC Land damage assessment at 14 Nikau Road, Point Howard, Lower Hutt - Kaikoura November 2016 EQ event.",,2017-07-07,CH,Elyse Armstrong,174.908116,-41.250914,Lower Hutt City,True,
1001700.0374,1001700,1001700.0374,EQC 55 Tireti Rd,"EQC Claim 2017/000374 - EQC Land damage assessment at 55 Tireti Road, Titahi Bay, Porirua - Kaikoura November 2016 EQ event.",,2017-07-10,CH,Elyse Armstrong,174.833361,-41.109508,Porirua City,True,
1001700.0615,1001700,1001700.0615,EQC 4A Ranikhet Way,"EQC Claim 2017/000615 - EQC Land damage assessment at 4A Ranikhet Way, Khandallah, Wellington - Kaikoura November 2016 EQ event.",,2017-07-10,CH,Elyse Armstrong,174.79185,-41.254708,Wellington City,True,
1001700.2555,1001700,1001700.2555,"EQC 35 Tresillian Ave, Marybank, Nelson","EQC Claim 2017/002555 - EQC Land damage assessment at 35 Tresillian Ave, Marybank, Nelson - Kaikoura November 2016 earthquake event.",,2017-07-10,CH,Elyse Armstrong,173.326027,-41.226009,,False,
1001700.2917,1001700,1001700.2917,"EQC 89 Hillwood Dr, Wakapuaka, Nelson","EQC Claim 2017/002917 - EQC Land damage assessment at 89 Hillwood Dr, Wakapuaka, Nelson - Kaikoura November 2016 earthquake event.",,2017-07-10,CH,Elyse Armstrong,173.369363,-41.216313,,False,
1001700.4395,1001700,1001700.4395,EQC 5 Governor Rd,"EQC Claim 2017/004395 - EQC Land damage assessment at 5 Governor Road, Northland, Wellington - Kaikoura November 2016 EQ event.",,2017-07-10,CH,Elyse Armstrong,174.757747,-41.284965,Wellington City,True,
1001700.5148,1001700,1001700.5148,EQC 29 Arawa Rd,"EQC Claim 2017-005148 - EQC Land damage assessment at 29 Arawa Road, Hataitai, Wellington - Kaikoura November 2016 EQ event.",,2017-07-10,CH,Nick Peters,174.801869,-41.299309,Wellington City,True,
1001700.5285,1001700,1001700.5285,EQC 36 Cleveland St,"EQC Claim 2017/005285 - EQC Land damage assessment at 36 Cleveland Street, Brooklyn, Wellington - Kaikoura November 2016 EQ event.",,2017-07-10,CH,Nick Peters,174.764759,-41.304782,Wellington City,True,
1001700.5634,1001700,1001700.5634,EQC 52 Moorhouse St,"EQC Claim 2017/005634 - EQC Land damage assessment at 52 Moorehouse Street, Wadestown, Wellington - Kaikoura November 2016 EQ event.",,2017-07-10,CH,Nick Peters,174.777453,-41.261849,Wellington City,True,
1001700.7554,1001700,1001700.7554,EQC 7 Rata St,"EQC Claim 2017/007554 - EQC Land damage assessment at 7 Rata Street, Wainuiomata, Lower Hutt - Kaikoura November 2016 EQ event.",,2017-07-10,CH,Elyse Armstrong,174.935977,-41.258081,Lower Hutt City,True,
1001700.8124,1001700,1001700.8124,EQC 80 Colletts Rd,"EQC Claim 2017/008124 - EQC Land damage assessment at 80 Colletts Road, Mangaroa, Upper Hutt - Kaikoura November 2016 EQ event.",,2017-07-10,CH,Nick Peters,175.127322,-41.123494,Upper Hutt City,True,
1001700.8775,1001700,1001700.8775,EQC 20 Melbourne Rd,"EQC Claim 2017/008775 - EQC Land damage assessment at 20 Melbourne Road, Island Bay, Wellington - Kaikoura November 2016 EQ event.",,2017-07-10,CH,Nick Peters,174.776074,-41.329734,Wellington City,True,
1001710.0123,1001710,1001710.0123,"EQC 4 Balfour Street, Mornington","EQC 4 Balfour Street, Mornington, Wellington NZL-  North Island  Wellington May 2017 Storm Event",,2017-07-10,WN,Robert Frost,174.769003,-41.31931,Wellington City,True,
1001710.0190,1001710,1001710.0190,"EQC 84 Overtoun Tce, Hataitai","EQC 84 Overtoun Tce, Hataitai, Wellington NZL-  North Island  Wellington May 2017 Storm Event",,2017-07-10,WN,Robert Frost,174.795616,-41.309209,Wellington City,True,
1001710.0274,1001710,1001710.0274,"EQC 42 Curtis Street, Northland","EQC 42 Curtis Street, Northland, Wellington NZL-  North Island  Wellington May 2017 Storm Event",,2017-07-10,WN,Robert Frost,174.753924,-41.282312,Wellington City,True,
1001710.0276,1001710,1001710.0276,"EQC 42a Glenmire Road, Newlands","EQC 42a Glenmire Road, Newlands, Wellington NZL-  North Island  Wellington May 2017 Storm Event",,2017-07-10,WN,Robert Frost,174.821222,-41.227781,Wellington City,True,
1001710.0278,1001710,1001710.0278,"EQC 4 Ludlam Street, Seatoun","EQC 4 Ludlam Street, Seatoun, Wellington NZL-  North Island  Wellington May 2017 Storm Event",,2017-07-10,WN,Robert Frost,174.828978,-41.32376,Wellington City,True,
1011601.6832,1011601,1011601.6832,EQC 21 Penny Ln,"EQC Claim 2016/016832 - EQC Land damage assessment at 21 Penny Lane, Silverstream, Upper Hutt - Kaikoura November 2016 EQ event.",,2017-07-10,CH,Nick Peters,175.007335,-41.155069,Upper Hutt City,True,
1011601.9713,1011601,1011601.9713,"EQC 142 Panorama Dr, Enner Glynn, Nelson","EQC Claim 2016/019713 - EQC Land damage assessment at 142 Panorama Dr, Enner Glynn, Nelson - Kaikoura November 2016 earthquake event.",,2017-07-10,CH,Nick Peters,173.247395,-41.313898,,False,
1011602.0517,1011602,1011602.0517,EQC 18 Eatwell Ave,"EQC Claim 2016/020517 - EQC Land damage assessment at 18 Eatwell Avenue, Paraparaumu Beach, Paraparaumu - Kaikoura November 2016 EQ event.",,2017-07-10,CH,Elyse Armstrong,174.988055,-40.893836,,False,
1011602.4263,1011602,1011602.4263,EQC 63C Sierra Way,"EQC Claim 2016/024263 - EQC Land damage assessment at 63C Sierra Way, Blue Mountains, Upper Hutt - Kaikoura November 2016 EQ event.",,2017-07-10,CH,Nick Peters,175.043547,-41.167745,Upper Hutt City,True,
1011602.5303,1011602,1011602.5303,EQC 111 Emerald Hill Dr,"EQC Claim 2016/025303 - EQC Land damage assessment at 111 Emerald Hill Drive, Birchville, Upper Hutt - Kaikoura November 2016 EQ event.",,2017-07-10,CH,Elyse Armstrong,175.104114,-41.099481,Upper Hutt City,True,
1011602.6383,1011602,1011602.6383,EQC 1/168 Moxham Ave,"EQC Claim 2016/026383 - EQC Land damage assessment at 1/168 Moxham Avenue, Hataitai, Wellington - Kaikoura November 2016 EQ event.",,2017-07-10,CH,Nick Peters,174.791251,-41.311121,Wellington City,True,
1011603.1734,1011603,1011603.1734,EQC 116A Wyndham Rd,"EQC Claim 2016/031734 - EQC Land damage assessment at 116A Wyndham Road, Pinehaven, Upper Hutt - Kaikoura November 2016 EQ event.",,2017-07-10,CH,Elyse Armstrong,175.010094,-41.163796,Upper Hutt City,True,
1011603.4319,1011603,1011603.4319,EQC 5 Wakely Rd,"EQC Claim 2016/034319 - EQC Land damage assessment at 5 Wakely Road, Newlands, Wellington - Kaikoura November 2016 EQ event.",,2017-07-10,CH,Nick Peters,174.81834,-41.230334,Wellington City,True,
1001700.0112,1001700,1001700.0112,EQC 95 Ayton Dr,"EQC Claim 2017/000112  - EQC Land damage assessment at 95 Ayton Drive, Whitby, Porirua - Kaikoura November 2016 EQ event.",,2017-07-11,CH,Elyse Armstrong,174.894412,-41.108474,Porirua City,True,
1001700.6746,1001700,1001700.6746,EQC 30 Henry St,"EQC Claim 2017/006746 - EQC Land damage assessment at 30 Henry Street, Kilbirnie, Wellington - Kaikoura November 2016 EQ event.",,2017-07-11,CH,Nick Peters,174.790846,-41.312724,Wellington City,True,
1011602.1083,1011602,1011602.1083,EQC 27 Edelweiss Grv,"EQC Claim 2016/021083  - EQC Land damage assessment at 27 Edelweiss Grove, Timberlea, Upper Hutt - Kaikoura November 2016 EQ event.",,2017-07-11,CH,Nick Peters,175.108723,-41.106756,Upper Hutt City,True,
1011602.1986,1011602,1011602.1986,EQC 39 Gordon Rd,"EQC Claim 2016/021986 - EQC Land damage assessment at 39 Gordon Road, Plimmerton, Porirua - Kaikoura November 2016 EQ event.",,2017-07-11,CH,Nick Peters,174.857352,-41.070529,Porirua City,True,
1011602.3166,1011602,1011602.3166,EQC 1-5 / 124 Campbell St,"EQC Claim 2016/023166  - EQC Land damage assessment at 1-5 / 124 Campbell Street, Karori, Wellington - Kaikoura November 2016 EQ event.",,2017-07-11,CH,Nick Peters,174.743531,-41.292847,Wellington City,True,
1011602.4198,1011602,1011602.4198,EQC 37 Mana Ave,"EQC Claim 2016-024198 - EQC Land damage assessment at 37 Mana Avenue, Titahi Bay, Porirua - Kaikoura November 2016 EQ event.",,2017-07-11,CH,Nick Peters,174.842194,-41.10852,Porirua City,True,
1011602.4786,1011602,1011602.4786,EQC 130 Discovery Dr,"EQC Claim 2016/024786 - EQC Land damage assessment at 130 Discovery Drive, Whitby, Porirua - Kaikoura November 2016 EQ event.",,2017-07-11,CH,Nick Peters,174.901331,-41.116539,Porirua City,True,
1011603.1854,1011603,1011603.1854,"EQC 27 Stephens Bay Rd, Kaiteriteri","EQC Claim 2016/031854 - EQC Land damage assessment at 27 Stephens Bay Road, Kaiteriteri, Motueka - Kaikoura November 2016 EQ event.",,2017-07-11,CH,Nick Peters,173.016243,-41.047666,,False,
1011603.2244,1011603,1011603.2244,EQC 53A Bayview Rd,"EQC Claim 2016/032244 - EQC Land damage assessment at 53A Bayview Road, Paremata - Kaikoura November 2016 EQ event.",,2017-07-11,CH,Nick Peters,174.875412,-41.104042,Porirua City,True,
1011603.4665,1011603,1011603.4665,EQC 1 Orihau Ter,"EQC Claim 2016/034665  - EQC Land damage assessment at 1 Orihau Terrace, Eastbourne, Lower Hutt - Kaikoura November 2016 EQ event.",,2017-07-11,CH,Nick Peters,174.902887,-41.286381,Lower Hutt City,True,
1011603.5415,1011603,1011603.5415,EQC 15A Norwich St,"EQC Claim 2016/035415 - EQC Land damage assessment at 15A Norwich Street, Wadestown, Wellington - Kaikoura November 2016 EQ event.",,2017-07-11,CH,Nick Peters,174.765527,-41.264936,Wellington City,True,
1001700.1434,1001700,1001700.1434,EQC 7 Goodwin Pl,"EQC Claim 2017/001434 - EQC Land damage assessment at 7 Goodwin Place, Pinehaven, Upper Hutt - Kaikoura November 2016 EQ event.",,2017-07-12,CH,Elyse Armstrong,175.017746,-41.158394,Upper Hutt City,True,
1001701.3887,1001701,1001701.3887,"EQC 68 Majoribanks Street, Mt Vic","EQC 68 Majoribanks Street, Mt Vic, Wellington NZL-  North Island  Wellington May 2017 Storm Event",,2017-07-12,WN,Robert Frost,174.787594,-41.295414,Wellington City,True,
1001701.5303,1001701,1001701.5303,"EQC 2025 SH1, Half Moon Bay","EQC Claim 2017/015303 - EQC Land damage assessment at 2025 SH1, Half Moon Bay, Kaikoura - Kaikoura November 2016 EQ event.",,2017-07-12,CH,Nick Peters,173.807663,-42.263316,,False,
1011602.4520,1011602,1011602.4520,EQC 15 Paparangi Cres,"EQC Claim 2016/024520 - EQC Land damage assessment at 15 Paparangi Crescent, Paparangi, Wellington - Kaikoura November 2016 EQ event.",,2017-07-12,CH,Nick Peters,174.817436,-41.218958,Wellington City,True,
1011602.7496,1011602,1011602.7496,EQC 58 Gray Ave,"EQC Claim 2016/027496 - EQC Land damage assessment at 58 Gray Avenue, Paraparaumu Beach, Paraparaumu - Kaikoura November 2016 EQ event.",,2017-07-12,CH,Nick Peters,174.994999,-40.891546,,False,
1011602.7897,1011602,1011602.7897,EQC 1-70/120 Rintoul St,"EQC Claim 2016/027897 - EQC Land damage assessment at 1-70/120 Rintoul Street, Newtown, Wellington - Kaikoura November 2016 EQ event.",,2017-07-12,CH,Nick Peters,174.777351,-41.316079,Wellington City,True,
1011603.2902,1011603,1011603.2902,EQC 7/3 School Rd,"EQC Claim 2016/032902 - EQC Land damage assessment at 7/3 School Road, Plimmerton, Porirua - Kaikoura November 2016 EQ event.",,2017-07-12,CH,Nick Peters,174.865486,-41.080848,Porirua City,True,
1001700.5788,1001700,1001700.5788,EQC 3A Brazier Grv,"EQC Claim 2017/005788 - EQC Land damage assessment at 3A Brazier Grove, Paraparaumu - Kaikoura November 2016 EQ event.",,2017-07-13,CH,Nick Peters,175.008053,-40.925149,,False,
1001700.6659,1001700,1001700.6659,EQC 29 Garfield St,"EQC Claim 2017/006659 - EQC Land damage assessment at 29 Garfield Street, Brooklyn, Wellington - Kaikoura November 2016 EQ event.",,2017-07-13,CH,Nick Peters,174.76514,-41.307421,Wellington City,True,
1001700.6835,1001700,1001700.6835,EQC 30 Crawford Rd,"EQC Claim 2017/006835 - EQC Land damage assessment at 30 Crawford Road, Kilbirnie, Wellington - Kaikoura November 2016 EQ event.",,2017-07-13,CH,Elyse Armstrong,174.79239,-41.316446,Wellington City,True,
1001710.0192,1001710,1001710.0192,"EQC 137 Upland Road, Kelburn","EQC 137 Upland Road, Kelburn, Wellington NZL-  North Island  Wellington May 2017 Storm Event",,2017-07-13,WN,Robert Frost,174.760192,-41.286902,Wellington City,True,
1001710.0298,1001710,1001710.0298,"EQC 44a Delhi Crescent, Khandallah","EQC 44a Delhi Crescent, Khandallah, Wellington NZL-  North Island  Wellington June 2017 Storm Event",,2017-07-13,WN,Robert Frost,174.79701,-41.243498,Wellington City,True,
1001710.0353,1001710,1001710.0353,"EQC 94 Grafton Road, Roseneath","EQC 94 Grafton Road, Roseneath, Wellington NZL-  North Island  Wellington June 2017 Storm Event",,2017-07-13,WN,Robert Frost,174.800162,-41.293557,Wellington City,True,
1001710.0362,1001710,1001710.0362,"EQC 102 Kelburn Pde, Kelburn","EQC 102 Kelburn Pde, Kelburn, Wellington NZL-  North Island  Wellington June 2017 Storm Event",,2017-07-13,WN,Robert Frost,174.76594,-41.291205,Wellington City,True,
1011603.3215,1011603,1011603.3215,"EQC 19 Kingsley Pl, Richmond","EQC Claim 2016/033215 - EQC Land damage assessment at 19 Kingsley Place, Richmond - Kaikoura November 2016 earthquake event.",,2017-07-13,CH,Elyse Armstrong,173.197776,-41.348252,,False,
1011603.2451,1011603,1011603.2451,"EQC 14 Marama Tce, Eastbourne","EQC Claim 2016/032451 EQC Land damage assessment at 14 Marama Tce, Eastbourne, Lower Hutt - Kaikoura November 2016 earthquake event.",,2017-07-14,CH,Nick Peters,174.903336,-41.289848,Lower Hutt City,True,
1011603.5119,1011603,1011603.5119,"EQC 111 Rakau Road, Hataitai","EQC Claim 2016/035119 EQC Land damage assessment at 111 Rakau Road, Hataitai - Kaikoura November 2016 earthquake event.",,2017-07-14,CH,Nick Peters,174.794077,-41.301767,Wellington City,True,
1001700.6426,1001700,1001700.6426,"EQC 888 Queen Charlotte Dr, Linkwater","EQC Claim 2017/006426 - EQC Land damage assessment at 888 Queen Charlotte Dr, Linkwater - Kaikoura November 2016 earthquake event.",,2017-07-17,CH,Nick Peters,173.825985,-41.292817,,False,
1001700.0159,1001700,1001700.0159,EQC 141B Seatoun Heights Rd,"EQC Claim 2017-000159 - EQC Land damage assessment at 141B Seatoun Heights Road, Miramar, Wellington- Kaikoura November 2016 EQ event.",,2017-07-18,CH,Elyse Armstrong,174.824276,-41.314594,Wellington City,True,
1001700.1726,1001700,1001700.1726,EQC 330A The Terrace,"EQC Claim 2017/001726 - EQC Land damage assessment at 330A The Terrace, Te Aro, Wellington - Kaikoura November 2016 EQ event.",,2017-07-18,CH,Elyse Armstrong,174.770089,-41.292032,Wellington City,True,
1001700.2170,1001700,1001700.2170,EQC 28 Dale Rd,"EQC Claim 2017/002170 - EQC Land damage assessment at 28 Dale Road, Raumati South, Paraparaumu - Kaikoura November 2016 EQ event.",,2017-07-18,CH,Elyse Armstrong,174.981657,-40.929914,,False,
1001700.2312,1001700,1001700.2312,EQC 3/13 William St,"EQC Claim 2017/002312 - EQC Land damage assessment at 3/13 William Street, Hataitai, Wellington - Kaikoura November 2016 EQ event.",,2017-07-18,CH,Elyse Armstrong,174.795177,-41.30513,Wellington City,True,
1001700.2906,1001700,1001700.2906,EQC 1 Hobson St,"EQC Claim 2017-002906 - EQC Land damage assessment at 1 Hobson Street, Pipitea, Wellington - Kaikoura November 2016 EQ event.",,2017-07-18,CH,Elyse Armstrong,174.782198,-41.274976,Wellington City,True,
1001700.3987,1001700,1001700.3987,EQC 129B Flightys Rd,"EQC Claim 2017/003987 - EQC Land damage assessment at 129B Flightys Road, Judgeford, Porirua - Kaikoura November 2016 EQ event.",,2017-07-18,CH,Elyse Armstrong,174.932879,-41.109348,Porirua City,True,
1001700.4521,1001700,1001700.4521,EQC 65 Washington Ave,"EQC Claim 2017/004521  - EQC Land damage assessment at 65 Washington Avenue, Brooklyn, Wellington - Kaikoura November 2016 EQ event.",,2017-07-18,CH,Nick Peters,174.767434,-41.305996,Wellington City,True,
1001700.4965,1001700,1001700.4965,EQC 291C Tinakori Rd,"EQC Claim 2017-004965 - EQC Land damage assessment at 291C Tinakori Road, Thorndon, Wellington - Kaikoura November 2016 EQ event.",,2017-07-18,CH,Nick Peters,174.769879,-41.278636,Wellington City,True,
1001700.5136,1001700,1001700.5136,EQC 5 Marine Pde,"EQC Claim 2017/005136 - EQC Land damage assessment at 5 Marine Parade, Paraparaumu Beach, Paraparaumu - Kaikoura November 2016 EQ event.",,2017-07-18,CH,Elyse Armstrong,174.981055,-40.891946,,False,
1001700.6508,1001700,1001700.6508,EQC 26 Upper Watt St,"EQC Claim 2017/006508 - EQC Land damage assessment at 26 Upper Watt Street, Wadestown, Wellington - Kaikoura November 2016 EQ event.",,2017-07-18,CH,Nick Peters,174.780787,-41.264187,Wellington City,True,
1001700.7029,1001700,1001700.7029,EQC 12B Kahu Rd,"EQC Claim 2017/007029 - EQC Land damage assessment at  12B Kahu Road, Paremata - Kaikoura November 2016 EQ event.",,2017-07-18,CH,Nick Peters,174.871405,-41.107324,Porirua City,True,
1001700.8009,1001700,1001700.8009,EQC 15 Poplar Ave,"EQC Claim 2017/008009 - EQC Land damage assessment at 15 Poplar Avenue, Raumati South, Paraparaumu - Kaikoura November 2016 EQ event.",,2017-07-18,CH,Nick Peters,174.976595,-40.936844,,False,
1011601.9580,1011601,1011601.9580,EQC 18 Lagden St,"EQC Claim 2016/019580 - EQC Land damage assessment at 18 Lagden Street, Camborne, Porirua - Kaikoura November 2016 EQ event.",,2017-07-18,CH,Elyse Armstrong,174.872169,-41.087341,Porirua City,True,
1011603.5332,1011603,1011603.5332,EQC 362 Paremata Haywards Rd,"EQC Claim 2016/035332 - EQC Land damage assessment at 362 Paremata Haywards Road, Judgeford, Porirua - Kaikoura November 2016 EQ event.",,2017-07-18,CH,Nick Peters,174.949299,-41.118858,Porirua City,True,
1001710.0333,1001710,1001710.0333,"EQC 29 Hiwi Cres, Titahi Bay","EQC 29 Hiwi Cres, Titahi Bay, Porirua -  North Island Wellington May 2017 Storm Event",,2017-07-19,WN,Robert Frost,174.829031,-41.114214,Porirua City,True,
1001710.0403,1001710,1001710.0403,"EQC 14 Weld Street, Wadestown","EQC 14 Weld Street, Wadestown, Wellington -  North Island Wellington June 2017 Storm Event",,2017-07-19,WN,Robert Frost,174.774286,-41.259955,Wellington City,True,
1001710.0437,1001710,1001710.0437,"EQC 21 Hay Street, Oriental Bay","EQC 21 Hay Street, Oriental Bay, Wellington -  North Island Wellington July 2017 Storm Event",,2017-07-19,WN,Shirley Wang,174.795025,-41.292111,Wellington City,True,
1001710.0438,1001710,1001710.0438,"EQC 19 Hay Street, Oriental Bay","EQC 19 Hay Street, Oriental Bay, Wellington -  North Island Wellington July 2017 Storm Event",,2017-07-19,WN,Robert Frost,174.795092,-41.291988,Wellington City,True,
1001710.0444,1001710,1001710.0444,"EQC 1142 Maymorn Road, Maymorn","EQC 1142 Maymorn Road, Maymorn, Upper Hutt -  North Island Wellington July 2017 Storm Event",,2017-07-19,WN,Robert Frost,175.12764,-41.103842,Upper Hutt City,True,
1001710.0472,1001710,1001710.0472,"EQC 17 Hay Street, Oriental Bay","EQC 17 Hay Street, Oriental Bay, Wellington -  North Island Wellington July 2017 Storm Event",,2017-07-19,WN,Robert Frost,174.794841,-41.292045,Wellington City,True,
1001702.0969,1001702,1001702.0969,"EQC 57 Mantell Street, Seatoun","EQC 57 Mantell Street, Seatoun, Wellington -  North Island Wellington April 2017 Storm Event",,2017-07-20,WN,Robert Frost,174.834054,-41.328425,Wellington City,True,
1001710.0475,1001710,1001710.0475,"EQC 4 Luff Place, Whitby","EQC 4 Luff Place, Whitby, Porirua -  North Island Wellington May 2017 Storm Event",,2017-07-20,WN,Robert Frost,174.891081,-41.107047,Porirua City,True,
1001710.0483,1001710,1001710.0483,"EQC 276 Queens Drive, Lyall Bay","EQC 276 Queens Drive, Lyall Bay, Wellington -  North Island Wellington April 2017 Storm Event",,2017-07-20,WN,Robert Frost,174.790536,-41.334095,Wellington City,True,
1001700.0589,1001700,1001700.0589,EQC 204 Evans Bay Pde,"EQC Claim 2017/000589 - EQC Land damage assessment at 204 Evans Bay Parade, Hataitai, Wellington - Kaikoura November 2016 EQ event.",,2017-07-25,CH,Elyse Armstrong,174.803915,-41.29711,Wellington City,True,
1001700.2184,1001700,1001700.2184,EQC 100 Shelly Bay Rd,"EQC Claim 2017/002184 - EQC Land damage assessment at 100 Shelly Bay Road, Miramar, Wellington - Kaikoura November 2016 EQ event.",,2017-07-25,CH,Elyse Armstrong,174.813323,-41.309203,Wellington City,True,
1001700.2535,1001700,1001700.2535,EQC 145 Matatua Rd,"EQC Claim 2017/002535 - EQC Land damage assessment at 145 Mataua Road, Raumati Brach, Paraparaumu - Kaikoura November 2016 EQ event.",,2017-07-25,CH,Elyse Armstrong,174.980758,-40.906324,,False,
1001700.3558,1001700,1001700.3558,EQC 129 Miromiro Rd,"EQC Claim 2017/003558  - EQC Land damage assessment at 129 Miromiro Road, Normandale, Lower Hutt - Kaikoura November 2016 EQ event.",,2017-07-25,CH,Elyse Armstrong,174.885148,-41.205476,Lower Hutt City,True,
1001700.7467,1001700,1001700.7467,EQC 106 Pirie St,"EQC Claim 2017/007467 - EQC Land damage assessment at 106 Pirie Street, Mount Victoria, Wellington - Kaikoura November 2016 EQ event.",,2017-07-25,CH,Nick Peters,174.788091,-41.299235,Wellington City,True,
1001700.9946,1001700,1001700.9946,EQC 38 St Albans Ave,"EQC Claim 2017/009946 - EQC Land damage assessment at 38 St Albans Avenue, Karori, Wellington - Kaikoura November 2016 EQ event.",,2017-07-25,CH,Nick Peters,174.719421,-41.292557,Wellington City,True,
1001701.3201,1001701,1001701.3201,EQC 26 Upoko Rd,"EQC Claim 2017/013201 - EQC Land damage assessment at 26 Upoko Road, Hataitai, Wellington - Kaikoura November 2016 EQ event.",,2017-07-25,CH,Nick Peters,174.795285,-41.29846,Wellington City,True,
1011602.4150,1011602,1011602.4150,EQC 10B Oriental Ter,"EQC Claim 2016/024150 - EQC Land damage assessment at 10B Oriental Terrace, Mount Victoria, Wellington- Kaikoura November 2016 EQ event.",,2017-07-25,CH,Nick Peters,174.791587,-41.292341,Wellington City,True,
1011602.5122,1011602,1011602.5122,EQC 30B Collier Ave,"EQC Claim 2016/025122 - EQC Land damage assessment at 30B Collier Avenue, Karori, Wellington - Kaikoura November 2016 EQ event.",,2017-07-25,CH,Nick Peters,174.726595,-41.287829,Wellington City,True,
1011602.5487,1011602,1011602.5487,EQC 32 Penryn Dr,"EQC Claim 2016/025487  - EQC Land damage assessment at 32 Penryn Drive, Camborne, Porirua - Kaikoura November 2016 EQ event.",,2017-07-25,CH,Nick Peters,174.875367,-41.092645,Porirua City,True,
1011602.7592,1011602,1011602.7592,EQC 37 Lawrence St,"EQC Claim 2016/027592 - EQC Land damage assessment at 37 Lawrence Street, Newtown, Wellington - Kaikoura November 2016 EQ event.",,2017-07-25,CH,Elyse Armstrong,174.786774,-41.316083,Wellington City,True,
1011603.0750,1011603,1011603.0750,EQC 10 Russell Ter,"EQC Claim 2016/030750  - EQC Land damage assessment at 10 Russell Terrace, Newtown, Wellington - Kaikoura November 2016 EQ event.",,2017-07-25,CH,Nick Peters,174.780329,-41.316979,Wellington City,True,
1011603.2137,1011603,1011603.2137,EQC 9 Holmes Grv,"EQC Claim 2016/032137  - EQC Land damage assessment at 9 Holmes Grove, Naenae, Lower Hutt - Kaikoura November 2016 EQ event.",,2017-07-25,CH,Nick Peters,174.949627,-41.214146,Lower Hutt City,True,
1011603.2453,1011603,1011603.2453,EQC 41 Washington Ave,"EQC Claim 2016/032453 - EQC Land damage assessment at 41 Washington Avenue, Brooklyn, Wellington - Kaikoura November 2016 EQ event.",,2017-07-25,CH,Nick Peters,174.767079,-41.304898,Wellington City,True,
1011603.2822,1011603,1011603.2822,"EQC 114 Renners Rd, Seddon","EQC Claim 2016/032822 - EQC Land damage assessment at 114 Renners Road, Lower Dashwood, Seddon  - Kaikoura November 2016 EQ event.",,2017-07-25,CH,Elyse Armstrong,174.146912,-41.605337,,False,
1011603.3889,1011603,1011603.3889,EQC 114 Ohiro Rd,"EQC Claim 2016/033889 - EQC Land damage assessment at 114 Ohiro Road, Brooklyn, Wellington - Kaikoura November 2016 EQ event.",,2017-07-25,CH,Nick Peters,174.764552,-41.30106,Wellington City,True,
1011603.3957,1011603,1011603.3957,EQC 1260 Tumbledown Bay Rd,"EQC Claim 2016/033957 - EQC Land damage assessment at 1260 Tumbledown Bay Road, Port Underwood, Picton  - Kaikoura November 2016 EQ event.",,2017-07-25,CH,Elyse Armstrong,174.185493,-41.291694,,False,
1011603.4306,1011603,1011603.4306,EQC 157 Wellington Rd,"EQC Claim 2016/034306  - EQC Land damage assessment at 157 Wellington Road, Wainuiomata, Lower Hutt - Kaikoura November 2016 EQ event.",,2017-07-25,CH,Nick Peters,174.943568,-41.245251,Lower Hutt City,True,
1011603.5581,1011603,1011603.5581,EQC 91A Melrose Rd,"EQC Claim 2016/035581 - EQC Land damage assessment at 91A Melrose Road, Southgate, Wellington - Kaikoura November 2016 EQ event.",,2017-07-25,CH,Nick Peters,174.780893,-41.33869,Wellington City,True,
1001700.0804,1001700,1001700.0804,EQC 17A Mount Pleasant Ave,"EQC Claim 2017/000804 - EQC Land damage assessment at 17A Mount Pleasant Avenue, Beachville, Nelson - Kaikoura November 2016 EQ event.",,2017-07-26,CH,Elyse Armstrong,173.272062,-41.267354,,False,
1001700.3360,1001700,1001700.3360,EQC 16 Charlotte Way,"EQC Claim 2017/003360 - EQC Land damage assessment at 16 Charlotte Way, RRaumati South, Paraparaumu - Kaikoura November 2016 EQ event.",,2017-07-27,CH,Elyse Armstrong,174.987003,-40.930346,,False,2016
1001700.4737,1001700,1001700.4737,EQC 224 Oriental Pde,"EQC Claim 2017/004737 - EQC Land damage assessment at 224 Oriental Parade, Oriental Bay, Wellington - Kaikoura November 2016 EQ event.",,2017-07-27,CH,Elyse Armstrong,174.793711,-41.291864,Wellington City,True,
1001700.5395,1001700,1001700.5395,"EQC 6B Walnut Ln, Islington, Blenheim","EQC Claim 2017/005395 - EQC Land damage assessment at 6B Walnut Ln, Islington, Blenheim - Kaikoura November 2016 EQ event.",,2017-07-27,CH,Nick Peters,173.961089,-41.506069,,False,
1001700.6396,1001700,1001700.6396,EQC 226 Oriental Pde,"EQC Claim 2017/006396 - EQC Land damage assessment at 226 Oriental Parade, Oriental Bay, Wellington - Kaikoura November 2016 EQ event.",,2017-07-27,CH,Elyse Armstrong,174.793748,-41.291647,Wellington City,True,
1001710.0683,1001710,1001710.0683,"EQC 158 Oriental Parade, Wellington","EQC 158 Oriental Parade, Wellington, NZL-  North Island  Wellington June 2017 Storm Event",,2017-07-27,WN,Robert Frost,174.790589,-41.29114,Wellington City,True,
1011602.1328,1011602,1011602.1328,"EQC 6411 SH 6, Rai Valley","EQC Claim 2016/021328- EQC Land damage assessment at 6411 SH 6, Rai Valley, Marlborough  - Kaikoura November 2016 EQ event.",,2017-07-27,CH,Elyse Armstrong,173.573946,-41.259054,,False,
1011602.5956,1011602,1011602.5956,"EQC 98 Moenui Rd, Havelock, Marlborough","EQC Claim 2016/025956 - EQC Land damage assessment at 98 Moenui Rd, Havelock, Marlborough - Kaikoura November 2016 EQ event.",,2017-07-27,CH,Elyse Armstrong,173.795745,-41.275744,,False,
1011602.7333,1011602,1011602.7333,EQC 26 Burrells Ln,"EQC Claim 2016/027333 - EQC Land damage assessment at 26 Burrells Lane, Kaikoura Flat, Kaikoura - Kaikoura November 2016 EQ event.",,2017-07-27,CH,Nick Peters,173.665102,-42.363259,,False,
1011603.4213,1011603,1011603.4213,"EQC 41C Waikawa Rd, Picton","EQC Claim 2016/034213 - EQC Land damage assessment at 41C Waikawa Rd, Picton, Marlborough  - Kaikoura November 2016 EQ event.",,2017-07-27,CH,Nick Peters,174.011218,-41.290025,,False,
1001710.0309,1001710,1001710.0309,"EQC 70 Seatoun Heights Road, Seatoun","EQC 70 Seatoun Heights Road, Seatoun, Wellington NZL-  North Island Wellington June 2017 Storm Event",,2017-07-29,WN,Robert Frost,174.82616,-41.318494,Wellington City,True,
1001710.0423,1001710,1001710.0423,"EQC 181 Aro Street, Aro Valley","EQC 181 Aro Street, Aro Valley, Wellington NZL-  North Island Wellington July 2017 Storm Event",,2017-07-29,WN,Robert Frost,174.763948,-41.295304,Wellington City,True,
1001710.0447,1001710,1001710.0447,"EQC 121 Grafton Road, Roseneath","EQC 121 Grafton Road, Roseneath, Wellington NZL-  North Island Wellington July 2017 Storm Event",,2017-07-29,WN,Robert Frost,174.801209,-41.294494,Wellington City,True,
1001710.0448,1001710,1001710.0448,"EQC 95 Cecil Road, Wadestown","EQC 95 Cecil Road, Wadestown, Wellington NZL-  North Island Wellington July 2017 Storm Event",,2017-07-29,WN,Robert Frost,174.769876,-41.265493,Wellington City,True,
1001710.0451,1001710,1001710.0451,"EQC 103a Tannadyce Street, Strathmore","EQC 103a Tannadyce Street, Strathmore, Wellington NZL-  North Island Wellington July 2017 Storm Event",,2017-07-29,WN,Robert Frost,174.827234,-41.326688,Wellington City,True,
1001710.0452,1001710,1001710.0452,"EQC 62 Evans Bay Parade, Roseneath","EQC 62 Evans Bay Parade, Roseneath, Wellington NZL-  North Island Wellington July 2017 Storm Event",,2017-07-29,WN,Robert Frost,174.80294,-41.290207,Wellington City,True,
1001710.0476,1001710,1001710.0476,"EQC 29 North Tce, Kelburn","EQC 29 North Tce, Kelburn, Wellington NZL-  North Island Wellington July 2017 Storm Event",,2017-07-29,WN,Robert Frost,174.765174,-41.285747,Wellington City,True,
1001710.0493,1001710,1001710.0493,"EQC 516 Marine Drive, Sunshine Bay","EQC 516 Marine Drive, Sunshine Bay, Lower Hutt NZL-  North Island Wellington July 2017 Storm Event",,2017-07-29,WN,Robert Frost,174.905371,-41.275585,Lower Hutt City,True,
1001710.0494,1001710,1001710.0494,"EQC 515 Marine Drive, Sunshine Bay","EQC 515 Marine Drive, Sunshine Bay, Lower Hutt NZL-  North Island Wellington July 2017 Storm Event",,2017-07-29,WN,Robert Frost,174.905493,-41.275441,Lower Hutt City,True,
1001710.0507,1001710,1001710.0507,"EQC 86 Kinghorne Street, Strathmore Park","EQC 86 Kinghorne Street, Strathmore Park, Wellington NZL-  North Island Wellington July 2017 Storm Event",,2017-07-29,WN,Robert Frost,174.827194,-41.326505,Wellington City,True,
1001700.1510,1001700,1001700.1510,"EQC 22 Victoria Road, Nelson","EQC Claim 2017/001510 - EQC Land damage assessment at 22 Victoria Rd, Stephneyville, Nelson - Kaikoura November 2016 EQ event.",,2017-07-30,CH,Elyse Armstrong,173.264732,-41.26917,,False,
1001702.0624,1001702,1001702.0624,"EQC 413 Ohiro Road, Brooklyn","EQC  413 Ohiro Road, Brooklyn, Wellington NZL-  North Island Wellington April 2017 Storm Event",,2017-07-31,WN,Robert Frost,174.761304,-41.317787,Wellington City,True,
1001702.0728,1001702,1001702.0728,"EQC 17 Rangituhi Cres, Porirua","EQC 17 Rangituhi Cres, Takapuwahia, Porirua NZL-  North Island Wellington April 2017 Storm Event",,2017-07-31,WN,Robert Frost,174.827916,-41.126281,Porirua City,True,
1001702.0745,1001702,1001702.0745,"EQC 19 Rangituhi Cres, Porirua","EQC 19 Rangituhi Cres, Takapuwahia, Porirua NZL-  North Island Wellington April 2017 Storm Event",,2017-07-31,WN,Robert Frost,174.827659,-41.126383,Porirua City,True,
1001710.0181,1001710,1001710.0181,"EQC 43 Bay View Road, Nelson","EQC Claim 2017/100181 - EQC Land damage assessment at 43 Bay View Road, Atawahai, Nelson - Nelson North Island May 2017 Landslip/Storm event.",,2017-07-31,NE,Marcus Lovell,173.314658,-41.249043,,False,
1001710.0361,1001710,1001710.0361,"EQC 75 Mount Street, Nelson","EQC Claim 2017/100361 - EQC Land damage assessment at 75 Mount Street, Nelson - Nelson May North Island 2017 Landslip/Storm event.",,2017-07-31,NE,Marcus Lovell,173.276252,-41.280617,,False,
1001710.0604,1001710,1001710.0604,"EQC 3 MacKenzie Road, Eastbourne","EQC 3 MacKenzie Road, Eastbourne, Wellington NZL-  North Island Wellington July 2017 Storm Event",,2017-07-31,WN,Robert Frost,174.899721,-41.29132,Lower Hutt City,True,
1001700.5279,1001700,1001700.5279,EQC 101A Bulls Run Rd,"EQC Claim 2017/005279 - EQC Land damage assessment at 101A Bulls Run Road, Moonshine Valley, Upper Hutt - Kaikoura November 2016 EQ event.",,2017-08-01,CH,Elyse Armstrong,175.009807,-41.085077,Upper Hutt City,True,
1001700.5655,1001700,1001700.5655,EQC 54 Kinghorne St,"EQC Claim 2017/005655 - EQC Land damage assessment at 54 Kinghorne Street, Strathmore Park, Wellington - Kaikoura November 2016 EQ event.",,2017-08-01,CH,Elyse Armstrong,174.825019,-41.327647,Wellington City,True,
1001700.6724,1001700,1001700.6724,EQC 31 Motuhara Rd,"EQC Claim 2017/006724 - EQC Land damage assessment at 31 Motuhara Road, Plimmerton, Porirua - Kaikoura November 2016 EQ event.",,2017-08-01,CH,Nick Peters,174.863605,-41.078343,Porirua City,True,
1001701.3696,1001701,1001701.3696,EQC 3/44 Allington Rd,"EQC Claim 2017/013696 - EQC Land damage assessment at 3/44 Allington Road, Karori, Wellington - Kaikoura November 2016 EQ event.",,2017-08-01,CH,Nick Peters,174.718592,-41.289554,Wellington City,True,
1001701.4731,1001701,1001701.4731,EQC 40 Rangiora Ave,"EQC Claim 2017/014731 - EQC Land damage assessment at 40 Rangiora Avenue, Kaiwharawhara, Wellington - Kaikoura November 2016 EQ event.",,2017-08-01,CH,Nick Peters,174.796773,-41.252963,Wellington City,True,
1001700.2298,1001700,1001700.2298,EQC 4 Atua St,"EQC Claim 2017/002298 - EQC Land damage assessment at 4 Auta Street, Waikanae Beach, Waikanae - Kaikoura November 2016 EQ event.",,2017-08-02,CH,Elyse Armstrong,175.032337,-40.860874,,False,
1001701.7727,1001701,1001701.7727,EQC 309 Cascade Rd,"EQC Claim 2017/017727 - EQC Land damage assessment at 309 Cascade Road, Tekoa Range, Hanmer Springs - Kaikoura November 2016 EQ event.",,2017-08-02,CH,Elyse Armstrong,172.688907,-42.756004,,False,
1011602.3536,1011602,1011602.3536,EQC 151 Beach Rd,"EQC Claim 2016/023536  - EQC Land damage assessment at 151 Beach Road, Kaikoura - Kaikoura November 2016 EQ event.",,2017-08-02,CH,Nick Peters,173.678542,-42.385644,,False,
1011603.3207,1011603,1011603.3207,EQC 190 Torquay St,"EQC Claim 2016/033207 - EQC Land damage assessment at 190 Torquay Street, Kaikoura - Kaikoura November 2016 EQ event.",,2017-08-02,CH,Nick Peters,173.693868,-42.416368,,False,
1011603.4221,1011603,1011603.4221,EQC 187 Murphys Rd,"EQC Claim 2016-034221 - EQC Land damage assessment at 187 Murphys Road, Judgeford, Porirua - Kaikoura November 2016 EQ event.",,2017-08-02,CH,Nick Peters,174.928089,-41.129868,Porirua City,True,
1001700.6388,1001700,1001700.6388,EQC 101 Miramar North Rd,"EQC Claim 2017/006388 - EQC Land damage assessment at 101 Miramar North Road, Miramar, Wellington - Kaikoura November 2016 EQ event.",,2017-08-03,CH,Elyse Armstrong,174.821794,-41.304144,Wellington City,True,
1011602.7380,1011602,1011602.7380,EQC 86 Bishopdale Ave,"EQC Claim 2016/027380 - EQC Land damage assessment at 86 Bishopdale Avenue, Bishopdale, Nelson- Kaikoura November 2016 EQ event.",,2017-08-03,CH,Nick Peters,173.266635,-41.300939,,False,
1001710.0445,1001710,1001710.0445,"EQC 578 Redwood Valley Rd, Richmond","EQC Claim 2017/100445 - EQC Land damage assessment at 578 Redwood Valley Rd, Redwood Valley, Richmond - Nelson May 2017 Landslip/Storm event.",,2017-08-04,NE,Marcus Lovell,173.038815,-41.312346,,False,
1001710.0481,1001710,1001710.0481,"EQC 45 Fortification Road, Karaka Bays","EQC 45 Fortification Road, Karaka Bays, Wellington NZL-  North Island Wellington July 2017 Storm Event",,2017-08-06,WN,Robert Frost,174.830519,-41.298346,Wellington City,True,
1001710.0486,1001710,1001710.0486,"EQC 7 Manuka Tce, Eastbourne, Lower Hutt","EQC 7 Manuka Tce, Eastbourne, Lower Hutt NZL-  North Island Wellington July 2017 Storm Event",,2017-08-06,WN,Robert Frost,174.902623,-41.289093,Lower Hutt City,True,
1001710.0491,1001710,1001710.0491,"EQC 44 Hay Street, Oriental Bay","EQC 44 Hay Street, Oriental Bay, Wellington NZL-  North Island Wellington July 2017 Storm Event",,2017-08-06,WN,Robert Frost,174.794958,-41.293271,Wellington City,True,
1001710.0549,1001710,1001710.0549,"EQC 17 Mairangi Road, Wadestown","EQC  17 Mairangi Road, Wadestown, Wellington NZL-  North Island Wellington July 2017 Storm Event",,2017-08-06,WN,Robert Frost,174.769611,-41.263632,Wellington City,True,
1001710.0559,1001710,1001710.0559,"EQC 13 Ropa Lane, Miramar","EQC 13 Ropa Lane, Miramar, Wellington NZL-  North Island Wellington July 2017 Storm Event",,2017-08-06,WN,Robert Frost,174.812923,-41.313268,Wellington City,True,2013
1001710.0633,1001710,1001710.0633,"EQC 192b Barnard Street, Wadestown","EQC 192b Barnard Street, Wadestown, Wellington NZL-  North Island Wellington July 2017 Storm Event",,2017-08-06,WN,Robert Frost,174.785052,-41.259942,Wellington City,True,
1001710.0710,1001710,1001710.0710,"EQC 192 Barnard Street, Wadestown","EQC 192 Barnard Street, Wadestown, Wellington NZL-  North Island Wellington July 2017 Storm Event",,2017-08-06,WN,Kate Williams,174.785246,-41.259862,Wellington City,True,
1001710.0792,1001710,1001710.0792,"EQC 23a Maida Vale Road, Roseneath","EQC 23a Maida Vale Road, Roseneath, Wellington NZL-  North Island Wellington July 2017 Storm Event",,2017-08-06,WN,Robert Frost,174.803544,-41.287699,Wellington City,True,
1001710.0797,1001710,1001710.0797,"EQC 1 Hepara Street, Hataitai","EQC 1 Hepara Street, Hataitai, Wellington NZL-  North Island Wellington July 2017 Storm Event",,2017-08-06,WN,Robert Frost,174.797841,-41.298157,Wellington City,True,
1001710.0815,1001710,1001710.0815,"EQC 23 Ferry Road, Days Bay, Lower Hutt","EQC 23 Ferry Road, Days Bay, Lower Hutt NZL-  North Island Wellington July 2017 Storm Event",,2017-08-06,WN,Robert Frost,174.907221,-41.27685,Lower Hutt City,True,
1011602.7266,1011602,1011602.7266,EQC RD2/RANGI-UNU-WAI SH 1,"EQC Claim 2016/027266 - EQC Land damage assessment at RD2/RANGI-UNU-WAI SH 1, KAIKOURA FLAT, KAIKOURA 7371 - Kaikoura November 2016 EQ event.",,2017-08-07,CH,Nick Peters,173.543244,-42.462982,,False,
1001710.0439,1001710,1001710.0439,"EQC 54 Nelson Crescent, Wainuiomata","EQC 54 Nelson Crescent, Wainuiomata, Lower Hutt  NZL-  North Island  Wellington July 2017 Storm Event",,2017-08-09,WN,Robert Frost,174.954011,-41.253769,Lower Hutt City,True,
1001710.0449,1001710,1001710.0449,"EQC 46a Winston Street, Crofton Downs","EQC 46a Winston Street, Crofton Downs, Wellington NZL-  North Island Wellington July 2017 Storm Event",,2017-08-09,WN,Robert Frost,174.763705,-41.257808,Wellington City,True,
1001710.0474,1001710,1001710.0474,"EQC 3 White Line Way, Woburn","EQC 3 White Line Way, Woburn, Lower Hutt  NZL-  North Island  Wellington July 2017 Storm Event",,2017-08-09,WN,Robert Frost,174.901532,-41.221225,Lower Hutt City,True,
1001710.0547,1001710,1001710.0547,"EQC 5 Logie Street, Stokes Valley","EQC 5 Logie Street, Stokes Valley, Lower Hutt NZL-  North Island  Wellington July 2017 Storm Event",,2017-08-09,WN,Robert Frost,174.978631,-41.175591,Lower Hutt City,True,
1001710.0574,1001710,1001710.0574,"EQC 74 Dowse Drive, Maungaraki","EQC 74 Dowse Drive, Maungaraki, Lower Hutt  NZL-  North Island  Wellington July 2017 Storm Event",,2017-08-09,WN,Robert Frost,174.879171,-41.212513,Lower Hutt City,True,
1001710.0854,1001710,1001710.0854,"EQC 46 Queens Drive, Lyall Bay","EQC 46 Queens Drive, Lyall Bay, Wellington NZL-  North Island Wellington July 2017 Storm Event",,2017-08-09,WN,Robert Frost,174.79291,-41.322768,Wellington City,True,
1001710.0868,1001710,1001710.0868,"EQC 27a Old Coach Road, Johnsonville","EQC 27a Old Coach Road, Johnsonville, Wellington NZL-  North Island Wellington August 2017 Storm Event",,2017-08-09,WN,Robert Frost,174.79444,-41.220843,Wellington City,True,
1001710.0922,1001710,1001710.0922,"EQC 29 Old Coach Road, Johnsonville","EQC 29 Old Coach Road, Johnsonville, Wellington NZL-  North Island Wellington August 2017 Storm Event",,2017-08-09,WN,Robert Frost,174.794456,-41.220657,Wellington City,True,
1011602.3388,1011602,1011602.3388,"EQC 22 Turners Rd, Waikawa, Picton","EQC Claim 2016/023388 - EQC Land damage assessment at 22 Turners Rd, Waikawa, Picton  - Kaikoura November 2016 EQ event.",,2017-08-09,CH,Elyse Armstrong,174.037636,-41.273449,,False,
1011602.7678,1011602,1011602.7678,"EQC 31 Inkerman St, Renwick","EQC Claim 2016/027678 - EQC Land damage assessment at 31 Inkerman Street, Renwick  - Kaikoura November 2016 EQ event.",,2017-08-09,CH,Nick Peters,173.823546,-41.507687,,False,
1011602.8287,1011602,1011602.8287,EQC Christys Bay,"EQC Claim 2016/028287 -  EQC Land damage assessment at Christys Bay, Marlborough Sounds - Kaikoura November 2016 earthquake event.",,2017-08-09,CH,Elyse Armstrong,173.98924,-41.242329,,False,
1001700.0145,1001700,1001700.0145,EQC 12 Church St,"EQC Claim 2017/000145 - EQC Land damage assessment at 12 Church Street, Amberley - Kaikoura November 2016 EQ event.",,2017-08-11,CH,Elyse Armstrong,172.727618,-43.157687,,False,
1001702.2304,1001702,1001702.2304,EQC 59 Kingsley St,"EQC Claim 2017/022304 - EQC Land damage assessment at 59 Kingsley Street, Stokes Valley, Lower Hutt - Kaikoura November 2016 EQ event.",,2017-08-11,CH,Elyse Armstrong,174.988861,-41.156018,Lower Hutt City,True,
1001710.0418,1001710,1001710.0418,"EQC 4 Idesia Grove, Richmond","EQC Claim 2017/100418 - EQC Land damage assessment at 4 Idesia Grove, Richmond - Nelson July 2017 Landslip/Storm event.",,2017-08-11,NE,Marcus Lovell,173.189524,-41.34976,,False,
1001710.0975,1001710,1001710.0975,"EQC 19 Fifeshire Cres, Nelson","EQC Claim 2017/100975- EQC Land damage assessment at 19 Fifeshire Cres, Stepneyville, Nelson - Nelson August 2017 Landslip/Storm event.",,2017-08-11,NE,Marcus Lovell,173.266212,-41.268162,,False,
1011602.1370,1011602,1011602.1370,EQC 91 Beach Rd,"EQC Claim 2016/021370 - EQC Land damage assessment at 91 Beach Road, Kaikoura - Kaikoura November 2016 EQ event.",,2017-08-11,CH,Nick Peters,173.678834,-42.3911,,False,
1011602.8406,1011602,1011602.8406,"EQC 800 Kekerengu Vly Rd, Clarence","EQC Claim 2016/028406 - EQC Land damage assessment at 800 Kekerengu Vallley Rd, Clarence  - Kaikoura November 2016 EQ event.",,2017-08-11,CH,Nick Peters,173.971167,-41.956501,,False,
1011603.4585,1011603,1011603.4585,EQC 15 Bosun Ter,"EQC Claim 2016/034585 - EQC Land damage assessment at 15 Bosun Terrace, Whitby, Porirua - Kaikoura November 2016 EQ event.",,2017-08-11,CH,Elyse Armstrong,174.882671,-41.106249,Porirua City,True,
1001700.6172,1001700,1001700.6172,EQC 66 Central Ter,"EQC Claim 2017/006172 - EQC Land damage assessment at 66 Central Terrace, Kelburn, Wellington - Kaikoura November 2016 EQ event.",,2017-08-13,CH,Elyse Armstrong,174.764376,-41.291314,Wellington City,True,
1001701.7499,1001701,1001701.7499,EQC 12 Morpeth St,"EQC Claim 2017/017499 - EQC Land damage assessment at 12 Morpeth Street, Johnsonville, Wellington - Kaikoura November 2016 EQ event.",,2017-08-13,CH,Elyse Armstrong,174.792781,-41.219662,Wellington City,True,
1011602.5266,1011602,1011602.5266,EQC 70 Raroa Rd,"EQC Claim 2016/025266 - EQC Land damage assessment at 70 Raroa Road, Kelburn, Wellington - Kaikoura November 2016 EQ event.",,2017-08-13,CH,Nick Peters,174.758474,-41.290711,Wellington City,True,
1011603.5477,1011603,1011603.5477,EQC 31 Raroa Rd,"EQC Claim 2016/035477 - EQC Land damage assessment at 31 Raroa Road, Kelburn, Wellington - Kaikoura November 2016 EQ event.",,2017-08-13,CH,Elyse Armstrong,174.757168,-41.28892,Wellington City,True,
1001702.0628,1001702,1001702.0628,"EQC 115 Nevay Road, Miramar","EQC 115 Nevay Road, Miramar, Wellington NZL-  North Island Wellington April 2017 Storm Event",,2017-08-14,WN,Robert Frost,174.828757,-41.304337,Wellington City,True,
1001710.0840,1001710,1001710.0840,"EQC 9 Robieson Street, Roseneath","EQC 9 Robieson Street, Roseneath, Wellington NZL-  North Island  Wellington July 2017 Storm Event",,2017-08-14,WN,Robert Frost,174.798705,-41.294604,Wellington City,True,
1001702.1449,1001702,1001702.1449,EQC 31A/B Krull St,"EQC Claim 2017/021449 and 2017/021451 - EQC Land damage assessment at 31A and 31B Krull Street, Vogeltown, Wellington - Kaikoura November 2016 EQ event.",,2017-08-15,CH,Elyse Armstrong,174.767347,-41.313367,Wellington City,True,
1001710.0457,1001710,1001710.0457,"EQC 15 Balfour Street, Mornington","EQC 15 Balfour Street, Mornington, Wellington NZL-  North Island Wellington July 2017 Storm Event",,2017-08-15,WN,Robert Frost,174.766892,-41.320123,Wellington City,True,
1001710.0524,1001710,1001710.0524,"EQC 63 Oban Street, Wadestown","EQC 63 Oban Street, Wadestown, Wellington NZL-  North Island Wellington July 2017 Storm Event",,2017-08-15,WN,Robert Frost,174.778216,-41.260177,Wellington City,True,
1001710.0552,1001710,1001710.0552,"EQC 54 Baroda Street, Khandallah","EQC 54 Baroda Street, Khandallah, Wellington NZL-  North Island Wellington July 2017 Storm Event",,2017-08-15,WN,Robert Frost,174.791173,-41.239975,Wellington City,True,
1001710.0568,1001710,1001710.0568,"EQC 9 Westwood Road, Tawa","EQC 9 Westwood Road, Tawa, Wellington NZL-  North Island Wellington July 2017 Storm Event",,2017-08-15,WN,Robert Frost,174.815538,-41.167678,Wellington City,True,
1001710.0812,1001710,1001710.0812,"EQC 159 Happy Valley Road, Owhiro Bay","EQC 159 Happy Valley Road, Owhiro Bay, Wellington NZL-  North Island Wellington July 2017 Storm Event",,2017-08-15,WN,Robert Frost,174.758013,-41.336063,Wellington City,True,
1001710.0852,1001710,1001710.0852,"EQC 82 Evans Bay Parade, Roseneath","EQC 82 Evans Bay Parade, Roseneath, Wellington NZL-  North Island Wellington July 2017 Storm Event",,2017-08-15,WN,Robert Frost,174.803537,-41.291171,Wellington City,True,
1001702.1018,1001702,1001702.1018,"EQC 22 Tawa Street, Eastbourne","EQC 22 Tawa Street, Eastbourne, Lower Hutt NZL-  North Island Wellington April 2017 Storm Event",,2017-08-16,WN,Robert Frost,174.890143,-41.305468,Lower Hutt City,True,
1001702.1216,1001702,1001702.1216,"EQC 20 Tawa Street, Eastbourne","EQC 20 Tawa Street, Eastbourne, Lower Hutt NZL-  North Island Wellington April 2017 Storm Event",,2017-08-16,WN,Robert Frost,174.889976,-41.305541,Lower Hutt City,True,
1001700.0294,1001700,1001700.0294,"EQC 39 Kotuku Road, South Bay","EQC Claim 2017/000294 - EQC Land damage assessment at 39 Kotuku Road, South Bay, Kaikoura - Kaikoura November 2016 EQ event.",,2017-08-17,CH,Elyse Armstrong,173.6833,-42.420365,,False,
1001700.2202,1001700,1001700.2202,"EQC 52a Creswick Tce, Northland","EQC Claim 2017/002202 - EQC Land damage assessment at 52a Creswick Tce, Northland, Wellington - Kaikoura November 2016 EQ event.",,2017-08-17,CH,Elyse Armstrong,174.754987,-41.280883,Wellington City,True,
1001700.5816,1001700,1001700.5816,"EQC 5 Peninsula Road, Tata Beach","EQC Claim 2017/005816 - EQC Land damage assessment at 5 Peninsula Road, Tata Beach, Takaka - Kaikoura November 2016 EQ event.",,2017-08-17,CH,Elyse Armstrong,172.915211,-40.812347,,False,
1011602.7454,1011602,1011602.7454,"EQC 18b Earls Tce, Mt Vic","EQC Claim 2016/027454 - EQC Land damage assessment at 18b Earls Tce, Mt Vic, Wellington - Kaikoura November 2016 EQ event.",,2017-08-17,CH,Nick Peters,174.788868,-41.294453,Wellington City,True,
1001710.0441,1001710,1001710.0441,"EQC 36 Fortification Road, Karaka Bays","EQC 36 Fortification Road, Karaka Bays, Wellington NZL-  North Island Wellington July 2017 Storm Event",,2017-08-18,WN,Robert Frost,174.830862,-41.299714,Wellington City,True,
1001710.0499,1001710,1001710.0499,"EQC 36 Grafton Road, Roseneath","EQC 36 Grafton Road, Roseneath, Wellington NZL-  North Island Wellington July 2017 Storm Event",,2017-08-18,WN,Robert Frost,174.801238,-41.290182,Wellington City,True,
1001710.0505,1001710,1001710.0505,"EQC 117 Marine Pde, Seatoun","EQC 117 Marine Pde, Seatoun, Wellington NZL-  North Island Wellington July 2017 Storm Event",,2017-08-18,WN,Robert Frost,174.827717,-41.317576,Wellington City,True,
1001710.0724,1001710,1001710.0724,"EQC 28 Maarama Cres, Aro Valley","EQC 28 Maarama Cres, Aro Valley, Wellington NZL-  North Island Wellington July 2017 Storm Event",,2017-08-18,WN,Robert Frost,174.767134,-41.296469,Wellington City,True,
1001710.0919,1001710,1001710.0919,"EQC 30 Maarama Cres, Aro Valley","EQC 30 Maarama Cres, Aro Valley, Wellington NZL-  North Island Wellington July 2017 Storm Event",,2017-08-18,WN,Robert Frost,174.76702,-41.296587,Wellington City,True,
1001700.8544,1001700,1001700.8544,EQC 24A Lagden St,"EQC Claim 2017/008544 - EQC Land damage assessment at 24A Lagden Street, Camborne, Porirua - Kaikoura November 2016 EQ event.",,2017-08-21,CH,Elyse Armstrong,174.871567,-41.087687,Porirua City,True,
1001710.0470,1001710,1001710.0470,EQC 31 Ascot St,"EQC Claim 2017/100470 - EQC Land damage assessment at 31 Ascot Street, Thorndon, Wellington - July 2017 Landslip/Storm/Flood",,2017-08-21,CH,Elyse Armstrong,174.770002,-41.278719,Wellington City,True,
1001710.0765,1001710,1001710.0765,"EQC 4 Parsons Gin, Karori","EQC 4 Parsons Gin, Karori, Wellington NZL-  North Island Wellington July 2017 Storm Event",,2017-08-21,WN,Robert Frost,174.726892,-41.292878,Wellington City,True,
1011603.2085,1011603,1011603.2085,EQC 11/33 Box Hill,"EQC Claim 2016/032085 - EQC Land damage assessment at 11/33 Box Hill, Khandallah, Wellington - Kaikoura November 2016 EQ event.",,2017-08-21,CH,Elyse Armstrong,174.791899,-41.244373,Wellington City,True,
1001710.0435,1001710,1001710.0435,"EQC 31 Crofton Road, Ngaio","EQC 31 Crofton Road, Ngaio, Wellington NZL-  North Island Wellington July 2017 Storm Event",,2017-08-22,WN,Robert Frost,174.775197,-41.253408,Wellington City,True,
1001710.0440,1001710,1001710.0440,"EQC 46 Chartwell Drive, Crofton Downs","EQC 46 Chartwell Drive, Crofton Downs, Wellington NZL-  North Island Wellington July 2017 Storm Event",,2017-08-22,WN,Robert Frost,174.761156,-41.261296,Wellington City,True,
1001710.0464,1001710,1001710.0464,"EQC 68 Nottingham Street, Karori","EQC  68 Nottingham Street, Karori, Wellington NZL-  North Island Wellington July 2017 Storm Event",,2017-08-22,WN,Robert Frost,174.747894,-41.27798,Wellington City,True,
1001710.0485,1001710,1001710.0485,"EQC 56 Fairview Crescent, Kelburn","EQC 56 Fairview Crescent, Kelburn, Wellington NZL-  North Island Wellington July 2017 Storm Event",,2017-08-22,WN,Robert Frost,174.758178,-41.288317,Wellington City,True,
1001710.0497,1001710,1001710.0497,"EQC 58 Fairview Crescent, Kelburn","EQC 58 Fairview Crescent, Kelburn, Wellington NZL-  North Island Wellington July 2017 Storm Event",,2017-08-22,WN,Robert Frost,174.75796,-41.288346,Wellington City,True,
1001710.0503,1001710,1001710.0503,"EQC 71 Airlie Road, Plimmerton","EQC 71 Airlie Road, Plimmerton, Porirua NZL-  North Island Wellington July 2017 Storm Event",,2017-08-22,WN,Robert Frost,174.858526,-41.0686,Porirua City,True,
1001710.0548,1001710,1001710.0548,"EQC 33 Ascot Street, Thorndon","EQC 33 Ascot Street, Thorndon, Wellington NZL-  North Island Wellington July 2017 Storm Event",,2017-08-22,WN,Robert Frost,174.770098,-41.278549,Wellington City,True,
1001710.0829,1001710,1001710.0829,"EQC 21a Elmslie Road, Pinehaven","EQC 21a Elmslie Road, Pinehaven, Upper Hutt NZL-  North Island Wellington July 2017 Storm Event",,2017-08-22,WN,Robert Frost,175.018746,-41.16301,Upper Hutt City,True,
1001710.1060,1001710,1001710.1060,"EQC 150 St Andrews Road, Plimmerton","EQC 150 St Andrews Road, Plimmerton, Porirua NZL-  North Island Wellington July 2017 Storm Event",,2017-08-23,WN,Robert Frost,174.867317,-41.088803,Porirua City,True,
1001702.1323,1001702,1001702.1323,EQC incorrect project no.,EQC incorrect project no.,,2017-08-24,CH,Nick Peters,173.00828139700002,-41.038332922999984,,False,
1001710.0426,1001710,1001710.0426,"EQC 67 Mt Pleasant Road, Aro Valley","EQC 67 Mt Pleasant Road, Aro Valley, Wellington NZL-  North Island Wellington July 2017 Storm Event",,2017-08-24,WN,Robert Frost,174.754029,-41.296884,Wellington City,True,
1001710.0566,1001710,1001710.0566,"EQC 2/238 The Esplanade, Island Bay","EQC 2/238 The Esplanade, Island Bay, Wellington NZL-  North Island Wellington July 2017 Storm Event",,2017-08-24,WN,Robert Frost,174.774494,-41.342743,Wellington City,True,
1001710.0662,1001710,1001710.0662,"EQC 57 Morere Street, Titahi Bay","EQC 57 Morere Street, Titahi Bay, Porirua NZL-  North Island Wellington July 2017 Storm Event",,2017-08-24,WN,Robert Frost,174.84306,-41.107232,Porirua City,True,
1001710.0666,1001710,1001710.0666,"EQC 40 Melbourne Road, Island Bay","EQC 40 Melbourne Road, Island Bay, Wellington NZL-  North Island Wellington July 2017 Storm Event",,2017-08-24,WN,Robert Frost,174.775988,-41.330945,Wellington City,True,
1001710.0941,1001710,1001710.0941,"EQC 41 Liardet Street, Vogeltown","EQC 41 Liardet Street, Vogeltown, Wellington NZL-  North Island Wellington July 2017 Storm Event",,2017-08-24,WN,Robert Frost,174.770713,-41.313387,Wellington City,True,
1001710.1014,1001710,1001710.1014,"EQC 160 Oriental Pde, Oriental Bay","EQC 160 Oriental Pde, Oriental Bay, Wellington NZL-  North Island Wellington July 2017 Storm Event",,2017-08-24,WN,Robert Frost,174.790667,-41.291104,Wellington City,True,
1001710.1057,1001710,1001710.1057,"EQC 44a Cluny Road, Plimmerton","EQC  44a Cluny Road, Plimmerton, Porirua NZL-  North Island Wellington July 2017 Storm Event",,2017-08-24,WN,Robert Frost,174.860264,-41.070457,Porirua City,True,
1001710.1095,1001710,1001710.1095,"EQC 7-9 School Road, Plimmerton","EQC  7-9 School Road, Plimmerton, Porirua NZL-  North Island Wellington July 2017 Storm Event",,2017-08-24,WN,Robert Frost,174.865164,-41.080686,Porirua City,True,
1011602.1964,1011602,1011602.1964,EQC 1787 Kenepuru Rd,"EQC Claim 2016/021964 - EQC Land damage assessment at 1787 Kenepuru Road, Broughton Bay, Marlborough Sounds - Kaikoura November 2016 EQ event.",,2017-08-24,CH,Elyse Armstrong,173.955555,-41.214008,,False,
1011602.4299,1011602,1011602.4299,EQC 41 Turville Cres,"EQC Claim 2016/024299 - EQC Land damage assessment at 41 Turville Crescent, Newlands, Wellington - Kaikoura November 2016 EQ event.",,2017-08-24,CH,Elyse Armstrong,174.821465,-41.228837,Wellington City,True,
1011602.6625,1011602,1011602.6625,EQC 186 Paremata Rd,"EQC Claim 2016/026625 - EQC Land damage assessment at 186 Paremata Road, Paremata, Porirua - Kaikoura November 2016 EQ event.",,2017-08-24,CH,Elyse Armstrong,174.880513,-41.106012,Porirua City,True,
1011602.9513,1011602,1011602.9513,EQC 1137 State Highway 1,"EQC Claim 2016/029513 - EQC Land damage assessment at 1137 State Highway 1, Hapuku, Kaikoura - Kaikoura November 2016 EQ event.",,2017-08-24,CH,Elyse Armstrong,173.748312,-42.312132,,False,
1001710.0471,1001710,1001710.0471,"EQC 15 Mahina Road, Mahina Bay","EQC 15 Mahina Road, Mahina Bay, Lower Hutt NZL-  North Island Wellington July 2017 Storm Event",,2017-08-28,WN,Nick Peters,174.909876,-41.270641,Lower Hutt City,True,
1001710.0510,1001710,1001710.0510,"EQC 33 Kainui Road, Hataitai","EQC 33 Kainui Road, Hataitai, Wellington NZL-  North Island Wellington July 2017 Storm Event",,2017-08-28,WN,Robert Frost,174.800874,-41.301937,Wellington City,True,
1001710.0517,1001710,1001710.0517,"EQC 139 Ruskin Road, Newlands","EQC 139 Ruskin Road, Newlands, Wellington NZL-  North Island Wellington July 2017 Storm Event",,2017-08-28,WN,Robert Frost,174.818034,-41.228159,Wellington City,True,
1001710.0527,1001710,1001710.0527,"EQC 123 Te Anau Road, Hataitai","EQC 123 Te Anau Road, Hataitai, Wellington NZL-  North Island Wellington July 2017 Storm Event",,2017-08-28,WN,Nick Peters,174.802568,-41.298999,Wellington City,True,
1001710.0649,1001710,1001710.0649,"EQC 9 Westhill Road, Point Howard","EQC 9 Westhill Road, Point Howard, Lower Hutt NZL-  North Island Wellington July 2017 Storm Event",,2017-08-28,WN,Robert Frost,174.907297,-41.252432,Lower Hutt City,True,
1001710.0659,1001710,1001710.0659,"EQC 21 Crawford Road, Kilbirnie","EQC 21 Crawford Road, Kilbirnie, Wellington NZL-  North Island Wellington July 2017 Storm Event",,2017-08-28,WN,Nick Peters,174.791109,-41.315049,Wellington City,True,
1001710.0719,1001710,1001710.0719,"EQC 91 Hamilton Road, Hataitai","EQC 91 Hamilton Road, Hataitai, Wellington NZL-  North Island Wellington July 2017 Storm Event",,2017-08-28,WN,Nick Peters,174.793368,-41.310048,Wellington City,True,
1001710.0769,1001710,1001710.0769,"EQC 7 Chella Way, Khandallah","EQC 7 Chella Way, Khandallah, Wellington NZL-  North Island Wellington July 2017 Storm Event",,2017-08-28,WN,Nick Peters,174.797315,-41.242871,Wellington City,True,
1001710.0778,1001710,1001710.0778,"EQC 1-9/31 Homebush Road, Khandallah","EQC 1-9/31 Homebush Road, Khandallah, Wellington NZL-  North Island Wellington July 2017 Storm Event",,2017-08-28,WN,Nick Peters,174.805873,-41.249157,Wellington City,True,
1001710.0799,1001710,1001710.0799,"EQC 41a Onslow Road, Khandallah","EQC 41a Onslow Road, Khandallah, Wellington NZL-  North Island Wellington July 2017 Storm Event",,2017-08-28,WN,Nick Peters,174.803525,-41.250274,Wellington City,True,
1001710.0819,1001710,1001710.0819,"EQC 12 Nikau Road, Point Howard","EQC 12 Nikau Road, Point Howard, Lower Hutt NZL-  North Island Wellington July 2017 Storm Event",,2017-08-28,WN,Robert Frost,174.907892,-41.251204,Lower Hutt City,True,
1001710.0821,1001710,1001710.0821,"EQC 31 Rata Road, Hataitai","EQC 31 Rata Road, Hataitai, Wellington NZL-  North Island Wellington July 2017 Storm Event",,2017-08-28,WN,Nick Peters,174.799868,-41.30442,Wellington City,True,
1001710.0838,1001710,1001710.0838,"EQC 74 Mortimer Tce, Brooklyn","EQC 74 Mortimer Tce, Brooklyn, Wellington NZL-  North Island Wellington July 2017 Storm Event",,2017-08-28,WN,Nick Peters,174.76243,-41.298684,Wellington City,True,
1001710.0864,1001710,1001710.0864,"EQC 17 Wilson Grove, Normandale","EQC 17 Wilson Grove, Normandale, Lower Hutt NZL-  North Island Wellington July 2017 Storm Event",,2017-08-28,WN,Nick Peters,174.890352,-41.199318,Lower Hutt City,True,
1001710.0881,1001710,1001710.0881,"EQC 17 Adams Tce, Aro Valley","EQC 17 Adams Tce, Aro Valley, Wellington NZL-  North Island Wellington July 2017 Storm Event",,2017-08-28,WN,Nick Peters,174.763781,-41.293359,Wellington City,True,
1001710.0883,1001710,1001710.0883,"EQC 23 Doris Gordon Cres, Crofton Downs","EQC 23 Doris Gordon Cres, Crofton Downs, Wellington NZL-  North Island Wellington July 2017 Storm Event",,2017-08-28,WN,Nick Peters,174.75976,-41.254016,Wellington City,True,
1001710.1029,1001710,1001710.1029,"EQC 168 Park Road, Belmont","EQC 168 Park Road, Belmont, Lower Hutt NZL-  North Island Wellington August 2017 Storm Event",,2017-08-28,WN,Nick Peters,174.916067,-41.187584,Lower Hutt City,True,
1001710.1035,1001710,1001710.1035,"EQC 6 Makoura Grove, Paremata","EQC 6 Makoura Grove, Paremata, Kapiti Coast NZL-  North Island Wellington July 2017 Storm Event",,2017-08-28,WN,Robert Frost,174.872602,-41.110605,Porirua City,True,
1001710.1049,1001710,1001710.1049,"EQC 9 Ogilvy Tce, Plimmerton","EQC 9 Ogilvy Tce, Plimmerton, Porirua NZL-  North Island Wellington July 2017 Storm Event",,2017-08-28,WN,Robert Frost,174.855507,-41.071485,Porirua City,True,
1001710.1061,1001710,1001710.1061,"EQC 48 Cluny Road, Plimmerton","EQC 48 Cluny Road, Plimmerton, Porirua NZL-  North Island Wellington July 2017 Storm Event",,2017-08-28,WN,Robert Frost,174.860253,-41.070209,Porirua City,True,
1001710.1069,1001710,1001710.1069,"EQC 1 Regal Gardens, Melrose","EQC 1 Regal Gardens, Melrose, Wellington NZL-  North Island Wellington July 2017 Storm Event",,2017-08-28,WN,Nick Peters,174.792989,-41.322126,Wellington City,True,
1001710.1085,1001710,1001710.1085,"EQC 37a Parnell Street, Fairfield","EQC 37a Parnell Street, Fairfield, Lower Hutt NZL-  North Island Wellington August 2017 Storm Event",,2017-08-28,WN,Nick Peters,174.938099,-41.210764,Lower Hutt City,True,
1001701.0598,1001701,1001701.0598,EQC 28 Acheron Hts,"EQC Claim 2017/010598 - EQC Land damage assessment at 28 Acheron Heights, Hanmer Springs - Kaikoura November 2016 EQ event.",,2017-08-29,CH,Elyse Armstrong,172.831389,-42.513852,,False,
1001710.0971,1001710,1001710.0971,"EQC 15a Adams Tce, Aro Valley","EQC 15a Adams Tce, Aro Valley, Wellington NZL-  North Island Wellington July 2017 Storm Event",,2017-08-29,WN,Robert Frost,174.763686,-41.293429,Wellington City,True,
1011602.2285,1011602,1011602.2285,EQC 1601 Inland Rd,"EQC Claim 2016/022285 - EQC Land damage assessment at 1601 Inland Road, Lyford, Waiau - Kaikoura November 2016 EQ event.",,2017-08-29,CH,Elyse Armstrong,173.109943,-42.539904,,False,
1001701.2323,1001701,1001701.2323,"EQC 82 Martin Farm Road, Kaiteriteri","EQC Claim 2017/012323 - EQC Land damage assessment at 82 Martin Farm Road, Kaiteriteri, Motueka - Kaikoura November 2016 EQ event.",,2017-08-31,CH,Elyse Armstrong,173.007983,-41.038438,,False,
1001710.1090,1001710,1001710.1090,"EQC 13 Mariri Road, Kelburn","EQC 13 Mariri Road, Kelburn, Wellington NZL-  North Island Wellington July 2017 Storm Event",,2017-08-31,WN,Robert Frost,174.763021,-41.285511,Wellington City,True,2013
1001700.6427,1001700,1001700.6427,EQC 48 Brougham St,"EQC Claim 2017/006427 - EQC Land damage assessment at 48 Brougham St, Nelson - Kaikoura November 2016 EQ event.",,2017-09-01,CH,Nick Peters,173.287777,-41.281982,,False,
1011602.3290,1011602,1011602.3290,EQC 2219 Kenepuru Rd,"EQC Claim 2016/023290 - EQC Land damage assessment at 2219 Kenepuru Road, Te Mahia, Marlborough Sounds - Kaikoura November 2016 EQ event.",,2017-09-01,CH,Elyse Armstrong,173.985303,-41.209302,,False,
1001710.0354,1001710,1001710.0354,"EQC 66 Hornsey Road, Melrose","EQC 66 Hornsey Road, Melrose, Wellington  NZL-  North Island Wellington July 2017 Storm Event",,2017-09-04,WN,Robert Frost,174.786762,-41.331128,Wellington City,True,
1001710.0427,1001710,1001710.0427,"EQC 44 Anne Street, Wadestown","EQC  44 Anne Street, Wadestown, Wellington  NZL-  North Island Wellington July 2017 Storm Event",,2017-09-04,WN,Robert Frost,174.782585,-41.261522,Wellington City,True,
1001710.0594,1001710,1001710.0594,"EQC 6 Nether Green Cres, Johnsonville","EQC  6 Nether Green Cres, Johnsonville, Wellington NZL-  North Island Wellington July 2017 Storm Event",,2017-09-04,WN,Robert Frost,174.797046,-41.217029,Wellington City,True,
1001710.0740,1001710,1001710.0740,"EQC 2 Oban Street, Wadestown","EQC 2 Oban Street, Wadestown, Wellington  NZL-  North Island Wellington July 2017 Storm Event",,2017-09-04,WN,Robert Frost,174.778729,-41.263725,Wellington City,True,
1001710.0808,1001710,1001710.0808,"EQC 63 Mairangi Road, Wadestown","EQC 63 Mairangi Road, Wadestown, Wellington  NZL-  North Island Wellington July 2017 Storm Event",,2017-09-04,WN,Robert Frost,174.767113,-41.263571,Wellington City,True,
1001710.0828,1001710,1001710.0828,"EQC 6 Dominion Park Street, Johnsonville","EQC 6 Dominion Park Street, Johnsonville, Wellington NZL-  North Island Wellington July 2017 Storm Event",,2017-09-04,WN,Robert Frost,174.806486,-41.232142,Wellington City,True,
1001710.0866,1001710,1001710.0866,"EQC 21 Cave Road, Houghton Bay","EQC 21 Cave Road, Houghton Bay, Wellington  NZL-  North Island Wellington July 2017 Storm Event",,2017-09-04,WN,Robert Frost,174.783546,-41.341402,Wellington City,True,
1001710.0970,1001710,1001710.0970,"EQC 19c Cave Road, Houghton Bay","EQC 19c Cave Road, Houghton Bay, Wellington  NZL-  North Island Wellington July 2017 Storm Event",,2017-09-04,WN,Robert Frost,174.783743,-41.34135,Wellington City,True,
1001710.1063,1001710,1001710.1063,"EQC 66 Hornsey Road, Melrose","EQC 66 Hornsey Road, Melrose, Wellington  NZL-  North Island Wellington July 2017 Storm Event",,2017-09-04,WN,Robert Frost,174.786667,-41.331194,Wellington City,True,
1001710.1169,1001710,1001710.1169,"EQC 142 Aro Street, Aro Valley","EQC 142 Aro Street, Aro Valley, Wellington  NZL-  North Island Wellington July 2017 Storm Event",,2017-09-04,WN,Robert Frost,174.764594,-41.294916,Wellington City,True,
1001710.1216,1001710,1001710.1216,"EQC 12-12a Singers Road, Korokoro","EQC 12-12a Singers Road, Korokoro, Lower Hutt NZL-  North Island Wellington July 2017 Storm Event",,2017-09-04,WN,Nick Peters,174.866628,-41.220224,Lower Hutt City,True,
1001710.1225,1001710,1001710.1225,"EQC 7 Rosalind Street, Ngaio","EQC 7 Rosalind Street, Ngaio, Wellington NZL-  North Island Wellington July 2017 Storm Event",,2017-09-04,WN,Nick Peters,174.777662,-41.244927,Wellington City,True,
1001702.3600,1001702,1001702.3600,EQC 8 Lincoln Grv,"EQC Claim 2017/023600 -  EQC Land damage assessment at 8 Lincoln Grove, Wainuiomata, Lower Hutt - Kaikoura November 2016 earthquake event.",,2017-09-06,CH,Elyse Armstrong,174.948632,-41.267678,Lower Hutt City,True,
1011602.1899,1011602,1011602.1899,EQC 182 Paekakariki Hill Rd,"EQC Claim 2016/021899 -  EQC Land damage assessment at 182 Paekakariki Hill Road, Pauatahanui, Porirua - Kaikoura November 2016 earthquake event.",,2017-09-06,CH,Elyse Armstrong,174.918126,-41.09098,Porirua City,True,
1001710.1260,1001710,1001710.1260,"EQC 27 Everton Tce, Kelburn","EQC 27 Everton Tce, Kelburn, Wellington NZL-  North Island Wellington July 2017 Storm Event",,2017-09-07,WN,Nick Peters,174.771158,-41.285007,Wellington City,True,
1011600.0001,1011600,1011600.0001,EQC Kaikoura EQ site specific group 1,EQC Kaikoura EQ site specific assessments group 1,,2017-09-07,AK,Nick Peters,173.97516028000007,-41.210837879999985,,False,
1011600.0002,1011600,1011600.0002,EQC Kaikoura EQ site specific group 2,EQC Kaikoura EQ site specific assessments group 2,,2017-09-07,AK,Nick Peters,173.97516028000007,-41.210837879999985,,False,
1011600.0003,1011600,1011600.0003,EQC Kaikoura EQ site specific group 3,EQC Kaikoura EQ site specific assessments group 3,,2017-09-07,AK,Nick Peters,173.97516028000007,-41.210837879999985,,False,
1011600.0004,1011600,1011600.0004,EQC Kaikoura EQ site specific group 4,EQC Kaikoura EQ site specific assessments group 4,,2017-09-07,AK,Nick Peters,173.97516028000007,-41.210837879999985,,False,
1001710.0786,1001710,1001710.0786,"EQC 194a Barnard Street, Wadestown","EQC 194a Barnard Street, Wadestown, Wellington NZL-  North Island Wellington July 2017 Storm Event",,2017-09-08,WN,Nick Peters,174.785091,-41.259695,Wellington City,True,
1001710.0526,1001710,1001710.0526,"EQC 13 Ruth Grove, Karori","EQC 13 Ruth Grove, Karori, Wellington NZL-  North Island Wellington July 2017 Storm Event",,2017-09-10,WN,Nick Peters,174.725399,-41.293794,Wellington City,True,2013
1001710.0980,1001710,1001710.0980,"EQC 19 Hudson Street, Island Bay","EQC 19 Hudson Street, Island Bay, Wellington NZL-  North Island Wellington August 2017 Storm Event",,2017-09-10,WN,Nick Peters,174.779282,-41.334717,Wellington City,True,
1001700.1459,1001700,1001700.1459,EQC 51 Ashton Fitchett Dr,"EQC Claim 2017/001459 - EQC land damage assessment at 51 Ashton Fitchett Drive, Brooklyn, Wellington - Kaikoura Earthquake Event",,2017-09-11,CH,Elyse Armstrong,174.753631,-41.305373,Wellington City,True,
1001710.0446,1001710,1001710.0446,"EQC 23 Wadestown Road, Wadestown","EQC 23 Wadestown Road, Wadestown, Wellington NZL-  North Island Wellington May 2017 Storm Event",,2017-09-11,WN,Nick Peters,174.777382,-41.264439,Wellington City,True,
1001710.0550,1001710,1001710.0550,"EQC 13 Surrey Street, Wilton","EQC 13 Surrey Street, Wilton, Wellington NZL-  North Island Wellington July 2017 Storm Event",,2017-09-11,WN,Nick Peters,174.755689,-41.271539,Wellington City,True,2013
1001710.0723,1001710,1001710.0723,"EQC 19 Franklyn Road, Tawa","EQC 19 Franklyn Road, Tawa, Wellington NZL-  North Island Wellington July 2017 Storm Event",,2017-09-11,WN,Nick Peters,174.820677,-41.164012,Wellington City,True,
1001710.0733,1001710,1001710.0733,"EQC 9 MacKenzie Road, Eastbourne","EQC 9 MacKenzie Road, Eastbourne, Lower Hutt NZL-  North Island Wellington July 2017 Storm Event",,2017-09-11,WN,Nick Peters,174.899907,-41.291862,Lower Hutt City,True,
1001710.0757,1001710,1001710.0757,"EQC 46b Richmond Ave, Karori","EQC 46b Richmond Ave, Karori, Wellington NZL-  North Island Wellington July 2017 Storm Event",,2017-09-11,WN,Nick Peters,174.730602,-41.289724,Wellington City,True,
1001710.0802,1001710,1001710.0802,"EQC 6 John Street, Stokes Valley","EQC  6 John Street, Stokes Valley, Lower Hutt NZL-  North Island Wellington July 2017 Storm Event",,2017-09-11,WN,Nick Peters,174.986131,-41.162943,Lower Hutt City,True,
1001710.0843,1001710,1001710.0843,"EQC 88 Heke Street, Ngaio","EQC 88 Heke Street, Ngaio, Wellington NZL-  North Island Wellington July 2017 Storm Event",,2017-09-11,WN,Nick Peters,174.767862,-41.249671,Wellington City,True,
1001710.1002,1001710,1001710.1002,"EQC 175 Glenmore Street, Kelburn","EQC 175 Glenmore Street, Kelburn, Wellington NZL-  North Island Wellington August 2017 Storm Event",,2017-09-11,WN,Nick Peters,174.758298,-41.287799,Wellington City,True,
1001710.1009,1001710,1001710.1009,"EQC 44 Richmond Ave, Karori","EQC 44 Richmond Ave, Karori, Wellington NZL-  North Island Wellington July 2017 Storm Event",,2017-09-11,WN,Nick Peters,174.730531,-41.289585,Wellington City,True,
1001710.1100,1001710,1001710.1100,"EQC 75 Sunny Grove, Wainuiomata","EQC 75 Sunny Grove, Wainuiomata, Lower Hutt NZL-  North Island Wellington July 2017 Storm Event",,2017-09-11,WN,Nick Peters,174.968665,-41.281976,Lower Hutt City,True,
1001710.1219,1001710,1001710.1219,"EQC 13 Hornsey Road, Melrose","EQC 13 Hornsey Road, Melrose, Wellington NZL-  North Island Wellington September 2017 Storm Event",,2017-09-11,WN,Nick Peters,174.787969,-41.325326,Wellington City,True,2013
1001710.1239,1001710,1001710.1239,"EQC 36 Wyndham Road, Pinehaven","EQC 36 Wyndham Road, Pinehaven, Upper Hutt NZL-  North Island Wellington September 2017 Storm Event",,2017-09-11,WN,Nick Peters,175.00977,-41.158584,Upper Hutt City,True,
1011601.9661,1011601,1011601.9661,EQC 28 Edinburgh Ter,"EQC Claim 2016/019661 - EQC land damage assessment at 28 Edinburgh Terrace, Berhampore, Wellington - Kaikoura Earthquake Event",,2017-09-11,CH,Elyse Armstrong,174.779321,-41.322038,Wellington City,True,
1001700.2164,1001700,1001700.2164,EQC Lot 3 DP 1167 Milton Bay,"EQC Claim 2017/002164 - EQC Land damage assessment at Lot 3 DP 1167 Milton Bay, Marlborough Sounds - Kaikoura November 2016 earthquake event.",,2017-09-12,CH,Elyse Armstrong,174.180195,-41.186044,,False,
1001702.0704,1001702,1001702.0704,"EQC 89 Totara Road, Miramar","EQC 89 Totara Road, Miramar, Wellington NZL-  North Island Storm Event",,2017-09-12,WN,Nick Peters,174.826674,-41.307223,Wellington City,True,
1001710.0573,1001710,1001710.0573,"EQC 168 Fraser Ave, Johnsonville","EQC 168 Fraser Ave, Johnsonville, Wellington NZL-  North Island Wellington July 2017 Storm Event",,2017-09-12,WN,Nick Peters,174.800232,-41.234205,Wellington City,True,
1001710.0669,1001710,1001710.0669,"EQC 16 Mako View, Titahi Bay","EQC 16 Mako View, Titahi Bay, Porirua NZL-  North Island Wellington July 2017 Storm Event",,2017-09-12,WN,Nick Peters,174.825961,-41.11046,Porirua City,True,2016
1001710.0817,1001710,1001710.0817,"EQC 52 Waihora Crescent, Porirua East","EQC 52 Waihora Crescent, Porirua East, Porirua NZL-  North Island Wellington July 2017 Storm Event",,2017-09-12,WN,Nick Peters,174.880716,-41.137949,Porirua City,True,
1011603.4957,1011603,1011603.4957,EQC 444 Port Underwood Road,"EQC Claim 2016/034957  - EQC Land damage assessment at 444 Port Underwood Road, Whatamango Bay, Picton - Kaikoura November 2016 EQ event.",,2017-09-12,CH,Elyse Armstrong,174.073134,-41.262983,,False,
1001701.2880,1001701,1001701.2880,EQC 12 Bouverie St,"EQC Claim 2017/012880 -  EQC Land damage assessment at 12 Bouverie Street, Petone, Lower Hutt - Kaikoura November 2016 earthquake event.",,2017-09-13,CH,Nick Peters,174.887175,-41.220346,Lower Hutt City,True,
1001710.0525,1001710,1001710.0525,EQC 41 Hungerford Rd,"EQC Claim 2017/100525 - EQC Land damage assessment at 41 Hungerford Road, Lyall Bay, Wellington - July 2017 Landslip/Storm/Flood",,2017-09-13,CH,Nick Peters,174.789711,-41.339517,Wellington City,True,
1001710.0803,1001710,1001710.0803,"EQC 16 Signallers Grove, Strathmore","EQC 16 Signallers Grove, Strathmore, Wellington  NZL-  North Island Wellington July 2017 Storm Event",,2017-09-13,WN,Nick Peters,174.829084,-41.330532,Wellington City,True,2016
1001710.0948,1001710,1001710.0948,EQC 5-8/282 Cockayne Rd,"EQC Claim 2017/100948 - EQC Land damage assessment at 5-8/282 Cockayne Road, Ngaio, Wellington - June 2017 Landslip/Storm/Flood",,2017-09-13,CH,Nick Peters,174.776113,-41.253375,Wellington City,True,
1001710.0981,1001710,1001710.0981,"EQC 16 Vallance Street, Kilbirnie","EQC 16 Vallance Street, Kilbirnie, Wellington  NZL-  North Island Wellington August 2017 Storm Event",,2017-09-13,WN,Nick Peters,174.791502,-41.314221,Wellington City,True,2016
1001710.1003,1001710,1001710.1003,"EQC 71 Cluny Road, Plimmerton","EQC  71 Cluny Road, Plimmerton, Porirua NZL-  North Island Wellington August 2017 Storm Event",,2017-09-13,WN,Nick Peters,174.860153,-41.069188,Porirua City,True,
1001710.1017,1001710,1001710.1017,"EQC 28 Eden Street, Island Bay","EQC 28 Eden Street, Island Bay, Wellington NZL-  North Island Wellington July 2017 Storm Event",,2017-09-13,WN,Nick Peters,174.772366,-41.329702,Wellington City,True,
1001710.1027,1001710,1001710.1027,"EQC 12 Kahu Street, Paremata","EQC  12 Kahu Street, Paremata NZL-  North Island Wellington August 2017 Storm Event",,2017-09-13,WN,Nick Peters,174.871829,-41.107131,Porirua City,True,
1001710.1050,1001710,1001710.1050,EQC 4B Timaru Grv,"EQC Claim 2017/101050 - EQC Land damage assessment at 4B Timaru Grove, Kelson, Lower Hutt - August 2017 Landslip/Storm/Flood",,2017-09-13,CH,Nick Peters,174.933267,-41.178143,Lower Hutt City,True,
1001710.1075,1001710,1001710.1075,"EQC 48 Maida Vale Road, Roseneath","EQC 48 Maida Vale Road, Roseneath, Wellington  NZL-  North Island Wellington August 2017 Storm Event",,2017-09-13,WN,Nick Peters,174.802128,-41.289806,Wellington City,True,
1001710.1101,1001710,1001710.1101,EQC 154A Pembroke Rd,"EQC Claim 2017/101101 - EQC Land damage assessment at 154A Pembroke Road, Wilton, Wellington - June 2017 Landslip/Storm/Flood",,2017-09-13,CH,Nick Peters,174.759119,-41.272144,Wellington City,True,
1001710.1118,1001710,1001710.1118,EQC 22 Speldhurst Grv,"EQC Claim 2017/101118 - EQC Land damage assessment at 22 Speldhurst Grove, Stokes Valley, Lower Hutt - August 2017 Landslip/Storm/Flood",,2017-09-13,CH,Nick Peters,174.984612,-41.173873,Lower Hutt City,True,
1001710.1176,1001710,1001710.1176,EQC 76 Raukawa St,"EQC Claim 2017/101176 - EQC Land damage assessment at 76 Raukawa Street, Stokes Valley, Lower Hutt - August 2017 Landslip/Storm/Flood",,2017-09-13,CH,Nick Peters,174.976805,-41.187027,Lower Hutt City,True,
1001710.1189,1001710,1001710.1189,EQC 531A Broadway,"EQC Claim 2017/101189 - EQC Land damage assessment at 531A Broadway, Miramar, Wellington - July 2017 Landslip/Storm/Flood",,2017-09-13,CH,Nick Peters,174.822384,-41.323587,Wellington City,True,
1001710.1197,1001710,1001710.1197,EQC 4 Evesham Pl,"EQC Claim 2017/101197 - EQC Land damage assessment at 4 Evesham Place, Newlands, Wellington - August 2017 Landslip/Storm/Flood",,2017-09-13,CH,Nick Peters,174.813181,-41.229526,Wellington City,True,
1001710.1199,1001710,1001710.1199,EQC 161 The Ridgeway,"EQC Claim 2017/101199 - EQC Land damage assessment at 161 The Ridgeway, Mornington, Wellington - August 2017 Landslip/Storm/Flood",,2017-09-13,CH,Nick Peters,174.764959,-41.320136,Wellington City,True,
1001710.1215,1001710,1001710.1215,EQC 85 Volga St,"EQC Claim 2017/101215 - EQC Land damage assessment at 85 Volga Street, Island Bay, Wellington - September 2017 Landslip/Storm/Flood",,2017-09-13,CH,Nick Peters,174.779348,-41.333053,Wellington City,True,
1001710.1217,1001710,1001710.1217,EQC 84 Holloway Rd,"EQC Claim 2017/101217 - EQC Land damage assessment at 84 Holloway Road, Aro Valley Wellington - September 2017 Landslip/Storm/Flood",,2017-09-13,CH,Nick Peters,174.756605,-41.296624,Wellington City,True,
1001710.1218,1001710,1001710.1218,"EQC 2/151 Barnard Street, Wadestown","EQC 2/151 Barnard Street, Wadestown, Wellington NZL-  North Island Wellington August 2017 Storm Event",,2017-09-13,WN,Nick Peters,174.785999,-41.260834,Wellington City,True,
1001710.1222,1001710,1001710.1222,EQC 25 Mitchell St,"EQC Claim 2017/101222 - EQC Land damage assessment at 25 Mitchell Street, Brooklyn, Wellington - July 2017 Landslip/Storm/Flood",,2017-09-13,CH,Nick Peters,174.760155,-41.303356,Wellington City,True,
1001710.1236,1001710,1001710.1236,EQC 338 The Esplanade,"EQC Claim 2017/101236 - EQC Land damage assessment at 338 The Esplanade, Island Bay, Wellington - August 2017 Landslip/Storm/Flood",,2017-09-13,CH,Nick Peters,174.768019,-41.347586,Wellington City,True,
1001710.1315,1001710,1001710.1315,EQC 156 Pembroke Rd,"EQC Claim 2017/101315 - EQC Land damage assessment at 156 Pembroke Road, Wilton, Wellington - September 2017 Landslip/Storm/Flood",,2017-09-13,CH,Nick Peters,174.75932,-41.272066,Wellington City,True,
1011603.1309,1011603,1011603.1309,EQC 22 Alder Pl,"EQC Claim 2016/031309 -  EQC Land damage assessment at 22 Alder Place, Newlands, Wellington - Kaikoura November 2016 earthquake event.",,2017-09-13,CH,Nick Peters,174.827906,-41.225512,Wellington City,True,
1001700.1399,1001700,1001700.1399,EQC 2 Kumutoto Bay,"EQC Claim 2017/001399 - EQC Land damage assessment at 2 Kumutoto Bay, Marlborough Sounds -  November 2016 storm event.",,2017-09-14,CH,Marcus Lovell,174.069324,-41.219299,,False,
1001700.4205,1001700,1001700.4205,EQC 595 Port Underwood,"EQC Claim 2017/004205 - EQC Land damage assessment at 595 Port Underwood Rd, Whatamango Bay, Picton -  November 2016 Earthquake event.",,2017-09-14,CH,Elyse Armstrong,174.077659,-41.270487,,False,
1011603.2224,1011603,1011603.2224,"EQC 152 St Andrews Road, Plimmerton","EQC Claim 2016/032224 -  EQC Land damage assessment at 152 St Andrews Road, Plimmerton, Porirua - Kaikoura November 2016 earthquake event.",,2017-09-14,CH,Elyse Armstrong,174.867539,-41.088738,Porirua City,True,
1001702.0757,1001702,1001702.0757,"EQC 6 Jocelyn Cres, Pinehaven","EQC 6 Jocelyn Cres, Pinehaven, Upper Hutt NZL-  North Island Wellington April 2017 Storm Event",,2017-09-17,WN,Nick Peters,175.01268,-41.159817,Upper Hutt City,True,
1001700.2395,1001700,1001700.2395,EQC 48 Chaytor St,"EQC Claim 2017/002395 -  EQC Land damage assessment at 48 Chaytor Street, Karori, Wellington - Kaikoura November 2016 earthquake event.",,2017-09-19,CH,Elyse Armstrong,174.752752,-41.284022,Wellington City,True,
1001701.9500,1001701,1001701.9500,EQC 15 Montreal Grv,"EQC Claim 2017/019500 -  EQC Land damage assessment at 15 Montreal Grove, Kingston, Wellington - Kaikoura November 2016 earthquake event.",,2017-09-19,CH,Elyse Armstrong,174.762828,-41.323585,Wellington City,True,
1001701.9843,1001701,1001701.9843,EQC 6 The Crescent,"EQC Claim 2017/019843 -  EQC Land damage assessment at 6 The Crescent, Roseneath, Wellington - Kaikoura November 2016 earthquake event.",,2017-09-19,CH,Elyse Armstrong,174.801282,-41.289088,Wellington City,True,
1001710.1077,1001710,1001710.1077,EQC 173 Westdale Rd,"EQC Claim 2017/101077 - EQC Land damage assessment at 173 Westdale Rd, Richmond - Nelson August 2017 Landslip/Storm event.",,2017-09-19,NE,Marcus Lovell,173.077191,-41.278625,,False,
1001710.1106,1001710,1001710.1106,"EQC 1673 SH1, Tuamarina, Blenheim","EQC Claim 2017/101106 - EQC Land damage assessment at 1673 SH1 Tuamarina, Blenheim - Nelson August 2017 Landslip/Storm event.",,2017-09-19,NE,Marcus Lovell,173.960449,-41.422508,,False,
1001710.1399,1001710,1001710.1399,"EQC 79 Southgate Road, Island Bay","EQC 79 Southgate Road, Island Bay, Wellington NZL-  North Island Wellington July 2017 Storm Event",,2017-09-21,WN,Nick Peters,174.782072,-41.337405,Wellington City,True,
1011602.6553,1011602,1011602.6553,EQC 59 Athelney Rd,"EQC Claim 2016/026553 -  EQC Land damage assessment at 59 Athelney Road, Kaikoura Flat, Kaikoura - Kaikoura November 2016 earthquake event.",,2017-09-21,CH,Elyse Armstrong,173.678316,-42.370742,,False,
1011603.0677,1011603,1011603.0677,EQC 13A Bayview St,"EQC Claim 2016/030677 -  EQC Land damage assessment at 13A Bayview Street, Kaikoura - Kaikoura November 2016 earthquake event.",,2017-09-21,CH,Elyse Armstrong,173.678451,-42.404072,,False,
1001710.0300,1001710,1001710.0300,"EQC 11 Caribou Place, Kingston","EQC 11 Caribou Place, Kingston, Wellington NZL-  North Island Wellington June 2017 Storm Event",,2017-09-24,WN,Nick Peters,174.763879,-41.323339,Wellington City,True,
1001710.0402,1001710,1001710.0402,"EQC 54 Raroa Road, Kelburn","EQC 54 Raroa Road, Kelburn, Wellington NZL-  North Island Wellington July 2017 Storm Event",,2017-09-24,WN,Nick Peters,174.757861,-41.289667,Wellington City,True,
1001710.0460,1001710,1001710.0460,"EQC 53a Sierra Way, Blue Mountains","EQC 53a Sierra Way, Blue Mountains, Upper Hutt NZL-  North Island Wellington July 2017 Storm Event",,2017-09-24,WN,Nick Peters,175.037209,-41.168648,Upper Hutt City,True,
1001710.0693,1001710,1001710.0693,"EQC 17 Pope Street, Camborne","EQC 17 Pope Street, Camborne, Porirua NZL-  North Island Wellington July 2017 Storm Event",,2017-09-24,WN,Nick Peters,174.874619,-41.088261,Porirua City,True,
1001710.0762,1001710,1001710.0762,"EQC 60 Awarua Street, Ngaio","EQC 60 Awarua Street, Ngaio Wellington NZL-  North Island Wellington July 2017 Storm Event",,2017-09-24,WN,Nick Peters,174.771771,-41.243835,Wellington City,True,
1001710.0874,1001710,1001710.0874,"EQC 11 Sovereign Point, Kaiwharawhara","EQC11 Sovereign Point, Kaiwharawhara, Wellington NZL-  North Island Wellington July 2017 Storm Event",,2017-09-24,WN,Nick Peters,174.799308,-41.25391,Wellington City,True,
1001710.0924,1001710,1001710.0924,"EQC 358 The Terrace, Te Aro","EQC 358 The Terrace, Te Aroi, Wellington NZL-  North Island Wellington July 2017 Storm Event",,2017-09-24,WN,Nick Peters,174.769098,-41.293795,Wellington City,True,
1001710.1004,1001710,1001710.1004,"EQC 121 Motuhara Road, Plimmerton","EQC 121 Motuhara Road, Plimmerton, Porirua NZL-  North Island Wellington August 2017 Storm Event",,2017-09-24,WN,Nick Peters,174.860302,-41.0748,Porirua City,True,
1001710.1020,1001710,1001710.1020,"EQC 91 Mitchell Street, Brooklyn","EQC 91 Mitchell Street, Brooklyn, Wellington NZL-  North Island Wellington July 2017 Storm Event",,2017-09-24,WN,Nick Peters,174.759139,-41.306676,Wellington City,True,
1001710.1153,1001710,1001710.1153,"EQC 102 Gloaming Hill, Titahi Bay","EQC 102 Gloaming Hill, Titahi Ba, Porirua NZL-  North Island Wellington July 2017 Storm Event",,2017-09-24,WN,Nick Peters,174.849364,-41.107468,Porirua City,True,
1001710.1214,1001710,1001710.1214,"EQC 30 Priscilla Crescent, Kingston","EQC 30 Priscilla Crescent, Kingston, Wellington NZL-  North Island Wellington September 2017 Storm Event",,2017-09-24,WN,Nick Peters,174.76739,-41.321864,Wellington City,True,
1001710.1228,1001710,1001710.1228,"EQC 5 Halifax Street, Kingston","EQC  5 Halifax Street, Kingston, Wellington NZL-  North Island Wellington September 2017 Storm Event",,2017-09-24,WN,Nick Peters,174.76457,-41.323945,Wellington City,True,
1001710.1232,1001710,1001710.1232,"EQC 30 Dominion Park St, Johnsonville","EQC 30 Dominion Park St, Johnsonville, Wellington NZL-  North Island Wellington July 2017 Storm Event",,2017-09-24,WN,Nick Peters,174.807822,-41.230947,Wellington City,True,
1001710.1235,1001710,1001710.1235,"EQC 95 McKillop Street, Ranui","EQC 95 McKillop Street, Ranui, Porirua NZL-  North Island Wellington September 2017 Storm Event",,2017-09-24,WN,Nick Peters,174.857513,-41.139606,Porirua City,True,
1001710.1276,1001710,1001710.1276,"EQC 1140 Maymorn Road, Te Marua","EQC 1140 Maymorn Road, Te Marua, Upper Hutt NZL-  North Island Wellington July 2017 Storm Event",,2017-09-24,WN,Nick Peters,175.128228,-41.105777,Upper Hutt City,True,
1001710.1277,1001710,1001710.1277,"EQC 92 Allington Road, Karori","EQC  92 Allington Road, Karori, Wellington NZL-  North Island Wellington September 2017 Storm Event",,2017-09-24,WN,Nick Peters,174.716393,-41.290442,Wellington City,True,
1001701.5605,1001701,1001701.5605,"EQC - 7 Rangoon Street, Wellington","EQC Claim 2017/015605 -  EQC land damage assessment at 7 Rangoon Street, Khandallah, Wellington - Kaikoura November 2016 earthquake event.",,2017-09-25,CH,Elyse Armstrong,174.797216,-41.239667,Wellington City,True,
1011602.3485,1011602,1011602.3485,"EQC - 563 Stag and Spey Rd, Kaikoura","EQC Claim 2016/023485 -  EQC land damage assessment at 563 Stag and Spey Road, Stag and Spey, Kaikoura - Kaikoura November 2016 earthquake event.",,2017-09-25,CH,Elyse Armstrong,173.351274,-42.470376,,False,
1001710.0871,1001710,1001710.0871,EQC 300 Ranzau Rd,"EQC Claim 2017/100871 - EQC Land damage assessment at 300 Ranzau Rd, Hope, Richmond  - Nelson July 2017 Landslip/Storm event.",,2017-09-27,NE,Marcus Lovell,173.157672,-41.358148,,False,
1001710.1230,1001710,1001710.1230,EQC 10 Bristol Lane,"EQC Claim 2017/101230 - EQC Land damage assessment at 10 Bristol Lane, Atawhai, Nelson - Nelson August 2017 Landslip/Storm event.",,2017-09-27,NE,Marcus Lovell,173.324216,-41.247935,,False,
1001700.2782,1001700,1001700.2782,"EQC 11 The Parade, Waipara","EQC Claim 2017/002782 -  EQC Land damage assessment at 11 The Parade, Teviotdale, Waipara - Kaikoura November 2016 earthquake event.",,2017-09-28,CH,Elyse Armstrong,173.077976,-43.0487,,False,
1001710.0818,1001710,1001710.0818,"EQC 610 Marine Drive, Days Bay","EQC 610 Marine Drive, Days Bay, Lower Hutt  NZL-  North Island Wellington July 2017 Storm Event",,2017-10-02,WN,Nick Peters,174.905115,-41.277282,Lower Hutt City,True,
1001710.1066,1001710,1001710.1066,"EQC 121 Holborn Drive, Stokes Valley","EQC 121 Holborn Drive, Stokes Valley, Lower Hutt NZL-  North Island Wellington August 2017 Storm Event",,2017-10-02,WN,Nick Peters,174.979179,-41.16586,Lower Hutt City,True,
1001710.1068,1001710,1001710.1068,"EQC 152 St Andrews Road, Plimmerton","EQC 152 St Andrews Road, Plimmerton, Porirua NZL-  North Island Wellington August 2017 Storm Event",,2017-10-02,WN,Nick Peters,174.867347,-41.088681,Porirua City,True,
1001710.1145,1001710,1001710.1145,"EQC 13a Yarrow Place, Papakowhai","EQC 13a Yarrow Place, Papakowhai, Porirua  NZL-  North Island Wellington August 2017 Storm Event",,2017-10-02,WN,Nick Peters,174.867227,-41.115108,Porirua City,True,
1001710.1166,1001710,1001710.1166,"EQC 57 Winston Street, Crofton Downs","EQC 57 Winston Street, Crofton Downs, Wellington  NZL-  North Island Wellington August 2017 Storm Event",,2017-10-02,WN,Nick Peters,174.763078,-41.258889,Wellington City,True,
1001710.1231,1001710,1001710.1231,"EQC 81 Volga Street, Island Bay","EQC 81 Volga Street, Island Bay, Wellington NZL-  North Island Wellington August 2017 Storm Event",,2017-10-02,WN,Nick Peters,174.779132,-41.332849,Wellington City,True,
1001710.1244,1001710,1001710.1244,"EQC 8 Sheridan Tce, Johnsonville","EQC 8 Sheridan Tce, Johnsonville, Wellington NZL-  North Island Wellington August 2017 Storm Event",,2017-10-02,WN,Nick Peters,174.809634,-41.224021,Wellington City,True,
1001710.1281,1001710,1001710.1281,"EQC 16 Ngaumatau Road, Point Howard","EQC 16 Ngaumatau Road, Point Howard, Lower Hutt NZL-  North Island Wellington August 2017 Storm Event",,2017-10-02,WN,Nick Peters,174.910029,-41.25198,Lower Hutt City,True,2016
1001710.1285,1001710,1001710.1285,"EQC 2/517 Marine Drive, Sunshine Bay","EQC 2/517 Marine Drive, Sunshine Bay, Lower Hutt  NZL-  North Island Wellington August 2017 Storm Event",,2017-10-02,WN,Nick Peters,174.905134,-41.275781,Lower Hutt City,True,
1001710.1292,1001710,1001710.1292,"EQC 11b Doris Gordon Cres, Crofton Downs","EQC 11b Doris Gordon Cres, Crofton Downs, Wellington NZL-  North Island Wellington September 2017 Storm Event",,2017-10-02,WN,Nick Peters,174.760404,-41.254421,Wellington City,True,
1001710.1389,1001710,1001710.1389,"EQC 52 Raroa Road, Kelburn","EQC 52 Raroa Road, Kelburn, Wellington NZL-  North Island Wellington July 2017 Storm Event",,2017-10-02,WN,Nick Peters,174.757636,-41.289496,Wellington City,True,
1001710.1401,1001710,1001710.1401,"EQC 15 Mairi Road, Kelburn","EQC 15 Mairi Road, Kelburn, Wellington NZL-  North Island Wellington August 2017 Storm Event",,2017-10-02,WN,Nick Peters,174.762436,-41.285575,Wellington City,True,
1001710.1423,1001710,1001710.1423,"EQC 27 Mitchell Street, Brooklyn","EQC 27 Mitchell Street, Brooklyn, Wellington NZL-  North Island Wellington August 2017 Storm Event",,2017-10-02,WN,Nick Peters,174.7599,-41.303503,Wellington City,True,
1001710.0976,1001710,1001710.0976,"EQC 21 Kenya Street, Ngaio","EQC 21 Kenya Street, Ngaio, Wellington NZL-  North Island Wellington July 2017 Storm Event",,2017-10-03,WN,Nick Peters,174.772673,-41.253156,Wellington City,True,
1001710.1111,1001710,1001710.1111,"EQC 1 Houghton Bay Road, Houghton Bay","EQC 1 Houghton Bay Road, Houghton Bay, Wellington NZL-  North Island Wellington August 2017 Storm Event",,2017-10-03,WN,Nick Peters,174.782968,-41.33011,Wellington City,True,
1001710.1204,1001710,1001710.1204,"EQC 92 Tio Tio Road, Seatoun","EQC 92 Tio Tio Road, Seatoun, Wellington NZL-  North Island Wellington August 2017 Storm Event",,2017-10-03,WN,Nick Peters,174.828034,-41.321876,Wellington City,True,
1001710.1208,1001710,1001710.1208,"EQC 96 Wallace Street, Mount Cook","EQC 96 Wallace Street, Mount Cook, Wellington NZL-  North Island Wellington July 2017 Storm Event",,2017-10-03,WN,Nick Peters,174.774779,-41.305311,Wellington City,True,
1001710.1274,1001710,1001710.1274,"EQC 1-7/9 Wilkinson Street, Oriental Bay","EQC 1-7/9 Wilkinson Street, Oriental Bay, Wellington NZL-  North Island Wellington July 2017 Storm Event",,2017-10-03,WN,Nick Peters,174.796239,-41.291742,Wellington City,True,
0085651.2492,0085651,85651.2492,"EQC 60 Kaitangata Cres, Lower Hutt","EQC Claim 2013/012492 - EQC Land damage assessment at 60 Kaitangata Crescent, Kelson, Lower Hutt - August 2013 Earthquake",,2017-10-04,CH,Nick Peters,174.938157,-41.167689,Lower Hutt City,True,
1001700.6273,1001700,1001700.6273,EQC 41 Hudson Steet - Wellington,"EQC Claim 2017/006273 - EQC Land damage assessment at 41 Hudson Street, Island Bay, Wellington - Kaikoura November 2016 EQ event.",,2017-10-04,CH,Elyse Armstrong,174.778966,-41.335778,Wellington City,True,
1001700.8286,1001700,1001700.8286,"EQC 2 Lincoln Avenue, Wellington","EQC Claim 2017/008286 - EQC Land damage assessment at 2 Lincoln Avenue, Tawa, Wellington - Kaikoura November 2016 earthquake event.",,2017-10-04,CH,Elyse Armstrong,174.824328,-41.168131,Wellington City,True,
1001701.4562,1001701,1001701.4562,"EQC 106B Beach Road, Kaikoura","EQC Claim 2017/014562 - EQC Land damage assessment at 106B Beach Road, Kaikoura - Kaikoura November 2016 EQ event.",,2017-10-04,CH,Elyse Armstrong,173.680436,-42.390211,,False,
1001701.8668,1001701,1001701.8668,"EQC 6 Kenilworth Grove, Upper Hutt","EQC Claim 2017/018668 - EQC Land damage assessment at 6 Kenilworth Grove, Silverstream, U pper Hutt - Kaikoura November 2016 earthquake event.",,2017-10-04,CH,Elyse Armstrong,175.026379,-41.14699,Upper Hutt City,True,
1001710.0729,1001710,1001710.0729,"EQC 55 Madras Street, Khandallah","EQC 55 Madras Street, Khandallah, Wellington  NZL-  North Island Wellington June 2017 Storm Event",,2017-10-04,WN,Nick Peters,174.79838,-41.24277,Wellington City,True,
1001710.1037,1001710,1001710.1037,"EQC 2 Upoko Road, Hataitai","EQC 2 Upoko Road, Hataitai, Wellington  NZL-  North Island Wellington July 2017 Storm Event",,2017-10-04,WN,Nick Peters,174.79497,-41.300173,Wellington City,True,
1001710.1256,1001710,1001710.1256,"EQC 88 Wyndham Road, Pinehaven","EQC 88 Wyndham Road, Pinehaven, Upper Hutt NZL-  North Island Wellington July 2017 Storm Event",,2017-10-04,WN,Nick Peters,175.009741,-41.161409,Upper Hutt City,True,
1011602.6497,1011602,1011602.6497,"EQC 237 Schoolhouse Road, Kaikoura","EQC Claim 2016/026479 - EQC Land damage assessment at 237 Schoolhouse Road, Kaikoura - Kaikoura November 2016 EQ event.",,2017-10-04,CH,Elyse Armstrong,173.659934,-42.367388,,False,
1001710.0478,1001710,1001710.0478,"EQC 21 Pacific View, Whitby","EQC 21 Pacific View, Whitby, Porirua  NZL-  North Island Wellington July 2017 Storm Event",,2017-10-05,WN,Nick Peters,174.906543,-41.11808,Porirua City,True,
1001710.0906,1001710,1001710.0906,"EQC 16 Spenmoor Street, Newlands","EQC 16 Spenmoor Street, Newlands, Wellington  NZL-  North Island Wellington July 2017 Storm Event",,2017-10-05,WN,Nick Peters,174.816395,-41.231539,Wellington City,True,2016
1001710.1259,1001710,1001710.1259,"EQC 112 Seatoun Heights Road, Seatoun","EQC 112 Seatoun Heights Road, Seatoun, Wellington  NZL-  North Island Wellington September 2017 Storm Event",,2017-10-05,WN,Nick Peters,174.825652,-41.315413,Wellington City,True,
1001710.1264,1001710,1001710.1264,"EQC 126 Seatoun Heights Road, Seatoun","EQC 126 Seatoun Heights Road, Seatoun, Wellington  NZL-  North Island Wellington September 2017 Storm Event",,2017-10-05,WN,Nick Peters,174.825673,-41.314958,Wellington City,True,
1001710.1317,1001710,1001710.1317,"EQC 21 Madras Street, Khandallah","EQC 21 Madras Street, Khandallah, Wellington  NZL-  North Island Wellington August 2017 Storm Event",,2017-10-05,WN,Nick Peters,174.796535,-41.241729,Wellington City,True,
1011602.0728,1011602,1011602.0728,"EQC 90 Heretaunga Square, Upper Hutt","EQC Claim 2016/020728  EQC Land damage assessment at 90 Heretaunga Square, Silverstream, Upper Hutt - Kaikoura November 2016 earthquake event.",,2017-10-08,CH,Elyse Armstrong,175.023959,-41.145297,Upper Hutt City,True,
1001710.0453,1001710,1001710.0453,"EQC 10 Naver Place, Papakowhai","EQC 10 Naver Place, Papakowhai, Poriura NZL-  North Island Wellington July 2017 Storm Event",,2017-10-09,WN,Nick Peters,174.86513,-41.112988,Porirua City,True,
1001710.1193,1001710,1001710.1193,"EQC 22 Norna Cres, Kelburn","EQC 22 Norna Cres, Kelburn, Wellington NZL-  North Island Wellington July 2017 Storm Event",,2017-10-09,WN,Nick Peters,174.757335,-41.291175,Wellington City,True,
1001710.1205,1001710,1001710.1205,"EQC 2 Kastos Way, Strathmore Park","EQC 2 Kastos Way, Strathmore Park, Wellington NZL-  North Island Wellington July 2017 Storm Event",,2017-10-09,WN,Nick Peters,174.822182,-41.33157,Wellington City,True,
1001710.1310,1001710,1001710.1310,"EQC 8 Korokoro Road, Korokoro","EQC 8 Korokoro Road, Korokoro, Lower Hutt  NZL-  North Island Wellington June 2017 Storm Event",,2017-10-09,WN,Nick Peters,174.869448,-41.219859,Lower Hutt City,True,
1001710.1496,1001710,1001710.1496,"EQC 11 Hadfield Tce, Kelburn","EQC 11 Hadfield Tce, Kelburn, Wellington NZL-  North Island Wellington September 2017 Storm Event",,2017-10-09,WN,Nick Peters,174.762954,-41.291426,Wellington City,True,
1001710.0411,1001710,1001710.0411,"EQC 65 Marewa Road, Hataitai","EQC  65 Marewa Road, Hataitai, Wellington NZL-  North Island Wellington July 2017 Storm Event",,2017-10-11,WN,Nick Peters,174.797374,-41.297281,Wellington City,True,
1001710.0458,1001710,1001710.0458,"EQC 93 Sidlaw Street, Strathmore Park","EQC 93 Sidlaw Street, Strathmore Park, Wellington NZL-  North Island Wellington July 2017 Storm Event",,2017-10-11,WN,Nick Peters,174.822562,-41.332182,Wellington City,True,
1001710.1296,1001710,1001710.1296,"EQC 16 Warwick Street, Wilton","EQC 16 Warwick Street, Wilton, Wellington NZL-  North Island Wellington September 2017 Storm Event",,2017-10-11,WN,Nick Peters,174.76054,-41.269229,Wellington City,True,2016
1001701.0413,1001701,1001701.0413,"EQC 3 Captain Edward Danielle Dr, Wgtn","EQC Claim 2017/010413 -  EQC Land damage assessment at 3 Captain Edward Daniell Drive, Ngaio, Wellington - Kaikoura November 2016 earthquake event.",,2017-10-12,CH,Elyse Armstrong,174.779395,-41.254555,Wellington City,True,
1001701.7516,1001701,1001701.7516,"EQC 206 Clova Bay Road, Marlborough","EQC Claim 2017/017516 -  EQC Land damage assessment at 206 Clova Bay Road, Totaranui, Marlborough Sounds - Kaikoura November 2016 earthquake event.",,2017-10-12,CH,Elyse Armstrong,174.047275,-41.101455,,False,
1001710.1478,1001710,1001710.1478,"EQC 29 Lincoln St, Picton","EQC Claim 2017/101478- EQC Land damage assessment at 29 Lincoln Street, Picton - Nelson September 2017 Landslip/Storm event.",,2017-10-12,NE,Marcus Lovell,174.020523,-41.286496,,False,
1001710.1400,1001710,1001710.1400,"EQC 12 Harbour View Hts, Picton","EQC Claim 2017/101400- EQC Land damage assessment at 12 Harbour View Hts, Picton - Nelson September 2017 Landslip/Storm event.",,2017-10-16,NE,Marcus Lovell,173.997793,-41.291353,,False,
1001710.1544,1001710,1001710.1544,"EQC 62 Burgess Road, Johnsonville","EQC  62 Burgess Road, Johnsonville, Wellington NZL-  North Island Wellington September 2017 Storm Event",,2017-10-17,WN,Nick Peters,174.812174,-41.222853,Wellington City,True,
1001710.0809,1001710,1001710.0809,"EQC 62 Raroa Road, Kelburn","EQC 62 Raroa Road, Kelburn, Wellington NZL-  North Island Wellington July 2017 Storm Event",,2017-10-18,WN,Nick Peters,174.757671,-41.290789,Wellington City,True,
1001710.0863,1001710,1001710.0863,"EQC 12 Lynmouth Ave, Karori","EQC 12 Lynmouth Ave, Karori, Wellington NZL-  North Island Wellington July 2017 Storm Event",,2017-10-18,WN,Nick Peters,174.727919,-41.289878,Wellington City,True,
1001710.1141,1001710,1001710.1141,"EQC 24 Upoko Road, Hataitai","EQC 24 Upoko Road, Hataitai, Wellington NZL-  North Island Wellington July 2017 Storm Event",,2017-10-18,WN,Nick Peters,174.795267,-41.298567,Wellington City,True,
1001710.1243,1001710,1001710.1243,"EQC 19d Pembroke Road, Northland","EQC 19d Pembroke Road, Northland, Wellington NZL-  North Island Wellington August 2017 Storm Event",,2017-10-18,WN,Nick Peters,174.760609,-41.277841,Wellington City,True,
1001710.1261,1001710,1001710.1261,"EQC 83 Awa Road, Worser Bay","EQC 83 Awa Road, Worser Bay, Wellington NZL-  North Island Wellington September 2017 Storm Event",,2017-10-18,WN,Nick Peters,174.829317,-41.311277,Wellington City,True,
1001710.1290,1001710,1001710.1290,"EQC 34 Tavistock Road, Melrose","EQC 34 Tavistock Road, Melrose, Wellington NZL-  North Island Wellington September 2017 Storm Event",,2017-10-18,WN,Nick Peters,174.78954,-41.32531,Wellington City,True,
1001710.1298,1001710,1001710.1298,"EQC 23 Tannadyce Street, Strathmore","EQC 23 Tannadyce Street, Strathmore, Wellington NZL-  North Island Wellington September 2017 Storm Event",,2017-10-18,WN,Nick Peters,174.824084,-41.329698,Wellington City,True,
1001710.1329,1001710,1001710.1329,"EQC 9 Glen Road, Kelburn","EQC 9 Glen Road, Kelburn, Wellington NZL-  North Island Wellington August 2017 Storm Event",,2017-10-18,WN,Nick Peters,174.764768,-41.285593,Wellington City,True,
1001710.1330,1001710,1001710.1330,"EQC 9 Glen Road, Kelburn","EQC 9 Glen Road, Kelburn, Wellington NZL-  North Island Wellington September 2017 Storm Event",,2017-10-18,WN,Nick Peters,174.764611,-41.285548,Wellington City,True,
1001710.1333,1001710,1001710.1333,"EQC 25 Fairview Crescent, Kelburn","EQC 25 Fairview Crescent, Kelburn, Wellington NZL-  North Island Wellington September 2017 Storm Event",,2017-10-18,WN,Nick Peters,174.759712,-41.287536,Wellington City,True,
1001710.1371,1001710,1001710.1371,"EQC 69 Airlie Road, Plimmerton","EQC 69 Airlie Road, Plimmerton, Porirua NZL-  North Island Wellington July 2017 Storm Event",,2017-10-18,WN,Nick Peters,174.858553,-41.068697,Porirua City,True,
1001710.1440,1001710,1001710.1440,"EQC 3 Fortification Road, Karaka Bays","EQC  3 Fortification Road, Karaka Bays, Wellington NZL-  North Island Wellington September 2017 Storm Event",,2017-10-18,WN,Nick Peters,174.829644,-41.300695,Wellington City,True,
1001710.1452,1001710,1001710.1452,"EQC 73A Airlie Road, Plimmerton","EQC 73A Airlie Road, Plimmerton, Porirua NZL-  North Island Wellington July 2017 Storm Event",,2017-10-18,WN,Nick Peters,174.858392,-41.068503,Porirua City,True,
1001710.1453,1001710,1001710.1453,"EQC 73b Airlie Road, Plimmerton","EQC 73b Airlie Road, Plimmerton, Porirua NZL-  North Island Wellington July 2017 Storm Event",,2017-10-18,WN,Nick Peters,174.85837,-41.068418,Porirua City,True,
1001710.1468,1001710,1001710.1468,"EQC 9 Armitage Street, Ngaio","EQC 9 Armitage Street, Ngaio, Wellington NZL-  North Island Wellington July 2017 Storm Event",,2017-10-18,WN,Nick Peters,174.77487,-41.255697,Wellington City,True,
1001710.1528,1001710,1001710.1528,"EQC 8a Sheridan Tce, Johnsonville","EQC 8a Sheridan Tce, Johnsonville, Wellington NZL-  North Island Wellington September 2017 Storm Event",,2017-10-18,WN,Nick Peters,174.809952,-41.224098,Wellington City,True,
1001700.5344,1001700,1001700.5344,"EQC 96 Upland Road, Wellington","EQC Claim 2017/005344 - EQC Land damage assessment at 96 Upland Road, Kelburn, Wellington -  Kaikoura EQ Event November 2016",,2017-10-19,CH,Elyse Armstrong,174.762331,-41.288745,Wellington City,True,
1001701.6523,1001701,1001701.6523,"EQC 43 Bayview Road, Porirua","EQC Claim 2017/016523 - EQC Land damage assessment at 43 Bayview Road, Paremata, Porirua -  Kaikoura Earthquake November 2016",,2017-10-19,CH,Elyse Armstrong,174.875907,-41.104917,Porirua City,True,
1001710.1521,1001710,1001710.1521,"EQC 2129 Kenepuru Rd, Marlborough Sounds","EQC Claim 2017/101521 -  EQC Land damage assessment at 2129 Kenepuru Rd, Te Mahia, Marlborough Sounds - Seddon September 2017 Earthquake event",,2017-10-19,CH,Marcus Lovell,173.976605,-41.21017,,False,
1011602.9163,1011602,1011602.9163,"EQC 23 Fyffe Ave, Kaikoura","EQC Claim 2016/029163 - EQC Land damage assessment at 23 Fyffe Avenue, Kaikoura -  Kaikoura EQ Event November 2016",,2017-10-19,CH,Elyse Armstrong,173.676342,-42.403209,,False,
1001710.1463,1001710,1001710.1463,"EQC 600 Hundalee Road, Cheviot","EQC Claim 2017/101463 - EQC Land damage assessment at 600 Hundalee Road, Hundalee, Cheviot - September 2017 Landslip/Storm/Flood",,2017-10-23,CH,Elyse Armstrong,173.445764,-42.559587,,False,
1001710.1527,1001710,1001710.1527,"EQC 134 Alabama Rd, Blenheim","EQC Claim 2017/101527 -  EQC Land damage assessment at 134 Alabama Rd, Redwoodtown, Blenheim - Seddon September 2017 Earthquake event",,2017-10-25,CH,Marcus Lovell,173.959777,-41.528349,,False,
1001701.0655,1001701,1001701.0655,"EQC 30 Cavendish Square, Wellington","EQC Claim 2017/010655 - EQC Land damage assessment at 30 Cavendish Square, Strathmore Park, Wellington - Kaikoura Earthquake November 2016",,2017-10-26,CH,Elyse Armstrong,174.82399,-41.325399,Wellington City,True,
1001701.5175,1001701,1001701.5175,"EQC 23A Kaka Road, Paraparaumu","EQC Claim 2017/015175 - EQC Land damage assessment at 23A Kaka Road, Raumati Beach, Paraparaumu - Kaikoura Earthquake Event November 2016",,2017-10-26,CH,Elyse Armstrong,174.987031,-40.915428,,False,
1001701.5625,1001701,1001701.5625,"EQC 101 Fraser Street, Lower Hutt","EQC Claim 2017/015625 - EQC Land damage assessment EQC 101 Fraser Street, Lower Hutt - Kaikoura Earthquake November 2016",,2017-10-26,CH,Elyse Armstrong,174.936568,-41.260778,Lower Hutt City,True,
1001702.4014,1001702,1001702.4014,"EQC 15 Konini Road, Wellington","EQC Claim 2017/024014 - EQC Land damage assessment at 15 Konini Road, Hataitai, Wellington - Kaikoura Earthquake Event November 2016",,2017-10-26,CH,Elyse Armstrong,174.794185,-41.302695,Wellington City,True,
1001710.0436,1001710,1001710.0436,"EQC 100 Totara Road, Miramar","EQC 100 Totara Road, Miramar, Wellington NZL-  North Island Wellington July 2017 Storm Event",,2017-10-26,WN,Nick Peters,174.827858,-41.306962,Wellington City,True,
1001710.0920,1001710,1001710.0920,"EQC 50 Hornsey Road, Melrose","EQC 50 Hornsey Road, Melrose, Wellington NZL-  North Island Wellington July 2017 Storm Event",,2017-10-26,WN,Nick Peters,174.785967,-41.330394,Wellington City,True,
1001710.1053,1001710,1001710.1053,"EQC 98 Grafton Road, Roseneath","EQC 98 Grafton Road, Roseneath, Wellington NZL-  North Island Wellington July 2017 Storm Event",,2017-10-26,WN,Nick Peters,174.799968,-41.293598,Wellington City,True,
1001710.1159,1001710,1001710.1159,"EQC Flats 1-13, 29 Miramar North Road","EQC Flats 1-13, 29 Miramar North Road, Miramar, Wellington NZL-  North Island Wellington August 2017 Storm Event",,2017-10-26,WN,Nick Peters,174.819806,-41.307445,Wellington City,True,
1001710.1477,1001710,1001710.1477,"EQC 73 Jubilee Road, Khandallah","EQC 73 Jubilee Road, Khandallah, Wellington NZL-  North Island Wellington September 2017 Storm Event",,2017-10-26,WN,Nick Peters,174.792522,-41.250611,Wellington City,True,
1001710.1505,1001710,1001710.1505,"EQC 73a Jubilee Road, Khandallah","EQC 73a Jubilee Road, Khandallah, Wellington NZL-  North Island Wellington September 2017 Storm Event",,2017-10-26,WN,Nick Peters,174.792683,-41.25076,Wellington City,True,
1001710.1510,1001710,1001710.1510,"EQC 218 Valley Road, Paraparaumu","EQC 218 Valley Road, Paraparaumu NZL-  North Island Wellington August 2017 Storm Event",,2017-10-26,WN,Nick Peters,175.006933,-40.940415,,False,
1001710.1590,1001710,1001710.1590,"EQC 2 Mizzen Place, Whitby","EQC 2 Mizzen Place, Whitby, Porirua NZL-  North Island Wellington September 2017 Storm Event",,2017-10-26,WN,Nick Peters,174.887826,-41.115632,Porirua City,True,
1011602.3229,1011602,1011602.3229,"EQC 97A Beach Road, Kaikoura","EQC Claim 2016/023229 - EQC Land damage assessment at 97A Beach Road, Kaikoura - Kaikoura Earthquake Event November 2016",,2017-10-26,CH,Elyse Armstrong,173.678569,-42.39073,,False,
1011602.6295,1011602,1011602.6295,"EQC 6 Kingfisher Close, Upper Hutt","EQC Claim 2016/026295 - EQC Land damage assessment at 6 Kingfisher Close, Brown Owl, Upper Hutt - Kaikoura Earthquake Event November 2016",,2017-10-26,CH,Elyse Armstrong,175.093825,-41.106808,Upper Hutt City,True,
1011602.7028,1011602,1011602.7028,"EQC 17 Fyffe Avenue, Kaikoura","EQC Claim 2016/027028 - EQC Land damage assessment at 17 Fyffe Avenue, Kaikoura - Kaikoura Earthquake Event November 2016",,2017-10-26,CH,Elyse Armstrong,173.676981,-42.403109,,False,
1011603.3505,1011603,1011603.3505,"EQC 1079 State Highway 1, Kaikoura","EQC Claim 2016/033505 - EQC Land damage assessment at 1079 State Highway 1, Mangamaunu, Kaikoura - Kaikoura Earthquake Event November 2016",,2017-10-26,CH,Elyse Armstrong,173.73693,-42.306444,,False,
1011603.4958,1011603,1011603.4958,"EQC 32 Koura Bay Road, Kaikoura","EQC Claim 2016/034958 - EQC Land damage assessment at 32 Koura Bay Road, Hapuku, Kaikoura - Kaikoura Earthquake Event November 2016",,2017-10-26,CH,Elyse Armstrong,173.670983,-42.331934,,False,
1001710.0876,1001710,1001710.0876,"EQC 85 Heke Street, Ngaio","EQC 85 Heke Street, Ngaioi, Wellington NZL-  North Island Wellington July 2017 Storm Event",,2017-10-29,WN,Nick Peters,174.767127,-41.250772,Wellington City,True,
1001710.1394,1001710,1001710.1394,"EQC 50 Catherine Cres, Paparangi","EQC 50 Catherine Cres, Paparangi, Wellington NZL-  North Island Wellington July 2017 Storm Event",,2017-10-29,WN,Nick Peters,174.818583,-41.216679,Wellington City,True,
1001710.1427,1001710,1001710.1427,"EQC 37 Southgate Road, Southgate","EQC 37 Southgate Road, Southgate, Wellington NZL-  North Island Wellington September 2017 Storm Event",,2017-10-29,WN,Nick Peters,174.783113,-41.334479,Wellington City,True,
1001710.1376,1001710,1001710.1376,"EQC 9 The Crowsnest, Whitby","EQC 9 The Crowsnest, Whitby, Porirua NZL-  North Island Wellington August 2017 Storm Event",,2017-10-31,WN,Nick Peters,174.894806,-41.105592,Porirua City,True,
1001710.1383,1001710,1001710.1383,"EQC 6 Yale Road, Mount Cook","EQC 6 Yale Road, Mount Cook, Wellington NZL-  North Island Wellington September 2017 Storm Event",,2017-10-31,WN,Nick Peters,174.776127,-41.304498,Wellington City,True,
1001710.1633,1001710,1001710.1633,"EQC 75 Seaview Road, Paremata","EQC 75 Seaview Road, Paremata, Porirua NZL-  North Island Wellington July 2017 Storm Event",,2017-10-31,WN,Nick Peters,174.881491,-41.099706,Porirua City,True,
1001700.9086,1001700,1001700.9086,"EQC 21 Greenburn Way, Kaikoura","EQC Claim 2017/009086 - EQC Land damage assessment at 21 Greenburn Way, Kaikoura Flat, Kaikoura - Kaikoura November 2016 EQ event.",,2017-11-01,CH,Elyse Armstrong,173.641527,-42.410936,,False,
1001710.1304,1001710,1001710.1304,"EQC 156a Oriental Parade, Oriental Bay","EQC 156a Oriental Parade, Oriental Bay, Wellington NZL-  North Island Wellington August 2017 Storm Event",,2017-11-01,WN,Nick Peters,174.790516,-41.291317,Wellington City,True,
1001710.1408,1001710,1001710.1408,"EQC 455 Marine Drive, Mahina Bay","EQC 455 Marine Drive, Mahina Bay, Lower Hutt NZL-  North Island Wellington September 2017 Storm Event",,2017-11-01,WN,Nick Peters,174.907578,-41.270987,Lower Hutt City,True,
1001701.7945,1001701,1001701.7945,"EQC 7 Brunner Street, Nelson","EQC Claim 2017/017945 - EQC Land damage assessment at 7 Brunner Street, Nelson South, Nelson -  Kaikoura EQ Event November 2016",,2017-11-05,CH,Elyse Armstrong,173.272402,-41.29303,,False,
1001701.9478,1001701,1001701.9478,"EQC 5 Thompson Terrace, Nelson","EQC Claim 2017/019478 - EQC Land damage assessment at 5 Thompson Terrace, Toi Toi, Nelson -  Kaikoura EQ Event November 2016",,2017-11-05,CH,Elyse Armstrong,173.263937,-41.290777,,False,
1001701.9882,1001701,1001701.9882,"EQC 1/8 Jasper Way, Nelson","EQC Claim 2017/019882 - EQC Land damage assessment at 1/8 Jasper Way, Washington Valley, Nelson -  Kaikoura EQ Event November 2016",,2017-11-05,CH,Elyse Armstrong,173.26965,-41.275764,,False,
1011601.9478,1011601,1011601.9478,"EQC 129A Beach Road, Kaikoura","EQC Claim 2016/019478 - EQC Land damage assessment at 129A Beach Road, Kaikoura -  Kaikoura EQ Event November 2016",,2017-11-05,CH,Elyse Armstrong,173.678215,-42.387695,,False,
1011602.7204,1011602,1011602.7204,"EQC 42 Stansell Avenue, Nelson","EQC Claim 2016/027204 - EQC Land damage assessment at 42 Stansell Avenue, Tahunanui,Nelson -  Kaikoura EQ Event November 2016",,2017-11-05,CH,Elyse Armstrong,173.250644,-41.282892,,False,
1001710.1582,1001710,1001710.1582,EQC 18 Russell St,"EQC Claim 2017/101582 - EQC Land damage assessment at 18 Russell St, Nelson - Nelson September 2017 Landslip/Storm event.",,2017-11-06,NE,Marcus Lovell,173.271334,-41.266108,,False,
1001702.4749,1001702,1001702.4749,"EQC 23 Reuben Ave, Brooklyn","EQC 23 Reuben Ave, Brooklyn, Wellington NZL-  North Island Wellington September 2017 Storm Event",,2017-11-07,WN,Nick Peters,174.761771,-41.308095,Wellington City,True,
1001710.1444,1001710,1001710.1444,"EQC 111 Ashton Fitchett Drive, Brooklyn","EQC 111 Ashton Fitchett Drive, Brooklyn, Wellington NZL-  North Island Wellington September 2017 Storm Event",,2017-11-07,WN,Nick Peters,174.754065,-41.31019,Wellington City,True,
1001710.1515,1001710,1001710.1515,"EQC 21 Hiropi Street, Newtown","EQC 21 Hiropi Street, Newtown, Wellington NZL-  North Island Wellington August 2017 Storm Event",,2017-11-07,WN,Nick Peters,174.786105,-41.313943,Wellington City,True,
1001710.1526,1001710,1001710.1526,"EQC 3 Chesterton Street, Johnsonville","EQC 3 Chesterton Street, Johnsonville, Wellington NZL-  September 2017 Storm/Landslip Event",,2017-11-07,WN,Nick Peters,174.812161,-41.223006,Wellington City,True,
1001710.1580,1001710,1001710.1580,"EQC 47 Upland Road, Kelburn","EQC 47 Upland Road, Kelburn, Wellington NZL-  North Island Wellington September 2017 Storm Event",,2017-11-07,WN,Nick Peters,174.765781,-41.288193,Wellington City,True,
1001710.1639,1001710,1001710.1639,"EQC 18 Hoggard Street, Vogeltown","EQC 18 Hoggard Street, Vogeltown, Wellington NZL-  North Island Wellington September 2017 Storm Event",,2017-11-07,WN,Nick Peters,174.768055,-41.31471,Wellington City,True,
1001710.1648,1001710,1001710.1648,"EQC 129a Grafton Road, Roseneath","EQC 129a Grafton Road, Roseneath, Wellington NZL-  North Island Wellington August 2017 Storm Event",,2017-11-07,WN,Nick Peters,174.802135,-41.294981,Wellington City,True,
1001710.1572,1001710,1001710.1572,EQC 36 Queens Rd,"EQC Claim 2017/101572 - EQC Land damage assessment at 36 Queens Rd, Stepneyville, Nelson - Nelson September 2017 Landslip/Storm event.",,2017-11-08,NE,Marcus Lovell,173.271012,-41.266048,,False,
1001701.1144,1001701,1001701.1144,"EQC 227 Mt Lyford Forest Drive, Waiau","EQC Claim 2017/011144 -  EQC Land damage assessment at 227 Mt Lyford Forest Drive, Lyford, Waiau - Kaikoura November 2016 earthquake event.",,2017-11-09,CH,Elyse Armstrong,173.165602,-42.4947,,False,
1001702.0193,1001702,1001702.0193,"EQC 14 Messines Road, Wellington","EQC Claim 2017/020193 -  EQC Land damage assessment at 14 Messines Road, Karori, Wellington - Kaikoura November 2016 earthquake event.",,2017-11-09,CH,Elyse Armstrong,174.74818,-41.28517,Wellington City,True,
1001701.5157,1001701,1001701.5157,"EQC 67 Kent Street, Picton","EQC Claim 2017/015157 - EQC Land damage assessment at 67 Kent Street, Picton -  Kaikoura EQ Event November 2016",,2017-11-10,CH,Elyse Armstrong,174.000595,-41.299108,,False,
1001701.6636,1001701,1001701.6636,"EQC 155 Mairangi Road, Wellington","EQC Claim 2017/016636 - EQC Land damage assessment at 155 Mairangi Road, Wilton, Wellington -  Kaikoura EQ Event November 2016",,2017-11-10,CH,Elyse Armstrong,174.764536,-41.268443,Wellington City,True,
1001701.7773,1001701,1001701.7773,"EQC 82 Normandale Road, Lower Hutt","EQC Claim 2017/017773 - EQC Land damage assessment at 82 Normandale Road, Normandale, Lower Hutt -  Kaikoura EQ Event November 2016",,2017-11-10,CH,Elyse Armstrong,174.894575,-41.204516,Lower Hutt City,True,
1001710.1663,1001710,1001710.1663,EQC Onahau Bay,"EQC Claim 2017/101663 - EQC Land damage assessment at Onahau Bay, Marlborough Sounds - Nelson September 2017 Landslip/Storm event.",,2017-11-10,NE,Marcus Lovell,173.962349,-41.232893,,False,
1011601.7466,1011601,1011601.7466,"EQC 6 Balmerino Grove, Waikanae","EQC Claim 2016/017466 - EQC Land damage assessment at 6 Balmerino Grove, Waikanae -  Kaikoura EQ Event November 2016",,2017-11-10,CH,Elyse Armstrong,175.070024,-40.869881,,False,
1011601.8862,1011601,1011601.8862,"EQC 14 Grays Road, Porirua","EQC Claim 2016/018862 - EQC Land damage assessment at 14 Grays Road, Plimmerton, Porirua -  Kaikoura EQ Event November 2016",,2017-11-10,CH,Elyse Armstrong,174.870124,-41.086223,Porirua City,True,
1001702.4667,1001702,1001702.4667,"EQC 35 Milne Tce, Island Bay","EQC 35 Milne Tce, Island Bay, Wellington NZL Cross over of LSF and KEQ event",,2017-11-13,WN,Nick Peters,174.767422,-41.343746,Wellington City,True,
1001710.1182,1001710,1001710.1182,"EQC 1/8 Narbada Cres, Khandallah","EQC 1/8 Narbada Cres, Khandallah, Wellington NZL-  North Island Wellington July 2017  Storm Event",,2017-11-13,WN,Nick Peters,174.804243,-41.245444,Wellington City,True,
1001710.1485,1001710,1001710.1485,"EQC 24 Epuni Street, Aro Valley","EQC 24 Epuni Street, Aro Valley, Wellington NZL-  North Island Wellington July 2017 Storm Event",,2017-11-13,WN,Nick Peters,174.765711,-41.296452,Wellington City,True,
1001710.1547,1001710,1001710.1547,EQC 537 Rocks Rd,"EQC Claim 2017/101547 - EQC Land damage assessment at 537 Rocks Rd, Moana, Nelson - Nelson October 2017 Landslip/Storm event.",,2017-11-13,NE,Marcus Lovell,173.256262,-41.276328,,False,
1001710.1576,1001710,1001710.1576,"EQC 93 Holloway Road, Aro Valley","EQC 93 Holloway Road, Aro Valley, Wellington NZL-  North Island Wellington August 2017 Storm Event",,2017-11-13,WN,Nick Peters,174.756929,-41.297129,Wellington City,True,
1001710.1577,1001710,1001710.1577,EQC 45A Haycock Rd,"EQC Claim 2017/101577 - EQC Land damage assessment at 45A Haycock Rd, Richmond- Nelson October 2017 Landslip/Storm event.",,2017-11-14,NE,Marcus Lovell,173.149133,-41.377121,,False,
1001710.1257,1001710,1001710.1257,"EQC 316 Evans Bay Pde, Hataitai","EQC  316 Evans Bay Pde, Hataitai, Wellington NZL-  North Island Wellington September 2017 Storm Event",,2017-11-16,WN,Nick Peters,174.803223,-41.30325,Wellington City,True,
1001710.1451,1001710,1001710.1451,"EQC 11 Manchester Street, Newtown","EQC 11 Manchester Street, Newtown, Wellington NZL-  North Island Wellington September 2017 Storm Event",,2017-11-16,WN,Nick Peters,174.787207,-41.322772,Wellington City,True,
1001710.1500,1001710,1001710.1500,"EQC 10 Pitt Street, Wadestown","EQC 10 Pitt Street, Wadestown, Wellington, 6012",,2017-11-16,AK,Nick Peters,174.775903,-41.260015,Wellington City,True,
1001710.1702,1001710,1001710.1702,"EQC 18 Pinelands Ave, Seatoun","EQC 18 Pinelands Ave, Seatoun, Wellington NZL-  North Island Wellington July 2017 Storm Event",,2017-11-16,WN,Nick Peters,174.828181,-41.319876,Wellington City,True,
1001710.1706,1001710,1001710.1706,"EQC 41 Belmont Tce, Belmont","EQC  41 Belmont Tce, Belmont, Lower Hutt NZL-  North Island Wellington October 2017 Storm Event",,2017-11-17,WN,Nick Peters,174.922754,-41.190703,Lower Hutt City,True,
1001701.3824,1001701,1001701.3824,"EQC 3A Rowling Rd, Kaiteriteri","EQC Claim 2017/013824 -  EQC Land damage assessment at 3A Rowling Rd, Kaiteriteri, Motueka - Kaikoura November 2016 Earthquake event",,2017-11-20,CH,Nick Peters,173.015495,-41.040228,,False,
1001710.1492,1001710,1001710.1492,"EQC 133 Holborn Drive, Stokes Valley","EQC 133 Holborn Drive, Stokes Valley, Lower Hutt NZL-  North Island Wellington September 2017 Storm Event",,2017-11-21,WN,Nick Peters,174.978657,-41.166692,Lower Hutt City,True,
1001710.1609,1001710,1001710.1609,"EQC 75a Airlie Road, Plimmerton","EQC 75a Airlie Road, Plimmerton, Porirua NZL-  North Island Wellington October 2017 Storm Event",,2017-11-21,WN,Nick Peters,174.858606,-41.068378,Porirua City,True,
1001710.1610,1001710,1001710.1610,"EQC 75b Airlie Road, Plimmerton","EQC 75b Airlie Road, Plimmerton, Porirua NZL-  North Island Wellington October 2017 Storm Event",,2017-11-21,WN,Nick Peters,174.858708,-41.068362,Porirua City,True,
1001710.1630,1001710,1001710.1630,"EQC 5 Corlett Road, Plimmerton","EQC 5 Corlett Road, Plimmerton, Porirua NZL-  North Island Wellington October 2017 Storm Event",,2017-11-21,WN,Nick Peters,174.864625,-41.0766,Porirua City,True,
1001710.0546,1001710,1001710.0546,"EQC 13 Military Road, Northland","EQC 13 Military Road, Northland, Wellington  NZL-  North Island Wellington July 2017 Storm Event",,2017-11-24,WN,Nick Peters,174.760604,-41.279923,Wellington City,True,2013
1001710.1130,1001710,1001710.1130,"EQC 21c Ruahine Street, Paraparaumu","EQC 21c Ruahine Street, Paraparaumu, Wellington  NZL-  North Island Wellington August 2017 Storm Event",,2017-11-24,WN,Nick Peters,175.010339,-40.917767,,False,
1001710.1306,1001710,1001710.1306,"EQC 2 Pomare Road, Belmont","EQC 2 Pomare Road, Belmont, Wellington  NZL-  North Island Wellington August 2017 Storm Event",,2017-11-24,WN,Nick Peters,174.915067,-41.197747,Lower Hutt City,True,
1001710.1565,1001710,1001710.1565,"EQC 192a Barnard Street, Wadestown","EQC 192a Barnard Street, Wadestown, Wellington  NZL-  North Island Wellington July 2017 Storm Event",,2017-11-24,WN,Nick Peters,174.785398,-41.259678,Wellington City,True,
1001710.1742,1001710,1001710.1742,"EQC 96 Grafton Road, Roseneath","EQC 96 Grafton Road, Roseneath, Wellington  NZL-  North Island Wellington August 2017 Storm Event",,2017-11-24,WN,Nick Peters,174.800262,-41.29364,Wellington City,True,
1001710.1767,1001710,1001710.1767,"EQC 100 Grafton Road, Roseneath","EQC 100 Grafton Road, Roseneath, Wellington  NZL-  North Island Wellington August 2017 Storm Event",,2017-11-24,WN,Nick Peters,174.800198,-41.293765,Wellington City,True,
1001701.0030,1001701,1001701.0030,"EQC 11 Raukawa Street, Lower Hutt","EQC Claim 2017/010030 -  EQC Land damage assessment at 11 Ruakawa Street, Stokes Valley, Lower Hutt - Kaikoura November 2016 earthquake event.",,2017-11-26,CH,Elyse Armstrong,174.981291,-41.188475,Lower Hutt City,True,
1001701.4677,1001701,1001701.4677,"EQC 199 Pembroke Road, Wellington","EQC Claim 2017/014677 -  EQC Land damage assessment at 199Pembroke Road, Wilton, Wellington - Kaikoura November 2016 earthquake event.",,2017-11-26,CH,Elyse Armstrong,174.762256,-41.270588,Wellington City,True,
1001701.5254,1001701,1001701.5254,"EQC 21 Boundary Road, Wellington","EQC Claim 2017/015254 -  EQC Land damage assessment at 21 Boundary Road, Kelburn, Wellington - Kaikoura November 2016 earthquake event.",,2017-11-26,CH,Elyse Armstrong,174.760792,-41.285379,Wellington City,True,
1001701.9629,1001701,1001701.9629,"EQC 176 Paremata Road, Porirua","EQC Claim 2017/019629 -  EQC Land damage assessment at 176 Paremata Road, Paremata, Porirua - Kaikoura November 2016 earthquake event.",,2017-11-26,CH,Elyse Armstrong,174.879337,-41.105774,Porirua City,True,
1001701.9636,1001701,1001701.9636,"EQC 20 Beacon Hill Road, Wellington","EQC Claim 2017/019636 -  EQC Land damage assessment at 20 Beacon Hill Road, Strathmore Park, Wellington - Kaikoura November 2016 earthquake event.",,2017-11-26,CH,Elyse Armstrong,174.827836,-41.324372,Wellington City,True,
1001700.9907,1001700,1001700.9907,"EQC 15 Rangoon Street, Wellington","EQC Claim 2017/009907 -  EQC Land damage assessment at 15 Rangoon Street, Khandallah, Wellington - Kaikoura November 2016 earthquake event.",,2017-11-27,CH,Elyse Armstrong,174.797758,-41.23993,Wellington City,True,
1001701.2353,1001701,1001701.2353,"EQC 71-75 Palliser Road, Wellington","EQC Claim 2017/012353 -  EQC Land damage assessment at 71-75 Palliser Road, Oriental Bay, Wellington - Kaikoura November 2016 earthquake event.",,2017-11-27,CH,Elyse Armstrong,174.796052,-41.29459,Wellington City,True,
1001710.1398,1001710,1001710.1398,"EQC 8 Tipapa Place, Greta Valley","EQC Claim 2017/101398 -  EQC Land damage assessment at 8 Tipapa Place, Greta Valley - September 2017 Landslip/ Storm/ Flood.",,2017-11-28,CH,Elyse Armstrong,172.971056,-42.965686,,False,
1001710.1139,1001710,1001710.1139,"EQC 166 Oriental Parade, Oriental Bay","EQC 166 Oriental Parade, Oriental Bay, Wellington  NZL-  North Island Wellington July 2017 Storm Event",,2017-11-29,WN,Nick Peters,174.79074,-41.290872,Wellington City,True,
1011601.8825,1011601,1011601.8825,"EQC 21 Dillons Point Road, Blenheim","EQC Claim 2016/018825 -  EQC Land damage assessment at 21 Dillons Point Road, Islington, Blenheim - Kaikoura November 2016 earthquake event",,2017-11-29,CH,Elyse Armstrong,173.964288,-41.509612,,False,
1001710.1690,1001710,1001710.1690,"EQC 1 Seymour St, Picton","EQC Claim 2017/101690 -  EQC Land damage assessment at 1 Seymour St, Picton - Seddon September 2017 Earthquake event",,2017-11-30,CH,Marcus Lovell,174.019978,-41.286417,,False,
1001701.4612,1001701,1001701.4612,"EQC 136 Torquay Street, Kaikoura","EQC Claim 2017/014612 -  EQC Land damage assessment at 136 Torquay Street, Kaikoura - Kaikoura November 2016 earthquake event.",,2017-12-03,CH,Elyse Armstrong,173.689008,-42.415039,,False,
1001710.0551,1001710,1001710.0551,"EQC 16 Asquith Tce, Brooklyn","EQC 16 Asquith Tce, Brooklyn, Wellington  NZL-  North Island Wellington July 2017 Storm Event",,2017-12-03,WN,Nick Peters,174.76909,-41.307088,Wellington City,True,2016
1001710.1311,1001710,1001710.1311,"EQC 152 Helston Road, Paparangi","EQC 152 Helston Road, Paparangi, Wellington  NZL-  North Island Wellington August 2017 Storm Event",,2017-12-03,WN,Nick Peters,174.815545,-41.216715,Wellington City,True,
1011602.2227,1011602,1011602.2227,"EQC 1059 River Road, Waiau","EQC Claim 2016/022227 -  EQC Land damage assessment at 1059 River Road, Emu Plain, Waiau - Kaikoura November 2016 earthquake event.",,2017-12-03,CH,Elyse Armstrong,172.932322,-42.646392,,False,
1001701.1780,1001701,1001701.1780,"EQC 5 Stormanstown Way, Wellington","EQC -  5 Stormanstown Way, Seatoun, Wellington",,2017-12-07,CH,Shirley Wang,174.82681,-41.322109,Wellington City,True,
1001702.2144,1001702,1001702.2144,"EQC 92 Farnham Street, Wellington","EQC Claim 2017/022144 -  EQC Land damage assessment at 92 Farnham Street, Mornington, Wellington - Kaikoura November 2016 earthquake event.",,2017-12-07,CH,Elyse Armstrong,174.766091,-41.318458,Wellington City,True,
1001710.0831,1001710,1001710.0831,"EQC 52 Fox Street, Ngaio","EQC 52 Fox Street, Ngaio, Wellington  NZL-  North Island Wellington July 2017 Storm Event",,2017-12-07,WN,Nick Peters,174.775961,-41.245793,Wellington City,True,
1001710.1241,1001710,1001710.1241,"EQC 119 Wadestown Road, Wadestown","EQC 119 Wadestown Road, Wadestown, Wellington  NZL-  North Island Wellington September 2017 Storm Event",,2017-12-10,WN,Nick Peters,174.772533,-41.261612,Wellington City,True,
1001710.0506,1001710,1001710.0506,"EQC 84 Rakau Road, Hataitai","EQC 84 Rakau Road, Hataitai, Wellington  NZL -  November 2017 Landslip/Storm/Flood",,2017-12-11,WN,Nick Peters,174.795398,-41.300764,Wellington City,True,
1001710.1760,1001710,1001710.1760,"EQC 64 Russells Road, Whitemans Valley","EQC 64 Russells Road, Whitemans Valley, Upper Hutt  NZL - April 2017 Landslip/Storm/Flood",,2017-12-13,WN,Nick Peters,175.036335,-41.202728,Upper Hutt City,True,
1001710.1722,1001710,1001710.1722,"EQC 5 Glen Road, Raumati South","EQC 5 Glen Road, Raumati South, Paraparaumu  NZL -  September 2017 Landslip/Storm/Flood",,2017-12-21,CH,Nick Peters,174.978421,-40.935329,,False,
1001710.1737,1001710,1001710.1737,"EQC 25 Montreal Grove, Kingston","EQC 25 Montreal Grove, Kingston, Wellington  NZL -  September 2017 Landslip/Storm/Flood",,2017-12-21,CH,Nick Peters,174.762008,-41.324253,Wellington City,True,
1001710.1886,1001710,1001710.1886,"EQC 38 Fortification Road, Karaka Bays","EQC 38 Fortification Road, Karaka Bays, Wellington  NZL -  November 2017 Landslip/Storm/Flood",,2017-12-21,CH,Nick Peters,174.830787,-41.299543,Wellington City,True,
