project_number_full,programme,subproject,project_name,project_long_name,client,start_date,owning_office,project_manager,lon,lat,ta_name,in_study_area,name_event_hint
1501000.0001R,1501000,1501000.0001,"EQC - 83 Milton Terrace, Picton","EQC - 83 Milton Terrace, Picton",Vero Insurance New Zealand Limited,2021-07-21,AK,Jen Smith,174.02182,-41.284069,,False,
1501000.0033R,1501000,1501000.0033,"EQC - 254 Moetapu Bay Rd, Moetapu Bay, L","EQC - 254 Moetapu Bay Rd, Moetapu Bay, Linkwater, Marlborough",FMG Insurance Limited,2021-07-21,AK,Jen Smith,173.849408,-41.261577,,False,
1501000.0004R,1501000,1501000.0004,"EQC - 7 Old Coach Road, Havelock","EQC - 7 Old Coach Road, Havelock",Vero Insurance New Zealand Limited,2021-07-26,AK,Jen Smith,173.762356,-41.27554,,False,
1501000.0003R,1501000,1501000.0003,"EQC - 19C Mahoe Street, Tawa, Wellington","EQC - 19C Mahoe Street, Tawa, Wellington",AA Insurance Limited,2021-07-27,WN,Shirley Wang,174.837532,-41.163756,Wellington City,True,
1501000.0005R,1501000,1501000.0005,"EQC - 6 Cyril Way, Paparangi","EQC - 6 Cyril Way, Paparangi",Vero Insurance New Zealand Limited,2021-07-27,WN,Shirley Wang,174.812776,-41.217987,Wellington City,True,
1501000.0006R,1501000,1501000.0006,"EQC - 1/19 Howard Road, Point Howard","EQC - 1/19 Howard Road, Point Howard",AA Insurance Limited,2021-07-27,WN,Shirley Wang,174.905095,-41.251871,Lower Hutt City,True,
1501000.0007R,1501000,1501000.0007,EQC - 108 Cecil Road  Wellington,EQC - 108 Cecil Road  Wellington,Vero Insurance New Zealand Limited,2021-07-28,WN,Shirley Wang,174.7692,-41.264907,Wellington City,True,
1501000.0008R,1501000,1501000.0008,EQC - 35a The Drive  Wellington,EQC - 35a The Drive  Wellington,Vero Insurance New Zealand Limited,2021-07-28,WN,Jen Smith,174.822073,-41.175163,Wellington City,True,
1501000.0009R,1501000,1501000.0009,"EQC - 16 Black Rock Road, #1, Newlands, ","EQC - 16 Black Rock Road, #1, Newlands, Wellington, 6037, NZL",Vero Insurance New Zealand Limited,2021-07-28,WN,Shirley Wang,174.819747,-41.229742,Wellington City,True,
1501000.0010R,1501000,1501000.0010,"EQC - 21 Highbury Crescent, Highbury, We","EQC - 21 Highbury Crescent, Highbury, Wellington, 6012, NZL",Vero Insurance New Zealand Limited,2021-07-28,WN,Shirley Wang,174.754154,-41.294931,Wellington City,True,
1501000.0011R,1501000,1501000.0011,"EQC - 192 Oriental Parade, Wellington","EQC - 192 Oriental Parade, Wellington",Vero Insurance New Zealand Limited,2021-07-28,WN,Shirley Wang,174.792009,-41.291251,Wellington City,True,
1501000.0012R,1501000,1501000.0012,"EQC - 13 Rakeiora Grove, Lower Hutt","EQC - 13 Rakeiora Grove, Lower Hutt",Vero Insurance New Zealand Limited,2021-07-28,WN,Shirley Wang,174.871224,-41.21798,Lower Hutt City,True,
1501000.0013R,1501000,1501000.0013,"EQC - 47 Mairangi Road, Wellington","EQC - 47 Mairangi Road, Wellington",Vero Insurance New Zealand Limited,2021-07-28,WN,Jen Smith,174.768366,-41.262929,Wellington City,True,
1501000.0014,1501000,1501000.0014,"EQC - 788 Queen Charlotte Dr, Havelock","EQC - 788 Queen Charlotte Drive, Havelock",Vero Insurance New Zealand Limited,2021-07-29,AK,Jen Smith,173.814162,-41.290409,,False,
1501000.0015,1501000,1501000.0015,"EQC - 1056 Queen Charlotte Drive, Linkwa","EQC - 1056 Queen Charlotte Drive, Linkwater, Marlborough",AA Insurance Limited,2021-07-29,AK,Jen Smith,173.844695,-41.291382,,False,
1501000.0017R,1501000,1501000.0017,"EQC - 78 Lohia Street, Khandallah, Welli","EQC - 78 Lohia Street, Khandallah, Wellington",Vero Insurance New Zealand Limited,2021-07-29,AK,Jen Smith,174.7975,-41.248852,Wellington City,True,
1501000.0018R,1501000,1501000.0018,"EQC - 30 Pukenui Road, Havelock, Marlbor","EQC - 30 Pukenui Road, Havelock, Marlborough",Vero Insurance New Zealand Limited,2021-07-29,AK,Jen Smith,173.801794,-41.282423,,False,
1501000.0019R,1501000,1501000.0019,"EQC - 8 Cyril Way, Paparangi","EQC - 8 Cyril Way, Paparangi",AA Insurance Limited,2021-07-29,WN,Shirley Wang,174.812749,-41.218166,Wellington City,True,
1501000.0028R,1501000,1501000.0028,"EQC - 1 Blackwood Bay, Waikawa, Picton","EQC - 1 Blackwood Bay, Waikawa, Picton",AA Insurance Limited,2021-07-29,AK,Jen Smith,174.090521,-41.207339,,False,
1501000.0029R,1501000,1501000.0029,"EQC - 60 Moenui Road, Havelock, Marlboro","EQC - 60 Moenui Road, Havelock, Marlborough",Vero Insurance New Zealand Limited,2021-07-29,AK,Jen Smith,173.797463,-41.277815,,False,
1501000.0042R,1501000,1501000.0042,"EQC - 98 Moetapu Bay Rd, Linkwater","EQC - 98 Moetapu Bay Rd, Moetapu Bay, Linkwater, Marlborough",AA Insurance Limited,2021-07-29,AK,Jen Smith,173.862188,-41.257421,,False,
1501000.0020R,1501000,1501000.0020,"EQC - 18 Bankot Crescent, Ngaio, Welling","EQC - 18 Bankot Crescent, Ngaio, Wellington",Vero Insurance New Zealand Limited,2021-07-30,AK,Jen Smith,174.782564,-41.251033,Wellington City,True,
1501000.0021R,1501000,1501000.0021,"EQC - 461 Kenepuru Road, Moetapu Bay, Li","EQC - 461 Kenepuru Road, Moetapu Bay, Linkwater, Marlborough",Vero Insurance New Zealand Limited,2021-07-30,AK,Jen Smith,173.867671,-41.260595,,False,
1501000.0022R,1501000,1501000.0022,"EQC - 375 Middleton Road, Wellington","EQC - 375 Middleton Road, Glenside, Wellington",AA Insurance Limited,2021-07-30,AK,Jen Smith,174.819655,-41.199481,Wellington City,True,
1501000.0023R,1501000,1501000.0023,"EQC - 3 Sandhurst Way, Wellington","EQC - 3 Sandhurst Way, Crofton Downs, Wellington",Vero Insurance New Zealand Limited,2021-07-30,AK,Jen Smith,174.763154,-41.259566,Wellington City,True,
1501000.0024R,1501000,1501000.0024,"EQC - 29a Nalanda Crescent, Wellington","EQC - 29a Nalanda Crescent, Wellington",AA Insurance Limited,2021-08-02,AK,Jen Smith,174.792283,-41.233577,Wellington City,True,
1501000.0025R,1501000,1501000.0025,"EQC - 38 Collingwood Street, Wellington","EQC - 38 Collingwood Street, Wellington",Vero Insurance New Zealand Limited,2021-08-02,AK,Jen Smith,174.770623,-41.251018,Wellington City,True,
1501000.0026R,1501000,1501000.0026,"EQC - 26 Ohiro Road, Aro Valley, Welling","EQC - 26 Ohiro Road, Aro Valley, Wellington",Vero Insurance New Zealand Limited,2021-08-02,AK,Shirley Wang,174.768862,-41.297056,Wellington City,True,
1501000.0027R,1501000,1501000.0027,"EQC - 24 Mitchell Street, Wellington","EQC - 24 Mitchell Street, Wellington",Vero Insurance New Zealand Limited,2021-08-03,AK,Shirley Wang,174.759621,-41.303415,Wellington City,True,
1501000.0030,1501000,1501000.0030,"EQC - 56 Jenner Road, Nelson","EQC - 56 Jenner Road, Nelson",Vero Insurance New Zealand Limited,2021-08-06,NE,Jen Smith,173.26374,-41.289832,,False,
1501000.0031,1501000,1501000.0031,"EQC - 75 Cecil Road, Wadestown, Wellingt","EQC - 75 Cecil Road, Wadestown, Wellington",Vero Insurance New Zealand Limited,2021-08-06,AK,Jen Smith,174.771028,-41.264678,Wellington City,True,
1501000.0032,1501000,1501000.0032,"EQC - 9 Old Coach Road, Johnsonville","EQC - 9 Old Coach Road, Johnsonville, Wellington",Vero Insurance New Zealand Limited,2021-08-06,AK,Shirley Wang,174.79482,-41.221702,Wellington City,True,
1501000.0002R,1501000,1501000.0002,"EQC - 9 Finlay Grove, Waikawa, Picton","EQC - 9 Finlay Grove, Waikawa, Picton",Vero Insurance New Zealand Limited,2021-08-09,AK,Jen Smith,174.047752,-41.269021,,False,
1501000.0016R,1501000,1501000.0016,"EQC - 26 Awarua Street, Ngaio, Wellingto","EQC - 26 Awarua Street, Ngaio, Wellington",AA Insurance Limited,2021-08-10,AK,Jen Smith,174.773506,-41.245741,Wellington City,True,
1501000.0034,1501000,1501000.0034,"EQC - 155 Horokiwi Road, Horokiwi","155 Horokiwi Road, Horokiwi, Wellington",Vero Insurance New Zealand Limited,2021-08-10,WN,Jen Smith,174.852346,-41.219191,Wellington City,True,
1501000.0035,1501000,1501000.0035,"EQC - 41 Watt Street, Featherston","EQC - 41 Watt Street, Featherston, Wellington",Vero Insurance New Zealand Limited,2021-08-10,WN,Shirley Wang,175.322166,-41.112587,,False,
1501000.0036,1501000,1501000.0036,"EQC - 95 Waikowhai Street, Ngaio","EQC - 95 Waikowhai Street, Ngaio, Wellington, 6035",Vero Insurance New Zealand Limited,2021-08-10,WN,Shirley Wang,174.769025,-41.254377,Wellington City,True,
1501000.0037,1501000,1501000.0037,"EQC - 100B Broderick Rd, Johnsonville","EQC - 100B Broderick Rd, Johnsonville, Wellington",AA Insurance Limited,2021-08-10,WN,Shirley Wang,174.797539,-41.223827,Wellington City,True,
1501000.0038,1501000,1501000.0038,"EQC - 28 Burma Road, Khandallah","EQC - 28 Burma Road, Khandallah",Vero Insurance New Zealand Limited,2021-08-11,WN,Shirley Wang,174.794002,-41.241344,Wellington City,True,
1501000.0039,1501000,1501000.0039,"EQC - 24A Govind Grove, Ngaio","EQC - 24A Govind Grove, Ngaio, Wellington",Vero Insurance New Zealand Limited,2021-08-11,WN,Shirley Wang,174.771636,-41.24272,Wellington City,True,
1501000.0040,1501000,1501000.0040,"EQC - 52 Amapur Drive, Khandallah","EQC - 52 Amapur Drive, Khandallah, Wellington",AA Insurance Limited,2021-08-12,WN,Shirley Wang,174.782306,-41.244253,Wellington City,True,
1501000.0041,1501000,1501000.0041,"EQC - 34 Fortification Road, Karaka Bays","EQC - 34 Fortification Road, Karaka Bays,Wellington",Vero Insurance New Zealand Limited,2021-08-16,WN,Shirley Wang,174.8303,-41.299899,Wellington City,True,
1501000.0044R,1501000,1501000.0044,"EQC - 303 Anakiwa Road, Anakiwa, Picton","EQC - 303 Anakiwa Road, Anakiwa, Picton",Vero Insurance New Zealand Limited,2021-08-16,AK,Jen Smith,173.910402,-41.26633,,False,
1501000.0045R,1501000,1501000.0045,"EQC - 50A Budge Street, Blenheim","EQC - 50A Budge Street, Riversdale, Blenheim",AA Insurance Limited,2021-08-16,AK,Jen Smith,173.963029,-41.504215,,False,
1501000.0043,1501000,1501000.0043,"EQC - 7 Oriental Terrace, Oriental Bay","EQC - 7 Oriental Terrace, Oriental Bay,Wellington",Vero Insurance New Zealand Limited,2021-08-19,WN,Shirley Wang,174.791977,-41.29169,Wellington City,True,
1501000.0050,1501000,1501000.0050,"EQC - 13 Arthur Cres, Waikawa, Picton","EQC - 13 Arthur Crescent, Waikawa, Picton",Vero Insurance New Zealand Limited,2021-08-20,AK,Jen Smith,174.05017,-41.266237,,False,
1501000.0056,1501000,1501000.0056,"EQC - 292 Moetapu Bay Road, Moetapu Bay","EQC - 292 Moetapu Bay Road, Moetapu Bay, Linkwater, Marlborough",Vero Insurance New Zealand Limited,2021-08-20,AK,Jen Smith,173.846912,-41.260901,,False,
1501000.0047,1501000,1501000.0047,"EQC - 15 Awarua Street, Ngaio, Wellingto","EQC - 15 Awarua Street, Ngaio, Wellington",Vero Insurance New Zealand Limited,2021-08-23,WN,Shirley Wang,174.773175,-41.24665,Wellington City,True,
1501000.0048,1501000,1501000.0048,"EQC - 33 The Drive, Tawa, Wellington","EQC - 33 The Drive, Tawa, Wellington",AA Insurance Limited,2021-08-23,WN,Shirley Wang,174.822219,-41.174941,Wellington City,True,
1501000.0049,1501000,1501000.0049,"EQC - 4 Beach Street, Island Bay, Wellin","EQC - 4 Beach Street, Island Bay, Wellington, 6023, NZL",AA Insurance Limited,2021-08-23,WN,Shirley Wang,174.769119,-41.345365,Wellington City,True,
1501000.0051,1501000,1501000.0051,"EQC - 66A Duncan Ter, Kilbirnie","EQC - 66A Duncan Terrace, Kilbirnie, Wellington, 6022, NZL",AA Insurance Limited,2021-08-25,WN,Shirley Wang,174.790785,-41.317457,Wellington City,True,
1501000.0052,1501000,1501000.0052,"EQC - 414A Evans Bay Parade, Hataitai","EQC - 414A Evans Bay Parade, Hataitai, Welling",Vero Insurance New Zealand Limited,2021-08-27,WN,Shirley Wang,174.798329,-41.306475,Wellington City,True,
1501000.0053,1501000,1501000.0053,"EQC - 5-8/282 Cockayne Road, Ngaio","EQC - 5-8/282 Cockayne Road, Ngaio, Wellington, 6035, NZL",Vero Insurance New Zealand Limited,2021-08-27,WN,Shirley Wang,174.776049,-41.253455,Wellington City,True,
1501000.0055,1501000,1501000.0055,"EQC - 350B Moetapu Bay Road, Moetapu Bay","EQC - 350B Moetapu Bay Road, Moetapu Bay, Linkwater, Marlborough",Vero Insurance New Zealand Limited,2021-08-27,AK,Jen Smith,173.843497,-41.256307,,False,
1501000.0057,1501000,1501000.0057,"EQC - 70 Te Mahia Road, Kenepuru Sound","EQC - 70 Te Mahia Road, Te Mahia, Kenepuru Sound",AA Insurance Limited,2021-08-27,AK,Jen Smith,173.972183,-41.21683,,False,
1501000.0054,1501000,1501000.0054,"EQC - 8 Tui Grove, Paihia","EQC - 8 Tui Grove, Paihia, Northland",AA Insurance Limited,2021-08-30,AK,Jen Smith,174.095236,-35.302552,,False,
1501000.0058,1501000,1501000.0058,"EQC - Lot 3 DP1093 Kaipapa Bay, Marlb","EQC - Lot 3 DP 1093 Kaipapa Bay, Queen Charlotte Sound",Vero Insurance New Zealand Limited,2021-08-30,AK,Jen Smith,174.078203,-41.225598,,False,
1501000.0060,1501000,1501000.0060,"EQC - 162 Onahau Rd, Qu Charlotte Sound","EQC - 162 Onahau Road, Onahau Bay, Queen Charlotte Sound",Vero Insurance New Zealand Limited,2021-08-30,AK,Jen Smith,173.963108,-41.227273,,False,
1501000.0061,1501000,1501000.0061,"EQC - 15 Pioneer Hgts, Richmond, Nelson","EQC - 15 Pioneer Heights, Richmond, Nelson",Vero Insurance New Zealand Limited,2021-08-30,AK,Marcus Lovell,173.188476,-41.353953,,False,
1501000.0063,1501000,1501000.0063,EQC - 5489 Queen Charlotte Sound,"EQC - 5489 Queen Charlotte Sound, Lot 1 DP 8414 Lochmara Bay",AA Insurance Limited,2021-08-30,AK,Jen Smith,173.996379,-41.229952,,False,
1501000.0066,1501000,1501000.0066,"EQC - Lot 1 DP1196, Onahau Bay","EQC - Lot 1 DP 1196, Onahua Bay, Queen Charlotte Sound",Vero Insurance New Zealand Limited,2021-08-30,AK,Jen Smith,173.976888,-41.23468,,False,
1501000.0059,1501000,1501000.0059,"EQC -63A Delhi Crescent, Khandallah","EQC - 63A Delhi Crescent, Khandallah, Wellington",Vero Insurance New Zealand Limited,2021-08-31,WN,Shirley Wang,174.795115,-41.242317,Wellington City,True,
1501000.0062,1501000,1501000.0062,"EQC - 79 Moenui Rd, Havelock, Marlboroug","EQC - 79 Moenui Road, Havelock, Marlborough",AA Insurance Limited,2021-09-02,AK,Jen Smith,173.796092,-41.276794,,False,
1501000.0064,1501000,1501000.0064,"EQC-190 Bethells Road, Bethells Beach","EQC-190 Bethells Road, Bethells Beach, Auckland, 0781",Vero Insurance New Zealand Limited,2021-09-06,AK,Philip Mathewson,174.452233,-36.880631,,False,
1501000.0065,1501000,1501000.0065,"EQC-1777 Kenepuru Rd, Marlborough Sounds","EQC - 1777 Kenepuru Rd, Te Mahia, Marlborough Sounds",Vero Insurance New Zealand Limited,2021-09-06,AK,Jen Smith,173.956159,-41.213051,,False,
1501000.0067,1501000,1501000.0067,"EQC - 78 Khandallah Road, Ngaio","EQC - 78 Khandallah Road, Ngaio, Wellington",AA Insurance Limited,2021-09-09,WN,Shirley Wang,174.78128,-41.246597,Wellington City,True,
1501000.0068,1501000,1501000.0068,"EQC - 175 Wadestown Road, Wadestown, Wel","EQC - 175 Wadestown Road, Wadestown, Wellington",Vero Insurance New Zealand Limited,2021-09-09,WN,Shirley Wang,174.768041,-41.26169,Wellington City,True,
1501000.0071,1501000,1501000.0071,"EQC - 11 Pioneer Hgts, Richmond, Nelson","EQC - 11 Pioneer Heights, Richmond, Nelson",Vero Insurance New Zealand Limited,2021-09-09,NE,Marcus Lovell,173.188319,-41.353652,,False,
1501000.0070,1501000,1501000.0070,"EQC-320 Forest Hill Rd, Waiatarua","EQC-320 Forest Hill Rd, Waiatarua, Auckland, 0612",AA Insurance Limited,2021-09-10,AK,Jen Smith,174.583343,-36.925408,,False,
1501000.0069,1501000,1501000.0069,"EQC -112 Opanuku Road, Henderson Valley","EQC -112 Opanuku Road, Henderson Valley, Auckland, 0612",Vero Insurance New Zealand Limited,2021-09-13,AK,Jen Smith,174.568044,-36.914614,,False,
1501000.0072,1501000,1501000.0072,"EQC-39 Rosecamp Road, Beach Haven","EQC-39 Rosecamp Road, Beach Haven, Auckland, 0626",AA Insurance Limited,2021-09-15,AK,Jen Smith,174.687947,-36.801153,,False,
1501000.0074,1501000,1501000.0074,"EQC - 799 West Coast Road, Oratia","EQC - 799 West Coast Road, Oratia, Auckland, 0604",Vero Insurance New Zealand Limited,2021-09-15,AK,Jen Smith,174.595202,-36.927449,,False,
1501000.0073,1501000,1501000.0073,"EQC - 883 Swanson Road, Swanson","EQC - 883 Swanson Road, Swanson, Auckland, 0612",Vero Insurance New Zealand Limited,2021-09-16,AK,Jen Smith,174.568586,-36.864622,,False,
1501000.0075,1501000,1501000.0075,"EQC - 424A Scenic Drive, Waiatarua","EQC - 424A Scenic Drive, Waiatarua, Auckland, 0612",AA Insurance Limited,2021-09-16,AK,Jen Smith,174.581151,-36.940621,,False,
1501000.0076,1501000,1501000.0076,"EQC- 416 Scenic Drive, Waiatarua","EQC- 416 Scenic Drive, Waiatarua, Auckland,0612",Vero Insurance New Zealand Limited,2021-09-16,AK,Jen Smith,174.580979,-36.940926,,False,
1501000.0077,1501000,1501000.0077,"EQC - 22 Omar Street, Khandallah, Wellin","EQC - 22 Omar Street, Khandallah, Wellington",Vero Insurance New Zealand Limited,2021-09-17,WN,Shirley Wang,174.796396,-41.240397,Wellington City,True,
1501000.0078,1501000,1501000.0078,"EQC - 40 Cecil Road, Wadestown","EQC - 40 Cecil Road, Wadestown, Wellington",AA Insurance Limited,2021-09-17,WN,Shirley Wang,174.772133,-41.26311,Wellington City,True,
1501000.0079,1501000,1501000.0079,"EQC-143 Wairere Road, Waitakere","EQC-143 Wairere Road, Waitakere, Auckland, 0782",AA Insurance Limited,2021-09-20,AK,Jen Smith,174.52153,-36.851677,,False,
1501000.0080,1501000,1501000.0080,"EQC - 47 Airlie Road, Plimmerton","EQC - 47 Airlie Road, Plimmerton, Porirua, Wellington",Vero Insurance New Zealand Limited,2021-09-20,WN,Shirley Wang,174.85863,-41.069879,Porirua City,True,
1501000.0081,1501000,1501000.0081,"EQC - 5 Hepara Street, Hataitai","EQC - 5 Hepara Street, Hataitai, Wellington",AA Insurance Limited,2021-09-21,WN,Shirley Wang,174.797838,-41.298048,Wellington City,True,
1501000.0082,1501000,1501000.0082,"EQC - 23 Awarua Street, Ngaio","EQC - 23 Awarua Street, Ngaio, Wellington",Vero Insurance New Zealand Limited,2021-09-21,WN,Shirley Wang,174.772408,-41.246189,Wellington City,True,
1501000.0083,1501000,1501000.0083,"EQC - 25 Warwick Street, Wilton","EQC - 25 Warwick Street, Wilton, Wellington",AA Insurance Limited,2021-09-22,WN,Shirley Wang,174.761483,-41.268732,Wellington City,True,
1501000.0084,1501000,1501000.0084,"EQC - 1A Shalimar Crescent, Khandallah,","EQC - 1A Shalimar Crescent, Khandallah, Wellington",Vero Insurance New Zealand Limited,2021-09-22,WN,Shirley Wang,174.803927,-41.249041,Wellington City,True,
1501000.0112,1501000,1501000.0112,"EQC - 70 Seatoun Heights Road, Seatoun,","EQC - 70 Seatoun Heights Road, Seatoun, Wellington",IAG New Zealand Limited,2021-09-22,WN,Shirley Wang,174.82619,-41.318479,Wellington City,True,
1501000.0085,1501000,1501000.0085,"EQC - 220 Evans Bay Parade, Hataitai","EQC - 220 Evans Bay Parade, Hataitai, Wellington",Vero Insurance New Zealand Limited,2021-09-27,WN,Shirley Wang,174.804655,-41.298111,Wellington City,True,
1501000.0086,1501000,1501000.0086,"EQC - 80 Black Rock Road, Newlands","EQC - 80 Black Rock Road, Newlands, Wellington",Vero Insurance New Zealand Limited,2021-09-27,WN,Shirley Wang,174.821234,-41.232979,Wellington City,True,
1501000.0087,1501000,1501000.0087,"EQC -10 Lighthouse View, Atawhai, Nelson","EQC -10 Lighthouse View, Atawhai, Nelson",Vero Insurance New Zealand Limited,2021-09-27,NE,Marcus Lovell,173.317592,-41.25133,,False,
1501000.0098,1501000,1501000.0098,"EQC - 9 Koura Road, Atawhai, Nelson","EQC - 9 Koura Road, Atawhai, Nelson",Vero Insurance New Zealand Limited,2021-09-27,NE,Marcus Lovell,173.328303,-41.246604,,False,
1501000.0088,1501000,1501000.0088,EQC - 92 Annett Road,"EQC - 92 Annett Road, Kumeu, Auckland, 0891",AA Insurance Limited,2021-09-30,AK,Jen Smith,174.505307,-36.79976,,False,
1501000.0089,1501000,1501000.0089,"EQC - 93 Cecil Road, Wadestown","EQC - 93 Cecil Road, Wadestown, Wellington",AA Insurance Limited,2021-09-30,WN,Shirley Wang,174.76992,-41.265303,Wellington City,True,
1501000.0121,1501000,1501000.0121,"EQC - 100A Broderick Rd, Johnsonville","EQC - 100A Broderick Rd, Johnsonville, Wellington",AA Insurance Limited,2021-10-01,WN,Shirley Wang,174.797622,-41.223947,Wellington City,True,
1501000.0090,1501000,1501000.0090,"EQC - 19 Delhi Crescent, Khandallah","EQC - 19 Delhi Crescent, Khandallah, Wellington",Vero Insurance New Zealand Limited,2021-10-04,WN,Shirley Wang,174.795523,-41.243777,Wellington City,True,
1501000.0091,1501000,1501000.0091,"EQC - 276 Forest Hill Road, Waiatarua","EQC - 276 Forest Hill Road, Waiatarua, Auckland,0612",AA Insurance Limited,2021-10-08,AK,Jen Smith,174.585638,-36.9204,,False,
1501000.0092,1501000,1501000.0092,"EQC - 1762B Wainui Road, Kaeo","EQC- 1762B Wainui Road, Kaeo, Northland, 0478",AA Insurance Limited,2021-10-11,AK,Philip Mathewson,173.866355,-35.022458,,False,
1501000.0093,1501000,1501000.0093,"EQC - 2 Waimarino Road, Pukerua Bay","EQC - 2 Waimarino Road, Pukerua Bay, Porirua, Wellington",AA Insurance Limited,2021-10-13,WN,Shirley Wang,174.894559,-41.032474,Porirua City,True,
1501000.0094,1501000,1501000.0094,"EQC - 461 Muritai Road, Eastbourne","EQC - 461 Muritai Road, Eastbourne, Lower Hutt, Wellington",Vero Insurance New Zealand Limited,2021-10-13,WN,Shirley Wang,174.885607,-41.306418,Lower Hutt City,True,
1501000.0095,1501000,1501000.0095,"EQC - 14 Pa Road, Pukerua Bay, Porirua","EQC - 14 Pa Road, Pukerua Bay, Porirua, Wellington",Vero Insurance New Zealand Limited,2021-10-13,WN,Shirley Wang,174.895712,-41.030317,Porirua City,True,
1501000.0096,1501000,1501000.0096,"EQC - 31 Heathcote Place, Fitzherbert","EQC - 31 Heathcote Place, Fitzherbert, Palmerston North, Manawatu-Whanganui",Vero Insurance New Zealand Limited,2021-10-13,WN,Shirley Wang,175.628189,-40.381812,,False,
1501000.0097,1501000,1501000.0097,"EQC - 30 Howard Road, Point Howard, Lowe","EQC - 30 Howard Road, Point Howard, Lower Hutt, Wellington, 5013, NZL",AA Insurance Limited,2021-10-13,WN,Shirley Wang,174.907602,-41.252109,Lower Hutt City,True,
1501000.0104,1501000,1501000.0104,"EQC - 738 Queen Charlotte Dr, Havelock","EQC - 738 Queen Charlotte Drive, Havelock 7281",AA Insurance Limited,2021-10-13,AK,Jen Smith,173.810941,-41.288526,,False,
1501000.0099,1501000,1501000.0099,"EQC - 69 Andersons Road, Christchurch","EQC - 69 Andersons Road, Charteris Bay, Diamond Harbour, Canterbury",Vero Insurance New Zealand Limited,2021-10-14,CH,Scott Forster,172.708913,-43.650464,,False,
1501000.0100,1501000,1501000.0100,"EQC - 63 Christian Road, Swanson","EQC - 63 Christian Road, Swanson, Auckland, 0614, NZL",Vero Insurance New Zealand Limited,2021-10-14,AK,Jen Smith,174.567356,-36.881574,,False,
1501000.0101,1501000,1501000.0101,"EQC - 174 Opanuku Road, Henderson Valley","EQC - 174 Opanuku Road, Henderson Valley, Auckland, 0612",AA Insurance Limited,2021-10-14,AK,Julie Zou,174.563826,-36.920831,,False,
1501000.0102,1501000,1501000.0102,"EQC - 33 Piha Rd, Piha","EQC - 33 Piha Rd, Piha, Auckland, 0772",Vero Insurance New Zealand Limited,2021-10-14,AK,Jen Smith,174.477529,-36.959303,,False,
1501000.0103,1501000,1501000.0103,"EQC - 1 West Street, Taumarunui","EQC - 1 West Street, Taumarunui, Manawatu-Whanganui, 3920, NZL",Vero Insurance New Zealand Limited,2021-10-15,TG,Adam Nally,175.256948,-38.879336,,False,
1501000.0105,1501000,1501000.0105,"EQC - 6 Cronin Place, Beach Haven","EQC - 6 Cronin Place, Beach Haven, Auckland, 0626",AA Insurance Limited,2021-10-18,AK,Philip Mathewson,174.684581,-36.793561,,False,
1501000.0113,1501000,1501000.0113,EQC - 124 Redwood Avenue  Wellington,EQC - 124 Redwood Avenue  Wellington,Vero Insurance New Zealand Limited,2021-10-18,WN,Shirley Wang,174.823831,-41.183176,Wellington City,True,
1501000.0114,1501000,1501000.0114,"EQC - 786 Queen Charlotte Dr, Havelock","EQC - 786 Queen Charlotte Drive, Havelock 7281",AA Insurance Limited,2021-10-18,AK,Jen Smith,173.814957,-41.289639,,False,
1501000.0115,1501000,1501000.0115,"EQC - 608 Moetapu Bay Rd, Moetapu Bay","EQC - 608 Moetapu Bay Rd, Moetapu Bay, Linkwater, Marlborough Sounds",Vero Insurance New Zealand Limited,2021-10-18,AK,Jen Smith,173.819965,-41.261881,,False,
1501000.0124,1501000,1501000.0124,"EQC-Lot 9a DP1116, Christys Bay, Marlb","EQC - Lot 9a DP1116, Christys Bay, Queen Charlotte Sound, Marlborough",Vero Insurance New Zealand Limited,2021-10-18,AK,Jen Smith,173.9891,-41.242235,,False,
1501000.0116,1501000,1501000.0116,"EQC- 350 Forest Hill Road, Waiatarua","EQC- 350 Forest Hill Road, Waiatarua, Auckland, 0612",Vero Insurance New Zealand Limited,2021-10-21,AK,Julie Zou,174.582571,-36.928604,,False,
1501000.0117,1501000,1501000.0117,EQC - 23 Tasman View Road,"EQC - 23 Tasman View Road, Bethells Beach",AA Insurance Limited,2021-10-21,AK,Julie Zou,174.454575,-36.882176,,False,
1501000.0123,1501000,1501000.0123,"EQC - 452 Northbank Rd, Kaituna, Renwick","EQC - 452 Northbank Rd, Kaituna, Renwick, Marlborough",AA Insurance Limited,2021-10-27,AK,Jen Smith,173.75591,-41.485642,,False,
1501000.0125,1501000,1501000.0125,"EQC - Lot 1 DP379521, Dryden Bay, Marlb","EQC - Lot 1 DP379521, Dryden Bay, Queen Charlotte Sound, Marlborough",AA Insurance Limited,2021-10-27,AK,Jen Smith,174.183686,-41.176797,,False,
1501000.0126,1501000,1501000.0126,"EQC - 9 Brabant Road, Waiatarua","EQC - 9 Brabant Road, Waiatarua, Auckland, 0612",AA Insurance Limited,2021-10-27,AK,Julie Zou,174.568818,-36.927707,,False,
1501000.0127,1501000,1501000.0127,"EQC - 115 Amreins Road, Taupaki","EQC - 115 Amreins Road, Taupaki, Auckland, 0782, NZL",Vero Insurance New Zealand Limited,2021-10-27,AK,Julie Zou,174.556703,-36.837599,,False,
1501000.0118,1501000,1501000.0118,"EQC - 91 Mitchell Street, Brooklyn","EQC - 91 Mitchell Street, Brooklyn, Wellington",Vero Insurance New Zealand Limited,2021-10-28,WN,Shirley Wang,174.759021,-41.306694,Wellington City,True,
1501000.0119,1501000,1501000.0119,"EQC - 64 Barnes Drive, Caversham","EQC - 64 Barnes Drive, Caversham, Dunedin, Otago",Vero Insurance New Zealand Limited,2021-10-29,CH,Scott Forster,170.480131,-45.893477,,False,
1501000.0120,1501000,1501000.0120,"EQC - 6 Township Road, Waitakere","EQC - 6 Township Road, Waitakere, Auckland, 0816",AA Insurance Limited,2021-10-29,AK,Julie Zou,174.543947,-36.85003,,False,
1501000.0122,1501000,1501000.0122,"EQC - 86 Maungawhare Place, Otumoetai","EQC - 86 Maungawhare Place, Otumoetai, Tauranga",AA Insurance Limited,2021-11-01,TG,Adam Nally,176.139871,-37.678102,,False,
1501000.0130,1501000,1501000.0130,"EQC - Lot 7 DP 1584 Lochmara Bay, Picton","EQC - Lot 7 DP 1584 Lochmara Bay, Picton",Vero Insurance New Zealand Limited,2021-11-10,AK,Jen Smith,173.998289,-41.218001,,False,
1501000.0128,1501000,1501000.0128,"EQC - 110 Town Point Road, Maketu","EQC - 110 Town Point Road, Maketu",AA Insurance Limited,2021-11-12,TG,Adam Nally,176.463774,-37.750059,,False,
1501000.0129,1501000,1501000.0129,"EQC - 391 Clifford Street, Mangapapa","EQC - 391 Clifford Street, Mangapapa",AA Insurance Limited,2021-11-16,TG,Adam Nally,178.022684,-38.650318,,False,
1501000.0131,1501000,1501000.0131,"EQC - 395 Clifford Street, Mangapapa","EQC - 395 Clifford Street, Mangapapa, Gisborne",Vero Insurance New Zealand Limited,2021-11-17,TG,Adam Nally,178.022087,-38.650009,,False,
1501000.0132,1501000,1501000.0132,"EQC - 7 Hill Road, Whataupoko, Gisborne","EQC - 7 Hill Road, Whataupoko, Gisborne",Vero Insurance New Zealand Limited,2021-11-17,TG,Adam Nally,178.030709,-38.649928,,False,
1501000.0142,1501000,1501000.0142,"EQC -145 Higgins Road, Wakefield, Nelson","EQC - 145 Higgins Road, Wakefield, Nelson",Vero Insurance New Zealand Limited,2021-11-17,NE,Marcus Lovell,173.076362,-41.395021,,False,
1501000.0133,1501000,1501000.0133,"EQC -  29 Island Road, Whataupoko","EQC -   29 Island Road, Whataupoko, Gisborne, 4010, NZL",AA Insurance Limited,2021-11-18,TG,Adam Nally,178.050249,-38.662685,,False,
1501000.0134,1501000,1501000.0134,EQC - 19 Corinth Street  Auckland,EQC - 19 Corinth Street  Auckland,Vero Insurance New Zealand Limited,2021-11-18,AK,Julie Zou,174.822359,-36.873873,,False,
1501000.0135,1501000,1501000.0135,EQC - 62 Red Hills Road  Auckland,EQC - 62 Red Hills Road  Auckland,Vero Insurance New Zealand Limited,2021-11-18,AK,Julie Zou,174.584373,-36.838211,,False,
1501000.0136,1501000,1501000.0136,"EQC - 194A Ballance Street, Whataupoko","EQC -194A Ballance Street, Whataupoko, Gisborne",Vero Insurance New Zealand Limited,2021-11-18,TG,Adam Nally,178.032395,-38.650303,,False,
1501000.0137,1501000,1501000.0137,"EQC - 181 Victoria Street, Dargaville","EQC - 181 Victoria Street, Dargaville",AA Insurance Limited,2021-11-18,AK,Julie Zou,173.876831,-35.937201,,False,
1501000.0138,1501000,1501000.0138,"EQC - 15A Hythe Tce, Mairangi Bay","EQC - 15A Hythe Tce, Mairangi Bay",Vero Insurance New Zealand Limited,2021-11-18,AK,Julie Zou,174.74789,-36.736729,,False,
1501000.0139,1501000,1501000.0139,"EQC - 19B Manawa Road, Remuera","EQC - 19B Manawa Road, Remuera, Auckland, 1050, NZL",Vero Insurance New Zealand Limited,2021-11-18,AK,Julie Zou,174.802409,-36.868875,,False,
1501000.0144,1501000,1501000.0144,EQC - 930 Whangarei Heads Road,"EQC - 930 Whangarei Heads Road, Parua Bay, One Tree Point, Northland, 0174",Vero Insurance New Zealand Limited,2021-11-18,AK,Julie Zou,174.445024,-35.779117,,False,
1501000.0145,1501000,1501000.0145,EQC - 932 Whangarei Heads Road,"EQC - 932 Whangarei Heads Road, Parua Bay, One Tree Point, Northland, 0174",Vero Insurance New Zealand Limited,2021-11-18,AK,Julie Zou,174.445223,-35.779044,,False,
1501000.0151,1501000,1501000.0151,"EQC - 76 Hill Road, Palm Beach","EQC - 76 Hill Road, Palm Beach, Waiheke Island, Auckland, 1081",AA Insurance Limited,2021-11-18,AK,Julie Zou,175.046033,-36.784147,,False,
1501000.0140,1501000,1501000.0140,"EQC - 192 Ballance Street, Whataupoko","EQC - 192 Ballance Street, Whataupoko, Gisborne, 4010, NZL",Vero Insurance New Zealand Limited,2021-11-22,TG,Adam Nally,178.032204,-38.649761,,False,
1501000.0141,1501000,1501000.0141,"EQC - 35 Richardson Avenue, Whataupoko","EQC - 35 Richardson Avenue, Whataupoko, Gisborne",AA Insurance Limited,2021-11-24,TG,Adam Nally,178.038941,-38.652711,,False,
1501000.0143,1501000,1501000.0143,"EQC-86 Biggsburn Way,Todd Valley, Nelson","EQC - 86 Biggsburn Way, Todds Valley, Nelson",AA Insurance Limited,2021-11-24,NE,Marcus Lovell,173.349679,-41.21997,,False,
1501000.0163,1501000,1501000.0163,"EQC- 664 Main Road Riwaka, Motueka","EQC- 664 Main Road Riwaka, Motueka",AA Insurance Limited,2021-11-24,NE,Marcus Lovell,172.98664,-41.069557,,False,
1501000.0146,1501000,1501000.0146,"EQC - 60 Molyneux Close, Porirua","EQC - 60 Molyneux Close, Whitby, Porirua",AA Insurance Limited,2021-11-29,WN,Shirley Wang,174.902469,-41.108067,Porirua City,True,
1501000.0147,1501000,1501000.0147,"EQC - 40a Parker Street, Blenheim","EQC - 40a Parker Street, Mayfield, Blenheim",Vero Insurance New Zealand Limited,2021-11-29,AK,Julie Zou,173.952929,-41.506926,,False,
1501000.0148,1501000,1501000.0148,"EQC - 799 Kenepuru Road, Mahau Sound","EQC - 799 Kenepuru Road, Mahau Sound, Marlborough Sounds",Vero Insurance New Zealand Limited,2021-12-01,AK,Julie Zou,173.890735,-41.242245,,False,
1501000.0150,1501000,1501000.0150,"EQC - 126 Redwood Avenue, Wellington","EQC - 126 Redwood Avenue, Wellington",Vero Insurance New Zealand Limited,2021-12-03,WN,Shirley Wang,174.823639,-41.183055,Wellington City,True,
1501000.0149,1501000,1501000.0149,"EQC - 36C Pohutukawa Avenue, Ohope","EQC - 36C Pohutukawa Avenue, Ohope",Vero Insurance New Zealand Limited,2021-12-06,TG,Adam Nally,177.03659,-37.965004,,False,
1501000.0152,1501000,1501000.0152,"EQC - 30 Lawrence Road, Portage","EQC - 30 Lawrence Road, Portage, Kenepuru Sound",Vero Insurance New Zealand Limited,2021-12-10,AK,Marcus Lovell,174.013317,-41.199037,,False,
1501000.0153,1501000,1501000.0153,"EQC - 305 Mangaone North Road, Hautere","EQC - 305 Mangaone North Road, Hautere, Otaki, Wellington, 5582",Vero Insurance New Zealand Limited,2021-12-16,WN,Shirley Wang,175.166972,-40.834792,,False,
1501000.0154,1501000,1501000.0154,"EQC - 56 Eucalyptus Way, Nikau Valley","EQC - 56 Eucalyptus Way, Nikau Valley, Paraparaumu, Wellington, 5032, NZL",AA Insurance Limited,2021-12-16,WN,Shirley Wang,175.02827,-40.919285,,False,
1501000.0155,1501000,1501000.0155,"EQC - 2/97a Waikowhai Street, Ngaio","EQC - 2/97a Waikowhai Street, Ngaio, Wellington",Vero Insurance New Zealand Limited,2021-12-16,WN,Shirley Wang,174.769198,-41.254249,Wellington City,True,
1501000.0156,1501000,1501000.0156,"EQC - 87 Waikowhai Street, Ngaio","EQC - 87 Waikowhai Street, Ngaio, Wellington, 6035, NZL",Vero Insurance New Zealand Limited,2021-12-17,WN,Shirley Wang,174.769348,-41.254407,Wellington City,True,
1501000.0046,1501000,1501000.0046,"EQC - 393 Karaka Bay Road, Wellington","EQC - 393 Karaka Bay Road, Wellington",AA Insurance Limited,2021-12-20,WN,Shirley Wang,174.831138,-41.304942,Wellington City,True,
1501000.0157,1501000,1501000.0157,"EQC - 17 Regent Place, Blagdon","EQC - 17 Regent Place, Blagdon, New Plymouth, Taranaki, 4310",AA Insurance Limited,2021-12-21,AK,Julie Zou,174.041348,-39.075799,,False,
1501000.0158,1501000,1501000.0158,"EQC - 155 Horokiwi Road, Wellington","EQC - 155 Horokiwi Road, Horokiwi, Wellington",Vero Insurance New Zealand Limited,2022-01-10,WN,Shirley Wang,174.852237,-41.219304,Wellington City,True,
1501000.0164,1501000,1501000.0164,"EQC - 2948 Kenepuru Rd, Portage Marlb","EQC - 2948 Kenepuru Road, Portage, Marlborough Sounds",AA Insurance Limited,2022-01-10,AK,Marcus Lovell,174.035149,-41.200726,,False,
1501000.0159,1501000,1501000.0159,"EQC - 42 Cluny Road, Plimmerton","EQC - 42 Cluny Road, Plimmerton, Porirua, Wellington, 5026, NZL",Vero Insurance New Zealand Limited,2022-01-13,WN,Shirley Wang,174.86018,-41.070624,Porirua City,True,
1501000.0160,1501000,1501000.0160,"EQC - 140 Gibbon Road, Hunterville","EQC - 140 Gibbon Road, Hunterville, Fordell, Manawatu-Whanganui, 4782, NZL",Vero Insurance New Zealand Limited,2022-01-13,WN,Shirley Wang,175.556798,-39.903521,,False,
1501000.0161,1501000,1501000.0161,"EQC - 13 Belgium Terrace, Mangapapa","EQC - 13 Belgium Terrace, Mangapapa, Gisborne, 4010, NZL",Vero Insurance New Zealand Limited,2022-01-13,AK,Jen Smith,178.020605,-38.644499,,False,
1501000.0162,1501000,1501000.0162,"EQC - 8 Awhiorangi Promenade, Swanson","EQC - 8 Awhiorangi Promenade, Swanson, Auckland, 0816, NZL",AA Insurance Limited,2022-01-14,AK,Philip Mathewson,174.559017,-36.867925,,False,
1501000.0165,1501000,1501000.0165,"EQC - 562 Main Road North, Timberlea","EQC - 562 Main Road North, Timberlea, Upper Hutt, Wellington, 5018, NZL",AA Insurance Limited,2022-01-20,WN,Shirley Wang,175.120992,-41.095601,Upper Hutt City,True,
1501000.0166,1501000,1501000.0166,"EQC - 219 Brunswick Road, Brunswick","EQC - 219 Brunswick Road, Brunswick, Manawatu-Whanganui, 4571, NZL",AA Insurance Limited,2022-01-26,WN,Shirley Wang,175.053367,-39.887018,,False,
1501000.0168,1501000,1501000.0168,"EQC - Lochmara Bay, Qu Charlotte Sound","EQC - Lochmara Bay, East Bay, Queen Charlotte Sound",Vero Insurance New Zealand Limited,2022-02-02,NE,Marcus Lovell,174.009675,-41.224311,,False,
1501000.0167,1501000,1501000.0167,"EQC - 70 Te Akau Road, Okere Falls","EQC - 70 Te Akau Road, Okere Falls",Vero Insurance New Zealand Limited,2022-02-08,TG,Guy McDougall,176.351563,-38.027173,,False,
1501000.0171,1501000,1501000.0171,"EQC -12 Sandy Bay Rd, Black Rock, Picton","EQC - 12 Sandy Bay Road, Black Rock, Picton 7282",AA Insurance Limited,2022-02-15,NE,Marcus Lovell,174.098186,-41.187695,,False,
1501000.0169,1501000,1501000.0169,"EQC - 12 Robbie Street, Foxton Beach","EQC - 12 Robbie Street, Foxton Beach, Foxton, Manawatu-Whanganui",Vero Insurance New Zealand Limited,2022-02-22,WN,Shirley Wang,175.233734,-40.467072,,False,
1501000.0172,1501000,1501000.0172,"EQC - 20 Ontario Street, Kingston","EQC - 20 Ontario Street, Kingston, Wellington, 6021, NZL",Vero Insurance New Zealand Limited,2022-02-22,WN,Shirley Wang,174.765945,-41.321962,Wellington City,True,
1501000.0173,1501000,1501000.0173,"EQC - 42 Cluny Road, Plimmerton, Porirua","EQC - 42 Cluny Road, Plimmerton, Porirua, Wellington, 5026, NZL",Vero Insurance New Zealand Limited,2022-02-22,WN,Shirley Wang,174.86004,-41.070648,Porirua City,True,
1501000.0170,1501000,1501000.0170,"EQC - 429 Hickory Bay Road, Hickory B","EQC - 429 Hickory Bay Road, Hickory Bay, Le Bons Bay, Canterbury",Morgan Project Services Limited,2022-02-23,CH,Scott Forster,173.061037,-43.788772,,False,
1501000.0174,1501000,1501000.0174,"EQC - 297 Forest Hill Road, Waiatarua","EQC - 297 Forest Hill Road, Waiatarua, Auckland, 0612, NZL",Vero Insurance New Zealand Limited,2022-02-25,AK,Jen Smith,174.582501,-36.923985,,False,
1501000.0175,1501000,1501000.0175,"EQC - 752 Tokomaru East Road, Brunswick","EQC - 752 Tokomaru East Road, Brunswick",Vero Insurance New Zealand Limited,2022-02-25,WN,Shirley Wang,175.073378,-39.803022,,False,
1501000.0176,1501000,1501000.0176,"EQC - 22 Grosvenor Terrace, Wellington","EQC - 22 Grosvenor Terrace, Wellington",Vero Insurance New Zealand Limited,2022-02-25,WN,Shirley Wang,174.780523,-41.266377,Wellington City,True,
1501000.0180,1501000,1501000.0180,"EQC- 36 SH67, Ngakawau 7824","EQC- 36 SH67, Ngakawau 7824",AA Insurance Limited,2022-02-28,NE,Marcus Lovell,171.875806,-41.613367,,False,
1501000.0181,1501000,1501000.0181,"EQC- 799 Kenepuru Rd, Mahau Sound","EQC- 799 Kenepuru Road, Mahau Sound, Linkwater, Marlborough",Vero Insurance New Zealand Limited,2022-02-28,NE,Marcus Lovell,173.89039,-41.242508,,False,
1501000.0177,1501000,1501000.0177,"EQC - 15 Factory Road, Little Akaloa","EQC - 15 Factory Road, Little Akaloa, Canterbury",Vero Insurance New Zealand Limited,2022-03-01,CH,Scott Forster,172.983854,-43.677097,,False,
1501000.0178,1501000,1501000.0178,"EQC - 35 Havelock Street, Mornington","EQC - 35 Havelock Street, Mornington, Wellington, 6021, NZ",AA Insurance Limited,2022-03-03,WN,Shirley Wang,174.766227,-41.316427,Wellington City,True,
1501000.0179,1501000,1501000.0179,"EQC - 64 Barnes Drive, Caversham","EQC - 64 Barnes Drive, Caversham, Dunedin, Otago",Vero Insurance New Zealand Limited,2022-03-04,CH,Scott Forster,170.480076,-45.893517,,False,
1501000.0182,1501000,1501000.0182,"EQC - 1 Harland Street, #4, Brooklyn","EQC - 1 Harland Street, #4, Brooklyn, Wellington, 6021, NZL",AA Insurance Limited,2022-03-07,WN,Shirley Wang,174.765045,-41.309898,Wellington City,True,
1501000.0183,1501000,1501000.0183,"EQC - 1 Harland Street, #2, Brooklyn","EQC - 1 Harland Street, #2, Brooklyn, Wellington, 6021, NZL",AA Insurance Limited,2022-03-07,WN,Shirley Wang,174.76511,-41.309905,Wellington City,True,
1501000.0184,1501000,1501000.0184,"EQC - 47 Mairangi Road, Wadestown","EQC - 47 Mairangi Road, Wadestown, Wellington, 6012, NZL",Vero Insurance New Zealand Limited,2022-03-07,WN,Shirley Wang,174.768409,-41.26312,Wellington City,True,
1501000.0185,1501000,1501000.0185,"EQC - 155 Horokiwi Road, Wellington","EQC - 155 Horokiwi Road, Horokiwi, Wellington",Vero Insurance New Zealand Limited,2022-03-08,WN,Shirley Wang,174.85231,-41.219246,Wellington City,True,
1501000.0186,1501000,1501000.0186,EQC - 91 Te Wharepouri Street,"EQC - 91 Te Wharepouri Street, Berhampore, Wellington, 6023, NZL",AA Insurance Limited,2022-03-08,WN,Shirley Wang,174.774233,-41.318889,Wellington City,True,
1501000.0187,1501000,1501000.0187,"EQC - 25 Warwick Street, Wilton","EQC - 25 Warwick Street, Wilton, Wellington, 6012, NZL",AA Insurance Limited,2022-03-08,WN,Shirley Wang,174.761562,-41.268651,Wellington City,True,
1501000.0188,1501000,1501000.0188,"EQC - 20 Ontario Street, Kingston","EQC - 20 Ontario Street, Kingston (Building Inspection)",Vero Insurance New Zealand Limited,2022-03-08,WN,Shirley Wang,174.765885,-41.321948,Wellington City,True,
1501000.0189,1501000,1501000.0189,"EQC - 12 The Spur, Clifton, Christchurch","EQC - 12 The Spur, Clifton, Christchurch, Canterbury, 8081",AA Insurance Limited,2022-03-18,CH,Scott Forster,172.755706,-43.567183,,False,
1501000.0190,1501000,1501000.0190,"EQC - 18 Ontario Street, Kingston","EQC - 18 Ontario Street, Kingston, Wellington, 6021, NZL",AA Insurance Limited,2022-03-31,WN,Shirley Wang,174.765847,-41.322108,Wellington City,True,
1501000.0191,1501000,1501000.0191,"EQC - 7 Toop Street, Havelock North","EQC - 7 Toop Street, Havelock North, Hawke's Bay, 4130, NZL",Vero Insurance New Zealand Limited,2022-03-31,AK,Philip Mathewson,176.886063,-39.682503,,False,
1501000.0192,1501000,1501000.0192,"EQC - 29 Burns Road, Hospital Hill","EQC - 29 Burns Road, Hospital Hill, Napier, Hawke's Bay, 4110, NZL",AA Insurance Limited,2022-03-31,AK,Philip Mathewson,176.904875,-39.486097,,False,
1501000.0193,1501000,1501000.0193,"EQC - 29 Island Road, Whataupoko","EQC - 29 Island Road, Whataupoko, Gisborne, 4010, NZL",AA Insurance Limited,2022-04-11,TG,Guy McDougall,178.050397,-38.662799,,False,
1501000.0194,1501000,1501000.0194,"EQC - 25D Ring Terrace, Saint Marys Bay","EQC - 25D Ring Terrace, Saint Marys Bay, Auckland, 1011",Vero Insurance New Zealand Limited,2022-04-12,AK,Philip Mathewson,174.744868,-36.841461,,False,
1501000.0195,1501000,1501000.0195,"EQC -  228 Durham Drive, Havelock North","EQC - 228 Durham Drive, Havelock North, Hawke's Bay, 4130, NZL",Vero Insurance New Zealand Limited,2022-04-13,AK,Philip Mathewson,176.901859,-39.682886,,False,
1501000.0197,1501000,1501000.0197,"EQC - 1/930 Anaura Road, Anaura Bay","EQC - 1/930 Anaura Road, Anaura Bay",Vero Insurance New Zealand Limited,2022-04-20,TG,Guy McDougall,178.310954,-38.228459,,False,
1501000.0198,1501000,1501000.0198,"EQC - 1/97A Waikowhai Street, Ngaio, Wel","EQC - 1/97A Waikowhai Street, Ngaio, Wellington",Vero Insurance New Zealand Limited,2022-04-20,WN,Shirley Wang,174.769256,-41.254214,Wellington City,True,
1501000.0199,1501000,1501000.0199,"EQC - 153 Beach Road, Tokomaru Bay","EQC - 153 Beach Road, Tokomaru Bay, Gisborne, 4079, NZL",Vero Insurance New Zealand Limited,2022-04-21,TG,Ryan Tutbury,178.328209,-38.117023,,False,
1501000.0201,1501000,1501000.0201,"EQC - 66 Pearce Street, Halcombe","EQC - 66 Pearce Street, Halcombe, Manawatu-Whanganui, 4779, NZL",AA Insurance Limited,2022-04-22,WN,Shirley Wang,175.495485,-40.136698,,False,
1501000.0202,1501000,1501000.0202,"EQC - 102 Crummer Road, Grey Lynn","EQC - 102 Crummer Road, Grey Lynn, Auckland, 1021, NZL",Vero Insurance New Zealand Limited,2022-04-27,AK,Philip Mathewson,174.741983,-36.86443,,False,
1501000.0203,1501000,1501000.0203,"EQC - 89 Lochiel St, Mahia","EQC - 89 Lochiel St, Mahia, 4198",Vero Insurance New Zealand Limited,2022-04-28,AK,Philip Mathewson,177.869948,-39.093686,,False,
1501000.0204,1501000,1501000.0204,"EQC - 969 Glengarry Road, Puketapu","EQC - 969 Glengarry Road, Puketapu, Hastings, Hawke's Bay, 4182, NZL",AA Insurance Limited,2022-04-28,AK,Philip Mathewson,176.750149,-39.406466,,False,
1501000.0205,1501000,1501000.0205,"EQC - 13A Karamea Street, Whalers Gate","EQC - 13A Karamea Street, Whalers Gate, New Plymouth, Taranaki, 4310, NZL",Vero Insurance New Zealand Limited,2022-05-06,AK,Philip Mathewson,174.036181,-39.089477,,False,
1501000.0207,1501000,1501000.0207,"EQC - 8 Oswald Street, Mangapapa","EQC - 8 Oswald Street, Mangapapa, Gisborne, 4010, NZL",AA Insurance Limited,2022-05-06,AK,Philip Mathewson,178.023206,-38.648922,,False,
1501000.0208,1501000,1501000.0208,"EQC - 52 Kaiawha Road, Tokomaru Bay","EQC - 52 Kaiawha Road, Tokomaru Bay, Gisborne, 4079, NZL",AA Insurance Limited,2022-05-06,AK,Guy McDougall,178.304124,-38.139428,,False,
1501000.0209,1501000,1501000.0209,"EQC - 156 Darlington Road, Miramar","EQC - 156 Darlington Road, Miramar, Wellington, 6022, NZL",Vero Insurance New Zealand Limited,2022-05-11,WN,Shirley Wang,174.826488,-41.30377,Wellington City,True,
1501000.0196,1501000,1501000.0196,"EQC - 233 Apley Road, Puketapu, Hastings","EQC - 233 Apley Road, Puketapu, Hastings, Hawke's Bay, 4184",Vero Insurance New Zealand Limited,2022-05-13,AK,Philip Mathewson,176.733347,-39.482993,,False,
1501000.0210,1501000,1501000.0210,"EQC - 4223 Whangara Road, Tolaga Bay","EQC - 4223 Whangara Road, Tolaga Bay",Vero Insurance New Zealand Limited,2022-05-17,TG,Guy McDougall,178.30298,-38.397692,,False,
1501000.0211,1501000,1501000.0211,"EQC - 84 Waima Road, Tokomaru Bay","EQC - 84 Waima Road, Tokomaru Bay, Gisborne, 4079, NZL",AA Insurance Limited,2022-05-17,TG,Guy McDougall,178.346605,-38.10711,,False,
1501000.0212,1501000,1501000.0212,"EQC-135 Aroha Road, Te Arai","EQC-135 Aroha Road, Te Arai, Mangawhai, Auckland, 0975, NZL",Vero Insurance New Zealand Limited,2022-05-17,AK,Philip Mathewson,174.611612,-36.185145,,False,
1501000.0200,1501000,1501000.0200,"EQC - 18 Arthur St, Tokomaru Bay","EQC - 18 Arthur St, Tokomaru Bay, 4079, NZL",Vero Insurance New Zealand Limited,2022-05-20,AK,Philip Mathewson,178.31355,-38.1332,,False,
1501000.0213,1501000,1501000.0213,"EQC - 31 Queens Road, Glen Avon","EQC - 31 Queens Road, Glen Avon, New Plymouth, Taranaki, 4312, NZL",Vero Insurance New Zealand Limited,2022-05-20,AK,Philip Mathewson,174.108414,-39.055341,,False,
1501000.0214,1501000,1501000.0214,"EQC - 36 Spikes Way, Whitianga","EQC -36 Spikes Way, Whitianga, Waikato, 3510",AA Insurance Limited,2022-05-20,AK,Philip Mathewson,175.703019,-36.793083,,False,
1501000.0215,1501000,1501000.0215,"EQC - 11A Virginia Place, Whalers Gate","EQC - 11A Virginia Place, Whalers Gate, New Plymouth, Taranaki, 4310, NZL",AA Insurance Limited,2022-05-25,AK,Philip Mathewson,174.038134,-39.08033,,False,
1501000.0216,1501000,1501000.0216,"EQC - 8 James Grove, Stokes Valley","EQC - 8 James Grove, Stokes Valley, Lower Hutt, Wellington, 5019, NZL",AA Insurance Limited,2022-05-26,WN,Shirley Wang,174.98685,-41.164163,Lower Hutt City,True,
1501000.0217,1501000,1501000.0217,"EQC - 27 Hamilton Road, Hataitai","EQC - 27 Hamilton Road, Hataitai, Wellington, 6021, NZL",Vero Insurance New Zealand Limited,2022-05-27,WN,Shirley Wang,174.795332,-41.306595,Wellington City,True,
1501000.0218,1501000,1501000.0218,"EQC-1783 Kenepuru Rd, Te Mahia,Marlb","EQC - 1783 Kenepuru Rd, Te Mahia, Marlborough Sounds",Vero Insurance New Zealand Limited,2022-05-30,NE,Marcus Lovell,173.955816,-41.21362,,False,
1501000.0219,1501000,1501000.0219,"EQC - 48 Williams Crescent, Otara","EQC - 48 Williams Crescent, Otara, Auckland, 2023",AA Insurance Limited,2022-05-31,AK,Philip Mathewson,174.883372,-36.957807,,False,
1501000.0220,1501000,1501000.0220,"97A Waikowhai Street, #1, Ngaio","97A Waikowhai Street, #1, Ngaio, Wellington, 6035, NZL",Vero Insurance New Zealand Limited,2022-06-02,WN,Shirley Wang,174.769214,-41.254199,Wellington City,True,
1501000.0221,1501000,1501000.0221,"97A Waikowhai Street, #2, Ngaio","97A Waikowhai Street, #2, Ngaio, Wellington, 6035, NZL",Vero Insurance New Zealand Limited,2022-06-02,WN,Shirley Wang,174.769155,-41.254227,Wellington City,True,
1501000.0206,1501000,1501000.0206,"EQC - 209A Stout Street, Mangapapa","EQC - 209A Stout Street, Mangapapa, Gisborne, 4010, NZL",Vero Insurance New Zealand Limited,2022-06-05,AK,Philip Mathewson,178.016832,-38.648494,,False,
1501000.0222,1501000,1501000.0222,"EQC - 54 Moana Road, Kelburn, Wellington","EQC - 54 Moana Road, Kelburn, Wellington, 6012, NZL",AA Insurance Limited,2022-06-09,WN,Shirley Wang,174.75475,-41.289986,Wellington City,True,
1501000.0223,1501000,1501000.0223,"EQC - 82 Seaview Road, Paremata, Porirua","EQC - 82 Seaview Road, Paremata, Porirua, Wellington, 5024, NZL",Vero Insurance New Zealand Limited,2022-06-10,WN,Shirley Wang,174.883314,-41.099071,Porirua City,True,
1501000.0224,1501000,1501000.0224,"EQC - 241 Major Drive, Kelson","EQC - 241 Major Drive, Kelson, Lower Hutt, Wellington",Vero Insurance New Zealand Limited,2022-06-13,WN,Shirley Wang,174.938645,-41.172143,Lower Hutt City,True,
1501000.0225,1501000,1501000.0225,"EQC-39 John Gill Road, Shelly Park","EQC-39 John Gill Road, Shelly Park,Auckland, 2014, NZL",Vero Insurance New Zealand Limited,2022-06-16,AK,Philip Mathewson,174.945883,-36.90486,,False,
1501000.0226,1501000,1501000.0226,"EQC-166 Kahikatea Flat Road, Dairy Flat,","166 Kahikatea Flat Road, Dairy Flat, Auckland, 0794, NZL",Vero Insurance New Zealand Limited,2022-06-16,AK,Philip Mathewson,174.627707,-36.640088,,False,
1501000.0228,1501000,1501000.0228,"EQC - 1 Cherry Grove, Strathmore Park","EQC - 1 Cherry Grove, Strathmore Park, Wellington, 6022, NZL",Vero Insurance New Zealand Limited,2022-06-17,WN,Shirley Wang,174.825182,-41.324578,Wellington City,True,
1501000.0227,1501000,1501000.0227,"373 Mangorei Road, Merrilands, New Plymo","373 Mangorei Road, Merrilands, New Plymouth, Taranaki, 4312, NZL",AA Insurance Limited,2022-06-20,AK,Philip Mathewson,174.108056,-39.079819,,False,
1501000.0229,1501000,1501000.0229,"5 Clifton Road, Tongaporutu, Urenui","5 Clifton Road, Tongaporutu, Urenui, 4378, NZL",AA Insurance Limited,2022-06-20,AK,Philip Mathewson,174.595851,-38.818455,,False,
1501000.0230,1501000,1501000.0230,"EQC - 41 Connaught Terrace, Wellington","EQC - 41 Connaught Terrace, Wellington",Vero Insurance New Zealand Limited,2022-06-21,WN,Shirley Wang,174.767247,-41.309848,Wellington City,True,
1501000.0231,1501000,1501000.0231,"EQC - 57 Haunui Road, Pukerua Bay","EQC - 57 Haunui Road, Pukerua Bay, Porirua, Wellington, 5026, NZL",Vero Insurance New Zealand Limited,2022-06-22,WN,Shirley Wang,174.894714,-41.030265,Porirua City,True,
1501000.0232,1501000,1501000.0232,"EQC - 34 Percy Dyett Drive, Karori","EQC - 34 Percy Dyett Drive, Karori, Wellington, 6012, NZL",Vero Insurance New Zealand Limited,2022-06-27,WN,Shirley Wang,174.72639,-41.283045,Wellington City,True,
1501000.0233,1501000,1501000.0233,"EQC - 6 Flotilla Place, Whitby, Porirua","EQC - 6 Flotilla Place, Whitby, Porirua, Wellington, 5024, NZL",AA Insurance Limited,2022-06-27,WN,Shirley Wang,174.89903,-41.116902,Porirua City,True,
1501000.0234,1501000,1501000.0234,"EQC - 6 Tombane Lane, Papakowhai","EQC - 6 Tombane Lane, Papakowhai, Porirua, Wellington, 5024, NZL",Vero Insurance New Zealand Limited,2022-06-27,WN,Shirley Wang,174.864962,-41.119705,Porirua City,True,
1501000.0235,1501000,1501000.0235,"EQC - 480 Evans Bay Parade, Hataitai","EQC - 480 Evans Bay Parade, Hataitai, Wellington, 6021, NZL",Vero Insurance New Zealand Limited,2022-06-27,WN,Shirley Wang,174.797495,-41.310425,Wellington City,True,
1501000.0236,1501000,1501000.0236,"EQC - 24 Lambley Road, #3, Titahi Bay","EQC - 24 Lambley Road, #3, Titahi Bay, Porirua, Wellington, 5022, NZL",AA Insurance Limited,2022-06-30,WN,Shirley Wang,174.836054,-41.099432,Porirua City,True,
1501000.0237,1501000,1501000.0237,"EQC - 128 Manuka Street, Stokes Valley","EQC - 128 Manuka Street, Stokes Valley, Lower Hutt, Wellington, 5019, NZL",Vero Insurance New Zealand Limited,2022-06-30,WN,Shirley Wang,174.990406,-41.185775,Lower Hutt City,True,
1501000.0238,1501000,1501000.0238,"EQC - 80 Wyndham Road, Pinehaven","EQC - 80 Wyndham Road, Pinehaven, Upper Hutt, Wellington, 5019, NZL",Vero Insurance New Zealand Limited,2022-06-30,WN,Shirley Wang,175.010466,-41.160666,Upper Hutt City,True,
1501000.0239,1501000,1501000.0239,"EQC- 2 Ihakara Arthur Lane, Aotea","EQC - 2 Ihakara Arthur Lane, Aotea, Porirua, Wellington, 5024, NZL",Vero Insurance New Zealand Limited,2022-06-30,WN,Shirley Wang,174.851682,-41.126554,Porirua City,True,
1501000.0241,1501000,1501000.0241,"EQC - 5 Oswald Street, Mangapapa","EQC - 5 Oswald Street, Mangapapa, Gisborne, 4010, NZL",Vero Insurance New Zealand Limited,2022-06-30,AK,Philip Mathewson,178.023553,-38.648651,,False,
1501000.0240,1501000,1501000.0240,"EQC - 20 Amundsen Grove, Stokes Valley","EQC - 20 Amundsen Grove, Stokes Valley, Lower Hutt, Wellington, 5019, NZL",Vero Insurance New Zealand Limited,2022-07-01,WN,Shirley Wang,174.979538,-41.18318,Lower Hutt City,True,
1501000.0242,1501000,1501000.0242,"EQC - 73 -75  Stanley Point Road, AKL","EQC - 73 -75  Stanley Point Road, Stanley Point, Auckland, 0624, NZL",Vero Insurance New Zealand Limited,2022-07-13,AK,Philip Mathewson,174.77437,-36.828676,,False,
15010000.0243,1501000,15010000.0243,"EQC - 35 Winter Street, Mangapapa","EQC - 35 Winter Street, Mangapapa, Gisborne, 4010, NZL",Vero Insurance New Zealand Limited,2022-07-14,TG,Philip Mathewson,178.013762,-38.641613,,False,
1501000.0244,1501000,1501000.0244,"EQC - 15 Claydon Place, Ohope","EQC - 15 Claydon Place, Ohope, Bay of Plenty, 3121, NZL",Vero Insurance New Zealand Limited,2022-07-15,TG,Guy McDougall,177.07667,-37.979198,,False,
1501000.0245,1501000,1501000.0245,"EQC - 12 Brookwood Drive, Henderson","EQC - 12 Brookwood Drive, Henderson, Auckland, 0612, NZL",AA Insurance Limited,2022-07-19,AK,Philip Mathewson,174.610628,-36.876412,,False,
1501000.0246,1501000,1501000.0246,"EQC - 22 Windley Street, Ranui, Porirua","EQC - 22 Windley Street, Ranui, Porirua, Wellington, 5024, NZL",Tower Insurance Limited,2022-07-21,WN,Shirley Wang,174.852162,-41.136062,Porirua City,True,
1501000.0247,1501000,1501000.0247,"EQC - 90 Laingholm Drive, Laingholm","EQC - 90 Laingholm Drive, Laingholm, Auckland, 0604, NZL",AA Insurance Limited,2022-07-25,AK,Philip Mathewson,174.640724,-36.96168,,False,
1501000.0248,1501000,1501000.0248,EQC - 166 Kahikatea Flat Road,"EQC - 166 Kahikatea Flat Road, Dairy Flat, Auckland, 0794, NZL",Vero Insurance New Zealand Limited,2022-07-25,AK,Philip Mathewson,174.627517,-36.640283,,False,
1501000.0249,1501000,1501000.0249,"EQC - 203 Point View Drive, East Tamaki","EQC - 203 Point View Drive, East Tamaki Heights, Auckland, 2016, NZL",Vero Insurance New Zealand Limited,2022-07-26,AK,Luke Storie,174.930012,-36.936296,,False,
1501000.0250,1501000,1501000.0250,"EQC - 24 Trafalgar Street, Onehunga","EQC - 24 Trafalgar Street, Onehunga, Auckland, 1061, NZL",Vero Insurance New Zealand Limited,2022-07-27,AK,Philip Mathewson,174.77139,-36.915782,,False,
1501000.0251,1501000,1501000.0251,"EQC - 161 Point View Drive, East Tamaki","EQC - 161 Point View Drive, East Tamaki Heights, Auckland, 2016, NZL",AA Insurance Limited,2022-07-27,AK,Philip Mathewson,174.928866,-36.939434,,False,
1501000.0252,1501000,1501000.0252,"EQC-53 Clyde Street, Island Bay, Welling","EQC-53 Clyde Street, Island Bay, Wellington, 6023, NZL",AA Insurance Limited,2022-07-28,WN,Shirley Wang,174.775351,-41.332102,Wellington City,True,
1501000.0253,1501000,1501000.0253,EQC - 186A Woodlands Park Road,"EQC - 186A Woodlands Park Road, Titirangi, Auckland, 0604, NZL",Vero Insurance New Zealand Limited,2022-08-01,AK,Philip Mathewson,174.631817,-36.943929,,False,
1501000.0254,1501000,1501000.0254,"EQC-26 Garfield Street, Brooklyn","EQC-26 Garfield Street, Brooklyn, Wellington, 6021, NZL",AA Insurance Limited,2022-08-01,WN,Shirley Wang,174.765023,-41.306999,Wellington City,True,
1501000.0255,1501000,1501000.0255,EQC - 3 Railway Terrace,"EQC - 3 Railway Terrace, Heathcote Valley, Christchurch, Canterbury, 8022, NZL",AA Insurance Limited,2022-08-02,CH,Anna Sleight,172.701142,-43.575172,,False,
1501000.0256,1501000,1501000.0256,"EQC - 320 Maungatapu Road, Maungatapu","EQC - 320 Maungatapu Road, Maungatapu, Tauranga, Bay of Plenty, 3112, NZL",Vero Insurance New Zealand Limited,2022-08-03,TG,Guy McDougall,176.180106,-37.714228,,False,
1501000.0257,1501000,1501000.0257,"EQC - 9 Shirley Road, Grey Lynn","EQC - 9 Shirley Road, Grey Lynn, Auckland, 1021, NZL",Vero Insurance New Zealand Limited,2022-08-03,AK,Philip Mathewson,174.734376,-36.866562,,False,
1501000.0258,1501000,1501000.0258,"EQC - 128 Manuka Street, Stokes Valley","EQC - 128 Manuka Street, Stokes Valley, Lower Hutt, Wellington, 5019, NZL",Vero Insurance New Zealand Limited,2022-08-04,WN,Shirley Wang,174.990339,-41.185733,Lower Hutt City,True,
1501000.0259,1501000,1501000.0259,EQC - 384 Decanter Bay Road,"EQC - 384 Decanter Bay Road, Little Akaloa, Canterbury, 7583, NZL",Vero Insurance New Zealand Limited,2022-08-04,CH,Anna Sleight,172.989595,-43.659685,,False,
1501000.0260,1501000,1501000.0260,"EQC - 128 Manuka Street, Stokes Valley","EQC - 128 Manuka Street, Stokes Valley, Lower Hutt, Wellington, 5019, NZL",Vero Insurance New Zealand Limited,2022-08-05,WN,Shirley Wang,174.990353,-41.185786,Lower Hutt City,True,
1501000.0261,1501000,1501000.0261,"EQC - 30 Priscilla Crescent, Kingston","EQC - 30 Priscilla Crescent, Kingston, Wellington, 6021, NZL",Vero Insurance New Zealand Limited,2022-08-05,WN,Shirley Wang,174.76748,-41.321948,Wellington City,True,
1501000.0262,1501000,1501000.0262,"EQC - 30 Priscilla Crescent, Kingston","EQC - 30 Priscilla Crescent, Kingston, Wellington, 6021, NZL",Vero Insurance New Zealand Limited,2022-08-05,WN,Shirley Wang,174.767484,-41.322,Wellington City,True,
1501000.0263,1501000,1501000.0263,"EQC - 12 Troup Street, Herbert, Otago","EQC - 12 Troup Street, Herbert, Otago, 9495, NZL",AA Insurance Limited,2022-08-08,CH,Anna Sleight,170.788059,-45.227755,,False,
1501000.0264,1501000,1501000.0264,"EQC - 16 Captains Retreat, Hillsborough","EQC - 16 Captains Retreat, Hillsborough, Auckland, 1042, NZL",AA Insurance Limited,2022-08-08,AK,Philip Mathewson,174.743908,-36.930962,,False,
1501000.0265,1501000,1501000.0265,"EQC - 49 Rimu Road, Oratia, Auckland","EQC - 49 Rimu Road, Oratia, Auckland, 0604, NZL",Vero Insurance New Zealand Limited,2022-08-08,AK,Philip Mathewson,174.595175,-36.935231,,False,
1501000.0266,1501000,1501000.0266,"EQC - 18 Ontario Street, Kingston","EQC - 18 Ontario Street, Kingston, Wellington, 6021, NZL",AA Insurance Limited,2022-08-08,WN,Shirley Wang,174.765807,-41.322043,Wellington City,True,
1501000.0267,1501000,1501000.0267,EQC - 31A Maui Pomare Street,"EQC - 31A Maui Pomare Street, Blockhouse Bay, Auckland, 0600, NZL",Vero Insurance New Zealand Limited,2022-08-09,AK,Philip Mathewson,174.707189,-36.913388,,False,
1501000.0268,1501000,1501000.0268,"EQC - 50 Rapaki Road, Hillsborough","EQC - 50 Rapaki Road, Hillsborough, Christchurch, Canterbury, 8022, NZL",Vero Insurance New Zealand Limited,2022-08-09,CH,Anna Sleight,172.664008,-43.568023,,False,
1501000.0269,1501000,1501000.0269,"EQC - 25 Ring Ter, Saint Marys Bay","EQC - 25 Ring Ter, Saint Marys Bay, Auckland, 1011, NZL",Vero Insurance New Zealand Limited,2022-08-10,AK,Philip Mathewson,174.744645,-36.84143,,False,
1501000.0270,1501000,1501000.0270,"EQC-34 Fortification Road, Karaka Bays","EQC- 34 Fortification Road, Karaka Bays, Wellington, 6022, NZL",Vero Insurance New Zealand Limited,2022-08-11,WN,Shirley Wang,174.830368,-41.300052,Wellington City,True,
1501000.0271,1501000,1501000.0271,"EQC-279 Cockayne Road, Ngaio, Wellington","EQC-279 Cockayne Road, Ngaio, Wellington, 6035, NZL",Vero Insurance New Zealand Limited,2022-08-11,WN,Shirley Wang,174.776455,-41.254609,Wellington City,True,
1501000.0272,1501000,1501000.0272,"EQC-340 Ohiro Road, Brooklyn, Wellington","EQC-340 Ohiro Road, Brooklyn, Wellington, 6021, NZL",Vero Insurance New Zealand Limited,2022-08-12,WN,Shirley Wang,174.761355,-41.313061,Wellington City,True,
1501000.0273,1501000,1501000.0273,"EQC - 35 Mt Pleasant Road, Mt Pleasant","EQC - 35 Mt Pleasant Road, Mount Pleasant, Christchurch, Canterbury, 8081, NZL",Vero Insurance New Zealand Limited,2022-08-12,WN,Anna Sleight,172.720639,-43.557563,,False,
1501000.0274,1501000,1501000.0274,"EQC-350A The Terrace, Te Aro, Wellington","EQC-350A The Terrace, Te Aro, Wellington, 6011, NZL",Vero Insurance New Zealand Limited,2022-08-12,WN,Shirley Wang,174.769687,-41.29273,Wellington City,True,
1501000.0275,1501000,1501000.0275,"EQC-234 Plateau Road, Te Marua","EQC-234 Plateau Road, Te Marua, Upper Hutt, Wellington, 5018, NZL",AA Insurance Limited,2022-08-15,WN,Shirley Wang,175.14588,-41.097595,Upper Hutt City,True,
1501000.0276,1501000,1501000.0276,"EQC - 12 Governor Road, Northland","EQC - 12 Governor Road, Northland, Wellington, 6012, NZL",AA Insurance Limited,2022-08-15,WN,Shirley Wang,174.757857,-41.284452,Wellington City,True,
1501000.0277,1501000,1501000.0277,"EQC - 14 Governor Road, Northland","EQC - 14 Governor Road, Northland, Wellington, 6012, NZL",Vero Insurance New Zealand Limited,2022-08-15,WN,Shirley Wang,174.757728,-41.284381,Wellington City,True,
1501000.0278,1501000,1501000.0278,"EQC - 22 Ponsonby Road, Karori","EQC - 22 Ponsonby Road, Karori, Wellington, 6012, NZL",AA Insurance Limited,2022-08-15,WN,Shirley Wang,174.750652,-41.284885,Wellington City,True,
1501000.0279,1501000,1501000.0279,"EQC -1703 Kenepuru Rd, Te Mahia, Marlb.","EQC - 1703 Kenepuru Road, Te Mahia, Marlborough Sounds 7282",AA Insurance Limited,2022-08-16,NE,Marcus Lovell,173.952738,-41.215866,,False,
1501000.0280,1501000,1501000.0280,"EQC- 10 Amelia Crescent, Waikawa, Picton","EQC- 10 Amelia Crescent, Waikawa, Picton 7220",Vero Insurance New Zealand Limited,2022-08-16,NE,Marcus Lovell,174.049642,-41.267501,,False,
1501000.0281,1501000,1501000.0281,"EQC-93 Cecil Road, Wadestown, Wellington","EQC-93 Cecil Road, Wadestown, Wellington, 6012, NZL",AA Insurance Limited,2022-08-16,WN,Shirley Wang,174.77002,-41.265351,Wellington City,True,
1501000.0287,1501000,1501000.0287,"EQC - 9 Koura Road, Atawhai, Nelson","EQC - 9 Koura Road, Atawhai, Nelson 7010",Vero Insurance New Zealand Limited,2022-08-16,AK,Jen Smith,173.3285,-41.24645,,False,
1501000.0288,1501000,1501000.0288,"EQC - 11 Koura Road, Atawhai, Nelson","EQC - 11 Koura Road, Atawhai, Nelson 7010",AA Insurance Limited,2022-08-16,AK,Jen Smith,173.328672,-41.246708,,False,
1501000.0290,1501000,1501000.0290,"EQC - 8 Werneth Ridge, Atawhai, Nelson","EQC - 8 Werneth Ridge, Atawhai, Nelson, 7010",AA Insurance Limited,2022-08-16,AK,Jen Smith,173.324436,-41.240568,,False,
1501000.0291,1501000,1501000.0291,"EQC - 1 Moncrieff Ave, Britannia Heights","EQC - 1 Moncrieff Avenue, Britannia Heights, Nelson, 7010",Vero Insurance New Zealand Limited,2022-08-16,AK,Marcus Lovell,173.257154,-41.278527,,False,
1501000.0292,1501000,1501000.0292,"EQC - 116A Cleveland Terrace, Maitai","EQC - 116A Cleveland Terrace, Maitai, Nelson, 7010",Vero Insurance New Zealand Limited,2022-08-16,AK,Jen Smith,173.300049,-41.278882,,False,
1501000.0293,1501000,1501000.0293,"EQC - 114 Cleveland Terrace, Maitai","EQC - 114 Cleveland Terrace, Maitai, Nelson, 7010",AA Insurance Limited,2022-08-16,AK,Jen Smith,173.299722,-41.278943,,False,
1501000.0294,1501000,1501000.0294,"EQC - 16 Atmore Terrace, Maitai, Nelson","EQC - 16 Atmore Terrace, Maitai, Nelson, 7010",Vero Insurance New Zealand Limited,2022-08-16,AK,Jen Smith,173.299744,-41.279338,,False,
1501000.0295,1501000,1501000.0295,"EQC - 26 Potteries Way, Bishopdale","EQC - 26 Potteries Way, Bishopdale, Nelson, 7011",Vero Insurance New Zealand Limited,2022-08-16,AK,Jen Smith,173.268791,-41.302402,,False,
1501000.0296,1501000,1501000.0296,"EQC - 24 Potteries Way, Bishopdale","EQC - 24 Potteries Way, Bishopdale, Nelson, 7011",Vero Insurance New Zealand Limited,2022-08-16,AK,Jen Smith,173.268632,-41.302108,,False,
1501000.0298,1501000,1501000.0298,"EQC - 6 Francois Way, Enner Glynn","EQC - 6 Francois Way, Enner Glynn, Nelson, 7011",Vero Insurance New Zealand Limited,2022-08-16,AK,Jen Smith,173.260268,-41.304653,,False,
1501000.0282,1501000,1501000.0282,"EQC - 66 Egmont Street, Ohauiti","EQC - 66 Egmont Street, Ohauiti, Tauranga, Bay of Plenty, 3112, NZL",AA Insurance Limited,2022-08-17,TG,Guy McDougall,176.163688,-37.737963,,False,
1501000.0283,1501000,1501000.0283,"EQC-178 Darlington Road, Miramar","EQC-178 Darlington Road, Miramar, Wellington, 6022, NZL",Vero Insurance New Zealand Limited,2022-08-19,WN,Shirley Wang,174.827244,-41.302657,Wellington City,True,
1501000.0284,1501000,1501000.0284,"EQC-10 Ramsey Place, Karori, Wellington","EQC-10 Ramsey Place, Karori, Wellington, 6012, NZL",Vero Insurance New Zealand Limited,2022-08-22,WN,Shirley Wang,174.725742,-41.289482,Wellington City,True,
1501000.0285,1501000,1501000.0285,"EQC-133B Ohariu Road, Johnsonville","EQC-133B Ohariu Road, Johnsonville, Wellington, 6037, NZL",Vero Insurance New Zealand Limited,2022-08-23,WN,Shirley Wang,174.798758,-41.21503,Wellington City,True,
1501000.0286,1501000,1501000.0286,"EQC-87 Black Rock Road, Newlands","EQC-87 Black Rock Road, Newlands, Wellington, 6037, NZL",Vero Insurance New Zealand Limited,2022-08-23,WN,Shirley Wang,174.821323,-41.232296,Wellington City,True,
1501000.0289,1501000,1501000.0289,"EQC-155 Upland Road, Kelburn, Wellington","EQC-155 Upland Road, Kelburn, Wellington, 6012, NZL",AA Insurance Limited,2022-08-25,WN,Shirley Wang,174.75927,-41.286771,Wellington City,True,
1501000.0297,1501000,1501000.0297,"EQC-208 Barnard Street, Wadestown, Welli","EQC-208 Barnard Street, Wadestown, Wellington, 6012, NZL",AA Insurance Limited,2022-08-26,WN,Shirley Wang,174.783808,-41.259254,Wellington City,True,
1501000.0299,1501000,1501000.0299,EQC-Karaka Bay Road Wellington,EQC-Karaka Bay Road Wellington,Vero Insurance New Zealand Limited,2022-08-29,WN,Shirley Wang,174.830906,-41.30317,Wellington City,True,
1501000.0300,1501000,1501000.0300,"EQC - 3 Havelock Street, Mornington","EQC - 3 Havelock Street, Mornington, Wellington, 6021, NZL",AA Insurance Limited,2022-08-30,WN,Shirley Wang,174.765429,-41.317758,Wellington City,True,
1501000.0301,1501000,1501000.0301,"EQC - 4 Potteries Way, Bishopdale","EQC - 4 Potteries Way, Bishopdale, Nelson, 7011",Vero Insurance New Zealand Limited,2022-08-30,AK,Jen Smith,173.268166,-41.302414,,False,
1501000.0302,1501000,1501000.0302,"EQC - 163 Stafford Drive, Ruby Bay","EQC - 163 Stafford Drive, Ruby Bay, Mapua, Tasman, 7005",Vero Insurance New Zealand Limited,2022-08-30,AK,Jen Smith,173.08595,-41.234271,,False,
1501000.0303,1501000,1501000.0303,"EQC-9 Old Coach Road, Johnsonville","EQC-9 Old Coach Road, Johnsonville, Wellington, 6037, NZL",Vero Insurance New Zealand Limited,2022-08-30,WN,Shirley Wang,174.79476,-41.221773,Wellington City,True,
1501000.0304,1501000,1501000.0304,"EQC-22 McColl Street, #2, Vogeltown","EQC-22 McColl Street, #2, Vogeltown, Wellington, 6021, NZL",Vero Insurance New Zealand Limited,2022-08-30,WN,Shirley Wang,174.769151,-41.314662,Wellington City,True,
1501000.0305,1501000,1501000.0305,"EQC-66 Hornsey Road, Melrose, Wellington","EQC-66 Hornsey Road, Melrose, Wellington",AA Insurance Limited,2022-08-30,WN,Shirley Wang,174.786832,-41.331064,Wellington City,True,
1501000.0306,1501000,1501000.0306,"EQC - 22 Springlea Heights, Atawhai","EQC - 22 Springlea Heights, Atawhai, Nelson, 7010",AA Insurance Limited,2022-08-30,AK,Jen Smith,173.326301,-41.246751,,False,
1501000.0308,1501000,1501000.0308,"EQC - 83 Upper Rocklands Road, Clifton","EQC - 83 Upper Rocklands Road, Clifton, Abel Tasman National Park, Tasman, 7183",AA Insurance Limited,2022-08-30,AK,Jen Smith,172.867892,-40.859525,,False,
1501000.0321,1501000,1501000.0321,"EQC - 51 Tamaki Street, Tahunanui","EQC - 51 Tamaki Street, Tahunanui, Nelson, 7011",Vero Insurance New Zealand Limited,2022-08-30,AK,Jen Smith,173.252606,-41.287948,,False,
1501000.0307,1501000,1501000.0307,"EQC-383 Ohiro Road, Brooklyn, Wellington","EQC-383 Ohiro Road, Brooklyn, Wellington,",Vero Insurance New Zealand Limited,2022-08-31,WN,Shirley Wang,174.7612015510001,-41.31633428699996,Wellington City,True,
1501000.0309,1501000,1501000.0309,"EQC-4 Stratford Way, Wilton, Wellington","EQC-4 Stratford Way, Wilton, Wellington, 6012, NZL",AA Insurance Limited,2022-09-01,WN,Shirley Wang,174.763398,-41.267429,Wellington City,True,
1501000.0310,1501000,1501000.0310,"EQC-74 Duncan Terrace, Kilbirnie","EQC-74 Duncan Terrace, Kilbirnie, Wellington, 6022, NZL",AA Insurance Limited,2022-09-01,WN,Shirley Wang,174.790698,-41.317749,Wellington City,True,
1501000.0311,1501000,1501000.0311,"EQC-93B Cecil Road, Wadestown","EQC-93B Cecil Road, Wadestown, Wellington, 6012, NZL",Vero Insurance New Zealand Limited,2022-09-01,WN,Shirley Wang,174.770242,-41.265543,Wellington City,True,
1501000.0312,1501000,1501000.0312,"EQC-148 The Esplanade, Houghton Bay","EQC-148 The Esplanade, Houghton Bay, Wellington, 6023, NZL",AA Insurance Limited,2022-09-01,WN,Shirley Wang,174.779665,-41.344722,Wellington City,True,
1501000.0313,1501000,1501000.0313,"EQC - 4 Mansfield Way, Stoke, Nelson","EQC - 4 Mansfield Way, Stoke, Nelson, 7011",Vero Insurance New Zealand Limited,2022-09-01,AK,Jen Smith,173.240488,-41.331955,,False,
1501000.0319,1501000,1501000.0319,"EQC-9 Manitoba Place, Kingston, Wellingt","EQC-9 Manitoba Place, Kingston, Wellington, 6021, NZL",AA Insurance Limited,2022-09-01,WN,Shirley Wang,174.763554,-41.321906,Wellington City,True,
1501000.0314,1501000,1501000.0314,"EQC-20A The Drive, Tawa, Wellington","EQC-20A The Drive, Tawa, Wellington, 5028, NZL",Vero Insurance New Zealand Limited,2022-09-02,WN,Shirley Wang,174.823521,-41.173308,Wellington City,True,
1501000.0315,1501000,1501000.0315,"EQC - 41 Bosun Terrace, Whitby, Porirua","EQC - 41 Bosun Terrace, Whitby, Porirua, Wellington, 5024, NZL",Vero Insurance New Zealand Limited,2022-09-02,WN,Shirley Wang,174.885426,-41.106062,Porirua City,True,
1501000.0316,1501000,1501000.0316,"EQC-425 Karaka Bay Road, Karaka Bays","EQC-425 Karaka Bay Road, Karaka Bays, Wellington, 6022, NZL",Vero Insurance New Zealand Limited,2022-09-02,WN,Shirley Wang,174.830983,-41.303044,Wellington City,True,
1501000.0317,1501000,1501000.0317,"EQC-9 Quebec Street, Kingston,Wellington","EQC-9 Quebec Street, Kingston, Wellington, 6021, NZL",Vero Insurance New Zealand Limited,2022-09-05,WN,Shirley Wang,174.763327,-41.321749,Wellington City,True,
1501000.0318,1501000,1501000.0318,"EQC-17 Hataitai Road, Hataitai, Wellingt","EQC-17 Hataitai Road, Hataitai, Wellington, 6021, NZL",Vero Insurance New Zealand Limited,2022-09-05,WN,Shirley Wang,174.801293,-41.297723,Wellington City,True,
1501000.0320,1501000,1501000.0320,"EQC-84 Burgess Road, Newlands, Wellingto","EQC-84 Burgess Road, Newlands, Wellington, 6037, NZL",Vero Insurance New Zealand Limited,2022-09-05,WN,Shirley Wang,174.814189,-41.223016,Wellington City,True,
1501000.0322,1501000,1501000.0322,"EQC - 592 Brook Street, The Brook","EQC - 592 Brook Street, The Brook, Nelson, 7010",Vero Insurance New Zealand Limited,2022-09-06,AK,Jen Smith,173.282148,-41.314965,,False,
1501000.0323,1501000,1501000.0323,"EQC-103 Upland Road, Kelburn, Wellington","EQC-103 Upland Road, Kelburn, Wellington, 6012, NZL",Vero Insurance New Zealand Limited,2022-09-07,WN,Shirley Wang,174.761378,-41.288671,Wellington City,True,
1501000.0324,1501000,1501000.0324,"EQC-17A Lochiel Road, Khandallah","EQC-17A Lochiel Road, Khandallah, Wellington, 6035, NZL",AA Insurance Limited,2022-09-07,WN,Shirley Wang,174.793449,-41.246777,Wellington City,True,
1501000.0325,1501000,1501000.0325,"EQC - 6 Mansfield Way, Stoke, Nelson","EQC - 6 Mansfield Way, Stoke, Nelson, 7011",Vero Insurance New Zealand Limited,2022-09-07,AK,Jen Smith,173.240278,-41.331665,,False,
1501000.0348,1501000,1501000.0348,"EQC - 16 Main Road, Ngakawau, 7824","EQC - 16 Main Road, Ngakawau, 7824",AA Insurance Limited,2022-09-07,NE,Marcus Lovell,171.871572,-41.610634,,False,
1501000.0326,1501000,1501000.0326,"EQC - 70 Okoki Road, Urenui, Tarata","EQC -  70 Okoki Road, Urenui, Tarata, Taranaki, 4375, NZL",AA Insurance Limited,2022-09-08,AK,Philip Mathewson,174.437659,-38.986261,,False,
1501000.0327,1501000,1501000.0327,"EQC - 754 Kenepuru Road, Mahau Sound","EQC - 754 Kenepuru Road, Mahau Sound, Linkwater, Marlborough, 7282,",Vero Insurance New Zealand Limited,2022-09-08,AK,Jen Smith,173.887954,-41.245015,,False,
1501000.0328,1501000,1501000.0328,"EQC - 461 Kenepuru Road, Moetapu Bay","EQC - 461 Kenepuru Road, Moetapu Bay, Linkwater, Marlborough, 7282, NZL",Vero Insurance New Zealand Limited,2022-09-08,AK,Jen Smith,173.867593,-41.260419,,False,
1501000.0329,1501000,1501000.0329,"EQC - 19 Hill Tops Way, Stoke, Nelson","EQC - 19 Hill Tops Way, Stoke, Nelson, 7011, NZL",Vero Insurance New Zealand Limited,2022-09-08,AK,Jen Smith,173.239216,-41.328534,,False,
1501000.0330,1501000,1501000.0330,EQC - 373/375 Wakefield Quay,"EQC - 373/375 Wakefield Quay, Stepneyville, Nelson, 7010, NZL",Vero Insurance New Zealand Limited,2022-09-08,AK,Jen Smith,173.264531,-41.268435,,False,
1501000.0331,1501000,1501000.0331,"EQC - 1777 Kenepuru Road, Te Mahia","EQC - 1777 Kenepuru Road, Te Mahia, Marlborough Sounds, Marlborough, 7282",Vero Insurance New Zealand Limited,2022-09-08,AK,Jen Smith,173.955709,-41.213258,,False,
1501000.0332,1501000,1501000.0332,"EQC-380 Evans Bay Parade, Hataitai","EQC-380 Evans Bay Parade, Hataitai, Wellington, 6021, NZL",AA Insurance Limited,2022-09-09,WN,Shirley Wang,174.800627,-41.304212,Wellington City,True,
1501000.0333,1501000,1501000.0333,"EQC - 15 Balfour Street, Mornington, Wel","EQC - 15 Balfour Street, Mornington, Wellington, 6021, NZL",Vero Insurance New Zealand Limited,2022-09-09,WN,Shirley Wang,174.766901,-41.32006,Wellington City,True,
1501000.0334,1501000,1501000.0334,"EQC-154A Newlands Road, Newlands, Wellin","EQC-154A Newlands Road, Newlands, Wellington, 6037, NZL",AA Insurance Limited,2022-09-09,WN,Shirley Wang,174.820363,-41.227014,Wellington City,True,
1501000.0335,1501000,1501000.0335,"EQC - 70A Seatoun Heights Road, Seatoun","EQC - 70A Seatoun Heights Road, Seatoun, Wellington, 6022, NZL",AA Insurance Limited,2022-09-09,WN,Shirley Wang,174.82609,-41.318653,Wellington City,True,
1501000.0336,1501000,1501000.0336,"EQC - 987 Kenepuru Road, Mahau Sound","EQC - 987 Kenepuru Road, Mahau Sound, Linkwater, Marlborough, 7282,",AA Insurance Limited,2022-09-09,AK,Jen Smith,173.899225,-41.23436,,False,
1501000.0337,1501000,1501000.0337,"EQC - 35A Hobbs Street, Timaru","EQC - 35A Hobbs Street, Waimataitai, Timaru, Canterbury, 7910, NZL",AA Insurance Limited,2022-09-09,CH,Anna Sleight,171.234626,-44.382568,,False,
1501000.0338,1501000,1501000.0338,"EQC - Lot 1 DP379521,Dryden Bay","EQC - Lot 1 DP379521,Dryden Bay, Marlborough",AA Insurance Limited,2022-09-09,AK,Jen Smith,174.183988,-41.176633,,False,
1501000.0339,1501000,1501000.0339,"EQC - 131 Brook Street, The Brook","EQC - 131 Brook Street, The Brook, Nelson, 7010",AA Insurance Limited,2022-09-09,AK,Jen Smith,173.293229,-41.289624,,False,
1501000.0342,1501000,1501000.0342,"EQC - DP 30858, Q5337 Bay of Many Coves","EQC - Lot 1 DP 30858, Q5337 Bay of Many Coves, Marlborough, NZL",AA Insurance Limited,2022-09-09,AK,Jen Smith,174.179615,-41.190667,,False,
1501000.0345,1501000,1501000.0345,"EQC - 2662 Kenepuru Rd, Portage","EQC - 2662 Kenepuru Rd, Portage, Marlborough Sounds, 7282",AA Insurance Limited,2022-09-09,AK,Jen Smith,174.013562,-41.199927,,False,
1501000.0340,1501000,1501000.0340,"EQC - 4 Woodford Lane, Stoke, Nelson","EQC - 4 Woodford Lane, Stoke, Nelson, 7011",IAG New Zealand Limited,2022-09-12,AK,Jen Smith,173.236629,-41.328116,,False,
1501000.0341,1501000,1501000.0341,"EQC - 142 Moetapu Bay Road, Linkwater","EQC - 142 Moetapu Bay Road, Linkwater, Marlborough, 7282",Vero Insurance New Zealand Limited,2022-09-12,AK,Jen Smith,173.859755,-41.259687,,False,
1501000.0343,1501000,1501000.0343,"EQC - 135 Akerbloms Road, Punga Cove","EQC - 135 Akerbloms Road, Punga Cove, Picton, Marlborough, 7282",Vero Insurance New Zealand Limited,2022-09-12,AK,Jen Smith,174.156919,-41.130628,,False,
1501000.0344,1501000,1501000.0344,"EQC - 52 Morgans Valley, Heathcote Valle","EQC - 52 Morgans Valley, Heathcote Valley, Christchurch, Canterbury, 8022, NZL",AA Insurance Limited,2022-09-13,CH,Anna Sleight,172.715735,-43.58222,,False,
1501000.0346,1501000,1501000.0346,EQC - 2177 Queen Charlotte Drive,"EQC - 2177 Queen Charlotte Drive, Ngakuta Bay, Picton, 7281",Vero Insurance New Zealand Limited,2022-09-13,AK,Jen Smith,173.955209,-41.268605,,False,
1501000.0347,1501000,1501000.0347,EQC - 2637 Queen Charlotte Drive,"EQC - 2637 Queen Charlotte Drive, Whenuanui Bay, Mount Pleasant, Marlborough, 7281",Vero Insurance New Zealand Limited,2022-09-13,AK,Jen Smith,173.981258,-41.266178,,False,
1501000.0349,1501000,1501000.0349,"EQC - 1789 Kenepuru Rd, Te Mahia","EQC - 1789 Kenepuru Rd, Te Mahia, Marlborough Sounds, 7282",AA Insurance Limited,2022-09-14,AK,Jen Smith,173.966468,-41.217219,,False,
1501000.0350,1501000,1501000.0350,"EQC - 12 Amelia Crescent, Waikawa","EQC - 12 Amelia Crescent, Waikawa, Picton, Marlborough, 7220",AA Insurance Limited,2022-09-14,AK,Jen Smith,174.049729,-41.267655,,False,
1501000.0351,1501000,1501000.0351,"EQC - Lochmara Bay, East Bay","EQC - Lochmara Bay, East Bay, Marlborough, NZL",Vero Insurance New Zealand Limited,2022-09-14,AK,Jen Smith,174.010266,-41.22405,,False,
1501000.0352,1501000,1501000.0352,"EQC - 1791 Kenepuru Road, Te Mahia","EQC - 1791 Kenepuru Road, Te Mahia, Marlborough Sounds, Marlborough, 7282",Vero Insurance New Zealand Limited,2022-09-14,AK,Jen Smith,173.957644,-41.210235,,False,
1501000.0353,1501000,1501000.0353,"EQC - 12 Burn Place, The Brook, Nelson","EQC - 12 Burn Place, The Brook, Nelson, 7010",AA Insurance Limited,2022-09-14,AK,Jen Smith,173.290174,-41.289329,,False,
1501000.0354,1501000,1501000.0354,"EQC - 51 Stansell Avenue, Tahunanui","EQC - 51 Stansell Avenue, Tahunanui, Nelson, 7011",AA Insurance Limited,2022-09-15,AK,Jen Smith,173.253116,-41.283642,,False,
1501000.0355,1501000,1501000.0355,"EQC - 98 Moetapu Bay Road, Moetapu Bay","EQC - 98 Moetapu Bay Road, Moetapu Bay, Linkwater, Marlborough, 7282",AA Insurance Limited,2022-09-15,AK,Jen Smith,173.861876,-41.257387,,False,
1501000.0356,1501000,1501000.0356,"EQC - 608 Moetapu Bay Road, Moetapu Bay","EQC - 608 Moetapu Bay Road, Moetapu Bay, Linkwater, Marlborough, 7282",Vero Insurance New Zealand Limited,2022-09-15,AK,Jen Smith,173.819952,-41.261581,,False,
1501000.0357,1501000,1501000.0357,"EQC - 436 Moetapu Bay Road, Moetapu Bay","EQC - 436 Moetapu Bay Road, Moetapu Bay, Linkwater, Marlborough, 7282",Vero Insurance New Zealand Limited,2022-09-15,AK,Jen Smith,173.835423,-41.259685,,False,
1501000.0358,1501000,1501000.0358,"EQC-8 Foster Crescent, Belmont, Lower Hu","EQC-8 Foster Crescent, Belmont, Lower Hutt, Wellington, 5010, NZL",AA Insurance Limited,2022-09-15,WN,Shirley Wang,174.923254,-41.187385,Lower Hutt City,True,
1501000.0359,1501000,1501000.0359,EQC - 25 Zeehaen Place,"EQC - 25 Zeehaen Place, Britannia Heights, Nelson, 7010",AA Insurance Limited,2022-09-15,AK,Jen Smith,173.251653,-41.29141,,False,
1501000.0360,1501000,1501000.0360,"EQC - 81A Murphy Street, Toi Toi","EQC - 81A Murphy Street, Toi Toi, Nelson, 7010, NZL",Vero Insurance New Zealand Limited,2022-09-15,AK,Jen Smith,173.263929,-41.28876,,False,
1501000.0361,1501000,1501000.0361,"EQC - 77 Murphy Street, Toi Toi, Nelson","EQC - 77 Murphy Street, Toi Toi, Nelson, 7010",AA Insurance Limited,2022-09-15,AK,Jen Smith,173.263919,-41.288446,,False,
1501000.0362,1501000,1501000.0362,"EQC - 1/79A Murphy Street, Toi Toi","EQC - 1/79A Murphy Street, Toi Toi, Nelson, 7010",Vero Insurance New Zealand Limited,2022-09-15,AK,Jen Smith,173.263982,-41.288586,,False,
1501000.0363,1501000,1501000.0363,"EQC - 2/79 Murphy St, Toi Toi, Nelson","EQC - 2/79 Murphy St, Toi Toi, Nelson, 7010",AA Insurance Limited,2022-09-15,AK,Jen Smith,173.263778,-41.288655,,False,
1501000.0364,1501000,1501000.0364,"EQC - 1689 Kenepuru Road, Broughton Bay","EQC - 1689 Kenepuru Road, Broughton Bay, Marlborough Sounds, 7282",AA Insurance Limited,2022-09-16,AK,Jen Smith,173.95104,-41.213929,,False,
1501000.0365,1501000,1501000.0365,"EQC - 2831 Kenepuru Road, Portage","EQC - 2831 Kenepuru Road, Portage, Marlborough Sounds, 7282",Vero Insurance New Zealand Limited,2022-09-16,AK,Jen Smith,174.027601,-41.201176,,False,
1501000.0366,1501000,1501000.0366,"EQC - 169 Anakiwa Road, Anakiwa","EQC - 169 Anakiwa Road, Anakiwa, Linkwater, Marlborough, 7281",Vero Insurance New Zealand Limited,2022-09-16,AK,Jen Smith,173.903489,-41.279343,,False,
1501000.0367,1501000,1501000.0367,"EQC - 1081 Kenepuru Road, Mahau Sound","EQC - 1081 Kenepuru Road, Mahau Sound, Linkwater, Marlborough, 7282",AA Insurance Limited,2022-09-16,AK,Jen Smith,173.908257,-41.231144,,False,
1501000.0368,1501000,1501000.0368,"EQC - 2 Brabant Drive, Ruby Bay, Mapua","EQC - 2 Brabant Drive, Ruby Bay, Mapua, Tasman, 7005",Vero Insurance New Zealand Limited,2022-09-19,AK,Jen Smith,173.083421,-41.228788,,False,
1501000.0369,1501000,1501000.0369,"EQC - 7 Sunhaven Place, Huntsbury, Chch","EQC -7 Sunhaven Place, Huntsbury, Christchurch, Canterbury, 8022, NZL",Vero Insurance New Zealand Limited,2022-09-20,CH,Anna Sleight,172.648969,-43.568999,,False,
1501000.0370,1501000,1501000.0370,EQC - 2721 Queen Charlotte Drive,"EQC - 2721 Queen Charlotte Drive, Whenuanui Bay, Mount Pleasant, 7281",Vero Insurance New Zealand Limited,2022-09-20,AK,Jen Smith,173.988243,-41.264816,,False,
1501000.0371,1501000,1501000.0371,"EQC - 20 The Cliffs, Britannia Heights","EQC - 20 The Cliffs, Britannia Heights, Nelson, 7010",AA Insurance Limited,2022-09-20,NE,Marcus Lovell,173.258758,-41.273796,,False,
1501000.0372,1501000,1501000.0372,"EQC - 14 Valley Road, Cashmere, Chch","EQC - 14 Valley Road, Cashmere, Christchurch, Canterbury, 8022, NZL",AA Insurance Limited,2022-09-20,CH,Anna Sleight,172.625164,-43.570427,,False,
1501000.0373,1501000,1501000.0373,"EQC-11 Panorama Grove, Harbour View, Low","EQC-11 Panorama Grove, Harbour View, Lower Hutt, Wellington, 5010, NZL",Vero Insurance New Zealand Limited,2022-09-20,WN,Shirley Wang,174.8974,-41.20212,Lower Hutt City,True,
1501000.0374,1501000,1501000.0374,"EQC - 19 Rue Balguerie, Akaroa, 7520, NZ","EQC - 19 Rue Balguerie, Akaroa, 7520, NZ",Vero Insurance New Zealand Limited,2022-09-20,CH,Anna Sleight,172.968698,-43.805412,,False,
1501000.0375,1501000,1501000.0375,"EQC-48 Holloway Road, Aro Valley, Wellin","EQC-48 Holloway Road, Aro Valley, Wellington, 6021, NZL",AA Insurance Limited,2022-09-20,WN,Shirley Wang,174.75826,-41.295054,Wellington City,True,
1501000.0376,1501000,1501000.0376,"EQC-59 Holloway Road, Aro Valley, Wellin","EQC-59 Holloway Road, Aro Valley, Wellington, 6021, NZL",AA Insurance Limited,2022-09-20,WN,Shirley Wang,174.758038,-41.295721,Wellington City,True,
1501000.0377,1501000,1501000.0377,EQC - 5489 Queen Charlotte Sound,"EQC - 5489 Queen Charlotte Sound, Lochmara Bay, Marlborough Sounds",AA Insurance Limited,2022-09-20,AK,Jen Smith,173.996259,-41.229864,,False,
1501000.0378,1501000,1501000.0378,"EQC-82 Seaview Road, Paremata, Porirua,","EQC-82 Seaview Road, Paremata, Porirua, Wellington, 5024, NZL",Vero Insurance New Zealand Limited,2022-09-21,WN,Shirley Wang,174.883218,-41.099141,Porirua City,True,
1501000.0379,1501000,1501000.0379,"EQC - 39B Tahunanui Dr, Tahunanui","EQC - 39B Tahunanui Dr, Tahunanui, Nelson, 7011",AA Insurance Limited,2022-09-22,AK,Jen Smith,173.250129,-41.282655,,False,
1501000.0380,1501000,1501000.0380,"EQC - 39 Tahunanui Drive, Tahunanui","EQC - 39 Tahunanui Drive, Tahunanui, Nelson, 7011",AA Insurance Limited,2022-09-22,AK,Jen Smith,173.250091,-41.282494,,False,
1501000.0381,1501000,1501000.0381,"EQC - 5/12 Vosper Street, Toi Toi","EQC - 5/12 Vosper Street, Toi Toi, Nelson, 7010, NZL",AA Insurance Limited,2022-09-22,AK,Jen Smith,173.266375,-41.280969,,False,
1501000.0384,1501000,1501000.0384,"EQC - 117 Akerbloms Road, Punga Cove","EQC -  117 Akerbloms Road, Punga Cove, Picton, Marlborough, 7282",AA Insurance Limited,2022-09-22,AK,Jen Smith,174.152397,-41.128981,,False,
1501000.0385,1501000,1501000.0385,EQC - 24 Moncrieff Avenue,"EQC - 24 Moncrieff Avenue, Britannia Heights, Nelson, 7010",AA Insurance Limited,2022-09-22,AK,Jen Smith,173.258971,-41.276649,,False,
1501000.0518,1501000,1501000.0518,"EQC - 91A Cecil Road, Wadestown, Welling","EQC - 91A Cecil Road, Wadestown, Wellington, 6012, NZL",AA Insurance Limited,2022-09-22,WN,Shirley Wang,174.770764,-41.265651,Wellington City,True,
1501000.0519,1501000,1501000.0519,"EQC - 99 Cecil Road, Wadestown","EQC - 99 Cecil Road, Wadestown",AA Insurance Limited,2022-09-22,WN,Shirley Wang,174.769836,-41.265748,Wellington City,True,
1501000.0382,1501000,1501000.0382,"EQC-30 McColl Street, Vogeltown, Welling","EQC-30 McColl Street, Vogeltown, Wellington, 6021, NZL",Vero Insurance New Zealand Limited,2022-09-23,WN,Shirley Wang,174.768896,-41.315124,Wellington City,True,
1501000.0383,1501000,1501000.0383,"EQC-36 Rochester Street, Wilton, Welling","EQC-36 Rochester Street, Wilton, Wellington, 6012, NZL",Vero Insurance New Zealand Limited,2022-09-23,WN,Shirley Wang,174.762206,-41.270118,Wellington City,True,
1501000.0386,1501000,1501000.0386,"EQC - 128 Grove Street, The Wood, Nelson","EQC - 128 Grove Street, The Wood, Nelson, 7010",AA Insurance Limited,2022-09-28,AK,Jen Smith,173.297231,-41.269639,,False,
1501000.0387,1501000,1501000.0387,"EQC - 3 Grenville Terrace, Moana, Nelson","EQC - 3 Grenville Terrace, Moana, Nelson, 7011",Vero Insurance New Zealand Limited,2022-09-28,AK,Marcus Lovell,173.255098,-41.278337,,False,
1501000.0388,1501000,1501000.0388,"EQC-15 Vallance Street, Kilbirnie","EQC-15 Vallance Street, Kilbirnie, Wellington, 6022, NZL",Vero Insurance New Zealand Limited,2022-09-28,WN,Shirley Wang,174.791561,-41.314669,Wellington City,True,
1501000.0389,1501000,1501000.0389,"EQC - 11A Grenville Terrace, Moana","EQC - 11A Grenville Terrace, Moana, Nelson, 7011",AA Insurance Limited,2022-09-28,AK,Marcus Lovell,173.255556,-41.277798,,False,
1501000.0390,1501000,1501000.0390,"EQC-106 Mortimer Terrace, Brooklyn","EQC-106 Mortimer Terrace, Brooklyn, Wellington, 6021, NZL",Vero Insurance New Zealand Limited,2022-09-28,WN,Shirley Wang,174.762293,-41.300086,Wellington City,True,
1501000.0391,1501000,1501000.0391,"EQC-108 Mortimer Terrace, Brooklyn","EQC-108 Mortimer Terrace, Brooklyn, Wellington, 6021, NZL",Vero Insurance New Zealand Limited,2022-09-28,WN,Shirley Wang,174.762156,-41.300193,Wellington City,True,
1501000.0392,1501000,1501000.0392,"EQC-161 Seatoun Heights Road, Miramar, W","EQC-161 Seatoun Heights Road, Miramar, Wellington, 6022, NZL",AA Insurance Limited,2022-09-29,WN,Shirley Wang,174.82576,-41.314071,Wellington City,True,
1501000.0393,1501000,1501000.0393,"EQC - 42 Cluny Road, Plimmerton, Porirua","EQC - 42 Cluny Road, Plimmerton, Porirua, Wellington, 5026, NZL",Vero Insurance New Zealand Limited,2022-09-29,WN,Shirley Wang,174.860114,-41.07053,Porirua City,True,
1501000.0394,1501000,1501000.0394,"EQC - 11 Grenville Terrace, Moana, Nelso","EQC - 11 Grenville Terrace, Moana, Nelson, 7011",Vero Insurance New Zealand Limited,2022-09-29,AK,Marcus Lovell,173.255724,-41.27798,,False,
1501000.0395,1501000,1501000.0395,"EQC - 6 Grenville Terrace, Moana, Nelson","EQC - 6 Grenville Terrace, Moana, Nelson, 7011",Vero Insurance New Zealand Limited,2022-09-29,AK,Marcus Lovell,173.255612,-41.278469,,False,
1501000.0396,1501000,1501000.0396,"EQC - 136 Ohiro Road, Brooklyn, Wellingt","EQC - 136 Ohiro Road, Brooklyn, Wellington, 6021, NZL",Vero Insurance New Zealand Limited,2022-09-30,WN,Shirley Wang,174.764196,-41.302312,Wellington City,True,
1501000.0397,1501000,1501000.0397,"EQC - 22 Coster Street, Enner Glynn","EQC - 22 Coster Street, Enner Glynn, Nelson, 7011",Vero Insurance New Zealand Limited,2022-10-02,AK,Jen Smith,173.247967,-41.304285,,False,
1501000.0398,1501000,1501000.0398,"EQC - 24A Coster Street, Enner Glynn","EQC - 24A Coster Street, Enner Glynn, Nelson, 7011",FMG Insurance Limited,2022-10-02,AK,Jen Smith,173.247887,-41.304442,,False,
1501000.0399,1501000,1501000.0399,"EQC-1 MacKenzie Road, Eastbourne","EQC-1 MacKenzie Road, Eastbourne, Lower Hutt, Wellington, 5013, NZL",Vero Insurance New Zealand Limited,2022-10-03,WN,Shirley Wang,174.89942,-41.290999,Lower Hutt City,True,
1501000.0400,1501000,1501000.0400,"EQC - 1 Cynthia Place, Bellevue","EQC - 1 Cynthia Place, Bellevue, Tauranga, Bay of Plenty",Vero Insurance New Zealand Limited,2022-10-03,TG,Guy McDougall,176.135729,-37.674263,,False,
1501000.0401,1501000,1501000.0401,EQC - 1145 Avon Valley Road,"EQC - 1145 Avon Valley Road, Waihopai Valley, Marlborough, 7276",Vero Insurance New Zealand Limited,2022-10-04,AK,Jen Smith,173.590649,-41.740103,,False,
1501000.0402,1501000,1501000.0402,"EQC - 1783 Kenepuru Road, Te Mahia","EQC - 1783 Kenepuru Road, Te Mahia, Marlborough Sounds, Marlborough, 7282",IAG New Zealand Limited,2022-10-05,AK,Jen Smith,173.955685,-41.213531,,False,
1501000.0403,1501000,1501000.0403,"EQC-59 Kotuku Street, Elsdon, Porirua","EQC-59 Kotuku Street, Elsdon, Porirua, Wellington, 5022, NZL",Vero Insurance New Zealand Limited,2022-10-06,WN,Shirley Wang,174.827776,-41.129784,Porirua City,True,
1501000.0404,1501000,1501000.0404,"EQC-17 Summit Road, Fairfield, Lower Hut","EQC-17 Summit Road, Fairfield, Lower Hutt, Wellington, 5011, NZL",Vero Insurance New Zealand Limited,2022-10-07,WN,Shirley Wang,174.939085,-41.206614,Lower Hutt City,True,
1501000.0405,1501000,1501000.0405,"EQC-80 Tio Tio Road, Seatoun, Wellington","EQC-80 Tio Tio Road, Seatoun, Wellington, 6022, NZL",Vero Insurance New Zealand Limited,2022-10-07,WN,Shirley Wang,174.827966,-41.322708,Wellington City,True,
1501000.0406,1501000,1501000.0406,"EQC-32 Shirley Street, Karori,Wellington","EQC-32 Shirley Street, Karori, Wellington, 6012, NZL",Vero Insurance New Zealand Limited,2022-10-11,WN,Shirley Wang,174.746108,-41.288437,Wellington City,True,
1501000.0407,1501000,1501000.0407,"EQC - 2/1 Harland Street, Brooklyn, WGTN","EQC- 2/1 Harland Street, Brooklyn, Wellington, 6021",AA Insurance Limited,2022-10-12,WN,Shirley Wang,174.765129,-41.309905,Wellington City,True,
1501000.0408,1501000,1501000.0408,"EQC - Lot 4 DP 2935, Ruakaka Bay","EQC - Lot 4 DP 2935, Ruakaka Bay, Marlborough",AA Insurance Limited,2022-10-12,AK,Jen Smith,174.127212,-41.202021,,False,
1501000.0409,1501000,1501000.0409,"EQC - 26 Bridgewater Lane, Stoke, Nelson","EQC - 26 Bridgewater Lane, Stoke, Nelson, 7011",AA Insurance Limited,2022-10-13,AK,Jen Smith,173.233759,-41.327204,,False,
1501000.0410,1501000,1501000.0410,"EQC - 24B Sievwright Lane, Whataupoko","EQC - 24B Sievwright Lane, Whataupoko, Gisborne, 4010, NZL",Vero Insurance New Zealand Limited,2022-10-13,AK,Philip Mathewson,178.032967,-38.652869,,False,
1501000.0411,1501000,1501000.0411,EQC - 36 Austen Ward Heights,"EQC - 36 Austen Ward Heights, Enner Glynn, Nelson, 7011",AA Insurance Limited,2022-10-14,AK,Jen Smith,173.24751323700002,-41.305065903999946,,False,
1501000.0412,1501000,1501000.0412,"EQC - 42 Ledbury Road, Atawhai, Nelson","EQC - 42 Ledbury Road, Atawhai, Nelson, 7010",Vero Insurance New Zealand Limited,2022-10-14,AK,Jen Smith,173.312762,-41.254399,,False,
1501000.0413,1501000,1501000.0413,"EQC - Lot 1 DP1196, Onahau Bay","EQC - Lot 1 DP1196, Onahau Bay, Marlborough Sounds",Vero Insurance New Zealand Limited,2022-10-14,AK,Jen Smith,173.976979,-41.234245,,False,
1501000.0414,1501000,1501000.0414,"EQC - 165 Kanuka Rise, Wakapuaka, Hira","EQC - 165 Kanuka Rise, Wakapuaka, Hira, Nelson, 7071",Vero Insurance New Zealand Limited,2022-10-14,AK,Jen Smith,173.364464,-41.218657,,False,
1501000.0415,1501000,1501000.0415,"EQC - 77 Farnham Street, Mornington","EQC - 77 Farnham Street, Mornington, Wellington, 6021, NZL",AA Insurance Limited,2022-10-17,WN,Shirley Wang,174.765285,-41.319684,Wellington City,True,
1501000.0416,1501000,1501000.0416,"EQC - 40B Frobisher Street, Island Bay","EQC - 40B Frobisher Street, Island Bay, Wellington, 6023, NZL",Vero Insurance New Zealand Limited,2022-10-17,WN,Shirley Wang,174.764211,-41.340786,Wellington City,True,
1501000.0417,1501000,1501000.0417,"EQC-46 Frobisher Street, Island Bay, Wel","EQC - 46 Frobisher Street, Island Bay, Wellington, 6023, NZL",Vero Insurance New Zealand Limited,2022-10-17,WN,Shirley Wang,174.763679,-41.340569,Wellington City,True,
1501000.0418,1501000,1501000.0418,"EQC - 6 Napier Street, Karaka Bays, Well","EQC - 6 Napier Street, Karaka Bays, Wellington, 6022",AA Insurance Limited,2022-10-17,WN,Shirley Wang,174.830465,-41.305943,Wellington City,True,
1501000.0419,1501000,1501000.0419,"EQC - 5 Lamia Place, The Gardens","EQC - 5 Lamia Place, The Gardens, Auckland, 2105, NZL",AA Insurance Limited,2022-10-19,AK,Philip Mathewson,174.918658,-37.007486,,False,
1501000.0420,1501000,1501000.0420,"EQC - 137 Marine Parade, Seatoun, Wellin","EQC - 137 Marine Parade, Seatoun, Wellington, 6022, NZL",Vero Insurance New Zealand Limited,2022-10-21,WN,Shirley Wang,174.827519,-41.316718,Wellington City,True,
1501000.0421,1501000,1501000.0421,"EQC - 129 Cecil Road, Wadestown, Welling","EQC - 129 Cecil Road, Wadestown, Wellington, 6012, NZL",Vero Insurance New Zealand Limited,2022-10-21,WN,Shirley Wang,174.76855,-41.266301,Wellington City,True,
1501000.0422,1501000,1501000.0422,"EQC - 4 Main Road,Governors Bay,Canter","EQC - 4 Main Road, Governors Bay, Canterbury, 8971, NZL",AA Insurance Limited,2022-10-21,CH,Anna Sleight,172.649068,-43.620149,,False,
1501000.0423,1501000,1501000.0423,"EQC - 14A Orchy Crescent, Southgate, Wel","EQC - 14A Orchy Crescent, Southgate, Wellington, 6023, NZL",AA Insurance Limited,2022-10-21,WN,Shirley Wang,174.778601,-41.342332,Wellington City,True,
1501000.0424,1501000,1501000.0424,"EQC - 13A Stottholm Rd, Titirangi","EQC - 13A Stottholm Rd, Titirangi, Auckland, 0604, NZL",Vero Insurance New Zealand Limited,2022-10-21,AK,Philip Mathewson,174.66966,-36.927492,,False,
1501000.0425,1501000,1501000.0425,"EQC - 7A Miro Street, The Brook, Nelson","EQC - 7A Miro Street, The Brook, Nelson, 7010",AA Insurance Limited,2022-10-21,AK,Jen Smith,173.29018,-41.285401,,False,
1501000.0426,1501000,1501000.0426,"EQC - 10 Lighthouse View, Atawhai","EQC - 10 Lighthouse View, Atawhai, Nelson, 7010",Vero Insurance New Zealand Limited,2022-10-26,AK,Jen Smith,173.317573,-41.251249,,False,
1501000.0427,1501000,1501000.0427,"EQC - 59 Robinson Road, The Brook","EQC - 59 Robinson Road, The Brook, Nelson, 7010",Vero Insurance New Zealand Limited,2022-10-28,AK,Jen Smith,173.292885,-41.292998,,False,
1501000.0428,1501000,1501000.0428,"EQC - 8 Oriel Place, Tawa, Wellington","EQC - 8 Oriel Place, Tawa, Wellington, 5028, NZL",AA Insurance Limited,2022-10-28,WN,Shirley Wang,174.822192,-41.183145,Wellington City,True,
1501000.0429,1501000,1501000.0429,"EQC - 23 Woolwich Close, Whitby, Porirua","EQC - 23 Woolwich Close, Whitby, Porirua, Wellington, 5024, NZL",Vero Insurance New Zealand Limited,2022-10-31,WN,Shirley Wang,174.880872,-41.110519,Porirua City,True,
1501000.0430,1501000,1501000.0430,"EQC - 51 Clyde Street, Island Bay, Welli","EQC - 51 Clyde Street, Island Bay, Wellington, 6023, NZL",AA Insurance Limited,2022-10-31,WN,Shirley Wang,174.77554,-41.3321,Wellington City,True,
1501000.0431,1501000,1501000.0431,"EQC - 5 Auckland Terrace, Melrose","EQC - 5 Auckland Terrace, Melrose, Wellington, 6023, NZL",Vero Insurance New Zealand Limited,2022-11-02,WN,Shirley Wang,174.786834,-41.325337,Wellington City,True,
1501000.0432,1501000,1501000.0432,"EQC - 1 Graham Road, Inner Kaiti","EQC - 1 Graham Road, Inner Kaiti, Gisborne, 4010, NZL",Vero Insurance New Zealand Limited,2022-11-04,AK,Philip Mathewson,178.040812,-38.666667,,False,
1501000.0433,1501000,1501000.0433,"EQC - 27 Sutherland Crescent, Melrose","EQC - 27 Sutherland Crescent, Melrose, Wellington, 6023",AA Insurance Limited,2022-11-09,WN,Shirley Wang,174.787489,-41.324257,Wellington City,True,
1501000.0434,1501000,1501000.0434,"EQC - 2355 Kenepuru Road, Te Mahia","EQC - 2355 Kenepuru Road, Te Mahia, Marlborough Sounds, Marlborough, 7282",AA Insurance Limited,2022-11-09,AK,Jen Smith,173.995499,-41.209201,,False,
1501000.0435,1501000,1501000.0435,"EQC - 2353 Kenepuru Road, Te Mahia","EQC - 2353 Kenepuru Road, Te Mahia, Marlborough Sounds, Marlborough, 7282",AA Insurance Limited,2022-11-09,AK,Jen Smith,173.995151,-41.209156,,False,
1501000.0436,1501000,1501000.0436,"EQC - 1775 Kenepuru Road, Te Mahia","EQC - 1775 Kenepuru Road, Te Mahia, Marlborough Sounds, Marlborough, 7282",AA Insurance Limited,2022-11-09,AK,Jen Smith,173.956348,-41.213341,,False,
1501000.0437,1501000,1501000.0437,"EQC - 14 Bellevue Heights, Tahunanui","EQC - 14 Bellevue Heights, Tahunanui, Nelson, 7011",Vero Insurance New Zealand Limited,2022-11-09,AK,Jen Smith,173.254658,-41.2828,,False,
1501000.0438,1501000,1501000.0438,"EQC - 8 Bellevue Heights, Tahunanui","EQC - 8 Bellevue Heights, Tahunanui, Nelson, 7011",AA Insurance Limited,2022-11-09,AK,Jen Smith,173.254195,-41.282829,,False,
1501000.0439,1501000,1501000.0439,"EQC - 72 Waihora Crescent, Waitangirua","EQC - 72 Waihora Crescent, Waitangirua, Porirua, Wellington, 5024",Vero Insurance New Zealand Limited,2022-11-11,WN,Shirley Wang,174.880565,-41.13705,Porirua City,True,
1501000.0440,1501000,1501000.0440,"EQC - 3256A Queen Charlotte Dr, Picton","EQC - 3256A Queen Charlotte Dr, Picton, 7281",Vero Insurance New Zealand Limited,2022-11-11,AK,Jen Smith,174.002123,-41.283415,,False,
1501000.0441,1501000,1501000.0441,"EQC - 8 Beachville Crescent, Beachville","EQC - 8 Beachville Crescent, Beachville, Nelson, 7010",AA Insurance Limited,2022-11-16,AK,Jen Smith,173.275329,-41.267938,,False,
1501000.0442,1501000,1501000.0442,"EQC - 137 Parautane Way, Todds Valley","EQC - 137 Parautane Way, Todds Valley, Hira, Nelson, 7071",Vero Insurance New Zealand Limited,2022-11-16,AK,Jen Smith,173.350281,-41.222751,,False,
1501000.0443,1501000,1501000.0443,"EQC - 2209 Kenepuru Road, Te Mahia","EQC - 2209 Kenepuru Road, Te Mahia, Marlborough Sounds, Marlborough, 7282",Vero Insurance New Zealand Limited,2022-11-17,AK,Jen Smith,173.984538,-41.210017,,False,
1501000.0444,1501000,1501000.0444,"EQC - 12 Stansell Avenue, Tahunanui","EQC - 12 Stansell Avenue, Tahunanui, Nelson, 7011",AA Insurance Limited,2022-11-17,AK,Marcus Lovell,173.253713,-41.281686,,False,
1501000.0445,1501000,1501000.0445,"EQC - 16 Cracroft Terrace, Cashmere,Chch","EQC - 16 Cracroft Terrace, Cashmere, Christchurch, Canterbury, 8022, NZL",Vero Insurance New Zealand Limited,2022-11-22,CH,Anna Sleight,172.633318,-43.571523,,False,
1501000.0446,1501000,1501000.0446,EQC - 346 Port Underwood Road,"EQC - 346 Port Underwood Road, Whatamango Bay, Picton, Marlborough, 7281",Vero Insurance New Zealand Limited,2022-11-23,AK,Jen Smith,174.066921,-41.257617,,False,
1501000.0447,1501000,1501000.0447,"EQC - 303 Anakiwa Road, Anakiwa","EQC - 303 Anakiwa Road, Anakiwa, Marlborough, 7281",Vero Insurance New Zealand Limited,2022-11-23,AK,John Westerson,173.910264,-41.266345,,False,
1501000.0448,1501000,1501000.0448,"EQC - 21 Tio Tio Road, Miramar","EQC - 21 Tio Tio Road, Miramar, Wellington, 6022",Vero Insurance New Zealand Limited,2022-11-24,WN,Shirley Wang,174.823744,-41.322793,Wellington City,True,
1501000.0449,1501000,1501000.0449,"EQC - 7 Vista Grove, Kelson, Lower Hutt","EQC - 7 Vista Grove, Kelson, Lower Hutt, Wellington, 5010",AA Insurance Limited,2022-11-24,WN,Shirley Wang,174.928909,-41.188017,Lower Hutt City,True,
1501000.0450,1501000,1501000.0450,EQC - 6 Abraham Heights,"EQC - 6 Abraham Heights, Washington Valley, Nelson, 7010",AA Insurance Limited,2022-11-24,AK,Jen Smith,173.270127,-41.275741,,False,
1501000.0451,1501000,1501000.0451,"EQC - 2/8 Jasper Way, Washington Valley","EQC - 2/8 Jasper Way, Washington Valley, Nelson, 7010",Vero Insurance New Zealand Limited,2022-11-24,AK,Jen Smith,173.269712,-41.275737,,False,
1501000.0664,1501000,1501000.0664,EQC - 11 Hames Terrace,"EQC - 11 Hames Terrace, Hillsborough, Auckland, 1042, NZL",AA Insurance Limited,2022-12-01,AK,Philip Mathewson,174.7441728760001,-36.93078417799995,,False,
1501000.0452,1501000,1501000.0452,"EQC - 28 Tirimoana Terrace, Anakiwa","EQC - 28 Tirimoana Terrace, Anakiwa, Marlborough, 7281",AA Insurance Limited,2022-12-05,AK,Jen Smith,173.905708,-41.267685,,False,
1501000.0453,1501000,1501000.0453,"EQC - 86 Biggsburn Way, Todds Valley","EQC - 86 Biggsburn Way, Todds Valley, Hira, Nelson, 7071",AA Insurance Limited,2022-12-06,AK,Jen Smith,173.349796,-41.219886,,False,
1501000.0454,1501000,1501000.0454,"EQC - 17A Ridge Lane, New Plymouth","EQC - 17A Ridge Lane, New Plymouth, Taranaki, 4310, NZL",AA Insurance Limited,2022-12-08,AK,Philip Mathewson,174.084188,-39.061136,,False,
1501000.0455,1501000,1501000.0455,"EQC - 69 Mairangi Road, Wadestown","EQC - 69 Mairangi Road, Wadestown, Wellington, 6012",Vero Insurance New Zealand Limited,2022-12-08,WN,Shirley Wang,174.766905,-41.264067,Wellington City,True,
1501000.0456,1501000,1501000.0456,"EQC - 119 Akerbloms Road, Punga Cove","EQC - 119 Akerbloms Road, Punga Cove, Picton, Marlborough, 7282",Vero Insurance New Zealand Limited,2022-12-14,AK,Jen Smith,174.15233,-41.128805,,False,
1501000.0457,1501000,1501000.0457,"EQC - 311 Anakiwa Road, Anakiwa","EQC - 311 Anakiwa Road, Anakiwa, Marlborough, 7281",Vero Insurance New Zealand Limited,2022-12-15,AK,Jen Smith,173.91053,-41.26584,,False,
1501000.0458,1501000,1501000.0458,"EQC - 10 Bellevue Heights, Tahunanui","EQC - 10 Bellevue Heights, Tahunanui, Nelson, 7011",AA Insurance Limited,2022-12-15,AK,Jen Smith,173.254378,-41.282697,,False,
1501000.0459,1501000,1501000.0459,"EQC - Lot 43 DP 1196, Fence Bay","EQC - Lot 43 DP 1196, Fence Bay, Marlborough",Vero Insurance New Zealand Limited,2022-12-16,AK,Jen Smith,173.978877,-41.230568,,False,
1501000.0460,1501000,1501000.0460,"EQC - 21 Creagh Street, Tapu, Waikato","EQC - 21 Creagh Street, Tapu, Waikato, 3575, NZL",Vero Insurance New Zealand Limited,2022-12-16,AK,Philip Mathewson,175.502704,-36.986818,,False,
1501000.0461,1501000,1501000.0461,"EQC - Lot 1 DP 8539, Onahau Bay","EQC - Lot 1 DP 8539, Onahau Bay, Marlborough",Vero Insurance New Zealand Limited,2022-12-16,AK,Jen Smith,173.982153,-41.242657,,False,
1501000.0462,1501000,1501000.0462,"EQC - 34B Kingfisher Road, Takamatua","EQC - 34B Kingfisher Road, Takamatua, Canterbury, 7581",Vero Insurance New Zealand Limited,2022-12-19,CH,Anna Sleight,172.9534,-43.786048,,False,
1501000.0914,1501000,1501000.0914,"EQC -116 Pa Road, Hahei, Waikato, 3591","EQC - 116 Pa Road, Hahei, Waikato, 3591, NZL",Vero Insurance New Zealand Limited,2023-01-01,HM,Ryan Tutbury,175.815243,-36.844816,,False,
1501000.0924,1501000,1501000.0924,"EQC - 23 Anita Avenue, Mount Roskill","EQC - 23 Anita Avenue, Mount Roskill, Auckland, 1041, NZL",AA Insurance Limited,2023-01-01,AK,Philip Mathewson,174.73213,-36.921089,,False,
1501000.0930,1501000,1501000.0930,"EQC - 37 Cavendish Sq, Strathmore Park","EQC - 37 Cavendish Sq, Strathmore Park",AA Insurance Limited,2023-01-01,WN,Shirley Wang,174.824123,-41.325805,Wellington City,True,
1501000.0938,1501000,1501000.0938,"EQC - 18 Grassmere Rd, Henderson Valley","EQC - 18 Grassmere Rd, Henderson Valley, Auckland, 0612, NZL",Vero Insurance New Zealand Limited,2023-01-01,AK,Philip Mathewson,174.578196,-36.903167,,False,
1501000.0939,1501000,1501000.0939,"EQC - 48 Georgetti Road, Bastia Hill","EQC - 48 Georgetti Road, Bastia Hill, Whanganui, Manawatu-Whanganui, 4500, NZL",Vero Insurance New Zealand Limited,2023-01-01,WN,Shirley Wang,175.070024,-39.929672,,False,
1501000.0943,1501000,1501000.0943,"EQC - 96A Sunnyside Road, Sunnyvale","EQC - 96A Sunnyside Road, Sunnyvale, Auckland, 0612, NZL",AA Insurance Limited,2023-01-01,AK,Philip Mathewson,174.639875,-36.899163,,False,
1501000.0944,1501000,1501000.0944,"EQC - 61A Wyndrum Avenue, Waterloo, WGTN","EQC - 61A Wyndrum Avenue, Waterloo, Lower Hutt, Wellington, 5011, NZL",Vero Insurance New Zealand Limited,2023-01-01,WN,Shirley Wang,174.933002,-41.215486,Lower Hutt City,True,
1501000.0946,1501000,1501000.0946,"EQC - 34 Oak Avenue, Paremata, Porirua","EQC - 34 Oak Avenue, Paremata, Porirua, Wellington, 5024, NZL",AA Insurance Limited,2023-01-01,WN,Shirley Wang,174.878222,-41.105757,Porirua City,True,
1501000.0947,1501000,1501000.0947,"EQC - 11 Panorama Grove, Harbour View","EQC - 11 Panorama Grove, Harbour View, Lower Hutt, Wellington, 5010, NZL",Vero Insurance New Zealand Limited,2023-01-01,WN,Shirley Wang,174.897368,-41.202045,Lower Hutt City,True,
1501000.0949,1501000,1501000.0949,"EQC - 6 Allen Road, Grey Lynn","EQC - 6 Allen Road, Grey Lynn, Auckland, 1021, NZL",AA Insurance Limited,2023-01-01,AK,Philip Mathewson,174.734516,-36.858924,,False,
1501000.0951,1501000,1501000.0951,"EQC - 16 Western Road, Laingholm","EQC - 16 Western Road, Laingholm, Auckland, 0604, NZL",AA Insurance Limited,2023-01-01,AK,Philip Mathewson,174.638439,-36.967332,,False,
1501000.0956,1501000,1501000.0956,"EQC - 28 Wymer Terrace, Chartwell, Hamil","EQC - 28 Wymer Terrace, Chartwell, Hamilton, Waikato, 3210, NZL",AA Insurance Limited,2023-01-01,HM,Ryan Tutbury,175.270901,-37.755875,,False,
1501000.0961,1501000,1501000.0961,"EQC - 408 Paremoremo Road, Paremoremo","EQC - 408 Paremoremo Road, Paremoremo, Auckland, 0632, NZL",Vero Insurance New Zealand Limited,2023-01-01,AK,Philip Mathewson,174.658619,-36.759977,,False,
1501000.0962,1501000,1501000.0962,"EQC - 228 Little Sydney Rd, Motueka","EQC - 228 Little Sydney Road, Brooklyn, Motueka",Vero Insurance New Zealand Limited,2023-01-01,NE,Marcus Lovell,172.955766,-41.082803,,False,
1501000.0963,1501000,1501000.0963,"EQC - 1133D River Road, Flagstaff","EQC - 1133D River Road, Flagstaff, Hamilton, Waikato, 3210, NZL",AA Insurance Limited,2023-01-01,HM,Ryan Tutbury,175.254345,-37.741804,,False,
1501000.0965,1501000,1501000.0965,"EQC - 112 Seatoun Heights Road, Seatoun","EQC - 112 Seatoun Heights Road, Seatoun, Wellington, 6022, NZL",Vero Insurance New Zealand Limited,2023-01-01,WN,Shirley Wang,174.825683,-41.315568,Wellington City,True,
1501000.0972,1501000,1501000.0972,"EQC - 103A Eskdale Rd, Birkdale","EQC - 103A Eskdale Rd, Birkdale, Auckland, 0626, NZL",AA Insurance Limited,2023-01-01,AK,Philip Mathewson,174.71168,-36.795646,,False,
1501000.0977,1501000,1501000.0977,"EQC - 4/1 Harland Street, Brooklyn, WGTN","EQC - 4/1 Harland Street, Brooklyn, Wellington, 6021, NZL",AA Insurance Limited,2023-01-01,WN,Shirley Wang,174.765033,-41.309914,Wellington City,True,
1501000.0979,1501000,1501000.0979,"EQC - 90 Domain Crescent, Muriwai","EQC - 90 Domain Crescent, Muriwai, Auckland, 0881, NZL",Vero Insurance New Zealand Limited,2023-01-01,AK,Philip Mathewson,174.434788,-36.826017,,False,
1501000.0982,1501000,1501000.0982,"EQC - 46 Parsons Street, Vogeltown, NPL","EQC - 46 Parsons Street, Vogeltown, New Plymouth, Taranaki, 4310, NZL",Vero Insurance New Zealand Limited,2023-01-01,WN,Shirley Wang,174.07301,-39.075077,,False,
1501000.0983,1501000,1501000.0983,"EQC - 48 Parsons Street, Vogeltown, NPL","EQC - 48 Parsons Street, Vogeltown, New Plymouth, Taranaki, 4310, NZL",AA Insurance Limited,2023-01-01,WN,Shirley Wang,174.072973,-39.074866,,False,
1501000.0984,1501000,1501000.0984,"EQC - 6 Pendarves Street, New Plymouth","EQC - 6 Pendarves Street, New Plymouth, Taranaki, 4310, NZL",Vero Insurance New Zealand Limited,2023-01-01,WN,Shirley Wang,174.076987,-39.061016,,False,
1501000.0988,1501000,1501000.0988,"EQC - 9 Aranoni Street, Island Bay, WGTN","EQC - 9 Aranoni Street, Island Bay, Wellington, 6023, NZL",Vero Insurance New Zealand Limited,2023-01-01,WN,Shirley Wang,174.771455,-41.333692,Wellington City,True,
1501000.0992,1501000,1501000.0992,"EQC - 276B Okura River Road, Long Bay","EQC - 276B Okura River Road, Long Bay, Auckland, 0792, NZL",Vero Insurance New Zealand Limited,2023-01-01,AK,Philip Mathewson,174.723989,-36.693944,,False,
1501000.0994,1501000,1501000.0994,"EQC - 98B Konini Rd, Titirangi","EQC - 98B Konini Rd, Titirangi, Auckland, 0604, NZL",AA Insurance Limited,2023-01-01,AK,Philip Mathewson,174.650241,-36.930598,,False,
1501000.0995,1501000,1501000.0995,"EQC - 27 Cortina Avenue, Johnsonville","EQC - 27 Cortina Avenue, Johnsonville, Wellington, 6037, NZL",Vero Insurance New Zealand Limited,2023-01-01,WN,Shirley Wang,174.797015,-41.221968,Wellington City,True,
1501000.0998,1501000,1501000.0998,"EQC - 60 Beazley Avenue, Paparangi, WGTN","EQC - 60 Beazley Avenue, Paparangi, Wellington, 6037, NZL",Vero Insurance New Zealand Limited,2023-01-01,WN,Shirley Wang,174.819054,-41.214979,Wellington City,True,
1501000.1001,1501000,1501000.1001,"EQC - 1738 Great North Road, Avondale, A","EQC - 1738 Great North Road, Avondale, Auckland, 1026, NZL",Vero Insurance New Zealand Limited,2023-01-01,AK,Philip Mathewson,174.697746,-36.889788,,False,
1501000.1009,1501000,1501000.1009,"EQC -521 Aspin Road, Te Miro, Cambridge","EQC -521 Aspin Road, Te Miro, Cambridge, Waikato, 3496, NZL",Vero Insurance New Zealand Limited,2023-01-01,HM,Ryan Tutbury,175.510376,-37.83011,,False,
1501000.1015,1501000,1501000.1015,"EQC - 232 Konini Road, Titirangi","EQC - 232 Konini Road, Titirangi, Auckland, 0604, NZL",Vero Insurance New Zealand Limited,2023-01-01,AK,Philip Mathewson,174.642037,-36.932408,,False,
1501000.1022,1501000,1501000.1022,"EQC - 27 Grenville Tce, Moana, Nelson","EQC - 27 Grenville Terrace, Moana, Nelson 7011",AA Insurance Limited,2023-01-01,AK,Marcus Lovell,173.256492,-41.277615,,False,
1501000.1024,1501000,1501000.1024,"EQC - 89 Breaker Bay Road, Breaker Bay","EQC - 89 Breaker Bay Road, Breaker Bay, Wellington, 6022, NZL",AA Insurance Limited,2023-01-01,WN,Shirley Wang,174.827503,-41.332099,Wellington City,True,
1501000.0463,1501000,1501000.0463,"EQC - 2A Dundas Road, Whangarei","EQC - 2A Dundas Road, Riverside, Whangarei, Northland, 0112, NZL",AA Insurance Limited,2023-01-10,AK,Philip Mathewson,174.328509,-35.723921,,False,
1501000.0464,1501000,1501000.0464,"EQC - 56 Te Haumi Drive, Paihia","EQC - 56 Te Haumi Drive, Paihia, Northland, 0200, NZL",AA Insurance Limited,2023-01-13,AK,Philip Mathewson,174.095663,-35.305805,,False,
1501000.0465,1501000,1501000.0465,"EQC - 194A Ballance Street, Whataupoko","EQC - 194A Ballance Street, Whataupoko, Gisborne, 4010, NZL",Vero Insurance New Zealand Limited,2023-01-20,AK,Philip Mathewson,178.032642,-38.650228,,False,
1501000.0466,1501000,1501000.0466,"EQC - 21 Hill Road, Whataupoko, Gisborne","EQC - 21 Hill Road, Whataupoko, Gisborne, 4010, NZL",Vero Insurance New Zealand Limited,2023-01-20,AK,Philip Mathewson,178.029028,-38.648868,,False,
1501000.0467,1501000,1501000.0467,"EQC - 230 Tapu Coroglen Road, Tapu","EQC - 230 Tapu Coroglen Road, Tapu, Coromandel Forest Park, 3575",AA Insurance Limited,2023-01-23,AK,Ryan Tutbury,175.524784,-36.981441,,False,
1501000.0468,1501000,1501000.0468,"EQC - 246 Princes Drive, Nelson","EQC - 246 Princes Drive, Britannia Heights, Nelson, 7010",IAG New Zealand Limited,2023-01-24,AK,Marcus Lovell,173.255676,-41.28249,,False,
1501000.0512,1501000,1501000.0512,"EQC - 764 Kauaeranga Valley Road, Thames","EQC - 764 Kauaeranga Valley Road, Thames, Waikato, 3577, NZL",AA Insurance Limited,2023-01-24,HM,Ryan Tutbury,175.6137,-37.130968,,False,
1501000.0469,1501000,1501000.0469,"EQC-39 Wakeman Road, Acacia Bay, Taupo","EQC-39 Wakeman Road, Acacia Bay, Taupo, Waikato, 3330, NZL",AA Insurance Limited,2023-01-25,HM,Michael Triggs,176.028795,-38.706184,,False,
1501000.0470,1501000,1501000.0470,"EQC - 461 Muritai Road, Eastbourne","EQC - 461 Muritai Road, Eastbourne, Lower Hutt, Wellington, 5013, NZL",Vero Insurance New Zealand Limited,2023-01-25,WN,Shirley Wang,174.885868,-41.306544,Lower Hutt City,True,
1501000.0471,1501000,1501000.0471,"EQC - 69A Barnard Street, Wadestown","EQC - 69A Barnard Street, Wadestown, Wellington, 6012, NZL",Vero Insurance New Zealand Limited,2023-01-30,WN,Shirley Wang,174.782856,-41.263327,Wellington City,True,
1501000.0472,1501000,1501000.0472,"EQC - 37 Telstar Place, Beach Haven","EQC - 37 Telstar Place, Beach Haven, Auckland, 0626, NZL",AA Insurance Limited,2023-02-01,AK,Philip Mathewson,174.684917,-36.800009,,False,
1501000.0473,1501000,1501000.0473,"EQC - 113 Holloway Road, Aro Valley","EQC - 113 Holloway Road, Aro Valley, Wellington, 6021, NZL",AA Insurance Limited,2023-02-01,WN,Shirley Wang,174.755929,-41.29818,Wellington City,True,
1501000.0474,1501000,1501000.0474,"EQC - 75 Hadfield Street, Beach Haven","EQC - 75 Hadfield Street, Beach Haven, Auckland, 0626, NZL",AA Insurance Limited,2023-02-02,AK,Philip Mathewson,174.690901,-36.807409,,False,
1501000.0475,1501000,1501000.0475,"EQC - 1 Kingfisher Road, Silverdale","EQC - 1 Kingfisher Road, Silverdale, Auckland, 0932, NZL",AA Insurance Limited,2023-02-02,AK,Philip Mathewson,174.666784,-36.608519,,False,
1501000.0476,1501000,1501000.0476,"EQC - 25 Marae Road, Greenhithe","EQC - 25 Marae Road, Greenhithe, Auckland, 0632, NZL",Vero Insurance New Zealand Limited,2023-02-03,AK,Philip Mathewson,174.667047,-36.77876,,False,
1501000.0477,1501000,1501000.0477,"EQC - 16 Captains Retreat, Hillsborough","EQC - 16 Captains Retreat, Hillsborough, Auckland, 1042, NZL",AA Insurance Limited,2023-02-07,AK,Philip Mathewson,174.743904,-36.930848,,False,
1501000.0478,1501000,1501000.0478,"EQC - 170 Opanuku Road, Henderson Valley","EQC - 170 Opanuku Road, Henderson Valley, Auckland, 0612, NZL",Vero Insurance New Zealand Limited,2023-02-08,AK,Philip Mathewson,174.565358,-36.920819,,False,
1501000.0479,1501000,1501000.0479,"EQC - 87 Albany Heights Road, Dairy Flat","EQC - 87 Albany Heights Road, Dairy Flat, Auckland, 0792, NZL",AA Insurance Limited,2023-02-08,AK,Philip Mathewson,174.679257,-36.708952,,False,
1501000.0480,1501000,1501000.0480,"EQC - 77 Paremoremo Road, Lucas Heights","EQC - 77 Paremoremo Road, Lucas Heights, Auckland, 0632, NZL",Vero Insurance New Zealand Limited,2023-02-08,AK,Philip Mathewson,174.676302,-36.73422,,False,
1501000.0481,1501000,1501000.0481,"EQC - 183 Wright Road, Dairy Flat","EQC - 183 Wright Road, Dairy Flat, Auckland, 0794, NZL",Vero Insurance New Zealand Limited,2023-02-09,AK,Philip Mathewson,174.697668,-36.696832,,False,
1501000.0482,1501000,1501000.0482,EQC - 21A Merchant Avenue,"EQC - 21A Merchant Avenue, Te Atatu South, Auckland, 0610, NZL",Vero Insurance New Zealand Limited,2023-02-09,AK,Philip Mathewson,174.651894,-36.86532,,False,
1501000.0483,1501000,1501000.0483,"EQC - 97 Brighton Road, Parnell","EQC - 97 Brighton Road, Parnell, Auckland, 1052, NZL",Vero Insurance New Zealand Limited,2023-02-09,AK,Philip Mathewson,174.787573,-36.862406,,False,
1501000.0484,1501000,1501000.0484,"EQC - 119 Braemar Road, Castor Bay","EQC - 119 Braemar Road, Castor Bay, Auckland, 0620, NZL",Vero Insurance New Zealand Limited,2023-02-09,AK,Philip Mathewson,174.763058,-36.75731,,False,
1501000.0485,1501000,1501000.0485,"EQC - 15 Highbury Bypass, Birkenhead","EQC - 15 Highbury Bypass, Birkenhead, Auckland, 0626, NZL",Vero Insurance New Zealand Limited,2023-02-09,AK,Philip Mathewson,174.723824,-36.809434,,False,
1501000.0486,1501000,1501000.0486,"EQC - 1/28 Saxon Street, Waterview","EQC - 1/28 Saxon Street, Waterview, Auckland, 1026, NZL",Vero Insurance New Zealand Limited,2023-02-09,AK,Philip Mathewson,174.695712,-36.879107,,False,
1501000.0487,1501000,1501000.0487,"EQC - 9 Humber Place, New Windsor","EQC - 9 Humber Place, New Windsor, Auckland, 0600, NZL",Vero Insurance New Zealand Limited,2023-02-09,AK,Philip Mathewson,174.721069,-36.908047,,False,
1501000.0488,1501000,1501000.0488,"EQC - 15 Egret Avenue, Maungatapu","EQC - 15 Egret Avenue, Maungatapu, Tauranga, Bay of Plenty, 3112",Vero Insurance New Zealand Limited,2023-02-13,TG,Ryan Tutbury,176.179957,-37.720911,,False,
1501000.0489,1501000,1501000.0489,"EQC - 11 Egret Avenue, Maungatapu","EQC - 11 Egret Avenue, Maungatapu, Tauranga, Bay of Plenty, 3112",Vero Insurance New Zealand Limited,2023-02-13,TG,Ryan Tutbury,176.18012,-37.72078,,False,
1501000.0490,1501000,1501000.0490,"EQC - 2/18A Teviot Place, Totara Vale","EQC - 2/18A Teviot Place, Totara Vale, Auckland, 0629, NZL",Vero Insurance New Zealand Limited,2023-02-13,AK,Philip Mathewson,174.724123,-36.766431,,False,
1501000.0491,1501000,1501000.0491,"EQC - 22 Randal Place, Bayview, Auckland","EQC - 22 Randal Place, Bayview, Auckland, 0629, NZL",AA Insurance Limited,2023-02-13,AK,Philip Mathewson,174.707383,-36.777256,,False,
1501000.0492,1501000,1501000.0492,"EQC - 37 Gilletta Road, Mount Roskill","EQC - 37 Gilletta Road, Mount Roskill, Auckland, 1041, NZL",AA Insurance Limited,2023-02-13,AK,Philip Mathewson,174.713108,-36.925137,,False,
1501000.0493,1501000,1501000.0493,"EQC - 373 Paremoremo Road, Paremoremo","EQC - 373 Paremoremo Road, Paremoremo, Auckland, 0632, NZL",AA Insurance Limited,2023-02-13,AK,Philip Mathewson,174.662623,-36.757355,,False,
1501000.0494,1501000,1501000.0494,"EQC - 47 Crestview Place, Browns Bay","EQC - 47 Crestview Place, Browns Bay, Auckland, 0630, NZL",AA Insurance Limited,2023-02-13,AK,Philip Mathewson,174.734835,-36.723839,,False,
1501000.0495,1501000,1501000.0495,"EQC - 7 Watling Street, Mount Eden","EQC - 7 Watling Street, Mount Eden, Auckland, 1024, NZL",AA Insurance Limited,2023-02-13,AK,Philip Mathewson,174.759612,-36.893963,,False,
1501000.0496,1501000,1501000.0496,"EQC- 24 Pollock Drive, Chartwell","EQC - 24 Pollock Drive, Chartwell, Hamilton, Waikato, 3210, NZL",Vero Insurance New Zealand Limited,2023-02-15,HM,Ryan Tutbury,175.265726,-37.762825,,False,
1501000.0497,1501000,1501000.0497,"EQC - 190 Te Hono Street, Maungatapu, Ta","EQC - 190 Te Hono Street, Maungatapu, Tauranga, Bay of Plenty, 3112, NZL",Vero Insurance New Zealand Limited,2023-02-15,TG,Ryan Tutbury,176.184299,-37.715744,,False,
1501000.0498,1501000,1501000.0498,"EQC -15 Awarua Street, Ngaio, Wellington","EQC -15 Awarua Street, Ngaio, Wellington, 6035, NZL",Vero Insurance New Zealand Limited,2023-02-15,WN,Shirley Wang,174.773111,-41.246809,Wellington City,True,
1501000.0499,1501000,1501000.0499,"EQC - 8 Gothic Place, Lynfield, Auckland","EQC - 8 Gothic Place, Lynfield, Auckland, 1042, NZL",Vero Insurance New Zealand Limited,2023-02-15,AK,Philip Mathewson,174.723146,-36.933039,,False,
1501000.0500,1501000,1501000.0500,"EQC - 2/3 Waikowhai Road, Mount Roskill","EQC - 2/3 Waikowhai Road, Mount Roskill, Auckland, 1041, NZL",Vero Insurance New Zealand Limited,2023-02-15,AK,Philip Mathewson,174.735887,-36.93089,,False,
1501000.0501,1501000,1501000.0501,"EQC - 108 Sylvan Avenue, Northcote","EQC - 108 Sylvan Avenue, Northcote, Auckland, 0627, NZL",Vero Insurance New Zealand Limited,2023-02-15,AK,Philip Mathewson,174.753792,-36.806381,,False,
1501000.0502,1501000,1501000.0502,"EQC - 110 Lonely Track Road, Redvale","NHC - 110 Lonely Track Road, Redvale, Auckland, 0632, NZL",Vero Insurance New Zealand Limited,2023-02-20,AK,Philip Mathewson,174.711428,-36.704506,,False,
1501000.0503,1501000,1501000.0503,"EQC - 108 Lonely Track Road, Redvale","EQC - 108 Lonely Track Road, Redvale, Auckland, 0632, NZL",Vero Insurance New Zealand Limited,2023-02-20,AK,Philip Mathewson,174.712096,-36.705102,,False,
1501000.0504,1501000,1501000.0504,"EQC - 44A Neptune Ave, Beach Haven","EQC - 44A Neptune Ave, Beach Haven, Auckland, 0626, NZL",Vero Insurance New Zealand Limited,2023-02-22,AK,Philip Mathewson,174.683505,-36.798413,,False,
1501000.0505,1501000,1501000.0505,"EQC - 233 Lonely Track Road, Auckland","EQC - 233 Lonely Track Road, Albany Heights, Auckland, 0632, NZL",Vero Insurance New Zealand Limited,2023-02-22,AK,Philip Mathewson,174.699948,-36.711559,,False,
1501000.0506,1501000,1501000.0506,"EQC - 25 Ring Ter, Saint Marys Bay, Auck","EQC - 25 Ring Ter, Saint Mary's Bay, Auckland, 1011, NZL",Vero Insurance New Zealand Limited,2023-02-22,AK,Philip Mathewson,174.744702,-36.84141,,False,
1501000.0507,1501000,1501000.0507,"EQC - 17 Lochiel Road, Khandallah","EQC - 17 Lochiel Road, Khandallah, Wellington, 6035, NZL",AA Insurance Limited,2023-02-23,WN,Shirley Wang,174.02188444000012,-41.284073888999956,,False,
1501000.0508,1501000,1501000.0508,"EQC - 103 Kauri Road, Whenuapai","EQC - 103 Kauri Road, Whenuapai, Auckland, 0618, NZL",AA Insurance Limited,2023-02-24,AK,Philip Mathewson,174.643499,-36.785479,,False,
1501000.0509,1501000,1501000.0509,"EQC - 105 Kauri Road, Whenuapai","EQC - 105 Kauri Road, Whenuapai, Auckland, 0618, NZL",Vero Insurance New Zealand Limited,2023-02-24,AK,Philip Mathewson,174.643564,-36.785312,,False,
1501000.0510,1501000,1501000.0510,"EQC - 834 Thames Coast Road, Tapu, Waika","EQC - 834 Thames Coast Road, Tapu, Waikato, 3575, NZL",Vero Insurance New Zealand Limited,2023-02-24,HM,Ryan Tutbury,175.5008,-36.977307,,False,
1501000.0511,1501000,1501000.0511,EQC-15 Tuakau Bridge-Port Waikato Road,"EQC - 15 Tuakau Bridge, Port Waikato Road, Port Waikato, Waikato, 2695, NZL",Vero Insurance New Zealand Limited,2023-02-24,HM,Ryan Tutbury,174.735407,-37.386212,,False,
1501000.0513,1501000,1501000.0513,"EQC - 360 Durham Drive, Havelock North,","EQC - 360 Durham Drive, Havelock North, Hawke's Bay, 4130, NZL #HBEQC",Vero Insurance New Zealand Limited,2023-02-24,HM,Ryan Tutbury,176.903823,-39.690716,,False,
1501000.0514,1501000,1501000.0514,"EQC - 155 Browns Bay Road, Browns Bay","EQC - 155 Browns Bay Road, Browns Bay, Auckland, 0630, NZL",AA Insurance Limited,2023-02-24,AK,Philip Mathewson,174.737205,-36.729378,,False,
1501000.0586,1501000,1501000.0586,"EQC - 146 Thames Coast Road, Whakatete","EQC - 146 Thames Coast Road, Whakatete Bay, Coromandel Forest Park, Waikato, 3575, NZL",AA Insurance Limited,2023-02-24,HM,Ryan Tutbury,175.516787,-37.086989,,False,
1501000.0515,1501000,1501000.0515,"EQC - 10 Beach Street, Sandspit","EQC - 10 Beach Street, Sandspit, Auckland, 0982, NZL",AA Insurance Limited,2023-02-25,AK,Philip Mathewson,174.716486,-36.394773,,False,
1501000.0516,1501000,1501000.0516,"EQC - 100 Port Albert Road, Wellsford","EQC - 100 Port Albert Road, Wellsford, Auckland, 0900, NZL",AA Insurance Limited,2023-02-25,AK,Dion Willcocks,174.513223,-36.29895,,False,
1501000.0517,1501000,1501000.0517,"EQC - 57 Karekare Road, Karekare","EQC - 57 Karekare Road, Karekare, Auckland, 0772, NZL",Vero Insurance New Zealand Limited,2023-02-25,AK,Philip Mathewson,174.480025,-36.980597,,False,
1501000.0520,1501000,1501000.0520,"EQC - 121 Robinson Road, Coatesville","EQC - 121 Robinson Road, Coatesville, Auckland, 0793, NZL",AA Insurance Limited,2023-02-27,AK,Philip Mathewson,174.621057,-36.713094,,False,
1501000.0523,1501000,1501000.0523,"EQC - 16 Harbour Street, Saint Marys Bay","EQC - 16 Harbour Street, Saint Marys Bay, Auckland, 1011, NZL",AA Insurance Limited,2023-02-27,AK,Philip Mathewson,174.750467,-36.844464,,False,
1501000.0527,1501000,1501000.0527,"EQC - 37 Sylvan Avenue, Northcote","EQC - 37 Sylvan Avenue, Northcote, Auckland, 0627, NZL",AA Insurance Limited,2023-02-27,AK,Philip Mathewson,174.752403,-36.811212,,False,
1501000.0521,1501000,1501000.0521,"EQC - 130 Matipo Road, Te Atatu","EQC - 130 Matipo Road, Te Atatu Peninsula, Auckland, 0610, NZL",Vero Insurance New Zealand Limited,2023-02-28,AK,Philip Mathewson,174.638795,-36.842388,,False,
1501000.0522,1501000,1501000.0522,"EQC - 128 Matipo Road, Te Atatu","EQC - 128 Matipo Road, Te Atatu Peninsula, Auckland, 0610, NZL",Vero Insurance New Zealand Limited,2023-02-28,AK,Philip Mathewson,174.638993,-36.842346,,False,
1501000.0524,1501000,1501000.0524,"EQC - 47A Princes St, Northcote Point","EQC - 47A Princes St, Northcote Point, Auckland, 0627, NZL",Vero Insurance New Zealand Limited,2023-03-01,AK,Philip Mathewson,174.749755,-36.822409,,False,
1501000.0525,1501000,1501000.0525,"EQC - 24 Korimako Road, Days Bay","EQC - 24 Korimako Road, Days Bay, Lower Hutt, Wellington, 5013, NZL",AA Insurance Limited,2023-03-01,WN,Shirley Wang,174.909084,-41.280138,Lower Hutt City,True,
1501000.0526,1501000,1501000.0526,"EQC - 47 Domain Crescent, Muriwai","EQC - 47 Domain Crescent, Muriwai, Auckland, 0881, NZL",Vero Insurance New Zealand Limited,2023-03-01,AK,Philip Mathewson,174.43217,-36.830283,,False,
1501000.0528,1501000,1501000.0528,"EQC - 136 Motutara Road, Muriwai","EQC - 136 Motutara Road, Muriwai, Auckland, 0881, NZL",Vero Insurance New Zealand Limited,2023-03-01,AK,Philip Mathewson,174.440527,-36.821819,,False,
1501000.0529,1501000,1501000.0529,"EQC - 36 Domain Crescent, Muriwai","EQC - 36 Domain Crescent, Muriwai, Auckland, 0881, NZL",Vero Insurance New Zealand Limited,2023-03-01,AK,Philip Mathewson,174.432384,-36.829704,,False,
1501000.0530,1501000,1501000.0530,"EQC - 53 Domain Crescent, Muriwai","EQC - 53 Domain Crescent, Muriwai, Auckland, 0881, NZL",Vero Insurance New Zealand Limited,2023-03-01,AK,Philip Mathewson,174.432691,-36.830195,,False,
1501000.0531,1501000,1501000.0531,"EQC - 228 Motutara Road, Muriwai","EQC - 228 Motutara Road, Muriwai, Auckland, 0881, NZL",Vero Insurance New Zealand Limited,2023-03-01,AK,Philip Mathewson,174.437744,-36.824907,,False,
1501000.0532,1501000,1501000.0532,"EQC - 207 Motutara Road, Muriwai","EQC - 207 Motutara Road, Muriwai, Auckland, 0881, NZL",Vero Insurance New Zealand Limited,2023-03-01,AK,Philip Mathewson,174.439366,-36.822239,,False,
1501000.0533,1501000,1501000.0533,"EQC - 214B Motutara Road, Muriwai","EQC - 214B Motutara Road, Muriwai, Auckland, 0881, NZL",AA Insurance Limited,2023-03-01,AK,Philip Mathewson,174.438526,-36.825002,,False,
1501000.0534,1501000,1501000.0534,"EQC - 112 Domain Crescent, Muriwai","EQC - 112 Domain Crescent, Muriwai, Auckland, 0881, NZL",AA Insurance Limited,2023-03-01,AK,Philip Mathewson,174.436579,-36.826533,,False,
1501000.0535,1501000,1501000.0535,"EQC - 132 Domain Crescent, Muriwai","EQC - 132 Domain Crescent, Muriwai, Auckland, 0881, NZL",AA Insurance Limited,2023-03-01,AK,Philip Mathewson,174.435557,-36.828025,,False,
1501000.0536,1501000,1501000.0536,"EQC - 5 Marine Parade South, Piha","EQC - 5 Marine Parade South, Piha, Auckland, 0772, NZL",Vero Insurance New Zealand Limited,2023-03-02,AK,Philip Mathewson,174.468185,-36.958509,,False,
1501000.0537,1501000,1501000.0537,"EQC - 61 Domain Crescent, Muriwai","EQC - 61 Domain Crescent, Muriwai, Auckland, 0881, NZL",AA Insurance Limited,2023-03-02,AK,Philip Mathewson,174.433154,-36.82978,,False,
1501000.0538,1501000,1501000.0538,"EQC - 27 Lone Kauri Road, Karekare","EQC - 27 Lone Kauri Road, Karekare, Auckland, 0772, NZL",Vero Insurance New Zealand Limited,2023-03-02,AK,Philip Mathewson,174.482325,-36.990444,,False,
1501000.0539,1501000,1501000.0539,"EQC - 64 Beach Valley Road, Piha","EQC - 64 Beach Valley Road, Piha, Auckland, 0772, NZL",Vero Insurance New Zealand Limited,2023-03-02,AK,Philip Mathewson,174.468883,-36.957598,,False,
1501000.0540,1501000,1501000.0540,"EQC - 190 Lonely Track Road, Dairy Flat","EQC - 190 Lonely Track Road, Dairy Flat, Auckland, 0632, NZL",Vero Insurance New Zealand Limited,2023-03-02,AK,Philip Mathewson,174.704889,-36.708627,,False,
1501000.0541,1501000,1501000.0541,"EQC - 1 Marine Parade South, Piha","EQC - 1 Marine Parade South, Piha, Auckland, 0772, NZL",Vero Insurance New Zealand Limited,2023-03-02,AK,Philip Mathewson,174.467829,-36.958788,,False,
1501000.0542,1501000,1501000.0542,"EQC - 190D Lonely Track Road, Dairy Flat","EQC - 190D Lonely Track Road, Dairy Flat, Auckland, 0632, NZL",AA Insurance Limited,2023-03-02,AK,Philip Mathewson,174.705893,-36.709689,,False,
1501000.0543,1501000,1501000.0543,"EQC - 14 Tainui Road, Titirangi","EQC - 14 Tainui Road, Titirangi, Auckland, 0604, NZL",AA Insurance Limited,2023-03-02,AK,Philip Mathewson,174.642998,-36.941001,,False,
1501000.0544,1501000,1501000.0544,"EQC - 73 North Piha Road, Piha","EQC - 73 North Piha Road, Piha, Auckland, 0772, NZL",AA Insurance Limited,2023-03-02,AK,Philip Mathewson,174.463722,-36.939226,,False,
1501000.0545,1501000,1501000.0545,"EQC - 48 Domain Crescent, Muriwai","EQC - 48 Domain Crescent, Muriwai, Auckland, 0881, NZL",AA Insurance Limited,2023-03-02,AK,Philip Mathewson,174.432872,-36.828852,,False,
1501000.0546,1501000,1501000.0546,"EQC - 22 Rayner Road, Piha","EQC - 22 Rayner Road, Piha, Auckland, 0772, NZL",Vero Insurance New Zealand Limited,2023-03-02,AK,Philip Mathewson,174.475122,-36.959081,,False,
1501000.0547,1501000,1501000.0547,"EQC - 540 Thames Coast Road, Te Puru","EQC - 540 Thames Coast Road, Te Puru, Waikato, 3575, NZL",AA Insurance Limited,2023-03-02,HM,Ryan Tutbury,175.521393,-37.042535,,False,
1501000.0548,1501000,1501000.0548,"EQC - 73 Sylvan Avenue, Northcote","EQC - 73 Sylvan Avenue, Northcote, Auckland, 0627, NZL",Vero Insurance New Zealand Limited,2023-03-02,AK,Philip Mathewson,174.754767,-36.809712,,False,
1501000.0549,1501000,1501000.0549,"EQC - 23 Domain Crescent, Muriwai","EQC - 23 Domain Crescent, Muriwai, Auckland, 0881, NZL",Vero Insurance New Zealand Limited,2023-03-02,AK,Philip Mathewson,174.430888,-36.829347,,False,
1501000.0550,1501000,1501000.0550,"EQC - 69 Domain Crescent, Muriwai","EQC - 69 Domain Crescent, Muriwai, Auckland, 0881, NZL",Vero Insurance New Zealand Limited,2023-03-02,AK,Philip Mathewson,174.433353,-36.829158,,False,
1501000.0551,1501000,1501000.0551,"EQC - 19 Shore Road, Remuera","EQC - 19 Shore Road, Remuera, Auckland, 1050, NZL",Vero Insurance New Zealand Limited,2023-03-03,AK,Philip Mathewson,174.790501,-36.865823,,False,
1501000.0552,1501000,1501000.0552,"EQC - 21 Shore Road, Remuera","EQC - 21 Shore Road, Remuera, Auckland, 1050, NZL",IAG New Zealand Limited,2023-03-03,AK,Philip Mathewson,174.790654,-36.865559,,False,
1501000.0553,1501000,1501000.0553,"EQC - 23 Shore Road, Remuera","EQC - 23 Shore Road, Remuera, Auckland, 1050, NZL",IAG New Zealand Limited,2023-03-03,AK,Philip Mathewson,174.790926,-36.865571,,False,
1501000.0554,1501000,1501000.0554,"EQC - 80 Queen Street, Northcote Point","EQC - 80 Queen Street, Northcote Point, Auckland, 0627, NZL",Vero Insurance New Zealand Limited,2023-03-03,AK,Philip Mathewson,174.747166,-36.82033,,False,
1501000.0555,1501000,1501000.0555,"EQC - 33A Shore Road, Remuera","EQC - 33A Shore Road, Remuera, Auckland, 1050, NZL",IAG New Zealand Limited,2023-03-03,AK,Philip Mathewson,174.791952,-36.865326,,False,
1501000.0567,1501000,1501000.0567,"EQC - 149A Arney Road, Remuera","EQC - 149A Arney Road, Remuera, Auckland, 1050, NZL",Vero Insurance New Zealand Limited,2023-03-03,AK,Dion Willcocks,174.791744,-36.865679,,False,
1501000.0556,1501000,1501000.0556,"EQC - 18 Domain Crescent, Muriwai","EQC - 18 Domain Crescent, Muriwai, Auckland, 0881, NZL",Vero Insurance New Zealand Limited,2023-03-06,AK,Philip Mathewson,174.432311,-36.82872,,False,
1501000.0557,1501000,1501000.0557,"EQC - 109 Domain Crescent, Muriwai","EQC - 109 Domain Crescent, Muriwai, Auckland, 0881, NZL",AA Insurance Limited,2023-03-06,AK,Philip Mathewson,174.435406,-36.826503,,False,
1501000.0558,1501000,1501000.0558,"EQC - 184 Motutara Road, Muriwai","EQC - 184 Motutara Road, Muriwai, Auckland, 0881, NZL",AA Insurance Limited,2023-03-06,AK,Philip Mathewson,174.43908,-36.823868,,False,
1501000.0559,1501000,1501000.0559,"EQC - 33 Landing Road, Titirangi","EQC - 33 Landing Road, Titirangi, Auckland, 0604, NZL",AA Insurance Limited,2023-03-06,AK,Philip Mathewson,174.64871,-36.951452,,False,
1501000.0560,1501000,1501000.0560,"EQC - 781 West Coast Road, Oratia","EQC - 781 West Coast Road, Oratia, Auckland, 0604, NZL",Vero Insurance New Zealand Limited,2023-03-06,AK,Philip Mathewson,174.598099,-36.925312,,False,
1501000.0561,1501000,1501000.0561,"EQC - 5B Cochran Road, Oratia","EQC - 5B Cochran Road, Oratia, Auckland, 0604, NZL",Vero Insurance New Zealand Limited,2023-03-06,AK,Philip Mathewson,174.615564,-36.938441,,False,
1501000.0562,1501000,1501000.0562,"EQC - 15 Cochran Road, Oratia","EQC - 15 Cochran Road, Oratia, Auckland, 0604, NZL",Vero Insurance New Zealand Limited,2023-03-06,AK,Philip Mathewson,174.615793,-36.939899,,False,
1501000.0563,1501000,1501000.0563,"EQC - 198 Shaw Road, Oratia","EQC - 198 Shaw Road, Oratia, Auckland, 0604, NZL",Vero Insurance New Zealand Limited,2023-03-06,AK,Philip Mathewson,174.626417,-36.935365,,False,
1501000.0564,1501000,1501000.0564,"EQC - 67 North Piha Road, Piha","EQC - 67 North Piha Road, Piha, Auckland, 0772, NZL",Vero Insurance New Zealand Limited,2023-03-06,AK,Philip Mathewson,174.463904,-36.939455,,False,
1501000.0565,1501000,1501000.0565,"EQC - 49 Rayner Road, Piha","EQC - 49 Rayner Road, Piha, Auckland, 0772, NZL",Vero Insurance New Zealand Limited,2023-03-06,AK,Philip Mathewson,174.471479,-36.959794,,False,
1501000.0566,1501000,1501000.0566,"EQC - 48 Mitchell Street, Blockhouse Bay","EQC - 48 Mitchell Street, Blockhouse Bay, Auckland, 0600, NZL",Vero Insurance New Zealand Limited,2023-03-06,AK,Philip Mathewson,174.69754,-36.930628,,False,
1501000.0568,1501000,1501000.0568,"EQC - 96B Queen Street, Northcote Point","EQC - 96B Queen Street, Northcote Point, Auckland, 0627, NZL",AA Insurance Limited,2023-03-07,AK,Philip Mathewson,174.746315,-36.819812,,False,
1501000.0569,1501000,1501000.0569,"EQC - 102 Sylvan Avenue, Northcote","EQC - 102 Sylvan Avenue, Northcote, Auckland, 0627, NZL",Vero Insurance New Zealand Limited,2023-03-07,AK,Philip Mathewson,174.753752,-36.806892,,False,
1501000.0570,1501000,1501000.0570,"EQC - 11 Marine Parade South, Piha","EQC - 11 Marine Parade South, Piha, Auckland, 0772, NZL",Vero Insurance New Zealand Limited,2023-03-09,AK,Philip Mathewson,174.468435,-36.958031,,False,
1501000.0571,1501000,1501000.0571,"EQC - 70 Warner Park Avenue, Laingholm","EQC - 70 Warner Park Avenue, Laingholm, Auckland, 0604, NZL",AA Insurance Limited,2023-03-09,AK,Philip Mathewson,174.639286,-36.966054,,False,
1501000.0572,1501000,1501000.0572,"EQC - 98 Cliff View Drive, Green Bay","EQC - 98 Cliff View Drive, Green Bay, Auckland, 0604, NZL",Vero Insurance New Zealand Limited,2023-03-09,AK,Philip Mathewson,174.68009,-36.933541,,False,
1501000.0573,1501000,1501000.0573,"EQC - 308 Grafton Road, Thames, Waikato,","EQC - 308 Grafton Road, Thames, Waikato, 3500, NZL",AA Insurance Limited,2023-03-09,HM,Ryan Tutbury,175.563027,-37.148554,,False,
1501000.0574,1501000,1501000.0574,"EQC - 111 Tiroroa Avenue, Te Atatu South","EQC - 111 Tiroroa Avenue, Te Atatu South, Auckland, 0610, NZL",Vero Insurance New Zealand Limited,2023-03-09,AK,Philip Mathewson,174.65253,-36.867376,,False,
1501000.0575,1501000,1501000.0575,EQC - 85 Shelly Beach Road,"EQC - 85 Shelly Beach Road, Saint Marys Bay, Auckland, 1011, NZL",Vero Insurance New Zealand Limited,2023-03-09,AK,Philip Mathewson,174.743719,-36.840684,,False,
1501000.0576,1501000,1501000.0576,"EQC - 28 Cliff View Drive, Green Bay","EQC - 28 Cliff View Drive, Green Bay, Auckland, 0604, NZL",Vero Insurance New Zealand Limited,2023-03-10,AK,Philip Mathewson,174.684675,-36.932349,,False,
1501000.0577,1501000,1501000.0577,"EQC - 466 Hillsborough Rd, Mount Roskill","EQC - 466 Hillsborough Rd, Mount Roskill, Auckland, 1041, NZL",Vero Insurance New Zealand Limited,2023-03-10,AK,Philip Mathewson,174.729252,-36.929282,,False,
1501000.0578,1501000,1501000.0578,"EQC - 346 Forest Hill Road, Waiatarua","EQC - 346 Forest Hill Road, Waiatarua, Auckland, 0612, NZL",Vero Insurance New Zealand Limited,2023-03-10,AK,Philip Mathewson,174.58283,-36.928156,,False,
1501000.0579,1501000,1501000.0579,"EQC - 127A Domain Crescent, Muriwai","EQC - 127A Domain Crescent, Muriwai, Auckland, 0881, NZL",AA Insurance Limited,2023-03-13,AK,Philip Mathewson,174.435048,-36.827777,,False,
1501000.0580,1501000,1501000.0580,"EQC - Unit 2, 7 Glenbush Place","EQC - Unit 2, 7 Glenbush Place, Birkenhead, Auckland, 0626, NZL",AA Insurance Limited,2023-03-14,AK,Philip Mathewson,174.718327,-36.809225,,False,
1501000.0581,1501000,1501000.0581,"EQC - 5B Glenbush Pl, Birkenhead","EQC - 5B Glenbush Pl, Birkenhead, Auckland, 0626, NZL",AA Insurance Limited,2023-03-14,AK,Philip Mathewson,174.718173,-36.809483,,False,
1501000.0582,1501000,1501000.0582,"EQC - 7B Coppins Road, Mount Wellington","EQC - 7B Coppins Road, Mount Wellington, Auckland, 1062, NZL",Vero Insurance New Zealand Limited,2023-03-14,AK,Philip Mathewson,174.849639,-36.933425,,False,
1501000.0583,1501000,1501000.0583,"EQC - 135 Paritai Drive, Orakei","EQC - 135 Paritai Drive, Orakei, Auckland, 1071, NZL",Vero Insurance New Zealand Limited,2023-03-15,AK,Philip Mathewson,174.809508,-36.854841,,False,
1501000.0584,1501000,1501000.0584,"EQC - 15 Rahui Road, Greenhithe","EQC - 15 Rahui Road, Greenhithe, Auckland, 0632, NZL",Vero Insurance New Zealand Limited,2023-03-15,AK,Philip Mathewson,174.66675,-36.776556,,False,
1501000.0585,1501000,1501000.0585,"EQC - 5 Bamfield Place, Hillsborough","EQC - 5 Bamfield Place, Hillsborough, Auckland, 1042, NZL",AA Insurance Limited,2023-03-15,AK,Philip Mathewson,174.766582,-36.925153,,False,
1501000.0587,1501000,1501000.0587,"EQC - 171 Whangapoua Road, Coromandel, W","EQC - 171 Whangapoua Road, Coromandel, Waikato, 3582, NZL",AA Insurance Limited,2023-03-15,HM,Ryan Tutbury,175.514601,-36.757768,,False,
1501000.0588,1501000,1501000.0588,"EQC - 83 Hadfield Street, Beach Haven","EQC - 83 Hadfield Street, Beach Haven, Auckland, 0626, NZL",Vero Insurance New Zealand Limited,2023-03-15,AK,Philip Mathewson,174.690902,-36.807673,,False,
1501000.0589,1501000,1501000.0589,"EQC - 105 North Piha Road, Piha","EQC - 105 North Piha Road, Piha, Auckland, 0772, NZL",Vero Insurance New Zealand Limited,2023-03-15,AK,Philip Mathewson,174.462741,-36.937268,,False,
1501000.0590,1501000,1501000.0590,"EQC - 47 North Piha Road, Piha","EQC - 47 North Piha Road, Piha, Auckland, 0772, NZL",Vero Insurance New Zealand Limited,2023-03-15,AK,Philip Mathewson,174.464723,-36.940501,,False,
1501000.0591,1501000,1501000.0591,"EQC - 18 Valkyria Place, Beach Haven","EQC - 18 Valkyria Place, Beach Haven, Auckland, 0626, NZL",Vero Insurance New Zealand Limited,2023-03-15,AK,Philip Mathewson,174.691242,-36.812405,,False,
1501000.0592,1501000,1501000.0592,"EQC - 89 Domain Crescent, Muriwai","EQC - 89 Domain Crescent, Muriwai, Auckland, 0881, NZL",AA Insurance Limited,2023-03-15,AK,Philip Mathewson,174.434355,-36.827971,,False,
1501000.0593,1501000,1501000.0593,"EQC - 24 Rayner Road, Piha","EQC - 24 Rayner Road, Piha, Auckland, 0772, NZL",AA Insurance Limited,2023-03-15,AK,Philip Mathewson,174.474946,-36.959125,,False,
1501000.0594,1501000,1501000.0594,"EQC - 63 Domain Crescent, Muriwai","EQC - 63 Domain Crescent, Muriwai, Auckland, 0881, NZL",AA Insurance Limited,2023-03-15,AK,Philip Mathewson,174.433233,-36.829607,,False,
1501000.0595,1501000,1501000.0595,"EQC -1 Titirangi Beach Road, Titirangi","EQC -1 Titirangi Beach Road, Titirangi, Auckland, 0604, NZL",AA Insurance Limited,2023-03-15,AK,Philip Mathewson,174.65906,-36.940048,,False,
1501000.0596,1501000,1501000.0596,"EQC - 40 Lone Kauri Road, Karekare","EQC - 40 Lone Kauri Road, Karekare, Auckland, 0772, NZL",AA Insurance Limited,2023-03-15,AK,Philip Mathewson,174.482878,-36.990345,,False,
1501000.0597,1501000,1501000.0597,"EQC - 75 Domain Crescent, Muriwai","EQC - 75 Domain Crescent, Muriwai, Auckland, 0881, NZL",Vero Insurance New Zealand Limited,2023-03-16,AK,Philip Mathewson,174.433636,-36.828832,,False,
1501000.0598,1501000,1501000.0598,"EQC - 108 Motutara Road, Muriwai","EQC - 108 Motutara Road, Muriwai, Auckland, 0881, NZL",Vero Insurance New Zealand Limited,2023-03-16,AK,Philip Mathewson,174.440562,-36.820265,,False,
1501000.0599,1501000,1501000.0599,"EQC - 618 Nelson Road, Makauri, Gisborne","EQC - 618 Nelson Road, Makauri, Gisborne, 4071, NZL",Vero Insurance New Zealand Limited,2023-03-21,HM,Ryan Tutbury,177.975204,-38.643926,,False,
1501000.0600,1501000,1501000.0600,"EQC - 47 Huia Road, Titirangi","EQC - 47 Huia Road, Titirangi, Auckland, 0604, NZL",AA Insurance Limited,2023-03-21,AK,Philip Mathewson,174.649582,-36.942808,,False,
1501000.0601,1501000,1501000.0601,"EQC - 1C Oswald Street, Mangapapa, Gisbo","EQC - 1C Oswald Street, Mangapapa, Gisborne, 4010, NZL",Vero Insurance New Zealand Limited,2023-03-21,HM,Ryan Tutbury,178.02565,-38.649546,,False,
1501000.0602,1501000,1501000.0602,"EQC - 6 Gillan Place, Bayview","EQC - 6 Gillan Place, Bayview, Auckland, 0629, NZL",Vero Insurance New Zealand Limited,2023-03-21,AK,Philip Mathewson,174.703376,-36.782135,,False,
1501000.0603,1501000,1501000.0603,"EQC - 1 London Street, Saint Marys Bay","EQC - 1 London Street, Saint Marys Bay, Auckland, 1011, NZL",Vero Insurance New Zealand Limited,2023-03-21,AK,Philip Mathewson,174.749015,-36.843797,,False,
1501000.0604,1501000,1501000.0604,"EQC - 30 Richardson Avenue, Whataupoko,","EQC - 30 Richardson Avenue, Whataupoko, Gisborne, 4010, NZL",Vero Insurance New Zealand Limited,2023-03-21,HM,Ryan Tutbury,178.036043,-38.654138,,False,
1501000.0605,1501000,1501000.0605,"EQC - 7 London Street, Saint Marys Bay","EQC - 7 London Street, Saint Marys Bay, Auckland, 1011, NZL",Vero Insurance New Zealand Limited,2023-03-21,AK,Stefan Huszak,174.748573,-36.843547,,False,
1501000.0606,1501000,1501000.0606,"EQC - 65 Beulah Avenue, Rothesay Bay","EQC - 65 Beulah Avenue, Rothesay Bay, Auckland, 0630, NZL",Vero Insurance New Zealand Limited,2023-03-22,AK,Philip Mathewson,174.744839,-36.724193,,False,
1501000.0607,1501000,1501000.0607,"EQC - 9/108A Verran Road, Birkdale","EQC - 9/108A Verran Road, Birkdale, Auckland, 0626, NZL",AA Insurance Limited,2023-03-22,AK,Philip Mathewson,174.711942,-36.803447,,False,
1501000.0608,1501000,1501000.0608,"EQC - 8 Awanui Street, Birkenhead","EQC - 8 Awanui Street, Birkenhead, Auckland, 0626, NZL",AA Insurance Limited,2023-03-22,AK,Philip Mathewson,174.738363,-36.819518,,False,
1501000.0609,1501000,1501000.0609,"EQC - 415 Titirangi Road, Titirangi","EQC - 415 Titirangi Road, Titirangi, Auckland, 0604, NZL",Vero Insurance New Zealand Limited,2023-03-22,AK,Philip Mathewson,174.657715,-36.937213,,False,
1501000.0610,1501000,1501000.0610,"EQC - 312 Heale Street, Thames, Waikato,","EQC - 312 Heale Street, Thames, Waikato, 3500, NZL",AA Insurance Limited,2023-03-22,HM,Ryan Tutbury,175.551006,-37.143739,,False,
1501000.0611,1501000,1501000.0611,"EQC - 52A Waiotahi Road, Thames, Waikato","EQC - 52A Waiotahi Road, Thames, Waikato, 3500, NZL",Vero Insurance New Zealand Limited,2023-03-22,HM,Ryan Tutbury,175.54221,-37.129953,,False,
1501000.0612,1501000,1501000.0612,"EQC - 316 Tararu Road, Thames, Waikato,","EQC - 316 Tararu Road, Thames, Waikato, 3500, NZL",Vero Insurance New Zealand Limited,2023-03-22,HM,Ryan Tutbury,175.533828,-37.124956,,False,
1501000.0613,1501000,1501000.0613,"EQC - 246 Motutara Road, Muriwai","EQC - 246 Motutara Road, Muriwai, Auckland, 0881, NZL",Vero Insurance New Zealand Limited,2023-03-23,AK,Philip Mathewson,174.436724,-36.825214,,False,
1501000.0614,1501000,1501000.0614,"EQC - 65 Cornwallis Road, Cornwallis","EQC - 65 Cornwallis Road, Cornwallis, Auckland, 0604, NZL",Vero Insurance New Zealand Limited,2023-03-23,AK,Philip Mathewson,174.601534,-37.009501,,False,
1501000.0615,1501000,1501000.0615,EQC -932 Whangarei Heads Road,"EQC -932 Whangarei Heads Road, Parua Bay, Northland, 0174, NZL",Vero Insurance New Zealand Limited,2023-03-23,AK,Philip Mathewson,174.445314,-35.779256,,False,
1501000.0616,1501000,1501000.0616,"EQC - 218 Mount Sea Road, Thames, Waikat","EQC - 218 Mount Sea Road, Thames, Waikato, 3500, NZL",AA Insurance Limited,2023-03-23,HM,Ryan Tutbury,175.560329,-37.146121,,False,
1501000.0617,1501000,1501000.0617,"EQC - 49 Totara Valley Road, Thames, Wai","EQC - 49 Totara Valley Road, Thames, Waikato, 3578, NZL",Vero Insurance New Zealand Limited,2023-03-23,HM,Ryan Tutbury,175.563973,-37.168181,,False,
1501000.0618,1501000,1501000.0618,"EQC - 29 Gaddums Hill Road, Outer Kaiti,","EQC - 29 Gaddums Hill Road, Outer Kaiti, Gisborne, 4010, NZL",Vero Insurance New Zealand Limited,2023-03-23,HM,Ryan Tutbury,178.055072,-38.665888,,False,
1501000.0619,1501000,1501000.0619,"EQC - 192 Ballance Street, Whataupoko, G","EQC - 192 Ballance Street, Whataupoko, Gisborne, 4010, NZL",Vero Insurance New Zealand Limited,2023-03-23,HM,Ryan Tutbury,178.032061,-38.649932,,False,
1501000.0620,1501000,1501000.0620,"EQC - 41 Shelley Road, Whataupoko, Gisbo","EQC - 41 Shelley Road, Whataupoko, Gisborne, 4010, NZL",Vero Insurance New Zealand Limited,2023-03-24,HM,Ryan Tutbury,178.033406,-38.648151,,False,
1501000.0621,1501000,1501000.0621,"EQC -39J Cape Horn Road, Mount Roskill","EQC -39J Cape Horn Road, Mount Roskill, Auckland, 1041, NZL",Vero Insurance New Zealand Limited,2023-03-24,AK,Philip Mathewson,174.729805,-36.934842,,False,
1501000.0622,1501000,1501000.0622,"EQC - 209A Stout Street, Mangapapa, Gisb","EQC - 209A Stout Street, Mangapapa, Gisborne, 4010, NZL",Vero Insurance New Zealand Limited,2023-03-27,HM,Ryan Tutbury,178.016741,-38.648606,,False,
1501000.0623,1501000,1501000.0623,"EQC - 48 Eastglen Road, Glen Eden","EQC - 48 Eastglen Road, Glen Eden, Auckland, 0602, NZL",Vero Insurance New Zealand Limited,2023-03-28,AK,Philip Mathewson,174.663459,-36.913601,,False,
1501000.0624,1501000,1501000.0624,"EQC - 54A Foley Quarry Road, Dairy Flat","EQC - 54A Foley Quarry Road, Dairy Flat, Auckland, 0792, NZL",Vero Insurance New Zealand Limited,2023-03-28,AK,Philip Mathewson,174.670499,-36.705987,,False,
1501000.0625,1501000,1501000.0625,"EQC - 246 Valley Road, Mangapapa, Gisbor","EQC - 246 Valley Road, Mangapapa, Gisborne, 4010, NZL",Vero Insurance New Zealand Limited,2023-03-30,HM,Ryan Tutbury,178.026059,-38.641886,,False,
1501000.0626,1501000,1501000.0626,"EQC - 28 Stranolar Drive, Mount Roskill","EQC - 28 Stranolar Drive, Mount Roskill, Auckland, 1041, NZL",Vero Insurance New Zealand Limited,2023-03-30,AK,Philip Mathewson,174.731839,-36.927082,,False,
1501000.0627,1501000,1501000.0627,"EQC - 67B Valley Road, Mangapapa, Gisbor","EQC - 67B Valley Road, Mangapapa, Gisborne, 4010, NZL",Vero Insurance New Zealand Limited,2023-03-30,HM,Ryan Tutbury,178.013353,-38.638037,,False,
1501000.0628,1501000,1501000.0628,"EQC - 7 Toop Street, Havelock North, Haw","EQC - 7 Toop Street, Havelock North, Hawke's Bay, 4130, NZL #HBEQC",AA Insurance Limited,2023-03-31,HM,Ryan Tutbury,176.886003,-39.682426,,False,
1501000.0629,1501000,1501000.0629,"EQC - 16 Mersea Place, Maungatapu, Taura","EQC - 16 Mersea Place, Maungatapu, Tauranga, Bay of Plenty, 3112, NZL",Vero Insurance New Zealand Limited,2023-03-31,HM,Ryan Tutbury,176.175506,-37.717384,,False,
1501000.0630,1501000,1501000.0630,"EQC - 1/104 Sylvan Avenue, Northcote","EQC - 1/104 Sylvan Avenue, Northcote, Auckland, 0627, NZL",AA Insurance Limited,2023-03-31,AK,Philip Mathewson,174.753926,-36.806677,,False,
1501000.0631,1501000,1501000.0631,"EQC - 2/104 Sylvan Avenue, Northcote","EQC - 2/104 Sylvan Avenue, Northcote, Auckland, 0627, NZL",AA Insurance Limited,2023-03-31,AK,Philip Mathewson,174.753879,-36.806757,,False,
1501000.0632,1501000,1501000.0632,"EQC - 56 Minnehaha Avenue, Titirangi","EQC - 56 Minnehaha Avenue, Titirangi, Auckland, 0604, NZL",Vero Insurance New Zealand Limited,2023-03-31,AK,Philip Mathewson,174.635407,-36.95184,,False,
1501000.0633,1501000,1501000.0633,"EQC - 414 Scenic Drive, Waiatarua","EQC - 414 Scenic Drive, Waiatarua, Auckland, 0612, NZL",Vero Insurance New Zealand Limited,2023-03-31,AK,Philip Mathewson,174.581995,-36.940475,,False,
1501000.0634,1501000,1501000.0634,"EQC - 100 Sylvan Avenue, Northcote","EQC - 100 Sylvan Avenue, Northcote, Auckland, 0627, NZL",Vero Insurance New Zealand Limited,2023-04-03,AK,Philip Mathewson,174.753855,-36.807057,,False,
1501000.0635,1501000,1501000.0635,"EQC-15 St Lukes Crescent, Te Kuiti","EQC-15 St Lukes Crescent, Te Kuiti, Waikato, 3910, NZL",Vero Insurance New Zealand Limited,2023-04-04,HM,Ryan Tutbury,175.161088,-38.336461,,False,
1501000.0636,1501000,1501000.0636,"EQC - 22 Halldene Terrace, Red Beach","EQC - 22 Halldene Terrace, Red Beach, Auckland, 0932, NZL",AA Insurance Limited,2023-04-04,AK,Philip Mathewson,174.703031,-36.605438,,False,
1501000.0637,1501000,1501000.0637,"EQC - 78 Sylvan Avenue, Northcote","EQC - 78 Sylvan Avenue, Northcote, Auckland, 0627, NZL",AA Insurance Limited,2023-04-04,AK,Philip Mathewson,174.75397,-36.80806,,False,
1501000.0638,1501000,1501000.0638,"EQC - 52 Gladys Avenue, Glenfield","EQC - 52 Gladys Avenue, Glenfield, Auckland, 0629, NZL",AA Insurance Limited,2023-04-04,AK,Philip Mathewson,174.716071,-36.778611,,False,
1501000.0639,1501000,1501000.0639,"EQC - 1/162 Godley Road, Titirangi","EQC - 1/162 Godley Road, Titirangi, Auckland, 0604, NZL",AA Insurance Limited,2023-04-04,AK,Philip Mathewson,174.6669,-36.933389,,False,
1501000.0640,1501000,1501000.0640,"EQC - 1103 Huia Road, Huia","EQC - 1103 Huia Road, Huia, Auckland, 0604, NZL",AA Insurance Limited,2023-04-04,AK,Philip Mathewson,174.578203,-37.00433,,False,
1501000.0641,1501000,1501000.0641,"EQC - 6 West Glade Crescent, Birkenhead","EQC - 6 West Glade Crescent, Birkenhead, Auckland, 0626, NZL",Vero Insurance New Zealand Limited,2023-04-04,AK,Philip Mathewson,174.711664,-36.805552,,False,
1501000.0667,1501000,1501000.0667,EQC-2159A Tuakau Bridge-Port Waikato,"EQC-2159A Tuakau Bridge-Port Waikato Road, Port Waikato, Otaua, Waikato, 2695, NZL",Vero Insurance New Zealand Limited,2023-04-04,HM,Ryan Tutbury,174.752054,-37.374276,,False,
1501000.0642,1501000,1501000.0642,"EQC - 8 Oswald Street, Mangapapa, Gisbor","EQC - 8 Oswald Street, Mangapapa, Gisborne, 4010, NZL",AA Insurance Limited,2023-04-05,HM,Ryan Tutbury,178.022972,-38.649124,,False,
1501000.0643,1501000,1501000.0643,"EQC - 128 Manuka Street, Stokes Valley","EQC - 128 Manuka Street, Stokes Valley, Lower Hutt, Wellington, 5019, NZL",Vero Insurance New Zealand Limited,2023-04-05,WN,Shirley Wang,174.990436,-41.185831,Lower Hutt City,True,
1501000.0644,1501000,1501000.0644,"EQC - 23 Derwent Crescent, Titirangi","EQC - 23 Derwent Crescent, Titirangi, Auckland, 0604, NZL",AA Insurance Limited,2023-04-05,AK,Philip Mathewson,174.659273,-36.925196,,False,
1501000.0645,1501000,1501000.0645,"EQC - 83A Rockfield Road, Penrose","EQC - 83A Rockfield Road, Penrose, Auckland, 1061, NZL",AA Insurance Limited,2023-04-06,AK,Philip Mathewson,174.804632,-36.907577,,False,
1501000.0646,1501000,1501000.0646,"EQC - 3 Manners Court, Whataupoko, Gisbo","EQC - 3 Manners Court, Whataupoko, Gisborne, 4010, NZL",Vero Insurance New Zealand Limited,2023-04-12,HM,Ryan Tutbury,178.036369,-38.660225,,False,
1501000.0647,1501000,1501000.0647,"EQC - 2/8 Tagor Street, Glen Eden","EQC - 2/8 Tagor Street, Glen Eden, Auckland, 0602, NZL",Vero Insurance New Zealand Limited,2023-04-13,AK,Philip Mathewson,174.643875,-36.922073,,False,
1501000.0648,1501000,1501000.0648,"EQC - 47 Waima Crescent, Titirangi","EQC - 47 Waima Crescent, Titirangi, Auckland, 0604, NZL",Vero Insurance New Zealand Limited,2023-04-13,AK,Philip Mathewson,174.633143,-36.938097,,False,
1501000.0649,1501000,1501000.0649,"EQC - 45 Huia Road, Titirangi","EQC - 45 Huia Road, Titirangi, Auckland, 0604, NZL",Vero Insurance New Zealand Limited,2023-04-13,AK,Philip Mathewson,174.649859,-36.942659,,False,
1501000.0650,1501000,1501000.0650,"EQC - 96 Takahe Road, Titirangi","EQC - 96 Takahe Road, Titirangi, Auckland, 0604, NZL",Vero Insurance New Zealand Limited,2023-04-13,AK,Philip Mathewson,174.668504,-36.938214,,False,
1501000.0651,1501000,1501000.0651,"EQC - 38 Whangaripo Valley Rd, Wellsford","EQC - 38 Whangaripo Valley Rd, Wellsford, 0900, NZL",Vero Insurance New Zealand Limited,2023-04-13,AK,Philip Mathewson,174.540395,-36.295058,,False,
1501000.0652,1501000,1501000.0652,"EQC - 66 Mick Dillon Road, Kaukapakapa","EQC - 66 Mick Dillon Road, Kaukapakapa, Auckland, 0873, NZL",AA Insurance Limited,2023-04-13,AK,Philip Mathewson,174.536075,-36.54007,,False,
1501000.0653,1501000,1501000.0653,"EQC - 414A Hillsborough Rd, Mount Roskil","EQC - 414A Hillsborough Rd, Mount Roskill, Auckland, 1041, NZL",AA Insurance Limited,2023-04-13,AK,Philip Mathewson,174.734292,-36.931315,,False,
1501000.0654,1501000,1501000.0654,"EQC - 2 Mayfair Crescent, Mairangi Bay","EQC - 2 Mayfair Crescent, Mairangi Bay, Auckland, 0630, NZL",AA Insurance Limited,2023-04-13,AK,Philip Mathewson,174.749152,-36.741651,,False,
1501000.0655,1501000,1501000.0655,"EQC - 33 Georgia Lane, Kamo, Whangarei","EQC - 33 Georgia Lane, Kamo, Whangarei, Northland, 0176, NZL",Vero Insurance New Zealand Limited,2023-04-13,AK,Philip Mathewson,174.286561,-35.677644,,False,
1501000.0656,1501000,1501000.0656,"EQC - 24 Becroft Drive, Forrest Hill","EQC - 24 Becroft Drive, Forrest Hill, Auckland, 0620, NZL",AA Insurance Limited,2023-04-19,AK,Philip Mathewson,174.744339,-36.76798,,False,
1501000.0657,1501000,1501000.0657,"EQC - 5A Glenbush Pl, Birkenhead","EQC - 5A Glenbush Pl, Birkenhead, Auckland, 0626, NZL",Vero Insurance New Zealand Limited,2023-04-19,AK,Philip Mathewson,174.717988,-36.809379,,False,
1501000.0658,1501000,1501000.0658,"EQC - 51 Oaia Road, Muriwai, Auckland","EQC - 51 Oaia Road, Muriwai, Auckland, 0881, NZL",Vero Insurance New Zealand Limited,2023-04-20,AK,Philip Mathewson,174.442125,-36.823104,,False,
1501000.0659,1501000,1501000.0659,"EQC - 114 Domain Crescent, Muriwai","EQC - 114 Domain Crescent, Muriwai, Auckland, 0881, NZL",AA Insurance Limited,2023-04-21,AK,Philip Mathewson,174.436493,-36.826743,,False,
1501000.0660,1501000,1501000.0660,"EQC - 73 Sunnyvale Road, Massey","EQC - 73 Sunnyvale Road, Massey, Auckland, 0614, NZL",Vero Insurance New Zealand Limited,2023-04-21,AK,Philip Mathewson,174.580481,-36.84212,,False,
1501000.0661,1501000,1501000.0661,"EQC - 30 Tawariki Street, Ponsonby","EQC - 30 Tawariki Street, Ponsonby, Auckland, 1021, NZL",Vero Insurance New Zealand Limited,2023-04-21,AK,Philip Mathewson,174.735125,-36.852095,,False,
1501000.0662,1501000,1501000.0662,"EQC - 1268 Whangaparaoa Rd, Gulf Harbour","EQC - 1268 Whangaparaoa Rd, Gulf Harbour, Whangaparaoa, Auckland, 0930, NZL",AA Insurance Limited,2023-04-21,AK,Philip Mathewson,174.78804,-36.605008,,False,
1501000.0663,1501000,1501000.0663,"EQC - 30 Fairfax Avenue, Northcote","EQC - 30 Fairfax Avenue, Northcote, Auckland, 0627, NZL",AA Insurance Limited,2023-04-21,AK,Philip Mathewson,174.736678,-36.813216,,False,
1501000.0665,1501000,1501000.0665,"EQC - 8 Domain Crescent, Muriwai","EQC - 8 Domain Crescent, Muriwai, Auckland, 0881, NZL",AA Insurance Limited,2023-04-26,AK,Philip Mathewson,174.432776,-36.827972,,False,
1501000.0666,1501000,1501000.0666,"EQC - 5B The Promenade, Coatesville","EQC - 5B The Promenade, Coatesville, Auckland, 0793, NZL",Vero Insurance New Zealand Limited,2023-04-26,AK,Philip Mathewson,174.659852,-36.731497,,False,
1501000.0668,1501000,1501000.0668,EQC - 1/971 Whangaparaoa Road,"EQC - 1/971 Whangaparaoa Road, Tindalls Beach, Whangaparaoa, Auckland, 0930, NZL",AA Insurance Limited,2023-04-27,AK,Philip Mathewson,174.769844,-36.628105,,False,
1501000.0669,1501000,1501000.0669,"EQC - 312 Huia Road, Titirangi","EQC - 312 Huia Road, Titirangi, Auckland, 0604, NZL",AA Insurance Limited,2023-04-28,AK,Philip Mathewson,174.628868,-36.948727,,False,
1501000.0670,1501000,1501000.0670,"EQC - 60 St Leonards Road, Mount Eden","EQC - 60 St Leonards Road, Mount Eden, Auckland, 1024, NZL",AA Insurance Limited,2023-04-28,AK,Philip Mathewson,174.763261,-36.896218,,False,
1501000.0671,1501000,1501000.0671,"EQC - 22A Rawhiti Road, Manly","EQC - 22A Rawhiti Road, Manly, Whangaparaoa, Auckland, 0930, NZL",AA Insurance Limited,2023-04-28,AK,Philip Mathewson,174.759772,-36.634053,,False,
1501000.0672,1501000,1501000.0672,"EQC - 297 Forest Hill Road, Waiatarua","EQC - 297 Forest Hill Road, Waiatarua, Auckland, 0612, NZL",Vero Insurance New Zealand Limited,2023-04-28,AK,Philip Mathewson,174.582256,-36.923912,,False,
1501000.0673,1501000,1501000.0673,"EQC - 57B Herdman Street, Waterview","EQC - 57B Herdman Street, Waterview, Auckland, 1026, NZL",Medical Insurance Society Limited,2023-04-29,AK,Philip Mathewson,174.700127,-36.873665,,False,
1501000.0674,1501000,1501000.0674,"EQC - 57 Herdman Street, Waterview","EQC - 57 Herdman Street, Waterview, Auckland, 1026, NZL",Medical Insurance Society Limited,2023-04-29,AK,Philip Mathewson,174.699942,-36.873776,,False,
1501000.0675,1501000,1501000.0675,"EQC - 55 Screen Road, Coatesville","EQC - 55 Screen Road, Coatesville, Auckland, 0793, NZL",Vero Insurance New Zealand Limited,2023-04-29,AK,Philip Mathewson,174.651304,-36.708727,,False,
1501000.0676,1501000,1501000.0676,"EQC - 24 Western Road, Laingholm","EQC - 24 Western Road, Laingholm, Auckland, 0604, NZL",Vero Insurance New Zealand Limited,2023-05-02,AK,Philip Mathewson,174.63725,-36.967401,,False,
1501000.0677,1501000,1501000.0677,"EQC - 5 Lookout Drive, Laingholm","EQC - 5 Lookout Drive, Laingholm, Auckland, 0604, NZL",Vero Insurance New Zealand Limited,2023-05-02,AK,Philip Mathewson,174.627229,-36.963604,,False,
1501000.0678,1501000,1501000.0678,"EQC - 33 Tizard Road, Birkenhead","EQC - 33 Tizard Road, Birkenhead, Auckland, 0626, NZL",Vero Insurance New Zealand Limited,2023-05-02,AK,Philip Mathewson,174.730843,-36.819228,,False,
1501000.0679,1501000,1501000.0679,EQC - 97B Shelly Beach Rd,"EQC - 97B Shelly Beach Rd, Saint Marys Bay, Auckland, 1011, NZL",AA Insurance Limited,2023-05-02,AK,Philip Mathewson,174.743539,-36.840337,,False,
1501000.0680,1501000,1501000.0680,"EQC - 15 Milan Drive, Glen Eden","EQC - 15 Milan Drive, Glen Eden, Auckland, 0602, NZL",AA Insurance Limited,2023-05-03,AK,Philip Mathewson,174.630024,-36.911434,,False,
1501000.0681,1501000,1501000.0681,"EQC - 3 Nectar Avenue, Glen Eden","EQC - 3 Nectar Avenue, Glen Eden, Auckland, 0602, NZL",AA Insurance Limited,2023-05-03,AK,Philip Mathewson,174.629813,-36.911507,,False,
1501000.0682,1501000,1501000.0682,"EQC - 67 Victory Road, Laingholm","EQC - 67 Victory Road, Laingholm, Auckland, 0604, NZL",AA Insurance Limited,2023-05-03,AK,Philip Mathewson,174.626953,-36.963164,,False,
1501000.0683,1501000,1501000.0683,"EQC - 123 Cable Road, Waimauku","EQC - 123 Cable Road, Waimauku, Auckland, 0881, NZL",AA Insurance Limited,2023-05-03,AK,Philip Mathewson,174.483673,-36.798651,,False,
1501000.0684,1501000,1501000.0684,"EQC - 11 Laingfield Terrace, Laingholm","EQC - 11 Laingfield Terrace, Laingholm, Auckland, 0604, NZL",Vero Insurance New Zealand Limited,2023-05-03,AK,Philip Mathewson,174.627734,-36.959426,,False,
1501000.0685,1501000,1501000.0685,"EQC - 31A Norwood Road, Bayswater","EQC - 31A Norwood Road, Bayswater, Auckland, 0622, NZL",Vero Insurance New Zealand Limited,2023-05-03,AK,Philip Mathewson,174.772875,-36.816803,,False,
1501000.0686,1501000,1501000.0686,"EQC - 47 Sylvan Valley Avenue, Titirangi","EQC - 47 Sylvan Valley Avenue, Titirangi, Auckland, 0604, NZL",Vero Insurance New Zealand Limited,2023-05-03,AK,Philip Mathewson,174.633837,-36.948588,,False,
1501000.0687,1501000,1501000.0687,"EQC - 62 Red Hills Road, Massey","EQC - 62 Red Hills Road, Massey, Auckland, 0614, NZL",Vero Insurance New Zealand Limited,2023-05-03,AK,Philip Mathewson,174.584489,-36.83849,,False,
1501000.0688,1501000,1501000.0688,"EQC - 110B Mulhern Road, Judgeford, WGTN","EQC - 110B Mulhern Road, Judgeford, Porirua, Wellington, 5381, NZL",AA Insurance Limited,2023-05-04,WN,Shirley Wang,174.950415,-41.109611,Porirua City,True,
1501000.0689,1501000,1501000.0689,"EQC - 15 Norwood Road, Bayswater","EQC - 15 Norwood Road, Bayswater, Auckland, 0622, NZL",Vero Insurance New Zealand Limited,2023-05-05,AK,Philip Mathewson,174.771151,-36.817325,,False,
1501000.0690,1501000,1501000.0690,EQC - 53A Stanley Point Rd,"EQC - 53A Stanley Point Rd, Stanley Point, Auckland, 0624, NZL",Vero Insurance New Zealand Limited,2023-05-05,AK,Philip Mathewson,174.775944,-36.828267,,False,
1501000.0691,1501000,1501000.0691,"EQC - 2/42 Wingate Street, Avondale","EQC - 2/42 Wingate Street, Avondale, Auckland, 0600, NZL",Vero Insurance New Zealand Limited,2023-05-05,AK,Philip Mathewson,174.692021,-36.901066,,False,
1501000.0692,1501000,1501000.0692,"EQC - 60 Waitea Road, Muriwai","EQC - 60 Waitea Road, Muriwai, Auckland, 0881, NZL",Vero Insurance New Zealand Limited,2023-05-05,AK,Philip Mathewson,174.429458,-36.835066,,False,
1501000.0693,1501000,1501000.0693,"EQC - 92 Domain Crescent, Muriwai","EQC - 92 Domain Crescent, Muriwai, Auckland, 0881, NZL",Vero Insurance New Zealand Limited,2023-05-05,AK,Philip Mathewson,174.435062,-36.825963,,False,
1501000.0694,1501000,1501000.0694,"EQC - 127 Victory Road, Laingholm","EQC - 127 Victory Road, Laingholm, Auckland, 0604, NZL",AA Insurance Limited,2023-05-05,AK,Philip Mathewson,174.631093,-36.967462,,False,
1501000.0695,1501000,1501000.0695,"EQC - 19 Mangapapa Road, Mangapapa, Gisb","EQC - 19 Mangapapa Road, Mangapapa, Gisborne, 4010, NZL",Vero Insurance New Zealand Limited,2023-05-08,HM,Ryan Tutbury,178.02252,-38.64893,,False,
1501000.0696,1501000,1501000.0696,"EQC-31 Mangarino Street, Te Kuiti","EQC-31 Mangarino Street, Te Kuiti, Waikato, 3910, NZL",AA Insurance Limited,2023-05-09,HM,Ryan Tutbury,175.166385,-38.327008,,False,
1501000.0697,1501000,1501000.0697,"EQC-2171 River Road, Horsham Downs","EQC-2171 River Road, Horsham Downs, Glen Massey, Waikato, 3281, NZL",Vero Insurance New Zealand Limited,2023-05-09,HM,Ryan Tutbury,175.2182,-37.702876,,False,
1501000.0698,1501000,1501000.0698,EQC - 202 Kahikatea Flat Road,"EQC - 202 Kahikatea Flat Road, Dairy Flat, Auckland, 0794, NZL",Vero Insurance New Zealand Limited,2023-05-09,AK,Philip Mathewson,174.625955,-36.636893,,False,
1501000.0699,1501000,1501000.0699,"EQC - 1 Mason Rise, Tairua, Waikato, 350","EQC - 1 Mason Rise, Tairua, Waikato, 3508, NZL",Vero Insurance New Zealand Limited,2023-05-10,HM,Ryan Tutbury,175.84818,-36.993958,,False,
1501000.0700,1501000,1501000.0700,"EQC - 7 O'Connell Place, Havelock North,","EQC - 7 O'Connell Place, Havelock North, Hawke's Bay, 4130, NZL #HBEQC",AA Insurance Limited,2023-05-11,HM,Ryan Tutbury,176.874051,-39.671831,,False,
1501000.0701,1501000,1501000.0701,"EQC - 325 Duck Creek Road, Stillwater","EQC - 325 Duck Creek Road, Stillwater, Silverdale, Auckland, 0993, NZL",Vero Insurance New Zealand Limited,2023-05-11,AK,Philip Mathewson,174.70453,-36.637136,,False,
1501000.0702,1501000,1501000.0702,"EQC - 69 Oaia Road, Muriwai","EQC - 69 Oaia Road, Muriwai, Auckland, 0881, NZL",Vero Insurance New Zealand Limited,2023-05-11,AK,Philip Mathewson,174.44173,-36.823526,,False,
1501000.0703,1501000,1501000.0703,"EQC - 33 Marae Road, Greenhithe","EQC - 33 Marae Road, Greenhithe, Auckland, 0632, NZL",Vero Insurance New Zealand Limited,2023-05-11,AK,Philip Mathewson,174.666108,-36.778971,,False,
1501000.0704,1501000,1501000.0704,"EQC - 3 Foley Quarry Road, Dairy Flat","EQC - 3 Foley Quarry Road, Dairy Flat, Auckland, 0792, NZL",AA Insurance Limited,2023-05-11,AK,Philip Mathewson,174.667507,-36.706344,,False,
1501000.0705,1501000,1501000.0705,"EQC - 5 Oswald Street, Mangapapa, Gisbor","EQC - 5 Oswald Street, Mangapapa, Gisborne, 4010, NZL",Vero Insurance New Zealand Limited,2023-05-11,HM,Ryan Tutbury,178.023469,-38.648685,,False,
1501000.0706,1501000,1501000.0706,"EQC - 9 Selwyn Street, Tauranga, Bay of","EQC - 9 Selwyn Street, Tauranga, Bay of Plenty, 3110, NZL",Vero Insurance New Zealand Limited,2023-05-12,HM,Ryan Tutbury,176.164323,-37.683999,,False,
1501000.0707,1501000,1501000.0707,"EQC - 151 Oaia Road, Muriwai","EQC - 151 Oaia Road, Muriwai, Auckland, 0881, NZL",Vero Insurance New Zealand Limited,2023-05-12,AK,Philip Mathewson,174.438848,-36.825772,,False,
1501000.0708,1501000,1501000.0708,"EQC - 98A Tender Rd, Dairy Flat","EQC - 98A Tender Rd, Dairy Flat, Auckland, 0794, NZL",Vero Insurance New Zealand Limited,2023-05-12,AK,Philip Mathewson,174.607069,-36.662738,,False,
1501000.0709,1501000,1501000.0709,"EQC - 195 Rapson Road, Kaukapakapa","EQC - 195 Rapson Road, Kaukapakapa, Auckland, 0871, NZL",Vero Insurance New Zealand Limited,2023-05-12,AK,Philip Mathewson,174.534055,-36.621324,,False,
1501000.0710,1501000,1501000.0710,"EQC - 5 Karekare Road, Karekare","EQC - 5 Karekare Road, Karekare, Auckland, 0772, NZL",Vero Insurance New Zealand Limited,2023-05-12,AK,Philip Mathewson,174.480744,-36.98623,,False,
1501000.0711,1501000,1501000.0711,"EQC - 8 Fairhaven Walk, Wade Heads","EQC - 8 Fairhaven Walk, Wade Heads, Whangaparaoa, Auckland, 0932, NZL",Vero Insurance New Zealand Limited,2023-05-12,AK,Philip Mathewson,174.728227,-36.63892,,False,
1501000.0712,1501000,1501000.0712,"EQC - 71 Domain Crescent, Muriwai","EQC - 71 Domain Crescent, Muriwai, Auckland, 0881, NZL",AA Insurance Limited,2023-05-12,AK,Philip Mathewson,174.433433,-36.829044,,False,
1501000.0713,1501000,1501000.0713,"EQC - 8 Serrata Place, Browns Bay","EQC - 8 Serrata Place, Browns Bay, Auckland, 0630, NZL",AA Insurance Limited,2023-05-12,AK,Philip Mathewson,174.728282,-36.726259,,False,
1501000.0714,1501000,1501000.0714,"EQC - 14B Tiri Road, Oneroa","EQC - 14B Tiri Road, Oneroa, Waiheke Island, Auckland, 1081, NZL",AA Insurance Limited,2023-05-12,AK,Philip Mathewson,175.005574,-36.780388,,False,
1501000.0715,1501000,1501000.0715,"EQC - 20B Sea View Road, Ostend","EQC - 20B Sea View Road, Ostend, Waiheke Island, Auckland, 1081, NZL",Vero Insurance New Zealand Limited,2023-05-12,AK,Philip Mathewson,175.050491,-36.793071,,False,
1501000.0716,1501000,1501000.0716,"EQC - 8 Piha Road, Piha","EQC - 8 Piha Road, Piha, Auckland, 0772, NZL",AA Insurance Limited,2023-05-14,AK,Philip Mathewson,174.480379,-36.957392,,False,
1501000.0717,1501000,1501000.0717,"EQC - 7 Whakapirau Road, Maraekakaho, Ha","EQC - 7 Whakapirau Road, Maraekakaho, Hawke's Bay, 4174, NZL #HBEQC",Vero Insurance New Zealand Limited,2023-05-15,HM,Ryan Tutbury,176.616052,-39.653783,,False,
1501000.0718,1501000,1501000.0718,"EQC-80 Kaiuru Avenue, Pukawa Bay, Omori","EQC-80 Kaiuru Avenue, Pukawa Bay, Omori, Waikato, 3381, NZL",Vero Insurance New Zealand Limited,2023-05-15,HM,Ryan Tutbury,175.753898,-38.912745,,False,
1501000.0719,1501000,1501000.0719,"EQC - Lot 4 DP 3037, Kaipapa Bay","EQC - Lot 4 DP 3037, Kaipapa Bay, Marlborough, NZL",Vero Insurance New Zealand Limited,2023-05-16,HM,Hannah Udell,174.077723,-41.227501,,False,
1501000.0720,1501000,1501000.0720,EQC - 1268B Whangaparaoa Road,"EQC - 1268B Whangaparaoa Road, Gulf Harbour, Whangaparaoa, Auckland, 0930, NZL",Vero Insurance New Zealand Limited,2023-05-16,AK,Philip Mathewson,174.788271,-36.604979,,False,
1501000.0721,1501000,1501000.0721,"EQC - 20 Woodside Avenue, Northcote","EQC - 20 Woodside Avenue, Northcote, Auckland, 0627, NZL",Vero Insurance New Zealand Limited,2023-05-16,AK,Philip Mathewson,174.740241,-36.809249,,False,
1501000.0722,1501000,1501000.0722,"EQC - 39 McCallum Drive, Sandspit","EQC - 39 McCallum Drive, Sandspit, Auckland, 0982, NZL",Vero Insurance New Zealand Limited,2023-05-16,AK,Philip Mathewson,174.720836,-36.398042,,False,
1501000.0723,1501000,1501000.0723,"EQC - 21 Woodlands Crescent, Browns Bay","EQC - 21 Woodlands Crescent, Browns Bay, Auckland, 0630, NZL",Vero Insurance New Zealand Limited,2023-05-16,AK,Philip Mathewson,174.739818,-36.714599,,False,
1501000.0724,1501000,1501000.0724,"EQC - 5 Hall Lane, Kaipara Flats","EQC - 5 Hall Lane, Kaipara Flats, Auckland, 0981, NZL",Vero Insurance New Zealand Limited,2023-05-16,AK,Philip Mathewson,174.548345,-36.401748,,False,
1501000.0725,1501000,1501000.0725,"EQC - 31 Blomfield Court, Mangawhai","EQC - 31 Blomfield Court, Mangawhai, Northland, 0975, NZL",Vero Insurance New Zealand Limited,2023-05-16,AK,Philip Mathewson,174.559504,-36.154003,,False,
1501000.0726,1501000,1501000.0726,"EQC - 28 Christian Road, Swanson","EQC - 28 Christian Road, Swanson, Auckland, 0614, NZL",Vero Insurance New Zealand Limited,2023-05-16,AK,Philip Mathewson,174.575434,-36.871805,,False,
1501000.0727,1501000,1501000.0727,"EQC - 256 Motutara Road, Muriwai","EQC - 256 Motutara Road, Muriwai, Auckland, 0881, NZL",Vero Insurance New Zealand Limited,2023-05-16,AK,Philip Mathewson,174.435921,-36.825403,,False,
1501000.0728,1501000,1501000.0728,"EQC - 1231 Hetherington Road, Ruawaro,","EQC - 1231 Hetherington Road, Ruawaro, Huntly, Waikato, 3772, NZL",Vero Insurance New Zealand Limited,2023-05-16,HM,Ryan Tutbury,175.039508,-37.536171,,False,
1501000.0729,1501000,1501000.0729,"EQC - 3A Camelia Lane, Whakatane, Bay of","EQC - 3A Camelia Lane, Whakatane, Bay of Plenty, 3120, NZL",Vero Insurance New Zealand Limited,2023-05-16,HM,Ryan Tutbury,176.99736138700007,-37.95897561099997,,False,
1501000.0730,1501000,1501000.0730,"EQC - 6J Ainsworth Road, Minden, Taurang","EQC - 6J Ainsworth Road, Minden, Tauranga, 3179, NZL",AA Insurance Limited,2023-05-16,HM,Ryan Tutbury,176.056667,-37.703115,,False,
1501000.0731,1501000,1501000.0731,"EQC - 1706A Parikanapa Road, Tiniroto, M","EQC - 1706A Parikanapa Road, Tiniroto, Manutuke, Gisborne, 4078, NZL",Vero Insurance New Zealand Limited,2023-05-16,HM,Ryan Tutbury,177.647155,-38.77395,,False,
1501000.0732,1501000,1501000.0732,"EQC - 107F Grange Road, Hahei, Waikato,","EQC - 107F Grange Road, Hahei, Waikato, 3591, NZL",AA Insurance Limited,2023-05-16,HM,Ryan Tutbury,175.799281,-36.83541,,False,
1501000.0733,1501000,1501000.0733,"EQC - 401 Clifford Street, Mangapapa, Gi","EQC - 401 Clifford Street, Mangapapa, Gisborne, 4010, NZL",Vero Insurance New Zealand Limited,2023-05-16,HM,Ryan Tutbury,178.021964,-38.649721,,False,
1501000.0734,1501000,1501000.0734,"EQC - 62 Seaview Road, Piha","EQC - 62 Seaview Road, Piha, Auckland, 0772, NZL",Vero Insurance New Zealand Limited,2023-05-16,AK,Philip Mathewson,174.474709,-36.956029,,False,
1501000.0735,1501000,1501000.0735,"EQC - 29 Lookout Drive, Laingholm","EQC - 29 Lookout Drive, Laingholm, Auckland, 0604, NZL",Vero Insurance New Zealand Limited,2023-05-16,AK,Philip Mathewson,174.629338,-36.964976,,False,
1501000.0736,1501000,1501000.0736,"EQC - 961 East Coast Road, Torbay","EQC - 961 East Coast Road, Torbay, Auckland, 0630, NZL",Vero Insurance New Zealand Limited,2023-05-16,AK,Philip Mathewson,174.722792,-36.703482,,False,
1501000.0737,1501000,1501000.0737,"EQC - 227 Leigh Road, Leigh, Ti Point","EQC - 227 Leigh Road, Leigh, Ti Point, Auckland, 0985, NZL",Vero Insurance New Zealand Limited,2023-05-16,AK,Philip Mathewson,174.791413,-36.302867,,False,
1501000.0738,1501000,1501000.0738,"EQC - 526 Dairy Flat Highway, Dairy Flat","EQC - 526 Dairy Flat Highway, Dairy Flat, Auckland, 0792, NZL",Vero Insurance New Zealand Limited,2023-05-16,AK,Philip Mathewson,174.670845,-36.71132,,False,
1501000.0739,1501000,1501000.0739,"EQC - 61 Otitori Bay Road, Titirangi","EQC - 61 Otitori Bay Road, Titirangi, Auckland, 0604, NZL",Vero Insurance New Zealand Limited,2023-05-16,AK,Philip Mathewson,174.663412,-36.94669,,False,
1501000.0822,1501000,1501000.0822,EQC - 173 Onewhero-Tuakau Bridge Road,"EQC - 173 Onewhero-Tuakau Bridge Road, Onewhero, Pukekawa, Waikato, 2697, NZL",Vero Insurance New Zealand Limited,2023-05-16,HM,Ryan Tutbury,174.941466,-37.305096,,False,
1501000.1101,1501000,1501000.1101,"EQC - 1133C River Road, Flagstaff","EQC - 1133C River Road, Flagstaff, Hamilton, Waikato, 3210, NZL",Vero Insurance New Zealand Limited,2023-05-16,HM,Ryan Tutbury,175.254577,-37.74185,,False,
1501000.0740,1501000,1501000.0740,"EQC - 3E Trout Pool Road, Okere Falls, B","EQC - 3E Trout Pool Road, Okere Falls, Bay of Plenty, 3074, NZL",Vero Insurance New Zealand Limited,2023-05-17,HM,Ryan Tutbury,176.343552,-38.015785,,False,
1501000.0741,1501000,1501000.0741,"EQC - 26B Opito Bay Road, Opito Bay, Cor","EQC - 26B Opito Bay Road, Opito Bay, Coromandel Forest Park, Waikato, 3592, NZL",AA Insurance Limited,2023-05-17,HM,Ryan Tutbury,175.803547,-36.721701,,False,
1501000.0742,1501000,1501000.0742,"EQC - 479G Upper Ohauiti Road, Ohauiti,","EQC - 479G Upper Ohauiti Road, Ohauiti, Oropi, Bay of Plenty, 3173, NZL",AA Insurance Limited,2023-05-17,HM,Ryan Tutbury,176.176876,-37.762972,,False,
1501000.0743,1501000,1501000.0743,"EQC - 820 Colville Road, Amodeo Bay, Cor","EQC - 820 Colville Road, Amodeo Bay, Coromandel Forest Park, Waikato, 3584, NZL",Vero Insurance New Zealand Limited,2023-05-17,HM,Ryan Tutbury,174.02188444000012,-41.284073888999956,,False,
1501000.0744,1501000,1501000.0744,"EQC - 820 Colville Road, Amodeo Bay, Cor","EQC - 820 Colville Road, Amodeo Bay, Coromandel Forest Park, Waikato, 3584, NZL",Vero Insurance New Zealand Limited,2023-05-17,HM,Ryan Tutbury,175.454772,-36.712328,,False,
1501000.0745,1501000,1501000.0745,"EQC - 20 Tokomaru Drive, Havelock North,","EQC - 20 Tokomaru Drive, Havelock North, Hawke's Bay, 4130, NZL #HBEQC",Vero Insurance New Zealand Limited,2023-05-17,HM,Ryan Tutbury,176.89411,-39.678098,,False,
1501000.0746,1501000,1501000.0746,"EQC - 103 Lone Kauri Road, Karekare","EQC - 103 Lone Kauri Road, Karekare, Piha, Auckland, 0772, NZL",AA Insurance Limited,2023-05-17,AK,Philip Mathewson,174.490069,-36.993893,,False,
1501000.0747,1501000,1501000.0747,"EQC - 2807 Tiniroto Road, Tiniroto, Manu","EQC - 2807 Tiniroto Road, Tiniroto, Manutuke, Gisborne, 4078, NZL",Vero Insurance New Zealand Limited,2023-05-17,HM,Ryan Tutbury,177.671943,-38.679309,,False,
1501000.0748,1501000,1501000.0748,"EQC - 14 McEldowney Road, Titirangi","EQC - 14 McEldowney Road, Titirangi, Auckland, 0604, NZL",AA Insurance Limited,2023-05-17,AK,Philip Mathewson,174.652951,-36.953655,,False,
1501000.0749,1501000,1501000.0749,"EQC - 119 Victoria Street, Thames, Waika","EQC - 119 Victoria Street, Thames, Waikato, 3500, NZL",AA Insurance Limited,2023-05-17,HM,Ryan Tutbury,175.525963,-37.110068,,False,
1501000.0750,1501000,1501000.0750,"EQC - 358 Forest Hill Road, Waiatarua","EQC - 358 Forest Hill Road, Waiatarua, Auckland, 0612, NZL",AA Insurance Limited,2023-05-17,AK,Philip Mathewson,174.581761,-36.929564,,False,
1501000.0751,1501000,1501000.0751,"EQC - 12A Oldham Place, Browns Bay","EQC - 12A Oldham Place, Browns Bay, Auckland, 0630, NZL",AA Insurance Limited,2023-05-17,AK,Philip Mathewson,174.739667,-36.71217,,False,
1501000.0752,1501000,1501000.0752,"EQC - 12B Jays Road, Titirangi","EQC - 12B Jays Road, Titirangi, Auckland, 0604, NZL",AA Insurance Limited,2023-05-17,AK,Philip Mathewson,174.626793,-36.944922,,False,
1501000.0753,1501000,1501000.0753,"EQC - 76 Carlisle Road, Browns Bay","EQC - 76 Carlisle Road, Browns Bay, Auckland, 0632, NZL",AA Insurance Limited,2023-05-17,AK,Philip Mathewson,174.738017,-36.710325,,False,
1501000.0754,1501000,1501000.0754,EQC - 690 South Titirangi Road,"EQC - 690 South Titirangi Road, Titirangi, Auckland, 0604, NZL",AA Insurance Limited,2023-05-17,AK,Philip Mathewson,174.651303,-36.953984,,False,
1501000.0755,1501000,1501000.0755,"EQC - 31 Olive Grove, Mangawhai","EQC - 31 Olive Grove, Mangawhai, Northland, 0573, NZL",AA Insurance Limited,2023-05-17,AK,Philip Mathewson,174.540631,-36.135034,,False,
1501000.0756,1501000,1501000.0756,"EQC - 158 Scenic Drive, Titirangi","EQC - 158 Scenic Drive, Titirangi, Auckland, 0604, NZL",AA Insurance Limited,2023-05-17,AK,Philip Mathewson,174.631312,-36.938,,False,
1501000.0757,1501000,1501000.0757,"EQC - 362 King Rd, Mangawhai","EQC - 362 King Rd, Mangawhai, 0573, NZL",AA Insurance Limited,2023-05-17,AK,Philip Mathewson,174.533162,-36.088455,,False,
1501000.0758,1501000,1501000.0758,"EQC - 91 John Downs Drive, Browns Bay","EQC - 91 John Downs Drive, Browns Bay, Auckland, 0630, NZL",AA Insurance Limited,2023-05-17,AK,Philip Mathewson,174.727482,-36.716992,,False,
1501000.0759,1501000,1501000.0759,"EQC - 276 O'Carroll Road, Maungakaramea","EQC - 276 O'Carroll Road, Maungakaramea, Northland, 0178, NZL",AA Insurance Limited,2023-05-17,AK,Philip Mathewson,174.170405,-35.863227,,False,
1501000.0760,1501000,1501000.0760,"EQC - 147 Waller Road, Mauku, Waiuku","EQC - 147 Waller Road, Mauku, Waiuku, Waikato, 2678, NZL",AA Insurance Limited,2023-05-17,AK,Philip Mathewson,174.828603,-37.23829,,False,
1501000.0761,1501000,1501000.0761,"EQC - 99 Barrys Road, Glendene","EQC - 99 Barrys Road, Glendene, Auckland, 0602, NZL",AA Insurance Limited,2023-05-17,AK,Philip Mathewson,174.652951,-36.888462,,False,
1501000.0762,1501000,1501000.0762,"EQC - 124 Cornwallis Road, Cornwallis","EQC - 124 Cornwallis Road, Cornwallis, Auckland, 0604, NZL",AA Insurance Limited,2023-05-18,AK,Philip Mathewson,174.605157,-37.013328,,False,
1501000.0763,1501000,1501000.0763,"EQC - 727 Harrisville Road, Pukekohe","EQC - 727 Harrisville Road, Pukekohe, Waikato, 2677, NZL",AA Insurance Limited,2023-05-18,AK,Philip Mathewson,174.94993,-37.20117,,False,
1501000.0764,1501000,1501000.0764,"EQC - 6 Cherry Place, Waiuku","EQC - 6 Cherry Place, Waiuku, Auckland, 2123, NZL",AA Insurance Limited,2023-05-18,AK,Philip Mathewson,174.734024,-37.236493,,False,
1501000.0765,1501000,1501000.0765,"EQC - 120 Otitori Bay Road, Titirangi","EQC - 120 Otitori Bay Road, Titirangi, Auckland, 0604, NZL",AA Insurance Limited,2023-05-18,AK,Philip Mathewson,174.665308,-36.948054,,False,
1501000.0766,1501000,1501000.0766,"EQC - 75 Matija Place, Red Beach","EQC - 75 Matija Place, Red Beach, Auckland, 0932, NZL",AA Insurance Limited,2023-05-18,AK,Philip Mathewson,174.686249,-36.604253,,False,
1501000.0767,1501000,1501000.0767,"EQC - 521 Upper Waiwera Road, Puhoi","EQC - 521 Upper Waiwera Road, Puhoi, Auckland, 0994, NZL",AA Insurance Limited,2023-05-18,AK,Philip Mathewson,174.606338,-36.556775,,False,
1501000.0768,1501000,1501000.0768,"EQC - 53 Lloyd Drive, Wainui","EQC - 53 Lloyd Drive, Wainui, Auckland, 0994, NZL",AA Insurance Limited,2023-05-18,AK,Philip Mathewson,174.603229,-36.591033,,False,
1501000.0769,1501000,1501000.0769,"EQC - 87B Zanders Road, Helensville","EQC - 87B Zanders Road, Helensville, Auckland, 0882, NZL",AA Insurance Limited,2023-05-18,AK,Philip Mathewson,174.540402,-36.710675,,False,
1501000.0770,1501000,1501000.0770,"EQC - 46 Seine Road, Forrest Hill","EQC - 46 Seine Road, Forrest Hill, Auckland, 0620, NZL",AA Insurance Limited,2023-05-18,AK,Philip Mathewson,174.749641,-36.768649,,False,
1501000.0771,1501000,1501000.0771,"EQC - 39 Karekare Road, Karekare","EQC - 39 Karekare Road, Karekare, Auckland, 0772, NZL",AA Insurance Limited,2023-05-18,AK,Philip Mathewson,174.47987,-36.982225,,False,
1501000.0772,1501000,1501000.0772,"EQC - 37 Karekare Road, Karekare","EQC - 37 Karekare Road, Karekare, Auckland, 0772, NZL",AA Insurance Limited,2023-05-18,AK,Philip Mathewson,174.479866,-36.982416,,False,
1501000.0773,1501000,1501000.0773,EQC - 112 Albany Heights Road,"EQC - 112 Albany Heights Road, Albany Heights, Auckland, 0792, NZL",Vero Insurance New Zealand Limited,2023-05-18,AK,Philip Mathewson,174.683032,-36.71126,,False,
1501000.0774,1501000,1501000.0774,"EQC - 83 Piha Road, Piha","EQC - 83 Piha Road, Piha, Auckland, 0772, NZL",Vero Insurance New Zealand Limited,2023-05-18,AK,Philip Mathewson,174.473395,-36.962399,,False,
1501000.0775,1501000,1501000.0775,"EQC - 46 Beach Valley Road, Piha","EQC - 46 Beach Valley Road, Piha, Auckland, 0772, NZL",Vero Insurance New Zealand Limited,2023-05-19,AK,Philip Mathewson,174.471408,-36.957722,,False,
1501000.0776,1501000,1501000.0776,"EQC - 20 Takahe Road, Titirangi","EQC - 20 Takahe Road, Titirangi, Auckland, 0604, NZL",AA Insurance Limited,2023-05-19,AK,Philip Mathewson,174.664401,-36.941556,,False,
1501000.0777,1501000,1501000.0777,"EQC - 22 Glenelg Road, Red Beach","EQC - 22 Glenelg Road, Red Beach, Auckland, 0932, NZL",Vero Insurance New Zealand Limited,2023-05-19,AK,Philip Mathewson,174.712915,-36.611162,,False,
1501000.0778,1501000,1501000.0778,"EQC - 101 North Cove, Kawau Island","EQC - 101 North Cove, Kawau Island, Auckland, NZL",AA Insurance Limited,2023-05-20,AK,Philip Mathewson,174.830198,-36.405923,,False,
1501000.0779,1501000,1501000.0779,"EQC - 39B York Rd, Titirangi, Auckland","EQC - 39B York Rd, Titirangi, Auckland, 0604, NZL",AA Insurance Limited,2023-05-20,AK,Philip Mathewson,174.635299,-36.943153,,False,
1501000.0780,1501000,1501000.0780,"EQC - 116 Carlisle Road, Browns Bay","EQC - 116 Carlisle Road, Browns Bay, Auckland, 0632, NZL",Vero Insurance New Zealand Limited,2023-05-21,AK,Philip Mathewson,174.734622,-36.71033,,False,
1501000.0781,1501000,1501000.0781,"EQC - 324B Swanson Road, Henderson","EQC - 324B Swanson Road, Henderson, Auckland, 0610, NZL",Vero Insurance New Zealand Limited,2023-05-21,AK,Philip Mathewson,174.610772,-36.861692,,False,
1501000.0782,1501000,1501000.0782,"EQC - 23 Woodlands Crescent, Browns Bay","EQC - 23 Woodlands Crescent, Browns Bay, Auckland, 0630, NZL",Vero Insurance New Zealand Limited,2023-05-21,AK,Philip Mathewson,174.739409,-36.714661,,False,
1501000.0783,1501000,1501000.0783,"EQC - 290 Thames Coast Road, Thornton Ba","EQC - 290 Thames Coast Road, Thornton Bay, Thornton Bay-Ngarimu Bay, Waikato, 3575, NZL",Vero Insurance New Zealand Limited,2023-05-23,HM,Ryan Tutbury,175.522605,-37.065762,,False,
1501000.0784,1501000,1501000.0784,"EQC - 100A Parawai Road, Thames, Waikato","EQC - 100A Parawai Road, Thames, Waikato, 3500, NZL",Vero Insurance New Zealand Limited,2023-05-23,HM,Ryan Tutbury,175.553051,-37.145009,,False,
1501000.0785,1501000,1501000.0785,"EQC - 35 Thornley Street, Titahi Bay","EQC - 35 Thornley Street, Titahi Bay, Porirua, Wellington, 5022, NZL",AA Insurance Limited,2023-05-23,WN,Shirley Wang,174.839473,-41.099362,Porirua City,True,
1501000.0786,1501000,1501000.0786,"EQC - 57 Darwin Road, Outer Kaiti, Gisbo","EQC - 57 Darwin Road, Outer Kaiti, Gisborne, 4010, NZL",Vero Insurance New Zealand Limited,2023-05-23,HM,Ryan Tutbury,178.056385,-38.662834,,False,
1501000.0787,1501000,1501000.0787,"EQC - 9A Bernard St, Tauranga South, Tau","EQC - 9A Bernard St, Tauranga South, Tauranga, 3112, NZL",AA Insurance Limited,2023-05-23,HM,Ryan Tutbury,176.157086,-37.706726,,False,
1501000.0788,1501000,1501000.0788,"EQC - 803 Weranui Road, Wainui","EQC - 803 Weranui Road, Wainui, Auckland, 0994, NZL",Vero Insurance New Zealand Limited,2023-05-24,AK,Philip Mathewson,174.650843,-36.566071,,False,
1501000.0789,1501000,1501000.0789,"EQC - 24 Constable Road, Muriwai","EQC - 24 Constable Road, Muriwai, Auckland, 0881, NZL",Vero Insurance New Zealand Limited,2023-05-24,AK,Philip Mathewson,174.440608,-36.84746,,False,
1501000.0790,1501000,1501000.0790,"EQC - 23 Park Rd, Titirangi","EQC - 23 Park Rd, Titirangi, Auckland, 0604, NZL",Vero Insurance New Zealand Limited,2023-05-24,AK,Philip Mathewson,174.660704,-36.937376,,False,
1501000.0791,1501000,1501000.0791,"EQC - 243 Scenic Drive, Titirangi","EQC - 243 Scenic Drive, Titirangi, Auckland, 0604, NZL",Vero Insurance New Zealand Limited,2023-05-24,AK,Philip Mathewson,174.616024,-36.945895,,False,
1501000.0792,1501000,1501000.0792,"EQC - 167 Motutara Rd, Muriwai","EQC - 167 Motutara Rd, Muriwai, Auckland, 0881, NZL",AA Insurance Limited,2023-05-24,AK,Philip Mathewson,174.439163,-36.820475,,False,
1501000.0793,1501000,1501000.0793,"EQC - 22A Roseberry Avenue, Birkenhead","EQC - 22A Roseberry Avenue, Birkenhead, Auckland, 0626, NZL",AA Insurance Limited,2023-05-24,AK,Philip Mathewson,174.714118,-36.808439,,False,
1501000.0794,1501000,1501000.0794,"EQC - 43 Staveley Avenue, Mount Roskill","EQC - 43 Staveley Avenue, Mount Roskill, Auckland, 1041, NZL",AA Insurance Limited,2023-05-24,AK,Philip Mathewson,174.747183,-36.922926,,False,
1501000.0795,1501000,1501000.0795,"EQC - 19 Taunton Terrace, Blockhouse Bay","EQC - 19 Taunton Terrace, Blockhouse Bay, Auckland, 0600, NZL",AA Insurance Limited,2023-05-24,AK,Philip Mathewson,174.698705,-36.93122,,False,
1501000.0796,1501000,1501000.0796,"EQC - 87 Albany Heights Road, Dairy Flat","EQC - 87 Albany Heights Road, Dairy Flat, Auckland, 0792, NZL",AA Insurance Limited,2023-05-24,AK,Dion Willcocks,174.679778,-36.709249,,False,
1501000.0797,1501000,1501000.0797,"EQC - 342 Pine Valley Road, Dairy Flat","EQC - 342 Pine Valley Road, Dairy Flat, Auckland, 0992, NZL",AA Insurance Limited,2023-05-24,AK,Philip Mathewson,174.630906,-36.62514,,False,
1501000.0798,1501000,1501000.0798,"EQC - 1 Scenic Drive, Titirangi","EQC - 1 Scenic Drive, Titirangi, Auckland, 0604, NZL",AA Insurance Limited,2023-05-24,AK,Philip Mathewson,174.653323,-36.939031,,False,
1501000.0799,1501000,1501000.0799,"EQC - 34 Chard Road, Aongatete, Bay of P","EQC - 34 Chard Road, Aongatete, Bay of Plenty, 3178, NZL",Vero Insurance New Zealand Limited,2023-05-24,HM,Ryan Tutbury,175.894639,-37.595781,,False,
1501000.0800,1501000,1501000.0800,"EQC - 20 Cuvier Crescent, Kuaotunu West,","EQC - 20 Cuvier Crescent, Kuaotunu West, Rings Beach, Waikato, 3592, NZL",Vero Insurance New Zealand Limited,2023-05-25,HM,Ryan Tutbury,175.69987,-36.728484,,False,
1501000.0801,1501000,1501000.0801,"EQC - 18 Hurinui Avenue, Whakatane, Bay","EQC - 18 Hurinui Avenue, Whakatane, Bay of Plenty, 3120, NZL",Vero Insurance New Zealand Limited,2023-05-25,HM,Ryan Tutbury,176.99965,-37.957187,,False,
1501000.0802,1501000,1501000.0802,"EQC - 13 Bayview Road, Paremata, Porirua","EQC - 13 Bayview Road, Paremata, Porirua, Wellington, 5024, NZL",AA Insurance Limited,2023-05-25,WN,Shirley Wang,174.877636,-41.104341,Porirua City,True,
1501000.0803,1501000,1501000.0803,"EQC - 59A Awatea Street, Ranui, Porirua","EQC - 59A Awatea Street, Ranui, Porirua, Wellington, 5024, NZL",Vero Insurance New Zealand Limited,2023-05-25,WN,Shirley Wang,174.848852,-41.143893,Porirua City,True,
1501000.0804,1501000,1501000.0804,"EQC - 28 Dermont Street, Bader, Hamilton","EQC - 28 Dermont Street, Bader, Hamilton, Waikato, 3206, NZL",AA Insurance Limited,2023-05-25,HM,Ryan Tutbury,175.290965,-37.814047,,False,
1501000.0805,1501000,1501000.0805,"EQC - 27 Hudson Street, Island Bay, WGTN","EQC - 27 Hudson Street, Island Bay, Wellington, 6023, NZL",Vero Insurance New Zealand Limited,2023-05-25,WN,Shirley Wang,174.778876,-41.335193,Wellington City,True,
1501000.0806,1501000,1501000.0806,"EQC - 564 Makarau Road, Makarau","EQC - 564 Makarau Road, Makarau, Auckland, 0873, NZL",Vero Insurance New Zealand Limited,2023-05-25,AK,Philip Mathewson,174.514672,-36.55883,,False,
1501000.0807,1501000,1501000.0807,"EQC - 39 Holt Avenue, Torbay, Auckland","EQC - 39 Holt Avenue, Torbay, Auckland, 0630, NZL",Vero Insurance New Zealand Limited,2023-05-25,AK,Philip Mathewson,174.739237,-36.707881,,False,
1501000.0808,1501000,1501000.0808,"EQC - 82 Heaphy Street, Blockhouse Bay","EQC - 82 Heaphy Street, Blockhouse Bay, Auckland, 0600, NZL",Vero Insurance New Zealand Limited,2023-05-25,AK,Philip Mathewson,174.69428,-36.922521,,False,
1501000.0809,1501000,1501000.0809,EQC - 1319 Dairy Flat Highway,"EQC - 1319 Dairy Flat Highway, Dairy Flat, Auckland, 0794, NZL",Vero Insurance New Zealand Limited,2023-05-25,AK,Philip Mathewson,174.637406,-36.65786,,False,
1501000.0810,1501000,1501000.0810,"EQC - Lot 139 North Cove, Kawau Island,","EQC - Lot 139 North Cove, Kawau Island, Auckland, NZL",Vero Insurance New Zealand Limited,2023-05-25,AK,Philip Mathewson,174.836411,-36.404583,,False,
1501000.0811,1501000,1501000.0811,"EQC - 161 Tara Road, Mangawhai","EQC - 161 Tara Road, Mangawhai, Northland, 0573, NZL",Vero Insurance New Zealand Limited,2023-05-25,AK,Philip Mathewson,174.551238,-36.121472,,False,
1501000.0812,1501000,1501000.0812,"EQC - 627 East Coast Road, Browns Bay","EQC - 627 East Coast Road, Browns Bay, Auckland, 0632, NZL",Vero Insurance New Zealand Limited,2023-05-25,AK,Philip Mathewson,174.724606,-36.726144,,False,
1501000.0813,1501000,1501000.0813,EQC - 70254 Ross Bay,"EQC - 70254 Ross Bay, Great Barrier Island, NZL",Vero Insurance New Zealand Limited,2023-05-25,AK,Philip Mathewson,175.475811,-36.331399,,False,
1501000.0814,1501000,1501000.0814,"EQC - 679 Horseshoe Bush Road, Waitoki","EQC - 679 Horseshoe Bush Road, Waitoki, Auckland, 0794, NZL",Vero Insurance New Zealand Limited,2023-05-25,AK,Philip Mathewson,174.579551,-36.656073,,False,
1501000.0815,1501000,1501000.0815,"EQC - 276 Wright Road, Dairy Flat","EQC - 276 Wright Road, Dairy Flat, Auckland, 0794, NZL",Vero Insurance New Zealand Limited,2023-05-25,AK,Philip Mathewson,174.693774,-36.702869,,False,
1501000.0816,1501000,1501000.0816,"EQC - 529 Rahuikiri Road, Tomarata","EQC - 529 Rahuikiri Road, Tomarata, Wellsford, Auckland, 0974, NZL",Vero Insurance New Zealand Limited,2023-05-25,AK,Philip Mathewson,174.701042,-36.231411,,False,
1501000.0817,1501000,1501000.0817,"EQC - 103B Brian Crescent, Stanmore Bay","EQC - 103B Brian Crescent, Stanmore Bay, Whangaparaoa, Auckland, 0932, NZL",AA Insurance Limited,2023-05-26,AK,Philip Mathewson,174.719767,-36.619057,,False,
1501000.0818,1501000,1501000.0818,"EQC - 60 Waima Crescent, Titirangi","EQC - 60 Waima Crescent, Titirangi, Auckland, 0604, NZL",AA Insurance Limited,2023-05-26,AK,Philip Mathewson,174.635228,-36.939298,,False,
1501000.0819,1501000,1501000.0819,"EQC - 35 Finn Place, Totara Vale","EQC - 35 Finn Place, Totara Vale, Auckland, 0629, NZL",AA Insurance Limited,2023-05-26,AK,Philip Mathewson,174.723269,-36.76276,,False,
1501000.0820,1501000,1501000.0820,"EQC - 81 Piha Road, Piha","EQC - 81 Piha Road, Piha, Auckland, 0772, NZL",AA Insurance Limited,2023-05-26,AK,Philip Mathewson,174.473645,-36.9622,,False,
1501000.0821,1501000,1501000.0821,"EQC - 107 Robinson Road, Coatesville","EQC - 107 Robinson Road, Coatesville, Auckland, 0793, NZL",AA Insurance Limited,2023-05-26,AK,Philip Mathewson,174.617901,-36.710406,,False,
1501000.0823,1501000,1501000.0823,"EQC - 31 Arlington Street, Mount Cook","EQC - 31 Arlington Street, Mount Cook, Wellington, 6011, NZL",Vero Insurance New Zealand Limited,2023-05-26,WN,Shirley Wang,174.771646,-41.299554,Wellington City,True,
1501000.0824,1501000,1501000.0824,"EQC - 56 James Cook Street, Havelock Nor","EQC - 56 James Cook Street, Havelock North, Hawke's Bay, 4130, NZL #HBEQC",Vero Insurance New Zealand Limited,2023-05-26,HM,Ryan Tutbury,176.897996,-39.675595,,False,
1501000.0825,1501000,1501000.0825,"EQC - 881 Krippner Road, Puhoi, Aucklan","EQC - 881 Krippner Road, Puhoi, Auckland, 0994, NZL",AA Insurance Limited,2023-05-29,AK,Philip Mathewson,174.585945,-36.542515,,False,
1501000.0826,1501000,1501000.0826,"EQC - 11 Craigbank Avenue, New Lynn","EQC - 11 Craigbank Avenue, New Lynn, Auckland, 0600, NZL",Vero Insurance New Zealand Limited,2023-05-30,AK,Philip Mathewson,174.681296,-36.917357,,False,
1501000.0827,1501000,1501000.0827,"EQC - 228 Konini Road, Titirangi","EQC - 228 Konini Road, Titirangi, Auckland, 0604, NZL",Vero Insurance New Zealand Limited,2023-05-30,AK,Philip Mathewson,174.642295,-36.932674,,False,
1501000.0828,1501000,1501000.0828,"EQC - 530 Dairy Flat Highway, Dairy Flat","EQC - 530 Dairy Flat Highway, Dairy Flat, Auckland, 0792, NZL",Vero Insurance New Zealand Limited,2023-05-30,AK,Philip Mathewson,174.670097,-36.709849,,False,
1501000.0829,1501000,1501000.0829,"EQC - 26 Western Road, Laingholm","EQC - 26 Western Road, Laingholm, Auckland, 0604, NZL",Vero Insurance New Zealand Limited,2023-05-30,AK,Philip Mathewson,174.63705,-36.967273,,False,
1501000.0830,1501000,1501000.0830,"EQC - 51 Tane Road, Laingholm","EQC - 51 Tane Road, Laingholm, Auckland, 0604, NZL",IAG New Zealand Limited,2023-05-30,AK,Philip Mathewson,174.633083,-36.96264,,False,
1501000.0831,1501000,1501000.0831,EQC - 4825 Kaipara Coast Highway,"EQC - 4825 Kaipara Coast Highway, Wellsford, Auckland, 0972, NZL",Vero Insurance New Zealand Limited,2023-05-30,AK,Philip Mathewson,174.474521,-36.345235,,False,
1501000.0832,1501000,1501000.0832,"EQC - 10 Matata Way, Mangawhai Heads","EQC - 10 Matata Way, Mangawhai Heads, Mangawhai, 0505, NZL",Vero Insurance New Zealand Limited,2023-05-30,AK,Philip Mathewson,174.589954,-36.080449,,False,
1501000.0833,1501000,1501000.0833,EQC - 1141A Whangaparaoa Road,"EQC - 1141A Whangaparaoa Road, Tindalls Beach, Whangaparaoa, Auckland, 0930, NZL",Vero Insurance New Zealand Limited,2023-05-30,AK,Philip Mathewson,174.778077,-36.612659,,False,
1501000.0834,1501000,1501000.0834,"EQC - 18 Seaview Road, Piha, Auckland","EQC - 18 Seaview Road, Piha, Auckland, 0772, NZL",Vero Insurance New Zealand Limited,2023-05-30,AK,Philip Mathewson,174.472514,-36.953276,,False,
1501000.0835,1501000,1501000.0835,"EQC - 1/83 Atkinson Road, Titirangi","EQC - 1/83 Atkinson Road, Titirangi, Auckland, 0604, NZL",Vero Insurance New Zealand Limited,2023-05-30,AK,Philip Mathewson,174.654966,-36.925473,,False,
1501000.0836,1501000,1501000.0836,"EQC - 77 Domain Crescent, Muriwai","EQC - 77 Domain Crescent, Muriwai, Auckland, 0881, NZL",AA Insurance Limited,2023-05-30,AK,Philip Mathewson,174.433705,-36.828686,,False,
1501000.0837,1501000,1501000.0837,"EQC - 177 Motutara Road, Muriwai","EQC - 177 Motutara Road, Muriwai, Auckland, 0881, NZL",AA Insurance Limited,2023-05-30,AK,Philip Mathewson,174.43947,-36.821188,,False,
1501000.0838,1501000,1501000.0838,"EQC - 820 The 309 Rd, Waiau, Coromandel,","EQC - 820 The 309 Rd, Waiau, Coromandel, 3581, NZL",Vero Insurance New Zealand Limited,2023-05-30,HM,Ryan Tutbury,175.551133,-36.841248,,False,
1501000.0839,1501000,1501000.0839,"EQC - 286 Maungatapu Road, Maungatapu, T","EQC - 286 Maungatapu Road, Maungatapu, Tauranga, Bay of Plenty, 3112, NZL",Vero Insurance New Zealand Limited,2023-05-30,HM,Ryan Tutbury,176.178864,-37.715471,,False,
1501000.0840,1501000,1501000.0840,"EQC - 45 North Piha Road, Piha","EQC - 45 North Piha Road, Piha, Auckland, 0772, NZL",Vero Insurance New Zealand Limited,2023-05-30,AK,Philip Mathewson,174.464799,-36.940636,,False,
1501000.0841,1501000,1501000.0841,"EQC - 12A Ellice Rd, Totara Vale","EQC - 12A Ellice Rd, Totara Vale, Auckland, 0629, NZL",Vero Insurance New Zealand Limited,2023-05-30,AK,Philip Mathewson,174.725961,-36.767149,,False,
1501000.0842,1501000,1501000.0842,"EQC - 5/17A Eastglen Road, Glen Eden","EQC - 5/17A Eastglen Road, Glen Eden, Auckland, 0602, NZL",Vero Insurance New Zealand Limited,2023-05-30,AK,Philip Mathewson,174.660297,-36.916414,,False,
1501000.0843,1501000,1501000.0843,"EQC - 60 Seaview Road, Piha","EQC - 60 Seaview Road, Piha, Auckland, 0772, NZL",AA Insurance Limited,2023-05-30,AK,Philip Mathewson,174.474659,-36.955869,,False,
1501000.0844,1501000,1501000.0844,"EQC - 25 Margate Road, Blockhouse Bay","EQC - 25 Margate Road, Blockhouse Bay, Auckland, 0600, NZL",Vero Insurance New Zealand Limited,2023-05-31,AK,Philip Mathewson,174.70455,-36.91188,,False,
1501000.0845,1501000,1501000.0845,"EQC - 22 Guys Hill Road, Hospital Hill,","EQC - 22 Guys Hill Road, Hospital Hill, Napier, Hawke's Bay, 4110, NZL #HBEQC",IAG New Zealand Limited,2023-06-01,TG,Ryan Tutbury,176.903718,-39.491663,,False,
1501000.0846,1501000,1501000.0846,"EQC - 70 Attwood Road, Paremoremo","EQC - 70 Attwood Road, Paremoremo, Auckland, 0632, NZL",Vero Insurance New Zealand Limited,2023-06-01,AK,Philip Mathewson,174.652737,-36.764801,,False,
1501000.0847,1501000,1501000.0847,"EQC - 59 Domain Crescent, Muriwai","EQC - 59 Domain Crescent, Muriwai, Auckland, 0881, NZL",Vero Insurance New Zealand Limited,2023-06-01,AK,Philip Mathewson,174.432991,-36.82986,,False,
1501000.0848,1501000,1501000.0848,"EQC - 60 Huia Road, Titirangi","EQC - 60 Huia Road, Titirangi, Auckland, 0604, NZL",Vero Insurance New Zealand Limited,2023-06-01,AK,Philip Mathewson,174.650297,-36.943335,,False,
1501000.0849,1501000,1501000.0849,"EQC - 306 Motutara Road, Muriwai","EQC - 306 Motutara Road, Muriwai, Auckland, 0881, NZL",AA Insurance Limited,2023-06-01,AK,Philip Mathewson,174.433535,-36.826019,,False,
1501000.0850,1501000,1501000.0850,"EQC - 151 Motutara Road, Muriwai","EQC - 151 Motutara Road, Muriwai, Auckland, 0881, NZL",AA Insurance Limited,2023-06-01,AK,Philip Mathewson,174.438606,-36.819808,,False,
1501000.0851,1501000,1501000.0851,"EQC - 23 Karekare Road, Karekare","EQC - 23 Karekare Road, Karekare, Auckland, 0772, NZL",AA Insurance Limited,2023-06-01,AK,Philip Mathewson,174.479873,-36.983715,,False,
1501000.0852,1501000,1501000.0852,"EQC - 6 Kanohi Terrace, Mangere Bridge","EQC - 6 Kanohi Terrace, Mangere Bridge, Auckland, 2022, NZL",AA Insurance Limited,2023-06-01,AK,Philip Mathewson,174.779647,-36.949593,,False,
1501000.0853,1501000,1501000.0853,"EQC - 182 Claymore Road, Te Pohue, Napie","EQC - 182 Claymore Road, Te Pohue, Napier, Hawke's Bay, 4182, NZL #HBEQC",Vero Insurance New Zealand Limited,2023-06-02,HM,Ryan Tutbury,176.727856,-39.251436,,False,
1501000.0854,1501000,1501000.0854,"EQC - 24 Plymouth Street, Karori, WGTN","EQC - 24 Plymouth Street, Karori, Wellington, 6012, NZL",AA Insurance Limited,2023-06-02,WN,Shirley Wang,174.74787,-41.286837,Wellington City,True,
1501000.0855,1501000,1501000.0855,"EQC - 87 Winifred Street, Okitu, Gisborn","EQC - 87 Winifred Street, Okitu, Gisborne, 4010, NZL",Vero Insurance New Zealand Limited,2023-06-02,HM,Ryan Tutbury,178.089785,-38.668285,,False,
1501000.0856,1501000,1501000.0856,"EQC - 2/16 Ramillies Place, Glenfield","EQC - 2/16 Ramillies Place, Glenfield, Auckland, 0629, NZL",AA Insurance Limited,2023-06-03,AK,Philip Mathewson,174.730771,-36.781568,,False,
1501000.0857,1501000,1501000.0857,"EQC - 55A Godden Crescent, Mission Bay","EQC - 55A Godden Crescent, Mission Bay, Auckland, 1071, NZL",Vero Insurance New Zealand Limited,2023-06-03,AK,Philip Mathewson,174.831741,-36.859408,,False,
1501000.0858,1501000,1501000.0858,"EQC - 684 Beach Road, Browns Bay","EQC - 684 Beach Road, Browns Bay, Auckland, 0630, NZL",Vero Insurance New Zealand Limited,2023-06-06,AK,Philip Mathewson,174.741348,-36.72134,,False,
1501000.0859,1501000,1501000.0859,"EQC - 119 Browns Bay Road, Browns Bay","EQC - 119 Browns Bay Road, Browns Bay, Auckland, 0630, NZL",Vero Insurance New Zealand Limited,2023-06-06,AK,Philip Mathewson,174.738225,-36.72686,,False,
1501000.0860,1501000,1501000.0860,"EQC - 9 Stranolar Drive, Mount Roskill","EQC - 9 Stranolar Drive, Mount Roskill, Auckland, 1041, NZL",Vero Insurance New Zealand Limited,2023-06-06,AK,Philip Mathewson,174.732203,-36.925999,,False,
1501000.0861,1501000,1501000.0861,"EQC - 58 Norway Street, Aro Valley, WGTN","EQC - 58 Norway Street, Aro Valley, Wellington, 6012, NZL",Vero Insurance New Zealand Limited,2023-06-07,WN,Shirley Wang,174.760367,-41.289389,Wellington City,True,
1501000.0862,1501000,1501000.0862,"EQC - 17 Plunket Street, Kelburn, WGTN","EQC - 17 Plunket Street, Kelburn, Wellington, 6012, NZL",Vero Insurance New Zealand Limited,2023-06-07,WN,Shirley Wang,174.760576,-41.289201,Wellington City,True,
1501000.0863,1501000,1501000.0863,"EQC - 21 Magnolia Street, Outer Kaiti, G","EQC - 21 Magnolia Street, Outer Kaiti, Gisborne, 4010, NZL",AA Insurance Limited,2023-06-08,HM,Ryan Tutbury,178.050794,-38.664056,,False,
1501000.0864,1501000,1501000.0864,"EQC - 25 Burwood Crescent, Remuera","EQC - 25 Burwood Crescent, Remuera, Auckland, 1050, NZL",Vero Insurance New Zealand Limited,2023-06-08,AK,Philip Mathewson,174.797683,-36.862251,,False,
1501000.0865,1501000,1501000.0865,EQC - 16D Wellsford Valley Road,"EQC - 16D Wellsford Valley Road, Wellsford, Auckland, 0900, NZL",Vero Insurance New Zealand Limited,2023-06-08,AK,Philip Mathewson,174.511568,-36.279367,,False,
1501000.0866,1501000,1501000.0866,"EQC - 27 Glenesk Road, Piha","EQC - 27 Glenesk Road, Piha, Auckland, 0772, NZL",Vero Insurance New Zealand Limited,2023-06-08,AK,Philip Mathewson,174.477216,-36.954529,,False,
1501000.0867,1501000,1501000.0867,"EQC - 29A Taunton Tce, Blockhouse Bay","EQC - 29A Taunton Terrace, Blockhouse Bay, Auckland, 0600, NZL",Vero Insurance New Zealand Limited,2023-06-08,AK,Philip Mathewson,174.697681,-36.931155,,False,
1501000.0868,1501000,1501000.0868,"EQC - 109 Ahuroa Valley Road, Makarau","EQC - 109 Ahuroa Valley Road, Makarau, Auckland, 0981, NZL",AA Insurance Limited,2023-06-08,AK,Philip Mathewson,174.563506,-36.489536,,False,
1501000.0869,1501000,1501000.0869,"EQC - 121 Noakes Hill Road, Puhoi","EQC - 121 Noakes Hill Road, Puhoi, Auckland, 0994, NZL",AA Insurance Limited,2023-06-08,AK,Philip Mathewson,174.641201,-36.538576,,False,
1501000.0870,1501000,1501000.0870,"EQC - 181 Ohauiti Road, Hairini, Taurang","EQC - 181 Ohauiti Road, Hairini, Tauranga, Bay of Plenty, 3112, NZL",AA Insurance Limited,2023-06-09,HM,Ryan Tutbury,176.162071,-37.734858,,False,
1501000.0871,1501000,1501000.0871,"EQC - 8 Titirangi Drive, Kaiti, Gisborne","EQC - 8 Titirangi Drive, Kaiti, Gisborne, 4010, NZL",Vero Insurance New Zealand Limited,2023-06-09,HM,Ryan Tutbury,178.040266,-38.683439,,False,
1501000.0872,1501000,1501000.0872,"EQC - 104 Tony Avenue, Thames, Waikato,","EQC - 104 Tony Avenue, Thames, Waikato, 3500, NZL",Vero Insurance New Zealand Limited,2023-06-09,HM,Ryan Tutbury,175.557113,-37.163526,,False,
1501000.0873,1501000,1501000.0873,"EQC - 17 Nikau Street, New Lynn","EQC - 17 Nikau Street, New Lynn, Auckland, 0600, NZL",Vero Insurance New Zealand Limited,2023-06-09,AK,Philip Mathewson,174.675684,-36.907302,,False,
1501000.0874,1501000,1501000.0874,"EQC - 33B Landing Road, Titirangi","EQC - 33B Landing Road, Titirangi, Auckland, 0604, NZL",AA Insurance Limited,2023-06-10,AK,Philip Mathewson,174.649553,-36.951599,,False,
1501000.0875,1501000,1501000.0875,"EQC - 2/71 Sylvia Road, Hillcrest","EQC - 2/71 Sylvia Road, Hillcrest, Auckland, 0627, NZL",Vero Insurance New Zealand Limited,2023-06-10,AK,Philip Mathewson,174.741811,-36.793871,,False,
1501000.0876,1501000,1501000.0876,"EQC - 2509 Puketitiri Road, Rissington,","EQC - 2509 Puketitiri Road, Rissington, Hastings, Hawke's Bay, 4184, NZL #HBEQC",AA Insurance Limited,2023-06-12,HM,Ryan Tutbury,176.681259,-39.401524,,False,
1501000.0877,1501000,1501000.0877,"EQC - 9 Toop Street, Havelock North, Haw","EQC - 9 Toop Street, Havelock North, Hawke's Bay, 4130, NZL #HBEQC",Vero Insurance New Zealand Limited,2023-06-12,HM,Ryan Tutbury,176.886087,-39.682667,,False,
1501000.0878,1501000,1501000.0878,"EQC - 18 Bertram Street, Hillcrest, Roto","EQC - 18 Bertram Street, Hillcrest, Rotorua, Bay of Plenty, 3015, NZL",AA Insurance Limited,2023-06-14,HM,Ryan Tutbury,176.231622,-38.147572,,False,
1501000.0879,1501000,1501000.0879,"EQC - 33 Hanover Street, Wadestown, WGTN","EQC - 33 Hanover Street, Wadestown, Wellington, 6012, NZL",Vero Insurance New Zealand Limited,2023-06-14,WN,Shirley Wang,174.774172,-41.260081,Wellington City,True,
1501000.0880,1501000,1501000.0880,"EQC - 9B Tikorangi Pl, Morningside","EQC - 9B Tikorangi Pl, Morningside, Whangarei, 0110, NZL",AA Insurance Limited,2023-06-15,AK,Philip Mathewson,174.31439,-35.737513,,False,
1501000.0881,1501000,1501000.0881,"EQC - 49 West Lynn Road, Titirangi","EQC - 49 West Lynn Road, Titirangi, Auckland, 0604, NZL",AA Insurance Limited,2023-06-15,AK,Philip Mathewson,174.663445,-36.922761,,False,
1501000.0882,1501000,1501000.0882,"EQC - 142 Deep Creek Road, Torbay","EQC - 142 Deep Creek Road, Torbay, Auckland, 0630, NZL",AA Insurance Limited,2023-06-15,AK,Philip Mathewson,174.750207,-36.698866,,False,
1501000.0883,1501000,1501000.0883,"EQC - 55 Peach Road, Glenfield","EQC - 55 Peach Road, Glenfield, Auckland, 0629, NZL",Vero Insurance New Zealand Limited,2023-06-15,AK,Philip Mathewson,174.714901,-36.783927,,False,
1501000.0884,1501000,1501000.0884,"EQC - 106A Sylvan Ave, Northcote","EQC - 106A Sylvan Ave, Northcote, Auckland, 0627, NZL",Vero Insurance New Zealand Limited,2023-06-15,AK,Philip Mathewson,174.754051,-36.80652,,False,
1501000.0885,1501000,1501000.0885,"EQC - 20 Mount Pleasant Road, Mount Eden","EQC - 20 Mount Pleasant Road, Mount Eden, Auckland, 1024, NZL",Vero Insurance New Zealand Limited,2023-06-15,AK,Philip Mathewson,174.750674,-36.884502,,False,
1501000.0886,1501000,1501000.0886,"EQC - 36 Poynter Lane, Dairy Flat","EQC - 36 Poynter Lane, Dairy Flat, Auckland, 0992, NZL",Vero Insurance New Zealand Limited,2023-06-15,AK,Philip Mathewson,174.629281,-36.626047,,False,
1501000.0887,1501000,1501000.0887,"EQC - 20 Sharon Road, Waiake","EQC - 20 Sharon Road, Waiake, Auckland, 0630, NZL",Vero Insurance New Zealand Limited,2023-06-15,AK,Philip Mathewson,174.751924,-36.707309,,False,
1501000.0888,1501000,1501000.0888,"EQC - 75 Lawrence Road, Mangawhai","EQC - 75 Lawrence Road, Mangawhai, Northland, 0573, NZL",Vero Insurance New Zealand Limited,2023-06-15,AK,Philip Mathewson,174.54013,-36.137676,,False,
1501000.0889,1501000,1501000.0889,"EQC - 45D The Avenue, Albany","EQC - 45D The Avenue, Albany, Auckland, 0632, NZL",Vero Insurance New Zealand Limited,2023-06-15,AK,Philip Mathewson,174.690053,-36.725837,,False,
1501000.0890,1501000,1501000.0890,"EQC - 62 Maritime Terrace, Birkenhead","EQC - 62 Maritime Terrace, Birkenhead, Auckland, 0626, NZL",Vero Insurance New Zealand Limited,2023-06-15,AK,Philip Mathewson,174.737803,-36.816368,,False,
1501000.0891,1501000,1501000.0891,"EQC - 7/76 Target Road, Totara Vale","EQC - 7/76 Target Road, Totara Vale, Auckland, 0629, NZL",Vero Insurance New Zealand Limited,2023-06-15,AK,Philip Mathewson,174.731515,-36.762327,,False,
1501000.0892,1501000,1501000.0892,"EQC - 26 Kiteroa Terrace, Rothesay Bay","EQC - 26 Kiteroa Terrace, Rothesay Bay, Auckland, 0630, NZL",Vero Insurance New Zealand Limited,2023-06-15,AK,Philip Mathewson,174.744331,-36.723676,,False,
1501000.0893,1501000,1501000.0893,"EQC - 17 Georgia Terrace, Albany","EQC - 17 Georgia Terrace, Albany, Auckland, 0632, NZL",Vero Insurance New Zealand Limited,2023-06-15,AK,Philip Mathewson,174.690848,-36.724849,,False,
1501000.0894,1501000,1501000.0894,"EQC - 12 Marine Terrace, Bayswater","EQC - 12 Marine Terrace, Bayswater, Auckland, 0622, NZL",Vero Insurance New Zealand Limited,2023-06-17,AK,Philip Mathewson,174.768696,-36.818755,,False,
1501000.0895,1501000,1501000.0895,"EQC - 7B Odette Rd, Totara Vale","EQC - 7B Odette Rd, Totara Vale, Auckland, 0629, NZL",Vero Insurance New Zealand Limited,2023-06-18,AK,Philip Mathewson,174.724459,-36.764878,,False,
1501000.0896,1501000,1501000.0896,"EQC - 2/26 Cynthia Place, Baylys Beach","EQC - 2/26 Cynthia Place, Baylys Beach, Northland, 0377, NZL",IAG New Zealand Limited,2023-06-18,AK,Philip Mathewson,173.746085,-35.954219,,False,
1501000.0897,1501000,1501000.0897,"EQC - 7 Vipond Road, Stanmore Bay","EQC - 7 Vipond Road, Stanmore Bay, Whangaparaoa, Auckland, 0932, NZL",Vero Insurance New Zealand Limited,2023-06-20,AK,Philip Mathewson,174.713697,-36.614836,,False,
1501000.0898,1501000,1501000.0898,"EQC - 59A Goldflats Lane, Coatesville","EQC - 59A Goldflats Lane, Coatesville, Auckland, 0793, NZL",Vero Insurance New Zealand Limited,2023-06-20,AK,Philip Mathewson,174.630751,-36.736058,,False,
1501000.0899,1501000,1501000.0899,"EQC - 638 Whangaparaoa Rd, Stanmore Bay","EQC - 638 Whangaparaoa Rd, Stanmore Bay, Whangaparaoa, Auckland, 0932, NZL",Vero Insurance New Zealand Limited,2023-06-20,AK,Philip Mathewson,174.739706,-36.633844,,False,
1501000.0900,1501000,1501000.0900,"EQC - 1A Woontons Lane, Titirangi","EQC - 1A Woontons Lane, Titirangi, Auckland, 0604, NZL",Vero Insurance New Zealand Limited,2023-06-20,AK,Philip Mathewson,174.65327,-36.951102,,False,
1501000.0901,1501000,1501000.0901,"EQC - 14 Wood Bay Road, Titirangi","EQC - 14 Wood Bay Road, Titirangi, Auckland, 0604, NZL",Vero Insurance New Zealand Limited,2023-06-20,AK,Philip Mathewson,174.663531,-36.944755,,False,
1501000.0902,1501000,1501000.0902,"EQC - 23A Arahia St, Northcote,","EQC - 23A Arahia St, Northcote, Auckland, 0627, NZL",Vero Insurance New Zealand Limited,2023-06-20,AK,Philip Mathewson,174.749677,-36.801524,,False,
1501000.0903,1501000,1501000.0903,"EQC - 50 Sylvan Valley Avenue, Titirangi","EQC - 50 Sylvan Valley Avenue, Titirangi, Auckland, 0604, NZL",Vero Insurance New Zealand Limited,2023-06-20,AK,Philip Mathewson,174.634017,-36.94807,,False,
1501000.0904,1501000,1501000.0904,"EQC - 3 Schollum Access Road, Pohuehue","EQC - 3 Schollum Access Road, Pohuehue, Wainui, Auckland, 0983, NZL",Vero Insurance New Zealand Limited,2023-06-20,AK,Philip Mathewson,174.659365,-36.480649,,False,
1501000.0905,1501000,1501000.0905,"EQC - 93 Tanekaha Road, Titirangi","EQC - 93 Tanekaha Road, Titirangi, Auckland, 0604, NZL",AA Insurance Limited,2023-06-20,AK,Philip Mathewson,174.662536,-36.950838,,False,
1501000.0906,1501000,1501000.0906,"EQC - 474 Cames Road, Mangawhai","EQC - 474 Cames Road, Mangawhai, Northland, 0975, NZL",AA Insurance Limited,2023-06-20,AK,Philip Mathewson,174.546809,-36.155494,,False,
1501000.0907,1501000,1501000.0907,EQC - 619 South Titirangi Road,"EQC - 619 South Titirangi Road, Titirangi, Auckland, 0604, NZL",AA Insurance Limited,2023-06-20,AK,Stefan Huszak,174.652142,-36.947819,,False,
1501000.0908,1501000,1501000.0908,"EQC - 30B Woodlands Cres, Browns Bay","EQC - 30B Woodlands Cres, Browns Bay, Auckland, 0630, NZL",AA Insurance Limited,2023-06-20,AK,Philip Mathewson,174.738368,-36.714071,,False,
1501000.0909,1501000,1501000.0909,"EQC - 48 Holloway Road, Aro Valley, WGTN","EQC - 48 Holloway Road, Aro Valley, Wellington, 6021, NZL",AA Insurance Limited,2023-06-21,WN,Shirley Wang,174.75835,-41.295117,Wellington City,True,
1501000.0910,1501000,1501000.0910,"EQC - 761 Tauwhareparae Road, Tolaga Bay","EQC - 761 Tauwhareparae Road, Tolaga Bay, Gisborne, 4077, NZL",Vero Insurance New Zealand Limited,2023-06-22,HM,Ryan Tutbury,178.231268,-38.361995,,False,
1501000.0911,1501000,1501000.0911,"EQC - 40 Ngati Maru Highway, Kopu, Thame","EQC - 40 Ngati Maru Highway, Kopu, Thames, Waikato, 3578, NZL",AA Insurance Limited,2023-06-22,HM,Ryan Tutbury,175.57194,-37.184304,,False,
1501000.0912,1501000,1501000.0912,"EQC - 181 Great North Road, Kamo","EQC - 181 Great North Road, Kamo, Whangarei, 0185, NZL",AA Insurance Limited,2023-06-22,AK,Philip Mathewson,174.291892,-35.658738,,False,
1501000.0913,1501000,1501000.0913,"EQC - 2008A Cove Road, Mangawhai","EQC - 2008A Cove Road, Mangawhai, Northland, 0573, NZL",Vero Insurance New Zealand Limited,2023-06-22,AK,Philip Mathewson,174.564153,-36.089089,,False,
1501000.0915,1501000,1501000.0915,"EQC - 7/9 Wilkinson Street, Oriental Bay","EQC - 7/9 Wilkinson Street, Oriental Bay, Wellington, 6011, NZL",Vero Insurance New Zealand Limited,2023-06-23,WN,Shirley Wang,174.796522,-41.291741,Wellington City,True,
1501000.0927,1501000,1501000.0927,"EQC -53 Massey Road, Mangapapa, Gisborne","EQC - 53 Massey Road, Mangapapa, Gisborne, NZL",Vero Insurance New Zealand Limited,2023-06-23,HM,Ryan Tutbury,178.026575,-38.644796,,False,
1501000.0916,1501000,1501000.0916,"EQC - 74A Jude Road, Mangawhai","EQC - 74A Jude Road, Mangawhai, Northland, 0573, NZL",AA Insurance Limited,2023-06-25,AK,Philip Mathewson,174.504689,-36.089439,,False,
1501000.0917,1501000,1501000.0917,"EQC - 31 Fawcett Road, Laingholm","EQC - 31 Fawcett Road, Laingholm, Auckland, 0604, NZL",AA Insurance Limited,2023-06-25,AK,Philip Mathewson,174.633152,-36.95572,,False,
1501000.0922,1501000,1501000.0922,"EQC - 25 Carters West Rd, Mangawhai","EQC - 25 Carters West Rd, Mangawhai, 0975, NZL",AA Insurance Limited,2023-06-25,AK,Philip Mathewson,174.55712,-36.164467,,False,
1501000.0918,1501000,1501000.0918,"EQC - 299 Valley Road, Mangapapa, Gisbor","EQC - 299 Valley Road, Mangapapa, Gisborne, 4010, NZL",Vero Insurance New Zealand Limited,2023-06-28,HM,Ryan Tutbury,178.027308,-38.644873,,False,
1501000.0919,1501000,1501000.0919,"EQC - 63 Palliser Road, Roseneath, WGTN","EQC - 63 Palliser Road, Roseneath, Wellington, 6011, NZL",Vero Insurance New Zealand Limited,2023-06-28,WN,Shirley Wang,174.796702,-41.294604,Wellington City,True,
1501000.0920,1501000,1501000.0920,"EQC - 35 Whareora Road, Tikipunga","EQC - 35 Whareora Road, Tikipunga, Whangarei, Northland, 0112, NZL",Vero Insurance New Zealand Limited,2023-06-28,AK,Philip Mathewson,174.330753,-35.701447,,False,
1501000.0921,1501000,1501000.0921,"EQC - 13 Anita Avenue, Mount Roskill","EQC - 13 Anita Avenue, Mount Roskill, Auckland, 1041, NZL",Vero Insurance New Zealand Limited,2023-06-28,AK,Philip Mathewson,174.732099,-36.920294,,False,
1501000.0923,1501000,1501000.0923,"EQC - 56 Old Mill Road, Grey Lynn","EQC - 56 Old Mill Road, Grey Lynn, Auckland, 1021, NZL",AA Insurance Limited,2023-06-28,AK,Philip Mathewson,174.726329,-36.862631,,False,
1501000.0925,1501000,1501000.0925,"EQC - 13 Tuaraki Road, Mangawhai Heads","EQC - 13 Tuaraki Road, Mangawhai Heads, Mangawhai, Northland, 0505, NZL",AA Insurance Limited,2023-06-30,AK,Philip Mathewson,174.583347,-36.051581,,False,
1501000.0926,1501000,1501000.0926,"EQC - 168 Tirohanga Drive, Whangamata, W","EQC - 168 Tirohanga Drive, Whangamata, Waikato, 3620, NZL",Vero Insurance New Zealand Limited,2023-06-30,HM,Ryan Tutbury,175.859463,-37.196949,,False,
1501000.0928,1501000,1501000.0928,"EQC -37 Skerman Street, Marton, Manawatu","EQC - 37 Skerman Street, Marton, Manawatu-Whanganui, 4710, NZL",AA Insurance Limited,2023-06-30,WN,Shirley Wang,175.373375,-40.065228,,False,
1501000.0929,1501000,1501000.0929,"EQC -312 Heale Street, Thames, Waikato","EQC - 312 Heale Street, Thames, Waikato, 3500, NZL",Vero Insurance New Zealand Limited,2023-07-03,HM,Ryan Tutbury,175.550947,-37.143899,,False,
1501000.0931,1501000,1501000.0931,"EQC - 29 Toa Street, Tokomaru Bay, Gisbo","EQC - 29 Toa Street, Tokomaru Bay, Gisborne, 4079, NZL",Vero Insurance New Zealand Limited,2023-07-04,HM,Ryan Tutbury,178.312403,-38.125055,,False,
1501000.0932,1501000,1501000.0932,"EQC - 8 Lorena Place, West Harbour","EQC - 8 Lorena Place, West Harbour, Auckland, 0618, NZL",AA Insurance Limited,2023-07-04,AK,Philip Mathewson,174.632846,-36.823123,,False,
1501000.0933,1501000,1501000.0933,"21 Lagoon Street, Torrent Bay","21 Lagoon Street, Torrent Bay, Abel Tasman National Park, Tasman, 7183",Vero Insurance New Zealand Limited,2023-07-05,HM,Hannah Udell,173.048181,-40.945499,,False,
1501000.0934,1501000,1501000.0934,"EQC - 9 Gaddums Hill Road, Outer Kaiti","EQC - 9 Gaddums Hill Road, Outer Kaiti, Gisborne, 4010, NZL",AA Insurance Limited,2023-07-05,HM,Ryan Tutbury,178.052831,-38.666215,,False,
1501000.0935,1501000,1501000.0935,"EQC - 3 San Domingo Rise, Henderson","EQC - 3 San Domingo Rise, Henderson, Auckland, 0612, NZL",AA Insurance Limited,2023-07-05,AK,Philip Mathewson,174.612227,-36.887088,,False,
1501000.0936,1501000,1501000.0936,"EQC - 42 Hartley Terrace, Massey","EQC - 42 Hartley Terrace, Massey, Auckland, 0614, NZL",Vero Insurance New Zealand Limited,2023-07-05,AK,Philip Mathewson,174.624483,-36.847483,,False,
1501000.0937,1501000,1501000.0937,"EQC - 21A Pleasant Street, Onehunga","EQC - 21A Pleasant Street, Onehunga, Auckland, 1061, NZL",Vero Insurance New Zealand Limited,2023-07-05,AK,Philip Mathewson,174.771838,-36.920228,,False,
1501000.0940,1501000,1501000.0940,"EQC - 522 Waitao Road, Waitao, Papamoa,","EQC - 522 Waitao Road, Waitao, Papamoa, Bay of Plenty, 3175, NZL",Vero Insurance New Zealand Limited,2023-07-07,HM,Ryan Tutbury,176.234127,-37.763216,,False,
1501000.0941,1501000,1501000.0941,"EQC - 24B Sunny Bay Rd, Matua, Tauranga,","EQC - 24B Sunny Bay Road, Matua, Tauranga, 3110, NZL",Vero Insurance New Zealand Limited,2023-07-07,HM,Ryan Tutbury,176.123104,-37.671405,,False,
1501000.0942,1501000,1501000.0942,"EQC - 887 Scenic Drive, Swanson","EQC - 887 Scenic Drive, Swanson, Auckland, 0781, NZL",AA Insurance Limited,2023-07-08,AK,Philip Mathewson,174.539227,-36.880832,,False,
1501000.0945,1501000,1501000.0945,"EQC - 101 Hilton Drive, Whangamata, Waik","EQC - 101 Hilton Drive, Whangamata, Waikato, 3620, NZL",Vero Insurance New Zealand Limited,2023-07-11,HM,Ryan Tutbury,175.865608,-37.217594,,False,
1501000.0948,1501000,1501000.0948,"EQC - 1/311 Rangatira Road, Beach Haven","EQC - 1/311 Rangatira Road, Beach Haven, Auckland, 0626, NZL",AA Insurance Limited,2023-07-11,AK,Philip Mathewson,174.688931,-36.792822,,False,
1501000.0950,1501000,1501000.0950,"EQC - 64 Hilltop Road, Hakaru","EQC - 64 Hilltop Road, Hakaru, Kaiwaka, Northland, 0975, NZL",AA Insurance Limited,2023-07-11,AK,Philip Mathewson,174.52467,-36.130614,,False,
1501000.0952,1501000,1501000.0952,"EQC - 20 Niccone Place, Bombay","EQC - 20 Niccone Place, Bombay, Auckland, 2675, NZL",AA Insurance Limited,2023-07-11,AK,Philip Mathewson,175.009606,-37.163911,,False,
1501000.0953,1501000,1501000.0953,"EQC - 26 Anzac Road, Morningside","EQC - 26 Anzac Road, Morningside, Whangarei, Northland, 0110, NZL",AA Insurance Limited,2023-07-11,AK,Philip Mathewson,174.317093,-35.73272,,False,
1501000.0954,1501000,1501000.0954,"EQC - 25 Carters Road, Mangawhai","NHC - 25 Carters Rd, Mangawhai, 0975, NZL",AA Insurance Limited,2023-07-11,AK,Philip Mathewson,174.5578,-36.164121,,False,
1501000.1133,1501000,1501000.1133,"EQC - 114 Moana Avenue, Moana, Nelson","EQC - 114 Moana Avenue, Moana, Nelson",Vero Insurance New Zealand Limited,2023-07-11,NE,Marcus Lovell,173.254574,-41.28088,,False,
1501000.1136,1501000,1501000.1136,"EQC - 4 Potteries Way, Bishopdale","EQC - 4 Potteries Way, Bishopdale, Nelson 7011",Vero Insurance New Zealand Limited,2023-07-11,NE,Marcus Lovell,173.268181,-41.302461,,False,
1501000.0955,1501000,1501000.0955,"EQC -12 Edward Street, Grandview Heights","EQC -12 Edward Street, Grandview Heights, Hamilton, Waikato, 3200, NZL",Vero Insurance New Zealand Limited,2023-07-12,HM,Ryan Tutbury,175.223034,-37.778885,,False,
1501000.0957,1501000,1501000.0957,"EQC - 17 Heaton Grove, Chatswood","EQC - 17 Heaton Grove, Chatswood, Auckland, 0626, NZL",AA Insurance Limited,2023-07-12,AK,Philip Mathewson,174.714835,-36.813853,,False,
1501000.0958,1501000,1501000.0958,"EQC - 5B Earlsworth Road, Mangere East","EQC - 5B Earlsworth Road, Mangere East, Auckland, 2024, NZL",AA Insurance Limited,2023-07-12,AK,Philip Mathewson,174.834822,-36.964906,,False,
1501000.0959,1501000,1501000.0959,"EQC - 6A Waharoa Lane, Wellsford","EQC - 6A Waharoa Lane, Wellsford, Auckland, 0900, NZL",Vero Insurance New Zealand Limited,2023-07-12,AK,Philip Mathewson,174.51856,-36.294311,,False,
1501000.0960,1501000,1501000.0960,"EQC - 105 Colwill Road, Massey","EQC - 105 Colwill Road, Massey, Auckland, 0614, NZL",Vero Insurance New Zealand Limited,2023-07-12,AK,Philip Mathewson,174.631151,-36.837275,,False,
1501000.0964,1501000,1501000.0964,"EQC -25 Clarkin Road, Chartwell,Hamilton","EQC -25 Clarkin Road, Chartwell, Hamilton, Waikato, 3210, NZL",Vero Insurance New Zealand Limited,2023-07-17,HM,Ryan Tutbury,175.269014,-37.76593,,False,
1501000.0966,1501000,1501000.0966,"EQC - 14 Kinnard Lane, Totara Park","EQC - 14 Kinnard Lane, Totara Park, Auckland, 2019, NZL",Vero Insurance New Zealand Limited,2023-07-19,AK,Philip Mathewson,174.919851,-36.998867,,False,
1501000.0967,1501000,1501000.0967,"EQC - 113 Dill Road, Kaipara Flats","EQC - 113 Dill Road, Kaipara Flats, Warkworth, Auckland, 0984, NZL",Vero Insurance New Zealand Limited,2023-07-19,AK,Philip Mathewson,174.51592,-36.422317,,False,
1501000.0968,1501000,1501000.0968,"EQC - 62 Pemberton Avenue, Bayview","EQC - 62 Pemberton Avenue, Bayview, Auckland, 0629, NZL",Vero Insurance New Zealand Limited,2023-07-19,AK,Philip Mathewson,174.701179,-36.782055,,False,
1501000.0969,1501000,1501000.0969,"EQC - 53 Spencer Road, Lake Tarawera, Ro","EQC - 53 Spencer Road, Lake Tarawera, Rotorua, Bay of Plenty, 3076, NZL",AA Insurance Limited,2023-07-19,HM,Ryan Tutbury,176.390495,-38.19921,,False,
1501000.0970,1501000,1501000.0970,"EQC - 2/112 Arran Road, Browns Bay","EQC - 2/112 Arran Road, Browns Bay, Auckland, 0630, NZL",AA Insurance Limited,2023-07-19,AK,Philip Mathewson,174.732942,-36.725216,,False,
1501000.0971,1501000,1501000.0971,"EQC - 51 Spencer Road, Lake Tarawera, Ro","EQC - 51 Spencer Road, Lake Tarawera, Rotorua, Bay of Plenty, 3076, NZL",Vero Insurance New Zealand Limited,2023-07-19,HM,Ryan Tutbury,176.3905,-38.19938,,False,
1501000.0973,1501000,1501000.0973,"EQC - 17A Ranfurly Avenue, Fairfield, Ha","EQC - 17A Ranfurly Avenue, Fairfield, Hamilton, Waikato, 3214, NZL",AA Insurance Limited,2023-07-19,HM,Ryan Tutbury,175.275487,-37.770446,,False,
1501000.0974,1501000,1501000.0974,"EQC - 325 Valley Road, Whataupoko, Gisbo","EQC - 325 Valley Road, Whataupoko, Gisborne, 4010, NZL",Vero Insurance New Zealand Limited,2023-07-19,HM,Ryan Tutbury,178.029937,-38.645792,,False,
1501000.0975,1501000,1501000.0975,"EQC - 16 Beach Road, Porangahau, Hawke's","EQC - 16 Beach Road, Porangahau, Hawke's Bay, 4293, NZL #HBEQC",Vero Insurance New Zealand Limited,2023-07-21,HM,Ryan Tutbury,176.663216,-40.304149,,False,
1501000.0976,1501000,1501000.0976,"EQC - 196A Don Buck Rd, Massey","EQC - 196A Don Buck Rd, Massey, Auckland, 0614, NZL",Vero Insurance New Zealand Limited,2023-07-23,AK,Philip Mathewson,174.60783,-36.84581,,False,
1501000.0978,1501000,1501000.0978,"EQC - 28A Sailfish Dr, West Harbour","EQC - 28A Sailfish Dr, West Harbour, Auckland, 0618, NZL",Vero Insurance New Zealand Limited,2023-07-26,AK,Philip Mathewson,174.636296,-36.807873,,False,
1501000.0980,1501000,1501000.0980,"EQC - 21 Magnolia Street, Outer Kaiti, G","EQC - 21 Magnolia Street, Outer Kaiti, Gisborne, 4010, NZL",AA Insurance Limited,2023-07-26,HM,Ryan Tutbury,178.050831,-38.664042,,False,
1501000.0981,1501000,1501000.0981,"EQC - 39B Vale Road, St Heliers","EQC - 39B Vale Road, St Heliers, Auckland, 1071, NZL",AA Insurance Limited,2023-07-26,AK,Philip Mathewson,174.861809,-36.850427,,False,
1501000.0985,1501000,1501000.0985,"EQC - 54 Hamon Place, Pukehangi, Rotorua","EQC - 54 Hamon Place, Pukehangi, Rotorua, Bay of Plenty, 3015, NZL",Vero Insurance New Zealand Limited,2023-07-27,HM,Ryan Tutbury,176.203893,-38.142159,,False,
1501000.0986,1501000,1501000.0986,"EQC - 81 Seymour Place, Bellevue, Tauran","EQC - 81 Seymour Place, Bellevue, Tauranga, Bay of Plenty, 3110, NZL",AA Insurance Limited,2023-07-27,HM,Ryan Tutbury,176.134017,-37.682932,,False,
1501000.0987,1501000,1501000.0987,"EQC - 749 Swamp Road, Puketapu, Hastings","EQC - 749 Swamp Road, Puketapu, Hastings, Hawke's Bay, 4183, NZL #HBEQC",AA Insurance Limited,2023-07-28,HM,Ryan Tutbury,176.781272,-39.521201,,False,
1501000.0989,1501000,1501000.0989,"EQC - 49 Appleby Road, Drury","EQC - 49 Appleby Road, Drury, Auckland, 2577, NZL",Vero Insurance New Zealand Limited,2023-07-29,AK,Philip Mathewson,174.968139,-37.105362,,False,
1501000.0990,1501000,1501000.0990,"EQC - 44 West View Road, Westmere","EQC - 44 West View Road, Westmere, Auckland, 1022, NZL",Vero Insurance New Zealand Limited,2023-07-29,AK,Philip Mathewson,174.724283,-36.862001,,False,
1501000.0991,1501000,1501000.0991,"EQC - 7 Bemrose Place, Cockle Bay","EQC - 7 Bemrose Place, Cockle Bay, Auckland, 2014, NZL",Vero Insurance New Zealand Limited,2023-07-29,AK,Philip Mathewson,174.938436,-36.901472,,False,
1501000.0993,1501000,1501000.0993,"EQC - 4 Unity Road, Waitakere","EQC - 4 Unity Road, Waitakere, Auckland, 0781, NZL",AA Insurance Limited,2023-07-29,AK,Philip Mathewson,174.531717,-36.876171,,False,
1501000.0996,1501000,1501000.0996,"EQC - 116 Victoria Street, Thames, Waik","EQC - 116 Victoria Street, Thames, Waikato, 3500, NZL",AA Insurance Limited,2023-07-31,HM,Ryan Tutbury,175.523546,-37.110526,,False,
1501000.0997,1501000,1501000.0997,"EQC - 202 Riverside Rd, Whataupoko, Gis","EQC - 202 Riverside Rd, Whataupoko, Gis",AA Insurance Limited,2023-08-01,HM,Ryan Tutbury,178.049347,-38.656727,,False,
1501000.9997,1501000,1501000.9997,"EQC - 202 Riverside Rd, Whataupoko,","EQC - 202 Riverside Road, Whataupoko, Gisborne, 4010, NZL",AA Insurance Limited,2023-08-01,AK,Ryan Tutbury,174.02188444000012,-41.284073888999956,,False,
1501000.0999,1501000,1501000.0999,"EQC - 27B Main Road, Makaraka, Gisborne,","EQC - 27B Main Road, Makaraka, Gisborne, 4010, NZL",AA Insurance Limited,2023-08-03,HM,Ryan Tutbury,177.978685,-38.648564,,False,
1501000.1000,1501000,1501000.1000,"EQC - 121A Mansels Rd, Parkvale, Taurang","EQC - 121A Mansels Rd, Parkvale, Tauranga, 3112, NZL",Vero Insurance New Zealand Limited,2023-08-03,HM,Ryan Tutbury,176.139653,-37.723693,,False,
1501000.1002,1501000,1501000.1002,"EQC - 28 Alidade Place, Massey, Auckland","EQC - 28 Alidade Place, Massey, Auckland, 0614, NZL",AA Insurance Limited,2023-08-03,AK,Philip Mathewson,174.614667,-36.85146,,False,
1501000.1003,1501000,1501000.1003,"EQC - 5 Kauri Point Road, Laingholm, Auc","EQC - 5 Kauri Point Road, Laingholm, Auckland, 0604, NZL",Vero Insurance New Zealand Limited,2023-08-03,AK,Philip Mathewson,174.634902,-36.970072,,False,
1501000.1004,1501000,1501000.1004,"EQC - 66 Rosecamp Road, Beach Haven, Auc","EQC - 66 Rosecamp Road, Beach Haven, Auckland, 0626, NZL",AA Insurance Limited,2023-08-03,AK,Philip Mathewson,174.685748,-36.80072,,False,
1501000.1005,1501000,1501000.1005,"EQC - 132 Island Bay Road, Beach Haven,","EQC - 132 Island Bay Road, Beach Haven, Auckland, 0626, NZL",Vero Insurance New Zealand Limited,2023-08-03,AK,Philip Mathewson,174.690075,-36.810465,,False,
1501000.1006,1501000,1501000.1006,"EQC - 10 Dawnhaven Drive, Te Atatu Penin","EQC - 10 Dawnhaven Drive, Te Atatu Peninsula, Auckland, 0610, NZL",AA Insurance Limited,2023-08-03,AK,Philip Mathewson,174.647713,-36.826046,,False,
1501000.1007,1501000,1501000.1007,"EQC - 37A Landing Road, Titirangi, Auckl","EQC - 37A Landing Road, Titirangi, Auckland, 0604, NZL",Vero Insurance New Zealand Limited,2023-08-03,AK,Philip Mathewson,174.647836,-36.950026,,False,
1501000.1008,1501000,1501000.1008,"EQC - 27 West Road, Kaukapakapa, Aucklan","EQC - 27 West Road, Kaukapakapa, Auckland, 0873, NZL",Vero Insurance New Zealand Limited,2023-08-03,AK,Philip Mathewson,174.475923,-36.62242,,False,
1501000.1010,1501000,1501000.1010,"EQC - 6 Shearwater Rise, Rothesay Bay, A","EQC - 6 Shearwater Rise, Rothesay Bay, Auckland, 0630, NZL",Vero Insurance New Zealand Limited,2023-08-04,AK,Philip Mathewson,174.73996,-36.729615,,False,
1501000.1011,1501000,1501000.1011,"EQC - 210 Darwin Road, Outer Kaiti, Gisb","EQC - 210 Darwin Road, Outer Kaiti, Gisborne, 4010, NZL",Vero Insurance New Zealand Limited,2023-08-07,HM,Ryan Tutbury,178.055063,-38.651289,,False,
1501000.1012,1501000,1501000.1012,"EQC - 721 Tauwhareparae Rd, Tolaga Bay","EQC - 721 Tauwhareparae Rd, Tolaga Bay",Vero Insurance New Zealand Limited,2023-08-07,HM,Ryan Tutbury,178.234995,-38.3585,,False,
1501000.1013,1501000,1501000.1013,"EQC - 25 Isola St, Raumanga","EQC - 25 Isola St, Raumanga, Whangarei, 0110, NZL",Vero Insurance New Zealand Limited,2023-08-07,AK,Philip Mathewson,174.298471,-35.746245,,False,
1501000.1014,1501000,1501000.1014,"EQC - 5A Titchener Street, New Lynn","EQC - 5A Titchener Street, New Lynn, Auckland, 0600, NZL",Vero Insurance New Zealand Limited,2023-08-07,AK,Philip Mathewson,174.668798,-36.921544,,False,
1501000.1016,1501000,1501000.1016,"EQC - 488 Huia Road, Laingholm","EQC - 488 Huia Road, Laingholm, Auckland, 0604, NZL",Vero Insurance New Zealand Limited,2023-08-07,AK,Philip Mathewson,174.623061,-36.959199,,False,
1501000.9999,1501000,1501000.9999,"DNU EQC - 721 Tauwhareparae Rd, Tolaga B","DNU EQC - 721 Tauwhareparae Road, Tolaga Bay, Gisborne, 4077, NZL",Vero Insurance New Zealand Limited,2023-08-07,AK,Ryan Tutbury,178.23579085300003,-38.359251375999975,,False,
1501000.1017,1501000,1501000.1017,"EQC - 18 Niccone Place, Bombay","EQC - 18 Niccone Place, Bombay, Auckland, 2675, NZL",Vero Insurance New Zealand Limited,2023-08-09,AK,Philip Mathewson,175.009755,-37.164654,,False,
1501000.1018,1501000,1501000.1018,"EQC - 49 Cyclarama Crescent, Massey","EQC - 49 Cyclarama Crescent, Massey, Auckland, 0614, NZL",Vero Insurance New Zealand Limited,2023-08-09,AK,Philip Mathewson,174.606667,-36.833211,,False,
1501000.1019,1501000,1501000.1019,"EQC - 29 Burns Rd, Hospital Hill, Napier","EQC - 29 Burns Rd, Hospital Hill, Napier",AA Insurance Limited,2023-08-10,HM,Ryan Tutbury,176.905018,-39.486047,,False,
1501000.9998,1501000,1501000.9998,"DNU EQC - 29 Burns Rd, Hospital Hill, Na","DNU EQC - 29 Burns Road, Hospital Hill, Napier, Hawke's Bay, 4110, NZL",AA Insurance Limited,2023-08-10,AK,Ryan Tutbury,176.90507685700004,-39.485846004999985,,False,
1501000.1020,1501000,1501000.1020,"EQC - 33 Pinebrook Lane, Maraetai","EQC - 33 Pinebrook Lane, Maraetai, Auckland, 2018, NZL",AA Insurance Limited,2023-08-11,AK,Philip Mathewson,175.045382,-36.885432,,False,
1501000.1021,1501000,1501000.1021,"EQC - 233 Whitehills Road, Waitoki","EQC - 233 Whitehills Road, Waitoki, Auckland, 0994, NZL",Vero Insurance New Zealand Limited,2023-08-11,AK,Philip Mathewson,174.594542,-36.628794,,False,
1501000.1023,1501000,1501000.1023,"EQC - 8 Ballantrae, Kawerau, Bay of Plen","EQC - 8 Ballantrae, Kawerau, Bay of Plenty, 3127, NZL",Vero Insurance New Zealand Limited,2023-08-11,HM,Ryan Tutbury,176.691956,-38.091418,,False,
1501000.1025,1501000,1501000.1025,"EQC - 330 Motutara Road, Muriwai","EQC - 330 Motutara Road, Muriwai, Auckland, 0881, NZL",Vero Insurance New Zealand Limited,2023-08-13,AK,Philip Mathewson,174.432475,-36.826901,,False,
1501000.1026,1501000,1501000.1026,"EQC - 45 Taunton Terrace, Blockhouse Bay","EQC - 45 Taunton Terrace, Blockhouse Bay, Auckland, 0600, NZL",Vero Insurance New Zealand Limited,2023-08-13,AK,Philip Mathewson,174.696122,-36.931687,,False,
1501000.1027,1501000,1501000.1027,"EQC - 22 Grant Rd, Whataupoko, Gisborne","EQC - 22 Grant Road, Whataupoko, Gisborne, 4010, NZL",Vero Insurance New Zealand Limited,2023-08-15,AK,Ryan Tutbury,178.04171,-38.664459,,False,
1501000.1028,1501000,1501000.1028,"EQC - 211 Russell Str, Whataupoko","EQC - 211 Russell Street, Whataupoko, Gisborne, 4010, NZL",AA Insurance Limited,2023-08-15,AK,Ryan Tutbury,178.02733,-38.650611,,False,
1501000.1029,1501000,1501000.1029,"EQC - 28H Glenorchy Street, Glen Eden","EQC - 28H Glenorchy Street, Glen Eden, Auckland, 0602, NZL",AA Insurance Limited,2023-08-16,AK,Philip Mathewson,174.655712,-36.907013,,False,
1501000.1030,1501000,1501000.1030,"EQC - 64 Napier Terrace, Hospital Hill,","EQC - 64 Napier Terrace, Hospital Hill, Napier, Hawke's Bay, 4110, NZL #HBEQC",AA Insurance Limited,2023-08-16,HM,Ryan Tutbury,176.904954,-39.488999,,False,
1501000.1031,1501000,1501000.1031,"EQC -7 Drayton Place, Leamington, Cambri","EQC -7 Drayton Place, Leamington, Cambridge, Waikato, 3432, NZL",Vero Insurance New Zealand Limited,2023-08-16,HM,Ryan Tutbury,175.466603,-37.899666,,False,
1501000.1032,1501000,1501000.1032,"EQC - 90 Kawakawa-Orere Rd, Kawakawa Bay","EQC - 90 Kawakawa-Orere Road, Kawakawa Bay, Auckland, 2585, NZL",Vero Insurance New Zealand Limited,2023-08-16,AK,Philip Mathewson,175.174563,-36.956919,,False,
1501000.1033,1501000,1501000.1033,"EQC - 232 Gaddums Hill Road, Outer Kaiti","EQC - 232 Gaddums Hill Road, Outer Kaiti, Gisborne, 4010, NZL",Vero Insurance New Zealand Limited,2023-08-18,HM,Ryan Tutbury,178.070309,-38.658687,,False,
1501000.1034,1501000,1501000.1034,"EQC - 40 Wood Bay Road, Titirangi","EQC - 40 Wood Bay Road, Titirangi, Auckland, 0604, NZL",Vero Insurance New Zealand Limited,2023-08-18,AK,Philip Mathewson,174.661574,-36.943437,,False,
1501000.1035,1501000,1501000.1035,"EQC - 19 Rahiri Road, Mount Eden","EQC - 19 Rahiri Road, Mount Eden, Auckland, 1024, NZL",Vero Insurance New Zealand Limited,2023-08-18,AK,Philip Mathewson,174.759816,-36.898459,,False,
1501000.1036,1501000,1501000.1036,"EQC - 30A Blockhouse Bay Road, Avondale","EQC - 30A Blockhouse Bay Road, Avondale, Auckland, 1026, NZL",Vero Insurance New Zealand Limited,2023-08-18,AK,Philip Mathewson,174.701317,-36.887794,,False,
1501000.1037,1501000,1501000.1037,"EQC - 23 Redvale Rise, Redvale","EQC - 23 Redvale Rise, Redvale, Auckland, 0794, NZL",Vero Insurance New Zealand Limited,2023-08-18,AK,Philip Mathewson,174.696178,-36.68265,,False,
1501000.1038,1501000,1501000.1038,"EQC - 786 Old North Road, Waimauku","EQC - 786 Old North Road, Waimauku, Auckland, 0882, NZL",Vero Insurance New Zealand Limited,2023-08-18,AK,Philip Mathewson,174.52768,-36.73767,,False,
1501000.1039,1501000,1501000.1039,"EQC - 73 McPike Road, Waimauku","EQC - 73 McPike Road, Waimauku, Auckland, 0883, NZL",Vero Insurance New Zealand Limited,2023-08-18,AK,Philip Mathewson,174.454997,-36.764414,,False,
1501000.1040,1501000,1501000.1040,EQC - 540 Dairy Flat Highway,"EQC - 540 Dairy Flat Highway, Dairy Flat, Auckland, 0792, NZL",Vero Insurance New Zealand Limited,2023-08-21,AK,Philip Mathewson,174.668849,-36.710129,,False,
1501000.1041,1501000,1501000.1041,"EQC - 7 Cochran Road, Oratia","EQC - 7 Cochran Road, Oratia, Auckland, 0604, NZL",Vero Insurance New Zealand Limited,2023-08-21,AK,Philip Mathewson,174.614972,-36.938765,,False,
1501000.1042,1501000,1501000.1042,"EQC - 91 Seaview Road, Piha","EQC - 91 Seaview Road, Piha, Auckland, 0772, NZL",AA Insurance Limited,2023-08-22,AK,Philip Mathewson,174.475051,-36.957993,,False,
1501000.1043,1501000,1501000.1043,"EQC - 18 Piha Road, Piha","EQC - 18 Piha Road, Piha, Auckland, 0772, NZL",Vero Insurance New Zealand Limited,2023-08-22,AK,Philip Mathewson,174.479769,-36.958078,,False,
1501000.1044,1501000,1501000.1044,"EQC - 18 Heretaunga Crescent, Cable Bay","EQC - 18 Heretaunga Crescent, Cable Bay, Northland, 0420, NZL",Vero Insurance New Zealand Limited,2023-08-22,AK,Philip Mathewson,173.491106,-34.990768,,False,
1501000.1045,1501000,1501000.1045,"EQC - 16 Waimarie Road, Whenuapai","EQC - 16 Waimarie Road, Whenuapai, Auckland, 0618, NZL",Vero Insurance New Zealand Limited,2023-08-22,AK,Philip Mathewson,174.639271,-36.776708,,False,
1501000.1046,1501000,1501000.1046,"EQC - 229 Newcastle Street, Mahia, Mahia","EQC - 229 Newcastle Street, Mahia, Mahia Beach, Hawke's Bay, 4198, NZL #HBEQC",Vero Insurance New Zealand Limited,2023-08-23,HM,Ryan Tutbury,177.868434,-39.093972,,False,
1501000.1047,1501000,1501000.1047,"EQC - 55 Tutauanui Crescent, Maungatapu,","EQC - 55 Tutauanui Crescent, Maungatapu, Tauranga, Bay of Plenty, 3112, NZL",AA Insurance Limited,2023-08-23,HM,Ryan Tutbury,176.16852,-37.722583,,False,
1501000.1048,1501000,1501000.1048,"EQC - 8 Brasch Way, Kaiwharawhara, WGTN","EQC - 8 Brasch Way, Kaiwharawhara, Wellington, 6035, NZL",Vero Insurance New Zealand Limited,2023-08-23,WN,Shirley Wang,174.793372,-41.256039,Wellington City,True,
1501000.1049,1501000,1501000.1049,"EQC - 777 Mount Thomas Road, Fernside","EQC - 777 Mount Thomas Road, Fernside, Rangiora, Canterbury, 7471, NZL",Vero Insurance New Zealand Limited,2023-08-23,CH,Anna Sleight,172.469325,-43.277044,,False,
1501000.1050,1501000,1501000.1050,"EQC - 12 Te Ngaere Place, Merrilands NPL","EQC - 12 Te Ngaere Place, Merrilands, New Plymouth, Taranaki, 4312, NZL",AA Insurance Limited,2023-08-23,WN,Shirley Wang,174.106379,-39.062748,,False,
1501000.1051,1501000,1501000.1051,"EQC - 41 Belmont Terrace, Belmont, WGTN","EQC - 41 Belmont Terrace, Belmont, Lower Hutt, Wellington, 5010, NZL",Vero Insurance New Zealand Limited,2023-08-23,WN,Shirley Wang,174.922893,-41.190808,Lower Hutt City,True,
1501000.1052,1501000,1501000.1052,EQC - 87 Hurndall Street East,"EQC - 87 Hurndall Street East, Maungaturoto, Northland, 0520, NZL",Vero Insurance New Zealand Limited,2023-08-23,AK,Philip Mathewson,174.359314,-36.107773,,False,
1501000.1096,1501000,1501000.1096,"EQC - 1 Rue Lavaud, Akaroa, Canterbury","EQC - 1 Rue Lavaud, Akaroa, Canterbury, 7520, NZL",Vero Insurance New Zealand Limited,2023-08-23,CH,Anna Sleight,172.970899,-43.800466,,False,
1501000.1099,1501000,1501000.1099,"EQC - 170 Gaddums Hill Road, Outer Kaiti","EQC - 170 Gaddums Hill Road, Outer Kaiti, Gisborne, 4010, NZL",Vero Insurance New Zealand Limited,2023-08-23,HM,Ryan Tutbury,178.066819,-38.656886,,False,
1501000.1053,1501000,1501000.1053,"EQC - 817 Beach Road, Browns Bay","EQC - 817 Beach Road, Browns Bay, Auckland, 0630, NZL",IAG New Zealand Limited,2023-08-24,AK,Philip Mathewson,174.744306,-36.713213,,False,
1501000.1054,1501000,1501000.1054,"EQC - 64 Beachcroft Avenue, Onehunga","EQC - 64 Beachcroft Avenue, Onehunga, Auckland, 1061, NZL",Vero Insurance New Zealand Limited,2023-08-24,AK,Philip Mathewson,174.773826,-36.922544,,False,
1501000.1055,1501000,1501000.1055,"EQC - 497 Tara Road, Mangawhai","EQC - 497 Tara Road, Mangawhai, Northland, 0573, NZL",Vero Insurance New Zealand Limited,2023-08-24,AK,Philip Mathewson,174.51971,-36.113635,,False,
1501000.1056,1501000,1501000.1056,"EQC - 3 Tara Road, Mangawhai","EQC - 3 Tara Road, Mangawhai, Northland, 0573, NZL",Vero Insurance New Zealand Limited,2023-08-24,AK,Philip Mathewson,174.564726,-36.129278,,False,
1501000.1057,1501000,1501000.1057,"EQC - 39A Pine Ave, Otumoetai, Tauranga,","EQC - 39A Pine Ave, Otumoetai, Tauranga, 3110, NZL",Vero Insurance New Zealand Limited,2023-08-24,HM,Ryan Tutbury,176.152931,-37.673005,,False,
1501000.1058,1501000,1501000.1058,"EQC - 233 Muritai Road, Eastbourne, WGTN","EQC - 233 Muritai Road, Eastbourne, Lower Hutt, Wellington, 5013, NZL",Vero Insurance New Zealand Limited,2023-08-24,WN,Shirley Wang,174.896422,-41.294119,Lower Hutt City,True,
1501000.1059,1501000,1501000.1059,"EQC - 251 Valley Road, Mangapapa, Gisbor","EQC - 251 Valley Road, Mangapapa, Gisborne, 4010, NZL",Vero Insurance New Zealand Limited,2023-08-25,HM,Ryan Tutbury,178.021768,-38.642575,,False,
1501000.1060,1501000,1501000.1060,"EQC - 42 West End Road, Herne Bay","EQC - 42 West End Road, Herne Bay, Auckland, 1022, NZL",Vero Insurance New Zealand Limited,2023-08-26,AK,Philip Mathewson,174.728139,-36.850259,,False,
1501000.1061,1501000,1501000.1061,"EQC - 14 Collingwood St, Freemans Bay","EQC - 14 Collingwood Street, Freemans Bay, Auckland, 1011, NZL",Vero Insurance New Zealand Limited,2023-08-26,AK,Philip Mathewson,174.746961,-36.853409,,False,
1501000.1062,1501000,1501000.1062,"EQC - 27 Sandiacre Way, Browns Bay","EQC - 27 Sandiacre Way, Browns Bay, Auckland, 0630, NZL",Vero Insurance New Zealand Limited,2023-08-26,AK,Philip Mathewson,174.734435,-36.712689,,False,
1501000.1063,1501000,1501000.1063,"EQC - 123A Maskell Street, St Heliers","EQC - 123A Maskell Street, St Heliers, Auckland, 1071, NZL",Vero Insurance New Zealand Limited,2023-08-26,AK,Philip Mathewson,174.867609,-36.853259,,False,
1501000.1064,1501000,1501000.1064,"EQC - 1045 Scenic Drive North, Swanson","EQC - 1045 Scenic Drive North, Swanson, Auckland, 0816, NZL",Vero Insurance New Zealand Limited,2023-08-26,AK,Philip Mathewson,174.544443,-36.874846,,False,
1501000.1065,1501000,1501000.1065,"EQC - 4 Kingsview Road, Mount Eden","EQC - 4 Kingsview Road, Mount Eden, Auckland, 1024, NZL",Vero Insurance New Zealand Limited,2023-08-26,AK,Philip Mathewson,174.759467,-36.888359,,False,
1501000.1066,1501000,1501000.1066,"EQC - 59A Athena Dr, Totara Vale","EQC - 59A Athena Dr, Totara Vale, Auckland, 0629, NZL",AA Insurance Limited,2023-08-26,AK,Philip Mathewson,174.728804,-36.758313,,False,
1501000.1067,1501000,1501000.1067,"EQC - 326 Ferry Road, Komata, Turua, Wai","EQC - 326 Ferry Road, Komata, Turua, Waikato, 3674, NZL",Vero Insurance New Zealand Limited,2023-08-28,HM,Ryan Tutbury,175.628819,-37.312484,,False,
1501000.1068,1501000,1501000.1068,"EQC - 671 Springhill Road, Bideford","EQC - 671 Springhill Road, Bideford, Masterton, Wellington, 5894, NZL",Vero Insurance New Zealand Limited,2023-08-28,WN,Shirley Wang,175.993363,-40.823253,,False,
1501000.1069,1501000,1501000.1069,"EQC - 35A Dundas Road, Riverside","EQC - 35A Dundas Road, Riverside, Whangarei, Northland, 0112, NZL",Vero Insurance New Zealand Limited,2023-08-28,AK,Philip Mathewson,174.33066,-35.719457,,False,
1501000.1070,1501000,1501000.1070,"EQC - 100 Cornwallis Road, Cornwallis","EQC - 100 Cornwallis Road, Cornwallis, Auckland, 0604, NZL",Vero Insurance New Zealand Limited,2023-08-28,AK,Philip Mathewson,174.604605,-37.010329,,False,
1501000.1071,1501000,1501000.1071,EQC - 399A Coatesville-Riverhead Hwy,"EQC - 399A Coatesville-Riverhead Hwy, Coatesville, 0793, NZL",AA Insurance Limited,2023-08-28,AK,Philip Mathewson,174.632412,-36.720448,,False,
1501000.1072,1501000,1501000.1072,"EQC - 61 Kohu Road, Titirangi","EQC - 61 Kohu Road, Titirangi, Auckland, 0604, NZL",Vero Insurance New Zealand Limited,2023-08-30,AK,Philip Mathewson,174.64695,-36.93644,,False,
1501000.1073,1501000,1501000.1073,"EQC - 118 Okura River Road, Okura","EQC - 118 Okura River Road, Okura, Auckland, 0792, NZL",Vero Insurance New Zealand Limited,2023-08-30,AK,Philip Mathewson,174.721637,-36.682196,,False,
1501000.1074,1501000,1501000.1074,"EQC - 112 Karanui Road, Kamo","EQC - 112 Karanui Road, Kamo, Whangarei, Northland, 0185, NZL",Vero Insurance New Zealand Limited,2023-08-30,AK,Philip Mathewson,174.25924,-35.701277,,False,
1501000.1075,1501000,1501000.1075,"EQC - 240 Horseshoe Bush Rd, Dairy Flat","EQC - 240 Horseshoe Bush Road, Dairy Flat, Auckland, 0794, NZL",Vero Insurance New Zealand Limited,2023-08-30,AK,Philip Mathewson,174.616966,-36.656253,,False,
1501000.1076,1501000,1501000.1076,"EQC - 42 Ngahere Drive, Horahora","EQC - 42 Ngahere Drive, Horahora, Whangarei, Northland, 0110, NZL",Vero Insurance New Zealand Limited,2023-08-30,AK,Philip Mathewson,174.289823,-35.736377,,False,
1501000.1077,1501000,1501000.1077,"EQC - 77H Goodall Street, Hillsborough","EQC - 77H Goodall Street, Hillsborough, Auckland, 1042, NZL",Vero Insurance New Zealand Limited,2023-08-30,AK,Philip Mathewson,174.757391,-36.928732,,False,
1501000.1078,1501000,1501000.1078,"EQC - 1489 Weranui Road, Wainui","EQC - 1489 Weranui Road, Wainui, Auckland, 0994, NZL",AA Insurance Limited,2023-08-31,AK,Philip Mathewson,174.5936,-36.594055,,False,
1501000.1079,1501000,1501000.1079,"EQC - 162 Shaw Road, Oratia","EQC - 162 Shaw Road, Oratia, Auckland, 0604, NZL",AA Insurance Limited,2023-08-31,AK,Philip Mathewson,174.626168,-36.931447,,False,
1501000.1080,1501000,1501000.1080,"EQC - 8 Geoffrey Place, Riverlea","EQC - 8 Geoffrey Place, Riverlea, Hamilton, Waikato, 3216, NZL",AA Insurance Limited,2023-08-31,HM,Ryan Tutbury,175.315567,-37.805083,,False,
1501000.1081,1501000,1501000.1081,"EQC - 31 Eton Drive, Hillcrest, Hamilton","EQC - 31 Eton Drive, Hillcrest, Hamilton, Waikato, 3216, NZL",AA Insurance Limited,2023-08-31,HM,Ryan Tutbury,175.331207,-37.800492,,False,
1501000.1082,1501000,1501000.1082,"EQC - 77 Standen Street, Karori, WGTN","EQC - 77 Standen Street, Karori, Wellington, 6012, NZL",AA Insurance Limited,2023-08-31,WN,Shirley Wang,174.748143,-41.277243,Wellington City,True,
1501000.1083,1501000,1501000.1083,"EQC - 1A Howard Road, Point Howard, WGTN","EQC - 1A Howard Road, Point Howard, Lower Hutt, Wellington, 5013, NZL",AA Insurance Limited,2023-08-31,WN,Shirley Wang,174.905061,-41.252699,Lower Hutt City,True,
1501000.1084,1501000,1501000.1084,"EQC - 22 Matangi Road, Matangi, Hamilton","EQC -22 Matangi Road, Matangi, Hamilton, Waikato, 3284, NZL",Vero Insurance New Zealand Limited,2023-08-31,HM,Ryan Tutbury,175.335062,-37.798313,,False,
1501000.1085,1501000,1501000.1085,"EQC - 44 Pollen Crescent, Melville","EQC - 44 Pollen Crescent, Melville, Hamilton, Waikato, 3206, NZL",Vero Insurance New Zealand Limited,2023-08-31,HM,Ryan Tutbury,175.289325,-37.815471,,False,
1501000.1086,1501000,1501000.1086,"EQC - 76 Purau Avenue, Diamond Harbour","EQC - 76 Purau Avenue, Diamond Harbour, Canterbury, 8972, NZL",AA Insurance Limited,2023-08-31,CH,Anna Sleight,172.743729,-43.631197,,False,
1501000.1087,1501000,1501000.1087,"EQC - 107 Allen Street, Morrinsville","EQC - 107 Allen Street, Morrinsville, Waikato, 3300, NZL",Vero Insurance New Zealand Limited,2023-08-31,HM,Ryan Tutbury,175.544149,-37.652055,,False,
1501000.1088,1501000,1501000.1088,"EQC - 45 Bayswater Avenue, Bayswater","EQC - 45 Bayswater Avenue, Bayswater, Auckland, 0622, NZL",AA Insurance Limited,2023-09-01,AK,Philip Mathewson,174.774673,-36.815337,,False,
1501000.1089,1501000,1501000.1089,"EQC - 4/117 Bolton St, Blockhouse Bay","EQC - 4/117 Bolton Street, Blockhouse Bay, Auckland, 0600, NZL",Vero Insurance New Zealand Limited,2023-09-03,AK,Philip Mathewson,174.692351,-36.918426,,False,
1501000.1090,1501000,1501000.1090,"EQC - 88 School Road, Paihia","EQC - 88 School Road, Paihia, Northland, 0200, NZL",Vero Insurance New Zealand Limited,2023-09-03,AK,Philip Mathewson,174.087851,-35.286595,,False,
1501000.1091,1501000,1501000.1091,"EQC - 35 Park Road, Titirangi","EQC - 35 Park Road, Titirangi, Auckland, 0604, NZL",AA Insurance Limited,2023-09-03,AK,Philip Mathewson,174.660825,-36.938216,,False,
1501000.1092,1501000,1501000.1092,"EQC - 7 Hillside Crescent, Leigh","EQC - 7 Hillside Crescent, Leigh, Auckland, 0985, NZL",Vero Insurance New Zealand Limited,2023-09-07,AK,Philip Mathewson,174.800312,-36.297729,,False,
1501000.1093,1501000,1501000.1093,"EQC - 76A Woodlands Cres, Browns Bay","EQC - 76A Woodlands Cres, Browns Bay, Auckland, 0630, NZL",Vero Insurance New Zealand Limited,2023-09-07,AK,Philip Mathewson,174.741076,-36.711677,,False,
1501000.1094,1501000,1501000.1094,"EQC - 4/4 Webber Street, Westmere","EQC - 4/4 Webber Street, Westmere, Auckland, 1022, NZL",Vero Insurance New Zealand Limited,2023-09-07,AK,Philip Mathewson,174.72682,-36.855011,,False,
1501000.1095,1501000,1501000.1095,"EQC - 18 De Havilland Place, Onerahi","EQC - 18 De Havilland Place, Onerahi, Whangarei, Northland, 0110, NZL",Vero Insurance New Zealand Limited,2023-09-07,AK,Philip Mathewson,174.36471,-35.765253,,False,
1501000.1097,1501000,1501000.1097,"EQC - 2/4 Webber Street, Westmere","EQC - 2/4 Webber Street, Westmere, Auckland, 1022, NZL",AA Insurance Limited,2023-09-07,AK,Philip Mathewson,174.726887,-36.855196,,False,
1501000.1098,1501000,1501000.1098,"EQC - 34A Aberfoyle Street, Dinsdale","EQC - 34A Aberfoyle Street, Dinsdale, Hamilton, Waikato, 3204, NZL",AA Insurance Limited,2023-09-08,HM,Ryan Tutbury,175.246931,-37.786411,,False,
1501000.1100,1501000,1501000.1100,"EQC - 2353 Kakaramea Road, Whatawhata","EQC - 2353 Kakaramea Road, Whatawhata, Ohaupo, Waikato, 3290, NZL",AA Insurance Limited,2023-09-08,HM,Ryan Tutbury,175.158177,-37.808388,,False,
1501000.1102,1501000,1501000.1102,"EQC - 31 Heaton Grove, Chatswood","EQC - 31 Heaton Grove, Chatswood, Auckland, 0626, NZL",AA Insurance Limited,2023-09-10,AK,Philip Mathewson,174.713245,-36.813871,,False,
1501000.1103,1501000,1501000.1103,"EQC - 624 Beach Road, Browns Bay","EQC - 624 Beach Road, Browns Bay, Auckland, 0630, NZL",AA Insurance Limited,2023-09-11,AK,Philip Mathewson,174.740543,-36.724826,,False,
1501000.1104,1501000,1501000.1104,"EQC - 16 Captains Retreat, Hillsborough","EQC - 16 Captains Retreat, Hillsborough, Auckland, 1042, NZL",AA Insurance Limited,2023-09-11,AK,Philip Mathewson,174.743787,-36.931116,,False,
1501000.1105,1501000,1501000.1105,"EQC - 537A Esdaile Road, Whakamarama, Ba","EQC - 537A Esdaile Road, Whakamarama, Bay of Plenty, 3180, NZL",Vero Insurance New Zealand Limited,2023-09-12,HM,Ryan Tutbury,175.974317,-37.686477,,False,
1501000.1106,1501000,1501000.1106,"EQC - 27 Le Roy Terrace, Birkenhead","EQC - 27 Le Roy Terrace, Birkenhead, Auckland, 0626, NZL",Vero Insurance New Zealand Limited,2023-09-12,AK,Philip Mathewson,174.733315,-36.814359,,False,
1501000.1107,1501000,1501000.1107,"EQC - 68 Chamberlain Road, Massey","EQC - 68 Chamberlain Road, Massey, Auckland, 0614, NZL",Vero Insurance New Zealand Limited,2023-09-12,AK,Philip Mathewson,174.603215,-36.849669,,False,
1501000.1108,1501000,1501000.1108,"EQC - 2/138 Clovelly Rd, Bucklands Beach","EQC - 2/138 Clovelly Road, Bucklands Beach, Auckland, 2012, NZL",Vero Insurance New Zealand Limited,2023-09-12,AK,Philip Mathewson,174.908919,-36.866052,,False,
1501000.1109,1501000,1501000.1109,"EQC - 18B Cheltenham Terrace, Newlands","EQC - 18B Cheltenham Terrace, Newlands, Wellington, 6037, NZL",AA Insurance Limited,2023-09-15,WN,Shirley Wang,174.813886,-41.229976,Wellington City,True,
1501000.1110,1501000,1501000.1110,"EQC - 14 Renlee Place, Shelly Park","EQC - 14 Renlee Place, Shelly Park, Auckland, 2014, NZL",AA Insurance Limited,2023-09-17,AK,Philip Mathewson,174.949204,-36.907956,,False,
1501000.1111,1501000,1501000.1111,"EQC - 35 The Rigi, Northland, Wellington","EQC - 35 The Rigi, Northland, Wellington, 6012, NZL",AA Insurance Limited,2023-09-19,WN,Shirley Wang,174.75757,-41.286666,Wellington City,True,
1501000.1112,1501000,1501000.1112,"EQC - 20 Richardson Avenue, Whataupoko,","EQC - 20 Richardson Avenue, Whataupoko, Gisborne, 4010, NZL",Vero Insurance New Zealand Limited,2023-09-22,HM,Ryan Tutbury,178.035046,-38.654701,,False,
1501000.1113,1501000,1501000.1113,"EQC - 37 Ayton Street, Mangapapa, Gisbor","EQC - 37 Ayton Street, Mangapapa, Gisborne, 4010, NZL",Vero Insurance New Zealand Limited,2023-09-22,HM,Ryan Tutbury,178.01382,-38.639129,,False,
1501000.1114,1501000,1501000.1114,"EQC - 7 Gallagher Street, Springfield, R","EQC - 7 Gallagher Street, Springfield, Rotorua, Bay of Plenty, 3015, NZL",Vero Insurance New Zealand Limited,2023-09-22,HM,Ryan Tutbury,176.224914,-38.162664,,False,
1501000.1115,1501000,1501000.1115,"EQC - 35 Bosun Terrace, Whitby, Porirua","EQC - 35 Bosun Terrace, Whitby, Porirua, Wellington, 5024, NZL",Vero Insurance New Zealand Limited,2023-09-22,WN,Shirley Wang,174.884684,-41.106056,Porirua City,True,
1501000.1116,1501000,1501000.1116,"EQC - 23 Pahi Place, West Harbour","EQC - 23 Pahi Place, West Harbour, Auckland, 0618, NZL",Vero Insurance New Zealand Limited,2023-09-24,AK,Philip Mathewson,174.62975,-36.821327,,False,
1501000.1117,1501000,1501000.1117,"EQC - 1601 Dartmoor Rd, Dartmoor, Napier","EQC - 1601 Dartmoor Rd, Dartmoor, Napier, 4186, NZL #HBEQC",Vero Insurance New Zealand Limited,2023-09-25,HM,Ryan Tutbury,176.669483,-39.451909,,False,
1501000.1118,1501000,1501000.1118,"EQC - 21 Tainui Street, Torbay","EQC - 21 Tainui Street, Torbay, Auckland, 0630, NZL",Vero Insurance New Zealand Limited,2023-09-27,AK,Philip Mathewson,174.743598,-36.69716,,False,
1501000.1119,1501000,1501000.1119,"EQC - 994 East Coast Road, Northcross","EQC - 994 East Coast Road, Northcross, Auckland, 0632, NZL",Vero Insurance New Zealand Limited,2023-09-27,AK,Philip Mathewson,174.724468,-36.705935,,False,
1501000.1120,1501000,1501000.1120,"EQC - 5A Cochran Rd, Oratia","EQC - 5A Cochran Rd, Oratia, Auckland, 0604, NZL",Vero Insurance New Zealand Limited,2023-09-27,AK,Philip Mathewson,174.615513,-36.937352,,False,
1501000.1121,1501000,1501000.1121,"EQC - 195 Russell Street, Whataupoko, Gi","EQC - 195 Russell Street, Whataupoko, Gisborne, 4010, NZL",AA Insurance Limited,2023-09-28,HM,Ryan Tutbury,178.028184,-38.64988,,False,
1501000.1122,1501000,1501000.1122,"EQC - 16 Massey Road, Mangapapa, Gisborn","EQC - 16 Massey Road, Mangapapa, Gisborne, 4010, NZL",Vero Insurance New Zealand Limited,2023-09-28,HM,Ryan Tutbury,178.023017,-38.646514,,False,
1501000.1123,1501000,1501000.1123,"EQC - 52 Kinghorne Street, Strathmore","EQC - 52 Kinghorne Street, Strathmore Park, Wellington, 6022, NZL",AA Insurance Limited,2023-09-29,WN,Shirley Wang,174.824745,-41.327581,Wellington City,True,
1501000.1124,1501000,1501000.1124,"EQC - 16C Mawhare Street, Titahi Bay","EQC - 16C Mawhare Street, Titahi Bay, Porirua, Wellington, 5022, NZL",Vero Insurance New Zealand Limited,2023-09-29,WN,Shirley Wang,174.832779,-41.115939,Porirua City,True,
1501000.1125,1501000,1501000.1125,"EQC - 2A Jasons Pl, Churton Park, WGTN","EQC - 2A Jasons Pl, Churton Park, Wellington, 6037, NZL",AA Insurance Limited,2023-09-29,WN,Shirley Wang,174.805464,-41.212123,Wellington City,True,
1501000.1126,1501000,1501000.1126,"EQC - 18 Tokomaru Drive, Havelock North,","EQC - 18 Tokomaru Drive, Havelock North, Hawke's Bay, 4130, NZL #HBEQC",AA Insurance Limited,2023-10-02,HM,Ryan Tutbury,176.893784,-39.677957,,False,
1501000.1127,1501000,1501000.1127,"EQC - 29 Taunton Terrace, Blockhouse Bay","EQC - 29 Taunton Terrace, Blockhouse Bay, Auckland, 0600, NZL",Vero Insurance New Zealand Limited,2023-10-02,AK,Philip Mathewson,174.697784,-36.931384,,False,
1501000.1128,1501000,1501000.1128,"EQC - 321 Whitaker Street, Whataupoko","EQC - 321 Whitaker Street, Whataupoko, Gisborne, 4010, NZL",AA Insurance Limited,2023-10-02,HM,Ryan Tutbury,178.025774,-38.651682,,False,
1501000.1129,1501000,1501000.1129,"EQC - 135 Taiapa Road, Muriwai","EQC - 135 Taiapa Road, Muriwai, Auckland, 0881, NZL",Vero Insurance New Zealand Limited,2023-10-04,AK,Philip Mathewson,174.458435,-36.826197,,False,
1501000.1130,1501000,1501000.1130,"EQC - 3 Amos Way, Kingston, Wellington","EQC - 3 Amos Way, Kingston, Wellington, 6021, NZL",Vero Insurance New Zealand Limited,2023-10-05,WN,Shirley Wang,174.760622,-41.323378,Wellington City,True,
1501000.1131,1501000,1501000.1131,"EQC - 145 Hedgeley Road, Eskdale, Napier","EQC - 145 Hedgeley Road, Eskdale, Napier, Hawke's Bay, 4182, NZL #HBEQC",AA Insurance Limited,2023-10-05,HM,Ryan Tutbury,176.824593,-39.401696,,False,
1501000.1132,1501000,1501000.1132,"EQC - 16 Main Road, Ngakawau, Hector","EQC - 16 Main Road, Ngakawau, Hector, West Coast, 7824, NZL",AA Insurance Limited,2023-10-05,CH,Anna Sleight,171.871729,-41.61071,,False,
1501000.1134,1501000,1501000.1134,"EQC - 1154A State Highway 2, Te Marua","EQC - 1154A State Highway 2, Te Marua, Upper Hutt, Wellington, 5018, NZL",AA Insurance Limited,2023-10-09,WN,Shirley Wang,175.144218,-41.08939,Upper Hutt City,True,
1501000.1135,1501000,1501000.1135,"EQC - 10 Matai Terrace, Eastbourne, WGTN","EQC - 10 Matai Terrace, Eastbourne, Lower Hutt, Wellington, 5013, NZL",AA Insurance Limited,2023-10-09,WN,Shirley Wang,174.902723,-41.289603,Lower Hutt City,True,
1501000.1137,1501000,1501000.1137,"EQC - 73 Hazlewood Avenue, Karori, WGTN","EQC - 73 Hazlewood Avenue, Karori, Wellington, 6012, NZL",AA Insurance Limited,2023-10-11,WN,Shirley Wang,174.723695,-41.297566,Wellington City,True,
1501000.1138,1501000,1501000.1138,"EQC - 4A Chevron Pl, Castor Bay","EQC - 4A Chevron Pl, Castor Bay, Auckland, 0620, NZL",Vero Insurance New Zealand Limited,2023-10-11,AK,Philip Mathewson,174.759502,-36.758668,,False,
1501000.1139,1501000,1501000.1139,"EQC - 8 Norfolk Road, Stanmore Bay","EQC - 8 Norfolk Road, Stanmore Bay, Whangaparaoa, Auckland, 0932, NZL",AA Insurance Limited,2023-10-13,AK,Philip Mathewson,174.730165,-36.630751,,False,
1501000.1140,1501000,1501000.1140,"EQC - 29A Arthur Street, Onehunga","EQC - 29A Arthur Street, Onehunga, Auckland, 1061, NZL",Vero Insurance New Zealand Limited,2023-10-16,AK,Philip Mathewson,174.774117,-36.922325,,False,
1501000.1141,1501000,1501000.1141,"EQC - 30A Homestead Road, Manly","EQC - 30A Homestead Road, Manly, Whangaparaoa, Auckland, 0930, NZL",Vero Insurance New Zealand Limited,2023-10-16,AK,Philip Mathewson,174.751753,-36.636246,,False,
1501000.1142,1501000,1501000.1142,"EQC - 4 Thule Street, Aro Valley, WGTN","EQC - 4 Thule Street, Aro Valley, Wellington, 6012, NZL",Vero Insurance New Zealand Limited,2023-10-17,WN,Shirley Wang,174.759719,-41.292348,Wellington City,True,
1501000.1143,1501000,1501000.1143,"EQC - 67 North Piha Road, Piha (2)","EQC - 67 North Piha Road, Piha, Auckland, 0772, NZL",Vero Insurance New Zealand Limited,2023-10-17,AK,Philip Mathewson,174.464312,-36.939314,,False,
1501000.1144,1501000,1501000.1144,"EQC - 23 Eskdale Road, Birkdale","EQC - 23 Eskdale Road, Birkdale, Auckland, 0626, NZL",AA Insurance Limited,2023-10-17,AK,Philip Mathewson,174.703788,-36.794619,,False,
1501000.1145,1501000,1501000.1145,"EQC - 18 Weldene Ave, Glenfield","EQC - 18 Weldene Ave, Glenfield, Auckland, 0629, NZL",AA Insurance Limited,2023-10-17,AK,Philip Mathewson,174.724826,-36.773502,,False,
1501000.1146,1501000,1501000.1146,"EQC - 23 York Road, Titirangi","EQC - 23 York Road, Titirangi, Auckland, 0604, NZL",AA Insurance Limited,2023-10-18,AK,Philip Mathewson,174.63291,-36.942519,,False,
1501000.1147,1501000,1501000.1147,"EQC - 175 Laingholm Drive, Laingholm","EQC - 175 Laingholm Drive, Laingholm, Auckland, 0604, NZL",Vero Insurance New Zealand Limited,2023-10-18,AK,Philip Mathewson,174.63854,-36.958642,,False,
1501000.1148,1501000,1501000.1148,"EQC - 28 Langstone Place, Chatswood","EQC - 28 Langstone Place, Chatswood, Auckland, 0626, NZL",Vero Insurance New Zealand Limited,2023-10-23,AK,Philip Mathewson,174.713802,-36.816281,,False,
1501000.1149,1501000,1501000.1149,"EQC - 9 June Place, Torbay","EQC - 9 June Place, Torbay, Auckland, 0630, NZL",AA Insurance Limited,2023-10-23,AK,Philip Mathewson,174.741077,-36.696043,,False,
1501000.1150,1501000,1501000.1150,"EQC - 586A Waihau Rd, Tolaga Bay, 4073,","EQC - 586A Waihau Rd, Tolaga Bay, 4073, NZL",Vero Insurance New Zealand Limited,2023-10-25,HM,Ryan Tutbury,178.298732,-38.446642,,False,
1501000.1151,1501000,1501000.1151,"EQC - 28 Entrican Avenue, Remuera","EQC - 28 Entrican Avenue, Remuera, Auckland, 1050, NZL",AA Insurance Limited,2023-10-25,AK,Philip Mathewson,174.806997,-36.87942,,False,
1501000.1152,1501000,1501000.1152,"EQC - 98 Bleakhouse Road, Howick","EQC - 98 Bleakhouse Road, Howick, Auckland, 2014, NZL",AA Insurance Limited,2023-10-29,AK,Philip Mathewson,174.920965,-36.886911,,False,
1501000.1153,1501000,1501000.1153,"EQC -796 Inland Road, Helensville","EQC -796 Inland Road, Helensville, Auckland, 0875, NZL",Vero Insurance New Zealand Limited,2023-10-29,AK,Philip Mathewson,174.476236,-36.693863,,False,
1501000.1154,1501000,1501000.1154,"EQC -34 Hobbs Road, Matakatia","EQC -34 Hobbs Road, Matakatia, Whangaparaoa, Auckland, 0930, NZL",Vero Insurance New Zealand Limited,2023-11-01,AK,Philip Mathewson,174.786401,-36.615778,,False,
1501000.1156,1501000,1501000.1156,"EQC - 22A Maui Pomare Street, Blockhouse","EQC - 22A Maui Pomare Street, Blockhouse Bay, Auckland",Vero Insurance New Zealand Limited,2023-11-20,AK,Philip Mathewson,174.706286,-36.914749,,False,
1501000.1157,1501000,1501000.1157,"EQC - 10 Solar Road, Glen Eden, Auckland","EQC - 10 Solar Road, Glen Eden, Auckland, 0602, NZL",AA Insurance Limited,2023-11-20,AK,Philip Mathewson,174.636535,-36.912243,,False,
1501000.1158,1501000,1501000.1158,"EQC - 67 Elan Place, Stanmore Bay, Whang","EQC - 67 Elan Place, Stanmore Bay, Whangaparaoa, Auckland, 0932, NZL",AA Insurance Limited,2023-11-20,AK,Philip Mathewson,174.74382,-36.636882,,False,
1501000.1159,1501000,1501000.1159,"EQC - 41A Cyclarama Crescent, Massey","EQC - 41A Cyclarama Crescent, Massey, Auckland",Vero Insurance New Zealand Limited,2023-11-20,AK,Philip Mathewson,174.605707,-36.833149,,False,
1501000.1160,1501000,1501000.1160,"EQC - 71 Sea View Road, Baylys Beach","EQC - 71 Sea View Road, Baylys Beach, Northland",Vero Insurance New Zealand Limited,2023-11-20,AK,Philip Mathewson,173.742895,-35.949871,,False,
1501000.1161,1501000,1501000.1161,"EQC - 91 Rosario Crescent, Red Beach","EQC - 91 Rosario Crescent, Red Beach, Auckland",AA Insurance Limited,2023-11-22,AK,Philip Mathewson,174.70221,-36.601615,,False,
1501000.1162,1501000,1501000.1162,"EQC - 16 Pa Road, Pukerua Bay, Porirua","EQC - 16 Pa Road, Pukerua Bay, Porirua, Wellington, 5026, NZL",Vero Insurance New Zealand Limited,2023-11-22,WN,Shirley Wang,174.896036,-41.030208,Porirua City,True,
1501000.1163,1501000,1501000.1163,"EQC - 1 Zaida Way, Maupuia, Wellington","EQC - 1 Zaida Way, Maupuia, Wellington, 6022, NZL",Vero Insurance New Zealand Limited,2023-11-27,WN,Shirley Wang,174.813518,-41.310424,Wellington City,True,
1501000.1164,1501000,1501000.1164,"EQC - 4/82 Bassett Road, Remuera","EQC - 4/82 Bassett Road, Remuera, Auckland, 1050, NZL",Vero Insurance New Zealand Limited,2023-11-29,AK,Philip Mathewson,174.782798,-36.869711,,False,
1501000.1165,1501000,1501000.1165,"EQC - 12 Adams Road, Whataupoko, Gisborn","EQC - 12 Adams Road, Whataupoko, Gisborne, 4010, NZL",AA Insurance Limited,2023-11-29,HM,Ryan Tutbury,178.03604,-38.653441,,False,
1501000.1166,1501000,1501000.1166,"EQC - 27 Pinebrook Lane, Maraetai","EQC - 27 Pinebrook Lane, Maraetai, Auckland, 2018, NZL",AA Insurance Limited,2023-11-29,AK,Philip Mathewson,175.044691,-36.885187,,False,
1501000.1167,1501000,1501000.1167,"EQC - 25 Highbury Road, Highbury, WGTN","EQC - 25 Highbury Road, Highbury, Wellington, 6012, NZL",Vero Insurance New Zealand Limited,2023-11-29,WN,Shirley Wang,174.754971,-41.293063,Wellington City,True,
1501000.1168,1501000,1501000.1168,"EQC - 2A Toroa Terrace, Mount Albert","EQC - 2A Toroa Terrace, Mount Albert, Auckland, 1025, NZL",IAG New Zealand Limited,2023-11-30,AK,Philip Mathewson,174.721842,-36.889225,,False,
1501000.1169,1501000,1501000.1169,EQC - 5449 Masterton Castlepoint Road,"EQC - 5449 Masterton Castlepoint Road, Tinui, Wellington, 5889, NZL",Vero Insurance New Zealand Limited,2023-12-01,WN,Shirley Wang,176.188254,-40.869772,,False,
1501000.1170,1501000,1501000.1170,"EQC - 11 Forest Park Lane, Whataupoko, G","EQC - 11 Forest Park Lane, Whataupoko, Gisborne, 4010, NZL",AA Insurance Limited,2023-12-01,HM,Ryan Tutbury,178.036798,-38.65474,,False,
1501000.1171,1501000,1501000.1171,"EQC - 5 Seaside Avenue, Waterview","EQC - 5 Seaside Avenue, Waterview, Auckland, 1026, NZL",Vero Insurance New Zealand Limited,2023-12-08,AK,Philip Mathewson,174.697057,-36.880366,,False,
1501000.1172,1501000,1501000.1172,"EQC - 2/27 Waratah Street, Birkenhead","EQC - 2/27 Waratah Street, Birkenhead, Auckland, 0626, NZL",AA Insurance Limited,2023-12-08,AK,Philip Mathewson,174.728331,-36.806905,,False,
1501000.1174,1501000,1501000.1174,"EQC - 26A Hill Road, Whataupoko, Gisborn","EQC - 26A Hill Road, Whataupoko, Gisborne, 4010, NZL",Vero Insurance New Zealand Limited,2023-12-08,HM,Ryan Tutbury,178.03016,-38.648699,,False,
1501000.1175,1501000,1501000.1175,"EQC - 284 Maunu Road, Horahora","EQC - 284 Maunu Road, Horahora, Whangarei, Northland, 0110, NZL",AA Insurance Limited,2023-12-12,AK,Philip Mathewson,174.293789,-35.733845,,False,
1501000.1176,1501000,1501000.1176,"EQC - 25 Te Haumi Drive, Paihia","EQC - 25 Te Haumi Drive, Paihia, Northland, 0200, NZL",Vero Insurance New Zealand Limited,2023-12-12,AK,Philip Mathewson,174.097211,-35.303086,,False,
1501000.1177,1501000,1501000.1177,"EQC - 49 Newhaven Terrace, Mairangi Bay","EQC - 49 Newhaven Terrace, Mairangi Bay, Auckland, 0630, NZL",AA Insurance Limited,2023-12-13,AK,Philip Mathewson,174.750598,-36.743571,,False,
1501000.1178,1501000,1501000.1178,"EQC - 2/52 Kelburn Parade, Kelburn, WGTN","EQC - 2/52 Kelburn Parade, Kelburn, Wellington, 6012, NZL",Vero Insurance New Zealand Limited,2023-12-13,WN,Shirley Wang,174.767172,-41.28939,Wellington City,True,
1501000.1179,1501000,1501000.1179,"EQC - 63 Elan Place, Stanmore Bay","EQC - 63 Elan Place, Stanmore Bay, Whangaparaoa, Auckland, 0932, NZL",AA Insurance Limited,2023-12-19,AK,Philip Mathewson,174.743845,-36.636667,,False,
1501000.1180,1501000,1501000.1180,"EQC - 718 Mahia East Coast Road, Mahia,","EQC - 718 Mahia East Coast Road, Mahia, Hawke's Bay, 4198, NZL",AA Insurance Limited,2023-12-19,HM,Ryan Tutbury,177.941361,-39.097514,,False,
1501000.1181,1501000,1501000.1181,"EQC - 195 Valley Road, Mangapapa, Gisbor","EQC - 195 Valley Road, Mangapapa, Gisborne, 4010, NZL",AA Insurance Limited,2023-12-21,HM,Ryan Tutbury,178.022769,-38.638443,,False,
1501000.1155,1501000,1501000.1155,"22 Avon Street, Parnell","22 Avon Street, Parnell, Auckland, 1052, NZL",AA Insurance Limited,2024-01-01,AK,Philip Mathewson,174.7845863340001,-36.85332584499997,,False,
1501000.1182,1501000,1501000.1182,"EQC - 2/17 Marvon Downs Ave, Pakuranga","EQC - 2/17 Marvon Downs Ave, Pakuranga Heights, Auckland, 2010, NZL",Vero Insurance New Zealand Limited,2024-01-08,AK,Philip Mathewson,174.893212,-36.90959,,False,
1501000.1183,1501000,1501000.1183,"EQC - 8 High Street, Devonport","EQC - 8 High Street, Devonport, Auckland, 0624, NZL",AA Insurance Limited,2024-01-08,AK,Philip Mathewson,174.795915,-36.827762,,False,
1501000.1184,1501000,1501000.1184,"EQC - 7A Choice Avenue, Henderson","EQC - 7A Choice Avenue, Henderson, Auckland, 0612, NZL",Vero Insurance New Zealand Limited,2024-01-08,AK,Philip Mathewson,174.640015,-36.890595,,False,
1501000.1186,1501000,1501000.1186,"EQC - 28 Elmira Place, Browns Bay","EQC - 28 Elmira Place, Browns Bay, Auckland, 0630, NZL",Vero Insurance New Zealand Limited,2024-01-08,AK,Philip Mathewson,174.726699,-36.718691,,False,
1501000.1185,1501000,1501000.1185,"EQC - 11C Abbotts Way, Remuera","EQC - 11C Abbotts Way, Remuera, Auckland, 1050, NZL",AA Insurance Limited,2024-01-09,AK,Philip Mathewson,174.813409,-36.888548,,False,
1501000.1187,1501000,1501000.1187,"EQC - 248 Ohiwa Harbour Road, Waiotahe","EQC - 248 Ohiwa Harbour Road, Waiotahe, Opotiki, Bay of Plenty, 3198, NZL",AA Insurance Limited,2024-01-10,HM,Ryan Tutbury,177.162241,-38.000752,,False,
1501000.1188,1501000,1501000.1188,"EQC - 858D Thames Coast Road, Te Mata","EQC - 858D Thames Coast Road, Te Mata, Tapu, Waikato, 3575, NZL",AA Insurance Limited,2024-01-10,HM,Ryan Tutbury,175.501107,-36.974501,,False,
1501000.1189,1501000,1501000.1189,"EQC - 27 Wiles Avenue, Remuera","EQC - 27 Wiles Avenue, Remuera, Auckland, 1050, NZL",AA Insurance Limited,2024-01-11,AK,Dion Willcocks,174.790004,-36.868034,,False,
1501000.1190,1501000,1501000.1190,"EQC - 66 Puriri Glade, Maungaturoto","EQC - 66 Puriri Glade, Maungaturoto, Northland, 0588, NZL",Vero Insurance New Zealand Limited,2024-01-12,AK,Philip Mathewson,174.361681,-36.092939,,False,
1501000.1191,1501000,1501000.1191,"EQC - 123 Baylys Coast Road, Dargaville","EQC - 123 Baylys Coast Road, Dargaville, Northland, 0377, NZL",Vero Insurance New Zealand Limited,2024-01-12,AK,Philip Mathewson,173.830315,-35.945822,,False,
1501000.1192,1501000,1501000.1192,"EQC - 148 Glendhu Road, Bayview","EQC - 148 Glendhu Road, Bayview, Auckland, 0629, NZL",Vero Insurance New Zealand Limited,2024-01-12,AK,Philip Mathewson,174.705567,-36.770649,,False,
1501000.1193,1501000,1501000.1193,EQC - Lot 3 DP 202440 Kapawiti Road,"EQC - Lot 3 DP 202440 Kapawiti Rd, Mangawhai, 0573, NZL",Vero Insurance New Zealand Limited,2024-01-22,AK,Philip Mathewson,174.548071,-36.075809,,False,
1501000.1194,1501000,1501000.1194,"EQC - 50 Domain Road, Putaruru, Waikato","EQC - 50 Domain Road, Putaruru, Waikato, 3482, NZL",Vero Insurance New Zealand Limited,2024-01-22,HM,Ryan Tutbury,175.797024,-38.059651,,False,
1501000.1195,1501000,1501000.1195,"EQC - 72 Wallis Street, Raglan, Waikato","EQC - 72 Wallis Street, Raglan, Waikato, 3225, NZL",Vero Insurance New Zealand Limited,2024-01-31,HM,Ryan Tutbury,174.876111,-37.795228,,False,
1501000.1196,1501000,1501000.1196,"EQC - 9 Queen Mary Avenue, New Lynn","EQC - 9 Queen Mary Avenue, New Lynn, Auckland, 0600, NZL",Vero Insurance New Zealand Limited,2024-01-31,AK,Philip Mathewson,174.676872,-36.902562,,False,
1501000.1197,1501000,1501000.1197,"EQC - 98 Shakespeare Road, Bluff Hill","EQC - 98 Shakespeare Road, Bluff Hill, Napier, Hawke's Bay, 4110, NZL",AA Insurance Limited,2024-02-22,HM,Ryan Tutbury,176.91039,-39.484505,,False,
1501000.1198,1501000,1501000.1198,EQC - 10/99 Shelly Beach Road,"EQC - 10/99 Shelly Beach Road, Saint Marys Bay, Auckland, 1011, NZL",Vero Insurance New Zealand Limited,2024-02-22,AK,Philip Mathewson,174.742938,-36.840542,,False,
1501000.1199,1501000,1501000.1199,"EQC - 31 Godden Crescent, Mission Bay","EQC - 31 Godden Crescent, Mission Bay, Auckland, 1071, NZL",Vero Insurance New Zealand Limited,2024-02-23,AK,Dion Willcocks,174.828907,-36.859204,,False,
1501000.1214,1501000,1501000.1214,"EQC - 2/8 Jasper Way, Washington Valley","EQC -2/8 Jasper Way, Washington Valley, Nelson",Vero Insurance New Zealand Limited,2024-03-01,NE,Marcus Lovell,173.269712,-41.275737,,False,
1501000.1200,1501000,1501000.1200,"EQC - 64 Robbies Road, Shelly Park","EQC - 64 Robbies Road, Shelly Park, Auckland, 2014, NZL",Vero Insurance New Zealand Limited,2024-03-03,AK,Philip Mathewson,174.948281,-36.903527,,False,
1501000.1201,1501000,1501000.1201,"EQC - 33 Outlook Road, Greenhithe","EQC - 33 Outlook Road, Greenhithe, Auckland, 0632, NZL",Vero Insurance New Zealand Limited,2024-03-03,AK,Philip Mathewson,174.674302,-36.776569,,False,
1501000.1202,1501000,1501000.1202,"EQC - 83 Preston Crescent, Dunedin","EQC - 83 Preston Crescent, Belleknowes, Dunedin, Otago, 9011, NZL",Vero Insurance New Zealand Limited,2024-03-04,CH,Anna Sleight,170.480329,-45.875941,,False,
1501000.1203,1501000,1501000.1203,"EQC - 12 First Avenue, Stanley Point","EQC - 12 First Avenue, Stanley Point, Auckland, 0624, NZL",Vero Insurance New Zealand Limited,2024-03-04,AK,Dion Willcocks,174.776619,-36.824874,,False,
1501000.1204,1501000,1501000.1204,"EQC - 3/48 Pukeora Avenue, Remuera","EQC - 3/48 Pukeora Avenue, Remuera, Auckland, 1050, NZL",AA Insurance Limited,2024-03-05,AK,Philip Mathewson,174.816456,-36.876506,,False,
1501000.1205,1501000,1501000.1205,"EQC - 287 Forest Hill Road, Waiatarua","EQC - 287 Forest Hill Road, Waiatarua, Auckland, 0612, NZL",Vero Insurance New Zealand Limited,2024-03-08,AK,Philip Mathewson,174.583653,-36.921626,,False,
1501000.1206,1501000,1501000.1206,"EQC - 77G Goodall Street, Hillsborough","EQC - 77G Goodall Street, Hillsborough, Auckland, 1042, NZL",Vero Insurance New Zealand Limited,2024-03-08,AK,Philip Mathewson,174.757543,-36.928779,,False,
1501000.1207,1501000,1501000.1207,"EQC - 387 Horseshoe Bush Rd, Dairy Flat","EQC - 387 Horseshoe Bush Road, Dairy Flat, Auckland, 0794, NZL",AA Insurance Limited,2024-03-08,AK,Philip Mathewson,174.600055,-36.662293,,False,
1501000.1208,1501000,1501000.1208,"EQC - 35 Kemp Road, Massey","EQC - 35 Kemp Road, Massey, Auckland, 0614, NZL",AA Insurance Limited,2024-03-10,AK,Philip Mathewson,174.609671,-36.832963,,False,
1501000.1209,1501000,1501000.1209,"EQC - 34 Lynbrooke Ave, Blockhouse Bay","EQC - 34 Lynbrooke Avenue, Blockhouse Bay, Auckland, 0600, NZL",AA Insurance Limited,2024-03-10,AK,Philip Mathewson,174.712263,-36.92433,,False,
1501000.1210,1501000,1501000.1210,"EQC - 44 Takahe Road, Titirangi","EQC - 44 Takahe Road, Titirangi, Auckland, 0604, NZL",Vero Insurance New Zealand Limited,2024-03-20,AK,Philip Mathewson,174.665992,-36.940746,,False,
1501000.1476,1501000,1501000.1476,"NHC-5 Kauri Point Road, Laingholm, AKL","NHC-5 Kauri Point Road, Laingholm, Auckland, 0604, NZL",Vero Insurance New Zealand Limited,2024-03-24,AK,Dion Willcocks,174.634963,-36.970117,,False,
1501000.1211,1501000,1501000.1211,"EQC - 9 Caram Place, Birkenhead","EQC - 9 Caram Place, Birkenhead, Auckland, 0626, NZL",Vero Insurance New Zealand Limited,2024-03-26,AK,Philip Mathewson,174.711268,-36.807581,,False,
1501000.1212,1501000,1501000.1212,"EQC - 54 Vermont Street, Ponsonby","EQC - 54 Vermont Street, Ponsonby, Auckland, 1011, NZL",Vero Insurance New Zealand Limited,2024-03-27,AK,Philip Mathewson,174.742084,-36.853834,,False,
1501000.1213,1501000,1501000.1213,"EQC - 24 Manurewa Grove, Wainuiomata","EQC - 24 Manurewa Grove, Wainuiomata, Lower Hutt, Wellington, 5014, NZL",Vero Insurance New Zealand Limited,2024-04-04,WN,Shirley Wang,174.938402,-41.24644,Lower Hutt City,True,
1501000.1215,1501000,1501000.1215,"EQC - 5A Atkinson Road, Titirangi","EQC - 5A Atkinson Road, Titirangi, Auckland, 0604, NZL",AA Insurance Limited,2024-04-11,AK,Philip Mathewson,174.658698,-36.921754,,False,
1501000.1216,1501000,1501000.1216,"EQC - 12 Walbrook Road, Manly","EQC - 12 Walbrook Road, Manly, Whangaparaoa, Auckland, 0930, NZL",Vero Insurance New Zealand Limited,2024-04-12,AK,Philip Mathewson,174.767653,-36.632193,,False,
1501000.1217,1501000,1501000.1217,"EQC - 4 Paisley Street, Mellons Bay","EQC - 4 Paisley Street, Mellons Bay, Auckland, 2014, NZL",Vero Insurance New Zealand Limited,2024-04-12,AK,Philip Mathewson,174.930145,-36.889302,,False,
1501000.1218,1501000,1501000.1218,"EQC - 58 Holyoake Place, Chatswood","EQC - 58 Holyoake Place, Chatswood, Auckland, 0626, NZL",Vero Insurance New Zealand Limited,2024-04-15,AK,Philip Mathewson,174.720289,-36.815797,,False,
1501000.1219,1501000,1501000.1219,"EQC - 97 Vermont Street, Ponsonby","EQC - 97 Vermont Street, Ponsonby, Auckland, 1011, NZL",Vero Insurance New Zealand Limited,2024-04-26,AK,Philip Mathewson,174.739439,-36.852932,,False,
1501000.1220,1501000,1501000.1220,"EQC - 530 Great North Road, Grey Lynn","EQC - 530 Great North Road, Grey Lynn, Auckland, 1021, NZL",Vero Insurance New Zealand Limited,2024-04-26,AK,Philip Mathewson,174.73777,-36.866458,,False,
1501000.1221,1501000,1501000.1221,"EQC - 3/18 Tonar Street, Northcote","EQC - 3/18 Tonar Street, Northcote, Auckland, 0627, NZL",AA Insurance Limited,2024-04-30,AK,Philip Mathewson,174.746693,-36.794431,,False,
1501000.1222,1501000,1501000.1222,"EQC - 47 Finch Street, Morningside","EQC - 47 Finch Street, Morningside, Auckland, 1022, NZL",Vero Insurance New Zealand Limited,2024-04-30,AK,Philip Mathewson,174.735381,-36.870347,,False,
1501000.1223,1501000,1501000.1223,"EQC - 277 West Tamaki Road, Wai O Taiki","EQC - 277 West Tamaki Road, Wai O Taiki Bay, Auckland, 1072, NZL",Vero Insurance New Zealand Limited,2024-04-30,AK,Philip Mathewson,174.878284,-36.869351,,False,
1501000.1224,1501000,1501000.1224,"EQC - 56 Rata Street, New Lynn","EQC - 56 Rata Street, New Lynn, Auckland, 0600, NZL",Vero Insurance New Zealand Limited,2024-05-02,AK,Philip Mathewson,174.679648,-36.904377,,False,
1501000.1225,1501000,1501000.1225,"EQC - 13 Milan Drive, Glen Eden","EQC - 13 Milan Drive, Glen Eden, Auckland, 0602, NZL",Vero Insurance New Zealand Limited,2024-05-02,AK,Philip Mathewson,174.630088,-36.911158,,False,
1501000.1226,1501000,1501000.1226,EQC - 1113 Glenorchy-Queenstown Road,"EQC - 1113 Glenorchy-Queenstown Road, Mount Creighton, Queenstown, Otago, 9371, NZL",Vero Insurance New Zealand Limited,2024-05-07,CH,Anna Sleight,168.527476,-45.069593,,False,
1501000.1227,1501000,1501000.1227,"EQC - 12 Staley Road, Parau","EQC - 12 Staley Road, Parau, Auckland, 0604, NZL",Vero Insurance New Zealand Limited,2024-05-07,AK,Philip Mathewson,174.615806,-36.973436,,False,
1501000.1228,1501000,1501000.1228,"EQC - 19 Gaya Grove, Ngaio, Wellington","EQC - 19 Gaya Grove, Ngaio, Wellington, 6035, NZL",AA Insurance Limited,2024-05-14,WN,Shirley Wang,174.775619,-41.243256,Wellington City,True,
1501000.1229,1501000,1501000.1229,"EQC - 19A Hepburn Creek Road, Warkworth","EQC - 19A Hepburn Creek Road, Warkworth, Auckland, 0981, NZL",AA Insurance Limited,2024-05-15,AK,Philip Mathewson,174.676838,-36.41235,,False,
1501000.1230,1501000,1501000.1230,"EQC - 17 Gaya Grove, Ngaio, Wellington","EQC - 17 Gaya Grove, Ngaio, Wellington",Vero Insurance New Zealand Limited,2024-05-16,WN,Shirley Wang,174.775547,-41.243072,Wellington City,True,
1501000.1231,1501000,1501000.1231,"EQC - 98a State Highway 12, Opononi","EQC - 98a State Highway 12, Opononi, Northland",Vero Insurance New Zealand Limited,2024-05-27,AK,Philip Mathewson,173.402977,-35.499792,,False,
1501000.1232,1501000,1501000.1232,"EQC - 79 Gilletta Road, Mount Roskill","EQC - 79 Gilletta Road, Mount Roskill",Vero Insurance New Zealand Limited,2024-05-30,AK,Philip Mathewson,174.710827,-36.926642,,False,
1501000.1233,1501000,1501000.1233,"EQC - 63 Orakei Road, Remuera, Auckland","EQC - 63 Orakei Road, Remuera, Auckland",Vero Insurance New Zealand Limited,2024-06-04,AK,Philip Mathewson,174.803698,-36.875258,,False,
1501000.1234,1501000,1501000.1234,"EQC - 75 Edmund Street, Auckland","EQC - 75 Edmund Street, St Heliers, Auckland",Vero Insurance New Zealand Limited,2024-06-07,AK,Philip Mathewson,174.848124,-36.858782,,False,
1501000.1235,1501000,1501000.1235,"EQC - 13a Anson Place, Auckland","EQC - 13a Anson Place, St Johns, Auckland",AA Insurance Limited,2024-06-07,AK,Philip Mathewson,174.848247,-36.873719,,False,
1501000.1236,1501000,1501000.1236,"EQC - 8 Fisherton Street, Auckland","EQC - 8 Fisherton Street, Grey Lynn, Auckland",AA Insurance Limited,2024-06-07,AK,Stefan Huszak,174.732,-36.861581,,False,
1501000.1237,1501000,1501000.1237,"EQC - 24 Wigmore Crescent, Hahei, Waikat","EQC - 24 Wigmore Crescent, Hahei, Waikato, 3591, NZL",Vero Insurance New Zealand Limited,2024-06-12,HM,Ryan Tutbury,175.812135,-36.842104,,False,
1501000.1238,1501000,1501000.1238,"EQC - 25A Layton Road, Manly, Whangapara","EQC - 25A Layton Road, Manly, Whangaparaoa, Auckland",Vero Insurance New Zealand Limited,2024-06-13,AK,Philip Mathewson,174.750923,-36.632057,,False,
1501000.1239,1501000,1501000.1239,"EQC - 44 Karaka Park Place, Glendowie","EQC - 44 Karaka Park Place, Glendowie",AA Insurance Limited,2024-06-13,AK,Philip Mathewson,174.871693,-36.84958,,False,
1501000.1240,1501000,1501000.1240,"EQC - 31C Canberra Avenue, Lynfield","EQC - 31C Canberra Avenue, Lynfield, Auckland",AA Insurance Limited,2024-06-26,AK,Philip Mathewson,174.724641,-36.930092,,False,
1501000.1241,1501000,1501000.1241,"NHC - 54 Edmund Street, St Heliers","NHC - 54 Edmund Street, St Heliers, Auckland",Vero Insurance New Zealand Limited,2024-07-15,AK,Philip Mathewson,174.849313,-36.858555,,False,
1501000.1242,1501000,1501000.1242,"NHC - 67 Hooker Avenue, Chedworth, Hamil","NHC - 67 Hooker Avenue, Chedworth, Hamilton, Waikato, 3210, NZL",Ando Insurance Group Limited,2024-07-15,HM,Ryan Tutbury,175.282349,-37.747711,,False,
1501000.1243,1501000,1501000.1243,"NHC - 28 Odin Place, Beach Haven, AKL","NHC - 28 Odin Place, Beach Haven, AKL",AA Insurance Limited,2024-07-16,AK,Philip Mathewson,174.694562,-36.809151,,False,
1501000.1244,1501000,1501000.1244,NHC - 129 Raumanga Heights Drive,"NHC - 129 Raumanga Heights Drive, Raumanga, Whangarei, Northland",AA Insurance Limited,2024-07-31,AK,Philip Mathewson,174.294887,-35.747526,,False,
1501000.1245,1501000,1501000.1245,"NHC-15 Ocean View Road, Port Waikato","NHC-15 Ocean View Road, Port Waikato, Waikato, 2695, NZL",AA Insurance Limited,2024-08-01,HM,Ryan Tutbury,174.71146,-37.396517,,False,
1501000.1246,1501000,1501000.1246,"NHC-17 Ocean View Road, Port Waikato","NHC-17 Ocean View Road, Port Waikato, Waikato, 2695, NZL",Vero Insurance New Zealand Limited,2024-08-01,HM,Ryan Tutbury,174.711517,-37.396383,,False,
1501000.1427,1501000,1501000.1427,"EQC - 12 Brown Road, Ohope, Bay of Plent","EQC - 12 Brown Road, Ohope, Bay of Plenty, 3121, NZL",Vero Insurance New Zealand Limited,2024-08-02,HM,Ryan Tutbury,177.029868,-37.962887,,False,
1501000.1428,1501000,1501000.1428,"NHC - 191 Barkers Hill Road, Whataupoko","NHC - 191 Barkers Hill Road, Whataupoko, Gisborne, 4010, NZL",AA Insurance Limited,2024-08-12,HM,Ryan Tutbury,178.033071,-38.649245,,False,
1501000.1429,1501000,1501000.1429,"NHC - 1/311 Rangatira Road, Auckland","NHC - 1/311 Rangatira Road, Beach Haven, Auckland",AA Insurance Limited,2024-08-12,AK,Philip Mathewson,174.688856,-36.792839,,False,
1501000.1247,1501000,1501000.1247,"NHC - 8 Havenwood Place, Birkenhead","NHC - 8 Havenwood Place, Birkenhead, Auckland",Vero Insurance New Zealand Limited,2024-08-14,AK,Philip Mathewson,174.731882,-36.80422,,False,
1501000.1430,1501000,1501000.1430,"NHC - 57A Maritime Terrace, Birkenhead","NHC - 57A Maritime Terrace, Birkenhead, Auckland",Vero Insurance New Zealand Limited,2024-08-14,AK,Philip Mathewson,174.73899,-36.817979,,False,
1501000.1248,1501000,1501000.1248,"NHC - 8 Elizabeth Place, Mairangi Bay","NHC - 8 Elizabeth Place, Mairangi Bay, Auckland",AA Insurance Limited,2024-08-26,AK,Philip Mathewson,174.740755,-36.745431,,False,
1501000.1431,1501000,1501000.1431,"NHC - 9 Witham Street, Island Bay, WGTN","NHC - 9 Witham Street, Island Bay, Wellington, 6023, NZL",Vero Insurance New Zealand Limited,2024-08-28,WN,Shirley Wang,174.7801,-41.337589,Wellington City,True,
1501000.1432,1501000,1501000.1432,"NHC - 60 Collins Avenue, Tawa, WGTN","NHC - 60 Collins Avenue, Tawa, Wellington, 5028, NZL",AA Insurance Limited,2024-09-02,WN,Shirley Wang,174.840038,-41.162095,Wellington City,True,
1501000.1433,1501000,1501000.1433,"NHC - 49 Motuhara Road, Plimmerton","NHC - 49 Motuhara Road, Plimmerton, Porirua, Wellington, 5026, NZL",AA Insurance Limited,2024-09-12,WN,Shirley Wang,174.863645,-41.076608,Porirua City,True,
1501000.1434,1501000,1501000.1434,"NHC - 94 Severn Street, Island Bay, WEL","NHC - 94 Severn Street, Island Bay, Wellington, 6023, NZL",AA Insurance Limited,2024-09-16,WN,Shirley Wang,174.764207,-41.342108,Wellington City,True,
1501000.1435,1501000,1501000.1435,"NHC - 5/7 Dransfield Street, Vogeltown","NHC - 5/7 Dransfield Street, Vogeltown, Wellington, 6021, NZL",Vero Insurance New Zealand Limited,2024-09-16,WN,Shirley Wang,174.770926,-41.313172,Wellington City,True,
1501000.1436,1501000,1501000.1436,"NHC - 25 Castle Street, Grey Lynn, AKL","NHC - 25 Castle Street, Grey Lynn, AKL",Vero Insurance New Zealand Limited,2024-09-17,AK,Philip Mathewson,174.730753,-36.86087,,False,
1501000.1437,1501000,1501000.1437,"NHC - 51 Connaught Terrace, Brooklyn","NHC - 51 Connaught Terrace, Brooklyn, Wellington, 6021, NZL",Vero Insurance New Zealand Limited,2024-09-30,WN,Shirley Wang,174.766394,-41.309713,Wellington City,True,
1501000.1438,1501000,1501000.1438,"NHC - 46 Highbury Road, Highbury, Wel","NHC - 46 Highbury Road, Highbury, Wellington, 6012, NZL",Vero Insurance New Zealand Limited,2024-09-30,WN,Shirley Wang,174.754292,-41.293282,Wellington City,True,
1501000.1439,1501000,1501000.1439,"NHC - 342 Tucker Beach Road, Queenstown","NHC - 342 Tucker Beach Road, Queenstown Hill, Queenstown, Otago, 9371, NZL",Vero Insurance New Zealand Limited,2024-10-02,CH,Anna Sleight,168.735472,-44.989788,,False,
1501000.1249,1501000,1501000.1249,"NHC - 49 Tainui Road, Tainui, Dunedin","NHC - 49 Tainui Road, Tainui, Dunedin, Otago",AA Insurance Limited,2024-10-08,CH,Hannah Udell,170.523636,-45.900348,,False,
1501000.1250,1501000,1501000.1250,"NHC - 362 Speargrass Flat Road, Otago","NHC - 362 Speargrass Flat Road, Speargrass Flat, Queenstown",Vero Insurance New Zealand Limited,2024-10-08,HM,Hannah Udell,168.788409,-44.962962,,False,
1501000.1440,1501000,1501000.1440,"NHC - 78 Sidey Street, Calton Hill, Dune","NHC - 78 Sidey Street, Calton Hill, Dunedin, Otago, 9012, NZL",AA Insurance Limited,2024-10-11,HM,Hannah Udell,170.47513,-45.899834,,False,
1501000.1441,1501000,1501000.1441,"NHC - 29 Kamura Street, Tainui, Dunedin,","NHC - 29 Kamura Street, Tainui, Dunedin, Otago, 9013, NZL",AA Insurance Limited,2024-10-11,HM,Hannah Udell,170.524089,-45.899918,,False,
1501000.1442,1501000,1501000.1442,"NHC - 51 Tainui Road, Tainui, Dunedin","NHC - 51 Tainui Road, Tainui, Dunedin, Otago, 9013, NZL",AA Insurance Limited,2024-10-14,HM,Hannah Udell,170.523761,-45.900411,,False,
1501000.1443,1501000,1501000.1443,"NHC - 4 Bouverie Street, Dunedin, Otago","NHC - 4 Bouverie Street, North East Valley, Dunedin, Otago, 9010, NZL",AA Insurance Limited,2024-10-14,HM,Hannah Udell,170.5352,-45.848374,,False,
1501000.1444,1501000,1501000.1444,"NHC - 68 Lindsay Road, Balaclava, Dun","NHC - 68 Lindsay Road, Balaclava, Dunedin, Otago, 9011, NZL",AA Insurance Limited,2024-10-14,HM,Hannah Udell,170.473967,-45.8929,,False,
1501000.1445,1501000,1501000.1445,"NHC - 18 Arnold Street, North East Valle","NHC - 18 Arnold Street, North East Valley, Dunedin, Otago, 9010, NZL",AA Insurance Limited,2024-10-14,HM,Hannah Udell,170.535046,-45.848243,,False,
1501000.1446,1501000,1501000.1446,"NHC - 10 Bouverie Street, North East Val","NHC - 10 Bouverie Street, North East Valley, Dunedin, Otago, 9010, NZL",AA Insurance Limited,2024-10-14,HM,Hannah Udell,170.535036,-45.848442,,False,
1501000.1447,1501000,1501000.1447,"NHC - 26 Bridge Street, Clyde Hill, Dun","NHC - 26 Bridge Street, Clyde Hill, Dunedin, Otago, 9011, NZL",AA Insurance Limited,2024-10-14,HM,Hannah Udell,170.486433,-45.892515,,False,
1501000.1448,1501000,1501000.1448,"NHC - 47 Tainui Road, Tainui, Dunedin","NHC - 47 Tainui Road, Tainui, Dunedin, Otago, 9013, NZL",AA Insurance Limited,2024-10-14,HM,Hannah Udell,170.523609,-45.900167,,False,
1501000.1449,1501000,1501000.1449,"NHC - Unit C & D, 53 Tainui Road, Tainui","NHC - Unit C & D, 53 Tainui Road, Tainui, Dunedin, Otago, 9013, NZL",Vero Insurance New Zealand Limited,2024-10-14,HM,Hannah Udell,170.52386,-45.900631,,False,
1501000.1450,1501000,1501000.1450,"NHC - 311 Portobello Road, The Cove, Dun","NHC - 311 Portobello Road, The Cove, Dunedin, Otago, 9077, NZL",Vero Insurance New Zealand Limited,2024-10-14,HM,Hannah Udell,170.555749,-45.880616,,False,
1501000.1451,1501000,1501000.1451,"NHC - 23 Wallis Road, Kaiti, Gisborne, 4","NHC - 23 Wallis Road, Kaiti, Gisborne, 4010, NZL",AA Insurance Limited,2024-10-14,HM,Ryan Tutbury,178.042977,-38.682941,,False,
1501000.1452,1501000,1501000.1452,"NHC - 7 Como Street, Maori Hill, Dunedin","NHC - 7 Como Street, Maori Hill, Dunedin, Otago",AA Insurance Limited,2024-10-15,HM,Hannah Udell,170.504943,-45.860183,,False,
1501000.1453,1501000,1501000.1453,"NHC - 86 Koremata Street, Green Island","NHC - 86 Koremata Street, Green Island, Dunedin, Otago, 9018, NZL",AA Insurance Limited,2024-10-16,HM,Hannah Udell,170.449893,-45.906261,,False,
1501000.1454,1501000,1501000.1454,"NHC - 51 Hill Street, Purakaunui","NHC - 51 Hill Street, Purakaunui, Port Chalmers, Otago, 9081, NZL",Vero Insurance New Zealand Limited,2024-10-16,HM,Hannah Udell,170.628362,-45.745681,,False,
1501000.1455,1501000,1501000.1455,"NHC - 9 Caprera Street, Melrose, Wel","NHC - 9 Caprera Street, Melrose, Wellington, 6023, NZL",AA Insurance Limited,2024-10-17,WN,Shirley Wang,174.787692,-41.321446,Wellington City,True,
1501000.1456,1501000,1501000.1456,"NHC - 7 Caprera Street, Melrose, Wel","NHC - 7 Caprera Street, Melrose, Wellington, 6023, NZL",Vero Insurance New Zealand Limited,2024-10-17,WN,Shirley Wang,174.787567,-41.321424,Wellington City,True,
1501000.1251,1501000,1501000.1251,"NHC - 258 Portobello Road, The Cove","NHC - 258 Portobello Road, The Cove, Dunedin, Otago",Vero Insurance New Zealand Limited,2024-10-22,HM,Hannah Udell,170.544644,-45.879714,,False,
1501000.1457,1501000,1501000.1457,"NHC - 10 Allandale Road, Saint Clair","NHC - 10 Allandale Road, Saint Clair, Dunedin, Otago, 9012, NZL",Vero Insurance New Zealand Limited,2024-10-23,HM,Hannah Udell,170.486136,-45.906485,,False,
1501000.1458,1501000,1501000.1458,"NHC - 73 Hazlewood Avenue, Karori, Wel","NHC - 73 Hazlewood Avenue, Karori, Wellington, 6012, NZL",AA Insurance Limited,2024-10-24,WN,Shirley Wang,174.723765,-41.297653,Wellington City,True,
1501000.1459,1501000,1501000.1459,"NHC - 47 Serpentine Avenue, Dunedin","NHC - 47 Serpentine Avenue, Dunedin Central, Dunedin, Otago, 9016, NZL",Vero Insurance New Zealand Limited,2024-10-29,HM,Hannah Udell,170.491238,-45.8795,,False,
1501000.1460,1501000,1501000.1460,"NHC - 310 Portobello Road, The Cove, Dun","NHC - 310 Portobello Road, The Cove, Dunedin, Otago, 9077, NZL",IAG New Zealand Limited,2024-10-31,HM,Hannah Udell,170.556546,-45.88047,,False,
1501000.1461,1501000,1501000.1461,"NHC - 3/7 Dransfield Street, Vogeltown,","NHC - 3/7 Dransfield Street, Vogeltown, Wellington, 6021, NZL",Vero Insurance New Zealand Limited,2024-10-31,WN,Shirley Wang,174.770963,-41.312751,Wellington City,True,
1501000.1462,1501000,1501000.1462,"NHC - 135 Summer Hill Road, Kaitangata,","NHC - 135 Summer Hill Road, Kaitangata, Otago, 9282, NZL",Vero Insurance New Zealand Limited,2024-11-04,HM,Hannah Udell,169.838666,-46.299483,,False,
1501000.1463,1501000,1501000.1463,"NHC - 5 Haig Street, Mornington, Dunedin","NHC - 5 Haig Street, Mornington, Dunedin, Otago, 9011, NZL",Vero Insurance New Zealand Limited,2024-11-07,HM,Hannah Udell,170.482304,-45.882981,,False,
1501000.1464,1501000,1501000.1464,"NHC - 6 Wangaloa Road, Kaitangata, Otago","NHC - 6 Wangaloa Road, Kaitangata, Otago, 9210, NZL",Vero Insurance New Zealand Limited,2024-11-14,HM,Hannah Udell,169.852483,-46.281362,,False,
1501000.1252,1501000,1501000.1252,"NHC - 70 Te Mahia Road, Te Mahia","NHC - 70 Te Mahia Road, Te Mahia, Marlborough Sounds",AA Insurance Limited,2024-11-21,NE,John Westerson,173.972314,-41.216974,,False,
1501000.1465,1501000,1501000.1465,"NHC - 30 Elwyn Crescent, Green Island, D","NHC - 30 Elwyn Crescent, Green Island, Dunedin, Otago, 9018, NZL",Vero Insurance New Zealand Limited,2024-11-26,HM,Hannah Udell,170.422515,-45.91094,,False,
1501000.1466,1501000,1501000.1466,"NHC - 11A Kamla Way, Khandallah, Wel","NHC - 11A Kamla Way, Khandallah, Wellington, 6035, NZL",AA Insurance Limited,2024-11-27,WN,Shirley Wang,174.797528,-41.245595,Wellington City,True,
1501000.1467,1501000,1501000.1467,"NHC - 9 Wilkinson Street, Oriental Bay","NHC - 7/9 Wilkinson Street, Oriental Bay, Wellington, 6011, NZL",Vero Insurance New Zealand Limited,2024-11-28,WN,Shirley Wang,174.796485,-41.291704,Wellington City,True,
1501000.1253,1501000,1501000.1253,"NHC - 74 Verbena Road, Birkdale Auckland","NHC - 74 Verbena Road, Birkdale, Auckland",Vero Insurance New Zealand Limited,2024-12-02,AK,Philip Mathewson,174.709095,-36.800121,,False,
1501000.1468,1501000,1501000.1468,"NHC - 22 Ipswich Street, Bradford, Dun","NHC - 22 Ipswich Street, Bradford, Dunedin, Otago, 9011, NZL",AA Insurance Limited,2024-12-06,HM,Hannah Udell,170.472181,-45.870908,,False,
1501000.1469,1501000,1501000.1469,"NHC - 4 Glen Road, Mornington, Dunedin,","NHC - 4 Glen Road, Mornington, Dunedin, Otago, 9011, NZL",AA Insurance Limited,2024-12-09,HM,Hannah Udell,170.481256,-45.88524,,False,
1501000.1470,1501000,1501000.1470,"NHC - 54 Sar Street, Pipitea, Wellington","NHC - 54 Sar Street, Pipitea, Wellington, 6012, NZL",AA Insurance Limited,2024-12-10,WN,Shirley Wang,174.784534,-41.263734,Wellington City,True,
1501000.1471,1501000,1501000.1471,"NHC - 42 Queen Street, Te Puke, BOP","NHC - 42 Queen Street, Te Puke, Bay of Plenty, 3119, NZL",Vero Insurance New Zealand Limited,2025-01-13,HM,Ryan Tutbury,176.322734,-37.785476,,False,
1501000.1472,1501000,1501000.1472,"NHC - 5 Rangiora Avenue, Wellington","NHC - 5 Rangiora Avenue, Kaiwharawhara, Wellington",AA Insurance Limited,2025-01-14,WN,Shirley Wang,174.796578,-41.254724,Wellington City,True,
1501000.1473,1501000,1501000.1473,"NHC - 25 Roberta Crescent, Auckland","NHC - 25 Roberta Crescent, Orewa, Auckland",AA Insurance Limited,2025-01-16,AK,Dion Willcocks,174.679545,-36.578679,,False,
1501000.1254,1501000,1501000.1254,"NHC - 28 Sherbourne Road, Auckland","NHC - 28 Sherbourne Road, Mount Eden, Auckland",AA Insurance Limited,2025-02-10,AK,Dion Willcocks,174.757695,-36.876677,,False,
1501000.1474,1501000,1501000.1474,"NHC - 3 Rajputana Way, Khandallah","NHC - 3 Rajputana Way, Khandallah, Wellington, 6035, NZL",Vero Insurance New Zealand Limited,2025-02-27,WN,Shirley Wang,174.799403,-41.243358,Wellington City,True,
1501000.1475,1501000,1501000.1475,"NHC - 7 Major Aitken Drive, Huntsbury","NHC - 7 Major Aitken Drive, Huntsbury, Christchurch, Canterbury, 8022, NZL",AA Insurance Limited,2025-02-28,CH,Anna Sleight,172.64611,-43.570558,,False,
1501000.1255,1501000,1501000.1255,"NHC - 73 The Strand, Parnell, Auckland","NHC - 73 The Strand, Parnell, Auckland",Vero Insurance New Zealand Limited,2025-03-04,AK,Dion Willcocks,174.77878602900012,-36.849364571999956,,False,
1501000.1256,1501000,1501000.1256,"NHC - 4 Waterman Drive, Northland","NHC - 4 Waterman Drive, Langs Beach, Waipu, Northland",AA Insurance Limited,2025-03-12,AK,Dion Willcocks,174.525491,-36.039676,,False,
1501000.1257,1501000,1501000.1257,"NHC - 438 State Highway 1, Auckland","NHC - 438 State Highway 1, Dome Forest, Auckland",AA Insurance Limited,2025-04-30,AK,Dion Willcocks,174.615965,-36.367676,,False,
1501000.1258,1501000,1501000.1258,"NHC - 11 Hillsdale Road, Auckland","NHC - 11 Hillsdale Road, Hillsborough, Auckland",Vero Insurance New Zealand Limited,2025-05-02,AK,Dion Willcocks,174.743604,-36.929245,,False,
1501000.1478,1501000,1501000.1478,"NHC - 16 Cressy Terrace, Lyttelton","NHC - 16 Cressy Terrace, Lyttelton, Canterbury, 8082, NZL",Vero Insurance New Zealand Limited,2025-05-06,HM,Shirley Wang,172.709516,-43.604036,,False,
1501000.1259,1501000,1501000.1259,"NHC - 126B Clovelly Road, Auckland","NHC - 126B Clovelly Road, Bucklands Beach, Auckland",Vero Insurance New Zealand Limited,2025-05-07,AK,Dion Willcocks,174.908551,-36.864932,,False,
1501000.1477,1501000,1501000.1477,NHC - 6880 Christchurch Akaroa Road,"NHC - 6880 Christchurch Akaroa Road, Akaroa, Canterbury, 7581, NZL",Vero Insurance New Zealand Limited,2025-05-07,WN,Shirley Wang,172.964225,-43.79145,,False,
1501000.1260,1501000,1501000.1260,NHC - 3158 Paparoa-Oakleigh Road Paparoa,"NHC - 3158 Paparoa-Oakleigh Road, Paparoa, Northland",Vero Insurance New Zealand Limited,2025-05-08,AK,Dion Willcocks,174.241182,-36.091226,,False,
1501000.1261,1501000,1501000.1261,"NHC - 14 Renlee Place, Shelly Park, AKL","NHC - 14 Renlee Place, Shelly Park, Auckland",AA Insurance Limited,2025-05-13,AK,Dion Willcocks,174.949295,-36.908004,,False,
1501000.1262,1501000,1501000.1262,"NHC - 11A Appleyard Crescent, Auckland","NHC - 11A Appleyard Crescent, Meadowbank, Auckland",Vero Insurance New Zealand Limited,2025-05-14,AK,Dion Willcocks,174.828423,-36.871334,,False,
1501000.1479,1501000,1501000.1479,"NHC - 493 Old Taupiri Road, Ngaruawahia","NHC - 493 Old Taupiri Road, Ngaruawahia, Waikato, 3792, NZL",Vero Insurance New Zealand Limited,2025-05-15,HM,Zhi Chye,175.174763,-37.632942,,False,
1501000.1263,1501000,1501000.1263,"NHC - 33A Marydale Drive, Auckland","NHC - 33A Marydale Drive, Mount Roskill, Auckland",Vero Insurance New Zealand Limited,2025-05-19,AK,Dion Willcocks,174.730998,-36.925317,,False,
1501000.1480,1501000,1501000.1480,"NHC - 110 Town Point Road, Maketu, Bay o","NHC - 110 Town Point Road, Maketu, Bay of Plenty, 3189, NZL",AA Insurance Limited,2025-05-22,TG,Zhi Chye,176.463632,-37.750005,,False,
1501000.1481,1501000,1501000.1481,"NHC -89 Stott Avenue, Birkdale, Auckland","NHC - 89 Stott Avenue, Birkdale, Auckland, 0626, NZL",AA Insurance Limited,2025-05-23,AK,Dion Willcocks,174.6993,-36.803817,,False,
1501000.1482,1501000,1501000.1482,"NHC - 31 Tania Crescent, Western Heights","NHC - 31 Tania Crescent, Western Heights, Rotorua, Bay of Plenty, 3015, NZL",AA Insurance Limited,2025-05-30,TG,Zhi Chye,176.225249,-38.12436,,False,
1501000.1483,1501000,1501000.1483,"NHC - 30 Achilles Crescent, Welcome Bay,","NHC - 30 Achilles Crescent, Welcome Bay, Tauranga, Bay of Plenty, 3112, NZL",Vero Insurance New Zealand Limited,2025-06-03,TG,Zhi Chye,176.184098,-37.728615,,False,
1501000.1484,1501000,1501000.1484,"NHC - 107B Fraser Avenue, Johnsonville","NHC - 107B Fraser Avenue, Johnsonville, Wellington, 6037, NZL",Vero Insurance New Zealand Limited,2025-06-04,WN,Shirley Wang,174.802102,-41.232724,Wellington City,True,
1501000.1485,1501000,1501000.1485,"NHC - 3 Maruia Place, Minden, Bay of Ple","NHC - 3 Maruia Place, Minden, Bay of Plenty, 3176, NZL",AA Insurance Limited,2025-06-05,TG,Zhi Chye,176.065266,-37.702715,,False,
1501000.1264,1501000,1501000.1264,"NHC - 30B Fordham Street, Auckland","NHC - 30B Fordham Street, Beach Haven, Auckland",Vero Insurance New Zealand Limited,2025-06-06,AK,Dion Willcocks,174.694098,-36.796428,,False,
1501000.1265,1501000,1501000.1265,"NHC - 22 Access Heights, Kerikeri","NHC - 22 Access Heights, Kerikeri, Northland",Vero Insurance New Zealand Limited,2025-06-10,AK,Dion Willcocks,173.936494,-35.23091,,False,
1501000.1266,1501000,1501000.1266,"NHC - 154A Waimea Road, Nelson South","NHC - 154A Waimea Road, Nelson South, Nelson",AA Insurance Limited,2025-06-16,NE,John Westerson,173.268177,-41.292047,,False,
1501000.1267,1501000,1501000.1267,"NHC - 8 Wesley Bay Glade, Hillsborough","NHC - 8 Wesley Bay Glade, Hillsborough, Auckland",Vero Insurance New Zealand Limited,2025-06-16,AK,Stefan Huszak,174.748115,-36.931882,,False,
1501000.1486,1501000,1501000.1486,"NHC - 20 Clyde Street, Ferndale, NPL","NHC - 20 Clyde Street, Ferndale, New Plymouth, Taranaki, 4310, NZL",AA Insurance Limited,2025-06-16,WN,Shirley Wang,174.063131,-39.087225,,False,
1501000.1487,1501000,1501000.1487,"NHC - 43 Hawkhurst Road, Lyttelton, Cant","NHC - 43 Hawkhurst Road, Lyttelton, Canterbury, 8082, NZL",AA Insurance Limited,2025-06-16,WN,Shirley Wang,172.715175,-43.599482,,False,
1501000.1268,1501000,1501000.1268,"NHC - 22 Springlea Heights, Atawhai","NHC - 22 Springlea Heights, Atawhai, Nelson",AA Insurance Limited,2025-06-18,NE,John Westerson,173.326354,-41.246614,,False,
1501000.1488,1501000,1501000.1488,"NHC - 4A Abilene Crescent, Churton Park","NHC - 4A Abilene Crescent, Churton Park, Wellington, 6037, NZL",Vero Insurance New Zealand Limited,2025-06-18,WN,Shirley Wang,174.805772,-41.20742,Wellington City,True,
1501000.1489,1501000,1501000.1489,"NHC - 8399a State Highway 35, Waihau Bay","NHC - 8399A State Highway 35, Waihau Bay, Te Kaha, Bay of Plenty, 3199, NZL",Vero Insurance New Zealand Limited,2025-06-24,TG,Zhi Chye,177.8071,-37.665675,,False,
1501000.1490,1501000,1501000.1490,"NHC - 129 Nicholson Road, Khandallah","NHC - 129 Nicholson Road, Khandallah, Wellington, 6035, NZL",Vero Insurance New Zealand Limited,2025-06-24,WN,Shirley Wang,174.794558,-41.253261,Wellington City,True,
1501000.1269,1501000,1501000.1269,"NHC - 83 Russell Street, Stepneyville","NHC - 83 Russell Street, Stepneyville, Nelson",AA Insurance Limited,2025-06-26,NE,John Westerson,173.270726,-41.270308,,False,
1501000.1491,1501000,1501000.1491,"NHC - 107C Fraser Avenue, Johnsonville","NHC - 107C Fraser Avenue, Johnsonville, Wellington, 6037, NZL",AA Insurance Limited,2025-06-27,WN,Shirley Wang,174.802429,-41.232863,Wellington City,True,
1501000.1492,1501000,1501000.1492,"NHC - 107D Fraser Avenue, Johnsonville","NHC - 107D Fraser Avenue, Johnsonville, Wellington, 6037, NZL",AA Insurance Limited,2025-06-30,WN,Shirley Wang,174.802365,-41.232916,Wellington City,True,
1501000.1493,1501000,1501000.1493,"NHC - 107A Fraser Avenue, Johnsonville","NHC - 107A Fraser Avenue, Johnsonville, Wellington, 6037, NZL",Vero Insurance New Zealand Limited,2025-06-30,WN,Shirley Wang,174.802156,-41.232693,Wellington City,True,
1501000.1494,1501000,1501000.1494,"NHC - 28 Morrison Street, Caversham, Dun","NHC - 28 Morrison Street, Caversham, Dunedin, Otago, 9012, NZL",Vero Insurance New Zealand Limited,2025-07-01,HM,Hannah Udell,170.476611,-45.897487,,False,
1501000.1270,1501000,1501000.1270,"NHC - 7 Cresswell Lane, Riversdale","NHC - 7 Cresswell Lane, Riversdale, Bleheim, Marlborough",AA Insurance Limited,2025-07-03,NE,John Westerson,173.973574,-41.506551,,False,
1501000.1271,1501000,1501000.1271,"NHC - 109 Redvale Road, Redwood Valley","NHC - 109 Redvale Road, Redwood Valley, Richmond, Tasman",Vero Insurance New Zealand Limited,2025-07-04,NE,John Westerson,173.074528,-41.294024,,False,
1501000.1272,1501000,1501000.1272,"NHC - 52 Easton Park Parade, Glenfield","NHC - 52 Easton Park Parade, Glenfield, Auckland",Vero Insurance New Zealand Limited,2025-07-07,AK,Stefan Huszak,174.715294,-36.778132,,False,
1501000.1273,1501000,1501000.1273,"NHC - 330 The Esplanade, Island Bay, WLG","NHC - 330 The Esplanade, Island Bay, Wellington",AA Insurance Limited,2025-07-07,WN,Shirley Wang,174.768514,-41.347306,Wellington City,True,
1501000.1495,1501000,1501000.1495,"NHC - 58 Mataatua Road, Ruatahuna, Mingi","NHC - 58 Mataatua Road, Ruatahuna, Minginui, Bay of Plenty, 3079, NZL",Vero Insurance New Zealand Limited,2025-07-10,TG,Zhi Chye,176.967126,-38.615976,,False,
1501000.1496,1501000,1501000.1496,"NHC - 344A The Terrace, Te Aro, WLG","NHC - 344A The Terrace, Te Aro, Wellington, 6011, NZL",AA Insurance Limited,2025-07-11,WN,Shirley Wang,174.769314,-41.29262,Wellington City,True,
1501000.1274,1501000,1501000.1274,"NHC - 195 Dublin Road, Wakefield, Tasman","NHC - 195 Dublin Road, Wakefield, Tasman",Vero Insurance New Zealand Limited,2025-07-14,NE,John Westerson,173.045,-41.42961,,False,
1501000.1275,1501000,1501000.1275,"NHC - 166B Seaton Valley Road, Tasman","NHC - 166B Seaton Valley Road, Upper Moutere, Tasman",Vero Insurance New Zealand Limited,2025-07-14,NE,John Westerson,173.072684,-41.239124,,False,
1501000.1497,1501000,1501000.1497,"NHC - 16C Ferry Street, Seatoun, WLG","NHC - 16C Ferry Street, Seatoun, Wellington, 6022, NZL",Vero Insurance New Zealand Limited,2025-07-15,WN,Shirley Wang,174.828828,-41.320246,Wellington City,True,
1501000.1498,1501000,1501000.1498,"NHC - 2 Dunleith Grove, Silverstream","NHC - 2 Dunleith Grove, Silverstream, Upper Hutt, Wellington, 5019, NZL",AA Insurance Limited,2025-07-15,WN,Shirley Wang,175.008084,-41.155471,Upper Hutt City,True,
1501000.1499,1501000,1501000.1499,"NHC - 83 Dehra Doon Road, Riwaka, Motuek","NHC - 83 Dehra Doon Road, Riwaka, Motueka, Tasman, 7198, NZL",Vero Insurance New Zealand Limited,2025-07-15,NE,John Westerson,172.975052,-41.069577,,False,
1501000.1500,1501000,1501000.1500,"NHC - 135 Nicholson Road, Khandallah","NHC - 135 Nicholson Road, Khandallah, Wellington, 6035, NZL",Vero Insurance New Zealand Limited,2025-07-16,WN,Shirley Wang,174.79466,-41.25344,Wellington City,True,
1501000.1501,1501000,1501000.1501,"NHC - 134 Tapawera-Baton Road, Tapawera,","NHC - 134 Tapawera-Baton Road, Tapawera, Wakefield, Tasman, 7096, NZL",AA Insurance Limited,2025-07-16,NE,John Westerson,172.808624,-41.376386,,False,
1501000.1502,1501000,1501000.1502,"NHC - 36 Hillcrest Road, Whakatāne, Bay","NHC - 36 Hillcrest Road, Whakatāne, Bay of Plenty, 3120, NZL",AA Insurance Limited,2025-07-17,TG,Zhi Chye,177.000046,-37.955306,,False,
1501000.1503,1501000,1501000.1503,"NHC - 10/1 School Road, Plimmerton, WLG","NHC - 10/1 School Road, Plimmerton, Porirua, Wellington, 5026, NZL",Vero Insurance New Zealand Limited,2025-07-17,WN,Shirley Wang,174.865408,-41.081297,Porirua City,True,
1501000.1276,1501000,1501000.1276,"NHC - 100 Motutara Road, Muriwai, AKL","NHC - 100 Motutara Road, Muriwai, Auckland",AA Insurance Limited,2025-07-18,AK,Stefan Huszak,174.44015,-36.819916,,False,
1501000.1504,1501000,1501000.1504,"NHC - 21 Fell Street, Seddon, Marlboroug","NHC - 21 Fell Street, Seddon, Marlborough, 7210, NZL",AA Insurance Limited,2025-07-18,NE,John Westerson,174.075026,-41.668881,,False,
1501000.1505,1501000,1501000.1505,"NHC - 4 Dunleith Grove, Silverstream","NHC - 4 Dunleith Grove, Silverstream, Upper Hutt, Wellington, 5019, NZL",Vero Insurance New Zealand Limited,2025-07-18,WN,Shirley Wang,175.008192,-41.155561,Upper Hutt City,True,
1501000.1506,1501000,1501000.1506,"NHC - 15 Vallance Street, Kilbirnie, WLG","NHC - 15 Vallance Street, Kilbirnie, Wellington, 6022, NZL",Vero Insurance New Zealand Limited,2025-07-21,WN,Shirley Wang,174.791529,-41.314594,Wellington City,True,
1501000.1277,1501000,1501000.1277,"NHC - 2 Brabant Drive, Ruby Bay, Tasman","NHC - 2 Brabant Drive, Ruby Bay, Mapua, Tasman",Vero Insurance New Zealand Limited,2025-07-22,NE,John Westerson,173.083615,-41.229314,,False,
1501000.1278,1501000,1501000.1278,"NHC - 280 Rosedale Road, Upper Moutere","NHC - 280 Rosedale Road, Upper Moutere, Tasman",AA Insurance Limited,2025-07-24,NE,John Westerson,172.96296,-41.239808,,False,
1501000.1507,1501000,1501000.1507,"NHC - 5 Hepara Street, Hataitai, WLG","NHC - 5 Hepara Street, Hataitai, Wellington, 6021, NZL",AA Insurance Limited,2025-07-24,WN,Shirley Wang,174.797838,-41.298048,Wellington City,True,
1501000.1508,1501000,1501000.1508,"NHC - 243 Renners Road, Lower Dashwood","NHC - 243 Renners Road, Lower Dashwood, Seddon, Marlborough",Vero Insurance New Zealand Limited,2025-07-25,NE,John Westerson,174.159808,-41.598108,,False,
1501000.1509,1501000,1501000.1509,"NHC - 25 Highbury Road, Highbury, WLG","NHC - 25 Highbury Road, Highbury, Wellington, 6012, NZL",Vero Insurance New Zealand Limited,2025-07-25,WN,Shirley Wang,174.754909,-41.293032,Wellington City,True,
1501000.1510,1501000,1501000.1510,"NHC - 26 Batchelor Street, Newlands, WLG","NHC - 26 Batchelor Street, Newlands, Wellington, 6037, NZL",AA Insurance Limited,2025-07-28,WN,Shirley Wang,174.820099,-41.223774,Wellington City,True,
1501000.1511,1501000,1501000.1511,"NHC - 8 Fore Street, Kaiwharawhara, WLG","NHC - 8 Fore Street, Kaiwharawhara, Wellington, 6035, NZL",Vero Insurance New Zealand Limited,2025-07-29,WN,Shirley Wang,174.789693,-41.258664,Wellington City,True,
1501000.1279,1501000,1501000.1279,"NHC - 92 Dehra Doon Road, Riwaka, Motuek","NHC - 92 Dehra Doon Road, Riwaka, Motueka, Tasman",AA Insurance Limited,2025-07-30,NE,John Westerson,172.973863,-41.069286,,False,
1501000.1280,1501000,1501000.1280,"NHC - 7 Greenhill Road, Ngātīmoti Tasman","NHC - 7 Greenhill Road, Ngātīmoti, Motueka, Tasman",AA Insurance Limited,2025-07-30,NE,John Westerson,172.876901,-41.203029,,False,
1501000.1281,1501000,1501000.1281,"NHC - 65 Dehra Doon Road, Riwaka Tasman","NHC - 65 Dehra Doon Road, Riwaka, Motueka, Tasman",Vero Insurance New Zealand Limited,2025-07-30,NE,John Westerson,172.97682,-41.069655,,False,
1501000.1282,1501000,1501000.1282,"NHC - 94 Dehra Doon Road, Riwaka Motueka","NHC - 94 Dehra Doon Road, Riwaka, Motueka, Tasman",AA Insurance Limited,2025-07-31,NE,John Westerson,172.973555,-41.069281,,False,
1501000.1512,1501000,1501000.1512,"NHC - 29 John Bird Road, Te Puke, Bay of","NHC - 29 John Bird Road, Te Puke, Bay of Plenty, 3188, NZL",Vero Insurance New Zealand Limited,2025-07-31,TG,Zhi Chye,176.344761,-37.805543,,False,
1501000.1513,1501000,1501000.1513,"NHC - 1238 State Highway 2, Waiotahe,","NHC - 1238 State Highway 2, Waiotahe, Ōpōtiki, Bay of Plenty, 3198, NZL",Vero Insurance New Zealand Limited,2025-08-01,TG,Zhi Chye,177.227345,-37.992241,,False,
1501000.1283,1501000,1501000.1283,"NHC - 270A Triangle Road, Massey, AKL","NHC - 270A Triangle Road, Massey, Auckland",Vero Insurance New Zealand Limited,2025-08-04,AK,Stefan Huszak,174.624332,-36.843619,,False,
1501000.1284,1501000,1501000.1284,"NHC - 46 Redmill Road, Redwood Valley","NHC - 46 Redmill Road, Redwood Valley, Richmond, Tasman",Vero Insurance New Zealand Limited,2025-08-04,NE,John Westerson,173.073991,-41.287176,,False,
1501000.1285,1501000,1501000.1285,"NHC - 135 Akerbloms Road, Punga Cove","NHC - 135 Akerbloms Road, Punga Cove, Marlborough Sounds, Marlborough",AA Insurance Limited,2025-08-05,NE,John Westerson,174.156938,-41.130788,,False,
1501000.1286,1501000,1501000.1286,"NHC - 42 Mamaku Road, Tasman, Upper Mout","NHC - 42 Mamaku Road, Tasman, Upper Moutere, Tasman",Vero Insurance New Zealand Limited,2025-08-05,NE,John Westerson,173.063691,-41.212062,,False,
1501000.1287,1501000,1501000.1287,"NHC - 73 Moenui Road, Havelock, Marlboro","NHC - 73 Moenui Road, Havelock, Marlborough",AA Insurance Limited,2025-08-06,NE,John Westerson,173.796517,-41.27716,,False,
1501000.1514,1501000,1501000.1514,"NHC - 94 Oban Street, Wadestown, WLG","NHC - 94 Oban Street, Wadestown, Wellington, 6012, NZL",AA Insurance Limited,2025-08-07,WN,Shirley Wang,174.778229,-41.258438,Wellington City,True,
1501000.1515,1501000,1501000.1515,"NHC - 29 Old Coach Road, Johnsonville","NHC - 29 Old Coach Road, Johnsonville, Wellington, 6037, NZL",AA Insurance Limited,2025-08-08,WN,Shirley Wang,174.7947,-41.220698,Wellington City,True,
1501000.1516,1501000,1501000.1516,"NHC - 29A Old Coach Road, Johnsonville","NHC - 29A Old Coach Road, Johnsonville, Wellington, 6037, NZL",AA Insurance Limited,2025-08-08,WN,Shirley Wang,174.794724,-41.220611,Wellington City,True,
1501000.1517,1501000,1501000.1517,"NHC - 80 Farnham Street, Mornington, WLG","NHC - 80 Farnham Street, Mornington, Wellington, 6021, NZL",Vero Insurance New Zealand Limited,2025-08-08,WN,Shirley Wang,174.765972,-41.319031,Wellington City,True,
1501000.1518,1501000,1501000.1518,"NHC - 16 Bonithon Avenue, Moturoa, NPL","NHC - 16 Bonithon Avenue, Moturoa, New Plymouth, Taranaki, 4310, NZL",AA Insurance Limited,2025-08-08,WN,Shirley Wang,174.054347,-39.062183,,False,
1501000.1288,1501000,1501000.1288,"NHC - 1/2 Hobby Avenue, Birkdale, AKL","NHC - 1/2 Hobby Avenue, Birkdale, AKL",Vero Insurance New Zealand Limited,2025-08-11,AK,Stefan Huszak,174.715699,-36.799683,,False,
1501000.1519,1501000,1501000.1519,"NHC - 26 Oteki Park Drive, Welcome Bay,","NHC - 26 Oteki Park Drive, Welcome Bay, Tauranga, Bay of Plenty, 3112, NZL",AA Insurance Limited,2025-08-11,TG,Zhi Chye,176.198159,-37.728865,,False,
1501000.1520,1501000,1501000.1520,"NHC - 746 Waiwhero Road, Ngātīmoti","NHC - 746 Waiwhero Road, Ngātīmoti, Motueka, Tasman, 7196, NZL",AA Insurance Limited,2025-08-12,NE,John Westerson,172.913423,-41.201635,,False,
1501000.1289,1501000,1501000.1289,"NHC - 1424 Queen Charlotte Drive, Linkwa","NHC - 1424 Queen Charlotte Drive, Linkwater, Marlborough",AA Insurance Limited,2025-08-13,NE,John Westerson,173.891144,-41.298324,,False,
1501000.1290,1501000,1501000.1290,"NHC - 34 Renwick Place, Nelson South","NHC - 34 Renwick Place, Nelson South, Nelson",Vero Insurance New Zealand Limited,2025-08-13,NE,John Westerson,173.27778,-41.28072,,False,
1501000.1291,1501000,1501000.1291,"NHC - 171 Swamp Road, Riwaka, Motueka","NHC - 171 Swamp Road, Riwaka, Motueka, Tasman",AA Insurance Limited,2025-08-14,NE,John Westerson,172.981748,-41.075032,,False,
1501000.1292,1501000,1501000.1292,"NHC - 164 Swamp Road, Riwaka, Motueka","NHC - 164 Swamp Road, Riwaka, Motueka, Tasman",AA Insurance Limited,2025-08-14,NE,John Westerson,172.982111,-41.075385,,False,
1501000.1293,1501000,1501000.1293,"NHC - 1 Franklin Street, Opua, Northland","NHC - 1 Franklin Street, Opua, Northland",Vero Insurance New Zealand Limited,2025-08-14,AK,Stefan Huszak,174.118615,-35.313894,,False,
1501000.1521,1501000,1501000.1521,"NHC - 92 Oban Street, Wadestown, WLG","NHC - 92 Oban Street, Wadestown, Wellington, 6012, NZL",Vero Insurance New Zealand Limited,2025-08-15,WN,Shirley Wang,174.778249,-41.258613,Wellington City,True,
1501000.1522,1501000,1501000.1522,"NHC - 73 Goods Road, Otūmoetai, Tauranga","NHC - 73 Goods Road, Otūmoetai, Tauranga, Bay of Plenty, 3110, NZL",Vero Insurance New Zealand Limited,2025-08-18,TG,Zhi Chye,176.153728,-37.678221,,False,
1501000.1294,1501000,1501000.1294,"NHC - 198 Marahau Valley Road, Mārahau","NHC - 198 Marahau Valley Road, Mārahau",AA Insurance Limited,2025-08-19,NE,John Westerson,174.2287,-40.8803,,False,
1501000.1295,1501000,1501000.1295,"NHC - 196 Marahau Valley Road, Mārahau","NHC - 196 Marahau Valley Road, Mārahau, Motueka, Tasman",AA Insurance Limited,2025-08-19,NE,John Westerson,172.986798,-40.98862,,False,
1501000.1523,1501000,1501000.1523,"NHC - 50B Budleigh Street, Frankleigh","NHC - 50B Budleigh Street, Frankleigh Park, New Plymouth, Taranaki, 4310, NZL",Vero Insurance New Zealand Limited,2025-08-19,WN,Shirley Wang,174.073023,-39.079604,,False,
1501000.1524,1501000,1501000.1524,"NHC - 3B Columbia Way, Kingston, WLG","NHC - 3B Columbia Way, Kingston, Wellington, 6021, NZL",Vero Insurance New Zealand Limited,2025-08-19,WN,Shirley Wang,174.761744,-41.323022,Wellington City,True,
1501000.1296,1501000,1501000.1296,"NHC - 107 Factory Road, Riwaka, Motueka","NHC - 107 Factory Road, Riwaka, Motueka, Tasman",Vero Insurance New Zealand Limited,2025-08-21,NE,John Westerson,172.982969,-41.075807,,False,
1501000.1297,1501000,1501000.1297,"NHC - 161 Point View Drive, East Tāmaki","NHC - 161 Point View Drive, East Tāmaki Heights, Auckland",AA Insurance Limited,2025-08-21,AK,Stefan Huszak,174.928469,-36.93932,,False,
1501000.1298,1501000,1501000.1298,"NHC - 4 Higgs Road, Mapua, Tasman","NHC - 4 Higgs Road, Māpua, Tasman",Vero Insurance New Zealand Limited,2025-08-25,NE,John Westerson,173.095321,-41.253595,,False,
1501000.1525,1501000,1501000.1525,"NHC - 8B Pohutukawa Drive, Waiotahe, Ōpō","NHC - 8B Pohutukawa Drive, Waiotahe, Ōpōtiki, Bay of Plenty, 3198, NZL",Vero Insurance New Zealand Limited,2025-08-25,TG,Zhi Chye,177.219379,-37.992461,,False,
1501000.1299,1501000,1501000.1299,"NHC - 154 Takaka Hill Highway, Riwaka","NHC - 154 Takaka Hill Highway, Riwaka, Motueka, Tasman",Vero Insurance New Zealand Limited,2025-08-26,NE,John Westerson,172.968666,-41.058122,,False,
1501000.1300,1501000,1501000.1300,"NHC - 96 Opanuku Road, Henderson Valley","NHC - 96 Opanuku Road, Henderson Valley, Auckland",AA Insurance Limited,2025-08-27,AK,Stefan Huszak,174.568462,-36.91069,,False,
1501000.1301,1501000,1501000.1301,"NHC - 199 Motueka Valley Highway, Motuek","NHC - 199 Motueka Valley Highway, Motueka, Tasman",Vero Insurance New Zealand Limited,2025-08-27,NE,John Westerson,172.95589,-41.138054,,False,
1501000.1302,1501000,1501000.1302,"NHC - 867 Whangaparaoa Road, Manly, Whan","NHC - 867 Whangaparaoa Road, Manly, Whangaparāoa, Auckland",Vero Insurance New Zealand Limited,2025-08-28,AK,Stefan Huszak,174.760135,-36.639493,,False,
1501000.1526,1501000,1501000.1526,"NHC - 149A Arney Road, Remuera, Auckland","NHC - 149A Arney Road, Remuera, Auckland, 1050, NZL",Vero Insurance New Zealand Limited,2025-09-02,AK,Stefan Huszak,174.791767,-36.865778,,False,
1501000.1527,1501000,1501000.1527,"NHC - 819 Eighty Eight Valley Road, Tas","NHC - 819 Eighty Eight Valley Road, Eighty Eight Valley, Wakefield, Tasman, 7095, NZL",Vero Insurance New Zealand Limited,2025-09-03,NE,John Westerson,172.997267,-41.470771,,False,
1501000.1528,1501000,1501000.1528,"NHC - 8 Waiewe Street, Whakatāne, Bay of","NHC - 8 Waiewe Street, Whakatāne, Bay of Plenty, 3120, NZL",Vero Insurance New Zealand Limited,2025-09-04,TG,Zhi Chye,176.99829,-37.953453,,False,
1501000.1303,1501000,1501000.1303,"NHC - 26 Stapleford Crescent, Browns Bay","NHC - 26 Stapleford Crescent, Browns Bay, Auckland",Vero Insurance New Zealand Limited,2025-09-08,AK,Stefan Huszak,174.734988,-36.714487,,False,
1501000.1304,1501000,1501000.1304,"NHC - 15 Schopolo Place, Schnapper Rock","NHC - 15 Schopolo Place, Schnapper Rock, Auckland",Vero Insurance New Zealand Limited,2025-09-12,AK,Stefan Huszak,174.679516,-36.760278,,False,
1501000.1529,1501000,1501000.1529,"NHC - 7 Mathieson Avenue, Khandallah","NHC - 7 Mathieson Avenue, Khandallah, Wellington, 6035, NZL",Vero Insurance New Zealand Limited,2025-09-12,WN,Shirley Wang,174.799902,-41.245638,Wellington City,True,
1501000.1305,1501000,1501000.1305,"NHC - 71 Marahau Valley Road, Mārahau","NHC - 71 Marahau Valley Road, Mārahau, Motueka, Tasman",Vero Insurance New Zealand Limited,2025-09-16,NE,John Westerson,172.996684,-40.995194,,False,
1501000.1306,1501000,1501000.1306,"NHC - 586 Whangaroa Road, Whangaroa","NHC - 586 Whangaroa Road, Whangaroa, Kaeo, Northland",Vero Insurance New Zealand Limited,2025-09-16,AK,Stefan Huszak,173.744187,-35.048292,,False,
1501000.1530,1501000,1501000.1530,"NHC - 42 Norwich Street, Wadestown, WLG","NHC - 42 Norwich Street, Wadestown, Wellington, 6012, NZL",AA Insurance Limited,2025-09-17,WN,Shirley Wang,174.764577,-41.26523,Wellington City,True,
1501000.1307,1501000,1501000.1307,"NHC - 45 Wyllie Road, Papatoetoe, AKL","NHC - 45 Wyllie Road, Papatoetoe, Auckland",AA Insurance Limited,2025-09-18,AK,Stefan Huszak,174.848631,-36.983552,,False,
1501000.1308,1501000,1501000.1308,NHC - 732 South Titirangi Road 2025,"NHC - 732 South Titirangi Road, Titirangi, Auckland - 2025",Vero Insurance New Zealand Limited,2025-09-19,AK,Stefan Huszak,174.652782,-36.957764,,False,
1501000.1309,1501000,1501000.1309,"NHC - 133 Harley Road, Tasman","NHC - 133 Harley Road, Upper Moutere, Tasman",Vero Insurance New Zealand Limited,2025-09-23,NE,John Westerson,173.037074,-41.1917,,False,
1501000.1310,1501000,1501000.1310,"NHC - 182 Quebec Road, Washington Valley","NHC - 182 Quebec Road, Washington Valley, Nelson",AA Insurance Limited,2025-09-25,NE,John Westerson,173.263164,-41.275691,,False,
1501000.1311,1501000,1501000.1311,"NHC - 314 Motutara Road, Muriwai, AKL","NHC - 314 Motutara Road, Muriwai, Auckland",AA Insurance Limited,2025-09-29,AK,Stefan Huszak,174.2287,-40.8803,,False,
1501000.1312,1501000,1501000.1312,"NHC - 2493 State Highway 1, Hūkerenui","NHC - 2493 State Highway 1, Hūkerenui, Hikurangi, Northland",AA Insurance Limited,2025-09-30,AK,Stefan Huszak,174.197921,-35.520089,,False,
1501000.1531,1501000,1501000.1531,"NHC - 34 Patanga Crescent, Thorndon, WLG","NHC - 34 Patanga Crescent, Thorndon, Wellington, 6011, NZL",AA Insurance Limited,2025-10-01,WN,Shirley Wang,174.767459,-41.278654,Wellington City,True,
1501000.1532,1501000,1501000.1532,"NHC - 39 Coombe Hay Terrace, Careys Bay,","NHC - 39 Coombe Hay Terrace, Careys Bay, Dunedin, Otago, 9023, NZL",AA Insurance Limited,2025-10-01,HM,Hannah Udell,170.617561,-45.810836,,False,
1501000.1533,1501000,1501000.1533,"NHC - 2 Salem Court, Churton Park, WLG","NHC - 2 Salem Court, Churton Park, Wellington, 6037, NZL",AA Insurance Limited,2025-10-06,WN,Shirley Wang,174.802517,-41.212201,Wellington City,True,
1501000.1535,1501000,1501000.1535,"NHC - 14 Reuben Avenue, Brooklyn, WLG","NHC - 14 Reuben Avenue, Brooklyn, Wellington, 6021, NZL",AA Insurance Limited,2025-10-06,WN,Shirley Wang,174.761885,-41.307513,Wellington City,True,
1501000.1534,1501000,1501000.1534,"NHC - 27 Mawson Street, Waiwhetū, WLG","NHC - 27 Mawson Street, Waiwhetū, Lower Hutt, Wellington, 5010, NZL",Vero Insurance New Zealand Limited,2025-10-07,WN,Shirley Wang,174.922147,-41.227672,Lower Hutt City,True,
1501000.1537,1501000,1501000.1537,"NHC - 1/49 Mandalay Terrace, Khandallah","NHC - 1/49 Mandalay Terrace, Khandallah, Wellington, 6035, NZL",Vero Insurance New Zealand Limited,2025-10-07,WN,Shirley Wang,174.804837,-41.246026,Wellington City,True,
1501000.1313,1501000,1501000.1313,"NHC - 39 John Gill Road, Shelly Park AKL","NHC - 39 John Gill Road, Shelly Park, Auckland",Vero Insurance New Zealand Limited,2025-10-16,AK,Stefan Huszak,174.945883,-36.90486,,False,
1501000.1536,1501000,1501000.1536,"NHC - 20 Paparangi Crescent, Paparangi","NHC - 20 Paparangi Crescent, Paparangi, Wellington 6037",AA Insurance Limited,2025-10-17,WN,Shirley Wang,174.2287,-40.8803,,False,
1501000.1538,1501000,1501000.1538,"NHC - 977 River Road, Queenwood, Hamilto","NHC - 977 River Road, Queenwood, Hamilton, Waikato, 3210, NZL",AA Insurance Limited,2025-10-23,TG,Zhi Chye,175.26452,-37.748656,,False,
1501000.1539,1501000,1501000.1539,"NHC - 3 Saint Michaels Crescent, Kelburn","NHC - 3 Saint Michaels Crescent, Kelburn, Wellington 6012",Vero Insurance New Zealand Limited,2025-10-24,WN,Shirley Wang,174.2287,-40.8803,,False,
1501000.1542,1501000,1501000.1542,"NHC - 143C Gillespies Line, Kairanga","NHC - 143C Gillespies Line, Kairanga, Manawatu-Whanganui, 4475, NZL",Vero Insurance New Zealand Limited,2025-10-29,WN,Shirley Wang,175.581996,-40.343581,,False,
1501000.1540,1501000,1501000.1540,"NHC - 8 Haast Close, Kelson, Lower Hutt","NHC - 8 Haast Close, Kelson, Lower Hutt, Wellington, 5010, NZL",AA Insurance Limited,2025-10-30,WN,Shirley Wang,174.930585,-41.17927,Lower Hutt City,True,
1501000.1541,1501000,1501000.1541,"NHC - 149 Smart Road, Hillsborough, NPL","NHC - 149 Smart Road, Hillsborough, New Plymouth, Taranaki, 4372, NZL",Vero Insurance New Zealand Limited,2025-11-13,WN,Shirley Wang,174.116562,-39.059243,,False,
1501000.1543,1501000,1501000.1543,"NHC - 33 Piro Place, Acacia Bay, Taupō","NHC - 33 Piro Place, Acacia Bay, Taupō, Waikato, 3385, NZL",AA Insurance Limited,2025-11-13,TG,Zhi Chye,176.00481,-38.691715,,False,
1501000.1314,1501000,1501000.1314,NHC - 11A Appleyard Crescent AKL 2025,"NHC - 11A Appleyard Crescent, Meadowbank, Auckland 2025",Vero Insurance New Zealand Limited,2025-11-25,AK,Stefan Huszak,174.828478,-36.87129,,False,
1501000.1544,1501000,1501000.1544,"NHC - 19 Oaklands Grove, Clouston Park","NHC - 19 Oaklands Grove, Clouston Park, Upper Hutt, Wellington, 5018, NZL",AA Insurance Limited,2025-12-04,WN,Shirley Wang,175.089848,-41.121708,Upper Hutt City,True,
1501000.1545,1501000,1501000.1545,"NHC - 761 Marine Drive, Eastbourne, WLG","NHC - 761 Marine Drive, Eastbourne, Lower Hutt, Wellington, 5013, NZL",AA Insurance Limited,2025-12-15,WN,Shirley Wang,174.90185,-41.286205,Lower Hutt City,True,
1501000.1546,1501000,1501000.1546,"NHC - 2406 Whangarei Heads Road, Whangār","NHC - 2406 Whangarei Heads Road, Whangārei Heads, Northland",Vero Insurance New Zealand Limited,2025-12-19,AK,Stefan Huszak,174.528742,-35.831475,,False,
1501000.1315,1501000,1501000.1315,"NHC - 939 State Highway 2, Wairoa","NHC - 939 State Highway 2, Wairoa, Hawke's Bay",AA Insurance Limited,2026-01-14,AK,Stefan Huszak,177.502207,-39.023046,,False,
1501000.1547,1501000,1501000.1547,"NHC - 31 Scantlebury Street, Tauranga So","NHC - 31 Scantlebury Street, Tauranga South, Tauranga, Bay of Plenty, 3112, NZL",AA Insurance Limited,2026-01-14,TG,Zhi Chye,176.160682,-37.711061,,False,
1501000.1316,1501000,1501000.1316,NHC - 1370 Motueka Valley Highway,"NHC - 1370 Motueka Valley Highway, Ngātīmoti, Motueka, Tasman",Vero Insurance New Zealand Limited,2026-01-16,NE,John Westerson,172.880876,-41.202948,,False,
1501000.1317,1501000,1501000.1317,"NHC - 101 Mount Pleasant Road, CHCH","NHC - 101 Mount Pleasant Road, Mount Pleasant, Christchurch",Vero Insurance New Zealand Limited,2026-01-16,WN,Shirley Wang,174.2287,-40.8803,,False,
1501000.1549,1501000,1501000.1549,"NHC - 1140 Welcome Bay Road, Papamoa, Ba","NHC - 1140 Welcome Bay Road, Papamoa, Bay of Plenty, 3187, NZL",Vero Insurance New Zealand Limited,2026-01-27,TG,Zhi Chye,176.276403,-37.724328,,False,
1501000.1550,1501000,1501000.1550,"NHC - 1134 Welcome Bay Road, Papamoa, B","NHC - 1134 Welcome Bay Road, Papamoa, Bay of Plenty, 3187, NZL",Vero Insurance New Zealand Limited,2026-01-27,TG,Zhi Chye,176.275202,-37.723885,,False,
1501000.1551,1501000,1501000.1551,"NHC - 332 Waitaha Road, Welcome Bay, Tau","NHC - 332 Waitaha Road, Welcome Bay, Tauranga, Bay of Plenty, 3175, NZL",AA Insurance Limited,2026-01-27,TG,Hannah Udell,176.193329,-37.740292,,False,
1501000.1552,1501000,1501000.1552,"NHC - 1670A State Highway 30, Rotoiti Fo","NHC - 1670A State Highway 30, Rotoiti Forest, Rotorua, Bay of Plenty, 3074, NZL",AA Insurance Limited,2026-01-27,TG,Zhi Chye,176.487007,-38.045142,,False,
1501000.1318,1501000,1501000.1318,"NHC - 48 Krippner Road, Puhoi, Warkworth","NHC - 48 Krippner Road, Puhoi, Warkworth, Auckland",AA Insurance Limited,2026-01-28,AK,Stefan Huszak,174.659144,-36.517151,,False,
1501000.1319,1501000,1501000.1319,"NHC - 81 Fiddlers Hill Road, Puhoi, AKL","NHC - 81 Fiddlers Hill Road, Puhoi, Warkworth, Auckland",Vero Insurance New Zealand Limited,2026-01-28,AK,Stefan Huszak,174.648964,-36.521476,,False,
1501000.1553,1501000,1501000.1553,"NHC - 73 Ohuka Farm Drive, Whitianga, Wa","NHC - 73 Ohuka Farm Drive, Whitianga, Waikato, 3510, NZL",Vero Insurance New Zealand Limited,2026-02-02,TG,Zhi Chye,175.697616,-36.803206,,False,
1501000.1554,1501000,1501000.1554,"NHC - 24B Sunny Bay Road, Matua, Taurang","NHC - 24B Sunny Bay Road, Matua, Tauranga, Bay of Plenty, 3110, NZL",Vero Insurance New Zealand Limited,2026-02-02,TG,Hannah Udell,176.123154,-37.671489,,False,
1501000.1555,1501000,1501000.1555,"NHC - 24 Motuhoa Road, Tairua, Waikato,","NHC - 24 Motuhoa Road, Tairua, Waikato, 3508, NZL",AA Insurance Limited,2026-02-03,TG,Hannah Udell,175.863605,-37.000912,,False,
1501000.1556,1501000,1501000.1556,"NHC - 50 Palomino Drive, Henderson, AKL","NHC - 50 Palomino Drive, Henderson, Auckland, 0612, NZL",AA Insurance Limited,2026-02-04,AK,Stefan Huszak,174.614236,-36.888066,,False,
1501000.1557,1501000,1501000.1557,"NHC - 26 Gallagher Drive, Tairua, Waikat","NHC - 26 Gallagher Drive, Tairua, Waikato, 3508, NZL",Vero Insurance New Zealand Limited,2026-02-05,TG,Zhi Chye,175.844799,-37.006771,,False,
1501000.1320,1501000,1501000.1320,"NHC - 54A Foley Quarry Road, Dairy Flat","NHC - 54A Foley Quarry Road, Dairy Flat, Auckland",Vero Insurance New Zealand Limited,2026-02-08,AK,Stefan Huszak,174.67053,-36.705829,,False,
1501000.1558,1501000,1501000.1558,"NHC - 22 Esplanade Road, Tahawai, Bay of","NHC - 22 Esplanade Road, Tahawai, Bay of Plenty, 3170, NZL",AA Insurance Limited,2026-02-09,TG,Zhi Chye,175.969109,-37.502519,,False,
1501000.1559,1501000,1501000.1559,"NHC - 42A Greerton Road, Gate Pa, Tauran","NHC - 42A Greerton Road, Gate Pa, Tauranga, Bay of Plenty, 3112, NZL",Vero Insurance New Zealand Limited,2026-02-09,TG,Zhi Chye,176.139056,-37.721705,,False,
1501000.1560,1501000,1501000.1560,"NHC - 72 Waimarie Avenue, Ōakura, Hikura","NHC - 72 Waimarie Avenue, Ōakura, Hikurangi, Northland, 0184, NZL",Vero Insurance New Zealand Limited,2026-02-09,AK,Stefan Huszak,174.341939,-35.385818,,False,
1501000.1561,1501000,1501000.1561,"NHC - 7 Waka Way, Bellevue, Tauranga, Ba","NHC - 7 Waka Way, Bellevue, Tauranga, Bay of Plenty, 3110, NZL",AA Insurance Limited,2026-02-09,TG,Zhi Chye,176.124892,-37.687569,,False,
1501000.1562,1501000,1501000.1562,"NHC - 13 Bruce Avenue, Brooklyn, WLG","NHC - 13 Bruce Avenue, Brooklyn, Wellington, 6021, NZL",AA Insurance Limited,2026-02-09,WN,Shirley Wang,174.762107,-41.301771,Wellington City,True,
1501000.1563,1501000,1501000.1563,"NHC - 47 Knowles Crescent, Kaikoura Flat","NHC - 47 Knowles Crescent, Kaikoura Flat, Kaikōura, Canterbury, 7371, NZL",AA Insurance Limited,2026-02-09,WN,Shirley Wang,173.641375,-42.40673,,False,
1501000.1564,1501000,1501000.1564,"NHC - 155 Oakura Road, Ōakura, Hikurangi","NHC - 155 Oakura Road, Ōakura, Hikurangi, Northland, 0184, NZL",Vero Insurance New Zealand Limited,2026-02-09,AK,Stefan Huszak,174.343743,-35.389108,,False,
1501000.1565,1501000,1501000.1565,"NHC - 151 Mairangi Road, Wilton, WLG","NHC - 151 Mairangi Road, Wilton, Wellington, 6012, NZL",Vero Insurance New Zealand Limited,2026-02-09,WN,Shirley Wang,174.764795,-41.268169,Wellington City,True,
1501000.1566,1501000,1501000.1566,"NHC - 1007 Waitangi Tuku Road, Chatham I","NHC - 1007 Waitangi Tuku Road, Chatham Island, Chatham Islands, 8016, NZL",Vero Insurance New Zealand Limited,2026-02-11,AK,Stefan Huszak,-176.651766,-44.003681,,False,
1501000.1567,1501000,1501000.1567,"NHC - 93 Ohawini Road, Ōakura, Hikurangi","NHC - 93 Ohawini Road, Ōakura, Hikurangi, Northland, 0184, NZL",AA Insurance Limited,2026-02-11,AK,Stefan Huszak,174.340519,-35.378157,,False,
1501000.1568,1501000,1501000.1568,"NHC - 25 Mount Avenue, Pauanui, Waikato,","NHC - 25 Mount Avenue, Pauanui, Waikato, 3579, NZL",IAG New Zealand Limited,2026-02-11,TG,Zhi Chye,175.869339,-37.030274,,False,
1501000.1569,1501000,1501000.1569,"NHC - 141 Princess Road, Bellevue, Taur","NHC -  141 Princess Road, Bellevue, Tauranga, Bay of Plenty, 3110, NZL",Vero Insurance New Zealand Limited,2026-02-11,TG,Zhi Chye,176.124429,-37.679575,,False,
1501000.1570,1501000,1501000.1570,"NHC - 3 Motuhoa Road, Tairua, Waikato, 3","NHC - 3 Motuhoa Road, Tairua, Waikato, 3508, NZL",AA Insurance Limited,2026-02-12,TG,Zhi Chye,175.865614,-37.002124,,False,
1501000.1571,1501000,1501000.1571,"NHC - 17 Motuhoa Road, Tairua, Waikato,","NHC - 17 Motuhoa Road, Tairua, Waikato, 3508, NZL",Vero Insurance New Zealand Limited,2026-02-13,TG,Zhi Chye,175.864409,-37.001279,,False,
1501000.1572,1501000,1501000.1572,"NHC - 467 Rocky Cutting Road, Waitao, Ba","NHC - 467 Rocky Cutting Road, Waitao, Bay of Plenty, 3175, NZL",Vero Insurance New Zealand Limited,2026-02-13,TG,Zhi Chye,176.249499,-37.75423,,False,
1501000.1573,1501000,1501000.1573,"NHC - 426 Rockell Road, Whananaki, Hikur","NHC - 426 Rockell Road, Whananaki, Hikurangi, Northland, 0181, NZL",Vero Insurance New Zealand Limited,2026-02-13,AK,Stefan Huszak,174.452984,-35.485765,,False,
1501000.1574,1501000,1501000.1574,"NHC - 115 Smith Road, Matakana, Auckland","NHC - 115 Smith Road, Matakana, Auckland, 0985, NZL",Vero Insurance New Zealand Limited,2026-02-13,AK,Stefan Huszak,174.687931,-36.327833,,False,
1501000.1575,1501000,1501000.1575,"NHC - 2008A Cove Road, Mangawhai","NHC - 2008A Cove Road, Mangawhai, Northland, 0573, NZL",Vero Insurance New Zealand Limited,2026-02-13,AK,Stefan Huszak,174.563895,-36.089252,,False,
1501000.1548,1501000,1501000.1548,"NHC - 30 Lambley Road, Titahi Bay, WLG","NHC - 30 Lambley Road, Titahi Bay, Porirua, Wellington, 5022, NZL",AA Insurance Limited,2026-02-16,WN,Shirley Wang,174.836188,-41.098765,Porirua City,True,
1501000.1576,1501000,1501000.1576,"NHC - 95A Rawhiti Road, Rawhiti, Russell","NHC - 95A Rawhiti Road, Rawhiti, Russell, Northland, 0184, NZL",AA Insurance Limited,2026-02-16,AK,Stefan Huszak,174.261631,-35.223875,,False,
1501000.1577,1501000,1501000.1577,"NHC - 33 The Bullock Track, Mahurangi We","NHC - 33 The Bullock Track, Mahurangi West, Warkworth, Auckland, 0983, NZL",AA Insurance Limited,2026-02-16,AK,Stefan Huszak,174.688628,-36.49745,,False,
1501000.1578,1501000,1501000.1578,"NHC - 65 Napier Terrace, Hospital Hill,","NHC - 65 Napier Terrace, Hospital Hill, Napier, Hawke's Bay, 4110, NZL",Vero Insurance New Zealand Limited,2026-02-16,AK,Stefan Huszak,176.902598,-39.488233,,False,
1501000.1579,1501000,1501000.1579,"NHC - 564 Mahurangi West Road, Mahurangi","NHC - 564 Mahurangi West Road, Mahurangi West, Warkworth, Auckland, 0983, NZL",AA Insurance Limited,2026-02-17,AK,Stefan Huszak,174.708774,-36.50172,,False,
1501000.1580,1501000,1501000.1580,"NHC - 14 Clayden Drive, Gulf Harbour","NHC - 14 Clayden Drive, Gulf Harbour, Whangaparaoa, Auckland, 0930, NZL",Vero Insurance New Zealand Limited,2026-02-17,AK,Stefan Huszak,174.782364,-36.612751,,False,
1501000.1581,1501000,1501000.1581,"NHC - 25 Koru Rise, Pumpkin Hill, Whitia","NHC - 25 Koru Rise, Pumpkin Hill, Whitianga, Waikato, 3591, NZL",Vero Insurance New Zealand Limited,2026-02-17,TG,Zhi Chye,175.80709,-36.977514,,False,
1501000.1582,1501000,1501000.1582,"NHC - 6B Esk Street, Parkvale, Tauranga,","NHC - 6B Esk Street, Parkvale, Tauranga, Bay of Plenty, 3112, NZL",Vero Insurance New Zealand Limited,2026-02-17,TG,Zhi Chye,176.145253,-37.72315,,False,
1501000.1583,1501000,1501000.1583,"NHC - 51 Omiru Road, Kaeo, Northland","NHC - 51 Omiru Road, Kaeo, Northland, 0478, NZL",AA Insurance Limited,2026-02-17,AK,Stefan Huszak,173.843397,-34.995375,,False,
1501000.1584,1501000,1501000.1584,"NHC - 186 Te Wahapu Road, Russell","NHC - 186 Te Wahapu Road, Russell, Northland, 0272, NZL",AA Insurance Limited,2026-02-17,AK,Stefan Huszak,174.123639,-35.28337,,False,
1501000.1585,1501000,1501000.1585,"NHC - 316 Woodlands Road, Waihi, Waikato","NHC - 316 Woodlands Road, Waihi, Waikato, 3682, NZL",Vero Insurance New Zealand Limited,2026-02-18,TG,Zhi Chye,175.857215,-37.458649,,False,
1501000.1586,1501000,1501000.1586,"NHC - 9 Smith-Grey Crescent, Parekura","NHC - 9 Smith-Grey Crescent, Parekura Bay, Russell, Northland, 0184, NZL",Vero Insurance New Zealand Limited,2026-02-18,AK,Stefan Huszak,174.242864,-35.258601,,False,
1501000.1587,1501000,1501000.1587,"NHC - 165 Gervin Road, Wainui, Auckland","NHC - 165 Gervin Road, Wainui, Auckland, 0992, NZL",AA Insurance Limited,2026-02-18,AK,Stefan Huszak,174.625292,-36.594244,,False,
1501000.1588,1501000,1501000.1588,"NHC - 2/112 Arran Road, Browns Bay, Auck","NHC - 2/112 Arran Road, Browns Bay, Auckland, 0630, NZL",AA Insurance Limited,2026-02-19,AK,Stefan Huszak,174.732855,-36.725268,,False,
1501000.1589,1501000,1501000.1589,"NHC - 235 Oakura Road, Ōakura, Hikurangi","NHC - 235 Oakura Road, Ōakura, Hikurangi, Northland",Vero Insurance New Zealand Limited,2026-02-19,AK,Stefan Huszak,174.343678,-35.385054,,False,
1501000.1590,1501000,1501000.1590,"NHC - 229 Oakura Road, Ōakura, Hikurangi","NHC - 229 Oakura Road, Ōakura, Hikurangi, Northland, 0184, NZL",Vero Insurance New Zealand Limited,2026-02-19,AK,Stefan Huszak,174.343586,-35.385271,,False,
1501000.1591,1501000,1501000.1591,"NHC - 227 Oakura Road, Ōakura, Hikurangi","NHC - 227 Oakura Road, Ōakura, Hikurangi, Northland, 0184, NZL",Vero Insurance New Zealand Limited,2026-02-19,AK,Stefan Huszak,174.343526,-35.385374,,False,
1501000.1592,1501000,1501000.1592,"NHC - 67A Sabulite Road, Kelston","NHC - 67A Sabulite Road, Kelston, Auckland, 0602, NZL",AA Insurance Limited,2026-02-19,AK,Stefan Huszak,174.659037,-36.899035,,False,
1501000.1593,1501000,1501000.1593,"NHC - 24 Manurewa Grove, Wainuiomata WLG","NHC - 24 Manurewa Grove, Wainuiomata, Lower Hutt, Wellington, 5014, NZL",Vero Insurance New Zealand Limited,2026-02-19,WN,Shirley Wang,174.938318,-41.246421,Lower Hutt City,True,
1501000.1597,1501000,1501000.1597,"NHC - 144 Swansea Road, Stratford, TKI","NHC - 144 Swansea Road, Stratford, Taranaki, 4332, NZL",Vero Insurance New Zealand Limited,2026-02-19,WN,Shirley Wang,174.299893,-39.346803,,False,
1501000.1602,1501000,1501000.1602,"NHC - 91A Wyndrum Avenue, Waterloo, WLG","NHC - 91A Wyndrum Avenue, Waterloo, Lower Hutt, Wellington, 5011, NZL",AA Insurance Limited,2026-02-19,WN,Shirley Wang,174.933205,-41.216606,Lower Hutt City,True,
1501000.1594,1501000,1501000.1594,"NHC - 36 The Esplanade, Tairua, Waikato,","NHC - 36 The Esplanade, Tairua, Waikato, 3508, NZL",Vero Insurance New Zealand Limited,2026-02-20,TG,Zhi Chye,175.863894,-37.00332,,False,
1501000.1595,1501000,1501000.1595,"NHC - 490A East Cape Road, Te Araroa","NHC - 490A East Cape Road, Te Araroa, Gisborne, 4087, NZL",Vero Insurance New Zealand Limited,2026-02-20,AK,Stefan Huszak,178.421531,-37.633164,,False,
1501000.1596,1501000,1501000.1596,"NHC - 24 Ohawini Road, Ōakura, Hikurangi","NHC - 24 Ohawini Road, Ōakura, Hikurangi, Northland, 0184, NZL",AA Insurance Limited,2026-02-20,AK,Stefan Huszak,174.345938,-35.381832,,False,
1501000.1598,1501000,1501000.1598,"NHC - 4 Magnolia Close, Te Kauwhata, Wai","NHC - 4 Magnolia Close, Te Kauwhata, Waikato, 3710, NZL",Vero Insurance New Zealand Limited,2026-02-20,TG,Zhi Chye,175.148274,-37.398009,,False,
1501000.1321,1501000,1501000.1321,"NHC - 40 Govan Wilson Road, Whangaripo","NHC - 40 Govan Wilson Road, Whangaripo, Wellsford, Auckland",AA Insurance Limited,2026-02-23,AK,Stefan Huszak,174.691297,-36.309994,,False,
1501000.1599,1501000,1501000.1599,"NHC - 23 Mountain View Road, Ōtorohanga,","NHC - 23 Mountain View Road, Ōtorohanga, Waikato, 3900, NZL",Vero Insurance New Zealand Limited,2026-02-23,TG,Zhi Chye,175.20851,-38.176937,,False,
1501000.1600,1501000,1501000.1600,"NHC - 17 Harbour View Road, Ōmokoroa, Ba","NHC - 17 Harbour View Road, Ōmokoroa, Bay of Plenty, 3114, NZL",Vero Insurance New Zealand Limited,2026-02-23,TG,Zhi Chye,176.050168,-37.631831,,False,
1501000.1601,1501000,1501000.1601,"NHC - 14 Kowai Grove, Ōmokoroa, Bay of P","NHC - 14 Kowai Grove, Ōmokoroa, Bay of Plenty, 3114, NZL",Vero Insurance New Zealand Limited,2026-02-23,TG,Zhi Chye,176.043871,-37.632932,,False,
1501000.1603,1501000,1501000.1603,"NHC - 50A Westminster Drive, Bethlehem,","NHC - 50A Westminster Drive, Bethlehem, Tauranga, Bay of Plenty, 3110, NZL",AA Insurance Limited,2026-02-24,TG,Zhi Chye,176.134544,-37.701837,,False,
1501000.1604,1501000,1501000.1604,"NHC - 166 Montgomerys Road, Little River","NHC - 166 Montgomerys Road, Little River, Canterbury, 7591, NZL",AA Insurance Limited,2026-02-25,WN,Shirley Wang,172.779048,-43.735049,,False,
1501000.1605,1501000,1501000.1605,"NHC - 14 Grenache Place, Rototuna, Hamil","NHC - 14 Grenache Place, Rototuna, Hamilton, Waikato, 3210, NZL",AA Insurance Limited,2026-02-25,TG,Zhi Chye,175.28009,-37.734411,,False,
1501000.1322,1501000,1501000.1322,"NHC - 50A Anzac Road, Morningside","NHC - 50A Anzac Road, Morningside",AA Insurance Limited,2026-02-26,AK,Stefan Huszak,174.317198,-35.735442,,False,
1501000.1606,1501000,1501000.1606,"NHC - 421 Mill Creek Road, Kaimarama, Wh","NHC - 421 Mill Creek Road, Kaimarama, Whitianga, Waikato, 3591, NZL",Vero Insurance New Zealand Limited,2026-02-26,TG,Zhi Chye,175.633138,-36.90447,,False,
1501000.1607,1501000,1501000.1607,"NHC - 436 Maungatapu Road, Maungatapu, T","NHC - 436 Maungatapu Road, Maungatapu, Tauranga, Bay of Plenty, 3112, NZL",Vero Insurance New Zealand Limited,2026-02-26,TG,Zhi Chye,176.183856,-37.710846,,False,
1501000.1608,1501000,1501000.1608,"NHC - 12 Pine Grove, Tairua, Waikato, 3","NHC - 12 Pine Grove, Tairua, Waikato, 3508, NZL",Vero Insurance New Zealand Limited,2026-02-26,TG,Zhi Chye,175.84765,-37.00743,,False,
1501000.1323,1501000,1501000.1323,"NHC - 8 Spencer Road, Hospital Hill","NHC - 8 Spencer Road, Hospital Hill",AA Insurance Limited,2026-02-27,AK,Stefan Huszak,176.900999,-39.491558,,False,
1501000.1609,1501000,1501000.1609,"NHC - 55 Reynolds Valley Road, Peraki","NHC - 55 Reynolds Valley Road, Peraki, Little River, Canterbury, 7591, NZL",Vero Insurance New Zealand Limited,2026-03-02,WN,Shirley Wang,172.828031,-43.791896,,False,
1501000.1610,1501000,1501000.1610,"NHC - 23 Balfour Street, Mornington, WLG","NHC - 23 Balfour Street, Mornington, Wellington, 6021, NZL",Vero Insurance New Zealand Limited,2026-03-02,WN,Shirley Wang,174.766713,-41.319651,Wellington City,True,
1501000.1611,1501000,1501000.1611,"NHC - 95 Bachelors Road, Little River","NHC - 95 Bachelors Road, Little River, Canterbury, 7591, NZL",AA Insurance Limited,2026-03-03,WN,Shirley Wang,172.782636,-43.727949,,False,
1501000.1612,1501000,1501000.1612,"NHC - 3 Carnie Street, Gate Pa, Tauranga","NHC - 3 Carnie Street, Gate Pa, Tauranga, Bay of Plenty, 3112, NZL",AA Insurance Limited,2026-03-04,TG,Zhi Chye,176.130187,-37.71815,,False,
1501000.1613,1501000,1501000.1613,"NHC -  14 The Drive, Brookfield, Taurang","NHC - 14 The Drive, Brookfield, Tauranga, Bay of Plenty, 3110, NZL",Vero Insurance New Zealand Limited,2026-03-04,TG,Zhi Chye,176.13011,-37.690013,,False,
1501000.1614,1501000,1501000.1614,"NHC - 65 Bachelors Road, Little River","NHC - 65 Bachelors Road, Little River, Canterbury, 7591, NZL",AA Insurance Limited,2026-03-06,WN,Shirley Wang,172.783873,-43.730698,,False,
1501000.1615,1501000,1501000.1615,"NHC - 245 Oakura Road, Ōakura, Hikurangi","NHC - 245 Oakura Road, Ōakura, Hikurangi, Northland, 0184, NZL",Vero Insurance New Zealand Limited,2026-03-09,AK,Stefan Huszak,174.343972,-35.384548,,False,
1501000.1616,1501000,1501000.1616,"NHC - 20 Otama Beach Road, Opito Bay, Wh","NHC - 20 Otama Beach Road, Opito Bay, Whitianga, Waikato, 3592, NZL",AA Insurance Limited,2026-03-09,TG,Zhi Chye,175.766387,-36.706287,,False,
1501000.1617,1501000,1501000.1617,"NHC - 18 Sixth Avenue, Tauranga, Bay of","NHC - 18 Sixth Avenue, Tauranga, Bay of Plenty, 3110, NZL",Vero Insurance New Zealand Limited,2026-03-10,TG,Zhi Chye,176.164992,-37.694207,,False,
1501000.1618,1501000,1501000.1618,"NHC - 25 Somes Crescent, Newlands, WLG","NHC - 25 Somes Crescent, Newlands, Wellington, 6037, NZL",Vero Insurance New Zealand Limited,2026-03-10,WN,Shirley Wang,174.831641,-41.22631,Wellington City,True,
1501000.1324,1501000,1501000.1324,"NHC - 50 Flightys Road, Judgeford, WLG","NHC - 50 Flightys Road, Judgeford, Porirua, Wellington, 5381, NZL",Vero Insurance New Zealand Limited,2026-03-11,WN,Shirley Wang,174.936134,-41.113617,Porirua City,True,
1501000.1619,1501000,1501000.1619,"NHC - 1 Motuhoa Road, Tairua, Waikato, 3","NHC - 1 Motuhoa Road, Tairua, Waikato, 3508, NZL",AA Insurance Limited,2026-03-11,TG,Zhi Chye,175.8658,-37.002235,,False,
1501000.1325,1501000,1501000.1325,"NHC - 19 Mount Avenue, Pauanui, Waikato,","NHC - 19 Mount Avenue, Pauanui, Waikato, 3579, NZL",IAG New Zealand Limited,2026-03-12,TG,Zhi Chye,175.869694,-37.029737,,False,
1501000.1326,1501000,1501000.1326,"NHC - 38 August St, Stokes Valley, WLG","NHC - 38 August Street, Stokes Valley, Lower Hutt, Wellington, 5019, NZL",Vero Insurance New Zealand Limited,2026-03-12,WN,Shirley Wang,174.976947,-41.184158,Lower Hutt City,True,
1501000.1620,1501000,1501000.1620,"NHC - 57 Petrie Street, Wainuiomata, WLG","NHC - 57 Petrie Street, Wainuiomata, Lower Hutt, Wellington, 5014, NZL",AA Insurance Limited,2026-03-13,WN,Shirley Wang,174.95482,-41.261915,Lower Hutt City,True,
1501000.1327,1501000,1501000.1327,"NHC - 26A Douglas Street, Okitū, Gisborn","NHC - 26A Douglas Street, Okitū, Gisborne",AA Insurance Limited,2026-03-16,AK,Stefan Huszak,178.082023,-38.674576,,False,
1501000.1328,1501000,1501000.1328,"NHC - 4 Langdale Road, Whareama, WLG","NHC - 4 Langdale Road, Whareama, Masterton, Wellington, 5872, NZL",AA Insurance Limited,2026-03-16,WN,Shirley Wang,176.028714,-40.958802,,False,
1501000.1329,1501000,1501000.1329,"NHC - 8 Lois Lane, Hahei, Whitianga, Wai","NHC - 8 Lois Lane, Hahei, Whitianga, Waikato, 3591, NZL",AA Insurance Limited,2026-03-17,TG,Zhi Chye,175.80018,-36.847994,,False,
1501000.1330,1501000,1501000.1330,"NHC - 25 Leeward Drive, Whitby, Porirua","NHC - 25 Leeward Drive, Whitby, Porirua, Wellington, 5024, NZL",AA Insurance Limited,2026-03-19,WN,Shirley Wang,174.886478,-41.10692,Porirua City,True,
1501000.1331,1501000,1501000.1331,"NHC - 7 Maritime Way, Whitby, Porirua","NHC - 7 Maritime Way, Whitby, Porirua, Wellington, 5024, NZL",AA Insurance Limited,2026-03-19,WN,Shirley Wang,174.902685,-41.117198,Porirua City,True,
1501000.1332,1501000,1501000.1332,"NHC - 4825 Kaipara Coast Highway, AKL","NHC - 4825 Kaipara Coast Highway, Wellsford, Auckland",Vero Insurance New Zealand Limited,2026-03-20,AK,Stefan Huszak,174.474311,-36.345168,,False,
1501000.1621,1501000,1501000.1621,"NHC -57 Campbell Avenue, Paraparaumu WLG","NHC - 57 Campbell Avenue, Paraparaumu, Wellington, 5032, NZL",AA Insurance Limited,2026-03-24,WN,Shirley Wang,174.999875,-40.90066,,False,
1501000.1622,1501000,1501000.1622,"NHC -55 Campbell Avenue, Paraparaumu WLG","NHC - 55 Campbell Avenue, Paraparaumu, Wellington, 5032, NZL",AA Insurance Limited,2026-03-24,WN,Shirley Wang,174.999679,-40.900724,,False,
1501000.1333,1501000,1501000.1333,"NHC - 1B Fleming Road, Waipukurau","NHC - 1B Fleming Road, Waipukurau, Hawke's Bay",Vero Insurance New Zealand Limited,2026-03-30,AK,Stefan Huszak,176.552503,-39.998692,,False,
1501000.1623,1501000,1501000.1623,"NHC - 390 Okuti Valley Road, Peraki","NHC - 390 Okuti Valley Road, Peraki, Little River, Canterbury, 7591, NZL",AA Insurance Limited,2026-03-31,WN,Shirley Wang,172.839596,-43.7853,,False,
1501000.1334,1501000,1501000.1334,"NHC - 28 Odin Place, Beach Haven 2026","NHC - 28 Odin Place, Beach Haven, Auckland",AA Insurance Limited,2026-04-01,AK,Stefan Huszak,174.694633,-36.809192,,False,
1501000.1624,1501000,1501000.1624,"NHC - 17 Harbour View Road, Ōmokoroa","NHC - 17 Harbour View Road, Ōmokoroa, Bay of Plenty, 3114, NZL",Vero Insurance New Zealand Limited,2026-04-01,TG,Zhi Chye,176.050168,-37.631831,,False,
1501000.1335,1501000,1501000.1335,"NHC - 130 Smith Road, Matakana, Auckland","NHC - 130 Smith Road, Matakana, Auckland",Vero Insurance New Zealand Limited,2026-04-02,AK,Stefan Huszak,174.685453,-36.327374,,False,
1501000.1625,1501000,1501000.1625,"NHC - 6B Esk Street, Parkvale, Tauranga","NHC - 6B Esk Street, Parkvale, Tauranga, Bay of Plenty, 3112, NZL",Vero Insurance New Zealand Limited,2026-04-02,TG,Zhi Chye,176.14525,-37.723334,,False,
1501000.1626,1501000,1501000.1626,"NHC - 81 Bamfords Road, Teddington","NHC - 81 Bamfords Road, Teddington, Governors Bay, Canterbury, 8971, NZL",AA Insurance Limited,2026-04-02,WN,Shirley Wang,172.643864,-43.64891,,False,
1501000.1336,1501000,1501000.1336,"NHC - 52C Agincourt Street, Glenfield","NHC - 52C Agincourt Street, Glenfield, Auckland",AA Insurance Limited,2026-04-06,AK,Stefan Huszak,174.724272,-36.786289,,False,
1501000.1627,1501000,1501000.1627,"NHC - 42 Rewa Rewa Valley, Tairua","NHC - 42 Rewa Rewa Valley, Tairua, Waikato, 3508, NZL",Vero Insurance New Zealand Limited,2026-04-08,TG,Zhi Chye,175.842396,-37.013259,,False,
1501000.1337,1501000,1501000.1337,"NHC - 113 Tauranga Place, Orewa, AKL","NHC - 113 Tauranga Place, Orewa, Auckland",Vero Insurance New Zealand Limited,2026-04-13,AK,Stefan Huszak,174.676407,-36.589783,,False,
1501000.1338,1501000,1501000.1338,NHC - 186 Ocean View Road Oneroa Waiheke,"NHC - 186 Ocean View Road, Oneroa, Waiheke Island, Auckland",AA Insurance Limited,2026-04-14,AK,Stefan Huszak,175.020494,-36.786451,,False,
1501000.1628,1501000,1501000.1628,"NHC - 171 Te Tahi Road, Puketotara, Piro","NHC - 171 Te Tahi Road, Puketotara, Pirongia, Waikato, 3876, NZL",AA Insurance Limited,2026-04-14,TG,Zhi Chye,175.164625,-38.03763,,False,
1501000.1339,1501000,1501000.1339,"NHC - 240 Foley Quarry Road, Dairy Flat","NHC - 240 Foley Quarry Road, Dairy Flat, Auckland",AA Insurance Limited,2026-04-15,AK,Stefan Huszak,174.677816,-36.693298,,False,
1501000.1629,1501000,1501000.1629,"NHC - 46 Westminster Drive, Bethlehem, T","NHC - 46 Westminster Drive, Bethlehem, Tauranga, Bay of Plenty, 3110, NZL",AA Insurance Limited,2026-04-15,TG,Zhi Chye,176.134241,-37.701783,,False,
1501000.1340,1501000,1501000.1340,"NHC - 7 Marmon Street West, Rawene","NHC - 7 Marmon Street West, Rawene, Kaikohe, Northland",Vero Insurance New Zealand Limited,2026-04-16,AK,Stefan Huszak,173.5032,-35.402926,,False,
1501000.1630,1501000,1501000.1630,"NHC - 16B Lincoln Terrace, Gate Pa, Taur","NHC - 16B Lincoln Terrace, Gate Pa, Tauranga, Bay of Plenty, 3112, NZL",AA Insurance Limited,2026-04-16,TG,Zhi Chye,176.134376,-37.72587,,False,
1501000.1631,1501000,1501000.1631,"NHC - 14 Montana Drive, Pyes Pa, Taurang","NHC - 14 Montana Drive, Pyes Pa, Tauranga, Bay of Plenty, 3112, NZL",Vero Insurance New Zealand Limited,2026-04-20,TG,Zhi Chye,176.127674,-37.740571,,False,
1501000.1632,1501000,1501000.1632,"NHC - 439 Cambridge Road, Tauriko, Taura","NHC - 439 Cambridge Road, Tauriko, Tauranga, Bay of Plenty, 3110, NZL",Vero Insurance New Zealand Limited,2026-04-20,TG,Zhi Chye,176.106773,-37.726497,,False,
1501000.1633,1501000,1501000.1633,"NHC - 28 Westview Place, Tauriko, Tauran","NHC - 28 Westview Place, Tauriko, Tauranga, Bay of Plenty, 3110, NZL",AA Insurance Limited,2026-04-20,TG,Zhi Chye,176.115819,-37.715162,,False,
1501000.1634,1501000,1501000.1634,"NHC - 283 Ohiro Road, Brooklyn, WLG","NHC - 283 Ohiro Road, Brooklyn, Wellington, 6021, NZL",Vero Insurance New Zealand Limited,2026-04-22,WN,Shirley Wang,174.762936,-41.309766,Wellington City,True,
1501000.1635,1501000,1501000.1635,"NHC - 43 Farnham Street, Mornington, WLG","NHC - 43 Farnham Street, Mornington, Wellington, 6021, NZL",Vero Insurance New Zealand Limited,2026-04-23,WN,Shirley Wang,174.765664,-41.32142,Wellington City,True,
1501000.1636,1501000,1501000.1636,"NHC - 55 Toots Drive, Kawakawa, Northlan","NHC - 55 Toots Drive, Kawakawa, Northland, 0282, NZL",Vero Insurance New Zealand Limited,2026-04-24,AK,Stefan Huszak,174.09262,-35.37916,,False,
1501000.1637,1501000,1501000.1637,"NHC - 281 Marine Drive, Charteris Bay","NHC - 281 Marine Drive, Charteris Bay, Governors Bay, Canterbury",AA Insurance Limited,2026-04-24,WN,Shirley Wang,172.719049,-43.634311,,False,
1501000.1341,1501000,1501000.1341,"NHC - 246 Ohiro Road, Brooklyn, WLG","NHC - 246 Ohiro Road, Brooklyn, Wellington",AA Insurance Limited,2026-04-28,WN,Shirley Wang,174.76239,-41.308421,Wellington City,True,
1501000.1342,1501000,1501000.1342,"NHC - 70 Raroa Terrace, Tawa, Wellington","NHC - 70 Raroa Terrace, Tawa, Wellington",AA Insurance Limited,2026-04-28,WN,Shirley Wang,174.839494,-41.164716,Wellington City,True,
1501000.1638,1501000,1501000.1638,"NHC - 50 Liardet Street, Vogeltown, WLG","NHC - 50 Liardet Street, Vogeltown, Wellington, 6021, NZL",AA Insurance Limited,2026-04-28,WN,Shirley Wang,174.769995,-41.314274,Wellington City,True,
1501000.1639,1501000,1501000.1639,"NHC - 10 Taft Street, Brooklyn, WLG","NHC - 10 Taft Street, Brooklyn, Wellington, 6021, NZL",AA Insurance Limited,2026-04-28,WN,Shirley Wang,174.765209,-41.308339,Wellington City,True,
1501000.1640,1501000,1501000.1640,"NHC - 73 Farnham Street, Mornington, WLG","NHC - 73 Farnham Street, Mornington, Wellington, 6021, NZL",AA Insurance Limited,2026-04-28,WN,Shirley Wang,174.765437,-41.319881,Wellington City,True,
1501000.1641,1501000,1501000.1641,"NHC - 37B Balfour Street, Mornington WLG","NHC - 37B Balfour Street, Mornington, Wellington, 6021, NZL",AA Insurance Limited,2026-04-28,WN,Shirley Wang,174.767101,-41.318906,Wellington City,True,
1501000.1642,1501000,1501000.1642,"NHC - 7 Columbia Way, Kingston, WLG","NHC - 7 Columbia Way, Kingston, Wellington, 6021, NZL",Vero Insurance New Zealand Limited,2026-04-29,WN,Shirley Wang,174.761059,-41.322959,Wellington City,True,
1501000.1643,1501000,1501000.1643,"NHC - 30 McColl Street, Vogeltown, WLG","NHC - 30 McColl Street, Vogeltown, Wellington, 6021, NZL",Vero Insurance New Zealand Limited,2026-04-30,WN,Shirley Wang,174.768781,-41.315115,Wellington City,True,
1501000.1644,1501000,1501000.1644,"NHC - 40 Reuben Avenue, Brooklyn, WLG","NHC - 40 Reuben Avenue, Brooklyn, Wellington, 6021, NZL",AA Insurance Limited,2026-04-30,WN,Shirley Wang,174.760305,-41.308152,Wellington City,True,
1501000.1645,1501000,1501000.1645,"NHC - 1/14A Balfour Street, Mornington","NHC - 1/14A Balfour Street, Mornington, Wellington, 6021, NZL",AA Insurance Limited,2026-05-05,WN,Shirley Wang,174.768281,-41.319945,Wellington City,True,
1501000.1646,1501000,1501000.1646,"NHC - 24 Sandwich Road, Saint Andrews, H","NHC - 24 Sandwich Road, Saint Andrews, Hamilton, Waikato, 3200, NZL",Vero Insurance New Zealand Limited,2026-05-06,TG,Zhi Chye,175.25887,-37.754761,,False,
1501000.1647,1501000,1501000.1647,NHC - 48 Te Wharepouri Street Berhampore,"NHC - 48 Te Wharepouri Street, Berhampore, Wellington, 6023, NZL",Vero Insurance New Zealand Limited,2026-05-06,WN,Shirley Wang,174.776863,-41.318676,Wellington City,True,
1501000.1648,1501000,1501000.1648,"NHC - 35 Havelock Street, Mornington WLG","NHC - 35 Havelock Street, Mornington, Wellington, 6021, NZL",AA Insurance Limited,2026-05-06,WN,Shirley Wang,174.765931,-41.316351,Wellington City,True,
1501000.1649,1501000,1501000.1649,"NHC - 101 The Ridgeway, Mornington, WLG","NHC - 101 The Ridgeway, Mornington, Wellington, 6021, NZL",AA Insurance Limited,2026-05-06,WN,Shirley Wang,174.765794,-41.316284,Wellington City,True,
1501000.1650,1501000,1501000.1650,"NHC - 1/6 Balfour Street, Mornington WLG","NHC - 1/6 Balfour Street, Mornington, Wellington, 6021, NZL",Vero Insurance New Zealand Limited,2026-05-06,WN,Shirley Wang,174.768951,-41.319568,Wellington City,True,
1501000.1651,1501000,1501000.1651,"NHC - 184 Pukehina Parade, Pukehina, Bay","NHC - 184 Pukehina Parade, Pukehina, Bay of Plenty, 3189, NZL",AA Insurance Limited,2026-05-07,TG,Zhi Chye,176.514409,-37.781945,,False,
1501000.1652,1501000,1501000.1652,"NHC - 53 Stoke Street, Newtown, WLG","NHC - 53 Stoke Street, Newtown, Wellington, 6021, NZL",AA Insurance Limited,2026-05-07,WN,Shirley Wang,174.77489,-41.313782,Wellington City,True,
1501000.1653,1501000,1501000.1653,"NHC - 97A Mornington Road, Brooklyn, WLG","NHC - 97A Mornington Road, Brooklyn, Wellington, 6021, NZL",Vero Insurance New Zealand Limited,2026-05-07,WN,Shirley Wang,174.764645,-41.31435,Wellington City,True,
1501000.1654,1501000,1501000.1654,"NHC - 37 Balfour Street, Mornington, WLG","NHC - 37 Balfour Street, Mornington, Wellington, 6021, NZL",AA Insurance Limited,2026-05-07,WN,Shirley Wang,174.766997,-41.318857,Wellington City,True,
1501000.1655,1501000,1501000.1655,"NHC - 2/14A Balfour Street, Mornington","NHC - 2/14A Balfour Street, Mornington, Wellington, 6021, NZL",AA Insurance Limited,2026-05-08,WN,Shirley Wang,174.768196,-41.31997,Wellington City,True,
1501000.1656,1501000,1501000.1656,"NHC - 14 Balfour Street, Mornington, WLG","NHC - 14 Balfour Street, Mornington, Wellington, 6021, NZL",Vero Insurance New Zealand Limited,2026-05-08,WN,Shirley Wang,174.768407,-41.319893,Wellington City,True,
1501000.1657,1501000,1501000.1657,"NHC - 75 Balfour Street, Mornington, WLG","NHC - 75 Balfour Street, Mornington, Wellington, 6021, NZL",Vero Insurance New Zealand Limited,2026-05-08,WN,Shirley Wang,174.767823,-41.316992,Wellington City,True,
1501000.1658,1501000,1501000.1658,"NHC - 78 Happy Valley Road, Ōwhiro Bay","NHC - 78 Happy Valley Road, Ōwhiro Bay, Wellington, 6023, NZL",AA Insurance Limited,2026-05-08,WN,Shirley Wang,174.760409,-41.340553,Wellington City,True,
1501000.1659,1501000,1501000.1659,"NHC - 10 Farnham Street, Mornington, WLG","NHC - 10 Farnham Street, Mornington, Wellington, 6021, NZL",AA Insurance Limited,2026-05-08,WN,Shirley Wang,174.767849,-41.32058,Wellington City,True,
1501000.1660,1501000,1501000.1660,"NHC - 4A Hoggard Street, Vogeltown, WLG","NHC - 4A Hoggard Street, Vogeltown, Wellington, 6021, NZL",Vero Insurance New Zealand Limited,2026-05-08,WN,Shirley Wang,174.768151,-41.313788,Wellington City,True,
1501000.1661,1501000,1501000.1661,"NHC - 6 Mortimer Terrace, Aro Valley WLG","NHC - 6 Mortimer Terrace, Aro Valley, Wellington, 6021, NZL",AA Insurance Limited,2026-05-08,WN,Shirley Wang,174.764816,-41.29718,Wellington City,True,
1501000.1662,1501000,1501000.1662,"NHC - 10 Laurent Place, Kingston, WLG","NHC - 10 Laurent Place, Kingston, Wellington, 6021, NZL",Vero Insurance New Zealand Limited,2026-05-11,WN,Shirley Wang,174.766143,-41.321676,Wellington City,True,
1501000.1663,1501000,1501000.1663,"NHC - 50 Flightys Road, Judgeford WLG","NHC - 50 Flightys Road, Judgeford, Porirua, Wellington, 5381, NZL",Vero Insurance New Zealand Limited,2026-05-12,WN,Shirley Wang,174.935207,-41.113656,Porirua City,True,
1501000.1664,1501000,1501000.1664,"NHC - 461 Ohiro Road, Brooklyn, WLG","NHC - 461 Ohiro Road, Brooklyn, Wellington, 6021, NZL",Vero Insurance New Zealand Limited,2026-05-13,WN,Shirley Wang,174.760277,-41.320668,Wellington City,True,
1501000.1665,1501000,1501000.1665,"NHC - 10 Grays Road, Plimmerton, Porirua","NHC - 10 Grays Road, Plimmerton, Porirua, Wellington, 5026, NZL",Vero Insurance New Zealand Limited,2026-05-13,WN,Shirley Wang,174.869729,-41.086045,Porirua City,True,
1501000.1666,1501000,1501000.1666,"NHC - 1065 Driving Creek Road, Coromande","NHC - 1065 Driving Creek Road, Coromandel, Waikato, 3583, NZL",AA Insurance Limited,2026-05-14,TG,Zhi Chye,175.504162,-36.733509,,False,
1501000.1667,1501000,1501000.1667,"NHC - 127 Washington Avenue, Brooklyn","NHC - 127 Washington Avenue, Brooklyn, Wellington, 6021, NZL",Vero Insurance New Zealand Limited,2026-05-14,WN,Shirley Wang,174.766248,-41.308738,Wellington City,True,
1501000.1668,1501000,1501000.1668,"NHC - 151 Mairangi Road, Wilton, WLG","NHC - 151 Mairangi Road, Wilton, Wellington, 6012, NZL",Vero Insurance New Zealand Limited,2026-05-15,WN,Shirley Wang,174.764795,-41.268169,Wellington City,True,
1501000.1669,1501000,1501000.1669,"NHC - 66 Main Road, Governors Bay, Can","NHC - 66 Main Road, Governors Bay, Canterbury, 8971, NZL",AA Insurance Limited,2026-05-15,WN,Shirley Wang,172.647244,-43.624468,,False,
1501000.1670,1501000,1501000.1670,"NHC - 52 Happy Valley Road, Ōwhiro Bay","NHC - 52 Happy Valley Road, Ōwhiro Bay, Wellington, 6023, NZL",Vero Insurance New Zealand Limited,2026-05-15,WN,Shirley Wang,174.760582,-41.341902,Wellington City,True,
1501000.1671,1501000,1501000.1671,"NHC - 392 George Street, Stokes Valley","NHC - 392 George Street, Stokes Valley, Lower Hutt, Wellington, 5019, NZL",Vero Insurance New Zealand Limited,2026-05-15,WN,Shirley Wang,174.980251,-41.182962,Lower Hutt City,True,
1501000.1672,1501000,1501000.1672,"NHC - 30 Archdalls Road, Robinsons Bay","NHC - 30 Archdalls Road, Robinsons Bay, Canterbury, 7581, NZL",AA Insurance Limited,2026-05-15,WN,Shirley Wang,172.950631,-43.761491,,False,
1501000.1673,1501000,1501000.1673,"NHC - 43 Mitchell Street, Brooklyn, WLG","NHC - 43 Mitchell Street, Brooklyn, Wellington, 6021, NZL",Vero Insurance New Zealand Limited,2026-05-15,WN,Shirley Wang,174.760281,-41.304298,Wellington City,True,
1501000.1674,1501000,1501000.1674,"NHC - 11 Richard Grove, Stokes Valley","NHC - 11 Richard Grove, Stokes Valley, Lower Hutt, Wellington, 5019, NZL",Vero Insurance New Zealand Limited,2026-05-15,WN,Shirley Wang,174.981725,-41.168196,Lower Hutt City,True,
1501000.1675,1501000,1501000.1675,"NHC - 45 Balfour Street, Mornington, WLG","NHC - 45 Balfour Street, Mornington, Wellington, 6021, NZL",AA Insurance Limited,2026-05-15,WN,Shirley Wang,174.766876,-41.318352,Wellington City,True,
1501000.1682,1501000,1501000.1682,"NHC - 317 Adelaide Road, Newtown, WLG","NHC - 317 Adelaide Road, Newtown, Wellington, 6021, NZL",Vero Insurance New Zealand Limited,2026-05-15,WN,Shirley Wang,174.776363,-41.313129,Wellington City,True,
1501000.1676,1501000,1501000.1676,"NHC - 46 Fortunatus Street, Brooklyn WLG","NHC - 46 Fortunatus Street, Brooklyn, Wellington, 6021, NZL",AA Insurance Limited,2026-05-18,WN,Shirley Wang,174.766545,-41.311922,Wellington City,True,
1501000.1677,1501000,1501000.1677,"NHC - 96 Ranch Road, Mount Maunganui, Ba","NHC - 96 Ranch Road, Mount Maunganui, Bay of Plenty, 3116, NZL",AA Insurance Limited,2026-05-18,TG,Zhi Chye,176.208769,-37.659806,,False,
1501000.1678,1501000,1501000.1678,"NHC - 10 Manley Terrace, Newtown, WLG","NHC - 10 Manley Terrace, Newtown, Wellington, 6021, NZL",Vero Insurance New Zealand Limited,2026-05-18,WN,Shirley Wang,174.776842,-41.312974,Wellington City,True,
1501000.1679,1501000,1501000.1679,"NHC - 313 Adelaide Road, Berhampore, WLG","NHC - 313 Adelaide Road, Berhampore, Wellington, 6023, NZL",AA Insurance Limited,2026-05-18,WN,Shirley Wang,174.776548,-41.312943,Wellington City,True,
1501000.1680,1501000,1501000.1680,"NHC - 51 Sutherland Road, Melrose, WLG","NHC - 51 Sutherland Road, Melrose, Wellington, 6023, NZL",Vero Insurance New Zealand Limited,2026-05-20,WN,Shirley Wang,174.78942,-41.323582,Wellington City,True,
1501000.1681,1501000,1501000.1681,"NHC - 175 Alpine Road, Kaukapakapa, AKL","NHC - 175 Alpine Road, Kaukapakapa, Auckland",AA Insurance Limited,2026-05-21,AK,Stefan Huszak,174.479159,-36.616824,,False,
1501000.1683,1501000,1501000.1683,"NHC - 279 Marine Drive, Charteris Bay","NHC - 279 Marine Drive, Charteris Bay, Governors Bay, Canterbury, 8971, NZL",AA Insurance Limited,2026-05-21,WN,Shirley Wang,172.719227,-43.63424,,False,
1501000.1684,1501000,1501000.1684,"NHC - 36 The Parade, Island Bay, WLG","NHC - 36 The Parade, Island Bay, Wellington, 6023, NZL",Vero Insurance New Zealand Limited,2026-05-22,WN,Shirley Wang,174.77322,-41.329902,Wellington City,True,
1501000.1685,1501000,1501000.1685,"NHC -38A Buckingham Street, Melrose, WLG","NHC - 38A Buckingham Street, Melrose, Wellington, 6023, NZL",AA Insurance Limited,2026-05-22,WN,Shirley Wang,174.790742,-41.323507,Wellington City,True,
1501000.1686,1501000,1501000.1686,"NHC - 107H Grange Road, Hahei, Whitianga","NHC - 107H Grange Road, Hahei, Whitianga, Waikato, 3591, NZL",Vero Insurance New Zealand Limited,2026-05-22,TG,Zhi Chye,175.79919,-36.835074,,False,
1501000.1687,1501000,1501000.1687,"NHC - 45 Pye Place, Hot Water Beach, Whi","NHC - 45 Pye Place, Hot Water Beach, Whitianga, Waikato, 3591, NZL",Vero Insurance New Zealand Limited,2026-05-25,TG,Zhi Chye,175.825794,-36.888804,,False,
1501000.1688,1501000,1501000.1688,"NHC - 11 Halifax Street, Kingston, WLG","NHC - 11 Halifax Street, Kingston, Wellington, 6021, NZL",AA Insurance Limited,2026-05-25,WN,Shirley Wang,174.765059,-41.324007,Wellington City,True,
1501000.1689,1501000,1501000.1689,"NHC - 95 Sweetacres Drive, Belmont, WLG","NHC - 95 Sweetacres Drive, Belmont, Lower Hutt, Wellington, 5010, NZL",Vero Insurance New Zealand Limited,2026-05-25,WN,Shirley Wang,174.906664,-41.188247,Lower Hutt City,True,
1501000.1690,1501000,1501000.1690,"NHC - 36a McColl Street, Vogeltown, WLG","NHC - 36a McColl Street, Vogeltown, Wellington, 6021, NZL",AA Insurance Limited,2026-05-25,WN,Shirley Wang,174.768467,-41.315613,Wellington City,True,
1501000.1699,1501000,1501000.1699,"NHC - 8 Ingestre Street, Brooklyn, WLG","NHC - 8 Ingestre Street, Brooklyn, Wellington, 6021, NZL",AA Insurance Limited,2026-05-25,WN,Shirley Wang,174.766175,-41.31607,Wellington City,True,
1501000.1700,1501000,1501000.1700,"NHC - 313A Adelaide Road, Newtown, WLG","NHC - 313A Adelaide Road, Newtown, Wellington, 6021, NZL",AA Insurance Limited,2026-05-25,WN,Shirley Wang,174.776389,-41.312908,Wellington City,True,
1501000.1691,1501000,1501000.1691,"NHC - 18 Matai Road, Hataitai, WLG","NHC - 18 Matai Road, Hataitai, Wellington, 6021, NZL",AA Insurance Limited,2026-05-26,WN,Shirley Wang,174.798937,-41.303332,Wellington City,True,
1501000.1692,1501000,1501000.1692,"NHC - 36 McColl Street, Vogeltown, WLG","NHC - 36 McColl Street, Vogeltown, Wellington, 6021, NZL",AA Insurance Limited,2026-05-26,WN,Shirley Wang,174.768502,-41.31554,Wellington City,True,
1501000.1693,1501000,1501000.1693,"NHC - 22 Chastudon Place, Tawa, WLG","NHC - 22 Chastudon Place, Tawa, Wellington, 5028, NZL",Vero Insurance New Zealand Limited,2026-05-28,WN,Shirley Wang,174.821528,-41.159678,Wellington City,True,
1501000.1694,1501000,1501000.1694,"NHC - 23 Shannon Street, Mount Victoria","NHC - 23 Shannon Street, Mount Victoria, Wellington, 6011, NZL",Vero Insurance New Zealand Limited,2026-05-28,WN,Shirley Wang,174.790311,-41.293269,Wellington City,True,
1501000.1695,1501000,1501000.1695,"NHC - 6 Taft Street, Brooklyn, WLG","NHC - 6 Taft Street, Brooklyn, Wellington, 6021, NZL",Vero Insurance New Zealand Limited,2026-05-28,WN,Shirley Wang,174.765683,-41.308853,Wellington City,True,
1501000.1343,1501000,1501000.1343,"NHC - 49 Newhaven Terrace, Mairangi Bay","NHC - 49 Newhaven Terrace, Mairangi Bay, Auckland",AA Insurance Limited,2026-05-29,AK,Stefan Huszak,174.750512,-36.743608,,False,
1501000.1696,1501000,1501000.1696,"NHC - 339 Whitmore Road, Tāwharanui","NHC - 339 Whitmore Road, Tāwharanui Peninsula, Matakana, Auckland, 0986, NZL",Vero Insurance New Zealand Limited,2026-05-29,AK,Stefan Huszak,174.741092,-36.376611,,False,
1501000.1697,1501000,1501000.1697,"NHC - 50 Happy Valley Road, Ōwhiro Bay","NHC - 50 Happy Valley Road, Ōwhiro Bay, Wellington, 6023, NZL",Vero Insurance New Zealand Limited,2026-06-02,WN,Shirley Wang,174.760509,-41.341981,Wellington City,True,
1501000.1698,1501000,1501000.1698,"NHC - 5a Farnham Street, Mornington, WLG","NHC - 5a Farnham Street, Mornington, Wellington, 6021, NZL",Vero Insurance New Zealand Limited,2026-06-02,WN,Shirley Wang,174.768386,-41.320689,Wellington City,True,
1501000.1344,1501000,1501000.1344,"NHC - 45 Vauxhall Road, #2, Devonport","NHC - 45 Vauxhall Road, #2, Devonport, Auckland",AA Insurance Limited,2026-06-04,AK,Stefan Huszak,174.803379,-36.824806,,False,
1501000.1701,1501000,1501000.1701,"NHC - 74 Balfour Street, Mornington, WLG","NHC - 74 Balfour Street, Mornington, Wellington, 6021, NZL",Vero Insurance New Zealand Limited,2026-06-04,WN,Shirley Wang,174.768773,-41.316848,Wellington City,True,
1501000.1345,1501000,1501000.1345,"NHC - 45 Vauxhall Road, #7, Devonport","NHC - 45 Vauxhall Road, #7, Devonport, Auckland",AA Insurance Limited,2026-06-05,AK,Stefan Huszak,174.803342,-36.824747,,False,
1501000.1702,1501000,1501000.1702,"NHC - 80 Happy Valley Road, Ōwhiro Bay","NHC - 80 Happy Valley Road, Ōwhiro Bay, Wellington, 6023, NZL",AA Insurance Limited,2026-06-05,WN,Shirley Wang,174.760394,-41.340449,Wellington City,True,
1501000.1703,1501000,1501000.1703,"NHC - 155 The Ridgeway, Mornington, WLG","NHC - 155 The Ridgeway, Mornington, Wellington, 6021, NZL",Vero Insurance New Zealand Limited,2026-06-08,WN,Shirley Wang,174.764377,-41.319895,Wellington City,True,
1501000.1704,1501000,1501000.1704,"NHC -  87A Te Wharepouri Street, WLG","NHC -  87A Te Wharepouri Street, Berhampore, Wellington, 6023, NZL",AA Insurance Limited,2026-06-10,WN,Shirley Wang,174.774488,-41.319037,Wellington City,True,
1501000.1705,1501000,1501000.1705,"NHC -  62 Owhiro Bay Parade, Ōwhiro Bay","NHC -  62 Owhiro Bay Parade, Ōwhiro Bay, Wellington, 6023, NZL",AA Insurance Limited,2026-06-10,WN,Shirley Wang,174.75865,-41.343903,Wellington City,True,
1501000.1706,1501000,1501000.1706,"NHC - 62 Liardet Street, Vogeltown, WLG","NHC - 62 Liardet Street, Vogeltown, Wellington, 6021, NZL",Vero Insurance New Zealand Limited,2026-06-11,WN,Shirley Wang,174.770069,-41.315295,Wellington City,True,
1501000.1707,1501000,1501000.1707,"NHC - 54 Rintoul Street, Newtown, WLG","NHC - 54 Rintoul Street, Newtown, Wellington, 6021, NZL",AA Insurance Limited,2026-06-11,WN,Shirley Wang,174.778418,-41.31369,Wellington City,True,
1501000.1708,1501000,1501000.1708,"NHC - 7 Maritime Way, Whitby, Porirua","NHC - 7 Maritime Way, Whitby, Porirua, Wellington, 5024, NZL",AA Insurance Limited,2026-06-18,WN,Shirley Wang,174.902685,-41.117198,Porirua City,True,
1501000.1709,1501000,1501000.1709,"NHC - 28 Espin Crescent, Karori, WLG","NHC - 28 Espin Crescent, Karori, Wellington, 6012, NZL",Vero Insurance New Zealand Limited,2026-06-18,WN,Shirley Wang,174.752797,-41.286877,Wellington City,True,
1501000.1710,1501000,1501000.1710,"NHC - 30 Mana Street, Vogeltown, WLG","NHC - 30 Mana Street, Vogeltown, Wellington, 6021, NZL",AA Insurance Limited,2026-06-19,WN,Shirley Wang,174.766906,-41.313955,Wellington City,True,
1501000.1711,1501000,1501000.1711,"NHC - 22E Drummond Crescent, Kelson, WLG","NHC - 22E Drummond Crescent, Kelson, Lower Hutt, Wellington, 5010, NZL",Vero Insurance New Zealand Limited,2026-06-19,WN,Shirley Wang,174.941423,-41.173411,Lower Hutt City,True,
1501000.1712,1501000,1501000.1712,"NHC - 19 Hoggard Street, Vogeltown, WLG","NHC - 19 Hoggard Street, Vogeltown, Wellington, 6021, NZL",AA Insurance Limited,2026-06-19,WN,Shirley Wang,174.768424,-41.314762,Wellington City,True,
1501000.1713,1501000,1501000.1713,"NHC - 423 Ohiro Road, Brooklyn, WLG","NHC - 423 Ohiro Road, Brooklyn, Wellington, 6021, NZL",AA Insurance Limited,2026-06-19,WN,Shirley Wang,174.760939,-41.318459,Wellington City,True,
1501000.1714,1501000,1501000.1714,"NHC - 12 King Charles Drive, WLG","NHC - 12 King Charles Drive, Kingsley Heights, Upper Hutt, Wellington, 5018, NZL",AA Insurance Limited,2026-06-19,WN,Shirley Wang,175.081288,-41.123661,Upper Hutt City,True,
1501000.1715,1501000,1501000.1715,"NHC - 400A Paremata Road, Whitby, WLG","NHC - 400A Paremata Road, Whitby, Porirua, Wellington, 5381, NZL",Vero Insurance New Zealand Limited,2026-06-23,WN,Shirley Wang,174.908626,-41.105016,Porirua City,True,
1501000.1716,1501000,1501000.1716,"NHC - 24 Fortunatus Street, Brooklyn WLG","NHC - 24 Fortunatus Street, Brooklyn, Wellington, 6021, NZL",Vero Insurance New Zealand Limited,2026-06-23,WN,Shirley Wang,174.767308,-41.311283,Wellington City,True,
1501000.1717,1501000,1501000.1717,"NHC - 564 Mahurangi West Road, Mahurangi","NHC - 564 Mahurangi West Road, Mahurangi West, Warkworth, Auckland, 0983, NZL",AA Insurance Limited,2026-06-23,AK,Stefan Huszak,174.708774,-36.50172,,False,
1501000.1718,1501000,1501000.1718,"NHC - 4 Lighthouse Road, Akaroa, Cant","NHC - 4 Lighthouse Road, Akaroa, Canterbury, 7520, NZL",Vero Insurance New Zealand Limited,2026-06-24,WN,Shirley Wang,172.960455,-43.81544,,False,
1501000.1719,1501000,1501000.1719,"NHC - 89B Te Wharepouri Street, WLG","NHC - 89B Te Wharepouri Street, Berhampore, Wellington, 6023, NZL",AA Insurance Limited,2026-06-24,WN,Shirley Wang,174.7743,-41.318915,Wellington City,True,
1501000.1720,1501000,1501000.1720,"NHC - 33 Fyvie Avenue, Tawa, Wellington","NHC - 33 Fyvie Avenue, Tawa, Wellington, 5028, NZL",AA Insurance Limited,2026-06-24,WN,Shirley Wang,174.826634,-41.158184,Wellington City,True,
1501000.1721,1501000,1501000.1721,"NHC - 38 Raroa Road, Kelburn, Wellington","NHC - 38 Raroa Road, Kelburn, Wellington, 6012, NZL",AA Insurance Limited,2026-06-24,WN,Shirley Wang,174.757177,-41.28946,Wellington City,True,
1501000.1722,1501000,1501000.1722,"NHC - 5 Beavis Lane, Karori, Wellington","NHC - 5 Beavis Lane, Karori, Wellington, 6012, NZL",AA Insurance Limited,2026-06-24,WN,Shirley Wang,174.738487,-41.291668,Wellington City,True,
1501000.1346,1501000,1501000.1346,"NHC - 7 Marmon Street West, Rawene","NHC - 7 Marmon Street West, Rawene, Kaikohe, Northland",Vero Insurance New Zealand Limited,2026-06-25,AK,Stefan Huszak,173.503202,-35.402918,,False,
1501000.1723,1501000,1501000.1723,"NHC - 25 Tiroiti Grove, Stokes Valley","NHC - 25 Tiroiti Grove, Stokes Valley, Lower Hutt, Wellington, 5019, NZL",AA Insurance Limited,2026-06-30,WN,Shirley Wang,174.980473,-41.167222,Lower Hutt City,True,
1501000.1724,1501000,1501000.1724,"NHC - 121 Noakes Hill Road, Puhoi, AKL","NHC - 121 Noakes Hill Road, Puhoi, Warkworth, Auckland",AA Insurance Limited,2026-06-30,AK,Stefan Huszak,174.641471,-36.538678,,False,
1501000.1725,1501000,1501000.1725,"NHC - 145 Pumpkin Hill Road, Pumpkin Hil","NHC - 145 Pumpkin Hill Road, Pumpkin Hill, Whitianga, Waikato, 3591, NZL",Vero Insurance New Zealand Limited,2026-07-03,TG,Zhi Chye,175.850585,-36.97892,,False,
1501000.1726,1501000,1501000.1726,"NHC - 91 Te Wharepouri Street, WLG","NHC - 91 Te Wharepouri Street, Berhampore, Wellington, 6023, NZL",AA Insurance Limited,2026-07-03,WN,Shirley Wang,174.774241,-41.318841,Wellington City,True,
1501000.1727,1501000,1501000.1727,"NHC - 19 Wyndrum Avenue, Waterloo, WLG","NHC - 19 Wyndrum Avenue, Waterloo, Lower Hutt, Wellington, 5011, NZL",AA Insurance Limited,2026-07-06,WN,Shirley Wang,174.936088,-41.213742,Lower Hutt City,True,
1501000.1728,1501000,1501000.1728,"NHC - 16 Mana Street, Vogeltown, WLG","NHC - 16 Mana Street, Vogeltown, Wellington, 6021, NZL",Vero Insurance New Zealand Limited,2026-07-06,WN,Shirley Wang,174.766729,-41.313242,Wellington City,True,
1501000.1729,1501000,1501000.1729,"NHC - 29A Lowry Crescent, Stokes Valley","NHC - 29A Lowry Crescent, Stokes Valley, Lower Hutt, Wellington, 5019, NZL",Vero Insurance New Zealand Limited,2026-07-07,WN,Shirley Wang,174.99253,-41.17048,Lower Hutt City,True,
1501000.1730,1501000,1501000.1730,"NHC - 657 Mangapurupuru Road, Bideford","NHC - 657 Mangapurupuru Road, Bideford, Masterton, Wellington, 5871, NZL",Vero Insurance New Zealand Limited,2026-07-08,WN,Shirley Wang,175.945542,-40.855534,,False,
1501000.1731,1501000,1501000.1731,"NHC - 60 Collins Avenue, Tawa, WLG","NHC - 60 Collins Avenue, Tawa, Wellington, 5028, NZL",AA Insurance Limited,2026-07-08,WN,Shirley Wang,174.840038,-41.162095,Wellington City,True,
1501000.1732,1501000,1501000.1732,"NHC - 26 Whangaimoana Beach Road, WLG","NHC - 26 Whangaimoana Beach Road, Whāngaimoana, Pirinoa, Wellington, 5772, NZL",AA Insurance Limited,2026-07-08,WN,Shirley Wang,175.175248,-41.401658,,False,
1501000.1733,1501000,1501000.1733,"NHC - 4 Bouverie Street, Dunedin","NHC - 4 Bouverie Street, North East Valley, Dunedin, Otago, 9010, NZL",AA Insurance Limited,2026-07-08,WN,Shirley Wang,170.535258,-45.848413,,False,
1501000.1734,1501000,1501000.1734,"NHC - 64 Collins Avenue, Tawa, WLG","NHC - 64 Collins Avenue, Tawa, Wellington, 5028, NZL",AA Insurance Limited,2026-07-09,WN,Shirley Wang,174.84028,-41.162169,Wellington City,True,
1501000.1735,1501000,1501000.1735,"NHC - 7 Totara Street, Lansdowne, WLG","NHC - 7 Totara Street, Lansdowne, Masterton, Wellington, 5810, NZL",AA Insurance Limited,2026-07-14,WN,Shirley Wang,175.67291,-40.944635,,False,
1501000.1736,1501000,1501000.1736,"NHC - 66 Aln Street, Oamaru, Otago, 9400","NHC - 66 Aln Street, Oamaru, Otago, 9400",AA Insurance Limited,2026-07-15,WN,Shirley Wang,170.969198,-45.090733,,False,
1501000.1737,1501000,1501000.1737,"NHC - 4 Glen Street, Oamaru, Otago, 9400","NHC - 4 Glen Street, Oamaru, Otago, 9400",AA Insurance Limited,2026-07-15,WN,Shirley Wang,170.964227,-45.093852,,False,
1501000.1738,1501000,1501000.1738,"NHC - 21 Canterbury Street, Karori, WLG","NHC - 21 Canterbury Street, Karori, Wellington, 6012, NZL",Vero Insurance New Zealand Limited,2026-07-15,WN,Shirley Wang,174.734273,-41.277787,Wellington City,True,
1501000.1739,1501000,1501000.1739,"NHC - 14 Chanel Grove, Waterloo, WLG","NHC - 14 Chanel Grove, Waterloo, Lower Hutt, Wellington, 5011, NZL",AA Insurance Limited,2026-07-15,WN,Shirley Wang,174.931386,-41.221336,Lower Hutt City,True,
1501000.1740,1501000,1501000.1740,"NHC - 17 Kaka Road, Saint Leonards, Dune","NHC - 17 Kaka Road, Saint Leonards, Dunedin, Otago, 9022, NZL",AA Insurance Limited,2026-07-16,WN,Shirley Wang,170.576523,-45.847412,,False,
1501000.1741,1501000,1501000.1741,"NHC - 10 Bouverie Street, North East Val","NHC - 10 Bouverie Street, North East Valley, Dunedin, Otago, 9010, NZL",AA Insurance Limited,2026-07-16,WN,Shirley Wang,170.535112,-45.848464,,False,
1501000.1742,1501000,1501000.1742,"NHC - 18 Arnold Street, North East Valle","NHC - 18 Arnold Street, North East Valley, Dunedin, Otago, 9010, NZL",AA Insurance Limited,2026-07-16,WN,Shirley Wang,170.535133,-45.848201,,False,
1501000.1743,1501000,1501000.1743,"NHC - 7A Old Coach Rd, Johnsonville, WLG","NHC - 7A Old Coach Road, Johnsonville, Wellington, 6037, NZL",Vero Insurance New Zealand Limited,2026-07-16,WN,Shirley Wang,174.794645,-41.222017,Wellington City,True,
1501000.1744,1501000,1501000.1744,"NHC - 65 Napier Terrace, Hospital Hill,","NHC - 65 Napier Terrace, Hospital Hill, Napier, Hawke's Bay, 4110, NZL",Vero Insurance New Zealand Limited,2026-07-16,AK,Stefan Huszak,176.902598,-39.488233,,False,
1501000.1745,1501000,1501000.1745,"NHC - 29 Durham Street, Aro Valley, WLG","NHC - 29 Durham Street, Aro Valley, Wellington, 6021, NZL",Vero Insurance New Zealand Limited,2026-07-17,WN,Shirley Wang,174.764366,-41.296332,Wellington City,True,
1501000.1746,1501000,1501000.1746,"NHC - Unit 9, 14 Kauri Road, Birkenhead,","NHC - Unit 9, 14 Kauri Road, Birkenhead, Auckland, 0626, NZL",AA Insurance Limited,2026-07-17,AK,Stefan Huszak,174.707486,-36.810107,,False,
1501000.1747,1501000,1501000.1747,"NHC - 59 Arawhata Street, Rānui, WLG","NHC - 59 Arawhata Street, Rānui, Porirua, Wellington, 5024, NZL",Vero Insurance New Zealand Limited,2026-07-17,WN,Shirley Wang,174.853406,-41.143482,Porirua City,True,
1501000.1748,1501000,1501000.1748,"NHC - 30 Taft Street, Brooklyn, WLG","NHC - 30 Taft Street, Brooklyn, Wellington, 6021, NZL",Vero Insurance New Zealand Limited,2026-07-17,WN,Shirley Wang,174.764123,-41.308635,Wellington City,True,
1501000.1749,1501000,1501000.1749,"NHC - 28 Seaview Road, Paremata, Porirua","NHC - 28 Seaview Road, Paremata, Porirua, Wellington, 5024, NZL",AA Insurance Limited,2026-07-21,WN,Shirley Wang,174.879902,-41.101853,Porirua City,True,
1501000.1750,1501000,1501000.1750,"NHC - 38 Sunbrae Drive, Silverstream WLG","NHC - 38 Sunbrae Drive, Silverstream, Upper Hutt, Wellington, 5019, NZL",Vero Insurance New Zealand Limited,2026-07-21,WN,Shirley Wang,175.012077,-41.15458,Upper Hutt City,True,
1501000.1751,1501000,1501000.1751,"NHC - 6 Coombe Hay Terrace, Careys Bay,","NHC - 6 Coombe Hay Terrace, Careys Bay, Dunedin, Otago, 9023, NZL",Vero Insurance New Zealand Limited,2026-07-22,WN,Shirley Wang,170.619384,-45.808951,,False,
1501000.1752,1501000,1501000.1752,"NHC - 56 Harbour Terrace, Careys Bay, Du","NHC - 56 Harbour Terrace, Careys Bay, Dunedin, Otago, 9023, NZL",Vero Insurance New Zealand Limited,2026-07-22,WN,Shirley Wang,170.622702,-45.806889,,False,
1501000.1753,1501000,1501000.1753,"NHC - 4 Wilmore Way, Lowry Bay, WLG","NHC - 4 Wilmore Way, Lowry Bay, Lower Hutt, Wellington, 5013, NZL",Vero Insurance New Zealand Limited,2026-07-22,WN,Shirley Wang,174.910358,-41.254837,Lower Hutt City,True,
1501000.1754,1501000,1501000.1754,"NHC - 42 Mersey Street, South Hill, Oama","NHC - 42 Mersey Street, South Hill, Oamaru, Otago, 9400, NZL",AA Insurance Limited,2026-07-22,WN,Shirley Wang,170.956183,-45.106618,,False,
1501000.1755,1501000,1501000.1755,"NHC - 1A Glen Street, Oamaru, Otago, 940","NHC - 1A Glen Street, Oamaru, Otago, 9400, NZL",AA Insurance Limited,2026-07-23,WN,Shirley Wang,170.96413,-45.095229,,False,
1501000.1756,1501000,1501000.1756,"NHC - 3 Wells Street, Brighton, Dunedin,","NHC - 3 Wells Street, Brighton, Dunedin, Otago, 9035, NZL",Vero Insurance New Zealand Limited,2026-07-23,WN,Shirley Wang,170.326862,-45.946105,,False,
1501000.1757,1501000,1501000.1757,"NHC - 61 Irvine Road, The Cove, Dunedin,","NHC - 61 Irvine Road, The Cove, Dunedin, Otago, 9077, NZL",Vero Insurance New Zealand Limited,2026-07-23,WN,Shirley Wang,170.550561,-45.882298,,False,
1501000.1758,1501000,1501000.1758,"NHC - 399 Karaka Bay Road, Karaka Bays","NHC - 399 Karaka Bay Road, Karaka Bays, Wellington, 6022, NZL",Vero Insurance New Zealand Limited,2026-07-23,WN,Shirley Wang,174.831013,-41.304154,Wellington City,True,
1501000.1759,1501000,1501000.1759,"NHC - 220 Evans Bay Parade, Hataitai WLG","NHC - 220 Evans Bay Parade, Hataitai, Wellington, 6021, NZL",Vero Insurance New Zealand Limited,2026-07-29,WN,Shirley Wang,174.804655,-41.298111,Wellington City,True,
1501000.1760,1501000,1501000.1760,"NHC - 6 Orakei Street, Tāhunanui, Nelson","NHC - 6 Orakei Street, Tāhunanui, Nelson, 7011, NZL",Vero Insurance New Zealand Limited,2026-07-31,NE,John Westerson,173.251667,-41.287042,,False,
1501000.1761,1501000,1501000.1761,"NHC - 53 Massey Road, Mangapapa","NHC - 53 Massey Road, Mangapapa, Gisborne, 4010, NZL",Vero Insurance New Zealand Limited,2026-08-05,AK,Stefan Huszak,178.026551,-38.644776,,False,
1501000.1762,1501000,1501000.1762,"NHC - 1 Harvey Street, Tauranga South, T","NHC - 1 Harvey Street, Tauranga South, Tauranga, Bay of Plenty, 3112, NZL",AA Insurance Limited,2026-08-05,TG,Zhi Chye,176.166754,-37.704985,,False,
1501000.1763,1501000,1501000.1763,"NHC - 76 Buccleugh Street, Dunedin","NHC - 76 Buccleugh Street, North East Valley, Dunedin, Otago, 9010, NZL",AA Insurance Limited,2026-08-10,WN,Shirley Wang,170.520494,-45.851954,,False,
1501000.1764,1501000,1501000.1764,"NHC - 29 Norwich Street, Wadestown, WLG","NHC - 29 Norwich Street, Wadestown, Wellington, 6012, NZL",Vero Insurance New Zealand Limited,2026-08-11,WN,Shirley Wang,174.765512,-41.265785,Wellington City,True,
1501000.1765,1501000,1501000.1765,"NHC - 26 Batchelor Street, Newlands, WLG","NHC - 26 Batchelor Street, Newlands, Wellington, 6037, NZL",AA Insurance Limited,2026-08-13,WN,Shirley Wang,174.820099,-41.223774,Wellington City,True,
1501000.1766,1501000,1501000.1766,"NHC - 93 Golf Road, Taumarunui, Manawatu","NHC - 93 Golf Road, Taumarunui, Manawatu-Whanganui, 3920, NZL",Vero Insurance New Zealand Limited,2026-08-14,WN,Shirley Wang,175.255378,-38.873174,,False,
1501000.1771,1501000,1501000.1771,"NHC - 85 Mill Road, Lower Vogeltown, TKI","NHC - 85 Mill Road, Lower Vogeltown, New Plymouth, Taranaki, 4310, NZL",AA Insurance Limited,2026-08-14,WN,Shirley Wang,174.074409,-39.069012,,False,
1501000.1767,1501000,1501000.1767,"NHC - 36 Sunbrae Drive, Silverstream WLG","NHC - 36 Sunbrae Drive, Silverstream, Upper Hutt, Wellington, 5019, NZL",AA Insurance Limited,2026-08-18,WN,Shirley Wang,175.012041,-41.154442,Upper Hutt City,True,
1501000.1768,1501000,1501000.1768,"NHC - 3 Rata Street, Karoro, Greymouth","NHC - 3 Rata Street, Karoro, Greymouth, West Coast, 7805, NZL",AA Insurance Limited,2026-08-20,WN,Shirley Wang,171.187929,-42.474602,,False,
1501000.1769,1501000,1501000.1769,"NHC - 23 Ashmore Avenue, Cobden","NHC - 23 Ashmore Avenue, Cobden, Greymouth, West Coast, 7802, NZL",AA Insurance Limited,2026-08-24,WN,Shirley Wang,171.214198,-42.439484,,False,
1501000.1770,1501000,1501000.1770,"NHC - 73 Sunnyvale Road, Massey, Aucklan","NHC - 73 Sunnyvale Road, Massey, Auckland, 0614, NZL",Vero Insurance New Zealand Limited,2026-08-26,AK,Stefan Huszak,174.580581,-36.843057,,False,
1501000.1772,1501000,1501000.1772,"NHC - 397 Karaka Bay Road, Karaka Bays","NHC - 397 Karaka Bay Road, Karaka Bays, Wellington, 6022, NZL",Vero Insurance New Zealand Limited,2026-08-31,WN,Shirley Wang,174.831089,-41.304219,Wellington City,True,
1501000.1773,1501000,1501000.1773,"NHC - 8 Hapua Street, Hataitai, WLG","NHC - 8 Hapua Street, Hataitai, Wellington, 6021, NZL",Vero Insurance New Zealand Limited,2026-09-03,WN,Shirley Wang,174.792542,-41.301661,Wellington City,True,
1501000.1774,1501000,1501000.1774,"NHC - 58 Nevay Road, Karaka Bays, WLG","NHC - 58 Nevay Road, Karaka Bays, Wellington, 6022, NZL",Vero Insurance New Zealand Limited,2026-09-07,WN,Shirley Wang,174.829157,-41.308427,Wellington City,True,
1501000.1775,1501000,1501000.1775,"NHC - 67A Gladstone Road, Dalmore, Duned","NHC - 67A Gladstone Road, Dalmore, Dunedin, Otago, 9010, NZL",AA Insurance Limited,2026-09-08,WN,Shirley Wang,170.51571,-45.851981,,False,
1501000.1776,1501000,1501000.1776,"NHC - 16 Sir George Back Street, Opua, N","NHC - 16 Sir George Back Street, Opua, Northland, 0200, NZL",AA Insurance Limited,2026-09-09,AK,Stefan Huszak,174.116072,-35.31241,,False,
1501000.1777,1501000,1501000.1777,"NHC - 30 Forest Hill Road, #2, Henderson","NHC - 30 Forest Hill Road, #2, Henderson, Auckland, 0612, NZL",Vero Insurance New Zealand Limited,2026-09-10,AK,Stefan Huszak,174.619995,-36.896298,,False,
1501000.1778,1501000,1501000.1778,"NHC - 19 Athens Street, Miramar, WLG","NHC - 19 Athens Street, Miramar, Wellington, 6022, NZL",Vero Insurance New Zealand Limited,2026-09-14,WN,Shirley Wang,174.821271,-41.31667,Wellington City,True,
1501000.1779,1501000,1501000.1779,"NHC - 22 Access Heights, Kerikeri, North","NHC - 22 Access Heights, Kerikeri, Northland, 0230, NZL",Vero Insurance New Zealand Limited,2026-09-16,AK,Stefan Huszak,173.936494,-35.23091,,False,
1501000.0000,1501000,1501000.0000,Suncorp Insurance Claims,Suncorp Insurance Claims,Suncorp New Zealand Services Limited,2026-10-01,AK,James Russell,174.02188444000012,-41.284073888999956,,False,
