project_number_full,programme,subproject,project_name,project_long_name,client,start_date,owning_office,project_manager,lon,lat,ta_name,in_study_area,name_event_hint
1503000.0001R,1503000,1503000.0001,"EQC - 23 Ladbrooke Drive, Newlands, Well","EQC - 23 Ladbrooke Drive, Newlands, Wellington",Tower Insurance Limited,2021-07-22,WN,Shirley Wang,174.833687,-41.221097,Wellington City,True,
1503000.0002R,1503000,1503000.0002,"EQC - 48 Rama Crescent, Khandallah, Well","EQC - 48 Rama Crescent, Khandallah, Wellington, 6035, NZL",Tower Insurance Limited,2021-07-26,WN,Shirley Wang,174.790182,-41.255123,Wellington City,True,
1503000.0003R,1503000,1503000.0003,"EQC - 4 Barton Terrace, Thorndon, Wellin","EQC - 4 Barton Terrace, Thorndon, Wellington",Tower Insurance Limited,2021-07-26,WN,Shirley Wang,174.768984,-41.278257,Wellington City,True,
1503000.0004R,1503000,1503000.0004,"EQC - 16 Marama Terrace, Eastbourne","EQC - 16 Marama Terrace, Eastbourne",Tower Insurance Limited,2021-07-27,WN,Shirley Wang,174.903607,-41.290301,Lower Hutt City,True,
1503000.0007R,1503000,1503000.0007,"EQC - 6 Pukenui Rd, Havelock","EQC - 6 Pukenui Rd, Havelock",Tower Insurance Limited,2021-08-02,AK,Jen Smith,173.800968,-41.283104,,False,
1503000.0005R,1503000,1503000.0005,"EQC - 28 Sabulite Road, Auckland","EQC - 28 Sabulite Road, Auckland",Tower Insurance Limited,2021-08-04,AK,Jen Smith,174.656286,-36.900001,,False,
1503000.0006R,1503000,1503000.0006,"EQC - 8 Roy Street, Tawa, Wellington, 50","EQC - 8 Roy Street, Tawa, Wellington, 5028",Tower Insurance Limited,2021-08-06,AK,Shirley Wang,174.822464,-41.170037,Wellington City,True,
1503000.0008R,1503000,1503000.0008,"EQC - 36 Shirley St, Karori, Wellington","EQC - 36 Shirley St, Karori, Wellington",Tower Insurance Limited,2021-08-20,WN,Shirley Wang,174.746222,-41.288672,Wellington City,True,
1503000.0009R,1503000,1503000.0009,"EQC - 29 Baroda Street, Khandallah, Well","EQC - 29 Baroda Street, Khandallah, Wellington",Tower Insurance Limited,2021-08-23,WN,Shirley Wang,174.790497,-41.241103,Wellington City,True,
1503000.0010R,1503000,1503000.0010,"EQC - 128B Evans Bay Parade, Roseneath, ","EQC - 128B Evans Bay Parade, Roseneath, Wellington, 6021, NZL",Tower Insurance Limited,2021-08-23,WN,Shirley Wang,174.803092,-41.294179,Wellington City,True,
1503000.0011R,1503000,1503000.0011,"EQC-1 Brabant Road, Waiatarua, Auckland,","EQC-1 Brabant Road, Waiatarua, Auckland, 0612",Tower Insurance Limited,2021-09-08,AK,Jen Smith,174.568495,-36.927038,,False,
1503000.0012R,1503000,1503000.0012,"EQC - 19 Clairmont Heights, Nelson","EQC - 19 Clairmont Heights, Nelson",Tower Insurance Limited,2021-09-08,NE,Marcus Lovell,173.225839,-41.328605,,False,
1503000.0013,1503000,1503000.0013,"EQC - 116 Totara Road, Miramar","EQC - 116 Totara Road, Miramar, Wellington, 6022",Tower Insurance Limited,2021-09-22,WN,Shirley Wang,174.827791,-41.305937,Wellington City,True,
1503000.0014,1503000,1503000.0014,"EQC - 22 Rewa Road, Hataitai, Wellington","EQC - 22 Rewa Road, Hataitai, Wellington, 6021, NZL",Tower Insurance Limited,2021-09-23,WN,Shirley Wang,174.797827,-41.305224,Wellington City,True,
1503000.0015,1503000,1503000.0015,"EQC - 6 Epsom Way, Karori","EQC - 6 Epsom Way, Karori",Tower Insurance Limited,2021-09-24,WN,Shirley Wang,174.720641,-41.288288,Wellington City,True,
1503000.0016R,1503000,1503000.0016,"EQC - 9 Tahuahua Bay, Qu Charlotte Sound","EQC - 9 Tahuahua Bay, Jetty Q5202 Queen Charlotte Sound, Marlborough",Tower Insurance Limited,2021-09-28,AK,Jen Smith,174.08539,-41.211318,,False,
1503000.0018R,1503000,1503000.0018,"EQC - Jetty Q5230 Torea Bay, Qu Charlott","EQC - Jetty Q5230 Torea Bay, Queen Charlotte Sound, Picton",Tower Insurance Limited,2021-09-28,AK,Jen Smith,174.021059,-41.224791,,False,
1503000.0019R,1503000,1503000.0019,"EQC - 10B Mersey St, Island Bay, Welling","EQC - 10B Mersey St, Island Bay, Wellington, 6023",Tower Insurance Limited,2021-10-19,WN,Shirley Wang,174.77554,-41.337843,Wellington City,True,
1503000.0020R,1503000,1503000.0020,"EQC - 125 Stoney Creek Drive, Waitakere,","EQC - 125 Stoney Creek Drive, Waitakere, Auckland, 0782",Tower Insurance Limited,2021-10-19,AK,Jen Smith,174.496531,-36.864344,,False,
1503000.0021R,1503000,1503000.0021,"EQC - 18 Kitewaho Road, Swanson, Aucklan","EQC - 18 Kitewaho Road, Swanson, Auckland, 0816",Tower Insurance Limited,2021-10-27,AK,Jen Smith,174.549348,-36.878296,,False,
1503000.0022R,1503000,1503000.0022,"EQC - 84 Opanuku Road, Henderson Valley,","EQC - 84 Opanuku Road, Henderson Valley, Auckland, 0612",Tower Insurance Limited,2021-11-04,AK,Jen Smith,174.569455,-36.908024,,False,
1503000.0024R,1503000,1503000.0024,"EQC - 10 Naho Place, Meremere, Waikato","EQC - 10 Naho Place, Meremere, Waikato",Tower Insurance Limited,2021-11-08,HM,Michael Triggs,175.071779,-37.317794,,False,
1503000.0023R,1503000,1503000.0023,"EQC - 64A Scott Road, Stanmore Bay, Whan","EQC - 64A Scott Road, Stanmore Bay, Whangaparaoa, Auckland, 0932",Tower Insurance Limited,2021-11-09,AK,Jen Smith,174.72703,-36.634205,,False,
1503000.0027R,1503000,1503000.0027,"EQC - 73 Sea View Road, Baylys Beach, No","EQC - 73 Sea View Road, Baylys Beach, Northland, 0377, NZL",Tower Insurance Limited,2021-11-11,AK,Jen Smith,173.742656,-35.949969,,False,
1503000.0017,1503000,1503000.0017,"EQC - 60 Hillcrest Road, Whakatane","60 Hillcrest Road, Whakatane, Bay of Plenty, 3120, NZL",Medical Insurance Society Limited,2021-11-12,TG,Adam Nally,174.75421,-41.295123,Wellington City,True,
1503000.0026R,1503000,1503000.0026,"EQC - 326 Puketona Road, Haruru, Northla","EQC - 326 Puketona Road, Haruru, Northland, 0204",Tower Insurance Limited,2021-11-16,AK,Shirley Wang,174.053929,-35.279947,,False,
1503000.0028R,1503000,1503000.0028,"EQC - 16 Grassmere Road, Henderson Valle","EQC - 16 Grassmere Road, Henderson Valley, Auckland, 0612, NZL",Tower Insurance Limited,2021-11-18,AK,Jen Smith,174.577944,-36.903112,,False,
1503000.0029R,1503000,1503000.0029,"EQC - 5 Unity Road, Waitakere, Auckland","EQC - 5 Unity Road, Waitakere, Auckland, 0781, NZL",Tower Insurance Limited,2021-11-18,AK,Jen Smith,174.529832,-36.874993,,False,
1503000.0030R,1503000,1503000.0030,"EQC - 199 Forest Hill Road, Waiatarua, A","EQC - 199 Forest Hill Road, Waiatarua, Auckland, 0612, NZL",Tower Insurance Limited,2021-11-18,AK,Jen Smith,174.602571,-36.9092,,False,
1503000.0031R,1503000,1503000.0031,"EQC - 5 Hayes Road, Henderson Valley","EQC - 5 Hayes Road, Henderson Valley, Auckland, 0612, NZL",Tower Insurance Limited,2021-11-18,AK,Jen Smith,174.570739,-36.901276,,False,
1503000.0032R,1503000,1503000.0032,"EQC - 79H Rangatira Road, Auckland","EQC - 79H Rangatira Road, Auckland",Tower Insurance Limited,2021-11-18,AK,Jen Smith,174.700791,-36.80724,,False,
1503000.0033R,1503000,1503000.0033,"EQC - 60 Wainui Road, Kaeo, Northland","EQC - 60 Wainui Road, Kaeo, Northland",Tower Insurance Limited,2021-11-24,AK,Julie Zou,173.750766,-35.057152,,False,
1503000.0034R,1503000,1503000.0034,"EQC - 16 Kitewaho Road, Auckland, Auckla","EQC - 16 Kitewaho Road, Auckland, Auckland 0816",Tower Insurance Limited,2021-11-25,AK,Julie Zou,174.549297,-36.878106,,False,
1503000.0035R,1503000,1503000.0035,"EQC - 22 McQuoids Road, Flat Bush, Auckl","EQC - 22 McQuoids Road, Flat Bush, Auckland, 2019",Tower Insurance Limited,2021-11-29,AK,Julie Zou,174.931391,-36.97955,,False,
1503000.0036R,1503000,1503000.0036,"EQC - 46 Holborn Drive, Stokes Valley","EQC - 46 Holborn Drive, Stokes Valley, Upper Hutt, Wellington",Tower Insurance Limited,2022-01-10,WN,Shirley Wang,174.980332,-41.161772,Lower Hutt City,True,
1503000.0025R,1503000,1503000.0025,"EQC - 3C Maraetotara Road, Ohope, Bay of","EQC - 3C Maraetotara Road, Ohope, Bay of Plenty",Tower Insurance Limited,2022-01-17,TG,Adam Nally,177.057214,-37.972484,,False,
1503000.0037R,1503000,1503000.0037,"EQC-56A Doralto Road, Frankleigh Park, N","EQC-56A Doralto Road, Frankleigh Park, New Plymouth, Taranaki, 4310, NZL",Tower Insurance Limited,2022-01-17,AK,Jen Smith,174.070548,-39.083618,,False,
1503000.0038R,1503000,1503000.0038,"EQC - 9 Bernard Street, Two Mile Bay, Ta","EQC - 9 Bernard Street, Two Mile Bay, Taupo, Waikato, 3330, NZL",Tower Insurance Limited,2022-01-28,TG,Guy McDougall,176.090338,-38.712202,,False,
1503000.0039R,1503000,1503000.0039,"EQC - 132 Pukehangi Road, Rotorua","EQC - 132 Pukehangi Road, Rotorua",Tower Insurance Limited,2022-02-04,TG,Guy McDougall,176.199181,-38.14008,,False,
1503000.0040R,1503000,1503000.0040,"EQC - 500 Evans Bay Parade, Hataitai, We","EQC - 500 Evans Bay Parade, Hataitai, Wellington, 6021, NZL",Tower Insurance Limited,2022-02-16,WN,Shirley Wang,174.796987,-41.310981,Wellington City,True,
1503000.0041R,1503000,1503000.0041,"EQC - 18 Forres Street, Durie Hill, Whan","EQC - 18 Forres Street, Durie Hill, Whanganui, Manawatu-Whanganui, 4500, NZL",Tower Insurance Limited,2022-02-16,WN,Shirley Wang,175.064054,-39.934166,,False,
1503000.0042,1503000,1503000.0042,"EQC - 4456G Karamea Highway, Karamea","EQC - 4456G Karamea Highway, Karamea, West Coast",Tower Insurance Limited,2022-02-16,CH,Scott Forster,172.109457,-41.282054,,False,
1503000.0043R,1503000,1503000.0043,"EQC - 475 Ohiro Road, Brooklyn, Wellingt","EQC - 475 Ohiro Road, Brooklyn, Wellington, 6021",Tower Insurance Limited,2022-02-23,WN,Shirley Wang,174.759933,-41.321899,Wellington City,True,
1503000.0044R,1503000,1503000.0044,"EQC - 113 Houghton Bay Road, Houghton Ba","EQC - 113 Houghton Bay Road, Houghton Bay, Wellington, 6023, NZL",Tower Insurance Limited,2022-02-23,WN,Shirley Wang,174.788012,-41.335085,Wellington City,True,
1503000.0045R,1503000,1503000.0045,"EQC - 216 Pembroke Road, Wilton, Welling","EQC - 216 Pembroke Road, Wilton, Wellington, 6012, NZL",Tower Insurance Limited,2022-03-07,WN,Shirley Wang,174.763787,-41.269564,Wellington City,True,
1503000.0046R,1503000,1503000.0046,"EQC - 66 Spinnaker Drive, Whitby, Poriru","EQC - 66 Spinnaker Drive, Whitby, Porirua, Wellington, 5024, NZL",Tower Insurance Limited,2022-03-07,WN,Shirley Wang,174.888836,-41.109838,Porirua City,True,
1503000.0047R,1503000,1503000.0047,"EQC - 105 View Road, Houghton Bay","EQC - 105 View Road, Houghton Bay, Wellington",Tower Insurance Limited,2022-03-07,WN,Shirley Wang,174.789052,-41.338987,Wellington City,True,
1503000.0048R,1503000,1503000.0048,"EQC - 22 Creswick Terrace, Northland","EQC - 22 Creswick Terrace, Northland, Wellington",Tower Insurance Limited,2022-03-07,WN,Shirley Wang,174.754609,-41.281629,Wellington City,True,
1503000.0049R,1503000,1503000.0049,"EQC - 1 Chella Way, Khandallah","EQC - 1 Chella Way, Khandallah, Wellington",Tower Insurance Limited,2022-03-07,WN,Shirley Wang,174.796551,-41.24273,Wellington City,True,
1503000.0050R,1503000,1503000.0050,"EQC - 37 Cave Road, Houghton Bay, Wellin","EQC - 37 Cave Road, Houghton Bay, Wellington",Tower Insurance Limited,2022-03-08,WN,Shirley Wang,174.782162,-41.341281,Wellington City,True,
1503000.0051R,1503000,1503000.0051,"EQC - 23 Hickey Place, Opunake, Taranaki","EQC - 23 Hickey Place, Opunake, Taranaki, 4616, NZL",Tower Insurance Limited,2022-03-10,AK,Jen Smith,173.8445,-39.449999,,False,
1503000.0052R,1503000,1503000.0052,"EQC - 1 Harland Street, #1, Brooklyn, We","EQC - 1 Harland Street, #1, Brooklyn, Wellington, 6021, NZL",Tower Insurance Limited,2022-03-11,WN,Shirley Wang,174.765112,-41.309846,Wellington City,True,
1503000.0053R,1503000,1503000.0053,"EQC - 93 Te Wharepouri Street, Berhampor","EQC - 93 Te Wharepouri Street, Berhampore, Wellington, 6023, NZL",Tower Insurance Limited,2022-03-14,WN,Shirley Wang,174.774146,-41.318834,Wellington City,True,
1503000.0054R,1503000,1503000.0054,"EQC - 54 Ironside Road, Johnsonville, We","EQC - 54 Ironside Road, Johnsonville, Wellington, 6037, NZL",Tower Insurance Limited,2022-03-16,WN,Shirley Wang,174.802405,-41.218828,Wellington City,True,
1503000.0055R,1503000,1503000.0055,"EQC - 36 Avon Street, Island Bay, Wellin","EQC - 36 Avon Street, Island Bay, Wellington, 6023, NZL",Tower Insurance Limited,2022-03-18,WN,Shirley Wang,174.777103,-41.333998,Wellington City,True,
1503000.0056R,1503000,1503000.0056,"EQC - 99 Horoeka Street, #6, Stokes Vall","EQC - 99 Horoeka Street, #6, Stokes Valley, Lower Hutt, Wellington, 5019, NZL",Tower Insurance Limited,2022-03-25,WN,Shirley Wang,174.995293,-41.173994,Lower Hutt City,True,
1503000.0057R,1503000,1503000.0057,"EQC - 35B Parnell Street, Fairfield, Low","EQC - 35B Parnell Street, Fairfield, Lower Hutt, Wellington, 5011, NZL",Tower Insurance Limited,2022-03-25,WN,Shirley Wang,174.938468,-41.210119,Lower Hutt City,True,
1503000.0058R,1503000,1503000.0058,"EQC - 325 Tamaki Drive, St Heliers, Auck","EQC - 325 Tamaki Drive, St Heliers, Auckland, 1071",Tower Insurance Limited,2022-03-28,AK,Philip Mathewson,174.850098,-36.850285,,False,
1503000.0059R,1503000,1503000.0059,"EQC - 292 Forest Hill Road, Waiatarua, A","EQC - 292 Forest Hill Road, Waiatarua, Auckland, 0612, NZL",Tower Insurance Limited,2022-04-08,AK,Philip Mathewson,174.584391,-36.92205,,False,
1503000.0060,1503000,1503000.0060,"EQC - 6 Grand Vue Rd, Kawaha Point","EQC - 6 Grand Vue Rd, Kawaha Point, Rotorua",Tower Insurance Limited,2022-04-13,TG,Guy McDougall,176.240709,-38.107913,,False,
1503000.0061R,1503000,1503000.0061,"EQC - 33 Seacombe Road, Point Chevalier,","EQC - 33 Seacombe Road, Point Chevalier, Auckland, 1022, NZL",Tower Insurance Limited,2022-04-14,AK,Philip Mathewson,174.707739,-36.8583,,False,
1503000.0062R,1503000,1503000.0062,"EQC - 4 Ti Tree Lane, Stanmore Bay, Whan","EQC - 4 Ti Tree Lane, Stanmore Bay, Whangaparaoa, Auckland, 0932, NZL",Tower Insurance Limited,2022-04-21,AK,Philip Mathewson,174.719787,-36.625568,,False,
1503000.0063,1503000,1503000.0063,"EQC-22 Abbeygate Street, Birkdale,AKL","EQC-22 Abbeygate Street, Birkdale,Auckland",Tower Insurance Limited,2022-04-21,AK,Philip Mathewson,174.708393,-36.801215,,False,
1503000.0064,1503000,1503000.0064,"EQC - 37 Mangawhai Heads Road, Mangawhai","EQC - 37 Mangawhai Heads Road, Mangawhai Heads, Mangawhai, Northland, 0505, NZL",Tower Insurance Limited,2022-04-22,AK,Philip Mathewson,174.584266,-36.086936,,False,
1503000.0066R,1503000,1503000.0066,"EQC - 170 Kawaha Point Rd, Kawaha Point","EQC - 170 Kawaha Point Rd, Kawaha Point, Rotorua, 3010, NZL",Tower Insurance Limited,2022-04-28,TG,Guy McDougall,176.241669,-38.108401,,False,
1503000.0067R,1503000,1503000.0067,"EQC - 12A Somerset Lane, Raglan, Waikato","EQC - 12A Somerset Lane, Raglan, Waikato",Tower Insurance Limited,2022-05-06,HM,Michael Triggs,174.887804,-37.830116,,False,
1503000.0068,1503000,1503000.0068,"EQC - 42 Ti Kouka Way, Kaiwaka, Maungatu","EQC - 42 Ti Kouka Way, Kaiwaka, Maungaturoto, Northland, 0573, NZL",Tower Insurance Limited,2022-05-06,AK,Philip Mathewson,174.464413,-36.121088,,False,
1503000.0069,1503000,1503000.0069,"EQC - 52 Parker Avenue, New Lynn, Auckla","EQC - 52 Parker Avenue, New Lynn, Auckland, 0600, NZL",Tower Insurance Limited,2022-05-15,AK,Philip Mathewson,174.670368,-36.921188,,False,
1503000.0070,1503000,1503000.0070,"EQC - 6 Gladys Avenue, Glenfield, Auckla","EQC - 6 Gladys Avenue, Glenfield, Auckland, 0629, NZL",Tower Insurance Limited,2022-05-20,AK,Philip Mathewson,174.70506224400003,-36.80356163999994,,False,
1503000.0071,1503000,1503000.0071,"EQC - 51C Birkdale Road, Auckland, Auckl","EQC - 51C Birkdale Road, Auckland, Auckland 0626",Tower Insurance Limited,2022-05-24,AK,Philip Mathewson,174.705577,-36.80354,,False,
1503000.0072,1503000,1503000.0072,"EQC - 144C Canal Road, Avondale, Aucklan","EQC - 144C Canal Road, Avondale, Auckland, 1026",Tower Insurance Limited,2022-05-25,AK,Philip Mathewson,174.681278,-36.897186,,False,
1503000.0073,1503000,1503000.0073,"EQC - 9B Onslow Road, #4, Mount Eden, Au","EQC - 9B Onslow Road, #4, Mount Eden, Auckland, 1024, NZL",Tower Insurance Limited,2022-05-25,AK,Philip Mathewson,174.750708,-36.872723,,False,
1503000.0074R,1503000,1503000.0074,"EQC - 103 Thomas Street, Stokes Valley,","EQC - 103 Thomas Street, Stokes Valley, Lower Hutt, Wellington, 5019, NZL",Tower Insurance Limited,2022-06-10,WN,Shirley Wang,174.986574,-41.16386,Lower Hutt City,True,
1503000.0075,1503000,1503000.0075,"EQC-80 Wallath Road, Westown, New Plymou","EQC-80 Wallath Road, Westown, New Plymouth, Taranaki",Tower Insurance Limited,2022-06-16,AK,Philip Mathewson,174.046136,-39.080215,,False,
1503000.0076R,1503000,1503000.0076,"EQC - 155 Barnard Street, Wadestown, Wel","EQC - 155 Barnard Street, Wadestown, Wellington, 6012, NZL",Tower Insurance Limited,2022-06-17,WN,Shirley Wang,174.78644,-41.260937,Wellington City,True,
1503000.0077R,1503000,1503000.0077,"EQC - 11 Buckley Road, Shannon, Manawatu","EQC - 11 Buckley Road, Shannon, Manawatu-Whanganui, 4474, NZL",Tower Insurance Limited,2022-06-21,WN,Shirley Wang,175.391582,-40.564561,,False,
1503000.0078R,1503000,1503000.0078,"EQC - 6 Shackle Lane, Whitby, Porirua, W","EQC - 6 Shackle Lane, Whitby, Porirua, Wellington, 5024, NZL",Tower Insurance Limited,2022-06-22,WN,Shirley Wang,174.895664,-41.109153,Porirua City,True,
1503000.0079R,1503000,1503000.0079,"EQC-8A Houkotuku St, Ohinemutu, Rotorua,","EQC - 8A Houkotuku St, Ohinemutu, Rotorua, 3010, NZL",Tower Insurance Limited,2022-06-27,TG,Guy McDougall,176.245586,-38.128453,,False,
1503000.0080R,1503000,1503000.0080,"EQC - 187 Murphys Road, Judgeford","EQC - 187 Murphys Road, Judgeford, Porirua, Wellington, 5381, NZL",Tower Insurance Limited,2022-06-29,WN,Shirley Wang,174.928072,-41.129724,Porirua City,True,
1503000.0081R,1503000,1503000.0081,"EQC - 68 Sunstone Crescent, Timberlea, U","EQC - 68 Sunstone Crescent, Timberlea, Upper Hutt, Wellington, 5018, NZL",Tower Insurance Limited,2022-06-29,WN,Shirley Wang,175.104903,-41.103611,Upper Hutt City,True,
1503000.0082R,1503000,1503000.0082,"EQC - 78 Sunstone Crescent, Timberlea, U","EQC - 78 Sunstone Crescent, Timberlea, Upper Hutt, Wellington, 5018, NZL",Tower Insurance Limited,2022-06-29,WN,Shirley Wang,175.105215,-41.103834,Upper Hutt City,True,
1503000.0083R,1503000,1503000.0083,"EQC - 19 Airlie Road, Plimmerton, Poriru","EQC - 19 Airlie Road, Plimmerton, Porirua, Wellington, 5026, NZL",Tower Insurance Limited,2022-06-29,WN,Shirley Wang,174.858042,-41.071526,Porirua City,True,
1503000.0084,1503000,1503000.0084,"EQC - 340A Old Taupo Road, Rotorua","EQC - 340A Old Taupo Road, Rotorua",Tower Insurance Limited,2022-07-04,TG,Guy McDougall,176.241756,-38.155583,,False,
1503000.0085,1503000,1503000.0085,"EQC-13A Tomin Rd, Glenview, Hamilton, 32","EQC-13A Tomin Rd, Glenview, Hamilton, 3206, NZL",Tower Insurance Limited,2022-07-11,HM,Michael Triggs,175.283631,-37.818518,,False,
1503000.0086,1503000,1503000.0086,"EQC - 13 Stottholm Road, Auckland, Auckl","EQC - 13 Stottholm Road, Auckland, Auckland 0604",Tower Insurance Limited,2022-07-12,AK,Philip Mathewson,174.669869,-36.927574,,False,
1503000.0087,1503000,1503000.0087,"EQC - 3A Glover Road, St Heliers, Auckla","EQC - 3A Glover Road, St Heliers, Auckland, 1071, NZL",Tower Insurance Limited,2022-07-13,AK,Philip Mathewson,174.863181,-36.846772,,False,
1503000.0088,1503000,1503000.0088,"EQC - 35A Shore Road, Remuera, Auckland","EQC - 35A Shore Road, Remuera, Auckland, 1050, NZL",Tower Insurance Limited,2022-07-21,AK,Philip Mathewson,174.792219,-36.865393,,False,
1503000.0089,1503000,1503000.0089,"EQC - 7 Shirley Road, #5, Grey Lynn","EQC - 7 Shirley Road, #5, Grey Lynn, Auckland, 1021, NZL",Tower Insurance Limited,2022-07-21,AK,Philip Mathewson,174.734452,-36.866666,,False,
1503000.0090,1503000,1503000.0090,"EQC- 20 Windley Street, Ranui, Porirua","EQC- 20 Windley Street, Ranui, Porirua, Wellington, 5024, NZL",Tower Insurance Limited,2022-07-27,WN,Shirley Wang,174.852146,-41.136246,Porirua City,True,
1503000.0091,1503000,1503000.0091,"EQC - 120 George Street, Stokes Valley","EQC - 120 George Street, Stokes Valley, Lower Hutt, Wellington, 5019, NZL",Tower Insurance Limited,2022-07-28,WN,Shirley Wang,174.981036,-41.167523,Lower Hutt City,True,
1503000.0092,1503000,1503000.0092,"EQC - 36A London Street, Lyttelton","EQC - 36A London Street, Lyttelton, Canterbury, 8082, NZL",Tower Insurance Limited,2022-07-28,CH,Anna Sleight,172.721129,-43.602368,,False,
1503000.0093,1503000,1503000.0093,"EQC - 2 Simeon Quay, Lyttelton","EQC - 2 Simeon Quay, Lyttelton, Canterbury, 8082, NZL",Tower Insurance Limited,2022-07-28,CH,Anna Sleight,172.715455,-43.603206,,False,
1503000.0094,1503000,1503000.0094,"EQC-128 Endeavour Drive, Whitby, Porirua","EQC-128 Endeavour Drive, Whitby, Porirua, Wellington, 5024, NZL",Tower Insurance Limited,2022-07-29,WN,Shirley Wang,174.913331,-41.116198,Porirua City,True,
1503000.0095,1503000,1503000.0095,"EQC - 25C Walkers Road, Lyttelton","EQC - 25C Walkers Road, Lyttelton, Canterbury, 8082, NZL",Tower Insurance Limited,2022-07-31,CH,Anna Sleight,172.707659,-43.601019,,False,
1503000.0096,1503000,1503000.0096,"EQC - 1C Waiwera Pl, Merrilands","EQC - 1C Waiwera Pl, Merrilands, New Plymouth, 4312, NZL",Tower Insurance Limited,2022-08-01,AK,Philip Mathewson,174.107021,-39.067635,,False,
1503000.0097,1503000,1503000.0097,"EQC-449 Ohiro Road, Brooklyn, Wellington","EQC-449 Ohiro Road, Brooklyn, Wellington",Tower Insurance Limited,2022-08-02,WN,Shirley Wang,174.760666,-41.319976,Wellington City,True,
1503000.0098,1503000,1503000.0098,"EQC - 135 Happy Valley Road, Owhiro Bay","EQC - 135 Happy Valley Road, Owhiro Bay, Wellington, 6023, NZL",Tower Insurance Limited,2022-08-03,WN,Shirley Wang,174.759072,-41.337715,Wellington City,True,
1503000.0099,1503000,1503000.0099,"EQC - 12 Columbia Way, Kingston","EQC - 12 Columbia Way, Kingston, Wellington, 6021, NZL",Tower Insurance Limited,2022-08-05,WN,Shirley Wang,174.761653,-41.322553,Wellington City,True,
1503000.0100,1503000,1503000.0100,"EQC - 9 Adams Terrace, Aro Valley","EQC - 9 Adams Terrace, Aro Valley, Wellington, 6021, NZL",Tower Insurance Limited,2022-08-05,WN,Shirley Wang,174.763358,-41.293749,Wellington City,True,
1503000.0101,1503000,1503000.0101,"EQC - 87 Point View Drive, East Tamaki","EQC - 87 Point View Drive, East Tamaki Heights, Auckland, 2016, NZL",Tower Insurance Limited,2022-08-05,AK,Philip Mathewson,174.920022,-36.94764,,False,
1503000.0102,1503000,1503000.0102,"EQC - 35 Ticehurst Road, Lyttelton","EQC - 35 Ticehurst Road, Lyttelton, Canterbury, 8082, NZL",Tower Insurance Limited,2022-08-05,CH,Anna Sleight,172.714816,-43.600581,,False,
1503000.0103,1503000,1503000.0103,"EQC - 338 Supplejack Vly Rd, Wakefield","EQC - 338 Supplejack Valley Road, Upper Moutere, Wakefield, Tasman",Tower Insurance Limited,2022-08-05,NE,Marcus Lovell,172.980545,-41.28842,,False,
1503000.0120,1503000,1503000.0120,"EQC - 112A Halifax Street East, Nelson","EQC - 112A Halifax Street East, The Wood, Nelson 7010",Tower Insurance Limited,2022-08-05,NE,Marcus Lovell,173.295596,-41.27169,,False,
1503000.0121,1503000,1503000.0121,"EQC - 40 Ledbury Road, Atawhai, Nelson","EQC - 40 Ledbury Road, Atawhai, Nelson 7010",Tower Insurance Limited,2022-08-05,AK,Jen Smith,173.312516,-41.253887,,False,
1503000.0126,1503000,1503000.0126,"EQC - 569 Waimea Road, Annesbrook","EQC - 569 Waimea Road, Annesbrook, Nelson, 7011",Tower Insurance Limited,2022-08-05,AK,Jen Smith,173.24484,-41.303162,,False,
1503000.0127,1503000,1503000.0127,"EQC - 59 Beachville Crescent, Beachville","EQC - 59 Beachville Crescent, Beachville, Nelson, 7010",Tower Insurance Limited,2022-08-05,AK,Jen Smith,173.273987,-41.267255,,False,
1503000.0104,1503000,1503000.0104,EQC - 26 Horotane Valley Road,"EQC - 26 Horotane Valley Road, Heathcote Valley, Christchurch, Canterbury, 8022, NZL",Tower Insurance Limited,2022-08-07,CH,Anna Sleight,172.69264,-43.575433,,False,
1503000.0105,1503000,1503000.0105,"EQC - 43 Sutherland Road, Melrose","EQC - 43 Sutherland Road, Melrose, Wellington, 6023, NZL",Tower Insurance Limited,2022-08-08,WN,Shirley Wang,174.789687,-41.323125,Wellington City,True,
1503000.0106,1503000,1503000.0106,"EQC - 2 Beere Haven Steps, Seatoun","EQC - 2 Beere Haven Steps, Seatoun, Wellington, 6022, NZL",Tower Insurance Limited,2022-08-10,WN,Shirley Wang,174.827812,-41.318052,Wellington City,True,
1503000.0107,1503000,1503000.0107,EQC - 2392 Whangarei Heads Road,"EQC - 2392 Whangarei Heads Road, Whangarei Heads, Northland, 0174, NZL",Tower Insurance Limited,2022-08-11,AK,Philip Mathewson,174.529766,-35.829447,,False,
1503000.0108,1503000,1503000.0108,"EQC - 61A Harbour View Road, Harbour Vie","EQC - 61A Harbour View Road, Harbour View, Lower Hutt, Wellington, 5010, NZL",Tower Insurance Limited,2022-08-15,WN,Shirley Wang,174.896029,-41.204095,Lower Hutt City,True,
1503000.0109,1503000,1503000.0109,EQC - 6 Sunhaven Place,"EQC - 6 Sunhaven Place, Huntsbury, Christchurch, Canterbury, 8022, NZL",Tower Insurance Limited,2022-08-15,CH,Anna Sleight,172.648522,-43.569153,,False,
1503000.0110,1503000,1503000.0110,EQC - 2380 Waikouaiti-Waitati Road,"EQC - 2380 Waikouaiti-Waitati Road, Seacliff, Waikouaiti, Otago, 9471, NZL",Tower Insurance Limited,2022-08-15,CH,Anna Sleight,170.572204,-45.675248,,False,
1503000.0111,1503000,1503000.0111,"EQC-168 Derwent Street, Island Bay","EQC-168 Derwent Street, Island Bay, Wellington, 6023, NZL",Tower Insurance Limited,2022-08-17,WN,Shirley Wang,174.7694,-41.342847,Wellington City,True,
1503000.0112,1503000,1503000.0112,"EQC-61 Kainui Road, Hataitai, Wellington","EQC-61 Kainui Road, Hataitai, Wellington, 6021, NZL",Tower Insurance Limited,2022-08-17,WN,Shirley Wang,174.802101,-41.300733,Wellington City,True,
1503000.0113,1503000,1503000.0113,"EQC-90 Totara Road, Miramar, Wellington","EQC-90 Totara Road, Miramar, Wellington, 6022, NZL",Tower Insurance Limited,2022-08-17,WN,Shirley Wang,174.827702,-41.307645,Wellington City,True,
1503000.0114,1503000,1503000.0114,"EQC - 22 Godley Quay, Lyttelton","EQC - 22 Godley Quay, Lyttelton, Canterbury, 8082, NZL",Tower Insurance Limited,2022-08-18,CH,Anna Sleight,172.711414,-43.604226,,False,
1503000.0115,1503000,1503000.0115,"EQC - 11A Pegler Drive, Howick, Auckland","EQC - 11A Pegler Drive, Howick, Auckland, 2014, NZL",Tower Insurance Limited,2022-08-19,AK,Philip Mathewson,174.923546,-36.902772,,False,
1503000.0116,1503000,1503000.0116,"EQC - 36A Kempthorne Cres, Mission Bay","EQC - 36A Kempthorne Cres, Mission Bay, Auckland, 1071, NZL",Tower Insurance Limited,2022-08-19,AK,Philip Mathewson,174.834537,-36.86346,,False,
1503000.0117,1503000,1503000.0117,"EQC - 32 Ascot Street, Washdyke, Timaru","EQC - 32 Ascot Street, Washdyke, Timaru, Canterbury, 7910, NZL",Tower Insurance Limited,2022-08-19,CH,Anna Sleight,171.238302,-44.360439,,False,
1503000.0118,1503000,1503000.0118,"EQC-43 Albatross Close, Whitby, Porirua","EQC-43 Albatross Close, Whitby, Porirua, Wellington, 5024, NZL",Tower Insurance Limited,2022-08-23,WN,Shirley Wang,174.903952,-41.114852,Porirua City,True,
1503000.0119,1503000,1503000.0119,"EQC - 9 Gwenand Place, Botany Downs","EQC - 9 Gwenand Place, Botany Downs, Auckland, 2010, NZL",Tower Insurance Limited,2022-08-23,AK,Philip Mathewson,174.910276,-36.907207,,False,
1503000.0122,1503000,1503000.0122,"EQC-23B Rintoul Grove, Stokes Valley","EQC-23B Rintoul Grove, Stokes Valley, Lower Hutt, Wellington, 5019, NZL",Tower Insurance Limited,2022-08-25,WN,Shirley Wang,174.976323,-41.179618,Lower Hutt City,True,
1503000.0123,1503000,1503000.0123,"EQC-68 Mt Pleasant Road, Aro Valley","EQC-68 Mt Pleasant Road, Aro Valley, Wellington, 6012, NZL",Tower Insurance Limited,2022-08-26,WN,Shirley Wang,174.754673,-41.295876,Wellington City,True,
1503000.0124,1503000,1503000.0124,"EQC - 256 St Heliers Bay Road, #2","EQC - 256 St Heliers Bay Road, #2, St Heliers, Auckland, 1071, NZL",Tower Insurance Limited,2022-08-29,AK,Philip Mathewson,174.854939,-36.864044,,False,
1503000.0125,1503000,1503000.0125,"EQC-461 Taupo Rd, Taumarunui, 3920, NZL","EQC-461 Taupo Rd, Taumarunui, 3920, NZL",Tower Insurance Limited,2022-08-29,HM,Michael Triggs,175.304793,-38.880707,,False,
1503000.0128,1503000,1503000.0128,"EQC - 80 Bishopdale Avenue, Bishopdale","EQC - 80 Bishopdale Avenue, Bishopdale, Nelson, 7011",Tower Insurance Limited,2022-08-29,AK,Jen Smith,173.266917,-41.300318,,False,
1503000.0129,1503000,1503000.0129,"EQC - 39 Bulford Rd, Rai Valley","EQC - 39 Bulford Road, Rai Valley, Mount Richmond Forest Park, Marlborough, 7192",Tower Insurance Limited,2022-08-29,AK,Jen Smith,173.578778,-41.261679,,False,
1503000.0130,1503000,1503000.0130,"EQC - 63 Haycock Road, Hope, Richmond","EQC - 63 Haycock Road, Hope, Richmond, Tasman, 7081",Tower Insurance Limited,2022-08-29,AK,Jen Smith,173.147815,-41.378552,,False,
1503000.0131,1503000,1503000.0131,"EQC - 53 Tui Glen Road, Atawhai, Nelson","EQC - 53 Tui Glen Road, Atawhai, Nelson, 7010",Tower Insurance Limited,2022-08-29,AK,Jen Smith,173.317284,-41.239126,,False,
1503000.0132,1503000,1503000.0132,"EQC - 1/39 Bulford Rd, Rai Valley","EQC - 1/39 Bulford Road, Rai Valley, Mount Richmond Forest Park, Marlborough, 7192",Tower Insurance Limited,2022-08-29,AK,Jen Smith,173.58435,-41.263629,,False,
1503000.0133,1503000,1503000.0133,"EQC - 2/39 Bulford Road, Rai Valley","EQC - 2/39 Bulford Road, Rai Valley, Mount Richmond Forest Park, Marlborough, 7192",Tower Insurance Limited,2022-08-29,AK,Jen Smith,173.580267,-41.263335,,False,
1503000.0134,1503000,1503000.0134,"EQC - 5/13 Brooklands Road, Atawhai,","EQC - 5/13 Brooklands Road,  Atawhai, Nelson, 7010",Tower Insurance Limited,2022-08-29,AK,Jen Smith,173.307539,-41.254291,,False,
1503000.0136,1503000,1503000.0136,"EQC - 54 The Ridgeway, Enner Glynn","EQC - 54 The Ridgeway, Enner Glynn, Nelson, 7011",Tower Insurance Limited,2022-09-01,AK,Jen Smith,173.25041,-41.307303,,False,
1503000.0144,1503000,1503000.0144,"EQC - 120 Ellendale Street, Marybank","EQC - 120 Ellendale Street, Marybank, Nelson, 7010",Tower Insurance Limited,2022-09-01,AK,Jen Smith,173.327944,-41.224558,,False,
1503000.0137,1503000,1503000.0137,"EQC-34 Pokohiwi Road, Normandale","EQC-34 Pokohiwi Road, Normandale, Lower Hutt, Wellington, 5010, NZL",Tower Insurance Limited,2022-09-02,HM,Shirley Wang,174.888518,-41.203361,Lower Hutt City,True,
1503000.0138,1503000,1503000.0138,"EQC-5A Dennis Way,Island Bay, Wellington","EQC-5A Dennis Way, Island Bay, Wellingto",Tower Insurance Limited,2022-09-02,WN,Shirley Wang,174.76298,-41.346607,Wellington City,True,
1503000.0139,1503000,1503000.0139,"EQC-95 Cecil Road, Wadestown, Wellington","EQC-95 Cecil Road, Wadestown, Wellington, 6012, NZL",Tower Insurance Limited,2022-09-02,WN,Shirley Wang,174.7698,-41.265429,Wellington City,True,
1503000.0140,1503000,1503000.0140,"EQC-6 Beverley Grove, Paparangi","EQC-6 Beverley Grove, Paparangi",Tower Insurance Limited,2022-09-02,WN,Shirley Wang,174.821565,-41.216382,Wellington City,True,
1503000.0141,1503000,1503000.0141,"EQC-33 Tyndall Street, Waiwhetu","EQC-33 Tyndall Street, Waiwhetu, Lower Hutt, Wellington, 5010, NZL",Tower Insurance Limited,2022-09-02,WN,Shirley Wang,174.923616,-41.226735,Lower Hutt City,True,
1503000.0142,1503000,1503000.0142,"EQC-22 Kilsyth Street, Karori,Wellington","EQC-22 Kilsyth Street, Karori, Wellington, 6012, NZL",Tower Insurance Limited,2022-09-06,WN,Shirley Wang,174.736161,-41.292113,Wellington City,True,
1503000.0143,1503000,1503000.0143,"EQC-5 Lilac Lane, Maungaraki, Lower Hutt","EQC-5 Lilac Lane, Maungaraki, Lower Hutt, Wellington, 5010, NZL",Tower Insurance Limited,2022-09-06,WN,Shirley Wang,174.880561,-41.210244,Lower Hutt City,True,
1503000.0145,1503000,1503000.0145,"EQC - 31 Wastney Terrace, Marybank","EQC - 31 Wastney Terrace, Marybank, Nelson, 7010",Tower Insurance Limited,2022-09-06,AK,Jen Smith,173.325252,-41.231625,,False,
1503000.0146,1503000,1503000.0146,"EQC - 45 Bisley Avenue, Moana, Nelson","EQC - 45 Bisley Avenue, Moana, Nelson, 7011",Tower Insurance Limited,2022-09-06,AK,Marcus Lovell,173.253728,-41.279998,,False,
1503000.0166,1503000,1503000.0166,"EQC - 313D Anakiwa Road, Anakiwa","EQC - 313D Anakiwa Road, Anakiwa, Marlborough, 7281",Tower Insurance Limited,2022-09-06,AK,Jen Smith,173.909612,-41.265396,,False,
1503000.0147,1503000,1503000.0147,"EQC-117 Amritsar St, Khandallah, Welling","EQC-117 Amritsar St, Khandallah, Wellington, 6035, NZL",Tower Insurance Limited,2022-09-07,WN,Shirley Wang,174.798528,-41.253198,Wellington City,True,
1503000.0148,1503000,1503000.0148,"EQC-83 Barnard Street, Wadestown, Wellin","EQC-83 Barnard Street, Wadestown, Wellington, 6012, NZL",Tower Insurance Limited,2022-09-07,WN,Shirley Wang,174.782703,-41.262566,Wellington City,True,
1503000.0149,1503000,1503000.0149,"EQC - 3 Lees Street, Dunedin","EQC - 3 Lees Street, Dunedin Central, Dunedin, Otago, 9016, NZL",Tower Insurance Limited,2022-09-08,CH,Anna Sleight,170.49601,-45.886506,,False,
1503000.1500,1503000,1503000.1500,"EQC - 37 Sawmill Road, Queenstown, Otago","EQC - 37 Sawmill Road, Queenstown, Otago, 9300, NZL",Tower Insurance Limited,2022-09-08,CH,Anna Sleight,168.659768,-45.021256,,False,
1503000.0151,1503000,1503000.0151,"EQC-63 Maida Vale Road, Roseneath, Welli","EQC-63 Maida Vale Road, Roseneath, Wellington, 6011, NZL",Tower Insurance Limited,2022-09-09,WN,Shirley Wang,174.802653,-41.290329,Wellington City,True,
1503000.0152,1503000,1503000.0152,"EQC-22 Creswick Terrace, Northland, Well","EQC-22 Creswick Terrace, Northland, Wellington, 6012, NZL",Tower Insurance Limited,2022-09-09,WN,Shirley Wang,174.754862,-41.281592,Wellington City,True,
1503000.0153,1503000,1503000.0153,"EQC - 13 Kudu Road, Otara, Auckland","EQC - 13 Kudu Road, Otara, Auckland, 2023",Tower Insurance Limited,2022-09-09,AK,Philip Mathewson,174.883097,-36.970054,,False,
1503000.0170,1503000,1503000.0170,"EQC - 7 Shirley Road, #2, Grey Lynn","EQC - 7 Shirley Road, #2, Grey Lynn, Auckland, 1021, NZL",Tower Insurance Limited,2022-09-09,AK,Philip Mathewson,174.734395,-36.866713,,False,
1503000.0154,1503000,1503000.0154,"EQC-32A Mission Street, Waterloo, Lower","EQC-32A Mission Street, Waterloo, Lower Hutt, Wellington, 5011, NZL",Tower Insurance Limited,2022-09-13,WN,Shirley Wang,174.93365,-41.22121,Lower Hutt City,True,
1503000.0155,1503000,1503000.0155,"EQC-1 Onslow Road, Khandallah, Wellingto","EQC-1 Onslow Road, Khandallah, Wellington, 6035, NZL",Tower Insurance Limited,2022-09-13,WN,Shirley Wang,174.80151,-41.253486,Wellington City,True,
1503000.0156,1503000,1503000.0156,"EQC-58 Glanmire Rd, Newlands, Wellington","EQC-58 Glanmire Rd, Newlands, Wellington, 6037, NZL",Tower Insurance Limited,2022-09-13,WN,Shirley Wang,174.822444,-41.227324,Wellington City,True,
1503000.0157,1503000,1503000.0157,"EQC - 243 Mitchell Street, Brooklyn, Wel","EQC - 243 Mitchell Street, Brooklyn, Wellington, 6021, NZL",Tower Insurance Limited,2022-09-13,WN,Shirley Wang,174.758654,-41.315084,Wellington City,True,
1503000.0158,1503000,1503000.0158,"EQC-25 Woolwich Close, Whitby, Porirua","EQC-25 Woolwich Close, Whitby, Porirua, Wellington, 5024, NZL",Tower Insurance Limited,2022-09-13,WN,Shirley Wang,174.881192,-41.11037,Porirua City,True,
1503000.0159,1503000,1503000.0159,"EQC-9B Dennis Way, Island Bay, Wellingto","EQC-9B Dennis Way, Island Bay, Wellington, 6023, NZL",Tower Insurance Limited,2022-09-13,WN,Shirley Wang,174.76326,-41.346916,Wellington City,True,
1503000.0160,1503000,1503000.0160,"EQC - 28 Oak Avenue, Paremata, Porirua","EQC - 28 Oak Avenue, Paremata, Porirua, Wellington, 5024, NZL",Tower Insurance Limited,2022-09-13,WN,Shirley Wang,174.878096,-41.105176,Porirua City,True,
1503000.0161,1503000,1503000.0161,"EQC - 412 Evans Bay Parade, Hataitai, We","EQC - 412 Evans Bay Parade, Hataitai, Wellington, 6021, NZL",Tower Insurance Limited,2022-09-13,WN,Shirley Wang,174.798624,-41.306383,Wellington City,True,
1503000.0162,1503000,1503000.0162,"EQC - 88 Motuhara Rd, Porirua","EQC - 88 Motuhara Rd, Plimmerton, Porirua, 5026, NZL",Tower Insurance Limited,2022-09-13,WN,Shirley Wang,174.864104,-41.075096,Porirua City,True,
1503000.0163,1503000,1503000.0163,"EQC-59 View Road, Houghton Bay, Wellingt","EQC- 59 View Road, Houghton Bay, Wellington, 6023, NZL",Tower Insurance Limited,2022-09-14,WN,Shirley Wang,174.790045,-41.336589,Wellington City,True,
1503000.0164,1503000,1503000.0164,"EQC - 111 Miramar North Road, Miramar","EQC - 111 Miramar North Road, Miramar, Wellington, 6022, NZL",Tower Insurance Limited,2022-09-14,WN,Shirley Wang,174.822302,-41.303571,Wellington City,True,
1503000.0165,1503000,1503000.0165,"EQC-171 Normandale Road, Normandale, Low","EQC-171 Normandale Road, Normandale, Lower Hutt, Wellington, 5010, NZL",Tower Insurance Limited,2022-09-14,WN,Shirley Wang,174.891312,-41.199518,Lower Hutt City,True,
1503000.0167,1503000,1503000.0167,"EQC - 141 Onahau Road, Onahau Bay","EQC - 141 Onahau Road, Onahau Bay, Marlborough Sounds, Marlborough, 7282",Tower Insurance Limited,2022-09-14,AK,Jen Smith,173.965386,-41.222576,,False,
1503000.0169,1503000,1503000.0169,"EQC - 2195 Kenepuru Road, Te Mahia","EQC - 2195 Kenepuru Road, Te Mahia, Marlborough Sounds, 7282",Tower Insurance Limited,2022-09-20,AK,Jen Smith,173.983289,-41.210381,,False,
1503000.0171,1503000,1503000.0171,"EQC - 3 Cassia Place, Sunnynook","EQC - 3 Cassia Place, Sunnynook, Auckland, 0620, NZL",Tower Insurance Limited,2022-09-20,AK,Philip Mathewson,174.737864,-36.751486,,False,
1503000.0172,1503000,1503000.0172,"EQC - 3C Tipene Place, Meadowbank","EQC - 3C Tipene Place, Meadowbank, Auckland, 1072, NZL",Tower Insurance Limited,2022-09-20,AK,Philip Mathewson,174.833189,-36.865905,,False,
1503000.0178,1503000,1503000.0178,"EQC - 38 Ledbury Road, Atawhai, Nelson","EQC - 38 Ledbury Road, Atawhai, Nelson, 7010",Tower Insurance Limited,2022-09-20,AK,Jen Smith,173.313074,-41.254226,,False,
1503000.0173,1503000,1503000.0173,"EQC - 88 Lohia Street, Khandallah","EQC - 88 Lohia Street, Khandallah, Wellington, 6035, NZL",Tower Insurance Limited,2022-09-21,WN,Shirley Wang,174.797837,-41.249521,Wellington City,True,
1503000.0174,1503000,1503000.0174,"EQC-34 Cave Road, Houghton Bay, Wellingt","EQC-34 Cave Road, Houghton Bay, Wellington, 6023, NZL",Tower Insurance Limited,2022-09-23,WN,Shirley Wang,174.782396,-41.340912,Wellington City,True,
1503000.0175,1503000,1503000.0175,"EQC-20 Stratford Drive, Cable Bay, North","EQC-20 Stratford Drive, Cable Bay, Northland, 0420, NZL",Tower Insurance Limited,2022-09-23,AK,Philip Mathewson,173.480431,-34.990848,,False,
1503000.0176,1503000,1503000.0176,"EQC - 141B Bradbury Road, Botany Downs","EQC - 141B Bradbury Road, Botany Downs, Auckland, 2010, NZL",Tower Insurance Limited,2022-09-27,AK,Philip Mathewson,174.909444,-36.909505,,False,
1503000.0177,1503000,1503000.0177,"EQC-150 The Esplanade, Houghton Bay","EQC-150 The Esplanade, Houghton Bay, Wellington, 6023, NZL",Tower Insurance Limited,2022-09-29,WN,Shirley Wang,174.779544,-41.344839,Wellington City,True,
1503000.0179,1503000,1503000.0179,"EQC-39 Shaw Avenue, Paeroa, Waikato, 360","EQC-39 Shaw Avenue, Paeroa, Waikato, 3600, NZL",Tower Insurance Limited,2022-10-03,HM,Michael Triggs,175.682021,-37.380086,,False,
1503000.0180,1503000,1503000.0180,"EQC-43A Houghton Bay Road, Houghton Bay","EQC-43A Houghton Bay Road, Houghton Bay, Wellington, 6023, NZL",Tower Insurance Limited,2022-10-03,WN,Shirley Wang,174.785967,-41.331239,Wellington City,True,
1503000.0181,1503000,1503000.0181,"EQC-6 Beere Haven Steps, Seatoun","EQC-6 Beere Haven Steps, Seatoun, Wellington, 6022, NZL",Tower Insurance Limited,2022-10-03,WN,Shirley Wang,174.827726,-41.318213,Wellington City,True,
1503000.0182,1503000,1503000.0182,"EQC-42 Curtis Street, Northland, Welling","EQC-42 Curtis Street, Northland, Wellington, 6012, NZL",Tower Insurance Limited,2022-10-06,WN,Shirley Wang,174.753764,-41.282349,Wellington City,True,
1503000.0183,1503000,1503000.0183,"EQC-8C Alison St, Hamilton Lake,Hamilton","EQC-8C Alison St, Hamilton Lake, Hamilton, 3204, NZL",Tower Insurance Limited,2022-10-10,HM,Michael Triggs,175.270724,-37.803254,,False,
1503000.0184,1503000,1503000.0184,"EQC-71A Wyndrum Avenue, Waterloo, Lower","EQC-71A Wyndrum Avenue, Waterloo, Lower Hutt, Wellington",Tower Insurance Limited,2022-10-11,WN,Shirley Wang,174.933195,-41.216073,Lower Hutt City,True,
1503000.0185,1503000,1503000.0185,"EQC - 138 Pukehina Beach Road, Pukehina","EQC - 138 Pukehina Beach Road, Pukehina, Bay of Plenty, 3189, NZL",Tower Insurance Limited,2022-10-13,TG,Guy McDougall,176.517091,-37.8061,,False,
1503000.0186,1503000,1503000.0186,"EQC - 83 London Street, Lyttelton, Chch","EQC - 83 London Street, Lyttelton, Canterbury, 8082, NZL",Tower Insurance Limited,2022-10-14,CH,Anna Sleight,172.717902,-43.601967,,False,
1503000.0187,1503000,1503000.0187,"EQC - 196 Lonely Track Road, Dairy Flat","EQC - 196 Lonely Track Road, Dairy Flat, Auckland, 0632, NZL",Tower Insurance Limited,2022-10-14,AK,Philip Mathewson,174.705659,-36.710761,,False,
1503000.0188,1503000,1503000.0188,"EQC - 1 Cameron Road, Bluff Hill, Napier","EQC - 1 Cameron Road, Bluff Hill, Napier, Hawke's Bay, 4110, NZL",Tower Insurance Limited,2022-10-14,AK,Philip Mathewson,176.911575,-39.488523,,False,
1503000.0189,1503000,1503000.0189,"EQC - 6 Brewster St, Bluff Hill, Napier","EQC - 6 Brewster St, Bluff Hill, Napier, 4110, NZL",Tower Insurance Limited,2022-10-17,AK,Philip Mathewson,176.91719,-39.487341,,False,
1503000.0190,1503000,1503000.0190,"EQC - 10 The Drive, Brookfield, Tauranga","EQC - 10 The Drive, Brookfield, Tauranga, Bay of Plenty, 3110, NZL",Tower Insurance Limited,2022-10-18,TG,Guy McDougall,176.130317,-37.690079,,False,
1503000.0191,1503000,1503000.0191,"EQC - 11 Kuaka Lane, Waiotahe, Opotiki","EQC - 11 Kuaka Lane, Waiotahe, Opotiki, Bay of Plenty, 3198, NZL",Tower Insurance Limited,2022-10-19,TG,Guy McDougall,177.162285,-37.993423,,False,
1503000.0192,1503000,1503000.0192,"EQC - 3C Maraetotara Road, Ohope","EQC - 3C Maraetotara Road, Ohope, Bay of Plenty, 3121, NZL",Tower Insurance Limited,2022-10-20,TG,Guy McDougall,177.057187,-37.972434,,False,
1503000.0193,1503000,1503000.0193,"EQC-21A Postgate Drive, Whitby, Porirua","EQC-21A Postgate Drive, Whitby, Porirua, Wellington, 5024, NZL",Tower Insurance Limited,2022-10-21,WN,Shirley Wang,174.88213,-41.109837,Porirua City,True,
1503000.0194,1503000,1503000.0194,"EQC - 132 Onetaunga Road, Chatswood","EQC - 132 Onetaunga Road, Chatswood, Auckland, 0626, NZL",Tower Insurance Limited,2022-10-21,AK,Philip Mathewson,174.714983,-36.821392,,False,
1503000.0195,1503000,1503000.0195,"EQC - 11 Espin Crescent, Karori","EQC - 11 Espin Crescent, Karori,  Wellington, 6012, NZL",Tower Insurance Limited,2022-10-28,WN,Shirley Wang,174.752323,-41.284929,Wellington City,True,
1503000.0196,1503000,1503000.0196,"EQC - 19B Himikera Avenue, Avondale","EQC - 19B Himikera Avenue, Avondale, Auckland, 1026, NZL",Tower Insurance Limited,2022-11-02,AK,Philip Mathewson,174.703091,-36.892314,,False,
1503000.0197,1503000,1503000.0197,"EQC - 1 Brabant Road, Waiatarua","EQC - 1 Brabant Road, Waiatarua, Auckland, 0612, NZL",Tower Insurance Limited,2022-11-09,AK,Philip Mathewson,174.56858,-36.927012,,False,
1503000.0198,1503000,1503000.0198,"EQC - 65 Mairangi Road, Wadestown","EQC - 65 Mairangi Road, Wadestown, Wellington, 6012",Tower Insurance Limited,2022-11-11,WN,Shirley Wang,174.767128,-41.263772,Wellington City,True,
1503000.0199,1503000,1503000.0199,"EQC - 314 Frankley Road, Ferndale","EQC - 314 Frankley Road, Ferndale, New Plymouth, Taranaki, 4310, NZL",Tower Insurance Limited,2022-11-14,AK,Philip Mathewson,174.06087,-39.086581,,False,
1503000.0200,1503000,1503000.0200,"EQC - 18 Anne McLean Drive, Bayview","EQC - 18 Anne McLean Drive, Bayview, Auckland, 0629, NZL",Tower Insurance Limited,2022-12-05,AK,Philip Mathewson,174.70587,-36.77797,,False,
1503000.0201,1503000,1503000.0201,"EQC - 99 Church Street, Onerahi","EQC - 99 Church Street, Onerahi, Whangarei, Northland, 0110, NZL",Tower Insurance Limited,2022-12-12,AK,Philip Mathewson,174.36759,-35.766389,,False,
1503000.0368,1503000,1503000.0368,"EQC - 96B Sandspit Rd, Shelly Park","EQC - 96B Sandspit Rd, Shelly Park, Auckland, 2014, NZL",Tower Insurance Limited,2023-01-01,AK,Philip Mathewson,174.943422,-36.909576,,False,
1503000.0371,1503000,1503000.0371,"EQC - 70 Heathcote Road, Castor Bay","EQC - 70 Heathcote Road, Castor Bay, Auckland, 0620, NZL",Tower Insurance Limited,2023-01-01,AK,Philip Mathewson,174.760905,-36.762365,,False,
1503000.0372,1503000,1503000.0372,"EQC - 21 Kia Ora Road, Beach Haven","EQC - 21 Kia Ora Road, Beach Haven, Auckland, 0626, NZL",Tower Insurance Limited,2023-01-01,AK,Philip Mathewson,174.695492,-36.805382,,False,
1503000.0374,1503000,1503000.0374,"EQC - 36A Fordham St, Beach Haven","EQC - 36A Fordham St, Beach Haven, Auckland, 0626, NZL",Tower Insurance Limited,2023-01-01,AK,Philip Mathewson,174.69439,-36.796459,,False,
1503000.0375,1503000,1503000.0375,"EQC - 81B Wainui Avenue, Point Chevalier","EQC - 81B Wainui Avenue, Point Chevalier, Auckland, 1022, NZL",Tower Insurance Limited,2023-01-01,AK,Philip Mathewson,174.710318,-36.860488,,False,
1503000.0378,1503000,1503000.0378,"EQC-32 McCracken Avenue, Hillcrest, Ham","EQC-32 McCracken Avenue, Hillcrest, Hamilton, Waikato, 3216, NZL",Tower Insurance Limited,2023-01-01,HM,Ryan Tutbury,175.322501,-37.803399,,False,
1503000.0379,1503000,1503000.0379,"EQC-66 Berkley Avenue, Hillcrest, Ham","EQC-66 Berkley Avenue, Hillcrest, Hamilton, Waikato, 3216, NZL",Tower Insurance Limited,2023-01-01,HM,Ryan Tutbury,175.329875,-37.80549,,False,
1503000.0382,1503000,1503000.0382,"EQC - 464 Krippner Road, Puhoi","EQC - 464 Krippner Road, Puhoi, Auckland, 0994, NZL",Tower Insurance Limited,2023-01-01,AK,Philip Mathewson,174.625241,-36.531369,,False,
1503000.0388,1503000,1503000.0388,"EQC - 29 Durness Place, Red Beach","EQC - 29 Durness Place, Red Beach, Auckland, 0932, NZL",Tower Insurance Limited,2023-01-01,AK,Philip Mathewson,174.712073,-36.610101,,False,
1503000.0389,1503000,1503000.0389,"EQC - 12 Paturoa Road, Titirangi","EQC - 12 Paturoa Road, Titirangi, Auckland, 0604, NZL",Tower Insurance Limited,2023-01-01,AK,Philip Mathewson,174.65852,-36.952405,,False,
1503000.0395,1503000,1503000.0395,"EQC - 310 Mitchell Street, Brooklyn,WGTN","EQC - 310 Mitchell Street, Brooklyn, Wellington, 6021, NZL",Tower Insurance Limited,2023-01-01,WN,Shirley Wang,174.75745,-41.319822,Wellington City,True,
1503000.0397,1503000,1503000.0397,"EQC - 116 The Avenue, Lucas Heights","EQC - 116 The Avenue, Lucas Heights, Auckland, 0632, NZL",Tower Insurance Limited,2023-01-01,AK,Philip Mathewson,174.682034,-36.728077,,False,
1503000.0398,1503000,1503000.0398,"EQC - 19 Rahui Road, Greenhithe","EQC - 19 Rahui Road, Greenhithe, Auckland, 0632, NZL",Tower Insurance Limited,2023-01-01,AK,Philip Mathewson,174.667229,-36.778234,,False,
1503000.0399,1503000,1503000.0399,"EQC - 528 Dairy Flat Highway, Dairy Flat","EQC - 528 Dairy Flat Highway, Dairy Flat, Auckland, 0792, NZL",Tower Insurance Limited,2023-01-01,AK,Philip Mathewson,174.670906,-36.709527,,False,
1503000.0400,1503000,1503000.0400,"EQC - 38 Blueberry Grove, Timberlea,WGTN","EQC - 38 Blueberry Grove, Timberlea, Upper Hutt, Wellington, 5018, NZL",Tower Insurance Limited,2023-01-01,WN,Shirley Wang,175.105844,-41.104063,Upper Hutt City,True,
1503000.0403,1503000,1503000.0403,"EQC - 4 Cyril Way, Paparangi, Wellington","EQC - 4 Cyril Way, Paparangi, Wellington, 6037, NZL",Tower Insurance Limited,2023-01-01,WN,Shirley Wang,174.812836,-41.218087,Wellington City,True,
1503000.0404,1503000,1503000.0404,"EQC - 4 Varsity Heights, Fitzherbert","EQC - 4 Varsity Heights, Fitzherbert, Palmerston North, Manawatu-Whanganui, 4410, NZL",Tower Insurance Limited,2023-01-01,WN,Shirley Wang,175.654519,-40.397505,,False,
1503000.0405,1503000,1503000.0405,"EQC - 37 The Rigi, Northland, Wellington","EQC - 37 The Rigi, Northland, Wellington, 6012, NZL",Tower Insurance Limited,2023-01-01,WN,Shirley Wang,174.757587,-41.286797,Wellington City,True,
1503000.0406,1503000,1503000.0406,"EQC - 48 Maungaraki Road, Korokoro, WGTN","EQC - 48 Maungaraki Road, Korokoro, Lower Hutt, Wellington, 5012, NZL",Tower Insurance Limited,2023-01-01,WN,Shirley Wang,174.868226,-41.212318,Lower Hutt City,True,
1503000.0407,1503000,1503000.0407,"EQC -116A Severn Street, Island Bay,WGTN","EQC - 116A Severn Street, Island Bay, Wellington, 6023, NZL",Tower Insurance Limited,2023-01-01,WN,Shirley Wang,174.762889,-41.34363,Wellington City,True,
1503000.0409,1503000,1503000.0409,"EQC - 44 Kennedy Road, Surfdale","EQC - 44 Kennedy Road, Surfdale, Waiheke Island, Auckland, 1081, NZL",Tower Insurance Limited,2023-01-01,AK,Philip Mathewson,175.033175,-36.792528,,False,
1503000.0412,1503000,1503000.0412,"EQC - 14 Handley Avenue, Narrow Neck","EQC - 14 Handley Avenue, Narrow Neck, Auckland, 0624, NZL",Tower Insurance Limited,2023-01-01,AK,Philip Mathewson,174.798103,-36.813759,,False,
1503000.0414,1503000,1503000.0414,"EQC - 130C Cook Street, Marfell, NPL","EQC - 130C Cook Street, Marfell, New Plymouth, Taranaki, 4310, NZL",Tower Insurance Limited,2023-01-01,WN,Shirley Wang,174.04774,-39.069373,,False,
1503000.0202,1503000,1503000.0202,"EQC - 32 Fitzwilliam Drive, Torbay","EQC - 32 Fitzwilliam Drive, Torbay, Auckland, 0630, NZL",Tower Insurance Limited,2023-01-10,AK,Philip Mathewson,174.729252,-36.697993,,False,
1503000.0203,1503000,1503000.0203,"EQC - 5 Penguin Drive, Murrays Bay","EQC - 5 Penguin Drive, Murrays Bay, Auckland, 0630, NZL",Tower Insurance Limited,2023-01-10,AK,Philip Mathewson,174.742294,-36.731466,,False,
1503000.0204,1503000,1503000.0204,"EQC - 73 The Strand, Onetangi","EQC - 73 The Strand, Onetangi, Waiheke Island, Auckland, 1081, NZL",Tower Insurance Limited,2023-01-10,AK,Philip Mathewson,175.076806,-36.787706,,False,
1503000.0205,1503000,1503000.0205,"EQC - 18A Wyndham Rd, Pinehaven","EQC - 18A Wyndham Rd, Pinehaven, Upper Hutt, 5019, NZL",Tower Insurance Limited,2023-01-12,WN,Shirley Wang,175.01093,-41.157127,Upper Hutt City,True,
1503000.0206,1503000,1503000.0206,"EQC-2 Amanda Avenue, Dinsdale, Hamilton,","EQC-2 Amanda Avenue, Dinsdale, Hamilton,Waikato, 3204, NZL",Tower Insurance Limited,2023-01-13,HM,Michael Triggs,175.244564,-37.799797,,False,
1503000.0207,1503000,1503000.0207,"EQC - 53 Alexander Avenue, Torbay","EQC - 53 Alexander Avenue, Torbay, Auckland, 0630, NZL",Tower Insurance Limited,2023-01-13,AK,Philip Mathewson,174.738769,-36.705614,,False,
1503000.0208,1503000,1503000.0208,"EQC - 23B Wye St, Island Bay, Wellington","EQC - 23B Wye St, Island Bay, Wellington, 6023, NZL",Tower Insurance Limited,2023-01-19,WN,Shirley Wang,174.764157,-41.340541,Wellington City,True,
1503000.0209,1503000,1503000.0209,"EQC - 44 Kidson Terrace, Cashmere","EQC - 44 Kidson Terrace, Cashmere, Christchurch, Canterbury, 8022",Tower Insurance Limited,2023-01-24,CH,Anna Sleight,172.63448,-43.577148,,False,
1503000.0210,1503000,1503000.0210,"EQC - 15A Brooklands Way, Brynderwyn","EQC - 15A Brooklands Way, Brynderwyn, Maungaturoto, Northland, 0587, NZL",Tower Insurance Limited,2023-01-26,AK,Philip Mathewson,174.457104,-36.117856,,False,
1503000.0211,1503000,1503000.0211,"EQC - 56 Paturoa Rd, Titirangi, Auckland","EQC - 56 Paturoa Rd, Titirangi, Auckland, 0604, NZL",Tower Insurance Limited,2023-02-02,AK,Philip Mathewson,174.657361,-36.954821,,False,
1503000.0212,1503000,1503000.0212,"EQC - 26 Rangiwai Road, Titirangi","EQC - 26 Rangiwai Road, Titirangi, Auckland, 0604",Tower Insurance Limited,2023-02-05,AK,Philip Mathewson,174.660002,-36.9375,,False,
1503000.0213,1503000,1503000.0213,"EQC - 64 Attwood Road, Paremoremo","EQC - 64 Attwood Road, Paremoremo, Auckland, 0632",Tower Insurance Limited,2023-02-05,AK,Philip Mathewson,174.652261,-36.764549,,False,
1503000.0214,1503000,1503000.0214,"EQC - 34A Palmerston Road, Birkenhead","EQC - 34A Palmerston Road, Birkenhead, Auckland, 0626",Tower Insurance Limited,2023-02-06,AK,Philip Mathewson,174.73074,-36.81842,,False,
1503000.0215,1503000,1503000.0215,"EQC - Unit 2, 178 Lake Road, Belmont","EQC - Unit 2, 178 Lake Road, Belmont, Auckland, 0622, NZL",Tower Insurance Limited,2023-02-06,AK,Philip Mathewson,174.788752,-36.804734,,False,
1503000.0216,1503000,1503000.0216,"EQC - 31 Shore Road, Remuera","EQC - 31 Shore Road, Remuera, Auckland, 1050, NZL",Tower Insurance Limited,2023-02-06,AK,Philip Mathewson,174.791621,-36.865348,,False,
1503000.0217,1503000,1503000.0217,"EQC - 46C Aldersgate Road, Hillsborough","EQC - 46C Aldersgate Road, Hillsborough, Auckland, 1042",Tower Insurance Limited,2023-02-06,AK,Philip Mathewson,174.745794,-36.932363,,False,
1503000.0218,1503000,1503000.0218,"EQC - 35A Shore Road, Remuera","EQC - 35A Shore Road, Remuera, Auckland, 1050, NZL",Tower Insurance Limited,2023-02-06,AK,Philip Mathewson,174.792248,-36.865471,,False,
1503000.0219,1503000,1503000.0219,"EQC - 13A Merchant Ave, Te Atatu South","EQC - 13A Merchant Ave, Te Atatu South, Auckland, 0610, NZL",Tower Insurance Limited,2023-02-07,AK,Philip Mathewson,174.651506,-36.865471,,False,
1503000.0220,1503000,1503000.0220,"EQC - 13 Merchant Avenue, Te Atatu South","EQC - 13 Merchant Avenue, Te Atatu South, Auckland, 0610, NZL",Tower Insurance Limited,2023-02-07,AK,Philip Mathewson,174.65157,-36.865362,,False,
1503000.0221,1503000,1503000.0221,"EQC - 85 Paremoremo Road, Lucas Heights","EQC - 85 Paremoremo Road, Lucas Heights, Auckland, 0632, NZL",Tower Insurance Limited,2023-02-07,AK,Philip Mathewson,174.680619,-36.734331,,False,
1503000.0222,1503000,1503000.0222,"EQC - 12A Greenridge Court, Glenfield","EQC - 12A Greenridge Court, Glenfield, Auckland, 0629, NZL",Tower Insurance Limited,2023-02-07,AK,Philip Mathewson,174.725313,-36.790309,,False,
1503000.0223,1503000,1503000.0223,"EQC - 66 Scenic Dr, Titirangi, Auckland","EQC - 66 Scenic Dr, Titirangi, Auckland, 0604, NZL",Tower Insurance Limited,2023-02-08,AK,Philip Mathewson,174.643965,-36.936201,,False,
1503000.0224,1503000,1503000.0224,"EQC - 65 Maritime Terrace, Birkenhead","EQC - 65 Maritime Terrace, Birkenhead, Auckland, 0626, NZL",Tower Insurance Limited,2023-02-08,AK,Philip Mathewson,174.738606,-36.816802,,False,
1503000.0225,1503000,1503000.0225,"EQC - 6 Lucy Rd, Bluff Hill","EQC - 6 Lucy Road, Bluff Hill, Napier, 4110, NZL #HBEQC",Tower Insurance Limited,2023-02-08,AK,Ryan Tutbury,176.915657,-39.48336,,False,
1503000.0226,1503000,1503000.0226,"EQC - 39A Saffron St, Birkdale, Auckland","EQC - 39A Saffron St, Birkdale, Auckland, 0626, NZL",Tower Insurance Limited,2023-02-08,AK,Philip Mathewson,174.695191,-36.798262,,False,
1503000.0227,1503000,1503000.0227,"EQC - 41 Alanbrooke Crescent, Avondale","EQC - 41 Alanbrooke Crescent, Avondale, Auckland, 0600, NZL",Tower Insurance Limited,2023-02-08,AK,Philip Mathewson,174.693213,-36.90665,,False,
1503000.0228,1503000,1503000.0228,"EQC - 196 Manuka Road, Bayview, Auckland","EQC - 196 Manuka Road, Bayview, Auckland, 0629, NZL",Tower Insurance Limited,2023-02-09,AK,Philip Mathewson,174.701217,-36.779864,,False,
1503000.0229,1503000,1503000.0229,"EQC - 1168 Scenic Drive North, Swanson","EQC - 1168 Scenic Drive North, Swanson, Auckland, 0816, NZL",Tower Insurance Limited,2023-02-09,AK,Philip Mathewson,174.556942,-36.870574,,False,
1503000.0230,1503000,1503000.0230,EQC - 50R Orua Bay Beach Rd,"EQC - 50R Orua Bay Beach Rd, Manukau Heads, Auckland, 2684, NZL",Tower Insurance Limited,2023-02-09,AK,Philip Mathewson,174.603285,-37.049098,,False,
1503000.0231,1503000,1503000.0231,"EQC - 1183 Scenic Drive North, Swanson","EQC - 1183 Scenic Drive North, Swanson, Auckland, 0816, NZL",Tower Insurance Limited,2023-02-13,AK,Philip Mathewson,174.557198,-36.869146,,False,
1503000.0232,1503000,1503000.0232,"EQC - 52 Egmont Street, Ohauiti, Taurang","EQC - 52 Egmont Street, Ohauiti, Tauranga, Bay of Plenty, 3112, NZL",Tower Insurance Limited,2023-02-15,TG,Guy McDougall,176.163936,-37.73874,,False,
1503000.0233,1503000,1503000.0233,"EQC - 35 Awaiti Place, Hairini, Tauranga","EQC - 35 Awaiti Place, Hairini, Tauranga, Bay of Plenty, 3112, NZL",Tower Insurance Limited,2023-02-15,TG,Ryan Tutbury,176.160329,-37.737132,,False,
1503000.0234,1503000,1503000.0234,"EQC - 196 Lonely Track Road, Dairy Flat","EQC - 196 Lonely Track Road, Dairy Flat, Auckland, 0632, NZL",Tower Insurance Limited,2023-02-15,AK,Philip Mathewson,174.705528,-36.710764,,False,
1503000.0235,1503000,1503000.0235,"EQC - 245 Wright Road, Dairy Flat","EQC - 245 Wright Road, Dairy Flat, Auckland, 0794, NZL",Tower Insurance Limited,2023-02-15,AK,Philip Mathewson,174.701009,-36.699207,,False,
1503000.0236,1503000,1503000.0236,"EQC - 40 Cradock Street, Avondale","EQC - 40 Cradock Street, Avondale, Auckland, 1026, NZL",Tower Insurance Limited,2023-02-15,AK,Philip Mathewson,174.704128,-36.888821,,False,
1503000.0237,1503000,1503000.0237,"EQC - 55 Glendhu Road, Bayview, Auckland","EQC - 55 Glendhu Road, Bayview, Auckland, 0629, NZL",Tower Insurance Limited,2023-02-15,AK,Philip Mathewson,174.713789,-36.766988,,False,
1503000.0238,1503000,1503000.0238,"EQC - 5A The Promenade, Lucas Heights","EQC - 5A The Promenade, Lucas Heights, Auckland, 0793, NZL",Tower Insurance Limited,2023-02-15,AK,Philip Mathewson,174.65995,-36.732641,,False,
1503000.0239,1503000,1503000.0239,"EQC - 8 Inkster Street, Birkenhead","EQC - 8 Inkster Street, Birkenhead, Auckland, 0626, NZL",Tower Insurance Limited,2023-02-15,AK,Philip Mathewson,174.726397,-36.815511,,False,
1503000.0240,1503000,1503000.0240,"EQC - 48 McBreen Avenue, Northcote","EQC - 48 McBreen Avenue, Northcote, Auckland, 0627, NZL",Tower Insurance Limited,2023-02-15,AK,Philip Mathewson,174.756262,-36.804795,,False,
1503000.0241,1503000,1503000.0241,"EQC - 31 Kereru Grove, Greenhithe","EQC - 31 Kereru Grove, Greenhithe, Auckland, 0632, NZL",Tower Insurance Limited,2023-02-15,AK,Philip Mathewson,174.698635,-36.771878,,False,
1503000.0242,1503000,1503000.0242,"EQC - 130F Wattle Bay Rd, Manukau Heads","EQC - 130F Wattle Bay Rd, Manukau Heads, Auckland, 2684, NZL",Tower Insurance Limited,2023-02-15,AK,Philip Mathewson,174.601324,-37.050887,,False,
1503000.0243,1503000,1503000.0243,"EQC - 33 Tinopai Road, Titirangi","EQC - 33 Tinopai Road, Titirangi, Auckland, 0604, NZL",Tower Insurance Limited,2023-02-15,AK,Philip Mathewson,174.655682,-36.952352,,False,
1503000.0244,1503000,1503000.0244,"EQC - Unit 1, 7 Glenbush Pl, Birkenhead","EQC - Unit 1, 7 Glenbush Pl, Birkenhead, Auckland, 0626, NZL",AA Insurance Limited,2023-02-15,AK,Philip Mathewson,174.71803,-36.809213,,False,
1503000.0245,1503000,1503000.0245,"EQC - 34 Peach Road, Glenfield, Auckland","EQC - 34 Peach Road, Glenfield, Auckland, 0629, NZL",Tower Insurance Limited,2023-02-16,AK,Philip Mathewson,174.718033,-36.783989,,False,
1503000.0246,1503000,1503000.0246,"EQC - 402 Highway 22, Pukekawa, Waikato","EQC - 402 Highway 22, Pukekawa, Waikato, 2696, NZL",Tower Insurance Limited,2023-02-20,HM,Ryan Tutbury,174.96084,-37.322785,,False,
1503000.0247,1503000,1503000.0247,"EQC - 43 Parker Road, Oratia, Auckland","EQC - 43 Parker Road, Oratia, Auckland, 0604, NZL",Tower Insurance Limited,2023-02-20,AK,Philip Mathewson,174.609407,-36.923503,,False,
1503000.0248,1503000,1503000.0248,"EQC - 7 Welsh Hills Road, Swanson","EQC - 7 Welsh Hills Road, Swanson, Auckland, 0614, NZL",Tower Insurance Limited,2023-02-20,AK,Philip Mathewson,174.565906,-36.888754,,False,
1503000.0249,1503000,1503000.0249,"EQC - 1166 Scenic Drive North, Swanson","EQC - 1166 Scenic Drive North, Swanson, Auckland, 0816, NZL",Tower Insurance Limited,2023-02-20,AK,Philip Mathewson,174.556901,-36.870769,,False,
1503000.0250,1503000,1503000.0250,"EQC - 57E Gilletta Road, Mount Roskill","EQC - 57E Gilletta Road, Mount Roskill, Auckland, 1041, NZL",Tower Insurance Limited,2023-02-20,AK,Philip Mathewson,174.711395,-36.925189,,False,
1503000.0251,1503000,1503000.0251,"EQC - 57D Gilletta Road, Mount Roskill","57D Gilletta Road, Mount Roskill, Auckland, 1041, NZL",Tower Insurance Limited,2023-02-20,AK,Philip Mathewson,174.711555,-36.925153,,False,
1503000.0252,1503000,1503000.0252,"EQC - 95D Hinemoa Street, Birkenhead","EQC - 95D Hinemoa Street, Birkenhead, Auckland, 0626, NZL",Tower Insurance Limited,2023-02-22,AK,Philip Mathewson,174.734386,-36.816727,,False,
1503000.0253,1503000,1503000.0253,"EQC - 222 Motutara Road, Muriwai","EQC - 222 Motutara Road, Muriwai, Auckland, 0881, NZL",Tower Insurance Limited,2023-02-22,AK,Philip Mathewson,174.438116,-36.825028,,False,
1503000.0254,1503000,1503000.0254,"EQC - 51A Waimumu Road, Massey, Auckland","EQC - 51A Waimumu Road, Massey, Auckland, 0614, NZL",Tower Insurance Limited,2023-02-22,AK,Philip Mathewson,174.622238,-36.846494,,False,
1503000.0255,1503000,1503000.0255,"EQC-227 Shaw Road, Titirangi, Auckland","EQC-227 Shaw Road, Titirangi, Auckland, 0604, NZL",Tower Insurance Limited,2023-02-22,AK,Philip Mathewson,174.625734,-36.941953,,False,
1503000.0256,1503000,1503000.0256,"EQC - 26 Braemar Road, Castor Bay","EQC - 26 Braemar Road, Castor Bay, Auckland, 0620, NZL",Tower Insurance Limited,2023-02-22,AK,Philip Mathewson,174.75756,-36.75798,,False,
1503000.0257,1503000,1503000.0257,"EQC - 32 Te Mata Peak Road, Havelock Nor","EQC - 32 Te Mata Peak Road, Havelock North, Hawke's Bay, 4130, NZL #HBEQC",Tower Insurance Limited,2023-02-24,HM,Ryan Tutbury,176.894806,-39.675116,,False,
1503000.0258,1503000,1503000.0258,"EQC - 13A King Street, Te Puke, Bay of P","EQC - 13A King Street, Te Puke, Bay of Plenty, 3119, NZL",Tower Insurance Limited,2023-02-24,HM,Ryan Tutbury,176.332457,-37.784553,,False,
1503000.0259,1503000,1503000.0259,"EQC - 39B Cape Horn Road, Mount Roskill","EQC - 39B Cape Horn Road, Mount Roskill, Auckland, 1041, NZL",Tower Insurance Limited,2023-02-25,AK,Philip Mathewson,174.729971,-36.934859,,False,
1503000.0260,1503000,1503000.0260,"EQC - 4A Brewster Street, Bluff Hill, Na","EQC - 4A Brewster Street, Bluff Hill, Napier, Hawke's Bay, 4110, NZL #HBEQC",Tower Insurance Limited,2023-02-27,HM,Ryan Tutbury,176.916752,-39.487324,,False,
1503000.0261,1503000,1503000.0261,"EQC - 241 Forest Hill Road, Waiatarua","EQC - 241 Forest Hill Road, Waiatarua, Auckland, 0612, NZL",Tower Insurance Limited,2023-02-27,AK,Philip Mathewson,174.590661,-36.916998,,False,
1503000.0262,1503000,1503000.0262,"EQC - 445 East Coast Road, Mairangi Bay","EQC - 445 East Coast Road, Mairangi Bay, Auckland, 0630, NZL",Tower Insurance Limited,2023-02-28,AK,Philip Mathewson,174.737864,-36.736672,,False,
1503000.0263,1503000,1503000.0263,"EQC - 14 Ketu Court, Albany Heights","EQC - 14 Ketu Court, Albany Heights, Auckland, 0632, NZL",Tower Insurance Limited,2023-03-01,AK,Philip Mathewson,174.70313,-36.718906,,False,
1503000.0264,1503000,1503000.0264,"EQC - 61 Oaia Road, Muriwai","EQC - 61 Oaia Road, Muriwai, Auckland, 0881, NZL",Tower Insurance Limited,2023-03-01,AK,Philip Mathewson,174.442084,-36.82346,,False,
1503000.0265,1503000,1503000.0265,"EQC - 254 Motutara Road, Muriwai","EQC - 254 Motutara Road, Muriwai, Auckland, 0881, NZL",Tower Insurance Limited,2023-03-01,AK,Philip Mathewson,174.436234,-36.825361,,False,
1503000.0266,1503000,1503000.0266,"EQC - 12 Maritime Terrace, Birkenhead","EQC - 12 Maritime Terrace, Birkenhead, Auckland, 0626, NZL",Tower Insurance Limited,2023-03-01,AK,Philip Mathewson,174.734515,-36.817752,,False,
1503000.0267,1503000,1503000.0267,"EQC - 90 Queen Street, Northcote Point","EQC - 90 Queen Street, Northcote Point, Auckland, 0627, NZL",Tower Insurance Limited,2023-03-01,AK,Philip Mathewson,174.746773,-36.820022,,False,
1503000.0268,1503000,1503000.0268,"EQC - 41 Neal Avenue, Glenfield","EQC - 41 Neal Avenue, Glenfield, Auckland, 0629, NZL",Tower Insurance Limited,2023-03-02,AK,Philip Mathewson,174.71863,-36.776878,,False,
1503000.0269,1503000,1503000.0269,"EQC - 9 Titiwai Place, Birkenhead","EQC - 9 Titiwai Place, Birkenhead, Auckland, 0626, NZL",Tower Insurance Limited,2023-03-02,AK,Philip Mathewson,174.717637,-36.806902,,False,
1503000.0270,1503000,1503000.0270,"EQC - 73 The Strand, Onetangi","EQC - 73 The Strand, Onetangi, Waiheke Island, Auckland, 1081, NZL",Tower Insurance Limited,2023-03-04,AK,Philip Mathewson,175.076778,-36.787858,,False,
1503000.0271,1503000,1503000.0271,"EQC - Unit 1, 8 Sapphire Place, Bayview","EQC - Unit 1, 8 Sapphire Place, Bayview, Auckland, 0629, NZL",Tower Insurance Limited,2023-03-04,AK,Philip Mathewson,174.718097,-36.768856,,False,
1503000.0272,1503000,1503000.0272,"EQC - 427 Lowe Road, Hikurangi","EQC - 427 Lowe Road, Hikurangi, Northland, 0181, NZL",Tower Insurance Limited,2023-03-04,AK,Philip Mathewson,174.385652,-35.596848,,False,
1503000.0273,1503000,1503000.0273,"EQC - 16 Michael Foley Place, Avondale","EQC - 16 Michael Foley Place, Avondale, Auckland, 0600, NZL",Tower Insurance Limited,2023-03-04,AK,Philip Mathewson,174.685399,-36.899421,,False,
1503000.0274,1503000,1503000.0274,"EQC - 133 Wharf Road, Port Albert","EQC - 133 Wharf Road, Port Albert, Auckland, 0973, NZL",Tower Insurance Limited,2023-03-04,AK,Philip Mathewson,174.429911,-36.273431,,False,
1503000.0275,1503000,1503000.0275,"EQC - 10 Tay Street, Grey Lynn","EQC - 10 Tay Street, Grey Lynn, Auckland, 1021, NZL",Tower Insurance Limited,2023-03-04,AK,Philip Mathewson,174.73589,-36.866489,,False,
1503000.0276,1503000,1503000.0276,"EQC - 27 Karekare Road, Karekare","EQC - 27 Karekare Road, Karekare, Auckland, 0772, NZL",Tower Insurance Limited,2023-03-04,AK,Philip Mathewson,174.47986,-36.983367,,False,
1503000.0277,1503000,1503000.0277,"EQC - 29 Karekare Road, Karekare","EQC - 29 Karekare Road, Karekare, Auckland, 0772, NZL",Tower Insurance Limited,2023-03-04,AK,Philip Mathewson,174.479814,-36.983151,,False,
1503000.0278,1503000,1503000.0278,"EQC - 44 Raymond Terrace, Northcote","EQC - 44 Raymond Terrace, Northcote, Auckland, 0627, NZL",Tower Insurance Limited,2023-03-04,AK,Philip Mathewson,174.733357,-36.804143,,False,
1503000.0279,1503000,1503000.0279,"EQC - 29B Ramillies Pl, Glenfield","EQC - 29B Ramillies Pl, Glenfield, Auckland, 0629, NZL",Tower Insurance Limited,2023-03-05,AK,Philip Mathewson,174.731941,-36.781377,,False,
1503000.0280,1503000,1503000.0280,"EQC - 495 Helmsdale Road, Waipu","EQC - 495 Helmsdale Road, Waipu, Northland",Tower Insurance Limited,2023-03-06,AK,Philip Mathewson,174.365249,-35.96686,,False,
1503000.0281,1503000,1503000.0281,"EQC - 75 Ocean Beach Rd, Whangarei Heads","EQC - 75 Ocean Beach Rd, Whangarei Heads, Northland, 0174, NZL",Tower Insurance Limited,2023-03-06,AK,Philip Mathewson,174.543199,-35.842297,,False,
1503000.0282,1503000,1503000.0282,"EQC - 8 Tokomaru Drive, Havelock North","EQC - 8 Tokomaru Drive, Havelock North, Hawke's Bay, 4130, NZL #HBEQC",Tower Insurance Limited,2023-03-06,HM,Ryan Tutbury,176.89378,-39.677152,,False,
1503000.0283,1503000,1503000.0283,"EQC - 85 Ritchie Road, Parua Bay","EQC - 85 Ritchie Road, Parua Bay, Northland, 0174, NZL",Tower Insurance Limited,2023-03-07,AK,Philip Mathewson,174.47117,-35.772234,,False,
1503000.0284,1503000,1503000.0284,"EQC - 19 Park Road, Dargaville","EQC - 19 Park Road, Dargaville, Northland, 0310, NZL",Tower Insurance Limited,2023-03-09,AK,Philip Mathewson,173.864186,-35.957765,,False,
1503000.0285,1503000,1503000.0285,"EQC - 8 Ridgeway Terrace, Taradale, Napi","EQC - 8 Ridgeway Terrace, Taradale, Napier, Hawke's Bay, 4112, NZL #HBEQC",Tower Insurance Limited,2023-03-09,HM,Ryan Tutbury,176.838892,-39.526114,,False,
1503000.0454,1503000,1503000.0454,"EQC -  29A  Rukutai Street, Orakei","EQC -  29A  Rukutai Street, Orakei, Auckland,1071",Natural Hazards Commission Toka Tū Ake,2023-03-09,AK,Philip Mathewson,174.827947,-36.858262,,False,
1503000.0286,1503000,1503000.0286,"EQC- 147 Breckenridge Road, Puketapu, Ha","EQC- 147 Breckenridge Road, Puketapu, Hastings, Hawke's Bay, 4183, NZL #HBEQC",Tower Insurance Limited,2023-03-10,HM,Ryan Tutbury,176.802734,-39.553793,,False,
1503000.0304,1503000,1503000.0304,"EQC- 43A Houkura Rise, Whatawhata, Ohaup","EQC - 43A Houkura Rise, Whatawhata, Ohaupo, Waikato, 3285, NZL",Tower Insurance Limited,2023-03-10,HM,Ryan Tutbury,175.137847,-37.796656,,False,
1503000.0287,1503000,1503000.0287,"EQC - 3/27 Olsen Avenue, Mangawhai Heads","EQC - 3/27 Olsen Avenue, Mangawhai Heads, Mangawhai, Northland, 0505, NZL",Tower Insurance Limited,2023-03-12,AK,Philip Mathewson,174.585236,-36.08732,,False,
1503000.0288,1503000,1503000.0288,"EQC - 15 Craven Terrace, Hospital Hill,","EQC - 15 Craven Terrace, Hospital Hill, Napier, Hawke's Bay, 4110, NZL #HBEQC",Tower Insurance Limited,2023-03-14,HM,Ryan Tutbury,176.91089,-39.491189,,False,
1503000.0289,1503000,1503000.0289,"EQC - 112 Motutara Road, Muriwai","EQC - 112 Motutara Road, Muriwai, Auckland, 0881, NZL",Tower Insurance Limited,2023-03-15,AK,Philip Mathewson,174.440729,-36.820554,,False,
1503000.0290,1503000,1503000.0290,"EQC - 7 Glenpark Place, Havelock North","EQC -7 Glenpark Place, Havelock North, Hawke's Bay, 4130, NZL #HBEQC",Tower Insurance Limited,2023-03-17,HM,Ryan Tutbury,176.886938,-39.68284,,False,
1503000.0291,1503000,1503000.0291,"EQC - 6 Fairhaven Walk, Wade Heads","EQC - 6 Fairhaven Walk, Wade Heads, Whangaparaoa, Auckland, 0932, NZL",Tower Insurance Limited,2023-03-18,AK,Philip Mathewson,174.728443,-36.639078,,False,
1503000.0292,1503000,1503000.0292,"EQC - 56 Waiotahi Road, Thames, Waikato,","EQC - 56 Waiotahi Road, Thames, Waikato, 3500, NZL",IAG New Zealand Limited,2023-03-20,HM,Ryan Tutbury,175.542229,-37.129027,,False,
1503000.0293,1503000,1503000.0293,"EQC - 20 Rayner Road, Piha","EQC - 20 Rayner Road, Piha, Auckland, 0772, NZL",Tower Insurance Limited,2023-03-22,AK,Philip Mathewson,174.474876,-36.959594,,False,
1503000.0294,1503000,1503000.0294,"EQC - 110 Lane Road, Havelock North, Haw","EQC - 110 Lane Road, Havelock North, Hawke's Bay, 4130, NZL #HBEQC",Tower Insurance Limited,2023-03-22,HM,Ryan Tutbury,176.868619,-39.693806,,False,
1503000.0295,1503000,1503000.0295,"EQC - 34B Karaka Road, Otumoetai, Tauran","EQC - 34B Karaka Road, Otumoetai, Tauranga, Bay of Plenty, 3110, NZL",Tower Insurance Limited,2023-03-23,HM,Ryan Tutbury,176.150264,-37.674113,,False,
1503000.0296,1503000,1503000.0296,"EQC - 12 Crampton Place, Manurewa","EQC - 12 Crampton Place, Manurewa, Auckland, 2102, NZL",Tower Insurance Limited,2023-03-23,AK,Philip Mathewson,174.877876,-37.024907,,False,
1503000.0297,1503000,1503000.0297,"EQC - 1598D Pack Spur Road, Mataikona","EQC - 1598D Pack Spur Road, Mataikona, Tinui, Wellington, 5889, NZL",Tower Insurance Limited,2023-03-24,WN,Shirley Wang,176.216664,-40.775254,,False,
1503000.0298,1503000,1503000.0298,"EQC - 12 Mostyn Street, Kingsland","EQC - 12 Mostyn Street, Kingsland, Auckland, 1021, NZL",Tower Insurance Limited,2023-03-24,AK,Philip Mathewson,174.749886,-36.867411,,False,
1503000.0299,1503000,1503000.0299,"EQC - 8B Cathedral Road, Gore Bay","EQC - 8B Cathedral Road, Gore Bay, Domett, Canterbury, 7383, NZL",Tower Insurance Limited,2023-03-30,CH,Anna Sleight,173.308093,-42.862141,,False,
1503000.0300,1503000,1503000.0300,"EQC - 12 Hunters Hill, Havelock North, H","EQC - 12 Hunters Hill, Havelock North, Hawke's Bay, 4130, NZL #HBEQC",Tower Insurance Limited,2023-03-30,HM,Ryan Tutbury,176.897247,-39.673766,,False,
1503000.0301,1503000,1503000.0301,"EQC - 508 Dairy Flat Highway, Dairy Flat","EQC - 508 Dairy Flat Highway, Dairy Flat, Auckland, 0792, NZL",Tower Insurance Limited,2023-03-31,AK,Philip Mathewson,174.67287,-36.712073,,False,
1503000.0302,1503000,1503000.0302,EQC - 508B Dairy Flat Highway,"EQC - 508B Dairy Flat Highway, Dairy Flat, Auckland, 0792, NZL",Tower Insurance Limited,2023-03-31,AK,Philip Mathewson,174.673239,-36.711337,,False,
1503000.0303,1503000,1503000.0303,"EQC - 25 Gilletta Road, Mount Roskill","EQC - 25 Gilletta Road, Mount Roskill, Auckland, 1041, NZL",Tower Insurance Limited,2023-03-31,AK,Philip Mathewson,174.713738,-36.924322,,False,
1503000.0305,1503000,1503000.0305,"EQC - 6 Dee Place, Torbay","EQC - 6 Dee Place, Torbay, Auckland, 0630, NZL",Tower Insurance Limited,2023-04-05,AK,Philip Mathewson,174.726019,-36.698455,,False,
1503000.0306,1503000,1503000.0306,"EQC - Q5230, Torea Bay, Marlborough","EQC - Q5230, Torea Bay, Marlborough Sounds, 7282, NZL",Tower Insurance Limited,2023-04-05,HM,Hannah Udell,174.021322,-41.225138,,False,
1503000.0307,1503000,1503000.0307,"EQC - 26 Imperial Terrace, Melrose","EQC - 26 Imperial Terrace, Melrose, Wellington, 6022, NZL",Tower Insurance Limited,2023-04-06,WN,Shirley Wang,174.791824,-41.322325,Wellington City,True,
1503000.0308,1503000,1503000.0308,"EQC - 23 Chamari Close, Titirangi","EQC - 23 Chamari Close, Titirangi, Auckland, 0604, NZL",Tower Insurance Limited,2023-04-10,AK,Philip Mathewson,174.655856,-36.926093,,False,
1503000.0309,1503000,1503000.0309,"EQC - 42 Raroa Terrace, Waiatarua","EQC - 42 Raroa Terrace, Waiatarua, Auckland, 0604, NZL",Tower Insurance Limited,2023-04-10,AK,Philip Mathewson,174.592751,-36.93495,,False,
1503000.0310,1503000,1503000.0310,"EQC - 43 Ramelton Rd, Mount Roskill","EQC - 43 Ramelton Rd, Mount Roskill, Auckland, 1041, NZL",Tower Insurance Limited,2023-04-11,AK,Philip Mathewson,174.731454,-36.928838,,False,
1503000.0311,1503000,1503000.0311,"EQC - 1 Cameron Road, Bluff Hill, Napier","EQC - 1 Cameron Road, Bluff Hill, Napier, Hawke's Bay, 4110, NZL #HBEQC",Tower Insurance Limited,2023-04-11,HM,Ryan Tutbury,176.911582,-39.488479,,False,
1503000.0312,1503000,1503000.0312,"EQC - 475 State Highway 5, Eskdale, Napi","EQC - 475 State Highway 5, Eskdale, Napier, Hawke's Bay, 4182, NZL #HBEQC",Tower Insurance Limited,2023-04-12,HM,Ryan Tutbury,176.826771,-39.391046,,False,
1503000.0313,1503000,1503000.0313,"EQC - 106 Allum St, Kohimarama","EQC - 106 Allum St, Kohimarama, Auckland, 1071, NZL",Tower Insurance Limited,2023-04-12,AK,Philip Mathewson,174.844304,-36.862494,,False,
1503000.0314,1503000,1503000.0314,"EQC - 115 Rangeview Road, Sunnyvale","EQC - 115 Rangeview Road, Sunnyvale, Auckland, 0612, NZL",Tower Insurance Limited,2023-04-12,AK,Philip Mathewson,174.639159,-36.901937,,False,
1503000.0315,1503000,1503000.0315,"EQC - 62 Rosecamp Road, Beach Haven","EQC - 62 Rosecamp Road, Beach Haven, Auckland, 0626, NZL",Tower Insurance Limited,2023-04-13,AK,Philip Mathewson,174.686137,-36.800652,,False,
1503000.0316,1503000,1503000.0316,"EQC - 85 Domain Crescent, Muriwai","EQC - 85 Domain Crescent, Muriwai, Auckland, 0881, NZL",Tower Insurance Limited,2023-04-13,AK,Philip Mathewson,174.434181,-36.828196,,False,
1503000.0317,1503000,1503000.0317,"EQC - 51 Domain Crescent, Muriwai","EQC - 51 Domain Crescent, Muriwai, Auckland, 0881, NZL",Tower Insurance Limited,2023-04-13,AK,Philip Mathewson,174.432511,-36.830233,,False,
1503000.0318,1503000,1503000.0318,"EQC- 3 Twin Oaks Drive, Tamahere","EQC- 3 Twin Oaks Drive, Tamahere, Hamilton, Waikato, 3283, NZL",Tower Insurance Limited,2023-04-13,HM,Ryan Tutbury,175.342247,-37.836459,,False,
1503000.0319,1503000,1503000.0319,"EQC - 289 Motutara Road, Muriwai","EQC - 289 Motutara Road, Muriwai, Auckland, 0881, NZL",Tower Insurance Limited,2023-04-18,AK,Philip Mathewson,174.436479,-36.824683,,False,
1503000.0320,1503000,1503000.0320,"EQC - 292 Motutara Road, Muriwai","EQC - 292 Motutara Road, Muriwai, Auckland, 0881, NZL",Tower Insurance Limited,2023-04-20,AK,Philip Mathewson,174.433918,-36.82527,,False,
1503000.0321,1503000,1503000.0321,"EQC - 83 Fitzwilliam Drive, Torbay","EQC - 83 Fitzwilliam Drive, Torbay, Auckland, 0630, NZL",Tower Insurance Limited,2023-04-20,AK,Philip Mathewson,174.723414,-36.700362,,False,
1503000.0322,1503000,1503000.0322,"EQC - 29 Ring Terrace, Saint Marys Bay","EQC - 29 Ring Terrace, Saint Marys Bay, Auckland, 1011, NZL",Tower Insurance Limited,2023-04-21,AK,Philip Mathewson,174.744637,-36.841216,,False,
1503000.0323,1503000,1503000.0323,"EQC - 195 Motutara Road, Muriwai","EQC - 195 Motutara Road, Muriwai, Auckland, 0881, NZL",Tower Insurance Limited,2023-04-21,AK,Philip Mathewson,174.439845,-36.82214,,False,
1503000.0324,1503000,1503000.0324,"EQC - 23A Te Mutu Crescent, Maungatapu","EQC - 23A Te Mutu Crescent, Maungatapu, Tauranga, 3112, NZL",Tower Insurance Limited,2023-04-27,HM,Ryan Tutbury,176.179184,-37.720951,,False,
1503000.0325,1503000,1503000.0325,"EQC - 160 Scenic Drive, Titirangi","EQC - 160 Scenic Drive, Titirangi, Auckland, 0604, NZL",Tower Insurance Limited,2023-04-29,AK,Philip Mathewson,174.631006,-36.938205,,False,
1503000.0326,1503000,1503000.0326,"EQC - 662A Beach Road, Browns Bay","EQC - 662A Beach Road, Browns Bay, Auckland, 0630, NZL",Tower Insurance Limited,2023-04-29,AK,Philip Mathewson,174.740353,-36.722266,,False,
1503000.0327,1503000,1503000.0327,"EQC - 316 Frankley Road, Ferndale, New P","EQC - 316 Frankley Road, Ferndale, New Plymouth, Taranaki, 4310, NZL",Tower Insurance Limited,2023-05-01,HM,Ryan Tutbury,174.06055715500008,-39.08682547799998,,False,
1503000.0328,1503000,1503000.0328,"EQC - 316 Frankley Road, Ferndale, New P","EQC - 316 Frankley Road, Ferndale, New Plymouth, Taranaki, 4310, NZL",Tower Insurance Limited,2023-05-02,HM,Ryan Tutbury,174.060462,-39.086899,,False,
1503000.0329,1503000,1503000.0329,"EQC - 19 Brunton Place, Glenfield","EQC - 19 Brunton Place, Glenfield, Auckland, 0629, NZL",Tower Insurance Limited,2023-05-04,AK,Philip Mathewson,174.711538,-36.792435,,False,
1503000.0330,1503000,1503000.0330,"EQC - 14 Arataki Views Way, Glen Eden","EQC - 14 Arataki Views Way, Glen Eden, Auckland, 0602, NZL",Tower Insurance Limited,2023-05-04,AK,Philip Mathewson,174.655507,-36.918316,,False,
1503000.0331,1503000,1503000.0331,"EQC - 1960 Tauwhareparae Rd, Tauwharepar","EQC - 1960 Tauwhareparae Road, Tauwhareparae, Tolaga Bay, 4077, NZL",Tower Insurance Limited,2023-05-04,HM,Ryan Tutbury,178.149932,-38.317688,,False,
1503000.0332,1503000,1503000.0332,"EQC - 28 Erris St, Johnsonville, WGTN","EQC - 28 Erris St, Johnsonville, Wellington, 6037, NZL",Tower Insurance Limited,2023-05-04,WN,Shirley Wang,174.797287,-41.217468,Wellington City,True,
1503000.0333,1503000,1503000.0333,"EQC - 65 Zanders Road, Helensville","EQC - 65 Zanders Road, Helensville, Auckland, 0882, NZL",Tower Insurance Limited,2023-05-04,AK,Philip Mathewson,174.546991,-36.710436,,False,
1503000.0334,1503000,1503000.0334,"EQC - 17 Mallard Place, Unsworth Heights","EQC - 17 Mallard Place, Unsworth Heights, Auckland, 0632, NZL",Tower Insurance Limited,2023-05-06,AK,Philip Mathewson,174.716224,-36.755561,,False,
1503000.0335,1503000,1503000.0335,"EQC - 305 Tuhirangi Road, Makarau","EQC - 305 Tuhirangi Road, Makarau, Kaukapakapa, Auckland, 0984, NZL",Tower Insurance Limited,2023-05-06,AK,Philip Mathewson,174.485069,-36.532912,,False,
1503000.0336,1503000,1503000.0336,"EQC - 18A Niccone Place, Bombay","EQC - 18A Niccone Place, Bombay, Auckland, 2675, NZL",Tower Insurance Limited,2023-05-06,AK,Philip Mathewson,175.00748,-37.165064,,False,
1503000.0337,1503000,1503000.0337,"EQC - 62 Ngarahana Avenue, Paremoremo","EQC - 62 Ngarahana Avenue, Paremoremo, Auckland, 0632, NZL",Tower Insurance Limited,2023-05-06,AK,Philip Mathewson,174.662213,-36.767665,,False,
1503000.0338,1503000,1503000.0338,"EQC - 18C Oriana Avenue, Lynfield","EQC - 18C Oriana Avenue, Lynfield, Auckland, 1042, NZL",Tower Insurance Limited,2023-05-06,AK,Philip Mathewson,174.724493,-36.929731,,False,
1503000.0339,1503000,1503000.0339,"EQC - 1022 Glengarry Road, Puketapu, Has","EQC - 1022 Glengarry Road, Puketapu, Hastings, Hawke's Bay, 4182, NZL #HBEQC",Tower Insurance Limited,2023-05-08,HM,Ryan Tutbury,176.747691,-39.407708,,False,
1503000.0340,1503000,1503000.0340,"EQC - 26 Glenveagh Drive, Mount Roskill","EQC - 26 Glenveagh Drive, Mount Roskill, Auckland, 1041, NZL",Tower Insurance Limited,2023-05-09,AK,Philip Mathewson,174.734042,-36.927331,,False,
1503000.0341,1503000,1503000.0341,"EQC - 420 Kairakau Road, Elsthorpe, Hawk","EQC - 420 Kairakau Road, Elsthorpe, Hawke's Bay, 4295, NZL #HBEQC",Tower Insurance Limited,2023-05-10,HM,Ryan Tutbury,176.852176,-39.929944,,False,
1503000.0342,1503000,1503000.0342,"EQC - 89 Aintree Road, Havelock North, H","EQC - 89 Aintree Road, Havelock North, Hawke's Bay, 4130, NZL #HBEQC",Tower Insurance Limited,2023-05-10,HM,Ryan Tutbury,176.876831,-39.699591,,False,
1503000.0343,1503000,1503000.0343,"EQC - 362A Tara Road, Mangawhai","EQC - 362A Tara Road, Mangawhai, Northland, 0573, NZL",Tower Insurance Limited,2023-05-12,AK,Philip Mathewson,174.533924,-36.106538,,False,
1503000.0344,1503000,1503000.0344,EQC - 806 Mangapai Caves Road,"EQC - 806 Mangapai Caves Road, Mangapai, Whangarei, Northland, 0178, NZL",Tower Insurance Limited,2023-05-12,AK,Philip Mathewson,174.315731,-35.89322,,False,
1503000.0345,1503000,1503000.0345,"EQC - 528 Dairy Flat Highway, Dairy Flat","EQC - 528 Dairy Flat Highway, Dairy Flat, Auckland, 0792, NZL",Tower Insurance Limited,2023-05-12,AK,Philip Mathewson,174.670983,-36.709811,,False,
1503000.0346,1503000,1503000.0346,"EQC - 101B Sherwood Street, Bellevue, Ta","EQC - 101B Sherwood Street, Bellevue, Tauranga, Bay of Plenty, 3110, NZL",Tower Insurance Limited,2023-05-17,HM,Ryan Tutbury,176.129259,-37.683882,,False,
1503000.0347,1503000,1503000.0347,"EQC - 503 Helmsdale Road, Waipu","EQC - 503 Helmsdale Road, Waipu, Northland, 0582, NZL",Tower Insurance Limited,2023-05-19,AK,Philip Mathewson,174.364256,-35.967882,,False,
1503000.0348,1503000,1503000.0348,"EQC - 442 Ngunguru Ford Road, Kiripaka","EQC - 442 Ngunguru Ford Road, Kiripaka, Whareora, Northland, 0173, NZL",Tower Insurance Limited,2023-05-19,AK,Philip Mathewson,174.44549,-35.652023,,False,
1503000.0349,1503000,1503000.0349,"EQC - 47 Lamont Drive, Kamo","EQC - 47 Lamont Drive, Kamo, Whangarei, Northland, 0185, NZL",Tower Insurance Limited,2023-05-19,AK,Philip Mathewson,174.28015,-35.697313,,False,
1503000.0350,1503000,1503000.0350,"EQC - 117 Memorial Drive, Parahaki","EQC - 117 Memorial Drive, Parahaki, Whangarei, Northland, 0112, NZL",Tower Insurance Limited,2023-05-19,AK,Philip Mathewson,174.342023,-35.720273,,False,
1503000.0351,1503000,1503000.0351,"EQC - 19 J Mason Road, Mangakura","EQC - 19 J Mason Road, Mangakura, Warkworth, Auckland, 0984, NZL",Tower Insurance Limited,2023-05-19,AK,Philip Mathewson,174.492132,-36.382394,,False,
1503000.0352,1503000,1503000.0352,"EQC - 202 Pyes Pa Road, Pyes Pa, Taurang","EQC - 202 Pyes Pa Road, Pyes Pa, Tauranga, Bay of Plenty, 3112, NZL",Tower Insurance Limited,2023-05-19,HM,Ryan Tutbury,176.119939,-37.752183,,False,
1503000.0353,1503000,1503000.0353,"EQC - 18A Bongard Street, Gate Pa, Taura","EQC - 18A Bongard Street, Gate Pa, Tauranga, Bay of Plenty, 3112, NZL",Tower Insurance Limited,2023-05-19,HM,Ryan Tutbury,176.129827,-37.720406,,False,
1503000.0354,1503000,1503000.0354,"EQC - 13 Florence Place, Pauanui, Waikat","EQC - 13 Florence Place, Pauanui, Waikato, 3579, NZL",Tower Insurance Limited,2023-05-25,HM,Ryan Tutbury,175.87148,-37.028748,,False,
1503000.0355,1503000,1503000.0355,"EQC - 10A Tokomaru Drive, Havelock North","EQC - 10A Tokomaru Drive, Havelock North, Hawke's Bay, 4130, NZL #HBEQC",Tower Insurance Limited,2023-05-25,HM,Ryan Tutbury,176.893621,-39.677373,,False,
1503000.0356,1503000,1503000.0356,"EQC - 231 Stout Street, Mangapapa, Gisbo","EQC - 231 Stout Street, Mangapapa, Gisborne, 4010, NZL",Tower Insurance Limited,2023-06-01,HM,Ryan Tutbury,178.013372,-38.647697,,False,
1503000.0357,1503000,1503000.0357,"EQC - 3 Greenridge Lane, Merrilands, NPL","EQC - 3 Greenridge Lane, Merrilands, New Plymouth, Taranaki, 4312, NZL",Tower Insurance Limited,2023-06-05,WN,Shirley Wang,174.105673,-39.075543,,False,
1503000.0358,1503000,1503000.0358,"EQC - 66 Spinnaker Drive, Whitby,Porirua","EQC - 66 Spinnaker Drive, Whitby, Porirua, Wellington, 5024, NZL",Tower Insurance Limited,2023-06-05,WN,Shirley Wang,174.888711,-41.109778,Porirua City,True,
1503000.0359,1503000,1503000.0359,"EQC - 39 Awaiti Place, Hairini, Tauranga","EQC - 39 Awaiti Place, Hairini, Tauranga, Bay of Plenty, 3112, NZL",Tower Insurance Limited,2023-06-06,HM,Ryan Tutbury,176.160078,-37.737082,,False,
1503000.0360,1503000,1503000.0360,"EQC - 6 Tokomaru Drive, Havelock North,","EQC - 6 Tokomaru Drive, Havelock North, Hawke's Bay, 4130, NZL #HBEQC",Tower Insurance Limited,2023-06-06,HM,Ryan Tutbury,176.893518,-39.67707,,False,
1503000.0361,1503000,1503000.0361,"EQC - 17 Curtis Street, Okato, Taranaki","EQC - 17 Curtis Street, Okato, Taranaki, 4335, NZL",Tower Insurance Limited,2023-06-07,WN,Shirley Wang,173.882063,-39.193791,,False,
1503000.0362,1503000,1503000.0362,"EQC - 160 Whetukura Road, Dannevirke","EQC - 160 Whetukura Road, Dannevirke, Manawatu-Whanganui, 4977, NZL",Tower Insurance Limited,2023-06-14,WN,Shirley Wang,176.312704,-40.135368,,False,
1503000.0363,1503000,1503000.0363,"EQC - 1949 Ngunguru Road, Ngunguru","EQC - 1949 Ngunguru Road, Ngunguru, Northland, 0173, NZL",Tower Insurance Limited,2023-06-17,AK,Philip Mathewson,174.502206,-35.631659,,False,
1503000.0364,1503000,1503000.0364,"EQC - 7E Fernwood Grove, Bayview","EQC - 7E Fernwood Grove, Bayview, Auckland, 0629, NZL",Tower Insurance Limited,2023-06-17,AK,Philip Mathewson,174.71767,-36.76915,,False,
1503000.0365,1503000,1503000.0365,"EQC - 15 Mount View Place, Spotswood","EQC - 15 Mount View Place, Spotswood, New Plymouth, Taranaki, 4310, NZL",Tower Insurance Limited,2023-06-21,WN,Shirley Wang,174.029552,-39.070628,,False,
1503000.0366,1503000,1503000.0366,"EQC - 53 Magnolia Drive, Westown, NPL","EQC - 53 Magnolia Drive, Westown, New Plymouth, Taranaki, 4310, NZL",Tower Insurance Limited,2023-06-21,WN,Shirley Wang,174.046388,-39.079411,,False,
1503000.0367,1503000,1503000.0367,"EQC - 9 Chrome Place, Henderson","EQC - 9 Chrome Place, Henderson, Auckland, 0612, NZL",Tower Insurance Limited,2023-06-22,AK,Philip Mathewson,174.619402,-36.882207,,False,
1503000.0369,1503000,1503000.0369,"EQC - 21 Bush View Lane, Northcote Point","EQC - 21 Bush View Lane, Northcote Point, Auckland, 0627, NZL",Tower Insurance Limited,2023-06-22,AK,Philip Mathewson,174.739689,-36.812144,,False,
1503000.0370,1503000,1503000.0370,"EQC - 77 Matakaoa Rd, Hicks Bay","EQC - 77 Matakaoa Rd, Hicks Bay, 4087, NZL",Tower Insurance Limited,2023-06-22,HM,Ryan Tutbury,178.300392,-37.565929,,False,
1503000.0373,1503000,1503000.0373,"EQC - 20 Gallony Avenue, Massey","EQC - 20 Gallony Avenue, Massey, Auckland, 0614, NZL",Tower Insurance Limited,2023-06-22,AK,Philip Mathewson,174.604957,-36.84011,,False,
1503000.0376,1503000,1503000.0376,"EQC - 11 Willow Place, Horahora","EQC - 11 Willow Place, Horahora, Whangarei, Northland, 0110, NZL",Tower Insurance Limited,2023-06-25,AK,Philip Mathewson,174.298167,-35.735239,,False,
1503000.0377,1503000,1503000.0377,"EQC - 26 Tohunga Crescent, Parnell","EQC - 26 Tohunga Crescent, Parnell, Auckland, 1052, NZL",Tower Insurance Limited,2023-06-25,AK,Philip Mathewson,174.788213,-36.859904,,False,
1503000.0380,1503000,1503000.0380,"EQC - 855C Hakarimata Road, Huntly, Waik","EQC - 855C Hakarimata Road, Huntly, Waikato, 3771, NZL",Tower Insurance Limited,2023-06-28,HM,Ryan Tutbury,175.167552,-37.606426,,False,
1503000.0381,1503000,1503000.0381,"EQC - 41C Seaview Avenue, Northcote","EQC - 41C Seaview Avenue, Northcote, Auckland, 0627, NZL",Tower Insurance Limited,2023-06-28,AK,Philip Mathewson,174.737814,-36.813549,,False,
1503000.0383,1503000,1503000.0383,"EQC - 18 Duffy Road, Waitakere (1)","EQC - 18 Duffy Road, Waitakere, Auckland, 0782, NZL",Tower Insurance Limited,2023-06-28,AK,Philip Mathewson,174.52087,-36.857153,,False,
1503000.0384,1503000,1503000.0384,"EQC - 8 Houchens Road, Glenview, Ham","EQC - 8 Houchens Road, Glenview, Hamilton, Waikato, 3206, NZL",Tower Insurance Limited,2023-07-04,HM,Ryan Tutbury,175.293545,-37.825253,,False,
1503000.0385,1503000,1503000.0385,"EQC - 4/16 Maida Vale Street, Fenton Par","EQC - 4/16 Maida Vale Street, Fenton Park, Rotorua, Bay of Plenty, 3010, NZL",Tower Insurance Limited,2023-07-04,HM,Ryan Tutbury,176.256599,-38.152645,,False,
1503000.0386,1503000,1503000.0386,"EQC - 3241 Paparoa-Oakleigh Rd, Paparoa","EQC - 3241 Paparoa-Oakleigh Rd, Paparoa, Northland, 0571, NZL",Tower Insurance Limited,2023-07-04,AK,Philip Mathewson,174.240159,-36.09785,,False,
1503000.0387,1503000,1503000.0387,"EQC - 70 Goodall St, Hillsborough","EQC - 70 Goodall St, Hillsborough, Auckland, 1042, NZL",Tower Insurance Limited,2023-07-04,AK,Dion Willcocks,174.757649,-36.927685,,False,
1503000.0390,1503000,1503000.0390,"EQC - 224 Valley Road, Mangapapa, Gisbor","EQC - 224 Valley Road, Mangapapa, Gisborne, 4010, NZL",Tower Insurance Limited,2023-07-05,HM,Ryan Tutbury,178.025831,-38.640036,,False,
1503000.0391,1503000,1503000.0391,"EQC - 586 Hoanga Road, Hoanga","EQC - 586 Hoanga Road, Hoanga, Dargaville, Northland, 0374, NZL",Tower Insurance Limited,2023-07-06,AK,Philip Mathewson,173.922809,-35.909616,,False,
1503000.0392,1503000,1503000.0392,EQC - 2392 Whangarei Heads Road,"EQC - 2392 Whangarei Heads Road, Whangarei Heads, Northland, 0174, NZL",Tower Insurance Limited,2023-07-07,AK,Philip Mathewson,174.529902,-35.829428,,False,
1503000.0393,1503000,1503000.0393,"EQC - 17A Saltaire Street, Avondale","EQC - 17A Saltaire Street, Avondale, Auckland, 1026, NZL",Tower Insurance Limited,2023-07-08,AK,Philip Mathewson,174.697052,-36.886675,,False,
1503000.0394,1503000,1503000.0394,"EQC - 14 Moorgreen Heights, Torbay","EQC - 14 Moorgreen Heights, Torbay, Auckland, 0630, NZL",Tower Insurance Limited,2023-07-08,AK,Philip Mathewson,174.735653,-36.693677,,False,
1503000.0396,1503000,1503000.0396,"EQC - 75 Elan Place, Stanmore Bay","EQC - 75 Elan Place, Stanmore Bay, Whangaparaoa, Auckland, 0932, NZL",Tower Insurance Limited,2023-07-12,AK,Philip Mathewson,174.744027,-36.637197,,False,
1503000.0401,1503000,1503000.0401,"EQC - 147B Portsmouth Road, Bombay","EQC - 147B Portsmouth Road, Bombay, Auckland, 2675, NZL",Tower Insurance Limited,2023-07-16,AK,Philip Mathewson,174.997363,-37.170761,,False,
1503000.0402,1503000,1503000.0402,"EQC - 52 Makorori Beach Road, Makorori,","EQC - 52 Makorori Beach Road, Makorori, Waimata, Gisborne, 4073, NZL",Tower Insurance Limited,2023-07-17,HM,Ryan Tutbury,178.137368,-38.651699,,False,
1503000.0408,1503000,1503000.0408,"EQC - 49 Brunner Road, Glen Eden","EQC - 49 Brunner Road, Glen Eden, Auckland, 0602, NZL",Tower Insurance Limited,2023-07-19,AK,Philip Mathewson,174.631499,-36.911616,,False,
1503000.0410,1503000,1503000.0410,"EQC - 177 Scenic Drive, Titirangi","EQC - 177 Scenic Drive, Titirangi, Auckland, 0604, NZL",Tower Insurance Limited,2023-07-19,AK,Philip Mathewson,174.627312,-36.937577,,False,
1503000.0411,1503000,1503000.0411,"EQC - 22 Oswald St, Mangapapa, Gisborne,","EQC - 22 Oswald St, Mangapapa, Gisborne, 4010, NZL",Tower Insurance Limited,2023-07-19,HM,Ryan Tutbury,178.021766,-38.647666,,False,
1503000.0413,1503000,1503000.0413,"EQC - 88 Joll Rd, Havelock North, 4130,","EQC - 88 Joll Rd, Havelock North, 4130, NZL #HBEQC",Tower Insurance Limited,2023-07-19,HM,Ryan Tutbury,176.883874,-39.677307,,False,
1503000.0415,1503000,1503000.0415,"EQC - 796 Puketitiri Rd, Puketapu, Napie","EQC - 796 Puketitiri Road, Puketapu, Napier, 4182, NZL #HBEQC",Tower Insurance Limited,2023-07-21,HM,Ryan Tutbury,176.796536,-39.469449,,False,
1503000.0416,1503000,1503000.0416,"EQC - 1 Riverhaven Drive, Wade Heads","EQC - 1 Riverhaven Drive, Wade Heads, Whangaparaoa, Auckland, 0932, NZL",Tower Insurance Limited,2023-07-23,AK,Philip Mathewson,174.723885,-36.634898,,False,
1503000.0417,1503000,1503000.0417,"EQC - 359 Hot Springs Road, Tahawai, Bay","EQC - 359 Hot Springs Road, Tahawai, Bay of Plenty, 3178, NZL",Tower Insurance Limited,2023-07-26,HM,Ryan Tutbury,175.877164,-37.591956,,False,
1503000.0418,1503000,1503000.0418,"EQC - 48 Park Terrace, Corsair Bay","EQC - 48 Park Terrace, Corsair Bay, Lyttelton, Canterbury, 8082, NZL",Tower Insurance Limited,2023-07-27,CH,Anna Sleight,172.700058,-43.605698,,False,
1503000.0419,1503000,1503000.0419,"EQC - 7 Ben James Drive, Hillsborough","EQC - 7 Ben James Drive, Hillsborough, Auckland, 1042, NZL",Tower Insurance Limited,2023-07-28,AK,Philip Mathewson,174.749506,-36.930865,,False,
1503000.0420,1503000,1503000.0420,"EQC - 164 Eskridge Drive RD 2, Napier, 4","EQC - 164 Eskridge Drive RD 2, Napier, 4182, NZL #HBEQC",Tower Insurance Limited,2023-07-28,HM,Ryan Tutbury,176.840359,-39.405276,,False,
1503000.0421,1503000,1503000.0421,"EQC - 15 Milton Road, Bluff Hill, Napier","EQC - 15 Milton Road, Bluff Hill, Napier, Hawke's Bay, 4110, NZL #HBEQC",Tower Insurance Limited,2023-08-04,HM,Ryan Tutbury,176.912276,-39.489788,,False,
1503000.0422,1503000,1503000.0422,"EQC-38 Main Road, Raglan, Waikato","EQC-38 Main Road, Raglan, Waikato, 3225, NZL",Tower Insurance Limited,2023-08-10,HM,Ryan Tutbury,174.878588,-37.803909,,False,
1503000.0423,1503000,1503000.0423,"EQC - 2 Simeon Quay, Lyttelton","EQC - 2 Simeon Quay, Lyttelton, 8082, NZL",Tower Insurance Limited,2023-08-10,CH,Anna Sleight,172.715438,-43.602983,,False,
1503000.0425,1503000,1503000.0425,"EQC - 83 Aln Street, Oamaru, Otago, 9400","EQC - 83 Aln Street, Oamaru, Otago, 9400, NZL",Tower Insurance Limited,2023-08-11,CH,Anna Sleight,170.970553,-45.089224,,False,
1503000.0424,1503000,1503000.0424,EQC - 5021 Kaipara Coast Highway,"EQC - 5021 Kaipara Coast Highway, Wellsford, Auckland, 0972, NZL",Tower Insurance Limited,2023-08-13,AK,Philip Mathewson,174.468241,-36.332219,,False,
1503000.0426,1503000,1503000.0426,"EQC - 24 Oswald Street, Mangapapa - RTW1","EQC - 24 Oswald Street, Mangapapa, Gisborne, 4010, NZL - RTW1",Tower Insurance Limited,2023-08-15,HM,Ryan Tutbury,178.021683,-38.647438,,False,
1503000.0427,1503000,1503000.0427,"EQC - 24 Oswald Street, Mangapapa - RTW2","EQC - 24 Oswald Street, Mangapapa, Gisborne, 4010, NZL - RTW2",Tower Insurance Limited,2023-08-16,HM,Ryan Tutbury,178.021546,-38.647375,,False,
1503000.0428,1503000,1503000.0428,"EQC - 58 Rarangi Heights, Parua Bay","EQC - 58 Rarangi Heights, Parua Bay, Northland, 0192, NZL",Tower Insurance Limited,2023-08-16,AK,Philip Mathewson,174.523158,-35.77743,,False,
1503000.0429,1503000,1503000.0429,"EQC - 39 Cumberland Rise, Taradale","EQC - 39 Cumberland Rise, Taradale, Napier, Hawke's Bay, 4112, NZL",Tower Insurance Limited,2023-08-17,HM,Ryan Tutbury,176.842479,-39.52528,,False,
1503000.0430,1503000,1503000.0430,"EQC - 59 Puflett Road, Havelock North, H","EQC - 59 Puflett Road, Havelock North, Hawke's Bay, 4130, NZL #HBEQC",Tower Insurance Limited,2023-08-25,HM,Ryan Tutbury,176.88466,-39.685873,,False,
1503000.0431,1503000,1503000.0431,"EQC - 20A Tokomaru Drive, Havelock North","EQC - 20A Tokomaru Drive, Havelock North, Hawke's Bay, 4130, NZL #HBEQC",Vero Insurance New Zealand Limited,2023-08-31,HM,Ryan Tutbury,176.893916,-39.678108,,False,
1503000.0432,1503000,1503000.0432,"EQC - 40 Argyll Street, Mangapapa, Gisbo","EQC - 40 Argyll Street, Mangapapa, Gisborne, 4010, NZL",Tower Insurance Limited,2023-09-04,HM,Ryan Tutbury,178.014817,-38.641584,,False,
1503000.0433,1503000,1503000.0433,"EQC - 280 Awahuri Rd, Crownthorpe","EQC - 280 Awahuri Rd, Crownthorpe",Tower Insurance Limited,2023-09-08,HM,Ryan Tutbury,176.684997,-39.575842,,False,
1503000.0434,1503000,1503000.0434,"EQC - 23B Philomel Crst, Welcome Bay, Ta","EQC - 23B Philomel Crst, Welcome Bay, Tauranga, 3112, NZL",Tower Insurance Limited,2023-09-12,HM,Ryan Tutbury,176.185112,-37.730067,,False,
1503000.0435,1503000,1503000.0435,"EQC - 85A Victory St, Welcome Bay, Taura","EQC - 85A Victory St, Welcome Bay, Tauranga, 3112, NZL",Tower Insurance Limited,2023-09-12,HM,Ryan Tutbury,176.184782,-37.729969,,False,
1503000.0436,1503000,1503000.0436,"EQC - 23C Te Aute Road, Havelock North,","EQC - 23C Te Aute Road, Havelock North, Hawke's Bay, 4130, NZL #HBEQC",Tower Insurance Limited,2023-09-15,HM,Ryan Tutbury,176.87336,-39.67185,,False,
1503000.0437,1503000,1503000.0437,"EQC - 46 Tanner Street, Havelock North,","EQC - 46 Tanner Street, Havelock North, Hawke's Bay, 4130, NZL #HBEQC",Tower Insurance Limited,2023-09-20,HM,Ryan Tutbury,176.88877,-39.676499,,False,
1503000.0438,1503000,1503000.0438,"EQC - 136A Stout Street, Mangapapa, Gisb","EQC - 136A Stout Street, Mangapapa, Gisborne, 4010, NZL",Vero Insurance New Zealand Limited,2023-09-25,HM,Ryan Tutbury,178.021175,-38.654035,,False,
1503000.0439,1503000,1503000.0439,"EQC - 273 Durham Drive, Havelock North,","EQC - 273 Durham Drive, Havelock North, Hawke's Bay, 4130, NZL #HBEQC",Tower Insurance Limited,2023-09-28,HM,Ryan Tutbury,176.906356,-39.681922,,False,
1503000.0440,1503000,1503000.0440,"EQC - 5B Armitage Street, Ngaio, WGTN","EQC - 5B Armitage Street, Ngaio, Wellington, 6035, NZL",Tower Insurance Limited,2023-10-03,WN,Shirley Wang,174.774864,-41.255861,Wellington City,True,
1503000.0441,1503000,1503000.0441,"EQC - 33 Tyndall Street, Waiwhetu, WGTN","EQC - 33 Tyndall Street, Waiwhetu, Lower Hutt, Wellington, 5010, NZL",Tower Insurance Limited,2023-10-05,WN,Shirley Wang,174.923616,-41.226735,Lower Hutt City,True,
1503000.0442,1503000,1503000.0442,"EQC - 57 Rona Street, Eastbourne, WGTN","EQC - 57 Rona Street, Eastbourne, Lower Hutt, Wellington, 5013, NZL",Tower Insurance Limited,2023-10-06,WN,Shirley Wang,174.906778,-41.289226,Lower Hutt City,True,
1503000.0443,1503000,1503000.0443,"EQC - 46 Reuben Avenue, Brooklyn, WGTN","EQC - 46 Reuben Avenue, Brooklyn, Wellington, 6021, NZL",Tower Insurance Limited,2023-10-06,WN,Shirley Wang,174.760432,-41.30842,Wellington City,True,
1503000.0444,1503000,1503000.0444,"EQC - 3 Kedge Lane, Whitby, Porirua WGTN","EQC - 3 Kedge Lane, Whitby, Porirua, Wellington, 5024, NZL",Tower Insurance Limited,2023-10-12,WN,Shirley Wang,174.894099,-41.109253,Porirua City,True,
1503000.0445,1503000,1503000.0445,"EQC - 62 Ngarahana Ave, Paremoremo (2)","EQC - 62 Ngarahana Avenue, Paremoremo, Auckland, 0632, NZL",Tower Insurance Limited,2023-10-24,AK,Philip Mathewson,174.661828,-36.767622,,False,
1503000.0446,1503000,1503000.0446,"EQC - 120 Brightside Road, Stanmore Bay","EQC - 120 Brightside Road, Stanmore Bay, Whangaparaoa, Auckland",Tower Insurance Limited,2023-11-20,AK,Philip Mathewson,174.736373,-36.626873,,False,
1503000.0447,1503000,1503000.0447,"EQC - 57 Pemberton Avenue, Bayview","EQC - 57 Pemberton Avenue, Bayview, Auckland, 0629, NZL",Tower Insurance Limited,2023-11-29,AK,Philip Mathewson,174.700674,-36.780574,,False,
1503000.0448,1503000,1503000.0448,"EQC - 59C Woodside Rd, Massey","EQC - 59C Woodside Rd, Massey, Auckland, 0614, NZL",Tower Insurance Limited,2023-12-20,AK,Philip Mathewson,174.615572,-36.856634,,False,
1503000.0449,1503000,1503000.0449,"EQC - 27 Koromiko Road, Aro Valley, WGTN","EQC - 27 Koromiko Road, Aro Valley, Wellington, 6012, NZL",Tower Insurance Limited,2023-12-20,WN,Shirley Wang,174.754968,-41.294146,Wellington City,True,
1503000.0450,1503000,1503000.0450,"EQC - 495 Helmsdale Road, Waipu","EQC - 495 Helmsdale Road, Waipu, Northland, 0582, NZL",Tower Insurance Limited,2023-12-22,AK,Philip Mathewson,174.365399,-35.966587,,False,
1503000.0451,1503000,1503000.0451,"EQC - 40 Swinburne St, Blockhouse Bay","EQC - 40 Swinburne St, Blockhouse Bay, Auckland, 0600, NZL",Tower Insurance Limited,2024-01-22,AK,Philip Mathewson,174.69205,-36.91611,,False,
1503000.0452,1503000,1503000.0452,"EQC - 1017 Pakowhai Road, Frimley","EQC - 1017 Pakowhai Road, Frimley, Hastings, Hawke's Bay, 4120, NZL",Tower Insurance Limited,2024-02-22,HM,Ryan Tutbury,176.845631,-39.620959,,False,
1503000.0453,1503000,1503000.0453,"EQC - 77 Carrington Street, Lower Vogel","EQC - 77 Carrington Street, Lower Vogeltown, New Plymouth, Taranaki, 4310, NZL",Tower Insurance Limited,2024-02-28,WN,Shirley Wang,174.075995,-39.065543,,False,
1503000.0455,1503000,1503000.0455,"EQC - 76 Blomfield Street, Pukehangi, Ro","EQC - 76 Blomfield Street, Pukehangi, Rotorua, Bay of Plenty, 3015, NZL",Tower Insurance Limited,2024-06-21,HM,Ryan Tutbury,176.205075,-38.138238,,False,
1503000.0456,1503000,1503000.0456,"EQC - 50 Rodrigo Road, Kilbirnie, WGTN","EQC - 50 Rodrigo Road, Kilbirnie, Wellington, 6022, NZL",Tower Insurance Limited,2024-06-24,WN,Shirley Wang,174.791931,-41.320969,Wellington City,True,
1503000.0457,1503000,1503000.0457,"NHC - 127 Preeces Point Road, Preece Poi","NHC - 127 Preeces Point Road, Preece Point, Coromandel, Waikato, 3506",Tower Insurance Limited,2024-07-23,HM,Ryan Tutbury,175.507358,-36.775631,,False,
1503000.0458,1503000,1503000.0458,"NHC - 6/3 Kaimai Avenue, Massey Auckland","NHC - 6/3 Kaimai Avenue, Massey, Auckland",Tower Insurance Limited,2024-08-07,AK,Philip Mathewson,174.605536,-36.849772,,False,
1503000.0459,1503000,1503000.0459,"NHC - 630 Wright Road, Aongatete","NHC - 630 Wright Road, Aongatete, Bay of Plenty, 3181, NZL",Tower Insurance Limited,2024-08-12,HM,Ryan Tutbury,175.921363,-37.652979,,False,
1503000.0460,1503000,1503000.0460,"NHC - 822 Motukawa Rd, Tarata, Taranaki","NHC - 822 Motukawa Road, Tarata, Taranaki, 4387, NZL",Tower Insurance Limited,2024-09-11,WN,Shirley Wang,174.401612,-39.209594,,False,
1503000.0461,1503000,1503000.0461,"NHC - 95A Mount View Road, Bastia Hill","NHC - 95A Mount View Road, Bastia Hill, Whanganui, Manawatu-Whanganui, 4500, NZL",Tower Insurance Limited,2024-09-11,WN,Shirley Wang,175.06687,-39.926652,,False,
1503000.0462,1503000,1503000.0462,"NHC  - 2/7 Dransfield Street, Vogeltown","NHC  - 2/7 Dransfield Street, Vogeltown, Wellington, 6021, NZL",Tower Insurance Limited,2024-09-16,WN,Shirley Wang,174.770868,-41.312834,Wellington City,True,
1503000.0463,1503000,1503000.0463,"NHC - 3/31 Craigbank Avenue, New Lynn","NHC - 3/31 Craigbank Avenue, New Lynn, Auckland",Tower Insurance Limited,2024-09-18,AK,Dion Willcocks,174.682709,-36.916781,,False,
1503000.0464,1503000,1503000.0464,"NHC-9B Meadowbank Crescent, Kihikihi","NHC-9B Meadowbank Crescent, Kihikihi, Te Awamutu, Waikato, 3800, NZL",Tower Insurance Limited,2024-09-19,HM,Ryan Tutbury,175.343251,-38.032774,,False,
1503000.0465,1503000,1503000.0465,"NHC - 16 Paremata Crescent, Paremata","NHC - 16 Paremata Crescent, Paremata, Porirua, Wellington, 5024, NZL",Tower Insurance Limited,2024-09-26,WN,Shirley Wang,174.86791,-41.108085,Porirua City,True,
1503000.0466,1503000,1503000.0466,"NHC - 8 Stella Rise, Sunnyvale, Auckland","NHC - 8 Stella Rise, Sunnyvale, Auckland",Tower Insurance Limited,2024-10-13,AK,Philip Mathewson,174.635623,-36.898141,,False,
1503000.0467,1503000,1503000.0467,"NHC - 76 Woodlands Crescent, Browns Bay","NHC - 76 Woodlands Crescent, Browns Bay, Auckland",Tower Insurance Limited,2024-10-17,AK,Dion Willcocks,174.741075,-36.71173,,False,
1503000.0468,1503000,1503000.0468,"NHC - 18 Mount Street, Port Chalmers","NHC - 18 Mount Street, Port Chalmers, Otago, 9023, NZL",Tower Insurance Limited,2024-10-18,HM,Hannah Udell,170.62114,-45.814702,,False,
1503000.0469,1503000,1503000.0469,"NHC - 24 Wellington Road, Waiheke Island","NHC - 24 Wellington Road, Surfdale, Waiheke Island, Auckland",Tower Insurance Limited,2024-10-24,AK,Dion Willcocks,175.032389,-36.792106,,False,
1503000.0470,1503000,1503000.0470,"NHC - 1165B Cooks Tooth Road, Porangahau","NHC - 1165B Cooks Tooth Road, Porangahau, Hawke's Bay, 4293, NZL",Tower Insurance Limited,2024-11-15,HM,Ryan Tutbury,176.609112,-40.393393,,False,
1503000.0471,1503000,1503000.0471,"NHC - 50 Peninsula Road, Mangere, AKL","NHC - 50 Peninsula Road, Mangere, Auckland",Tower Insurance Limited,2024-11-20,AK,Dion Willcocks,174.80112,-36.981263,,False,
1503000.0472,1503000,1503000.0472,"NHC - 64 Playfair Street, Caversham, Dun","NHC - 64 Playfair Street, Caversham, Dunedin, Otago, 9012, NZL",Tower Insurance Limited,2024-11-21,HM,Hannah Udell,170.478879,-45.899469,,False,
1503000.0473,1503000,1503000.0473,"NHC - 505 Kaikorai Valley Road, Bradford","NHC - 505 Kaikorai Valley Road, Bradford, Dunedin",Tower Insurance Limited,2024-12-03,HM,Hannah Udell,170.465267,-45.885145,,False,
1503000.0474,1503000,1503000.0474,"NHC - 100 Maryhill Terrace, Maryhill, Du","NHC - 100 Maryhill Terrace, Maryhill, Dunedin, Otago, 9011, NZL",Tower Insurance Limited,2024-12-03,HM,Hannah Udell,170.483261,-45.889454,,False,
1503000.0475,1503000,1503000.0475,"NHC - 2987 Coast Road, Greymouth","NHC - 2987 Coast Road, Barrytown, Greymouth, West Coast",Tower Insurance Limited,2025-01-13,CH,Anna Sleight,171.328082,-42.227007,,False,
1503000.0476,1503000,1503000.0476,"NHC - 586 South Titirangi Road, Auckland","NHC - 586 South Titirangi Road, Titirangi, Auckland",Tower Insurance Limited,2025-01-14,AK,Dion Willcocks,174.655967,-36.945746,,False,
1503000.0477,1503000,1503000.0477,"NHC - 71 Tiketike Way, Brooklyn, Wel","NHC - 71 Tiketike Way, Brooklyn, Wellington, 6021, NZL",Tower Insurance Limited,2025-02-20,WN,Shirley Wang,174.760784,-41.311021,Wellington City,True,
1503000.0478,1503000,1503000.0478,"NHC - 13B Lancelot Place, Auckland","NHC - 13B Lancelot Place, Glenfield, Auckland",Tower Insurance Limited,2025-02-27,AK,Dion Willcocks,174.720748,-36.778,,False,
1503000.0479,1503000,1503000.0479,"NHC - 54 Jacksons Road, Lyttelton","NHC - 54 Jacksons Road, Lyttelton, Canterbury",Tower Insurance Limited,2025-05-09,WN,Shirley Wang,172.719703,-43.597931,,False,
1503000.0480,1503000,1503000.0480,"NHC - 100 Barnard Street, Wadestown, Wel","NHC - 100 Barnard Street, Wadestown, Wellington, 6012, NZL",Tower Insurance Limited,2025-05-09,WN,Shirley Wang,174.784163,-41.261933,Wellington City,True,
1503000.0481,1503000,1503000.0481,"NHC - 21A Gill Drive, Kawakawa Northland","NHC - 21A Gill Drive, Kawakawa, Northland",Tower Insurance Limited,2025-05-14,AK,Dion Willcocks,174.080106,-35.381831,,False,
1503000.0482,1503000,1503000.0482,"NHC - 28 Ventura Street, Mangere, AKL","NHC - 28 Ventura Street, Mangere, Auckland",Tower Insurance Limited,2025-05-14,AK,Dion Willcocks,174.792997,-36.958916,,False,
1503000.0483,1503000,1503000.0483,"NHC - 69 Boyce Avenue, Mount Roskill AKL","NHC - 69 Boyce Avenue, Mount Roskill, Auckland",Tower Insurance Limited,2025-05-21,AK,Dion Willcocks,174.725229,-36.918281,,False,
1503000.0484,1503000,1503000.0484,"NHC - 21 Pyramid Place, Glen Eden, AKL","NHC - 21 Pyramid Place, Glen Eden, Auckland",Tower Insurance Limited,2025-05-27,AK,Dion Willcocks,174.633736,-36.908232,,False,
1503000.0485,1503000,1503000.0485,"NHC - 9M View Road, Glenfield, Auckland","NHC - 9M View Road, Glenfield, Auckland",Tower Insurance Limited,2025-06-04,AK,Dion Willcocks,174.731355,-36.772472,,False,
1503000.0486,1503000,1503000.0486,"NHC - 253 Grounsell Crescent, Belmont","NHC - 253 Grounsell Crescent, Belmont, Lower Hutt, Wellington, 5010, NZL",Tower Insurance Limited,2025-06-05,WN,Shirley Wang,174.920325,-41.194787,Lower Hutt City,True,
1503000.0487,1503000,1503000.0487,"NHC - Flat 3, 31B Mount Street, Nelson","NHC - Flat 3, 31B Mount Street, Nelson South, Nelson",IAG New Zealand Limited,2025-06-09,NE,John Westerson,173.278274,-41.278823,,False,
1503000.0488,1503000,1503000.0488,"NHC - 402 Owhiwa Road, Parua Bay","NHC - 402 Owhiwa Road, Parua Bay, Northland",Tower Insurance Limited,2025-06-11,AK,Dion Willcocks,174.430218,-35.744186,,False,
1503000.0489,1503000,1503000.0489,"NHC - 140 Whaanga Road, Raglan, Waikato","NHC - 140 Whaanga Road, Raglan, Waikato, 3297, NZL",Tower Insurance Limited,2025-06-12,TG,Zhi Chye,174.793612,-37.830049,,False,
1503000.0490,1503000,1503000.0490,"NHC - 30 Te Anau Place, Pakuranga Height","NHC - 30 Te Anau Place, Pakuranga Heights, Auckland",Tower Insurance Limited,2025-06-27,AK,Stefan Huszak,174.880673,-36.921709,,False,
1503000.0491,1503000,1503000.0491,"NHC - 109A Fraser Avenue, Johnsonville","NHC - 109A Fraser Avenue, Johnsonville, Wellington, 6037, NZL",Vero Insurance New Zealand Limited,2025-06-30,WN,Shirley Wang,174.802299,-41.232991,Wellington City,True,
1503000.0492,1503000,1503000.0492,"NHC - 11 Gaine Street, New Plymouth","NHC - 11 Gaine Street, New Plymouth, Taranaki, 4310, NZL",Tower Insurance Limited,2025-07-04,WN,Shirley Wang,174.061645,-39.060731,,False,
1503000.0493,1503000,1503000.0493,"NHC - 35 Wood Bay Road, Titirangi, AKL","NHC -  35 Wood Bay Road, Titirangi, Auckland",Tower Insurance Limited,2025-07-09,AK,Stefan Huszak,174.662709,-36.943841,,False,
1503000.0494,1503000,1503000.0494,"NHC - 5 Irwell Street, Island Bay, WLG","NHC - 5 Irwell Street, Island Bay, Wellington, 6023, NZL",Tower Insurance Limited,2025-07-09,WN,Shirley Wang,174.763584,-41.335927,Wellington City,True,
1503000.0495,1503000,1503000.0495,"NHC - 322 Glenmore Road, Coatesville AKL","NHC - 322 Glenmore Road, Coatesville, Auckland",Tower Insurance Limited,2025-07-22,AK,Stefan Huszak,174.656121,-36.735668,,False,
1503000.0496,1503000,1503000.0496,"NHC - 70 Cecil Road, Wadestown, WLG","NHC - 70 Cecil Road, Wadestown, Wellington, 6012, NZL",Tower Insurance Limited,2025-07-23,WN,Shirley Wang,174.771111,-41.264267,Wellington City,True,
1503000.0497,1503000,1503000.0497,"NHC - 60 Oakwood Avenue, Maryhill, Dun","NHC -  60 Oakwood Avenue, Maryhill, Dunedin, Otago, 9011, NZL",Tower Insurance Limited,2025-07-24,WN,Shirley Wang,170.480406,-45.890552,,False,
1503000.0498,1503000,1503000.0498,"NHC - 11 Newhaven Crescent, Mārahau","NHC - 11 Newhaven Crescent, Mārahau, Motueka, Tasman",Tower Insurance Limited,2025-07-29,NE,John Westerson,173.007691,-41.006855,,False,
1503000.0499,1503000,1503000.0499,"NHC - 68 Dehra Doon Road, Riwaka Motueka","NHC - 68 Dehra Doon Road, Riwaka, Motueka, Tasman",Tower Insurance Limited,2025-07-31,NE,John Westerson,172.976616,-41.069373,,False,
1503000.0500,1503000,1503000.0500,"NHC - 23 Highbury Road, Highbury, WLG","NHC - 23 Highbury Road, Highbury, Wellington, 6012, NZL",Tower Insurance Limited,2025-08-13,WN,Shirley Wang,174.755234,-41.29312,Wellington City,True,
1503000.0501,1503000,1503000.0501,"NHC - 38 West Coast Road, Glen Eden, AKL","NHC - 38 West Coast Road, Glen Eden, Auckland",Tower Insurance Limited,2025-08-13,AK,Stefan Huszak,174.660747,-36.912103,,False,
1503000.0502,1503000,1503000.0502,"NHC - 73 Todd Bush Road, Todds Valley","NHC - 73 Todd Bush Road, Todds Valley, Nelson",Tower Insurance Limited,2025-08-19,NE,John Westerson,173.343073,-41.217552,,False,
1503000.0503,1503000,1503000.0503,"NHC - 39 Ocean Road, Surfdale, Waiheke","NHC - 39 Ocean Road, Surfdale, Waiheke Island",Tower Insurance Limited,2025-08-26,AK,Stefan Huszak,174.2287,-40.8803,,False,
1503000.0504,1503000,1503000.0504,"NHC - 1162 Welcome Bay Road, Papamoa, Ba","NHC - 1162 Welcome Bay Road, Papamoa, Bay of Plenty, 3187, NZL",Tower Insurance Limited,2025-09-01,TG,Zhi Chye,176.277834,-37.73018,,False,
1503000.0505,1503000,1503000.0505,"NHC - 9 Hillside Crescent, Westown, NPL","NHC - 9 Hillside Crescent, Westown, New Plymouth, Taranaki, 4310, NZL",Tower Insurance Limited,2025-09-01,WN,Shirley Wang,174.069044,-39.070429,,False,
1503000.0506,1503000,1503000.0506,"NHC - 981 State Highway 16, Waimauku","NHC - 981 State Highway 16, Waimauku, Auckland, 0883, NZL",Tower Insurance Limited,2025-09-02,AK,Stefan Huszak,174.483456,-36.76927,,False,
1503000.0507,1503000,1503000.0507,"NHC - 36 Inglis Street, Birkenhead, Auck","NHC - 36 Inglis Street, Birkenhead, Auckland, 0626, NZL",Tower Insurance Limited,2025-09-02,AK,Stefan Huszak,174.715504,-36.800919,,False,
1503000.0508,1503000,1503000.0508,"NHC - 240 Wonderview Lane, Hakaru, Kaiwa","NHC - 240 Wonderview Lane, Hakaru, Kaiwaka, Northland, 0573, NZL",Tower Insurance Limited,2025-09-05,AK,Stefan Huszak,174.478882,-36.116793,,False,
1503000.0509,1503000,1503000.0509,"NHC - 58 Oakwood Avenue, Maryhill, Dun","NHC - 58 Oakwood Avenue, Maryhill, Dunedin, Otago, 9011, NZL",Tower Insurance Limited,2025-09-05,HM,Hannah Udell,170.48039,-45.890412,,False,
1503000.0510,1503000,1503000.0510,"NHC - 44A Quebec Road, Washington Valley","NHC - 44A Quebec Road, Washington Valley, Nelson",Tower Insurance Limited,2025-09-16,NE,John Westerson,173.272851,-41.274307,,False,
1503000.0511,1503000,1503000.0511,"NHC - 199 Maunsell Road, Port Waikato, W","NHC - 199 Maunsell Road, Port Waikato, Waikato, 2695, NZL",IAG New Zealand Limited,2025-09-22,TG,Zhi Chye,174.71274,-37.398349,,False,
1503000.0512,1503000,1503000.0512,"NHC - 19 Brunette Drive, Acacia Bay","NHC - 19 Brunette Drive, Acacia Bay, Waikato, 3330, NZL",Tower Insurance Limited,2025-09-26,TG,Zhi Chye,176.02166,-38.708751,,False,
1503000.0513,1503000,1503000.0513,"NHC - 520 Atawhai Drive, Atawhai, Nelson","NHC - 520 Atawhai Drive, Atawhai, Nelson",Tower Insurance Limited,2025-10-03,NE,John Westerson,173.315421,-41.245744,,False,
1503000.0514,1503000,1503000.0514,"NHC - 24B Bathgate Street, Johnsonville","NHC - 24B Bathgate Street, Johnsonville, Wellington, 6037, NZL",AA Insurance Limited,2025-10-08,WN,Shirley Wang,174.79419,-41.220574,Wellington City,True,
1503000.0515,1503000,1503000.0515,"NHC - 176 Bing Lucas Drive, Tawa, WLG","NHC - 176 Bing Lucas Drive, Tawa, Wellington, 5028, NZL",Tower Insurance Limited,2025-10-16,WN,Shirley Wang,174.843988,-41.168948,Wellington City,True,
1503000.0516,1503000,1503000.0516,"NHC - 132 Island Bay Road, Beach Haven","NHC - 132 Island Bay Road, Beach Haven, Auckland",Tower Insurance Limited,2025-10-17,AK,Stefan Huszak,174.690123,-36.81037,,False,
1503000.0518,1503000,1503000.0518,"NHC - 7 Cameron Street, Kaiwharawhara","NHC - 7 Cameron Street, Kaiwharawhara, Wellington, 6035, NZL",Vero Insurance New Zealand Limited,2025-10-30,WN,Shirley Wang,174.789665,-41.258816,Wellington City,True,
1503000.0519,1503000,1503000.0519,"NHC - 1133 River Road, Flagstaff, Hamilt","NHC - 1133 River Road, Flagstaff, Hamilton, Waikato, 3210, NZL",Tower Insurance Limited,2025-11-03,TG,Zhi Chye,175.254845,-37.74166,,False,
1503000.0520,1503000,1503000.0520,"NHC - 10 Radiata Grove, Brown Owl, WLG","NHC - 10 Radiata Grove, Brown Owl, Upper Hutt, Wellington, 5018, NZL",Tower Insurance Limited,2025-11-12,WN,Shirley Wang,175.099452,-41.107053,Upper Hutt City,True,
1503000.0521,1503000,1503000.0521,"NHC - 13 Tiroiti Grove, Stokes Valley","NHC - 13 Tiroiti Grove, Stokes Valley, Lower Hutt, Wellington, 5019, NZL",Tower Insurance Limited,2025-11-12,WN,Shirley Wang,174.979655,-41.16835,Lower Hutt City,True,
1503000.0522,1503000,1503000.0522,"NHC - 10B Radiata Lane, Chatswood, AKL","NHC - 10B Radiata Lane, Chatswood, AKL",Tower Insurance Limited,2025-12-05,AK,Stefan Huszak,174.705285,-36.816108,,False,
1503000.0523,1503000,1503000.0523,"NHC - 19C Hoheria Place, Te Kauwhata, Wa","NHC - 19C Hoheria Place, Te Kauwhata, Waikato, 3782, NZL",Tower Insurance Limited,2025-12-08,TG,Zhi Chye,175.126197,-37.406876,,False,
1503000.0524,1503000,1503000.0524,"NHC - 1/683 East Coast Road, Browns Bay,","NHC - 1/683 East Coast Road, Browns Bay, Auckland, 0630, NZL",Tower Insurance Limited,2025-12-09,AK,Stefan Huszak,174.723968,-36.722215,,False,
1503000.0525,1503000,1503000.0525,"NHC - 22C Chaucer Road South, Napier","NHC - 22C Chaucer Road South, Hospital Hill, Napier, Hawke's Bay",Tower Insurance Limited,2026-01-15,AK,Stefan Huszak,176.902843,-39.492823,,False,
1503000.0526,1503000,1503000.0526,"NHC - 17 Panzic Place, Glen Eden, AKL","NHC - 17 Panzic Place, Glen Eden, Auckland",Tower Insurance Limited,2026-01-16,AK,Stefan Huszak,174.653948,-36.90825,,False,
1503000.0527,1503000,1503000.0527,"NHC - 2 Cassandra Street, Stratford, TKI","NHC - 2 Cassandra Street, Stratford, Taranaki, 4332, NZL",Tower Insurance Limited,2026-01-19,WN,Shirley Wang,174.282621,-39.329374,,False,
1503000.0528,1503000,1503000.0528,"NHC - 25 Redwood Drive, Massey, Auckland","NHC - 25 Redwood Drive, Massey, Auckland",Tower Insurance Limited,2026-01-22,AK,Stefan Huszak,174.623601,-36.837278,,False,
1503000.0529,1503000,1503000.0529,"NHC - 19 Motuhoa Road, Tairua, Waikato","NHC - 19 Motuhoa Road, Tairua, Waikato, 3508, NZL",Tower Insurance Limited,2026-01-27,TG,Hannah Udell,175.86431,-37.001158,,False,
1503000.0530,1503000,1503000.0530,"NHC - 10 Oceana Heights, Tairua, Waikato","NHC - 10 Oceana Heights, Tairua, Waikato, 3508, NZL",Tower Insurance Limited,2026-02-05,TG,Zhi Chye,175.867109,-36.998978,,False,
1503000.0531,1503000,1503000.0531,"NHC - 1162 Welcome Bay Road, Papamoa, Ba","NHC - 1162 Welcome Bay Road, Papamoa, Bay of Plenty, 3187, NZL",Tower Insurance Limited,2026-02-09,TG,Zhi Chye,176.277834,-37.73018,,False,
1503000.0532,1503000,1503000.0532,"NHC - 26 Jeroboam Loop, Kumeū, Auckland,","NHC - 26 Jeroboam Loop, Kumeū, Auckland, 0810, NZL",Tower Insurance Limited,2026-02-10,AK,Stefan Huszak,174.551198,-36.761326,,False,
1503000.0533,1503000,1503000.0533,"NHC - 1162 Welcome Bay Road, Papamoa, Ba","NHC - 1162 Welcome Bay Road, Papamoa, Bay of Plenty, 3187, NZL",Tower Insurance Limited,2026-02-12,TG,Zhi Chye,176.277834,-37.73018,,False,
1503000.0534,1503000,1503000.0534,"NHC - 17 Gledstane Road, Stanmore Bay","NHC - 17 Gledstane Road, Stanmore Bay, Whangaparaoa, Auckland, 0932, NZL",Tower Insurance Limited,2026-02-12,AK,Stefan Huszak,174.722882,-36.622866,,False,
1503000.0535,1503000,1503000.0535,"NHC - 20 Queenstown Road, Hillsborough","NHC - 20 Queenstown Road, Hillsborough, Auckland, 1061, NZL",Tower Insurance Limited,2026-02-13,AK,Stefan Huszak,174.766638,-36.922574,,False,
1503000.0536,1503000,1503000.0536,"NHC - 23 Derrimore Heights, Clover Park","NHC - 23 Derrimore Heights, Clover Park, Auckland, 2019, NZL",Tower Insurance Limited,2026-02-13,AK,Stefan Huszak,174.89418,-36.988988,,False,
1503000.0537,1503000,1503000.0537,"NHC - 61 Lowe Road, Whakamārama, Bay of","NHC - 61 Lowe Road, Whakamārama, Bay of Plenty, 3180, NZL",Tower Insurance Limited,2026-02-19,TG,Zhi Chye,175.976381,-37.662532,,False,
1503000.0538,1503000,1503000.0538,"NHC - 3939 Te Araroa Road, Te Araroa","NHC - 3939 Te Araroa Road, Te Araroa, Gisborne, 4087, NZL",Tower Insurance Limited,2026-02-19,AK,Stefan Huszak,178.352943,-37.654339,,False,
1503000.0539,1503000,1503000.0539,"NHC - 325 Black Jack Road, Kūaotunu, Whi","NHC - 325 Black Jack Road, Kūaotunu, Whitianga, Waikato, 3592, NZL",Tower Insurance Limited,2026-02-19,TG,Zhi Chye,175.743843,-36.708594,,False,
1503000.0540,1503000,1503000.0540,"NHC - 19 Harbour View Road, Ōmokoroa, Ba","NHC - 19 Harbour View Road, Ōmokoroa, Bay of Plenty, 3114, NZL",Vero Insurance New Zealand Limited,2026-02-23,TG,Zhi Chye,176.050285,-37.631674,,False,
1503000.0541,1503000,1503000.0541,"NHC - 16 Munro Place Ngunguru, Whangārei","16 Munro Place, Ngunguru, Whangārei, Northland",Tower Insurance Limited,2026-02-23,AK,Stefan Huszak,174.493607,-35.634963,,False,
1503000.0542,1503000,1503000.0542,"NHC - 258 Cambridge Road, Bethlehem, Tau","NHC - 258 Cambridge Road, Bethlehem, Tauranga, Bay of Plenty, 3110, NZL",Tower Insurance Limited,2026-02-24,TG,Zhi Chye,176.12293,-37.706479,,False,
1503000.0543,1503000,1503000.0543,"NHC - 1900 Russell Road, Helena Bay","NHC - 1900 Russell Road, Helena Bay, Hikurangi, Northland",Tower Insurance Limited,2026-02-24,AK,Stefan Huszak,174.361009,-35.429786,,False,
1503000.0544,1503000,1503000.0544,"NHC - 16 Motuhoa Road, Tairua, Waikato,","NHC - 16 Motuhoa Road, Tairua, Waikato, 3508, NZL",Tower Insurance Limited,2026-03-05,TG,Zhi Chye,175.864149,-37.00146,,False,
1503000.0545,1503000,1503000.0545,"NHC - 144A Ngamotu Road, Spotswood, NPL","NHC - 144A Ngamotu Road, Spotswood, New Plymouth, Taranaki, 4310, NZL",Tower Insurance Limited,2026-03-06,WN,Shirley Wang,174.026479,-39.070537,,False,
1503000.0546,1503000,1503000.0546,"NHC - 30 The Terrace, Governors Bay, Can","NHC - 30 The Terrace, Governors Bay, Canterbury, 8971, NZL",Tower Insurance Limited,2026-03-06,WN,Shirley Wang,172.644946,-43.620955,,False,
1503000.0547,1503000,1503000.0547,"NHC - 1235 Panikau Road, Waimatā, Gis","NHC - 1235 Panikau Road, Waimatā, Gisborne, 4073, NZL",Tower Insurance Limited,2026-03-09,AK,Stefan Huszak,178.172402,-38.454901,,False,
1503000.0548,1503000,1503000.0548,"NHC - 10 Euclid Grove, Kelson, WLG","NHC - 10 Euclid Grove, Kelson, Lower Hutt, Wellington, 5010, NZL",Tower Insurance Limited,2026-03-10,WN,Shirley Wang,174.932258,-41.185722,Lower Hutt City,True,
1503000.0549,1503000,1503000.0549,"NHC - 5 Mortimer Terrace, Aro Valley WLG","NHC - 5 Mortimer Terrace, Aro Valley, Wellington, 6021, NZL",Tower Insurance Limited,2026-03-10,WN,Shirley Wang,174.764372,-41.297777,Wellington City,True,
1503000.0550,1503000,1503000.0550,"NHC - 25 Hill Tops Way, Stoke, Nelson","NHC - 25 Hill Tops Way, Stoke, Nelson",Tower Insurance Limited,2026-03-13,NE,John Westerson,173.238861,-41.328054,,False,
1503000.0551,1503000,1503000.0551,"NHC - 2 Te Waireka Road, Ōtorohanga, Wai","NHC - 2 Te Waireka Road, Ōtorohanga, Waikato, 3900, NZL",Tower Insurance Limited,2026-03-17,TG,Zhi Chye,175.22169,-38.184369,,False,
1503000.0552,1503000,1503000.0552,"NHC - 116 Pinehaven Road, Pinehaven, WLG","NHC - 116 Pinehaven Road, Pinehaven, Upper Hutt, Wellington, 5019, NZL",Tower Insurance Limited,2026-03-19,WN,Shirley Wang,175.013386,-41.165734,Upper Hutt City,True,
1503000.0557,1503000,1503000.0557,"NHC - 494 Stokes Valley Road, WLG","NHC - 494 Stokes Valley Road, Stokes Valley, Lower Hutt, Wellington, 5019, NZL",Tower Insurance Limited,2026-03-19,WN,Shirley Wang,174.983201,-41.19136,Lower Hutt City,True,
1503000.0553,1503000,1503000.0553,"NHC - 74 Awaruku Road, Torbay, Auckland","NHC - 74 Awaruku Road, Torbay, Auckland",Tower Insurance Limited,2026-03-20,AK,Stefan Huszak,174.739817,-36.697072,,False,
1503000.0554,1503000,1503000.0554,"NHC - 49 Selwyn Avenue, Akaroa","NHC - 49 Selwyn Avenue, Akaroa, Canterbury, 7520, NZL",Tower Insurance Limited,2026-03-23,WN,Shirley Wang,172.966363,-43.812763,,False,
1503000.0555,1503000,1503000.0555,"NHC - 120 Medway Road, Hanmer Springs","NHC - 120 Medway Road, Hanmer Springs, Canterbury, 7334, NZL",Tower Insurance Limited,2026-03-24,WN,Shirley Wang,172.797848,-42.578355,,False,
1503000.0556,1503000,1503000.0556,"NHC - 48 McCathie Road, Puhoi, Warkworth","NHC - 48 McCathie Road, Puhoi, Warkworth, Auckland",Tower Insurance Limited,2026-03-27,AK,Stefan Huszak,174.648326,-36.552245,,False,
1503000.0558,1503000,1503000.0558,"NHC - 22 Ngahere Terrace, Opoutere","NHC - 22 Ngahere Terrace, Opoutere, Whangamatā, Waikato, 3691, NZL",Tower Insurance Limited,2026-04-10,TG,Zhi Chye,175.872735,-37.109116,,False,
1503000.0559,1503000,1503000.0559,"NHC - 85 Stoney Knowe, Helena Bay","NHC - 85 Stoney Knowe, Helena Bay, Hikurangi, Northland",Tower Insurance Limited,2026-04-14,AK,Stefan Huszak,174.327539,-35.446562,,False,
1503000.0560,1503000,1503000.0560,NHC - 750B Kuaotunu Wharekaho Road,"NHC - 750B Kuaotunu Wharekaho Road, Wharekaho, Whitianga, Waikato",Tower Insurance Limited,2026-04-23,TG,Zhi Chye,175.719786,-36.759948,,False,
1503000.0561,1503000,1503000.0561,"NHC - 13 Queenstown Road, Hillsborough","NHC - 13 Queenstown Road, Hillsborough, Auckland",Tower Insurance Limited,2026-04-24,AK,Stefan Huszak,174.767831,-36.922765,,False,
1503000.0562,1503000,1503000.0562,"NHC - 21 Asquith Terrace, Brooklyn, WLG","NHC - 21 Asquith Terrace, Brooklyn, Wellington, 6021, NZL",Tower Insurance Limited,2026-04-30,WN,Shirley Wang,174.76947,-41.307485,Wellington City,True,
1503000.0563,1503000,1503000.0563,"NHC - 38 Liardet Street, Vogeltown, WLG","NHC - 38 Liardet Street, Vogeltown, Wellington, 6021, NZL",Tower Insurance Limited,2026-04-30,WN,Shirley Wang,174.769925,-41.313439,Wellington City,True,
1503000.0564,1503000,1503000.0564,"NHC - 8 Laurent Place, Kingston, WLG","NHC - 8 Laurent Place, Kingston, Wellington, 6021, NZL",Tower Insurance Limited,2026-05-05,WN,Shirley Wang,174.76613,-41.321692,Wellington City,True,
1503000.0565,1503000,1503000.0565,"NHC - 77 Thomas Street, Stokes Valley","NHC - 77 Thomas Street, Stokes Valley, Lower Hutt, Wellington, 5019, NZL",Tower Insurance Limited,2026-05-06,WN,Shirley Wang,174.985283,-41.162338,Lower Hutt City,True,
1503000.0566,1503000,1503000.0566,"NHC - 4 Hoggard Street, Vogeltown, WLG","NHC - 4 Hoggard Street, Vogeltown, Wellington, 6021, NZL",Tower Insurance Limited,2026-05-06,WN,Shirley Wang,174.767895,-41.313804,Wellington City,True,
1503000.0567,1503000,1503000.0567,"NHC - 142 The Ridgeway, Mornington, WLG","NHC - 142 The Ridgeway, Mornington, Wellington, 6021, NZL",Tower Insurance Limited,2026-05-11,WN,Shirley Wang,174.763701,-41.318793,Wellington City,True,
1503000.0568,1503000,1503000.0568,"NHC - 46 Lewis Street, Blockhouse Bay","NHC - 46 Lewis Street, Blockhouse Bay, Auckland",Tower Insurance Limited,2026-05-14,AK,Stefan Huszak,174.707023,-36.925319,,False,
1503000.0569,1503000,1503000.0569,"NHC - 114 Rapata Road, Ōakura, Hikurangi","NHC - 114 Rapata Road, Ōakura, Hikurangi, Northland",Tower Insurance Limited,2026-05-15,AK,Stefan Huszak,174.350377,-35.394739,,False,
1503000.0570,1503000,1503000.0570,"NHC - 60 Fairfax Crescent, Pyes Pa, Taur","NHC - 60 Fairfax Crescent, Pyes Pa, Tauranga, Bay of Plenty, 3112, NZL",Tower Insurance Limited,2026-05-19,TG,Zhi Chye,176.129876,-37.736982,,False,
1503000.0571,1503000,1503000.0571,"NHC - 449 Ohiro Road, Brooklyn, WLG","NHC - 449 Ohiro Road, Brooklyn, Wellington, 6021, NZL",Tower Insurance Limited,2026-05-20,WN,Shirley Wang,174.760499,-41.319942,Wellington City,True,
1503000.0572,1503000,1503000.0572,"NHC - 1/7 Hair Street, Wainuiomata, WLG","NHC - 1/7 Hair Street, Wainuiomata, Lower Hutt, Wellington, 5014, NZL",Tower Insurance Limited,2026-05-21,WN,Shirley Wang,174.956137,-41.271515,Lower Hutt City,True,
1503000.0573,1503000,1503000.0573,"NHC - 28 Taft Street, Brooklyn, WLG","NHC - 28 Taft Street, Brooklyn, Wellington, 6021, NZL",Tower Insurance Limited,2026-05-25,WN,Shirley Wang,174.764246,-41.308647,Wellington City,True,
1503000.0574,1503000,1503000.0574,"NHC - 4846 Te Araroa Road, Te Araroa","NHC - 4846 Te Araroa Road, Te Araroa, Gisborne",Tower Insurance Limited,2026-05-27,AK,Stefan Huszak,178.313536,-37.604496,,False,
1503000.0575,1503000,1503000.0575,"NHC - 24 Lowry Crescent, Stokes Valley","NHC - 24 Lowry Crescent, Stokes Valley, Lower Hutt, Wellington, 5019, NZL",Tower Insurance Limited,2026-05-29,WN,Shirley Wang,174.992525,-41.171253,Lower Hutt City,True,
1503000.0576,1503000,1503000.0576,"NHC - 258 Cambridge Road, Bethlehem, Tau","NHC - 258 Cambridge Road, Bethlehem, Tauranga, Bay of Plenty, 3110, NZL",Tower Insurance Limited,2026-06-03,TG,Zhi Chye,174.2287,-40.8803,,False,
1503000.0577,1503000,1503000.0577,"NHC - 17 Poukirikiri Place, Richmond","NHC - 17 Poukirikiri Place, Richmond, Tasman, 7020, NZL",Tower Insurance Limited,2026-06-03,NE,John Westerson,173.177659,-41.35468,,False,
1503000.0578,1503000,1503000.0578,"NHC - 53 Balfour Street, Mornington, WLG","NHC - 53 Balfour Street, Mornington, Wellington, 6021, NZL",Tower Insurance Limited,2026-06-04,WN,Shirley Wang,174.767374,-41.318085,Wellington City,True,
1503000.0579,1503000,1503000.0579,"NHC - 18 Hebron Road, Waiake, Auckland","NHC - 18 Hebron Road, Waiake, Auckland",Tower Insurance Limited,2026-06-05,AK,Stefan Huszak,174.74687,-36.708388,,False,
1503000.0580,1503000,1503000.0580,"NHC - 5 Mayfair Place, Tawa, Wellington","NHC - 5 Mayfair Place, Tawa, Wellington, 5028, NZL",Tower Insurance Limited,2026-06-15,WN,Shirley Wang,174.830549,-41.17135,Wellington City,True,
1503000.0581,1503000,1503000.0581,"NHC - Flat 3, 16 Balfour Street, WLG","NHC - Flat 3, 16 Balfour Street, Mornington, Wellington, 6021, NZL",Tower Insurance Limited,2026-06-17,WN,Shirley Wang,174.7681,-41.319766,Wellington City,True,
1503000.0582,1503000,1503000.0582,"NHC - Flat 1, 16 Balfour Street, WLG","NHC - Flat 1, 16 Balfour Street, Mornington, Wellington, 6021, NZL",Tower Insurance Limited,2026-06-17,WN,Shirley Wang,174.7681,-41.319766,Wellington City,True,
1503000.0583,1503000,1503000.0583,"NHC - Flat 2, 16 Balfour Street, WLG","NHC - Flat 2, 16 Balfour Street, Mornington, Wellington, 6021, NZL",Tower Insurance Limited,2026-06-17,WN,Shirley Wang,174.7681,-41.319766,Wellington City,True,
1503000.0584,1503000,1503000.0584,"NHC - 94 Woodland Road, Johnsonville WLG","NHC - 94 Woodland Road, Johnsonville, Wellington, 6037, NZL",Tower Insurance Limited,2026-06-18,WN,Shirley Wang,174.798741,-41.222299,Wellington City,True,
1503000.0585,1503000,1503000.0585,"NHC - 263A Bellevue Road, Bellevue, Taur","NHC - 263A Bellevue Road, Bellevue, Tauranga, Bay of Plenty, 3110, NZL",Tower Insurance Limited,2026-06-19,TG,Zhi Chye,176.126033,-37.681151,,False,
1503000.0586,1503000,1503000.0586,"NHC - 32B Mana Street, Vogeltown, WLG","NHC - 32B Mana Street, Vogeltown, Wellington, 6021, NZL",Tower Insurance Limited,2026-06-19,WN,Shirley Wang,174.766978,-41.314258,Wellington City,True,
1503000.0587,1503000,1503000.0587,"NHC - 1 Whio Street, Taihape, Manawatu","NHC - 1 Whio Street, Taihape, Manawatu-Whanganui, 4720, NZL",Tower Insurance Limited,2026-06-22,WN,Shirley Wang,175.794005,-39.677503,,False,
1503000.0588,1503000,1503000.0588,"NHC - 302 Kenmure Road, Kenmure, Dunedin","NHC - 302 Kenmure Road, Kenmure, Dunedin, Otago, 9011, NZL",Tower Insurance Limited,2026-06-22,WN,Shirley Wang,170.469451,-45.885868,,False,
1503000.0589,1503000,1503000.0589,"NHC - 128 Hair Street, Wainuiomata, WLG","NHC - 128 Hair Street, Wainuiomata, Lower Hutt, Wellington, 5014, NZL",Tower Insurance Limited,2026-06-29,WN,Shirley Wang,174.959321,-41.263623,Lower Hutt City,True,
1503000.0590,1503000,1503000.0590,"NHC - 16 Penguin Grove, Waitangirua, WLG","NHC - 16 Penguin Grove, Waitangirua, Porirua, Wellington, 5024, NZL",Tower Insurance Limited,2026-06-30,WN,Shirley Wang,174.88233,-41.124991,Porirua City,True,
1503000.0591,1503000,1503000.0591,"NHC - 147 Rawhiti Road, Rawhiti, Russell","NHC - 147 Rawhiti Road, Rawhiti, Russell, Northland",Tower Insurance Limited,2026-07-02,AK,Stefan Huszak,174.263527,-35.228212,,False,
1503000.0592,1503000,1503000.0592,"NHC - 1/22 McColl Street, Vogeltown, WLG","NHC - 1/22 McColl Street, Vogeltown, Wellington, 6021, NZL",Tower Insurance Limited,2026-07-03,WN,Shirley Wang,174.769155,-41.314594,Wellington City,True,
1503000.0593,1503000,1503000.0593,"NHC - 23 Tisdall Crescent, Saint Johns","NHC - 23 Tisdall Crescent, Saint Johns, Auckland",Tower Insurance Limited,2026-07-03,AK,Stefan Huszak,174.843138,-36.879167,,False,
1503000.0594,1503000,1503000.0594,"NHC - 33 Fraser Street, Wainuiomata, WLG","NHC - 33 Fraser Street, Wainuiomata, Lower Hutt, Wellington, 5014, NZL",Tower Insurance Limited,2026-07-07,WN,Shirley Wang,174.943785,-41.263584,Lower Hutt City,True,
1503000.0595,1503000,1503000.0595,"NHC - 497 Upper Waiwera Road, Puhoi","NHC - 497 Upper Waiwera Road, Puhoi, Warkworth, Auckland, 0994, NZL",Tower Insurance Limited,2026-07-07,AK,Stefan Huszak,174.608806,-36.55605,,False,
1503000.0596,1503000,1503000.0596,"NHC - 15 Townhead Crescent, Bethlehem, T","NHC - 15 Townhead Crescent, Bethlehem, Tauranga, Bay of Plenty, 3110, NZL",Tower Insurance Limited,2026-07-14,TG,Zhi Chye,176.129937,-37.703954,,False,
1503000.0597,1503000,1503000.0597,"NHC - 40 Mangaroa Hill Road, WLG","NHC - 40 Mangaroa Hill Road, Mangaroa, Upper Hutt, Wellington, 5018, NZL",Tower Insurance Limited,2026-07-17,WN,Shirley Wang,175.096385,-41.116199,Upper Hutt City,True,
1503000.0598,1503000,1503000.0598,"NHC - 70 Woodman Drive, Tawa, Wellington","NHC - 70 Woodman Drive, Tawa, Wellington, 5028, NZL",Tower Insurance Limited,2026-07-17,WN,Shirley Wang,174.836402,-41.167583,Wellington City,True,
1503000.0599,1503000,1503000.0599,"NHC - 31 McColl Street, Vogeltown, WLG","NHC - 31 McColl Street, Vogeltown, Wellington, 6021, NZL",Tower Insurance Limited,2026-07-20,WN,Shirley Wang,174.769305,-41.315365,Wellington City,True,
1503000.0600,1503000,1503000.0600,"NHC -  52 Exeter Street, Glenview, Hamil","NHC - 52 Exeter Street, Glenview, Hamilton, Waikato, 3206, NZL",Tower Insurance Limited,2026-07-21,TG,Zhi Chye,175.294904,-37.8284,,False,
1503000.0601,1503000,1503000.0601,"NHC - 1598D Pack Spur Road, Mataikona","NHC - 1598D Pack Spur Road, Mataikona, Tīnui, Wellington, 5889, NZL",Tower Insurance Limited,2026-07-21,WN,Shirley Wang,176.216706,-40.772615,,False,
1503000.0602,1503000,1503000.0602,"NHC - 73 Walter Road, Lowry Bay, WLG","NHC - 73 Walter Road, Lowry Bay, Lower Hutt, Wellington, 5013, NZL",Tower Insurance Limited,2026-07-22,WN,Shirley Wang,174.914187,-41.260247,Lower Hutt City,True,
1503000.0603,1503000,1503000.0603,"NHC - 1 Tropicana Drive, Mount Roskill","NHC - 1 Tropicana Drive, Mount Roskill, Auckland, 1041, NZL",Tower Insurance Limited,2026-07-27,AK,Stefan Huszak,174.718743,-36.922183,,False,
1503000.0604,1503000,1503000.0604,"NHC - 55 Wyndham Road, Pinehaven, WLG","NHC - 155 Wyndham Road, Pinehaven, Upper Hutt, Wellington, 5019, NZL",Tower Insurance Limited,2026-07-30,WN,Shirley Wang,175.01113,-41.160302,Upper Hutt City,True,
1503000.0605,1503000,1503000.0605,"NHC - 55 Cheriton Road, Mellons Bay","NHC - 55 Cheriton Road, Mellons Bay, Auckland, 2014, NZL",Tower Insurance Limited,2026-08-05,AK,Stefan Huszak,174.928755,-36.885707,,False,
1503000.0606,1503000,1503000.0606,"NHC - 90 Maxwells Road, Otūmoetai, Taura","NHC - 90 Maxwells Road, Otūmoetai, Tauranga, Bay of Plenty, 3110, NZL",Tower Insurance Limited,2026-08-05,TG,Zhi Chye,176.158164,-37.672343,,False,
1503000.0607,1503000,1503000.0607,"NHC - 1162 Welcome Bay Road, Papamoa, Ba","NHC - 1162 Welcome Bay Road, Papamoa, Bay of Plenty, 3187, NZL",Tower Insurance Limited,2026-08-10,TG,Zhi Chye,176.277834,-37.73018,,False,
1503000.0608,1503000,1503000.0608,"NHC - 1A Gloucester Street, Silverstream","NHC - 1A Gloucester Street, Silverstream, Upper Hutt, Wellington, 5019, NZL",Tower Insurance Limited,2026-08-13,WN,Shirley Wang,175.016274,-41.146976,Upper Hutt City,True,
1503000.0609,1503000,1503000.0609,"NHC - 12 Ohariu Road, Johnsonville, WLG","NHC - 12 Ohariu Road, Johnsonville, Wellington, 6037, NZL",Tower Insurance Limited,2026-08-18,WN,Shirley Wang,174.806203,-41.218352,Wellington City,True,
1503000.0610,1503000,1503000.0610,"NHC - 83 Omata Road, Marfell, Taranaki","NHC - 83 Omata Road, Marfell, New Plymouth, Taranaki, 4310, NZL",Tower Insurance Limited,2026-08-18,WN,Shirley Wang,174.046251,-39.076919,,False,
1503000.0611,1503000,1503000.0611,"NHC - 53 Arawhata Street, Rānui, Porirua","NHC - 53 Arawhata Street, Rānui, Porirua, Wellington, 5024, NZL",Tower Insurance Limited,2026-08-19,WN,Shirley Wang,174.853147,-41.143106,Porirua City,True,
1503000.0612,1503000,1503000.0612,"NHC - 725 Beach Road, #2, Browns Bay","NHC - 725 Beach Road, #2, Browns Bay, Auckland, 0630, NZL",Tower Insurance Limited,2026-08-24,AK,Stefan Huszak,174.743423,-36.719894,,False,
1503000.0613,1503000,1503000.0613,"NHC - 20 Appold Street, Maryhill, Dun","NHC - 20 Appold Street, Maryhill, Dunedin, Otago, 9011, NZL",Tower Insurance Limited,2026-08-24,WN,Shirley Wang,170.483208,-45.88829,,False,
1503000.0614,1503000,1503000.0614,"NHC - 37 Koromiko Road, Aro Valley, WLG","NHC - 37 Koromiko Road, Aro Valley, Wellington, 6012, NZL",Tower Insurance Limited,2026-09-01,WN,Shirley Wang,174.75549,-41.293777,Wellington City,True,
1503000.0615,1503000,1503000.0615,"NHC - 7 Flagstaff Road, Russell, Northla","NHC - 7 Flagstaff Road, Russell, Northland, 0202, NZL",Tower Insurance Limited,2026-09-11,AK,Stefan Huszak,174.122113,-35.258045,,False,
1503000.0000,1503000,1503000.0000,Tower Insurance Claims,Tower Insurance Claims,Tower Insurance Limited,2026-10-01,AK,James Russell,174.79012129600005,-41.25505929099995,Wellington City,True,
