id,river_section_id,wtype,feat_type,name,name_ascii,macronated,length_m
46542,6818507,other,river_cl,Waiwhetū Stream,Waiwhetu Stream,Y,7004.8
46539,7640659,other,river_cl,,,N,3666.9
46536,6818490,other,river_cl,McKerrow Stream,McKerrow Stream,N,3617.1
46540,7640661,other,river_cl,Porirua Stream,Porirua Stream,N,3319.1
86462,6818513,other,river_cl,Mawaihakona Stream,Mawaihakona Stream,N,3307.9
86411,7640741,other,river_cl,,,N,3283.5
46546,6818512,other,river_cl,,,N,3280.6
46538,7640660,other,river_cl,,,N,3198.2
86416,6858296,other,river_cl,Porirua Stream,Porirua Stream,N,3055.1
86284,7640718,other,river_cl,,,N,2943.6
46545,6818510,other,river_cl,Duck Creek,Duck Creek,N,2924.3
46531,6818487,other,river_cl,,,N,2848.9
46548,6818511,other,river_cl,Taupō Stream,Taupo Stream,Y,2838.0
86400,7640729,other,river_cl,,,N,2729.3
46541,6818506,other,river_cl,,,N,2728.3
86494,6858412,other,river_cl,,,N,2727.3
86477,6858325,other,river_cl,,,N,2714.3
86303,7640721,other,river_cl,North Mākara Stream,North Makara Stream,Y,2680.0
86469,6858371,other,river_cl,Cooleys Stream,Cooleys Stream,N,2663.0
46535,6818489,other,river_cl,Butterfly Creek,Butterfly Creek,N,2647.3
46530,7640658,other,river_cl,Kaiwharawhara Stream,Kaiwharawhara Stream,N,2583.5
430598,6999658,other,river_cl,,,N,2571.7
86463,6858364,other,river_cl,,,N,2531.3
86414,6858294,other,river_cl,Mitchell Stream,Mitchell Stream,N,2526.8
86306,7640723,other,river_cl,Ohariu Stream,Ohariu Stream,N,2500.8
86489,6858341,other,river_cl,,,N,2438.2
86317,6858107,other,river_cl,,,N,2437.3
46543,6818508,other,river_cl,,,N,2394.2
89387,6860735,other,river_cl,,,N,2365.7
86405,7640735,other,river_cl,,,N,2356.2
86418,6858298,other,river_cl,Takapuwahia Stream,Takapuwahia Stream,N,2342.3
86468,6858370,other,river_cl,Black Stream,Black Stream,N,2340.4
87001,6858432,other,river_cl,,,N,2308.1
86282,7640699,other,river_cl,,,N,2251.8
86402,7640732,other,river_cl,,,N,2232.2
86321,6858097,other,river_cl,Paiaka Stream,Paiaka Stream,N,2206.6
46547,6818514,other,river_cl,,,N,2164.1
429336,7640714,other,river_cl,,,N,2141.1
86302,7640720,other,river_cl,Kaiwharawhara Stream,Kaiwharawhara Stream,N,2129.9
46544,6818509,other,river_cl,,,N,2129.8
432860,6858442,other,river_cl,Phillips Stream,Phillips Stream,N,2128.0
86318,6858106,other,river_cl,,,N,2117.6
87000,6858433,other,river_cl,,,N,2112.2
86322,6858110,other,river_cl,Ōkākaho Stream,Okakaho Stream,Y,2082.6
86311,6858101,other,river_cl,Barneys Stream,Barneys Stream,N,2066.9
86367,6858150,other,river_cl,Wainuiomata Stream,Wainuiomata Stream,N,2066.0
86291,7640708,other,river_cl,Silver Stream,Silver Stream,N,2060.6
86366,6858146,other,river_cl,,,N,2049.9
3151,6771323,other,drain_cl,,,N,2040.9
86296,7640713,other,river_cl,,,N,2034.0
430134,8171082,other,river_cl,Kenepuru Stream,Kenepuru Stream,N,2024.0
86492,6858409,other,river_cl,,,N,2014.4
86420,6858321,other,river_cl,,,N,1991.5
86476,6999669,other,river_cl,Horokiri Stream,Horokiri Stream,N,1972.3
86287,7640703,other,river_cl,,,N,1969.4
429403,7640728,other,river_cl,,,N,1955.9
86417,6999460,other,river_cl,Kenepuru Stream,Kenepuru Stream,N,1953.7
86443,6858317,other,river_cl,,,N,1947.3
86406,7640736,other,river_cl,,,N,1929.3
86380,6858236,other,river_cl,Telephone Creek,Telephone Creek,N,1925.5
86333,6858124,other,river_cl,Nettle Stream,Nettle Stream,N,1923.5
86314,6858105,other,river_cl,Red Rock Stream,Red Rock Stream,N,1921.9
86509,6858429,other,river_cl,,,N,1912.0
86448,6858344,other,river_cl,,,N,1901.9
86407,7640737,other,river_cl,Porirua Stream,Porirua Stream,N,1897.4
430568,6858333,other,river_cl,,,N,1893.2
86483,6858334,other,river_cl,,,N,1882.0
86493,6858411,other,river_cl,,,N,1878.6
429660,6998711,other,river_cl,,,N,1857.1
429217,7640849,other,river_cl,Waipapa Stream,Waipapa Stream,N,1855.3
86424,6999474,other,river_cl,,,N,1845.8
429213,7640700,other,river_cl,,,N,1839.1
429402,7640727,other,river_cl,,,N,1834.1
86315,7705076,other,river_cl,Kotumu Stream,Kotumu Stream,N,1813.7
86373,6858229,other,river_cl,,,N,1803.6
86299,7640715,other,river_cl,,,N,1803.3
86505,6858425,other,river_cl,,,N,1800.4
46532,6858112,other,river_cl,,,N,1794.7
86457,6858359,other,river_cl,,,N,1784.8
87002,6858434,other,river_cl,,,N,1780.3
86294,7640709,other,river_cl,,,N,1775.5
429745,6998796,other,river_cl,,,N,1766.8
430734,7000229,other,river_cl,,,N,1760.7
86308,7640726,other,river_cl,,,N,1750.2
86280,7640701,other,river_cl,,,N,1742.2
86298,7640712,other,river_cl,North Mākara Stream,North Makara Stream,Y,1728.1
86304,7640722,other,river_cl,,,N,1726.6
86458,6858360,other,river_cl,Huia Stream,Huia Stream,N,1724.0
86313,6858104,other,river_cl,,,N,1721.6
86446,6999614,other,river_cl,,,N,1721.2
86498,7000204,other,river_cl,,,N,1718.6
86285,7640984,other,river_cl,,,N,1692.7
430681,7000174,other,river_cl,,,N,1692.3
429512,6998601,other,river_cl,Graces Stream,Graces Stream,N,1687.9
86415,6858295,other,river_cl,Takapu Stream,Takapu Stream,N,1687.4
86473,6858376,other,river_cl,,,N,1677.3
86316,7705077,other,river_cl,,,N,1671.2
430169,6858303,other,river_cl,,,N,1669.1
86312,6858102,other,river_cl,Plumbago Stream,Plumbago Stream,N,1663.8
86438,6858313,other,river_cl,,,N,1658.0
429216,7640847,other,river_cl,,,N,1656.3
86323,6858111,other,river_cl,Paiaka Stream,Paiaka Stream,N,1654.4
86327,6858118,other,river_cl,,,N,1651.6
87014,6858449,other,river_cl,,,N,1646.0
86472,6858375,other,river_cl,Mahers Stream,Mahers Stream,N,1645.3
86293,7640909,other,river_cl,Mākara Stream,Makara Stream,Y,1642.0
430131,6858299,other,river_cl,,,N,1639.0
429268,7640883,other,river_cl,,,N,1627.0
86343,6998644,other,river_cl,,,N,1625.0
429698,6998754,other,river_cl,Tūrere Stream,Turere Stream,Y,1624.4
86484,6858335,other,river_cl,,,N,1623.7
86305,7640724,other,river_cl,,,N,1621.3
429471,6858114,other,river_cl,Catchpool Stream,Catchpool Stream,N,1610.9
430040,7640731,other,river_cl,,,N,1603.9
430058,7641071,other,river_cl,Mill Creek,Mill Creek,N,1603.6
86371,6858154,other,river_cl,,,N,1600.5
430375,6999912,other,river_cl,Huia Stream,Huia Stream,N,1597.9
86444,6999608,other,river_cl,,,N,1597.2
86368,6858149,other,river_cl,,,N,1596.0
430620,6999789,other,river_cl,,,N,1594.7
86295,7640710,other,river_cl,,,N,1592.9
86363,6858145,other,river_cl,Gollans Stream,Gollans Stream,N,1590.5
432792,7000372,other,river_cl,Kaitoke Stream,Kaitoke Stream,N,1585.3
430053,7641064,other,river_cl,Mill Creek,Mill Creek,N,1582.4
432650,6858394,other,river_cl,,,N,1578.5
432862,6858443,other,river_cl,Phillips Stream,Phillips Stream,N,1577.6
429282,7640893,other,river_cl,Karori Stream,Karori Stream,N,1568.5
86430,6999491,other,river_cl,,,N,1566.8
430118,6999451,other,river_cl,,,N,1563.9
86502,6858422,other,river_cl,,,N,1562.1
86307,7640725,other,river_cl,,,N,1562.0
86331,6858121,other,river_cl,,,N,1560.0
430133,6999466,other,river_cl,,,N,1554.6
430064,7641066,other,river_cl,,,N,1551.7
432627,6858387,other,river_cl,,,N,1551.6
86403,7640733,other,river_cl,,,N,1549.6
429639,6858140,other,river_cl,,,N,1548.2
86501,6858421,other,river_cl,,,N,1547.6
430177,6999510,other,river_cl,,,N,1543.8
430354,6858353,other,river_cl,,,N,1543.5
429759,6998808,other,river_cl,Wainuiomata Stream,Wainuiomata Stream,N,1537.2
429355,7640968,other,river_cl,,,N,1537.1
86510,6858430,other,river_cl,,,N,1534.4
86447,6858318,other,river_cl,,,N,1532.0
430814,7000304,other,river_cl,,,N,1530.5
86482,6999725,other,river_cl,,,N,1524.2
429396,7641025,other,river_cl,,,N,1524.0
430690,7000183,other,river_cl,,,N,1519.8
86423,6858285,other,river_cl,,,N,1518.9
86369,6858152,other,river_cl,,,N,1518.4
430671,6999730,other,river_cl,,,N,1515.0
429368,7640992,other,river_cl,,,N,1512.8
430744,7000239,other,river_cl,,,N,1511.7
430672,6858410,other,river_cl,,,N,1511.1
86376,6858234,other,river_cl,,,N,1510.3
429313,7640926,other,river_cl,,,N,1503.6
86330,6998596,other,river_cl,,,N,1503.0
430542,8171089,other,river_cl,,,N,1500.2
86486,6858338,other,river_cl,,,N,1500.1
429429,6858103,other,river_cl,,,N,1496.8
86500,6858420,other,river_cl,,,N,1496.3
432861,6858444,other,river_cl,Farm Creek,Farm Creek,N,1492.9
86432,6858297,other,river_cl,Cannons Creek,Cannons Creek,N,1489.6
429439,6998511,other,river_cl,,,N,1486.5
86382,6999111,other,river_cl,,,N,1484.5
86384,6858240,other,river_cl,,,N,1484.4
429247,7640705,other,river_cl,,,N,1475.8
429281,7640897,other,river_cl,,,N,1474.5
86439,6858314,other,river_cl,,,N,1473.4
430817,7000308,other,river_cl,,,N,1473.3
430319,6858347,other,river_cl,,,N,1471.1
430367,6999904,other,river_cl,,,N,1470.0
86480,6858330,other,river_cl,,,N,1469.3
86955,7000109,other,river_cl,,,N,1462.3
429724,6998774,other,river_cl,Nīkau Creek,Nikau Creek,Y,1455.0
429398,7641026,other,river_cl,,,N,1452.2
86310,6858099,other,river_cl,,,N,1449.3
86309,6858100,other,river_cl,,,N,1449.1
86336,6858129,other,river_cl,,,N,1443.0
430096,7640739,other,river_cl,,,N,1441.5
429777,6858151,other,river_cl,,,N,1439.7
86441,6999582,other,river_cl,Pāuatahanui Stream,Pauatahanui Stream,Y,1439.1
86393,6858250,other,river_cl,,,N,1438.8
86375,6858231,other,river_cl,,,N,1437.1
87015,7000515,other,river_cl,,,N,1436.8
86364,6858147,other,river_cl,,,N,1430.8
430243,6858315,other,river_cl,,,N,1429.9
430614,6999783,other,river_cl,,,N,1428.6
87004,6858435,other,river_cl,,,N,1426.9
429377,7641009,other,river_cl,,,N,1426.2
430242,6999578,other,river_cl,,,N,1424.3
86475,6858324,other,river_cl,,,N,1422.2
429300,7640910,other,river_cl,,,N,1422.0
430069,7641085,other,river_cl,,,N,1420.6
86456,6858358,other,river_cl,,,N,1420.1
430020,7641037,other,river_cl,,,N,1419.4
429325,7640933,other,river_cl,,,N,1418.8
87005,6858436,other,river_cl,,,N,1414.9
86497,6858416,other,river_cl,,,N,1414.1
429677,6998729,other,river_cl,,,N,1414.1
86286,7640719,other,river_cl,,,N,1413.7
430341,6999884,other,river_cl,,,N,1412.9
429727,6998777,other,river_cl,Wainuiomata Stream,Wainuiomata Stream,N,1411.7
429393,7641017,other,river_cl,Ohariu Stream,Ohariu Stream,N,1407.2
86460,6858363,other,river_cl,,,N,1407.0
3153,6771325,other,drain_cl,,,N,1404.8
430216,6999547,other,river_cl,Duck Creek,Duck Creek,N,1403.8
430549,6858331,other,river_cl,,,N,1403.8
430825,7000316,other,river_cl,,,N,1397.8
86281,7640848,other,river_cl,,,N,1395.8
430730,7000223,other,river_cl,,,N,1395.5
429554,6998631,other,river_cl,Tūrere Stream,Turere Stream,Y,1395.2
86999,6858431,other,river_cl,Kaitoke Stream,Kaitoke Stream,N,1391.9
430044,7641051,other,river_cl,,,N,1385.6
430859,7000349,other,river_cl,,,N,1384.2
429340,7640952,other,river_cl,,,N,1384.0
429289,7640907,other,river_cl,,,N,1382.5
430758,7000253,other,river_cl,,,N,1381.5
430713,6858417,other,river_cl,,,N,1380.4
86495,6858414,other,river_cl,,,N,1379.3
432821,7000393,other,river_cl,,,N,1378.1
429431,6998506,other,river_cl,,,N,1377.0
86467,6858369,other,river_cl,Colletts Stream,Colletts Stream,N,1376.8
430025,7641044,other,river_cl,,,N,1374.4
430112,6858292,other,river_cl,,,N,1371.8
86478,8171035,other,river_cl,,,N,1371.6
430460,7000002,other,river_cl,,,N,1370.2
430089,6999424,other,river_cl,,,N,1370.2
86433,6858306,other,river_cl,,,N,1368.5
429372,7641000,other,river_cl,,,N,1365.1
429678,6858143,other,river_cl,,,N,1364.0
430314,6999859,other,river_cl,,,N,1363.1
86292,7640908,other,river_cl,,,N,1357.9
429337,7640947,other,river_cl,,,N,1357.6
429487,6858119,other,river_cl,,,N,1356.9
429294,7640882,other,river_cl,Oteranga Stream,Oteranga Stream,N,1356.1
429273,7640890,other,river_cl,Karori Stream,Karori Stream,N,1355.9
429664,6998717,other,river_cl,Gollans Stream,Gollans Stream,N,1355.0
430490,7000030,other,river_cl,Blaikie Stream,Blaikie Stream,N,1353.7
429518,6858123,other,river_cl,Wootton Stream,Wootton Stream,N,1352.8
86372,6998845,other,river_cl,,,N,1351.5
430370,6999907,other,river_cl,Narrow Neck Stream,Narrow Neck Stream,N,1349.9
430741,7000209,other,river_cl,,,N,1348.8
430117,6999450,other,river_cl,,,N,1346.9
430689,6858413,other,river_cl,,,N,1345.4
429749,6998802,other,river_cl,,,N,1345.1
429514,6858122,other,river_cl,,,N,1344.6
86300,7640716,other,river_cl,Mākara Stream,Makara Stream,Y,1344.2
86491,6858408,other,river_cl,,,N,1343.2
429314,7640711,other,river_cl,,,N,1341.4
430114,6858293,other,river_cl,,,N,1339.1
429353,7640972,other,river_cl,,,N,1338.8
430522,6999687,other,river_cl,,,N,1337.9
430457,6999998,other,river_cl,,,N,1336.6
429840,6858239,other,river_cl,,,N,1336.4
429491,6998573,other,river_cl,,,N,1334.5
86412,7640742,other,river_cl,,,N,1333.1
443249,7008864,other,river_cl,,,N,1326.8
86471,6858374,other,river_cl,Colletts Stream,Colletts Stream,N,1325.8
430119,6999449,other,river_cl,,,N,1322.1
430492,6999661,other,river_cl,,,N,1322.0
432854,6858441,other,river_cl,,,N,1320.1
430161,6999492,other,river_cl,,,N,1319.3
429598,6858164,other,river_cl,,,N,1318.9
430299,6999632,other,river_cl,,,N,1315.6
429205,7640845,other,river_cl,,,N,1313.0
86496,6858415,other,river_cl,,,N,1311.4
86329,6858120,other,river_cl,,,N,1310.7
429359,7640978,other,river_cl,,,N,1309.0
430753,7000245,other,river_cl,,,N,1308.9
429500,6998588,other,river_cl,,,N,1304.5
429248,7640861,other,river_cl,,,N,1304.0
86436,6858309,other,river_cl,,,N,1301.4
429474,6998556,other,river_cl,,,N,1300.9
430082,7641088,other,river_cl,,,N,1300.8
430539,6858327,other,river_cl,,,N,1300.6
430170,6999500,other,river_cl,,,N,1298.8
430029,7641054,other,river_cl,,,N,1298.3
86297,7640934,other,river_cl,,,N,1294.8
430777,7000268,other,river_cl,,,N,1289.7
429379,7641003,other,river_cl,Kaiwharawhara Stream,Kaiwharawhara Stream,N,1289.3
430406,6999945,other,river_cl,,,N,1289.0
86410,7640740,other,river_cl,,,N,1288.5
429552,6998628,other,river_cl,Catchpool Stream,Catchpool Stream,N,1286.6
430277,6999613,other,river_cl,,,N,1280.1
430041,7641049,other,river_cl,,,N,1279.5
86464,6858365,other,river_cl,,,N,1279.5
430806,7000295,other,river_cl,,,N,1279.5
430784,7000274,other,river_cl,Dopers Creek,Dopers Creek,N,1279.3
86335,6858128,other,river_cl,Browns Stream,Browns Stream,N,1279.0
430066,7641080,other,river_cl,,,N,1279.0
86479,6858326,other,river_cl,,,N,1278.7
86952,6858392,other,river_cl,,,N,1278.5
430273,6999611,other,river_cl,,,N,1278.0
432905,7000468,other,river_cl,,,N,1277.2
86452,6858350,other,river_cl,,,N,1276.8
430250,6999588,other,river_cl,,,N,1275.1
430685,7000179,other,river_cl,,,N,1271.3
88129,6860715,other,river_cl,,,N,1267.8
430782,7000272,other,river_cl,,,N,1265.5
430147,6999472,other,river_cl,,,N,1259.7
430485,7000024,other,river_cl,,,N,1256.3
430348,6858351,other,river_cl,,,N,1251.3
429253,7640872,other,river_cl,,,N,1248.2
429673,6858142,other,river_cl,,,N,1247.9
430687,7000181,other,river_cl,,,N,1247.9
430611,6999779,other,river_cl,,,N,1246.8
86301,7640717,other,river_cl,,,N,1244.2
86419,6858320,other,river_cl,,,N,1243.5
429401,7641028,other,river_cl,,,N,1242.8
86385,6999113,other,river_cl,,,N,1241.1
432649,7000029,other,river_cl,,,N,1240.6
432626,7000089,other,river_cl,,,N,1240.5
430017,7641038,other,river_cl,Mill Creek,Mill Creek,N,1239.8
430866,7000356,other,river_cl,Frances Stream,Frances Stream,N,1239.5
429387,7640969,other,river_cl,,,N,1238.6
429820,6858232,other,river_cl,,,N,1238.5
432892,6858448,other,river_cl,,,N,1236.2
86324,6858115,other,river_cl,Peak Stream,Peak Stream,N,1235.8
429385,7641016,other,river_cl,,,N,1235.0
430808,7000297,other,river_cl,,,N,1231.9
429254,7640873,other,river_cl,,,N,1231.5
430850,7000340,other,river_cl,,,N,1230.8
429494,6998579,other,river_cl,,,N,1229.3
430827,6858427,other,river_cl,,,N,1228.0
430615,6999785,other,river_cl,,,N,1227.4
430126,6999456,other,river_cl,,,N,1225.0
430733,7000227,other,river_cl,,,N,1224.3
432589,7000056,other,river_cl,,,N,1223.4
429837,6999106,other,river_cl,,,N,1223.2
3150,6771322,other,drain_cl,,,N,1222.5
429493,6998577,other,river_cl,,,N,1219.6
86428,6858301,other,river_cl,Korokoro Stream,Korokoro Stream,N,1219.0
430120,6999452,other,river_cl,,,N,1218.9
472748,7214847,other,river_cl,Kerekere Stream,Kerekere Stream,N,1218.8
430612,6999781,other,river_cl,,,N,1218.8
430328,6999869,other,river_cl,,,N,1218.2
86381,6858237,other,river_cl,Big Huia Creek,Big Huia Creek,N,1218.2
429668,6998720,other,river_cl,Gollans Stream,Gollans Stream,N,1215.3
86511,7000347,other,river_cl,,,N,1212.8
86408,7641078,other,river_cl,,,N,1212.8
429296,7640916,other,river_cl,,,N,1212.7
19917,6776588,other,drain_cl,,,N,1211.8
429744,6998794,other,river_cl,,,N,1210.9
430596,6999766,other,river_cl,,,N,1209.1
429951,6858249,other,river_cl,,,N,1208.6
430276,6999612,other,river_cl,,,N,1208.3
86504,6858424,other,river_cl,,,N,1208.2
430011,7640979,other,river_cl,,,N,1206.8
86289,7640886,other,river_cl,,,N,1206.4
430087,7641094,other,river_cl,,,N,1206.2
430109,6999445,other,river_cl,,,N,1204.6
429295,7640911,other,river_cl,,,N,1204.5
437718,7008631,other,river_cl,,,N,1203.3
430223,6999548,other,river_cl,,,N,1200.0
429478,6998560,other,river_cl,Peak Stream,Peak Stream,N,1199.1
430566,6999743,other,river_cl,,,N,1198.7
429400,7641027,other,river_cl,,,N,1198.2
430073,7641081,other,river_cl,Porirua Stream,Porirua Stream,N,1191.8
429245,7640860,other,river_cl,,,N,1189.0
430554,6999727,other,river_cl,,,N,1186.8
429550,6998625,other,river_cl,,,N,1184.8
430785,7000275,other,river_cl,,,N,1184.1
430471,7000008,other,river_cl,,,N,1182.1
432645,7000104,other,river_cl,,,N,1181.4
432637,7000097,other,river_cl,,,N,1179.8
86427,6999478,other,river_cl,,,N,1179.8
430306,6999642,other,river_cl,,,N,1179.3
429207,7640837,other,river_cl,,,N,1178.2
443214,7008818,other,river_cl,,,N,1177.8
429498,6998587,other,river_cl,,,N,1177.7
432951,7000514,other,river_cl,,,N,1174.8
429414,6998490,other,river_cl,,,N,1173.6
429243,7640864,other,river_cl,,,N,1173.4
429674,6998725,other,river_cl,,,N,1173.4
429528,6998612,other,river_cl,,,N,1172.9
429420,6998498,other,river_cl,,,N,1172.4
430090,6999423,other,river_cl,,,N,1171.7
429260,7640707,other,river_cl,,,N,1171.6
429922,6858245,other,river_cl,,,N,1171.1
86283,7640702,other,river_cl,Silver Stream,Silver Stream,N,1170.1
430501,6999673,other,river_cl,Horokiri Stream,Horokiri Stream,N,1169.8
86325,6858117,other,river_cl,Matai Stream,Matai Stream,N,1168.3
430130,6999463,other,river_cl,,,N,1167.6
430380,6858355,other,river_cl,,,N,1167.4
432890,7000457,other,river_cl,,,N,1167.3
430543,6999720,other,river_cl,,,N,1167.1
86998,7000366,other,river_cl,,,N,1165.2
86437,6858310,other,river_cl,,,N,1160.5
429690,6998741,other,river_cl,,,N,1160.4
429305,7640919,other,river_cl,Karori Stream,Karori Stream,N,1158.4
430225,6999550,other,river_cl,,,N,1158.0
430754,6858419,other,river_cl,,,N,1155.8
86507,7000317,other,river_cl,,,N,1155.6
432651,7000110,other,river_cl,,,N,1154.4
430408,6999948,other,river_cl,,,N,1152.1
430505,6999676,other,river_cl,,,N,1152.0
86470,6858373,other,river_cl,,,N,1151.0
430516,6999693,other,river_cl,,,N,1150.9
437774,7008689,other,river_cl,,,N,1150.6
430245,6999579,other,river_cl,,,N,1150.3
86413,7640743,other,river_cl,Ohariu Stream,Ohariu Stream,N,1150.0
432955,7000517,other,river_cl,,,N,1149.1
88127,6860713,other,river_cl,,,N,1145.3
437760,7008677,other,river_cl,Bull Stream,Bull Stream,N,1144.5
429271,7640865,other,river_cl,Waiariki Stream,Waiariki Stream,N,1143.2
468455,7641218,other,river_cl,Oteranga Stream,Oteranga Stream,N,1142.6
469675,6999565,other,river_cl,Duck Creek,Duck Creek,N,1141.9
429501,6998589,other,river_cl,,,N,1141.3
429829,6999100,other,river_cl,Little Huia Creek,Little Huia Creek,N,1140.2
432830,7000401,other,river_cl,,,N,1139.1
429737,6998788,other,river_cl,,,N,1137.2
429211,7640839,other,river_cl,,,N,1136.4
430818,6858426,other,river_cl,,,N,1134.5
470495,7214550,other,river_cl,,,N,1134.0
430034,7641047,other,river_cl,,,N,1133.3
430731,7000224,other,river_cl,,,N,1126.4
430843,7000335,other,river_cl,,,N,1125.2
429324,7641347,other,river_cl,,,N,1124.5
429408,7641034,other,river_cl,,,N,1124.4
430202,6858304,other,river_cl,,,N,1123.8
429405,7641013,other,river_cl,,,N,1123.4
429274,7640891,other,river_cl,Karori Stream,Karori Stream,N,1122.6
430441,6999979,other,river_cl,,,N,1121.7
430430,6999640,other,river_cl,,,N,1121.4
430116,6999442,other,river_cl,,,N,1121.0
430680,6999742,other,river_cl,,,N,1121.0
88131,7008704,other,river_cl,,,N,1120.4
86466,6858367,other,river_cl,,,N,1119.6
430279,6999617,other,river_cl,,,N,1118.6
430346,6999887,other,river_cl,,,N,1117.3
470369,7000208,other,river_cl,,,N,1117.3
86288,7640706,other,river_cl,,,N,1114.6
86429,6858302,other,river_cl,,,N,1114.1
86434,6858307,other,river_cl,,,N,1113.2
430061,7641065,other,river_cl,,,N,1112.7
430644,6999820,other,river_cl,,,N,1112.5
430718,7000200,other,river_cl,,,N,1112.0
430407,6999946,other,river_cl,,,N,1111.7
429244,7640859,other,river_cl,,,N,1110.0
86481,6858332,other,river_cl,,,N,1108.2
429937,6858247,other,river_cl,,,N,1107.1
430349,6999889,other,river_cl,,,N,1106.3
430760,7000254,other,river_cl,,,N,1106.1
429930,6999192,other,river_cl,,,N,1103.4
430755,7000251,other,river_cl,,,N,1102.1
429483,6998564,other,river_cl,,,N,1101.6
429210,7640843,other,river_cl,,,N,1101.6
430266,6999595,other,river_cl,,,N,1100.3
432953,7000516,other,river_cl,,,N,1099.7
430436,6999972,other,river_cl,,,N,1098.6
432893,7000458,other,river_cl,,,N,1098.5
86461,6999957,other,river_cl,,,N,1095.7
430669,6999851,other,river_cl,,,N,1095.3
430697,7000188,other,river_cl,,,N,1092.8
430555,6999734,other,river_cl,,,N,1092.3
86506,7000315,other,river_cl,,,N,1092.0
430679,7000172,other,river_cl,,,N,1091.6
430848,7000339,other,river_cl,,,N,1091.3
430337,6999877,other,river_cl,,,N,1089.4
86421,6858322,other,river_cl,,,N,1089.0
430298,6999634,other,river_cl,,,N,1087.5
430710,7000199,other,river_cl,,,N,1087.5
430012,7640980,other,river_cl,,,N,1086.8
429785,6998832,other,river_cl,,,N,1086.1
430826,6858428,other,river_cl,,,N,1085.9
430122,6999458,other,river_cl,,,N,1083.7
429416,6998492,other,river_cl,,,N,1083.1
472615,8324154,other,river_cl,Remutaka Stream,Remutaka Stream,N,1082.3
430746,7000238,other,river_cl,,,N,1082.1
86401,7640730,other,river_cl,,,N,1081.3
430736,7000230,other,river_cl,,,N,1081.0
430107,6999443,other,river_cl,,,N,1080.9
430247,6999586,other,river_cl,,,N,1080.5
429338,7640948,other,river_cl,,,N,1080.4
430507,6999655,other,river_cl,,,N,1078.8
437759,7008673,other,river_cl,,,N,1078.5
430571,6999745,other,river_cl,,,N,1077.9
429215,7640846,other,river_cl,,,N,1076.5
430759,7000252,other,river_cl,,,N,1076.3
86508,7000318,other,river_cl,,,N,1076.2
430165,6999495,other,river_cl,,,N,1076.0
430728,7000220,other,river_cl,,,N,1075.7
430080,7641087,other,river_cl,,,N,1075.0
470159,6999780,other,river_cl,,,N,1074.7
429479,6998555,other,river_cl,,,N,1074.6
430493,6999662,other,river_cl,,,N,1072.4
429246,7640704,other,river_cl,,,N,1070.7
429834,6998791,other,river_cl,,,N,1070.5
429433,6998516,other,river_cl,,,N,1070.2
86435,6858308,other,river_cl,,,N,1070.0
429286,7640898,other,river_cl,Silver Stream,Silver Stream,N,1069.8
86442,6858316,other,river_cl,,,N,1069.0
430083,7641091,other,river_cl,,,N,1066.8
432652,6858395,other,river_cl,,,N,1064.7
430265,6999602,other,river_cl,,,N,1063.4
430050,7641062,other,river_cl,,,N,1063.1
430860,7000350,other,river_cl,Deadwood Stream,Deadwood Stream,N,1061.3
430726,7000217,other,river_cl,,,N,1060.6
432925,7000491,other,river_cl,,,N,1060.5
432791,7000371,other,river_cl,,,N,1060.4
430115,6999448,other,river_cl,,,N,1060.2
432807,7000386,other,river_cl,,,N,1059.7
86474,7000016,other,river_cl,,,N,1058.7
429931,6858246,other,river_cl,,,N,1058.5
443244,7008861,other,river_cl,,,N,1057.9
430062,7641075,other,river_cl,,,N,1057.7
430540,8171088,other,river_cl,,,N,1057.1
430287,6999624,other,river_cl,,,N,1056.7
430699,7000189,other,river_cl,,,N,1056.4
430752,7000247,other,river_cl,,,N,1055.7
430536,6999716,other,river_cl,,,N,1055.4
430562,6999735,other,river_cl,,,N,1055.4
429733,6998785,other,river_cl,Sledge Track Creek,Sledge Track Creek,N,1054.8
430533,6999713,other,river_cl,,,N,1053.5
430454,6999995,other,river_cl,,,N,1053.4
429209,7640842,other,river_cl,,,N,1053.2
430597,6999768,other,river_cl,,,N,1052.7
429704,6998745,other,river_cl,,,N,1052.6
430045,7641057,other,river_cl,,,N,1050.2
430864,7000354,other,river_cl,Kerekere Stream,Kerekere Stream,N,1050.1
429411,6858098,other,river_cl,,,N,1049.7
430455,6999997,other,river_cl,,,N,1049.2
86392,6858248,other,river_cl,,,N,1048.6
429484,6998565,other,river_cl,,,N,1048.4
430253,6999592,other,river_cl,,,N,1048.4
430837,7000328,other,river_cl,,,N,1047.3
430076,7641092,other,river_cl,,,N,1047.1
429950,6999215,other,river_cl,,,N,1047.0
430173,6999501,other,river_cl,,,N,1046.7
430014,7640982,other,river_cl,,,N,1045.9
430433,6999974,other,river_cl,,,N,1045.9
430417,6858362,other,river_cl,,,N,1045.5
468816,7212396,other,river_cl,,,N,1044.6
430374,6999910,other,river_cl,,,N,1042.9
429752,6998803,other,river_cl,,,N,1042.1
430140,6999650,other,river_cl,,,N,1041.5
429252,7640877,other,river_cl,,,N,1040.9
429847,6999114,other,river_cl,,,N,1040.1
429356,7640975,other,river_cl,,,N,1039.8
432667,7000125,other,river_cl,Remutaka Stream,Remutaka Stream,N,1038.7
86365,6858148,other,river_cl,,,N,1038.7
429371,7640999,other,river_cl,,,N,1038.6
86453,6858352,other,river_cl,,,N,1038.4
86359,6858139,other,river_cl,,,N,1038.1
430187,6999517,other,river_cl,,,N,1038.0
430101,6999435,other,river_cl,,,N,1037.8
430166,6999496,other,river_cl,Speedys Stream,Speedys Stream,N,1037.5
430361,6999903,other,river_cl,,,N,1036.4
432946,7000474,other,river_cl,,,N,1036.1
429315,7640936,other,river_cl,,,N,1035.9
430409,6999950,other,river_cl,,,N,1034.8
430838,7000329,other,river_cl,,,N,1034.2
437715,7008627,other,river_cl,,,N,1033.4
443207,7008814,other,river_cl,,,N,1033.3
468628,7641266,other,river_cl,,,N,1032.7
430307,6858319,other,river_cl,,,N,1032.5
86326,6858116,other,river_cl,,,N,1032.0
430422,6999966,other,river_cl,,,N,1031.4
429421,6998497,other,river_cl,,,N,1031.1
469653,7213539,other,river_cl,,,N,1030.8
430018,7641039,other,river_cl,,,N,1030.2
430528,6999708,other,river_cl,,,N,1030.2
89391,7008857,other,river_cl,,,N,1029.9
429701,6998756,other,river_cl,,,N,1029.8
430019,7641036,other,river_cl,,,N,1029.2
430601,6999770,other,river_cl,Kakaho Stream,Kakaho Stream,N,1029.1
430515,6999692,other,river_cl,,,N,1028.6
429723,6998773,other,river_cl,Skerretts Creek,Skerretts Creek,N,1028.1
432632,7705210,other,river_cl,,,N,1026.3
430246,8171084,other,river_cl,,,N,1026.2
86449,6858345,other,river_cl,,,N,1026.1
429739,6998790,other,river_cl,,,N,1026.0
430861,7000351,other,river_cl,,,N,1025.8
430857,7000343,other,river_cl,,,N,1024.8
469444,7641473,other,river_cl,Mill Creek,Mill Creek,N,1024.7
430057,7641070,other,river_cl,,,N,1024.0
430405,6999915,other,river_cl,,,N,1022.8
430648,6999827,other,river_cl,,,N,1022.6
429738,6998789,other,river_cl,George Creek,George Creek,N,1022.2
430812,7000302,other,river_cl,,,N,1021.9
86954,7000019,other,river_cl,,,N,1021.7
430088,7641098,other,river_cl,,,N,1021.7
430379,6858354,other,river_cl,,,N,1021.3
430149,6999475,other,river_cl,,,N,1020.4
430388,6999924,other,river_cl,,,N,1020.2
430351,6999540,other,river_cl,,,N,1019.5
432896,7000460,other,river_cl,Pukeruru Stream,Pukeruru Stream,N,1018.5
430136,6999646,other,river_cl,,,N,1017.5
430619,6999788,other,river_cl,,,N,1017.3
86490,6858343,other,river_cl,,,N,1016.2
430743,7000236,other,river_cl,,,N,1015.0
430024,7641043,other,river_cl,Mill Creek,Mill Creek,N,1015.0
468598,7641362,other,river_cl,,,N,1014.9
430715,7000207,other,river_cl,,,N,1014.1
430256,6999597,other,river_cl,,,N,1013.4
429304,7640922,other,river_cl,Karori Stream,Karori Stream,N,1012.7
472855,7000489,other,river_cl,,,N,1012.6
430203,6999535,other,river_cl,,,N,1012.6
430445,6999985,other,river_cl,,,N,1011.5
432656,7000114,other,river_cl,,,N,1011.3
429705,6998746,other,river_cl,,,N,1010.5
432797,7000375,other,river_cl,,,N,1009.8
430329,6999870,other,river_cl,,,N,1008.9
429685,6998737,other,river_cl,,,N,1008.4
430098,6999430,other,river_cl,Takapu Stream,Takapu Stream,N,1008.4
430113,6999447,other,river_cl,Mitchell Stream,Mitchell Stream,N,1008.2
429285,7640903,other,river_cl,,,N,1007.9
429947,6999208,other,river_cl,,,N,1007.2
432904,7000467,other,river_cl,,,N,1007.0
430230,6999562,other,river_cl,Kenepuru Stream,Kenepuru Stream,N,1006.2
430787,7000276,other,river_cl,,,N,1006.1
429844,6999115,other,river_cl,,,N,1005.3
429343,7640960,other,river_cl,,,N,1003.7
429600,6998877,other,river_cl,Boulder Creek,Boulder Creek,N,1003.5
430128,6999446,other,river_cl,,,N,1003.0
86485,6858336,other,river_cl,,,N,1002.5
430521,6999700,other,river_cl,,,N,1002.3
468644,7641419,other,river_cl,,,N,1002.0
430651,6999828,other,river_cl,,,N,1001.8
430517,6999695,other,river_cl,,,N,1001.1
429943,6999209,other,river_cl,,,N,1000.2
468547,7640920,other,river_cl,North Mākara Stream,North Makara Stream,Y,999.4
430647,6999824,other,river_cl,,,N,999.0
429354,7640973,other,river_cl,,,N,998.9
86499,6858418,other,river_cl,,,N,998.1
432919,7000479,other,river_cl,,,N,997.9
430461,7000003,other,river_cl,Mahers Stream,Mahers Stream,N,997.8
430788,7214529,other,river_cl,,,N,997.8
429348,7640966,other,river_cl,,,N,996.6
469435,7641468,other,river_cl,,,N,995.6
429383,7641005,other,river_cl,Korimako Stream,Korimako Stream,N,994.8
429822,6999090,other,river_cl,,,N,994.6
430520,6999698,other,river_cl,,,N,994.5
430841,7000332,other,river_cl,,,N,994.0
86445,8171034,other,river_cl,,,N,993.9
437787,6860717,other,river_cl,,,N,993.8
432900,7000464,other,river_cl,,,N,993.7
430789,7000277,other,river_cl,,,N,993.3
430429,7214130,other,river_cl,,,N,992.4
429392,7641023,other,river_cl,,,N,991.6
430778,7214505,other,river_cl,Paddys Creek,Paddys Creek,N,991.6
430325,6858349,other,river_cl,,,N,991.4
429319,7640941,other,river_cl,,,N,991.3
429394,7641423,other,river_cl,,,N,989.6
430021,7641040,other,river_cl,Mill Creek,Mill Creek,N,989.3
429269,7640884,other,river_cl,,,N,989.0
432794,7000367,other,river_cl,,,N,988.9
430160,6999493,other,river_cl,Speedys Stream,Speedys Stream,N,987.7
19922,6786374,other,drain_cl,,,N,987.3
429510,6998598,other,river_cl,,,N,986.5
429509,6998597,other,river_cl,,,N,986.4
430288,6999626,other,river_cl,,,N,986.2
430586,6999758,other,river_cl,,,N,985.0
432944,7000508,other,river_cl,,,N,984.8
429713,6998766,other,river_cl,Whakanui Creek,Whakanui Creek,N,984.1
86332,6998561,other,river_cl,Wootton Stream,Wootton Stream,N,982.7
430800,7000288,other,river_cl,Wedgery Creek,Wedgery Creek,N,982.4
429568,6998643,other,river_cl,Matthews Stream,Matthews Stream,N,982.0
429344,7640963,other,river_cl,,,N,981.8
430559,6999738,other,river_cl,,,N,980.8
430075,7641079,other,river_cl,,,N,980.4
430635,6999805,other,river_cl,,,N,979.1
430573,6999747,other,river_cl,,,N,979.1
437770,7008685,other,river_cl,,,N,978.9
429798,6998843,other,river_cl,,,N,978.7
437755,7008670,other,river_cl,,,N,978.3
430632,6999801,other,river_cl,,,N,978.3
430774,6999822,other,river_cl,,,N,978.3
430159,6999489,other,river_cl,,,N,977.8
468503,7641260,other,river_cl,Silver Stream,Silver Stream,N,977.5
429640,6998692,other,river_cl,,,N,977.5
430855,7000345,other,river_cl,,,N,976.6
468773,6998591,other,river_cl,Graces Stream,Graces Stream,N,976.6
430043,7641050,other,river_cl,,,N,975.7
429686,6998735,other,river_cl,,,N,975.4
430478,7000015,other,river_cl,,,N,975.3
432827,7000398,other,river_cl,,,N,974.4
430396,6999937,other,river_cl,,,N,974.2
430031,7641053,other,river_cl,,,N,974.1
429485,6998567,other,river_cl,,,N,973.6
437765,7008680,other,river_cl,Chilly Stream,Chilly Stream,N,973.2
469680,6999571,other,river_cl,,,N,972.8
429388,7641015,other,river_cl,,,N,972.7
430016,7641439,other,river_cl,,,N,972.7
430738,7000234,other,river_cl,Benge Creek,Benge Creek,N,972.2
430686,7000180,other,river_cl,,,N,972.2
430321,6999864,other,river_cl,,,N,971.6
430344,6999886,other,river_cl,,,N,971.3
430094,7641100,other,river_cl,Takapu Stream,Takapu Stream,N,971.3
430084,7641089,other,river_cl,,,N,970.0
429711,6998760,other,river_cl,Whakanui Creek,Whakanui Creek,N,969.5
430215,6999461,other,river_cl,,,N,969.2
430132,6999464,other,river_cl,,,N,968.9
432815,7000389,other,river_cl,,,N,968.4
432958,7000520,other,river_cl,,,N,967.8
430228,6999557,other,river_cl,,,N,967.8
429430,6998508,other,river_cl,,,N,967.5
470594,7000348,other,river_cl,Deadwood Stream,Deadwood Stream,N,967.0
429728,6998780,other,river_cl,Tūrere Stream,Turere Stream,Y,966.5
430584,6999757,other,river_cl,,,N,964.7
430123,6999454,other,river_cl,,,N,964.5
472625,7214491,other,river_cl,Benge Creek,Benge Creek,N,963.9
430498,6999665,other,river_cl,,,N,963.4
432664,7000121,other,river_cl,,,N,962.7
429466,6858113,other,river_cl,,,N,962.0
429786,6998834,other,river_cl,,,N,960.2
429283,7640896,other,river_cl,,,N,959.8
430863,7000353,other,river_cl,Frances Stream,Frances Stream,N,959.7
429302,7640921,other,river_cl,,,N,959.3
430282,6999620,other,river_cl,,,N,959.1
430663,6999844,other,river_cl,,,N,959.1
437717,7008629,other,river_cl,,,N,958.7
429526,6998568,other,river_cl,,,N,958.7
429335,7640951,other,river_cl,,,N,958.7
429963,6999232,other,river_cl,Narrow Neck Stream,Narrow Neck Stream,N,958.5
430377,6999914,other,river_cl,,,N,958.5
429412,6998488,other,river_cl,,,N,957.8
429689,6998740,other,river_cl,,,N,957.6
430154,6999483,other,river_cl,,,N,957.2
469482,7641096,other,river_cl,Takapu Stream,Takapu Stream,N,957.1
429241,7640863,other,river_cl,,,N,956.8
429691,6998713,other,river_cl,,,N,956.8
429255,7640874,other,river_cl,,,N,956.5
429505,6998593,other,river_cl,,,N,955.9
430424,7213604,other,river_cl,,,N,955.8
86487,6858339,other,river_cl,,,N,955.8
443208,7008813,other,river_cl,,,N,954.7
429556,6998633,other,river_cl,,,N,954.5
429495,6998578,other,river_cl,,,N,954.4
432963,7000527,other,river_cl,,,N,954.0
429771,6998816,other,river_cl,Sinclair Creek,Sinclair Creek,N,954.0
429251,7640869,other,river_cl,,,N,953.4
430479,7000017,other,river_cl,,,N,953.1
86290,7640888,other,river_cl,,,N,953.0
430678,7000171,other,river_cl,,,N,951.2
430232,6999563,other,river_cl,,,N,951.1
469415,7641440,other,river_cl,Mill Creek,Mill Creek,N,950.7
429499,6998576,other,river_cl,,,N,950.2
432874,7000438,other,river_cl,,,N,950.1
430121,6999453,other,river_cl,,,N,949.6
430564,6999740,other,river_cl,,,N,949.6
430322,6999865,other,river_cl,,,N,949.5
430506,6999678,other,river_cl,,,N,949.0
430603,6999771,other,river_cl,,,N,948.8
430104,6999440,other,river_cl,,,N,948.7
430155,6999484,other,river_cl,,,N,948.6
430353,6999892,other,river_cl,,,N,948.3
429339,7640956,other,river_cl,Mākara Stream,Makara Stream,Y,948.1
430822,7000312,other,river_cl,,,N,947.8
19923,6776609,other,drain_cl,,,N,946.0
429409,7641035,other,river_cl,,,N,945.4
429486,6998481,other,river_cl,Gollans Stream,Gollans Stream,N,945.2
430220,6999553,other,river_cl,Speedys Stream,Speedys Stream,N,944.6
430378,6999875,other,river_cl,,,N,944.0
430343,6999883,other,river_cl,,,N,943.9
430331,6999872,other,river_cl,,,N,943.4
430437,6999977,other,river_cl,,,N,943.4
86409,7640738,other,river_cl,,,N,943.1
86361,6998736,other,river_cl,,,N,941.7
430054,7641470,other,river_cl,,,N,941.6
429812,7212977,other,river_cl,,,N,941.2
430391,6999930,other,river_cl,,,N,940.7
432820,7214748,other,river_cl,Farm Creek,Farm Creek,N,940.1
430833,7000324,other,river_cl,,,N,939.7
430292,6999629,other,river_cl,,,N,939.7
432808,7000387,other,river_cl,,,N,939.6
430418,6999953,other,river_cl,,,N,939.0
429446,6998520,other,river_cl,,,N,938.8
19916,6776587,other,drain_cl,,,N,937.9
430410,6999949,other,river_cl,,,N,936.7
469667,7213556,other,river_cl,,,N,935.8
86404,7640734,other,river_cl,,,N,935.7
430389,6999927,other,river_cl,,,N,935.5
429221,7640851,other,river_cl,Waipapa Stream,Waipapa Stream,N,935.2
432967,7000533,other,river_cl,,,N,935.0
468690,7212275,other,river_cl,,,N,935.0
430546,6999721,other,river_cl,,,N,934.8
430575,6999749,other,river_cl,Horokiri Stream,Horokiri Stream,N,934.4
432885,7000448,other,river_cl,,,N,934.3
430059,7641073,other,river_cl,,,N,932.9
430026,7641045,other,river_cl,,,N,932.8
429480,6998562,other,river_cl,,,N,932.5
430815,7000306,other,river_cl,,,N,932.5
86360,6858141,other,river_cl,,,N,932.3
430719,7000211,other,river_cl,,,N,931.7
432806,7000384,other,river_cl,,,N,931.7
429652,6998704,other,river_cl,,,N,931.6
497925,7225258,other,river_cl,Renata Stream,Renata Stream,N,931.4
430567,6999744,other,river_cl,,,N,930.4
469550,6999473,other,river_cl,,,N,929.9
429517,6998602,other,river_cl,,,N,929.7
430634,6999802,other,river_cl,,,N,929.2
430030,7641052,other,river_cl,,,N,928.8
430652,6999831,other,river_cl,,,N,928.7
429342,7640962,other,river_cl,,,N,927.8
430085,7641090,other,river_cl,,,N,927.3
468412,7641188,other,river_cl,Karori Stream,Karori Stream,N,926.8
430721,7000213,other,river_cl,,,N,926.4
429734,6998786,other,river_cl,,,N,926.0
429463,6998548,other,river_cl,,,N,925.7
430270,6999606,other,river_cl,,,N,925.3
469320,6999206,other,river_cl,,,N,925.2
443239,7008829,other,river_cl,,,N,924.2
429835,6999107,other,river_cl,,,N,922.6
429529,7212369,other,river_cl,,,N,922.5
430473,7000011,other,river_cl,Colletts Stream,Colletts Stream,N,922.4
468762,6998582,other,river_cl,,,N,922.4
430588,6999760,other,river_cl,,,N,922.2
429768,6998814,other,river_cl,,,N,921.8
429382,7641010,other,river_cl,Korimako Stream,Korimako Stream,N,921.5
429684,6998706,other,river_cl,,,N,920.8
469832,6999928,other,river_cl,Huia Stream,Huia Stream,N,920.0
430235,6999568,other,river_cl,,,N,920.0
430477,7000014,other,river_cl,,,N,919.5
432653,7000111,other,river_cl,,,N,919.2
432660,7000119,other,river_cl,,,N,918.9
430222,7213542,other,river_cl,,,N,918.3
470389,7000222,other,river_cl,,,N,918.2
468637,7641004,other,river_cl,,,N,917.6
429399,7641024,other,river_cl,,,N,917.6
429256,7640879,other,river_cl,,,N,917.2
429436,6998513,other,river_cl,,,N,916.7
430086,7641095,other,river_cl,Porirua Stream,Porirua Stream,N,915.5
470286,7213962,other,river_cl,,,N,915.5
429646,6998699,other,river_cl,,,N,914.7
430737,7000231,other,river_cl,,,N,914.1
432659,7000118,other,river_cl,,,N,914.0
429424,6998503,other,river_cl,,,N,913.9
430682,7000176,other,river_cl,Wainui Stream,Wainui Stream,N,913.3
430541,6999718,other,river_cl,,,N,913.3
429781,6998829,other,river_cl,,,N,912.0
430727,7000218,other,river_cl,,,N,911.7
430368,6999906,other,river_cl,,,N,911.5
468595,7641359,other,river_cl,,,N,911.4
19921,8168049,other,drain_cl,,,N,911.3
432952,7214996,other,river_cl,,,N,911.2
430139,6999651,other,river_cl,,,N,910.6
430459,6858368,other,river_cl,,,N,910.3
430259,6999559,other,river_cl,,,N,909.9
430829,7000322,other,river_cl,,,N,909.6
432920,7000484,other,river_cl,Phillips Stream,Phillips Stream,N,909.6
429222,7640855,other,river_cl,,,N,908.8
432657,7000116,other,river_cl,,,N,908.6
430229,6999561,other,river_cl,,,N,908.4
443212,7008822,other,river_cl,,,N,908.3
430525,6999699,other,river_cl,,,N,908.3
429923,6999185,other,river_cl,,,N,907.9
429358,7640961,other,river_cl,,,N,907.5
469453,7641483,other,river_cl,Porirua Stream,Porirua Stream,N,907.3
430452,6999991,other,river_cl,,,N,905.5
469702,6999593,other,river_cl,,,N,905.5
469688,8171183,other,river_cl,,,N,905.1
429599,6998876,other,river_cl,,,N,904.5
430576,6999709,other,river_cl,,,N,904.4
429288,7640906,other,river_cl,Waiariki Stream,Waiariki Stream,N,903.7
430033,7641055,other,river_cl,,,N,903.4
430835,7000326,other,river_cl,,,N,902.5
430286,6999623,other,river_cl,,,N,902.5
430509,6999681,other,river_cl,,,N,902.3
86422,6858323,other,river_cl,,,N,902.2
86425,6858300,other,river_cl,,,N,900.7
429275,7640895,other,river_cl,,,N,900.3
432823,7000395,other,river_cl,Farm Creek,Farm Creek,N,900.1
430809,7000299,other,river_cl,,,N,899.9
468657,7641030,other,river_cl,,,N,899.8
429380,7640959,other,river_cl,,,N,899.5
430470,7000010,other,river_cl,,,N,899.2
430297,6999633,other,river_cl,,,N,899.1
430623,6999792,other,river_cl,,,N,898.5
429468,6998552,other,river_cl,,,N,898.2
430740,7000235,other,river_cl,,,N,897.9
430523,6999701,other,river_cl,,,N,897.9
472870,7000493,other,river_cl,,,N,897.5
430310,6999855,other,river_cl,,,N,897.2
429563,6998639,other,river_cl,,,N,897.0
429322,7640943,other,river_cl,,,N,897.0
430771,7000263,other,river_cl,Kororipo Stream,Kororipo Stream,N,896.8
432879,7000441,other,river_cl,,,N,895.2
430842,7000330,other,river_cl,,,N,894.8
470037,6999688,other,river_cl,,,N,894.4
468701,6998522,other,river_cl,,,N,893.7
430767,7000260,other,river_cl,,,N,893.2
430197,6999529,other,river_cl,,,N,893.2
437768,7008683,other,river_cl,,,N,892.0
429406,7641033,other,river_cl,,,N,891.6
429317,7640938,other,river_cl,,,N,891.6
432669,7000127,other,river_cl,,,N,891.5
430552,6999726,other,river_cl,,,N,890.9
430315,6999858,other,river_cl,,,N,890.0
468443,7641201,other,river_cl,,,N,889.8
430381,6999918,other,river_cl,,,N,889.5
430097,6999431,other,river_cl,,,N,889.3
432961,7000523,other,river_cl,,,N,889.2
429742,6998792,other,river_cl,,,N,889.2
429497,6998583,other,river_cl,,,N,889.0
429715,6998768,other,river_cl,,,N,888.4
469621,7213508,other,river_cl,,,N,888.2
86488,6858340,other,river_cl,,,N,887.9
472933,7000532,other,river_cl,,,N,887.7
469441,7641067,other,river_cl,,,N,887.6
429747,6998800,other,river_cl,,,N,887.3
469017,7212556,other,river_cl,,,N,885.8
470002,7213689,other,river_cl,,,N,885.8
430794,7000282,other,river_cl,,,N,885.7
430302,6999635,other,river_cl,,,N,885.5
86426,6999479,other,river_cl,,,N,884.9
430141,6999652,other,river_cl,,,N,884.9
430207,6999537,other,river_cl,,,N,884.4
432822,7000394,other,river_cl,,,N,883.4
472824,7214932,other,river_cl,,,N,883.3
470622,7000359,other,river_cl,,,N,882.8
430227,6999558,other,river_cl,,,N,882.6
432621,7000084,other,river_cl,Climie Creek,Climie Creek,N,882.3
429214,7640844,other,river_cl,,,N,882.3
430237,6999572,other,river_cl,,,N,882.3
432643,7000103,other,river_cl,,,N,882.2
432838,7000407,other,river_cl,,,N,882.2
469425,7641452,other,river_cl,,,N,882.2
429361,7640991,other,river_cl,,,N,882.0
429558,6998636,other,river_cl,,,N,882.0
429549,7212391,other,river_cl,,,N,881.9
430217,6999549,other,river_cl,Duck Creek,Duck Creek,N,880.6
470162,6999784,other,river_cl,Kakaho Stream,Kakaho Stream,N,880.5
430577,6999750,other,river_cl,,,N,880.3
429962,6999231,other,river_cl,,,N,879.5
479133,7225031,other,river_cl,,,N,878.8
430248,6999585,other,river_cl,,,N,878.5
429459,6998541,other,river_cl,,,N,878.2
430449,6999988,other,river_cl,,,N,877.5
429924,6999189,other,river_cl,,,N,877.4
432622,7000083,other,river_cl,,,N,877.0
429694,6998747,other,river_cl,,,N,876.0
432790,7000369,other,river_cl,,,N,875.9
430807,7214582,other,river_cl,,,N,874.8
430706,7214400,other,river_cl,,,N,874.2
429333,7640949,other,river_cl,,,N,873.9
432897,7000461,other,river_cl,,,N,873.8
429755,6998806,other,river_cl,,,N,873.6
429796,6998842,other,river_cl,,,N,873.2
430692,7000182,other,river_cl,,,N,873.1
430688,7000173,other,river_cl,,,N,873.1
430334,6999874,other,river_cl,,,N,872.9
429261,7640876,other,river_cl,,,N,872.8
429649,6998701,other,river_cl,,,N,872.7
468998,7212536,other,river_cl,,,N,872.6
429766,6998813,other,river_cl,,,N,872.2
429801,6998846,other,river_cl,,,N,871.9
469318,7213156,other,river_cl,,,N,871.7
429667,6998719,other,river_cl,,,N,871.6
430304,6999641,other,river_cl,,,N,871.5
429329,7641360,other,river_cl,,,N,871.1
469710,7213584,other,river_cl,,,N,871.0
430745,7214476,other,river_cl,,,N,870.5
429559,6998638,other,river_cl,,,N,870.0
430735,7000228,other,river_cl,Blaikie Stream,Blaikie Stream,N,869.9
430813,7000292,other,river_cl,,,N,869.3
429404,7641032,other,river_cl,,,N,869.1
430655,6999833,other,river_cl,,,N,869.1
429952,6999205,other,river_cl,,,N,868.8
86451,6858348,other,river_cl,,,N,868.8
430028,7641450,other,river_cl,,,N,868.7
430581,6999755,other,river_cl,,,N,868.6
430335,6999876,other,river_cl,,,N,868.3
430583,6999756,other,river_cl,Wainui Stream,Wainui Stream,N,867.6
469290,7213125,other,river_cl,,,N,867.4
429238,6998484,other,river_cl,,,N,867.1
430263,6999599,other,river_cl,,,N,866.4
19920,6798269,other,drain_cl,,,N,866.3
469327,6999214,other,river_cl,,,N,865.9
468687,7212273,other,river_cl,,,N,865.7
430278,6999616,other,river_cl,,,N,865.2
430698,7214381,other,river_cl,,,N,864.6
430257,6999555,other,river_cl,,,N,864.2
430775,6999821,other,river_cl,,,N,864.2
469993,6999668,other,river_cl,,,N,864.0
469839,7214060,other,river_cl,,,N,862.9
430749,7000242,other,river_cl,,,N,861.4
430261,6999600,other,river_cl,,,N,861.3
429395,7641018,other,river_cl,,,N,861.2
469546,7213435,other,river_cl,Korokoro Stream,Korokoro Stream,N,860.8
86431,6858305,other,river_cl,,,N,860.8
472930,7215043,other,river_cl,,,N,860.2
429761,7212620,other,river_cl,,,N,860.1
430171,6999499,other,river_cl,,,N,860.0
430231,8171083,other,river_cl,,,N,859.9
429682,6998703,other,river_cl,Graces Stream,Graces Stream,N,859.3
429506,6998594,other,river_cl,,,N,859.2
430683,7000177,other,river_cl,,,N,856.4
432802,7000381,other,river_cl,Puffer Creek,Puffer Creek,N,856.0
430138,7213659,other,river_cl,,,N,855.9
429350,7640971,other,river_cl,,,N,855.7
432671,7000128,other,river_cl,,,N,854.9
429306,7641272,other,river_cl,,,N,854.8
430071,7641487,other,river_cl,,,N,854.8
429816,6998764,other,river_cl,,,N,854.6
430627,7213878,other,river_cl,,,N,854.2
429230,7640988,other,river_cl,,,N,853.9
429465,6998550,other,river_cl,,,N,853.8
430390,6999929,other,river_cl,,,N,853.7
429676,6998728,other,river_cl,,,N,853.4
432945,7000509,other,river_cl,,,N,851.5
430303,6999639,other,river_cl,,,N,851.5
430416,6999958,other,river_cl,,,N,851.4
430032,7641048,other,river_cl,,,N,850.8
430747,7000241,other,river_cl,,,N,850.6
429475,6998558,other,river_cl,,,N,850.4
469728,6999618,other,river_cl,,,N,850.4
430502,6999672,other,river_cl,,,N,850.3
469714,6999609,other,river_cl,,,N,850.0
430262,6999598,other,river_cl,,,N,848.8
429944,6999210,other,river_cl,,,N,848.3
470190,7213843,other,river_cl,,,N,847.5
472630,7214724,other,river_cl,,,N,847.1
430489,7000026,other,river_cl,,,N,846.9
430360,6999898,other,river_cl,,,N,846.8
430293,6999630,other,river_cl,,,N,846.8
430637,6999809,other,river_cl,,,N,846.6
430570,7213730,other,river_cl,,,N,846.5
432859,8418139,other,river_cl,,,N,846.4
430431,6999971,other,river_cl,,,N,846.4
432880,7000442,other,river_cl,Kerekere Stream,Kerekere Stream,N,845.7
429907,6999173,other,river_cl,,,N,845.7
430607,6999773,other,river_cl,,,N,845.5
429792,6998839,other,river_cl,,,N,845.4
432870,7000333,other,river_cl,,,N,845.3
86370,6858153,other,river_cl,,,N,845.2
432873,7000435,other,river_cl,,,N,845.1
430238,6999573,other,river_cl,,,N,845.1
469527,6999465,other,river_cl,,,N,844.8
472424,7214264,other,river_cl,,,N,844.2
469487,7641099,other,river_cl,,,N,844.1
430127,6999462,other,river_cl,,,N,843.7
468444,7641204,other,river_cl,,,N,843.4
468654,7641421,other,river_cl,,,N,842.1
430157,7213443,other,river_cl,,,N,841.6
430590,6999754,other,river_cl,,,N,841.4
430708,7000197,other,river_cl,Paddys Creek,Paddys Creek,N,841.2
429469,6998554,other,river_cl,,,N,841.1
430810,7000298,other,river_cl,,,N,840.6
443210,7008817,other,river_cl,,,N,840.5
430816,7000305,other,river_cl,,,N,840.5
430443,7214147,other,river_cl,,,N,840.2
430068,7641481,other,river_cl,,,N,840.2
432590,7000057,other,river_cl,,,N,839.9
429731,6998783,other,river_cl,,,N,839.6
470400,7397024,other,river_cl,,,N,839.5
430578,6999751,other,river_cl,,,N,839.5
429503,6998592,other,river_cl,Thistle Stream,Thistle Stream,N,838.8
470598,7214653,other,river_cl,Deadwood Stream,Deadwood Stream,N,838.6
429265,7640878,other,river_cl,,,N,838.6
430347,6999888,other,river_cl,,,N,838.2
430142,6999653,other,river_cl,,,N,837.5
470202,7213855,other,river_cl,,,N,837.1
430600,7213833,other,river_cl,,,N,836.6
437710,7008623,other,river_cl,,,N,836.5
468475,7641247,other,river_cl,Karori Stream,Karori Stream,N,836.2
429284,7640904,other,river_cl,,,N,835.7
429904,6999170,other,river_cl,,,N,835.5
430691,7000184,other,river_cl,,,N,835.3
430854,7000342,other,river_cl,,,N,835.1
469658,7213547,other,river_cl,,,N,835.1
429249,7640867,other,river_cl,,,N,835.0
469427,7641453,other,river_cl,,,N,834.8
429710,6998763,other,river_cl,,,N,833.7
429794,6998840,other,river_cl,,,N,833.7
437772,7008687,other,river_cl,,,N,833.6
429807,7212974,other,river_cl,,,N,833.5
429758,6998807,other,river_cl,,,N,833.0
430366,6999891,other,river_cl,,,N,833.0
430481,8171086,other,river_cl,,,N,832.8
432655,7000108,other,river_cl,,,N,832.7
430869,7000360,other,river_cl,Frances Stream,Frances Stream,N,832.5
430146,6999470,other,river_cl,,,N,832.4
470008,6999674,other,river_cl,,,N,832.4
430556,6999732,other,river_cl,,,N,832.0
497932,7225262,other,river_cl,,,N,831.6
472649,7214746,other,river_cl,Farm Creek,Farm Creek,N,831.5
469520,7213424,other,river_cl,,,N,831.3
430776,7000267,other,river_cl,Paddys Creek,Paddys Creek,N,830.9
429651,6998705,other,river_cl,,,N,830.7
469852,7214071,other,river_cl,,,N,830.1
468611,7641381,other,river_cl,,,N,830.0
430372,6999908,other,river_cl,,,N,830.0
468643,7641416,other,river_cl,,,N,829.7
429511,6998600,other,river_cl,,,N,829.5
430403,6999942,other,river_cl,,,N,829.3
429721,6998771,other,river_cl,,,N,828.9
430181,6999515,other,river_cl,Crowthers Creek,Crowthers Creek,N,828.9
430748,7000240,other,river_cl,,,N,828.4
470040,7213706,other,river_cl,,,N,828.4
429935,7212675,other,river_cl,,,N,827.9
430038,7641454,other,river_cl,,,N,827.3
430402,6999943,other,river_cl,,,N,826.8
469010,7212538,other,river_cl,Tūrere Stream,Turere Stream,Y,826.6
429375,7641007,other,river_cl,,,N,826.5
429735,6998787,other,river_cl,,,N,826.4
469999,7213686,other,river_cl,,,N,826.1
429318,7640939,other,river_cl,,,N,825.9
430617,6999777,other,river_cl,,,N,825.8
430650,6999826,other,river_cl,,,N,825.6
429670,6998723,other,river_cl,,,N,825.3
470193,6999803,other,river_cl,,,N,825.2
429732,6998784,other,river_cl,,,N,825.1
429946,6999213,other,river_cl,,,N,825.0
430701,7000191,other,river_cl,,,N,824.6
20586,6786384,other,drain_cl,,,N,824.4
468621,7640994,other,river_cl,,,N,824.2
430458,7000000,other,river_cl,,,N,824.0
429519,6998605,other,river_cl,,,N,823.7
469976,7214198,other,river_cl,,,N,823.5
429231,7640989,other,river_cl,,,N,823.5
468524,7640912,other,river_cl,,,N,823.1
429680,6998731,other,river_cl,,,N,823.1
470071,7213747,other,river_cl,,,N,822.8
429250,7640868,other,river_cl,,,N,822.7
430491,8171087,other,river_cl,,,N,822.7
430055,7641068,other,river_cl,,,N,822.6
429438,6998517,other,river_cl,,,N,822.1
430102,6999436,other,river_cl,,,N,822.1
430558,6999723,other,river_cl,,,N,821.7
469525,7213429,other,river_cl,,,N,821.4
430531,6999712,other,river_cl,,,N,821.4
430336,6999878,other,river_cl,,,N,821.1
430373,6999909,other,river_cl,,,N,821.0
429729,6998782,other,river_cl,Nīkau Creek,Nikau Creek,Y,820.9
429650,6998702,other,river_cl,,,N,820.8
430218,6999551,other,river_cl,,,N,820.0
429476,6998559,other,river_cl,Matai Stream,Matai Stream,N,819.9
469698,7213555,other,river_cl,,,N,819.4
430027,7641046,other,river_cl,,,N,819.0
429657,6998710,other,river_cl,,,N,818.9
469820,7214001,other,river_cl,,,N,818.6
430661,6999841,other,river_cl,,,N,818.4
468847,7212435,other,river_cl,,,N,818.3
468814,7212398,other,river_cl,,,N,818.0
472719,7000423,other,river_cl,,,N,817.4
472932,7000529,other,river_cl,,,N,817.1
429279,7640901,other,river_cl,,,N,817.1
432881,7000444,other,river_cl,,,N,817.0
429330,7640953,other,river_cl,,,N,816.9
429712,6998765,other,river_cl,,,N,816.0
472366,7214216,other,river_cl,,,N,815.7
472798,7214669,other,river_cl,,,N,815.6
429760,6998809,other,river_cl,,,N,815.5
429831,6999101,other,river_cl,,,N,815.1
86440,6858312,other,river_cl,,,N,815.0
429700,6998755,other,river_cl,,,N,814.4
430268,6999605,other,river_cl,,,N,814.1
430628,6999798,other,river_cl,,,N,814.0
430510,6999684,other,river_cl,,,N,813.9
469556,6999487,other,river_cl,,,N,813.8
430550,6999729,other,river_cl,,,N,813.2
429373,7641001,other,river_cl,,,N,813.0
469924,7214143,other,river_cl,,,N,813.0
437698,7008613,other,river_cl,,,N,813.0
432803,7000380,other,river_cl,,,N,812.8
479175,7008665,other,river_cl,,,N,812.5
430355,6999893,other,river_cl,,,N,812.0
429270,7640885,other,river_cl,,,N,811.7
469417,7641448,other,river_cl,Ohariu Stream,Ohariu Stream,N,811.4
430077,7641492,other,river_cl,,,N,811.4
429442,6998527,other,river_cl,,,N,811.2
429818,6999087,other,river_cl,,,N,810.9
430072,7641083,other,river_cl,,,N,810.9
430267,7213596,other,river_cl,,,N,810.5
430638,6999810,other,river_cl,,,N,810.5
430625,6999794,other,river_cl,,,N,810.5
429239,6998485,other,river_cl,Cameron Creek,Cameron Creek,N,810.0
429440,6998524,other,river_cl,,,N,809.9
430434,6999975,other,river_cl,,,N,809.9
430324,6999863,other,river_cl,,,N,809.8
430158,6999432,other,river_cl,Cannons Creek,Cannons Creek,N,809.6
429386,7641021,other,river_cl,,,N,809.3
432654,7000113,other,river_cl,,,N,809.0
429334,7640950,other,river_cl,,,N,808.7
437756,7008671,other,river_cl,,,N,807.9
469321,6999207,other,river_cl,,,N,807.9
432960,7000522,other,river_cl,,,N,807.8
429444,6998526,other,river_cl,,,N,807.7
429407,7641435,other,river_cl,,,N,806.8
432663,7000112,other,river_cl,,,N,806.5
430420,6999964,other,river_cl,Redington Stream,Redington Stream,N,806.4
429658,6998709,other,river_cl,,,N,806.0
429788,6998833,other,river_cl,,,N,805.9
430783,7000273,other,river_cl,,,N,805.7
429280,7640902,other,river_cl,,,N,805.3
432894,7214898,other,river_cl,,,N,804.9
429357,7640976,other,river_cl,Ohariu Stream,Ohariu Stream,N,804.1
430569,6999694,other,river_cl,,,N,803.9
429648,6998700,other,river_cl,,,N,803.6
470034,8171189,other,river_cl,Kakaho Stream,Kakaho Stream,N,803.6
469007,7212543,other,river_cl,Whakanui Creek,Whakanui Creek,N,803.4
429352,7640967,other,river_cl,,,N,803.4
469549,7213438,other,river_cl,,,N,803.3
430513,6999691,other,river_cl,,,N,802.7
470366,7214421,other,river_cl,,,N,802.4
468813,7212397,other,river_cl,,,N,802.3
429490,6998574,other,river_cl,,,N,802.1
430793,7214544,other,river_cl,,,N,802.1
429714,6998767,other,river_cl,Puketaha Creek,Puketaha Creek,N,801.8
429941,6999202,other,river_cl,,,N,801.1
429769,6998815,other,river_cl,,,N,800.8
430729,7214440,other,river_cl,,,N,800.1
429557,7212415,other,river_cl,Goat Stream,Goat Stream,N,800.1
432668,7000126,other,river_cl,,,N,800.0
430179,6999512,other,river_cl,,,N,799.5
437771,7008686,other,river_cl,,,N,799.3
430534,6999714,other,river_cl,,,N,799.2
19919,6776606,other,drain_cl,,,N,799.1
430280,6999615,other,river_cl,,,N,799.0
468725,6998547,other,river_cl,Karaka Stream,Karaka Stream,N,798.4
429799,6998844,other,river_cl,,,N,798.4
429934,6999196,other,river_cl,,,N,798.4
469429,7641461,other,river_cl,,,N,798.2
470597,7214651,other,river_cl,,,N,798.0
429226,7640850,other,river_cl,,,N,798.0
430756,7000249,other,river_cl,,,N,797.3
472860,7000492,other,river_cl,,,N,797.0
469491,7641101,other,river_cl,Takapu Stream,Takapu Stream,N,797.0
429779,6998827,other,river_cl,,,N,796.9
430742,7000237,other,river_cl,,,N,796.8
437763,7008679,other,river_cl,Bull Stream,Bull Stream,N,796.6
430244,6999583,other,river_cl,,,N,796.6
469666,8171178,other,river_cl,,,N,796.2
432646,7000105,other,river_cl,,,N,796.0
443213,7008815,other,river_cl,,,N,795.9
430496,6999663,other,river_cl,,,N,795.8
430780,7000270,other,river_cl,,,N,795.8
468682,6998502,other,river_cl,,,N,795.7
479238,7008701,other,river_cl,,,N,795.5
432947,7000510,other,river_cl,,,N,794.8
432809,7000388,other,river_cl,,,N,794.6
430255,6999594,other,river_cl,,,N,794.6
430819,7000311,other,river_cl,,,N,794.5
429843,6999112,other,river_cl,,,N,794.4
429555,6998632,other,river_cl,,,N,794.2
429232,6998478,other,river_cl,,,N,794.0
470613,7214667,other,river_cl,,,N,793.8
430604,6999775,other,river_cl,,,N,793.8
437719,7008633,other,river_cl,,,N,793.7
469651,7213535,other,river_cl,,,N,793.4
468516,7641276,other,river_cl,,,N,793.3
430338,6999879,other,river_cl,,,N,793.0
472836,7214946,other,river_cl,,,N,792.9
430144,6999656,other,river_cl,,,N,792.7
430537,6999717,other,river_cl,,,N,792.6
429688,6998739,other,river_cl,,,N,792.3
429410,6998487,other,river_cl,,,N,791.9
430162,6999494,other,river_cl,,,N,791.9
430609,6858337,other,river_cl,,,N,791.5
432623,7000086,other,river_cl,,,N,791.4
469423,7641442,other,river_cl,,,N,791.3
430023,7641042,other,river_cl,,,N,791.3
430291,7213625,other,river_cl,,,N,791.1
430594,6999765,other,river_cl,,,N,791.0
470145,7213830,other,river_cl,,,N,791.0
468824,7212408,other,river_cl,,,N,790.2
469887,6999960,other,river_cl,,,N,789.9
429218,7640853,other,river_cl,Waipapa Stream,Waipapa Stream,N,789.9
468616,7640977,other,river_cl,,,N,789.8
429263,7641224,other,river_cl,,,N,789.7
430046,7641059,other,river_cl,,,N,789.7
469650,6999546,other,river_cl,,,N,789.7
468778,7212357,other,river_cl,,,N,789.3
469464,7641494,other,river_cl,,,N,789.1
470091,7213773,other,river_cl,,,N,789.1
429643,6998694,other,river_cl,,,N,788.7
429415,6998491,other,river_cl,,,N,788.6
429212,7640841,other,river_cl,Karori Stream,Karori Stream,N,788.3
430524,6999702,other,river_cl,,,N,787.7
432829,7000400,other,river_cl,,,N,787.4
430839,7000331,other,river_cl,,,N,786.6
430108,6999444,other,river_cl,,,N,786.6
430110,6999437,other,river_cl,,,N,786.3
468445,7640866,other,river_cl,,,N,786.0
429695,6998750,other,river_cl,Scholes Creek,Scholes Creek,N,785.7
469991,7213680,other,river_cl,,,N,785.7
437716,7008630,other,river_cl,,,N,785.5
432799,7000376,other,river_cl,,,N,785.4
429809,6998759,other,river_cl,,,N,785.3
469809,7214021,other,river_cl,,,N,785.3
430630,6999800,other,river_cl,,,N,785.2
470144,7213829,other,river_cl,Taupō Stream,Taupo Stream,Y,785.1
472865,7214970,other,river_cl,,,N,784.8
429560,6998637,other,river_cl,,,N,784.6
429267,7640887,other,river_cl,,,N,784.5
430798,7000287,other,river_cl,,,N,784.5
470260,7213940,other,river_cl,,,N,784.5
469978,7214199,other,river_cl,,,N,784.4
432926,7000490,other,river_cl,,,N,784.4
430051,7641063,other,river_cl,,,N,784.2
469916,7213645,other,river_cl,,,N,784.2
430447,6999987,other,river_cl,,,N,784.1
429264,7640875,other,river_cl,,,N,783.4
430371,6999899,other,river_cl,,,N,783.4
470050,7213733,other,river_cl,,,N,783.4
429845,6999116,other,river_cl,,,N,783.1
430356,6999895,other,river_cl,,,N,782.9
429762,6998810,other,river_cl,Wainuiomata Stream,Wainuiomata Stream,N,782.6
429502,6998590,other,river_cl,,,N,782.2
429565,6998641,other,river_cl,,,N,782.2
429553,6998627,other,river_cl,,,N,781.9
430411,6999954,other,river_cl,,,N,781.7
430152,6999481,other,river_cl,,,N,781.6
470206,6999812,other,river_cl,,,N,781.5
470614,7214668,other,river_cl,,,N,781.0
430106,6999439,other,river_cl,Mill Creek,Mill Creek,N,781.0
430870,7000361,other,river_cl,,,N,780.8
469266,7213100,other,river_cl,,,N,780.2
429917,7213102,other,river_cl,,,N,780.0
432825,8418138,other,river_cl,,,N,779.9
429791,6998836,other,river_cl,,,N,779.9
469883,6999961,other,river_cl,,,N,779.7
497950,7225275,other,river_cl,,,N,779.7
429669,6998722,other,river_cl,,,N,779.7
430236,6999569,other,river_cl,,,N,779.5
429229,6998474,other,river_cl,,,N,779.2
469669,7213558,other,river_cl,,,N,779.0
430317,6999861,other,river_cl,,,N,778.6
429784,6998801,other,river_cl,,,N,778.5
468746,7212328,other,river_cl,,,N,778.3
430153,6999482,other,river_cl,,,N,778.1
437711,7008625,other,river_cl,,,N,777.5
430249,6999587,other,river_cl,,,N,777.4
430283,6999619,other,river_cl,,,N,777.4
430849,7214611,other,river_cl,Frances Stream,Frances Stream,N,776.6
468726,6998551,other,river_cl,,,N,776.4
470415,7214470,other,river_cl,,,N,776.3
468710,6998529,other,river_cl,Peak Stream,Peak Stream,N,776.1
430618,7213847,other,river_cl,,,N,775.7
469700,7213581,other,river_cl,,,N,775.4
430212,6999543,other,river_cl,,,N,775.0
429378,7641411,other,river_cl,,,N,774.5
432644,7000018,other,river_cl,,,N,774.4
429496,6998580,other,river_cl,,,N,774.4
430786,7000214,other,river_cl,,,N,774.2
432966,7000531,other,river_cl,,,N,774.2
443242,7225360,other,river_cl,,,N,774.1
468652,7641425,other,river_cl,,,N,774.1
469604,7213494,other,river_cl,,,N,774.1
470212,6999813,other,river_cl,,,N,774.0
430213,6999459,other,river_cl,Cannons Creek,Cannons Creek,N,773.5
432886,7000452,other,river_cl,,,N,773.3
468618,7640974,other,river_cl,,,N,773.0
430312,6999523,other,river_cl,,,N,773.0
430428,6999638,other,river_cl,,,N,772.9
432642,7214191,other,river_cl,,,N,772.8
429437,6998519,other,river_cl,,,N,772.8
469878,7214096,other,river_cl,,,N,772.5
430081,6999409,other,river_cl,,,N,772.4
430856,7214641,other,river_cl,,,N,772.3
429413,6998489,other,river_cl,Waimarara Stream,Waimarara Stream,N,772.1
430137,6999648,other,river_cl,,,N,771.9
432956,7000518,other,river_cl,Quoin Stream,Quoin Stream,N,771.8
429699,7212544,other,river_cl,Tūrere Stream,Turere Stream,Y,771.6
470006,7213691,other,river_cl,,,N,771.4
429942,6999204,other,river_cl,,,N,771.2
469810,7214034,other,river_cl,,,N,771.1
429805,6998848,other,river_cl,,,N,771.0
430592,6999763,other,river_cl,,,N,770.8
472631,7000385,other,river_cl,,,N,770.4
470160,6999782,other,river_cl,,,N,770.1
479194,7225091,other,river_cl,Chilly Stream,Chilly Stream,N,769.9
430494,6999660,other,river_cl,,,N,769.9
469467,6999414,other,river_cl,Korokoro Stream,Korokoro Stream,N,769.6
430653,6999832,other,river_cl,,,N,769.5
430662,6999842,other,river_cl,,,N,769.0
430065,7641077,other,river_cl,,,N,768.9
472783,7214884,other,river_cl,,,N,768.1
430048,7641060,other,river_cl,,,N,767.9
470120,7213804,other,river_cl,,,N,767.7
429384,7641011,other,river_cl,,,N,767.4
429641,6998691,other,river_cl,,,N,767.3
429417,6998496,other,river_cl,,,N,766.9
430645,7213906,other,river_cl,,,N,766.8
468624,7641400,other,river_cl,,,N,766.5
430508,6999654,other,river_cl,,,N,766.2
432903,7000466,other,river_cl,,,N,766.1
429683,6998733,other,river_cl,,,N,765.9
430067,7641486,other,river_cl,,,N,765.9
430696,7000187,other,river_cl,,,N,765.5
472589,7214690,other,river_cl,,,N,765.1
468658,7641031,other,river_cl,,,N,765.1
468633,7641006,other,river_cl,,,N,764.9
429242,7640862,other,river_cl,,,N,764.8
430545,7213758,other,river_cl,,,N,764.7
469892,7214105,other,river_cl,,,N,764.5
469125,6998847,other,river_cl,,,N,764.4
429291,7641275,other,river_cl,,,N,764.2
429778,6998826,other,river_cl,,,N,764.2
429940,6999198,other,river_cl,,,N,763.9
430100,6999434,other,river_cl,,,N,763.9
429774,6998820,other,river_cl,,,N,763.8
430500,6999667,other,river_cl,,,N,763.4
430376,6999911,other,river_cl,,,N,763.3
429842,6999108,other,river_cl,,,N,763.2
468497,7641268,other,river_cl,,,N,763.1
430514,6999689,other,river_cl,,,N,762.6
430333,6999873,other,river_cl,,,N,762.4
469289,6999184,other,river_cl,,,N,762.2
429780,6998828,other,river_cl,Wainuiomata Stream,Wainuiomata Stream,N,762.0
470178,6999795,other,river_cl,,,N,762.0
430414,6999944,other,river_cl,,,N,761.8
470550,7000319,other,river_cl,,,N,761.4
432907,7000471,other,river_cl,,,N,761.2
468826,7212410,other,river_cl,Tūrere Stream,Turere Stream,Y,761.0
469724,7213611,other,river_cl,,,N,760.7
469448,7641489,other,river_cl,,,N,760.6
470529,7000300,other,river_cl,,,N,760.5
470035,8171190,other,river_cl,,,N,760.4
430156,6999485,other,river_cl,,,N,760.2
468606,7641373,other,river_cl,Mākara Stream,Makara Stream,Y,760.1
430254,6999590,other,river_cl,,,N,760.0
479139,7225039,other,river_cl,,,N,760.0
470547,7000314,other,river_cl,,,N,759.7
472911,7215021,other,river_cl,,,N,759.7
430178,6999509,other,river_cl,,,N,759.6
469739,7213624,other,river_cl,,,N,759.4
430148,6999471,other,river_cl,,,N,758.8
430716,7000205,other,river_cl,,,N,758.7
430439,6999980,other,river_cl,,,N,757.8
429323,7640944,other,river_cl,,,N,757.5
430323,6999866,other,river_cl,,,N,757.2
469508,7213408,other,river_cl,Mill Creek,Mill Creek,N,757.1
430862,7000352,other,river_cl,,,N,757.0
469592,7213479,other,river_cl,,,N,756.9
468749,6998569,other,river_cl,,,N,756.8
430764,7000248,other,river_cl,,,N,755.9
430574,6999748,other,river_cl,,,N,755.8
430174,6999503,other,river_cl,,,N,755.5
469992,7213681,other,river_cl,,,N,755.5
469067,6998795,other,river_cl,,,N,755.4
430761,7000255,other,river_cl,,,N,755.3
429513,6998599,other,river_cl,Thistle Stream,Thistle Stream,N,755.3
469488,7641510,other,river_cl,,,N,755.1
430091,6999425,other,river_cl,,,N,754.9
429919,6999183,other,river_cl,,,N,754.8
430483,7000022,other,river_cl,,,N,754.5
429390,7641022,other,river_cl,,,N,754.1
429912,6999179,other,river_cl,,,N,754.0
429369,7640923,other,river_cl,,,N,753.7
430042,7641465,other,river_cl,,,N,753.6
430385,6999921,other,river_cl,,,N,753.4
429477,7212319,other,river_cl,,,N,753.1
430435,6999973,other,river_cl,,,N,752.9
430233,6858311,other,river_cl,,,N,752.8
468782,7212361,other,river_cl,,,N,752.7
429830,7213017,other,river_cl,Little Huia Creek,Little Huia Creek,N,752.4
469523,7213426,other,river_cl,Mill Creek,Mill Creek,N,752.4
469873,7214092,other,river_cl,,,N,752.3
430311,7213976,other,river_cl,,,N,752.0
429736,6998779,other,river_cl,,,N,751.9
469750,7213635,other,river_cl,,,N,751.8
432819,7000392,other,river_cl,,,N,751.6
432917,7000480,other,river_cl,,,N,751.5
429489,6998570,other,river_cl,,,N,751.3
430529,6999706,other,river_cl,,,N,751.1
472648,7000391,other,river_cl,,,N,750.9
470150,7213835,other,river_cl,,,N,750.9
469433,7641455,other,river_cl,,,N,750.4
469489,7641508,other,river_cl,,,N,750.0
472426,7000099,other,river_cl,,,N,749.9
468526,7641297,other,river_cl,Mākara Stream,Makara Stream,Y,749.9
429773,6998821,other,river_cl,,,N,749.6
430772,7000264,other,river_cl,,,N,749.4
429507,7212351,other,river_cl,Graces Stream,Graces Stream,N,749.4
432921,7000485,other,river_cl,,,N,749.0
430092,6999426,other,river_cl,,,N,748.6
430269,6999607,other,river_cl,,,N,748.3
472757,7214861,other,river_cl,,,N,748.0
430693,7000185,other,river_cl,,,N,747.8
470167,8171195,other,river_cl,,,N,747.7
430047,7641058,other,river_cl,,,N,747.4
432810,7000265,other,river_cl,,,N,747.2
470475,7214528,other,river_cl,,,N,746.7
469424,7641451,other,river_cl,,,N,746.6
470063,7213743,other,river_cl,,,N,746.1
432877,7000440,other,river_cl,,,N,746.0
437786,7225127,other,river_cl,,,N,745.6
469779,7213999,other,river_cl,,,N,745.5
430572,6999746,other,river_cl,,,N,745.2
470514,7000289,other,river_cl,,,N,744.8
429663,6998715,other,river_cl,,,N,744.7
470322,7214375,other,river_cl,,,N,744.6
432666,7000124,other,river_cl,Remutaka Stream,Remutaka Stream,N,744.5
470344,7214398,other,river_cl,,,N,744.2
429716,6998769,other,river_cl,,,N,743.5
470304,7214352,other,river_cl,,,N,743.2
469936,7214151,other,river_cl,,,N,742.8
429435,6998518,other,river_cl,Matai Stream,Matai Stream,N,742.8
429228,7640985,other,river_cl,,,N,742.1
430426,6999969,other,river_cl,,,N,742.1
432800,7000378,other,river_cl,Remutaka Stream,Remutaka Stream,N,742.0
469745,7213630,other,river_cl,,,N,741.6
472633,7214729,other,river_cl,,,N,741.5
432909,7214933,other,river_cl,,,N,741.4
430591,6999764,other,river_cl,,,N,741.1
430382,6999920,other,river_cl,,,N,741.0
430495,6999659,other,river_cl,,,N,740.9
429224,7640858,other,river_cl,,,N,740.2
470308,7000175,other,river_cl,Wainui Stream,Wainui Stream,N,740.1
430296,6999631,other,river_cl,,,N,739.6
479127,7008626,other,river_cl,,,N,739.5
469430,7641462,other,river_cl,Ohariu Stream,Ohariu Stream,N,738.9
469674,6999564,other,river_cl,,,N,738.9
430702,7214391,other,river_cl,,,N,738.7
429240,6998486,other,river_cl,,,N,738.6
469912,6999970,other,river_cl,,,N,738.1
430488,7000025,other,river_cl,,,N,737.4
429460,6998542,other,river_cl,,,N,737.1
470334,7214387,other,river_cl,,,N,736.3
430511,6999680,other,river_cl,,,N,735.8
468689,6998509,other,river_cl,,,N,735.6
470031,6999686,other,river_cl,Kakaho Stream,Kakaho Stream,N,735.5
470239,7213918,other,river_cl,,,N,735.1
469325,7213160,other,river_cl,,,N,734.9
430357,6999894,other,river_cl,,,N,734.9
429811,7212976,other,river_cl,North Boulder Creek,North Boulder Creek,N,734.8
430150,6999477,other,river_cl,,,N,734.5
430226,6999556,other,river_cl,,,N,734.1
429366,7640998,other,river_cl,,,N,734.0
469454,7641082,other,river_cl,,,N,733.7
430105,6999441,other,river_cl,,,N,733.6
468553,7640927,other,river_cl,,,N,733.4
429662,6998714,other,river_cl,,,N,733.2
470234,7213915,other,river_cl,,,N,733.0
430387,6999926,other,river_cl,,,N,732.9
469436,7641467,other,river_cl,,,N,732.6
470213,6999814,other,river_cl,,,N,732.2
470249,7213930,other,river_cl,,,N,731.7
430188,6999520,other,river_cl,,,N,731.4
429234,6998482,other,river_cl,,,N,731.2
469192,6999105,other,river_cl,,,N,730.6
429707,6998751,other,river_cl,,,N,730.4
468575,7640929,other,river_cl,,,N,730.1
430013,7640981,other,river_cl,,,N,730.0
472680,7000408,other,river_cl,,,N,729.9
432954,7214997,other,river_cl,,,N,729.8
470427,7214485,other,river_cl,,,N,729.6
430052,7641069,other,river_cl,,,N,729.5
429839,7213026,other,river_cl,,,N,729.1
429362,7640993,other,river_cl,,,N,728.6
429397,7641029,other,river_cl,,,N,728.6
430547,6999722,other,river_cl,,,N,728.6
469601,7213491,other,river_cl,,,N,728.4
468463,7641231,other,river_cl,Oteranga Stream,Oteranga Stream,N,728.2
430095,7641102,other,river_cl,,,N,728.1
470373,7214411,other,river_cl,,,N,728.1
432889,7000455,other,river_cl,,,N,727.8
430544,6999719,other,river_cl,,,N,727.8
430327,6999868,other,river_cl,,,N,727.7
432789,7000365,other,river_cl,,,N,727.4
429693,6998742,other,river_cl,Graces Stream,Graces Stream,N,727.4
429772,6998817,other,river_cl,,,N,727.4
468464,7641220,other,river_cl,,,N,726.5
429703,6998758,other,river_cl,,,N,726.3
432828,7000399,other,river_cl,,,N,726.1
468698,7212282,other,river_cl,,,N,726.1
469442,7641472,other,river_cl,,,N,726.1
430015,7640983,other,river_cl,,,N,725.7
468724,6998546,other,river_cl,,,N,725.6
429770,7212630,other,river_cl,,,N,725.6
469310,6999200,other,river_cl,,,N,725.5
429743,6998793,other,river_cl,,,N,724.5
429819,6999088,other,river_cl,,,N,724.0
469633,6999539,other,river_cl,,,N,724.0
429804,7212689,other,river_cl,,,N,723.7
430675,7214355,other,river_cl,,,N,723.4
470359,7000202,other,river_cl,,,N,723.2
470336,7214390,other,river_cl,,,N,723.2
430275,8171085,other,river_cl,,,N,723.1
470207,6999811,other,river_cl,,,N,723.0
470015,7213698,other,river_cl,,,N,722.9
430844,7000336,other,river_cl,Putaputa Stream,Putaputa Stream,N,722.8
469348,7213179,other,river_cl,,,N,722.7
429349,7640970,other,river_cl,,,N,722.4
430757,7000250,other,river_cl,,,N,722.3
430035,7641056,other,river_cl,,,N,722.2
468461,7641219,other,river_cl,,,N,722.1
468430,7212237,other,river_cl,Gollans Stream,Gollans Stream,N,721.7
430183,7213487,other,river_cl,Wainuiomata Stream,Wainuiomata Stream,N,721.6
468727,7212307,other,river_cl,,,N,721.5
429341,7640958,other,river_cl,,,N,721.3
469002,6998749,other,river_cl,Scholes Creek,Scholes Creek,N,721.1
468739,7212322,other,river_cl,,,N,720.7
470029,7213717,other,river_cl,,,N,720.6
430252,6999591,other,river_cl,,,N,720.5
469641,6999544,other,river_cl,,,N,719.8
429389,7641019,other,river_cl,,,N,719.5
469344,7213167,other,river_cl,,,N,719.3
469485,7641509,other,river_cl,Takapu Stream,Takapu Stream,N,718.9
429462,6998545,other,river_cl,,,N,718.8
469760,7213977,other,river_cl,,,N,718.6
430811,7000301,other,river_cl,,,N,718.1
429647,6998698,other,river_cl,,,N,718.0
470139,7213822,other,river_cl,Taupō Stream,Taupo Stream,Y,717.9
430616,6999786,other,river_cl,,,N,717.9
430832,7000323,other,river_cl,,,N,717.7
469984,7213673,other,river_cl,,,N,717.7
469269,7213099,other,river_cl,,,N,717.5
429913,7213114,other,river_cl,,,N,717.5
470573,7214620,other,river_cl,,,N,717.3
429797,7212674,other,river_cl,,,N,717.3
430633,7213883,other,river_cl,,,N,717.3
470324,7214376,other,river_cl,,,N,716.8
470004,8171186,other,river_cl,,,N,716.7
469529,7213434,other,river_cl,,,N,715.8
469456,7641484,other,river_cl,,,N,715.6
472846,7000482,other,river_cl,,,N,715.4
430482,7000021,other,river_cl,,,N,715.2
469497,7213399,other,river_cl,,,N,715.2
430195,6999527,other,river_cl,,,N,715.0
468548,7640924,other,river_cl,,,N,714.9
430560,6999736,other,river_cl,,,N,714.9
469001,6998748,other,river_cl,,,N,714.4
468992,7212531,other,river_cl,Graces Stream,Graces Stream,N,714.4
429351,7641382,other,river_cl,,,N,714.4
470301,7213973,other,river_cl,,,N,714.3
470395,7000232,other,river_cl,,,N,714.0
469314,6999203,other,river_cl,,,N,713.7
469526,7213430,other,river_cl,,,N,713.5
469324,6999211,other,river_cl,,,N,713.1
468841,7212427,other,river_cl,,,N,712.9
469477,7641093,other,river_cl,,,N,712.8
430694,7214377,other,river_cl,,,N,712.7
472668,7000402,other,river_cl,,,N,712.6
430239,6999574,other,river_cl,,,N,712.4
437714,7008628,other,river_cl,,,N,712.0
468617,7641384,other,river_cl,,,N,712.0
430198,7213500,other,river_cl,,,N,712.0
429521,6998606,other,river_cl,Greens Stream,Greens Stream,N,711.9
430779,7000269,other,river_cl,,,N,711.8
469328,7213164,other,river_cl,,,N,711.3
430196,6999528,other,river_cl,,,N,711.3
443217,7008826,other,river_cl,,,N,711.2
468596,7641361,other,river_cl,,,N,711.2
429364,7640995,other,river_cl,,,N,710.9
432901,7000465,other,river_cl,,,N,710.8
469966,8171185,other,river_cl,,,N,710.6
429910,6999178,other,river_cl,,,N,710.6
430384,6999919,other,river_cl,,,N,710.5
429846,7213043,other,river_cl,,,N,710.4
430074,7641488,other,river_cl,,,N,710.3
430641,6999817,other,river_cl,,,N,710.2
498042,7225355,other,river_cl,,,N,710.1
472813,7214920,other,river_cl,,,N,709.9
470405,7214458,other,river_cl,,,N,709.8
430363,6999901,other,river_cl,,,N,709.8
432891,7214890,other,river_cl,,,N,709.6
430622,6999791,other,river_cl,,,N,709.2
472458,7000122,other,river_cl,,,N,709.1
429327,7640945,other,river_cl,,,N,709.0
430535,6999715,other,river_cl,,,N,708.5
432959,7000521,other,river_cl,,,N,708.4
443253,7225374,other,river_cl,,,N,708.3
472622,7214712,other,river_cl,,,N,708.2
497955,7008828,other,river_cl,,,N,708.2
430393,6999936,other,river_cl,,,N,708.1
470411,7214467,other,river_cl,,,N,708.1
472626,7214726,other,river_cl,,,N,708.1
430518,6999683,other,river_cl,Kakaho Stream,Kakaho Stream,N,707.4
469861,7214080,other,river_cl,,,N,707.2
468772,7212347,other,river_cl,,,N,706.8
429756,7212618,other,river_cl,,,N,706.8
469059,7212604,other,river_cl,,,N,706.6
432832,7214771,other,river_cl,Puffer Creek,Puffer Creek,N,706.5
469755,7213639,other,river_cl,,,N,706.5
469949,6999994,other,river_cl,,,N,706.0
429381,7641008,other,river_cl,,,N,705.7
429954,6999219,other,river_cl,,,N,705.2
430189,7213490,other,river_cl,,,N,705.2
430056,7641072,other,river_cl,,,N,705.2
469012,6998761,other,river_cl,,,N,705.1
429717,6998727,other,river_cl,Scholes Creek,Scholes Creek,N,704.9
429530,6998611,other,river_cl,Greens Stream,Greens Stream,N,704.6
429750,6998805,other,river_cl,,,N,704.6
430037,7641041,other,river_cl,,,N,704.6
430865,7000355,other,river_cl,,,N,704.5
468551,7641316,other,river_cl,,,N,704.4
469705,7213587,other,river_cl,,,N,704.2
443243,7225296,other,river_cl,,,N,704.0
470482,7214534,other,river_cl,,,N,703.9
468833,7212417,other,river_cl,,,N,703.0
429326,7640942,other,river_cl,,,N,702.5
429309,7641317,other,river_cl,,,N,701.6
430828,7000320,other,river_cl,,,N,701.5
472910,7215022,other,river_cl,,,N,701.4
468721,7212303,other,river_cl,,,N,701.4
430240,6999575,other,river_cl,,,N,701.0
469563,7213450,other,river_cl,,,N,700.9
470149,7213834,other,river_cl,,,N,700.8
468978,7212518,other,river_cl,,,N,700.7
472770,7214849,other,river_cl,,,N,700.6
430624,6999793,other,river_cl,,,N,700.3
472460,7000130,other,river_cl,,,N,699.4
469524,7213428,other,river_cl,,,N,699.4
468425,7640987,other,river_cl,,,N,699.2
429665,6998716,other,river_cl,,,N,699.1
469731,7213619,other,river_cl,,,N,699.1
468500,7641257,other,river_cl,,,N,699.0
430463,7000004,other,river_cl,,,N,698.9
469615,7213501,other,river_cl,,,N,698.2
430551,6999728,other,river_cl,,,N,698.2
430234,6999567,other,river_cl,,,N,697.8
430063,7641076,other,river_cl,Ohariu Stream,Ohariu Stream,N,697.6
498047,7225362,other,river_cl,,,N,696.9
470538,7214591,other,river_cl,,,N,696.8
430330,7213996,other,river_cl,,,N,696.6
472598,7214695,other,river_cl,Remutaka Stream,Remutaka Stream,N,696.3
430301,6999636,other,river_cl,,,N,696.2
443218,7008827,other,river_cl,,,N,696.0
430135,6999647,other,river_cl,,,N,696.0
429562,7212422,other,river_cl,,,N,695.8
469921,6999978,other,river_cl,,,N,695.8
430111,7213416,other,river_cl,,,N,695.6
443211,7008821,other,river_cl,Frances Stream,Frances Stream,N,695.3
469421,7641446,other,river_cl,,,N,694.8
469470,7641495,other,river_cl,,,N,694.7
430847,7000338,other,river_cl,,,N,694.2
430717,7000210,other,river_cl,,,N,694.1
430587,6999759,other,river_cl,,,N,693.8
468605,7641367,other,river_cl,,,N,693.4
429307,7641306,other,river_cl,,,N,693.3
430167,6999497,other,river_cl,,,N,692.7
430705,7214394,other,river_cl,,,N,692.6
432948,7000511,other,river_cl,,,N,692.4
430320,6999862,other,river_cl,,,N,692.0
429551,6998626,other,river_cl,,,N,691.9
470523,7000296,other,river_cl,,,N,691.8
469693,7213575,other,river_cl,Pāuatahanui Stream,Pauatahanui Stream,Y,691.2
470039,7213705,other,river_cl,,,N,691.2
468541,7641304,other,river_cl,,,N,691.0
432795,7000374,other,river_cl,,,N,690.9
430200,6999534,other,river_cl,,,N,690.4
429298,7641292,other,river_cl,,,N,690.2
468767,6998584,other,river_cl,,,N,689.9
468508,7641265,other,river_cl,,,N,689.9
429346,7641380,other,river_cl,,,N,689.6
429817,6999086,other,river_cl,,,N,689.5
430649,6999825,other,river_cl,,,N,689.1
469414,7641393,other,river_cl,,,N,688.9
469445,7641474,other,river_cl,,,N,688.6
432906,7000469,other,river_cl,,,N,688.5
470329,7214380,other,river_cl,,,N,688.4
468592,7641350,other,river_cl,Ōpau Stream,Opau Stream,Y,688.2
469315,7213154,other,river_cl,,,N,687.8
469882,7214101,other,river_cl,,,N,687.6
429531,6998613,other,river_cl,,,N,687.6
430605,6999776,other,river_cl,,,N,687.5
479237,7225135,other,river_cl,,,N,687.4
470522,7000294,other,river_cl,,,N,687.3
469196,6999110,other,river_cl,,,N,687.0
430294,6999628,other,river_cl,,,N,687.0
469092,7212641,other,river_cl,,,N,686.9
430446,6999986,other,river_cl,,,N,686.5
469548,7213437,other,river_cl,,,N,686.5
430444,6999984,other,river_cl,,,N,686.4
430442,6999983,other,river_cl,,,N,686.4
429960,6999230,other,river_cl,,,N,685.8
470551,7214554,other,river_cl,,,N,685.8
469285,7213124,other,river_cl,,,N,685.7
429422,6998500,other,river_cl,,,N,685.3
432804,7000382,other,river_cl,,,N,685.0
472456,7000115,other,river_cl,,,N,684.9
430332,6999871,other,river_cl,,,N,684.8
430383,6999917,other,river_cl,,,N,684.8
443216,7008825,other,river_cl,,,N,684.8
469913,7214133,other,river_cl,,,N,684.8
430401,7214069,other,river_cl,,,N,684.6
468950,7212482,other,river_cl,Gollans Stream,Gollans Stream,N,684.6
430563,6999739,other,river_cl,,,N,684.3
429293,7640915,other,river_cl,,,N,684.2
468966,7212508,other,river_cl,,,N,684.2
430504,6999675,other,river_cl,,,N,684.1
470253,7213933,other,river_cl,,,N,683.9
430593,6999762,other,river_cl,,,N,683.3
468694,7212278,other,river_cl,Red Rock Stream,Red Rock Stream,N,683.0
469812,6999913,other,river_cl,,,N,682.8
468823,7212406,other,river_cl,,,N,682.8
479202,7225098,other,river_cl,,,N,682.7
469443,7641475,other,river_cl,,,N,682.7
470567,7214602,other,river_cl,,,N,682.3
468779,7212358,other,river_cl,,,N,682.1
468486,7640892,other,river_cl,,,N,682.1
472419,7000093,other,river_cl,,,N,682.0
432887,7000453,other,river_cl,,,N,682.0
430527,6999705,other,river_cl,,,N,682.0
432912,7000476,other,river_cl,,,N,681.7
468511,7640905,other,river_cl,,,N,681.4
429236,7212242,other,river_cl,,,N,681.3
468989,7212527,other,river_cl,Graces Stream,Graces Stream,N,680.9
470066,7213748,other,river_cl,,,N,680.6
468751,6998571,other,river_cl,,,N,680.5
470000,7213687,other,river_cl,,,N,680.4
470349,7214403,other,river_cl,,,N,680.3
429464,6998549,other,river_cl,,,N,680.1
469096,7212647,other,river_cl,,,N,680.1
430295,7213627,other,river_cl,,,N,680.0
432648,7000107,other,river_cl,,,N,679.6
472864,7214969,other,river_cl,,,N,679.6
430404,6999916,other,river_cl,,,N,679.5
429419,6998499,other,river_cl,,,N,679.3
468560,7641320,other,river_cl,,,N,679.3
468675,7212258,other,river_cl,,,N,679.1
468695,6998515,other,river_cl,,,N,679.0
470592,7214647,other,river_cl,,,N,678.9
430646,6999823,other,river_cl,,,N,678.6
469559,7213447,other,river_cl,,,N,678.5
497938,7225267,other,river_cl,,,N,678.2
468635,7641375,other,river_cl,,,N,678.2
430595,6999767,other,river_cl,,,N,678.2
470102,7213784,other,river_cl,Horokiri Stream,Horokiri Stream,N,677.8
468831,7212402,other,river_cl,,,N,677.6
430677,7214357,other,river_cl,,,N,677.5
469665,7213554,other,river_cl,,,N,677.3
468491,7640894,other,river_cl,,,N,677.2
469927,6999982,other,river_cl,,,N,677.1
472927,7215039,other,river_cl,,,N,677.0
470225,7213904,other,river_cl,,,N,677.0
468641,7641014,other,river_cl,,,N,676.8
470535,7000307,other,river_cl,,,N,676.4
470401,7214456,other,river_cl,,,N,676.0
470017,6999677,other,river_cl,,,N,676.0
470412,7214465,other,river_cl,,,N,675.8
470191,7213877,other,river_cl,Horokiri Stream,Horokiri Stream,N,675.8
430124,6999457,other,river_cl,,,N,675.6
430125,6999455,other,river_cl,,,N,675.5
429428,6998507,other,river_cl,,,N,675.4
430180,6999514,other,river_cl,,,N,675.4
430608,6999772,other,river_cl,,,N,675.4
430805,7000293,other,river_cl,,,N,675.3
430599,7213824,other,river_cl,,,N,675.1
468454,7641217,other,river_cl,,,N,674.9
429655,7212504,other,river_cl,,,N,674.9
468471,7641222,other,river_cl,Oteranga Stream,Oteranga Stream,N,674.6
430602,7213838,other,river_cl,,,N,674.4
430345,7214002,other,river_cl,,,N,674.2
429297,7640917,other,river_cl,,,N,673.5
470310,7214362,other,river_cl,,,N,673.2
468775,7212348,other,river_cl,,,N,673.1
430453,6999992,other,river_cl,Cooleys Stream,Cooleys Stream,N,672.6
479132,7225032,other,river_cl,,,N,672.6
469827,7214050,other,river_cl,,,N,672.5
430060,7641074,other,river_cl,,,N,672.2
432878,7000341,other,river_cl,,,N,672.0
470124,7213805,other,river_cl,,,N,671.9
430450,6999989,other,river_cl,,,N,671.8
430824,7000313,other,river_cl,,,N,671.8
469293,7213129,other,river_cl,,,N,671.5
470428,7214479,other,river_cl,,,N,671.5
468729,7212308,other,river_cl,,,N,671.3
430440,7214139,other,river_cl,,,N,671.1
469474,7213385,other,river_cl,,,N,670.9
468634,7641365,other,river_cl,,,N,670.8
429292,7640914,other,river_cl,,,N,670.2
430036,7641460,other,river_cl,,,N,669.6
479174,7225070,other,river_cl,Deadwood Stream,Deadwood Stream,N,669.4
470019,7213708,other,river_cl,,,N,669.4
469177,7212992,other,river_cl,,,N,669.3
430868,7214671,other,river_cl,,,N,668.9
429953,6999217,other,river_cl,,,N,668.5
470505,7214560,other,river_cl,,,N,668.3
429808,6999080,other,river_cl,,,N,668.0
430211,7213526,other,river_cl,,,N,668.0
430722,7214425,other,river_cl,,,N,667.8
443220,7008834,other,river_cl,,,N,667.8
468722,6998544,other,river_cl,,,N,667.7
432798,7214697,other,river_cl,,,N,667.5
468755,6998572,other,river_cl,,,N,667.3
470174,7213860,other,river_cl,,,N,667.3
429447,6998530,other,river_cl,,,N,667.1
430151,6999480,other,river_cl,Korokoro Stream,Korokoro Stream,N,667.1
20595,6786393,other,drain_cl,,,N,666.5
429235,7640990,other,river_cl,,,N,666.5
469545,6999469,other,river_cl,,,N,666.2
469761,6999856,other,river_cl,,,N,665.5
470528,7214583,other,river_cl,,,N,665.3
469326,7213161,other,river_cl,,,N,665.3
479209,7225106,other,river_cl,,,N,665.0
20573,6786369,other,drain_cl,,,N,664.7
468672,7212257,other,river_cl,,,N,664.7
432788,7000363,other,river_cl,,,N,664.6
469416,7641447,other,river_cl,Ohariu Stream,Ohariu Stream,N,664.5
469996,7213677,other,river_cl,,,N,664.4
429376,7641012,other,river_cl,,,N,664.3
429237,6998483,other,river_cl,,,N,664.2
468948,7212486,other,river_cl,,,N,663.9
469644,7213529,other,river_cl,,,N,663.9
430421,6999965,other,river_cl,,,N,663.8
429836,7213029,other,river_cl,,,N,662.5
479138,7225038,other,river_cl,,,N,662.4
470487,7214535,other,river_cl,,,N,662.3
469090,7212639,other,river_cl,,,N,662.2
470394,7214449,other,river_cl,,,N,661.8
469149,7212558,other,river_cl,,,N,661.6
468601,7641364,other,river_cl,,,N,661.6
429754,7212615,other,river_cl,,,N,661.0
430621,7213848,other,river_cl,,,N,661.0
472592,7214693,other,river_cl,,,N,660.6
429708,6998752,other,river_cl,,,N,660.5
429312,7640932,other,river_cl,,,N,660.4
469558,7213446,other,river_cl,,,N,660.4
470114,7213799,other,river_cl,,,N,660.4
468408,7641185,other,river_cl,,,N,660.0
430394,6999935,other,river_cl,,,N,659.9
429328,7640954,other,river_cl,,,N,659.4
469576,6999505,other,river_cl,,,N,659.4
430712,7214413,other,river_cl,,,N,659.4
469668,7213536,other,river_cl,,,N,659.3
470353,7000198,other,river_cl,,,N,659.3
430802,7000290,other,river_cl,Titi Stream,Titi Stream,N,659.3
468603,7641372,other,river_cl,Mākara Stream,Makara Stream,Y,659.2
430656,6999797,other,river_cl,,,N,659.1
468554,7641315,other,river_cl,,,N,659.0
470218,7213898,other,river_cl,,,N,658.8
468728,6998553,other,river_cl,,,N,658.7
469509,7213413,other,river_cl,,,N,658.5
429525,6998610,other,river_cl,Greens Stream,Greens Stream,N,658.4
469648,7213531,other,river_cl,Duck Creek,Duck Creek,N,658.0
470476,7214507,other,river_cl,,,N,657.9
469420,7641445,other,river_cl,,,N,657.8
468545,7641302,other,river_cl,,,N,657.3
468577,7640930,other,river_cl,,,N,657.3
498059,7008866,other,river_cl,,,N,657.2
468987,6998734,other,river_cl,,,N,657.2
430362,7214019,other,river_cl,,,N,657.1
469988,7213674,other,river_cl,Kakaho Stream,Kakaho Stream,N,657.1
469553,7213440,other,river_cl,Korokoro Stream,Korokoro Stream,N,656.6
472619,7214713,other,river_cl,,,N,656.0
470024,6999679,other,river_cl,,,N,655.7
429441,6998525,other,river_cl,,,N,655.5
429914,6999181,other,river_cl,,,N,655.1
468566,7641342,other,river_cl,,,N,655.0
470591,7214645,other,river_cl,,,N,654.7
469337,6999218,other,river_cl,,,N,654.6
469043,7212583,other,river_cl,Whakanui Creek,Whakanui Creek,N,654.3
469767,7213989,other,river_cl,,,N,654.3
430079,6999408,other,river_cl,,,N,654.0
470007,7213693,other,river_cl,,,N,653.7
469764,7213982,other,river_cl,,,N,653.5
430451,6999990,other,river_cl,,,N,653.4
430175,6999504,other,river_cl,Speedys Stream,Speedys Stream,N,653.2
430768,7000259,other,river_cl,,,N,652.9
432964,7000528,other,river_cl,,,N,652.9
430858,7000346,other,river_cl,,,N,652.7
443206,7225096,other,river_cl,,,N,652.7
430221,6999552,other,river_cl,,,N,652.7
468527,7641282,other,river_cl,,,N,652.6
430792,7000280,other,river_cl,,,N,652.5
472405,7000085,other,river_cl,Climie Creek,Climie Creek,N,652.4
429374,6998657,other,river_cl,,,N,652.2
470032,7213719,other,river_cl,,,N,652.1
432665,7000123,other,river_cl,,,N,651.9
468761,7212338,other,river_cl,Gollans Stream,Gollans Stream,N,651.7
429697,6998753,other,river_cl,,,N,651.3
468686,7212270,other,river_cl,,,N,651.2
429916,6999180,other,river_cl,,,N,651.0
429939,6999201,other,river_cl,,,N,650.8
429331,7640957,other,river_cl,,,N,650.5
437752,7225069,other,river_cl,Deadwood Stream,Deadwood Stream,N,650.3
432787,7000362,other,river_cl,,,N,650.1
468765,7212340,other,river_cl,Gollans Stream,Gollans Stream,N,650.1
470005,7213690,other,river_cl,,,N,650.0
430205,6999536,other,river_cl,,,N,649.9
470590,7214644,other,river_cl,,,N,649.7
472835,7000475,other,river_cl,,,N,649.5
469076,7212625,other,river_cl,,,N,649.5
469463,7641496,other,river_cl,,,N,649.5
430773,7000266,other,river_cl,,,N,649.4
469571,7213459,other,river_cl,,,N,649.3
430695,7000186,other,river_cl,,,N,649.3
469829,6999923,other,river_cl,,,N,649.2
472754,7214856,other,river_cl,,,N,649.1
429443,6998528,other,river_cl,,,N,648.7
472821,7000473,other,river_cl,,,N,648.3
429666,6998718,other,river_cl,,,N,648.1
469070,7212619,other,river_cl,,,N,648.1
470382,7214435,other,river_cl,,,N,647.7
469446,7641479,other,river_cl,,,N,647.6
470125,7213808,other,river_cl,Wainui Stream,Wainui Stream,N,647.6
470180,7213866,other,river_cl,,,N,647.3
429806,6998850,other,river_cl,,,N,647.1
470014,7213702,other,river_cl,,,N,647.0
430339,6999882,other,river_cl,,,N,646.8
430399,6999939,other,river_cl,,,N,646.3
468988,7212507,other,river_cl,,,N,646.3
468431,7212238,other,river_cl,,,N,646.2
429767,7212627,other,river_cl,,,N,646.2
468670,7212256,other,river_cl,,,N,646.0
468428,6998475,other,river_cl,,,N,646.0
472899,7215014,other,river_cl,,,N,645.9
470360,7214412,other,river_cl,,,N,645.8
468504,7641261,other,river_cl,,,N,645.8
468639,7641412,other,river_cl,,,N,645.8
430639,6999815,other,river_cl,,,N,645.8
497968,7225290,other,river_cl,,,N,645.5
469797,7214018,other,river_cl,,,N,645.3
470549,7214601,other,river_cl,,,N,645.2
470228,7213907,other,river_cl,,,N,645.1
468514,7641274,other,river_cl,,,N,645.0
468593,7641348,other,river_cl,,,N,645.0
429748,6998799,other,river_cl,,,N,644.8
468473,7641225,other,river_cl,,,N,644.3
469711,7213593,other,river_cl,,,N,644.2
468650,7641424,other,river_cl,,,N,644.1
469514,7213419,other,river_cl,Mitchell Stream,Mitchell Stream,N,644.1
432824,7000397,other,river_cl,,,N,644.0
470371,7214410,other,river_cl,,,N,644.0
469853,6999940,other,river_cl,,,N,643.9
468679,7212263,other,river_cl,,,N,643.9
429299,7641293,other,river_cl,,,N,643.8
429832,7213019,other,river_cl,,,N,643.6
469606,7213481,other,river_cl,,,N,643.6
430643,6999818,other,river_cl,,,N,643.5
432888,7000443,other,river_cl,,,N,643.0
469581,7213467,other,river_cl,,,N,643.0
429208,7640838,other,river_cl,,,N,642.8
472624,7214720,other,river_cl,Puffer Creek,Puffer Creek,N,642.5
430191,6999522,other,river_cl,,,N,642.4
469473,6999415,other,river_cl,,,N,642.4
429277,7640899,other,river_cl,,,N,642.3
469708,7213591,other,river_cl,,,N,642.2
470460,7214516,other,river_cl,,,N,642.1
429564,6998640,other,river_cl,,,N,642.0
469462,7213375,other,river_cl,Korokoro Stream,Korokoro Stream,N,642.0
470307,7214359,other,river_cl,,,N,641.6
469646,7213530,other,river_cl,,,N,641.4
470504,7214559,other,river_cl,,,N,640.9
468576,7641326,other,river_cl,,,N,640.7
469561,7213448,other,river_cl,,,N,640.7
20593,6786389,other,drain_cl,,,N,640.6
432882,7000446,other,river_cl,,,N,640.6
437713,7008624,other,river_cl,,,N,640.6
469182,7212587,other,river_cl,,,N,640.5
430070,7641086,other,river_cl,,,N,640.4
429561,7212421,other,river_cl,,,N,640.2
469596,7213483,other,river_cl,,,N,640.2
430803,6999853,other,river_cl,,,N,640.0
430821,7000310,other,river_cl,,,N,639.6
468467,7641232,other,river_cl,,,N,639.6
430629,6999799,other,river_cl,Horokiri Stream,Horokiri Stream,N,639.6
432662,7214307,other,river_cl,,,N,639.4
429746,6998797,other,river_cl,,,N,639.4
430836,7000325,other,river_cl,,,N,638.8
429276,7641242,other,river_cl,,,N,638.8
497948,7225273,other,river_cl,,,N,638.7
432910,7214936,other,river_cl,Pukeruru Stream,Pukeruru Stream,N,638.5
469805,7214028,other,river_cl,,,N,638.5
429425,6998504,other,river_cl,,,N,638.1
429278,7640900,other,river_cl,,,N,638.0
470562,7214610,other,river_cl,,,N,637.8
469995,6999670,other,river_cl,,,N,637.7
429527,7212364,other,river_cl,,,N,637.4
430512,6999690,other,river_cl,,,N,637.3
429472,7212313,other,river_cl,,,N,637.2
430674,7214351,other,river_cl,,,N,637.1
469057,7212595,other,river_cl,,,N,636.9
469994,7213683,other,river_cl,,,N,636.8
429903,7212631,other,river_cl,,,N,636.5
429320,7640940,other,river_cl,,,N,636.5
469863,6999947,other,river_cl,,,N,636.3
430801,6999852,other,river_cl,,,N,636.3
430274,7213601,other,river_cl,,,N,636.1
429918,7213101,other,river_cl,,,N,635.4
469796,7214014,other,river_cl,,,N,635.3
469140,7212692,other,river_cl,,,N,634.8
429427,7212271,other,river_cl,Karaka Stream,Karaka Stream,N,634.7
432927,7214973,other,river_cl,,,N,634.5
469577,7213460,other,river_cl,,,N,634.2
470343,7214399,other,river_cl,,,N,634.0
468784,7212330,other,river_cl,,,N,633.8
469035,6998781,other,river_cl,,,N,633.7
469554,6999486,other,river_cl,,,N,633.6
468944,7212481,other,river_cl,,,N,633.5
469516,7213418,other,river_cl,Mill Creek,Mill Creek,N,633.5
472602,7214700,other,river_cl,,,N,633.2
429308,7641313,other,river_cl,,,N,633.1
470459,7213925,other,river_cl,,,N,633.1
429659,7212510,other,river_cl,,,N,633.0
468980,6998721,other,river_cl,,,N,632.0
430476,7000013,other,river_cl,Mahers Stream,Mahers Stream,N,631.9
469907,7214125,other,river_cl,,,N,631.9
430313,6999857,other,river_cl,,,N,631.8
432872,7000434,other,river_cl,,,N,631.6
432884,7000450,other,river_cl,,,N,631.6
432619,7214170,other,river_cl,,,N,631.4
468421,7641192,other,river_cl,,,N,631.3
429290,7641279,other,river_cl,,,N,631.2
470121,7213803,other,river_cl,,,N,631.2
429258,7641208,other,river_cl,,,N,631.1
468608,7641376,other,river_cl,,,N,630.9
443205,7008812,other,river_cl,Renata Stream,Renata Stream,N,630.8
470222,7213902,other,river_cl,,,N,630.8
468692,7212272,other,river_cl,,,N,630.6
469627,7213514,other,river_cl,,,N,630.6
470563,7000327,other,river_cl,,,N,630.3
469341,7213173,other,river_cl,,,N,630.0
468699,6998521,other,river_cl,,,N,630.0
469432,7641464,other,river_cl,,,N,630.0
430791,7000279,other,river_cl,,,N,629.9
430565,6999741,other,river_cl,,,N,629.9
469807,7214031,other,river_cl,Narrow Neck Stream,Narrow Neck Stream,N,629.8
469821,7214043,other,river_cl,,,N,629.7
469141,7212972,other,river_cl,Boulder Creek,Boulder Creek,N,629.5
469540,7213660,other,river_cl,,,N,629.5
430400,6999941,other,river_cl,,,N,629.3
469751,7213636,other,river_cl,,,N,629.3
470100,7213780,other,river_cl,,,N,629.3
429262,7640881,other,river_cl,,,N,629.2
470082,7213765,other,river_cl,,,N,628.8
430707,7000195,other,river_cl,,,N,628.8
430049,7641061,other,river_cl,,,N,628.4
468414,7641196,other,river_cl,,,N,628.3
469087,6998818,other,river_cl,,,N,628.3
430168,6999498,other,river_cl,,,N,628.3
469909,7214127,other,river_cl,,,N,628.3
470351,7214404,other,river_cl,,,N,628.3
430484,7000023,other,river_cl,,,N,628.2
430365,6999902,other,river_cl,,,N,628.0
469806,7214030,other,river_cl,,,N,627.9
470469,7214523,other,river_cl,Titi Stream,Titi Stream,N,627.9
469121,7212676,other,river_cl,,,N,627.8
468651,7641422,other,river_cl,,,N,627.7
430326,6999867,other,river_cl,,,N,627.6
469160,7212991,other,river_cl,,,N,627.1
472629,7214723,other,river_cl,,,N,626.9
432895,7000459,other,river_cl,,,N,626.8
430093,7641097,other,river_cl,,,N,626.4
472772,7214875,other,river_cl,,,N,626.1
432908,7214930,other,river_cl,,,N,626.0
468678,7212262,other,river_cl,,,N,626.0
469547,7213436,other,river_cl,,,N,626.0
430769,7000261,other,river_cl,,,N,625.9
468600,7641363,other,river_cl,North Mākara Stream,North Makara Stream,Y,625.9
430316,6999860,other,river_cl,,,N,625.9
430290,6999625,other,river_cl,,,N,625.8
430305,6999643,other,river_cl,,,N,625.5
469612,6999530,other,river_cl,,,N,625.4
469867,6999952,other,river_cl,,,N,624.8
470569,7214616,other,river_cl,Putaputa Stream,Putaputa Stream,N,624.8
468453,7641215,other,river_cl,,,N,624.7
468522,7641285,other,river_cl,,,N,624.6
468777,7212356,other,river_cl,,,N,624.5
469784,7214003,other,river_cl,,,N,624.4
430350,7214007,other,river_cl,,,N,623.9
470210,7213892,other,river_cl,,,N,623.8
430423,7214108,other,river_cl,,,N,623.5
430553,7213766,other,river_cl,,,N,623.5
479189,7225087,other,river_cl,,,N,623.4
468754,7212249,other,river_cl,,,N,623.0
468586,7641349,other,river_cl,,,N,622.8
469686,7213571,other,river_cl,Pāuatahanui Stream,Pauatahanui Stream,Y,622.8
429225,7212231,other,river_cl,,,N,622.6
470221,7213901,other,river_cl,,,N,622.6
429653,7212500,other,river_cl,,,N,622.4
429753,7212613,other,river_cl,,,N,622.4
469025,7212565,other,river_cl,,,N,622.1
429927,6999186,other,river_cl,,,N,621.9
430799,7000286,other,river_cl,Wedgery Creek,Wedgery Creek,N,621.4
468951,7212487,other,river_cl,,,N,621.3
469753,7213637,other,river_cl,,,N,621.3
432658,7000117,other,river_cl,,,N,621.1
480707,7641386,other,river_cl,Mākara Stream,Makara Stream,Y,621.0
430172,6999490,other,river_cl,,,N,621.0
470205,7213890,other,river_cl,,,N,621.0
470602,7214656,other,river_cl,,,N,620.9
468842,7212428,other,river_cl,,,N,620.9
470181,7213867,other,river_cl,,,N,620.9
430364,6999900,other,river_cl,,,N,620.8
469569,7213451,other,river_cl,,,N,620.7
469500,7641514,other,river_cl,Mill Creek,Mill Creek,N,620.7
469684,7213567,other,river_cl,,,N,620.7
429287,7640913,other,river_cl,,,N,620.5
429956,6999223,other,river_cl,,,N,620.4
469299,7213137,other,river_cl,,,N,620.2
430432,7214131,other,river_cl,,,N,620.2
470471,7214524,other,river_cl,,,N,620.1
432876,7000439,other,river_cl,,,N,619.8
469153,7212984,other,river_cl,,,N,619.5
430285,6999621,other,river_cl,,,N,619.5
498060,7225363,other,river_cl,,,N,619.4
468781,7212359,other,river_cl,,,N,619.2
469917,7214135,other,river_cl,,,N,619.2
470407,7214462,other,river_cl,,,N,618.9
430582,7213789,other,river_cl,,,N,618.7
469267,6999174,other,river_cl,,,N,618.6
472854,7214961,other,river_cl,,,N,618.4
430561,6999737,other,river_cl,,,N,618.4
468780,7212360,other,river_cl,,,N,618.2
437769,7008684,other,river_cl,,,N,618.1
469147,7212980,other,river_cl,Ryan Creek,Ryan Creek,N,618.1
469589,6999511,other,river_cl,,,N,618.1
469830,7214054,other,river_cl,,,N,618.0
432672,7000129,other,river_cl,,,N,617.9
429776,6998824,other,river_cl,,,N,617.8
469109,6998837,other,river_cl,,,N,617.8
429802,7212666,other,river_cl,,,N,617.5
469580,6999507,other,river_cl,,,N,617.5
470490,7000281,other,river_cl,,,N,617.4
468501,7641264,other,river_cl,,,N,617.4
468447,7640870,other,river_cl,,,N,617.4
470175,7213862,other,river_cl,,,N,617.4
429789,6998838,other,river_cl,,,N,617.3
469451,7641084,other,river_cl,,,N,617.3
470247,6999830,other,river_cl,,,N,617.3
470429,7214488,other,river_cl,,,N,617.1
429347,7640964,other,river_cl,Ōpau Stream,Opau Stream,Y,617.1
468555,7641321,other,river_cl,,,N,616.4
470001,7213688,other,river_cl,,,N,616.4
468452,7641227,other,river_cl,,,N,616.0
429718,7212561,other,river_cl,,,N,615.9
430193,6999525,other,river_cl,,,N,615.9
430219,7213546,other,river_cl,,,N,615.9
429722,7212566,other,river_cl,Skerretts Creek,Skerretts Creek,N,615.8
469637,7213521,other,river_cl,,,N,615.8
470103,7213785,other,river_cl,,,N,615.8
468519,7641291,other,river_cl,Mākara Stream,Makara Stream,Y,615.7
469568,7213457,other,river_cl,,,N,615.7
472585,7214684,other,river_cl,,,N,615.6
469792,7214013,other,river_cl,,,N,615.6
468422,7641194,other,river_cl,,,N,615.4
469450,7641485,other,river_cl,,,N,615.4
469042,7212579,other,river_cl,,,N,615.3
469677,8171180,other,river_cl,,,N,615.2
429504,6998586,other,river_cl,Catchpool Stream,Catchpool Stream,N,615.0
469099,7212651,other,river_cl,,,N,615.0
470426,7214484,other,river_cl,,,N,614.8
469734,7213621,other,river_cl,Pāuatahanui Stream,Pauatahanui Stream,Y,614.7
429481,6998563,other,river_cl,Catchpool Stream,Catchpool Stream,N,614.5
469028,7212569,other,river_cl,,,N,614.2
469438,7641476,other,river_cl,Ohariu Stream,Ohariu Stream,N,614.1
469793,7214015,other,river_cl,,,N,613.7
469940,7214156,other,river_cl,,,N,613.5
469069,6998798,other,river_cl,,,N,613.4
470038,7213722,other,river_cl,,,N,613.2
470215,7213897,other,river_cl,,,N,613.1
470589,7214642,other,river_cl,,,N,612.9
429642,6998693,other,river_cl,,,N,612.9
430022,7641443,other,river_cl,,,N,612.9
429467,7212306,other,river_cl,,,N,612.8
469847,7214065,other,river_cl,,,N,612.4
429905,6999171,other,river_cl,Big Huia Creek,Big Huia Creek,N,612.4
468404,7641183,other,river_cl,,,N,612.3
430300,6999637,other,river_cl,,,N,612.1
437766,7225075,other,river_cl,,,N,611.9
468479,7641239,other,river_cl,,,N,611.8
429902,6999167,other,river_cl,,,N,611.8
430392,6999931,other,river_cl,,,N,610.9
430209,6999541,other,river_cl,,,N,610.8
470311,7214364,other,river_cl,,,N,610.8
469786,7214006,other,river_cl,Narrow Neck Stream,Narrow Neck Stream,N,610.6
430208,7213510,other,river_cl,,,N,610.5
432913,7000477,other,river_cl,,,N,610.4
468945,7212483,other,river_cl,,,N,610.3
469100,7212652,other,river_cl,Crowthers Creek,Crowthers Creek,N,610.3
430579,6999752,other,river_cl,,,N,610.3
469952,7214158,other,river_cl,,,N,610.2
469560,6999488,other,river_cl,,,N,610.0
470456,7214514,other,river_cl,,,N,609.6
468743,7212326,other,river_cl,,,N,609.5
429266,7640880,other,river_cl,,,N,609.3
430557,6999733,other,river_cl,,,N,609.3
472596,7214686,other,river_cl,,,N,609.2
469856,7214076,other,river_cl,,,N,609.0
472410,7214256,other,river_cl,,,N,608.7
469088,6998819,other,river_cl,,,N,608.7
468572,7641343,other,river_cl,,,N,608.6
469574,7213463,other,river_cl,Speedys Stream,Speedys Stream,N,608.4
430186,6999519,other,river_cl,,,N,608.4
429310,7641318,other,river_cl,,,N,608.3
468594,7641370,other,river_cl,Mākara Stream,Makara Stream,Y,608.2
470352,7213821,other,river_cl,,,N,608.0
472767,7214869,other,river_cl,,,N,607.9
430770,7000262,other,river_cl,,,N,607.8
20561,6786297,other,drain_cl,,,N,607.7
432949,7000512,other,river_cl,,,N,607.6
470062,7213742,other,river_cl,,,N,607.6
429709,7212551,other,river_cl,,,N,607.3
469110,7212658,other,river_cl,,,N,607.0
430462,7214174,other,river_cl,,,N,606.8
430185,7213486,other,river_cl,,,N,606.8
470497,7214545,other,river_cl,,,N,606.6
432883,7000447,other,river_cl,,,N,606.6
470337,7214392,other,river_cl,,,N,606.6
469005,7212542,other,river_cl,,,N,606.3
470089,7213771,other,river_cl,,,N,606.1
469657,7213545,other,river_cl,,,N,606.0
469020,7212555,other,river_cl,,,N,605.8
470335,7214389,other,river_cl,,,N,605.8
469422,7641441,other,river_cl,Ohariu Stream,Ohariu Stream,N,605.6
469200,6999109,other,river_cl,,,N,605.1
470421,7214478,other,river_cl,,,N,605.0
432793,7000370,other,river_cl,,,N,605.0
497963,7008830,other,river_cl,,,N,604.7
470305,7214353,other,river_cl,,,N,604.6
469089,6998822,other,river_cl,,,N,604.5
468648,7641417,other,river_cl,,,N,604.5
470256,7213937,other,river_cl,Horokiri Stream,Horokiri Stream,N,604.5
470220,7213886,other,river_cl,,,N,604.3
430709,7000196,other,river_cl,,,N,604.3
469106,7212657,other,river_cl,,,N,604.2
469849,7214067,other,river_cl,,,N,603.8
468602,7641351,other,river_cl,,,N,603.7
430467,7000006,other,river_cl,,,N,602.8
472895,7215008,other,river_cl,,,N,602.8
472759,7214865,other,river_cl,,,N,602.2
430610,6999778,other,river_cl,,,N,602.0
469789,7214010,other,river_cl,Black Stream,Black Stream,N,601.9
430636,6999808,other,river_cl,Horokiri Stream,Horokiri Stream,N,601.9
430143,6999657,other,river_cl,,,N,601.7
472581,7214681,other,river_cl,,,N,601.5
469844,7214061,other,river_cl,,,N,601.3
430289,6999627,other,river_cl,,,N,601.0
469291,7213126,other,river_cl,,,N,600.8
468993,7212532,other,river_cl,,,N,600.8
429391,7641020,other,river_cl,,,N,600.7
470518,7214575,other,river_cl,Titi Stream,Titi Stream,N,600.7
468979,7212519,other,river_cl,,,N,600.6
430464,7000005,other,river_cl,,,N,600.1
469599,6999518,other,river_cl,,,N,600.1
468697,7212281,other,river_cl,,,N,600.0
469925,7214144,other,river_cl,,,N,599.6
430099,6999433,other,river_cl,,,N,599.5
469158,7212985,other,river_cl,,,N,599.4
20581,6786381,other,drain_cl,,,N,599.0
468490,7641253,other,river_cl,,,N,598.9
469187,7213023,other,river_cl,Big Huia Creek,Big Huia Creek,N,598.9
430129,7213427,other,river_cl,,,N,598.5
430272,7213599,other,river_cl,,,N,598.4
429959,7213178,other,river_cl,,,N,598.2
429566,6998634,other,river_cl,,,N,598.1
472867,7214972,other,river_cl,,,N,598.0
469461,7213374,other,river_cl,,,N,597.9
472675,7214719,other,river_cl,,,N,597.1
429730,7212580,other,river_cl,,,N,596.9
469583,7213469,other,river_cl,,,N,596.8
430781,6999829,other,river_cl,,,N,596.8
469743,7213629,other,river_cl,Pāuatahanui Stream,Pauatahanui Stream,Y,596.7
470289,7213965,other,river_cl,,,N,596.7
430532,6999711,other,river_cl,,,N,596.6
469061,7212607,other,river_cl,,,N,596.5
469083,7212635,other,river_cl,,,N,596.3
469286,7213127,other,river_cl,,,N,595.7
468438,7212248,other,river_cl,,,N,595.6
468821,6998630,other,river_cl,,,N,595.5
468748,6998566,other,river_cl,,,N,595.3
468760,6998581,other,river_cl,,,N,595.0
470452,7214508,other,river_cl,,,N,594.9
470410,7214464,other,river_cl,Benge Creek,Benge Creek,N,594.7
469440,7641471,other,river_cl,Ohariu Stream,Ohariu Stream,N,594.6
469838,7214047,other,river_cl,,,N,594.5
470605,7214658,other,river_cl,Frances Stream,Frances Stream,N,594.4
468996,6998744,other,river_cl,,,N,594.2
469053,7212600,other,river_cl,,,N,593.6
430486,7000027,other,river_cl,,,N,593.5
432918,7214954,other,river_cl,,,N,593.5
469682,7213565,other,river_cl,,,N,593.4
468958,7212495,other,river_cl,,,N,593.3
472674,7214716,other,river_cl,,,N,593.2
468787,7212366,other,river_cl,,,N,593.1
497971,7225294,other,river_cl,,,N,593.0
469018,7212557,other,river_cl,,,N,593.0
468563,7641337,other,river_cl,,,N,593.0
469811,7214035,other,river_cl,,,N,592.9
430039,7641456,other,river_cl,,,N,592.9
470194,7213882,other,river_cl,,,N,592.9
470596,7214650,other,river_cl,,,N,592.8
468961,7212502,other,river_cl,,,N,592.8
472843,7214952,other,river_cl,,,N,592.1
470003,8171187,other,river_cl,,,N,592.1
468451,7641212,other,river_cl,,,N,592.0
430164,7213454,other,river_cl,,,N,591.8
469507,7213411,other,river_cl,,,N,591.6
470339,7214395,other,river_cl,,,N,591.5
468544,7641303,other,river_cl,,,N,591.4
470328,7214379,other,river_cl,,,N,591.4
468507,7641259,other,river_cl,,,N,591.2
468498,7641256,other,river_cl,,,N,591.1
429567,6998642,other,river_cl,,,N,591.1
469027,7212568,other,river_cl,Skerretts Creek,Skerretts Creek,N,591.0
469855,7214073,other,river_cl,Cooleys Stream,Cooleys Stream,N,590.8
469803,7214025,other,river_cl,,,N,590.8
432625,7000088,other,river_cl,,,N,590.7
430589,6999761,other,river_cl,,,N,590.7
430704,7000192,other,river_cl,,,N,590.4
469015,6998762,other,river_cl,,,N,590.1
470255,7213934,other,river_cl,,,N,590.1
472590,7000373,other,river_cl,,,N,590.0
470054,6999703,other,river_cl,,,N,589.9
470443,7214499,other,river_cl,,,N,589.7
470018,7213704,other,river_cl,Kakaho Stream,Kakaho Stream,N,589.7
468971,7212511,other,river_cl,,,N,589.5
429434,7212279,other,river_cl,,,N,589.3
443219,7008832,other,river_cl,,,N,589.2
469191,6999103,other,river_cl,,,N,589.2
472457,7214308,other,river_cl,,,N,589.1
470169,7213854,other,river_cl,,,N,589.1
469943,7214159,other,river_cl,,,N,589.0
470430,7214490,other,river_cl,,,N,588.9
469535,7213655,other,river_cl,,,N,588.9
472905,7215019,other,river_cl,,,N,588.5
429367,7641403,other,river_cl,,,N,588.5
429301,7640918,other,river_cl,,,N,588.5
469831,6999925,other,river_cl,,,N,588.4
470147,7213832,other,river_cl,,,N,587.9
470096,7213776,other,river_cl,,,N,587.8
429681,6998732,other,river_cl,,,N,587.7
430642,6999804,other,river_cl,,,N,587.6
468647,7641427,other,river_cl,,,N,587.5
429775,7212640,other,river_cl,,,N,587.3
430526,6999704,other,river_cl,,,N,586.9
469265,6999169,other,river_cl,,,N,586.8
469828,7214052,other,river_cl,,,N,586.7
469997,7213678,other,river_cl,,,N,586.7
468848,7212436,other,river_cl,,,N,586.6
429795,7212668,other,river_cl,,,N,586.6
432871,7000334,other,river_cl,,,N,586.5
429790,7212661,other,river_cl,,,N,586.3
472617,7214714,other,river_cl,,,N,585.9
470537,7214589,other,river_cl,,,N,585.8
469919,7214137,other,river_cl,,,N,585.7
430797,6999846,other,river_cl,,,N,585.7
468472,7641235,other,river_cl,Oteranga Stream,Oteranga Stream,N,585.4
429793,7212653,other,river_cl,,,N,585.1
430673,6999731,other,river_cl,,,N,585.0
430340,6999881,other,river_cl,,,N,584.9
468571,7641323,other,river_cl,,,N,584.9
469591,7213480,other,river_cl,,,N,584.9
437720,7008632,other,river_cl,,,N,584.7
469103,7212654,other,river_cl,,,N,584.5
430192,6999524,other,river_cl,,,N,584.5
469944,7214160,other,river_cl,,,N,584.4
429763,6998811,other,river_cl,George Creek,George Creek,N,584.4
430456,7214165,other,river_cl,,,N,583.9
470237,7213917,other,river_cl,,,N,583.9
469270,7213104,other,river_cl,,,N,583.8
430281,6999577,other,river_cl,,,N,583.6
469214,7213047,other,river_cl,,,N,583.4
472647,7214741,other,river_cl,,,N,583.4
430204,6999508,other,river_cl,,,N,583.4
430078,7213373,other,river_cl,,,N,583.3
470044,7213712,other,river_cl,,,N,583.1
470370,7214424,other,river_cl,,,N,583.0
470557,7214606,other,river_cl,,,N,582.7
469964,7214178,other,river_cl,,,N,582.6
470577,7214628,other,river_cl,,,N,582.4
472638,7214734,other,river_cl,,,N,582.1
468559,7641319,other,river_cl,,,N,582.0
470229,7213908,other,river_cl,,,N,581.5
429303,7640925,other,river_cl,,,N,581.4
469350,7213182,other,river_cl,,,N,581.3
468510,7641263,other,river_cl,Karori Stream,Karori Stream,N,581.3
468424,7641394,other,river_cl,,,N,581.1
470385,7214439,other,river_cl,,,N,580.9
468956,7212493,other,river_cl,Gollans Stream,Gollans Stream,N,580.7
469273,7213109,other,river_cl,,,N,580.0
430415,6999956,other,river_cl,,,N,579.9
469880,7214099,other,river_cl,,,N,579.8
468963,7212506,other,river_cl,,,N,579.8
468964,6998707,other,river_cl,,,N,579.8
469082,7212629,other,river_cl,,,N,579.8
470243,7213923,other,river_cl,,,N,579.8
469706,7213588,other,river_cl,,,N,579.7
430224,6999554,other,river_cl,,,N,579.6
470325,7214378,other,river_cl,,,N,579.4
430190,6999521,other,river_cl,,,N,579.2
469532,7213648,other,river_cl,,,N,579.0
472739,7214838,other,river_cl,Putaputa Stream,Putaputa Stream,N,578.9
469746,7213632,other,river_cl,,,N,578.9
469202,7213034,other,river_cl,,,N,578.8
470354,7214405,other,river_cl,,,N,578.5
470217,7213899,other,river_cl,,,N,578.5
429522,7212363,other,river_cl,,,N,578.4
469934,7214152,other,river_cl,,,N,578.2
470532,7214588,other,river_cl,,,N,578.2
497972,7225298,other,river_cl,,,N,578.2
469045,7212585,other,river_cl,,,N,578.2
468578,7641327,other,river_cl,,,N,578.2
432579,7214098,other,river_cl,Redington Stream,Redington Stream,N,578.1
469748,7213633,other,river_cl,,,N,577.8
468952,7212488,other,river_cl,Gollans Stream,Gollans Stream,N,577.7
472661,7214744,other,river_cl,,,N,577.5
469608,7213495,other,river_cl,,,N,577.2
468423,7641396,other,river_cl,,,N,577.1
429757,7212617,other,river_cl,,,N,577.1
472931,7215044,other,river_cl,,,N,576.5
430359,6999897,other,river_cl,,,N,576.3
470441,7214498,other,river_cl,,,N,576.2
469868,7214083,other,river_cl,,,N,575.9
468483,7641250,other,river_cl,,,N,575.9
432837,7214775,other,river_cl,,,N,575.7
468955,7212491,other,river_cl,,,N,575.6
429741,7212602,other,river_cl,,,N,575.6
437785,7225133,other,river_cl,,,N,575.3
468409,7641187,other,river_cl,,,N,575.2
468959,7212498,other,river_cl,,,N,575.1
468573,7641324,other,river_cl,,,N,575.0
432965,7000530,other,river_cl,,,N,574.8
469475,7641502,other,river_cl,,,N,574.8
429751,6998804,other,river_cl,,,N,574.3
19918,8208732,other,drain_cl,,,N,573.9
468731,7212312,other,river_cl,,,N,573.8
481075,7641478,other,river_cl,,,N,573.8
437709,7008622,other,river_cl,,,N,573.7
469413,7641392,other,river_cl,,,N,573.6
469347,6999228,other,river_cl,,,N,573.5
469610,7213498,other,river_cl,,,N,573.5
468991,7212529,other,river_cl,,,N,573.3
469323,7213159,other,river_cl,,,N,573.2
469086,7212622,other,river_cl,,,N,573.0
479177,7225073,other,river_cl,,,N,572.9
468488,7641251,other,river_cl,,,N,572.9
472804,7214911,other,river_cl,Pukeruru Stream,Pukeruru Stream,N,572.8
468411,7641190,other,river_cl,Karori Stream,Karori Stream,N,572.6
469138,7212691,other,river_cl,Skull Gully Stream,Skull Gully Stream,N,572.0
469117,6998841,other,river_cl,,,N,571.5
470362,7000203,other,river_cl,,,N,571.4
470572,7214621,other,river_cl,,,N,570.9
469902,7214118,other,river_cl,,,N,570.7
430626,6999796,other,river_cl,,,N,570.7
470604,7214643,other,river_cl,,,N,570.3
432898,7000462,other,river_cl,,,N,570.1
469071,7212621,other,river_cl,,,N,569.9
498050,7225364,other,river_cl,,,N,569.8
469595,7213478,other,river_cl,,,N,569.6
469757,7213641,other,river_cl,,,N,569.6
429220,7640852,other,river_cl,,,N,569.3
468949,7212485,other,river_cl,,,N,569.0
429272,7641243,other,river_cl,,,N,568.9
469703,7213583,other,river_cl,,,N,568.9
19924,8168050,other,drain_cl,,,N,568.9
498039,7225351,other,river_cl,,,N,568.6
469098,7212648,other,river_cl,,,N,568.6
468788,7212368,other,river_cl,,,N,568.3
469928,8171184,other,river_cl,,,N,568.0
472825,7214929,other,river_cl,,,N,567.9
469274,7213111,other,river_cl,,,N,567.9
469717,7213603,other,river_cl,,,N,567.9
470361,7214414,other,river_cl,,,N,567.7
498035,7225283,other,river_cl,,,N,567.7
429908,6999176,other,river_cl,,,N,567.7
468517,7641277,other,river_cl,,,N,567.6
497921,7225255,other,river_cl,Renata Stream,Renata Stream,N,567.3
469029,7212571,other,river_cl,,,N,567.3
429938,7213145,other,river_cl,,,N,567.3
430260,7213585,other,river_cl,,,N,566.9
470388,7214442,other,river_cl,,,N,566.8
469900,7214113,other,river_cl,,,N,566.6
469614,6999532,other,river_cl,,,N,566.5
468953,7212489,other,river_cl,,,N,566.4
468591,7640946,other,river_cl,,,N,566.4
469736,6999622,other,river_cl,,,N,566.3
469562,7213449,other,river_cl,Korokoro Stream,Korokoro Stream,N,566.2
470417,7214474,other,river_cl,,,N,566.0
468529,7641281,other,river_cl,,,N,566.0
469884,6999962,other,river_cl,,,N,565.9
468441,7641205,other,river_cl,Waiariki Stream,Waiariki Stream,N,565.9
472915,7215024,other,river_cl,,,N,565.6
470117,7213801,other,river_cl,Wainui Stream,Wainui Stream,N,565.6
468604,7641374,other,river_cl,,,N,565.4
430831,7214607,other,river_cl,,,N,565.3
469602,7213488,other,river_cl,,,N,565.3
470216,7213884,other,river_cl,,,N,564.9
469184,7213018,other,river_cl,,,N,564.8
470163,7213849,other,river_cl,,,N,564.8
469206,7213039,other,river_cl,,,N,564.7
468568,7641322,other,river_cl,,,N,564.7
469439,7641717,other,river_cl,Ohariu Stream,Ohariu Stream,N,564.6
469305,6999195,other,river_cl,,,N,564.4
469896,7214115,other,river_cl,Mawaihakona Stream,Mawaihakona Stream,N,564.4
472434,7214280,other,river_cl,,,N,564.2
472707,8324156,other,river_cl,Farm Creek,Farm Creek,N,564.0
469647,7213532,other,river_cl,,,N,563.8
481058,7641703,other,river_cl,Mill Creek,Mill Creek,N,563.7
432661,7000120,other,river_cl,,,N,563.3
470025,7213713,other,river_cl,,,N,563.2
470520,7214578,other,river_cl,,,N,563.1
437754,7008669,other,river_cl,,,N,563.0
469897,7214116,other,river_cl,,,N,563.0
468838,7212407,other,river_cl,,,N,562.9
429654,7212505,other,river_cl,,,N,562.7
430519,6999697,other,river_cl,,,N,562.7
429316,7640937,other,river_cl,Oteranga Stream,Oteranga Stream,N,562.5
479124,7225025,other,river_cl,,,N,562.5
443240,7008859,other,river_cl,,,N,562.4
481376,7396751,other,river_cl,,,N,562.4
469130,7212685,other,river_cl,,,N,562.3
430241,6999576,other,river_cl,,,N,562.3
432855,7214811,other,river_cl,,,N,562.2
469588,7213475,other,river_cl,,,N,562.2
430503,7213657,other,river_cl,,,N,562.2
469593,6999513,other,river_cl,,,N,562.0
469194,6999104,other,river_cl,,,N,561.8
470595,7214646,other,river_cl,,,N,561.4
469948,7214164,other,river_cl,Cooleys Stream,Cooleys Stream,N,561.3
469929,7214145,other,river_cl,,,N,561.1
470418,7214471,other,river_cl,,,N,561.1
429332,7640955,other,river_cl,,,N,561.1
470055,7213734,other,river_cl,,,N,560.9
430732,7000225,other,river_cl,,,N,560.8
432647,7214282,other,river_cl,,,N,560.6
429720,6998772,other,river_cl,,,N,560.6
469261,7213096,other,river_cl,,,N,560.4
469300,7213138,other,river_cl,,,N,560.3
469889,6999963,other,river_cl,,,N,560.3
479233,7225124,other,river_cl,,,N,560.3
430580,6999753,other,river_cl,,,N,560.2
479196,7008682,other,river_cl,,,N,560.1
469819,7214041,other,river_cl,,,N,559.9
430763,7214492,other,river_cl,,,N,559.8
430613,7213845,other,river_cl,,,N,559.8
472890,7214999,other,river_cl,,,N,559.7
429259,7641210,other,river_cl,,,N,559.7
468579,7641353,other,river_cl,,,N,559.7
470021,7213710,other,river_cl,,,N,559.7
430308,6999645,other,river_cl,,,N,559.5
429508,7212352,other,river_cl,Catchpool Stream,Catchpool Stream,N,559.4
468474,7641202,other,river_cl,,,N,559.4
430425,6999967,other,river_cl,,,N,559.4
468476,7641236,other,river_cl,,,N,559.3
469890,7214104,other,river_cl,Redington Stream,Redington Stream,N,559.2
472897,7215009,other,river_cl,,,N,559.2
469503,7213406,other,river_cl,Mill Creek,Mill Creek,N,559.1
429227,7640986,other,river_cl,,,N,559.0
481309,7213703,other,river_cl,Kakaho Stream,Kakaho Stream,N,559.0
469877,7214097,other,river_cl,,,N,558.9
470493,7214549,other,river_cl,,,N,558.9
20570,6776607,other,drain_cl,,,N,558.9
479192,7225089,other,river_cl,,,N,558.5
472667,7214767,other,river_cl,Phillips Stream,Phillips Stream,N,558.3
470478,7214530,other,river_cl,,,N,558.2
470422,7000243,other,river_cl,,,N,558.0
480622,7641594,other,river_cl,Waipapa Stream,Waipapa Stream,N,558.0
470170,7213852,other,river_cl,,,N,557.2
468415,7641200,other,river_cl,,,N,557.1
468466,7641234,other,river_cl,,,N,557.1
479113,7225017,other,river_cl,,,N,557.1
468521,7641278,other,river_cl,,,N,556.5
468970,7212497,other,river_cl,,,N,556.3
469720,7213606,other,river_cl,,,N,556.2
470196,7213887,other,river_cl,,,N,556.2
472652,7214750,other,river_cl,,,N,556.0
470115,7396731,other,river_cl,,,N,555.9
469888,7214089,other,river_cl,,,N,555.7
429725,6998775,other,river_cl,,,N,555.7
469264,7213098,other,river_cl,,,N,555.7
470515,7214569,other,river_cl,Wedgery Creek,Wedgery Creek,N,555.7
470223,7213903,other,river_cl,,,N,555.5
470480,7214532,other,river_cl,,,N,555.3
429257,7641207,other,river_cl,,,N,555.2
472643,7214740,other,river_cl,,,N,555.1
472597,7214696,other,river_cl,Remutaka Stream,Remutaka Stream,N,555.0
468653,7641431,other,river_cl,Ohariu Stream,Ohariu Stream,N,555.0
472817,7000470,other,river_cl,,,N,554.8
429909,6999175,other,river_cl,,,N,554.7
429702,6998757,other,river_cl,,,N,554.6
430714,7000206,other,river_cl,,,N,554.4
469511,7213414,other,river_cl,,,N,554.4
470283,7213960,other,river_cl,,,N,554.1
469955,7000001,other,river_cl,,,N,554.0
469672,6999560,other,river_cl,,,N,553.8
472621,7214718,other,river_cl,Puffer Creek,Puffer Creek,N,553.6
470440,7214496,other,river_cl,,,N,553.5
430210,6999542,other,river_cl,,,N,553.4
470434,7214486,other,river_cl,,,N,553.1
443215,7008819,other,river_cl,,,N,553.1
468518,7641280,other,river_cl,,,N,553.1
430412,6999955,other,river_cl,,,N,553.0
429321,7640935,other,river_cl,,,N,552.9
472634,7214730,other,river_cl,Kaitoke Stream,Kaitoke Stream,N,552.7
470128,7213809,other,river_cl,,,N,552.6
472580,7000364,other,river_cl,,,N,552.4
469626,7213512,other,river_cl,,,N,552.4
468752,7212331,other,river_cl,,,N,552.3
469113,7212665,other,river_cl,Wainuiomata Stream,Wainuiomata Stream,N,552.0
468469,7641607,other,river_cl,Oteranga Stream,Oteranga Stream,N,551.9
430766,7000258,other,river_cl,,,N,551.7
468663,7641438,other,river_cl,,,N,551.5
469630,7213516,other,river_cl,,,N,551.5
469091,6998823,other,river_cl,,,N,551.4
469506,7641516,other,river_cl,,,N,551.3
469679,8171182,other,river_cl,,,N,551.3
470090,7213772,other,river_cl,,,N,551.2
470095,7213774,other,river_cl,,,N,551.2
497922,7225100,other,river_cl,,,N,551.1
469026,7212567,other,river_cl,Skerretts Creek,Skerretts Creek,N,551.0
472453,7214304,other,river_cl,,,N,550.9
468505,7641262,other,river_cl,Karori Stream,Karori Stream,N,550.9
472708,8418188,other,river_cl,Farm Creek,Farm Creek,N,550.8
430214,6999545,other,river_cl,,,N,550.8
430658,6999836,other,river_cl,,,N,550.8
470235,7213914,other,river_cl,,,N,550.7
469945,7214161,other,river_cl,Cooleys Stream,Cooleys Stream,N,550.5
470618,7000358,other,river_cl,Chilly Stream,Chilly Stream,N,550.5
468615,7641388,other,river_cl,Ohariu Stream,Ohariu Stream,N,550.5
430358,6999896,other,river_cl,,,N,550.4
469570,7213458,other,river_cl,,,N,550.3
430795,7000283,other,river_cl,,,N,550.2
470079,7213759,other,river_cl,,,N,550.2
470074,7213754,other,river_cl,,,N,550.1
469419,7641444,other,river_cl,Mill Creek,Mill Creek,N,550.0
470113,7213798,other,river_cl,,,N,550.0
469566,7213455,other,river_cl,,,N,549.9
469048,7212590,other,river_cl,,,N,549.8
469263,7212637,other,river_cl,,,N,549.8
469579,6999506,other,river_cl,,,N,549.5
468696,6998514,other,river_cl,,,N,549.1
469629,6999538,other,river_cl,,,N,549.1
469695,7213579,other,river_cl,,,N,549.0
469730,7213618,other,river_cl,,,N,549.0
430796,7000285,other,river_cl,,,N,548.9
470122,7213806,other,river_cl,,,N,548.9
437762,7008678,other,river_cl,,,N,548.6
480695,7641664,other,river_cl,Mākara Stream,Makara Stream,Y,548.6
482636,7214917,other,river_cl,,,N,548.5
469282,7213119,other,river_cl,,,N,548.4
470238,7396780,other,river_cl,,,N,548.4
469950,6999993,other,river_cl,,,N,548.3
468661,7641436,other,river_cl,,,N,548.3
468759,7212337,other,river_cl,Gollans Stream,Gollans Stream,N,548.0
468834,7212419,other,river_cl,,,N,548.0
470140,7213826,other,river_cl,,,N,547.8
472670,7214770,other,river_cl,,,N,547.7
468546,7641299,other,river_cl,Mākara Stream,Makara Stream,Y,547.7
469617,7213502,other,river_cl,,,N,547.6
470383,7214374,other,river_cl,,,N,547.5
498069,7225381,other,river_cl,,,N,547.5
472636,7214732,other,river_cl,,,N,547.2
470201,7213888,other,river_cl,,,N,546.8
472611,7214707,other,river_cl,,,N,546.7
469528,8216624,other,river_cl,Koangaumu Creek,Koangaumu Creek,N,546.5
443238,7008858,other,river_cl,,,N,546.4
469915,7214134,other,river_cl,,,N,546.4
472637,7214733,other,river_cl,,,N,546.2
470509,7214568,other,river_cl,Titi Stream,Titi Stream,N,546.2
497969,7008833,other,river_cl,,,N,546.1
469578,7213466,other,river_cl,,,N,546.1
479207,7225103,other,river_cl,,,N,545.5
470477,7214513,other,river_cl,,,N,545.5
472820,7000472,other,river_cl,,,N,545.3
469749,7213634,other,river_cl,,,N,545.2
470555,7214604,other,river_cl,,,N,544.8
429644,6998696,other,river_cl,,,N,544.8
468458,7641229,other,river_cl,,,N,544.7
469046,7212586,other,river_cl,George Creek,George Creek,N,544.3
469148,7212981,other,river_cl,,,N,544.1
429920,7213128,other,river_cl,,,N,544.1
479201,7225092,other,river_cl,,,N,544.0
430352,6999890,other,river_cl,,,N,544.0
429473,7212314,other,river_cl,,,N,543.8
469014,7212552,other,river_cl,,,N,543.5
469881,7214100,other,river_cl,,,N,543.3
429482,6998557,other,river_cl,,,N,543.2
470259,7213939,other,river_cl,,,N,543.2
472669,7214769,other,river_cl,,,N,543.1
470364,7214417,other,river_cl,,,N,543.0
470046,7213725,other,river_cl,,,N,542.9
430271,6999603,other,river_cl,,,N,542.4
469154,7212986,other,river_cl,,,N,542.3
443209,7008816,other,river_cl,,,N,542.0
470168,7213853,other,river_cl,,,N,542.0
468492,7641254,other,river_cl,,,N,541.8
430487,7000028,other,river_cl,,,N,541.7
468530,7641286,other,river_cl,,,N,541.5
469049,7212591,other,river_cl,Sledge Track Creek,Sledge Track Creek,N,541.5
469572,7213461,other,river_cl,,,N,541.4
470609,7214663,other,river_cl,,,N,541.1
470606,7214660,other,river_cl,,,N,541.0
430846,7214626,other,river_cl,,,N,540.9
470517,7214576,other,river_cl,,,N,540.8
472788,7214891,other,river_cl,,,N,540.7
469278,7213116,other,river_cl,,,N,540.7
470107,7213791,other,river_cl,,,N,540.7
469822,7214042,other,river_cl,,,N,540.4
498052,7225365,other,river_cl,,,N,540.3
468480,7641240,other,river_cl,,,N,540.3
469573,7213462,other,river_cl,,,N,540.3
468730,7212311,other,river_cl,,,N,540.2
469455,7641491,other,river_cl,,,N,540.2
469781,6999880,other,river_cl,,,N,540.1
469064,7212610,other,river_cl,,,N,540.0
469848,7214066,other,river_cl,,,N,539.8
469504,7213407,other,river_cl,,,N,539.8
468688,7212274,other,river_cl,Karaka Stream,Karaka Stream,N,539.6
468481,7641238,other,river_cl,Waiariki Stream,Waiariki Stream,N,539.4
429921,6999177,other,river_cl,,,N,539.4
479190,7008681,other,river_cl,,,N,539.2
469990,7213679,other,river_cl,,,N,539.2
468437,7641399,other,river_cl,,,N,538.8
469947,7214163,other,river_cl,,,N,538.4
469024,7212562,other,river_cl,,,N,538.3
472912,7215023,other,river_cl,,,N,538.2
469193,7213027,other,river_cl,,,N,538.1
429833,7213024,other,river_cl,,,N,538.0
470123,7213807,other,river_cl,Wainui Stream,Wainui Stream,N,537.9
468674,7212260,other,river_cl,,,N,537.8
468432,7641398,other,river_cl,,,N,537.6
469107,7212659,other,river_cl,Wainuiomata Stream,Wainuiomata Stream,N,537.6
480701,7641660,other,river_cl,Mākara Stream,Makara Stream,Y,537.6
468607,7641368,other,river_cl,,,N,537.4
20592,6786390,other,drain_cl,,,N,537.2
432922,7000483,other,river_cl,,,N,537.2
469050,7212592,other,river_cl,,,N,537.2
470127,7213788,other,river_cl,Wainui Stream,Wainui Stream,N,537.2
432831,7214706,other,river_cl,,,N,537.1
470309,7214361,other,river_cl,,,N,536.9
469537,7213656,other,river_cl,,,N,536.8
470502,7214557,other,river_cl,,,N,536.6
469670,7213560,other,river_cl,,,N,536.2
443241,7008860,other,river_cl,,,N,536.1
468985,7212523,other,river_cl,,,N,536.1
432911,7214949,other,river_cl,,,N,535.9
497973,7225299,other,river_cl,,,N,535.9
468640,7641413,other,river_cl,,,N,535.8
469840,7214048,other,river_cl,,,N,535.7
470390,7000226,other,river_cl,,,N,535.5
468836,6998635,other,river_cl,Matthews Stream,Matthews Stream,N,535.5
469981,7213669,other,river_cl,,,N,535.5
470143,7213828,other,river_cl,Taupō Stream,Taupo Stream,Y,535.5
472425,7214265,other,river_cl,,,N,535.3
432923,7214956,other,river_cl,,,N,535.3
469345,7213177,other,river_cl,,,N,535.1
468786,7212365,other,river_cl,,,N,535.1
468478,7640889,other,river_cl,,,N,535.0
469533,8171176,other,river_cl,Taupō Stream,Taupo Stream,Y,535.0
470141,7213827,other,river_cl,,,N,535.0
469951,6999996,other,river_cl,,,N,534.9
472679,7000406,other,river_cl,,,N,534.9
429370,7641002,other,river_cl,,,N,534.8
470165,7213850,other,river_cl,,,N,534.8
469334,6999216,other,river_cl,,,N,534.7
430852,7214635,other,river_cl,,,N,534.5
469908,7214126,other,river_cl,Black Stream,Black Stream,N,534.5
470224,6999819,other,river_cl,,,N,534.5
430465,7214172,other,river_cl,Mahers Stream,Mahers Stream,N,534.4
468434,7212243,other,river_cl,,,N,534.3
470481,7214531,other,river_cl,,,N,534.2
470398,7214451,other,river_cl,,,N,534.1
468982,7212522,other,river_cl,Gollans Stream,Gollans Stream,N,534.1
430145,6999468,other,river_cl,,,N,534.1
469932,7214149,other,river_cl,,,N,533.7
469664,7213552,other,river_cl,,,N,533.7
470419,7214473,other,river_cl,,,N,533.4
468442,7641203,other,river_cl,Waiariki Stream,Waiariki Stream,N,533.3
469104,7212655,other,river_cl,,,N,533.1
470242,7213924,other,river_cl,,,N,533.0
472452,7214289,other,river_cl,,,N,532.9
468581,7641355,other,river_cl,,,N,532.7
469555,7213442,other,river_cl,,,N,532.7
429233,6998480,other,river_cl,,,N,532.3
468844,7212426,other,river_cl,Matthews Stream,Matthews Stream,N,532.2
469766,7213503,other,river_cl,,,N,532.2
469885,7214087,other,river_cl,,,N,532.0
472411,7214261,other,river_cl,,,N,531.9
470111,7213779,other,river_cl,,,N,531.9
472635,7214731,other,river_cl,,,N,531.8
469501,7641515,other,river_cl,,,N,531.8
469457,7641497,other,river_cl,,,N,531.7
469620,7213507,other,river_cl,,,N,531.7
429964,6999226,other,river_cl,,,N,531.5
468735,7212318,other,river_cl,,,N,531.5
472746,7214624,other,river_cl,,,N,531.3
430427,7214129,other,river_cl,Black Stream,Black Stream,N,531.2
470446,7214503,other,river_cl,,,N,530.9
469632,7213519,other,river_cl,,,N,530.8
469016,7212554,other,river_cl,,,N,530.7
469655,7213540,other,river_cl,,,N,530.7
469701,7213582,other,river_cl,,,N,530.7
469517,7641518,other,river_cl,,,N,530.6
470028,6999682,other,river_cl,,,N,530.6
472584,7214683,other,river_cl,,,N,530.5
472755,7214857,other,river_cl,,,N,530.5
469737,7213622,other,river_cl,,,N,530.4
468613,7641383,other,river_cl,,,N,530.3
469123,7212679,other,river_cl,,,N,530.2
468457,7641216,other,river_cl,,,N,529.8
470346,7000193,other,river_cl,,,N,529.8
20580,6786380,other,drain_cl,,,N,529.5
470500,7214553,other,river_cl,,,N,529.4
469309,7213147,other,river_cl,,,N,529.4
468588,7641345,other,river_cl,,,N,529.3
469899,7214112,other,river_cl,,,N,529.3
469854,7214072,other,river_cl,,,N,529.0
470086,7213769,other,river_cl,,,N,528.6
429223,7640857,other,river_cl,,,N,528.4
469582,7213468,other,river_cl,,,N,528.1
472641,7214738,other,river_cl,,,N,527.8
470484,7214537,other,river_cl,,,N,527.7
498067,7225380,other,river_cl,,,N,527.4
429219,7640854,other,river_cl,,,N,527.4
470512,7214571,other,river_cl,Dopers Creek,Dopers Creek,N,527.4
470472,7214525,other,river_cl,,,N,527.3
430851,7214632,other,river_cl,,,N,527.2
470485,7214538,other,river_cl,,,N,527.0
470461,7214517,other,river_cl,,,N,527.0
470611,7214664,other,river_cl,,,N,526.9
469132,6998849,other,river_cl,,,N,526.9
468681,7212265,other,river_cl,,,N,526.8
469431,7641463,other,river_cl,,,N,526.7
470261,8171200,other,river_cl,,,N,526.7
472936,7215045,other,river_cl,,,N,526.5
469541,7213661,other,river_cl,,,N,526.5
469926,6999981,other,river_cl,,,N,526.2
469862,7214079,other,river_cl,,,N,526.1
469335,7213170,other,river_cl,,,N,526.1
469906,7214123,other,river_cl,,,N,526.0
429906,6999172,other,river_cl,,,N,525.8
469662,7213548,other,river_cl,Speedys Stream,Speedys Stream,N,525.7
469956,7214167,other,river_cl,Climie Creek,Climie Creek,N,525.6
430834,7000321,other,river_cl,,,N,525.6
479208,7225086,other,river_cl,,,N,525.6
468509,7641271,other,river_cl,,,N,525.6
470553,7214603,other,river_cl,,,N,525.5
470179,7213864,other,river_cl,,,N,525.3
469600,7213489,other,river_cl,,,N,525.1
468406,7641186,other,river_cl,,,N,525.0
430176,7213465,other,river_cl,,,N,525.0
468807,7212392,other,river_cl,,,N,524.9
468484,7641244,other,river_cl,,,N,524.9
481328,7213735,other,river_cl,,,N,524.9
468462,7641230,other,river_cl,,,N,524.7
468449,7641209,other,river_cl,,,N,524.7
469801,7214024,other,river_cl,Black Stream,Black Stream,N,524.5
472620,7214717,other,river_cl,,,N,524.4
430538,7213751,other,river_cl,,,N,524.4
469060,7212606,other,river_cl,,,N,524.3
470473,7214526,other,river_cl,,,N,524.3
470240,7213920,other,river_cl,,,N,524.2
468410,7641191,other,river_cl,Karori Stream,Karori Stream,N,524.1
470489,7214541,other,river_cl,,,N,524.0
468812,7212393,other,river_cl,,,N,523.5
429800,7212678,other,river_cl,,,N,523.5
469735,7213577,other,river_cl,,,N,523.4
469772,7213993,other,river_cl,,,N,523.4
470155,7213668,other,river_cl,,,N,523.4
470402,7214457,other,river_cl,,,N,523.3
429706,7212550,other,river_cl,,,N,523.1
430184,7213485,other,river_cl,,,N,523.0
470043,7213726,other,river_cl,,,N,523.0
432818,7214751,other,river_cl,,,N,522.9
472822,7214931,other,river_cl,,,N,522.9
469458,7641499,other,river_cl,,,N,522.9
469987,7396685,other,river_cl,,,N,522.9
470094,7213775,other,river_cl,,,N,522.8
469137,7212690,other,river_cl,,,N,522.7
468562,7640931,other,river_cl,,,N,522.6
470186,7213872,other,river_cl,,,N,522.6
430163,7213444,other,river_cl,,,N,522.5
469483,7641480,other,river_cl,Ohariu Stream,Ohariu Stream,N,522.5
468947,6998695,other,river_cl,,,N,522.3
469330,7213166,other,river_cl,,,N,522.3
481472,7214437,other,river_cl,,,N,522.2
469056,7212603,other,river_cl,,,N,522.2
469131,7212686,other,river_cl,,,N,522.2
469652,7213537,other,river_cl,,,N,522.2
429782,6998830,other,river_cl,Wainuiomata Stream,Wainuiomata Stream,N,522.1
430398,6999938,other,river_cl,,,N,522.0
472594,7214694,other,river_cl,Kaitoke Stream,Kaitoke Stream,N,521.7
469449,7641490,other,river_cl,,,N,521.7
469465,7213381,other,river_cl,,,N,521.7
479210,7225107,other,river_cl,,,N,521.4
429488,7212333,other,river_cl,,,N,521.4
429423,6998501,other,river_cl,,,N,521.1
472591,7214691,other,river_cl,,,N,520.9
469886,7214088,other,river_cl,,,N,520.6
468976,7212517,other,river_cl,,,N,520.6
469777,7213997,other,river_cl,,,N,520.5
470016,7213697,other,river_cl,,,N,520.5
469296,7213136,other,river_cl,,,N,520.2
468662,7641437,other,river_cl,,,N,520.1
468549,7641312,other,river_cl,,,N,520.0
469044,7212584,other,river_cl,,,N,519.9
429765,6998812,other,river_cl,,,N,519.9
469479,7641503,other,river_cl,,,N,519.6
470455,7214512,other,river_cl,,,N,519.3
469660,7213549,other,river_cl,,,N,519.2
469346,7213176,other,river_cl,,,N,519.1
497958,7225285,other,river_cl,,,N,519.0
469268,7213103,other,river_cl,,,N,518.6
470578,7214629,other,river_cl,Putaputa Stream,Putaputa Stream,N,518.5
429360,7641407,other,river_cl,,,N,518.5
469645,7213528,other,river_cl,,,N,518.5
468456,7641213,other,river_cl,,,N,518.3
469312,7213151,other,river_cl,,,N,518.3
470195,7213885,other,river_cl,,,N,518.2
430640,6999816,other,river_cl,,,N,518.2
470492,7214546,other,river_cl,,,N,518.1
470129,7213811,other,river_cl,,,N,517.9
470483,7214536,other,river_cl,,,N,517.8
430413,7214091,other,river_cl,,,N,517.5
468683,7212267,other,river_cl,,,N,517.5
472816,7214923,other,river_cl,Renata Stream,Renata Stream,N,517.3
430103,6999438,other,river_cl,,,N,517.1
469970,7214186,other,river_cl,,,N,517.0
468820,6998629,other,river_cl,,,N,517.0
472768,7214870,other,river_cl,,,N,516.9
20562,6786298,other,drain_cl,,,N,516.9
479225,7225122,other,river_cl,,,N,516.8
469656,7213544,other,river_cl,,,N,516.8
432875,7214844,other,river_cl,,,N,516.5
472837,7214947,other,river_cl,,,N,516.4
470231,7213910,other,river_cl,,,N,516.4
429949,7213165,other,river_cl,,,N,516.0
469869,7214084,other,river_cl,,,N,515.9
468770,7212346,other,river_cl,,,N,515.9
469538,6999649,other,river_cl,,,N,515.6
472444,7214293,other,river_cl,,,N,515.5
468589,7641328,other,river_cl,,,N,515.4
469741,7213614,other,river_cl,Pāuatahanui Stream,Pauatahanui Stream,Y,515.4
429206,7640840,other,river_cl,,,N,515.3
472666,7214766,other,river_cl,,,N,514.8
468534,7641290,other,river_cl,,,N,514.8
468636,7641369,other,river_cl,,,N,514.6
479125,7225026,other,river_cl,,,N,514.5
479215,7225111,other,river_cl,,,N,514.4
472720,7214820,other,river_cl,Phillips Stream,Phillips Stream,N,514.3
429687,6998738,other,river_cl,,,N,514.3
468745,7212327,other,river_cl,Catchpool Stream,Catchpool Stream,N,514.2
469437,7641469,other,river_cl,Mill Creek,Mill Creek,N,514.0
469011,7212549,other,river_cl,,,N,513.8
432899,7214909,other,river_cl,Pukeruru Stream,Pukeruru Stream,N,513.7
429363,7640997,other,river_cl,,,N,513.7
482683,7214995,other,river_cl,,,N,513.6
468557,7640928,other,river_cl,,,N,513.4
469074,7212614,other,river_cl,,,N,513.3
469905,7214124,other,river_cl,,,N,513.2
470081,7213763,other,river_cl,,,N,513.1
470151,8171194,other,river_cl,,,N,513.0
470543,7214596,other,river_cl,,,N,512.8
470314,7214368,other,river_cl,,,N,512.8
472840,7214948,other,river_cl,,,N,512.5
20563,6776589,other,drain_cl,,,N,512.5
469062,7212608,other,river_cl,,,N,512.3
430548,6999724,other,river_cl,,,N,512.3
470403,7214443,other,river_cl,,,N,512.1
470137,7213817,other,river_cl,,,N,512.1
430711,7214409,other,river_cl,,,N,512.0
20588,6786387,other,drain_cl,,,N,511.9
430194,6999526,other,river_cl,,,N,511.9
430725,7214428,other,river_cl,,,N,511.7
469037,7212578,other,river_cl,,,N,511.5
469081,7212634,other,river_cl,,,N,511.5
468977,7212515,other,river_cl,,,N,511.4
470499,7214552,other,river_cl,,,N,511.3
469594,7213482,other,river_cl,,,N,511.2
468405,7641184,other,river_cl,Waiariki Stream,Waiariki Stream,N,511.0
430480,7214195,other,river_cl,,,N,510.7
472662,7214762,other,river_cl,,,N,510.6
468766,7212342,other,river_cl,,,N,510.6
469188,7213022,other,river_cl,,,N,510.6
469307,6999199,other,river_cl,,,N,510.6
469480,7641507,other,river_cl,,,N,510.6
470375,7214429,other,river_cl,,,N,510.5
481542,7214631,other,river_cl,,,N,510.5
469068,7212612,other,river_cl,,,N,510.5
470521,7214579,other,river_cl,Titi Stream,Titi Stream,N,510.4
468990,7212528,other,river_cl,,,N,510.3
469732,7213620,other,river_cl,,,N,510.2
469825,7214045,other,river_cl,,,N,510.1
481409,7213929,other,river_cl,,,N,509.7
469340,7213174,other,river_cl,,,N,509.6
469747,7213631,other,river_cl,,,N,509.6
470564,7214612,other,river_cl,Kororipo Stream,Kororipo Stream,N,509.2
470132,7213815,other,river_cl,,,N,509.2
468676,7212261,other,river_cl,,,N,509.1
468419,7641193,other,river_cl,,,N,509.0
469277,7213110,other,river_cl,,,N,509.0
468975,7212514,other,river_cl,,,N,508.9
468542,7641305,other,river_cl,,,N,508.5
430703,7214388,other,river_cl,,,N,508.5
469972,7214190,other,river_cl,,,N,508.4
468954,7212490,other,river_cl,,,N,508.3
430199,6999533,other,river_cl,,,N,508.2
430765,7000257,other,river_cl,,,N,508.0
481073,7641477,other,river_cl,Ohariu Stream,Ohariu Stream,N,507.8
470154,7213837,other,river_cl,Kakaho Stream,Kakaho Stream,N,507.7
470358,7000201,other,river_cl,,,N,507.6
480712,7641390,other,river_cl,,,N,507.2
470612,7214659,other,river_cl,,,N,507.1
497924,7225256,other,river_cl,Renata Stream,Renata Stream,N,507.0
468969,7212496,other,river_cl,Gollans Stream,Gollans Stream,N,506.9
469893,7214107,other,river_cl,,,N,506.9
470625,7214679,other,river_cl,Frances Stream,Frances Stream,N,506.7
468494,7641255,other,river_cl,,,N,506.7
470303,7214350,other,river_cl,,,N,506.7
469968,7214184,other,river_cl,Mahers Stream,Mahers Stream,N,506.5
470580,7214627,other,river_cl,,,N,506.4
469493,7213398,other,river_cl,,,N,506.4
470619,7214673,other,river_cl,,,N,506.3
472908,7215000,other,river_cl,,,N,506.3
437758,7008675,other,river_cl,,,N,506.3
470626,7214680,other,river_cl,,,N,506.3
468810,7212394,other,river_cl,Catchpool Stream,Catchpool Stream,N,506.3
468846,7212430,other,river_cl,,,N,506.1
429311,7641329,other,river_cl,,,N,505.8
470333,7214385,other,river_cl,,,N,505.7
472861,7214964,other,river_cl,,,N,505.0
470244,7213919,other,river_cl,,,N,504.9
468536,7641307,other,river_cl,,,N,504.8
469836,7214058,other,river_cl,Huia Stream,Huia Stream,N,504.5
469539,7213658,other,river_cl,,,N,504.5
437722,7225037,other,river_cl,,,N,504.3
430264,6999601,other,river_cl,,,N,504.0
470458,7214515,other,river_cl,,,N,503.9
469872,7214090,other,river_cl,,,N,503.7
468974,7212513,other,river_cl,,,N,503.6
469597,7213484,other,river_cl,,,N,503.6
479176,7225072,other,river_cl,,,N,503.0
430676,7214358,other,river_cl,,,N,502.8
479114,7225019,other,river_cl,,,N,502.8
468803,7212350,other,river_cl,,,N,502.7
468622,7641401,other,river_cl,,,N,502.5
468656,7641432,other,river_cl,,,N,502.5
470568,7214617,other,river_cl,,,N,502.3
468433,7212241,other,river_cl,,,N,502.2
469054,7212599,other,river_cl,,,N,502.2
429672,7212521,other,river_cl,,,N,501.8
470056,7213738,other,river_cl,,,N,501.6
469817,7214038,other,river_cl,,,N,501.4
469551,6999476,other,river_cl,,,N,501.4
468413,7641195,other,river_cl,,,N,501.3
469552,7213439,other,river_cl,Speedys Stream,Speedys Stream,N,501.3
469518,7641519,other,river_cl,,,N,500.9
479204,7225101,other,river_cl,,,N,500.8
430499,6999666,other,river_cl,,,N,500.7
468487,7641241,other,river_cl,,,N,500.6
469183,7212588,other,river_cl,,,N,500.6
469023,7212564,other,river_cl,,,N,500.5
429764,7212616,other,river_cl,,,N,500.5
430631,7213880,other,river_cl,,,N,500.4
469494,7213397,other,river_cl,,,N,500.1
469613,6999531,other,river_cl,,,N,500.1
470108,7213792,other,river_cl,,,N,500.1
469036,7212575,other,river_cl,,,N,500.0
469953,6999999,other,river_cl,Colletts Stream,Colletts Stream,N,499.9
468531,7641283,other,river_cl,,,N,499.9
469980,7214201,other,river_cl,,,N,499.8
468533,7641289,other,river_cl,,,N,499.5
472851,7214896,other,river_cl,,,N,499.4
469692,7213574,other,river_cl,,,N,499.4
468757,7212334,other,river_cl,Gollans Stream,Gollans Stream,N,499.3
472847,7214885,other,river_cl,,,N,499.1
469205,7213036,other,river_cl,,,N,498.7
472758,7214855,other,river_cl,Kerekere Stream,Kerekere Stream,N,498.7
468502,7641269,other,river_cl,Karori Stream,Karori Stream,N,498.7
469124,7212680,other,river_cl,,,N,498.6
472659,7214759,other,river_cl,,,N,498.5
479226,7225123,other,river_cl,,,N,498.3
469495,7641732,other,river_cl,Takapu Stream,Takapu Stream,N,498.3
470097,7213777,other,river_cl,,,N,498.2
470065,7213746,other,river_cl,,,N,497.7
470584,7214638,other,river_cl,,,N,497.6
469212,7213046,other,river_cl,,,N,497.6
429803,7212681,other,river_cl,,,N,497.6
470347,7000194,other,river_cl,,,N,497.6
469898,7214117,other,river_cl,,,N,497.5
469933,7214148,other,river_cl,,,N,497.4
472749,7000437,other,river_cl,,,N,497.2
468986,7212526,other,river_cl,Graces Stream,Graces Stream,N,497.2
472810,7214913,other,river_cl,,,N,497.1
472618,7214715,other,river_cl,,,N,497.0
470236,7213896,other,river_cl,,,N,497.0
20571,6786367,other,drain_cl,,,N,496.9
470161,7213846,other,river_cl,,,N,496.9
470230,7213909,other,river_cl,,,N,496.1
470599,7214649,other,river_cl,Deadwood Stream,Deadwood Stream,N,496.0
482536,7397139,other,river_cl,Puffer Creek,Puffer Creek,N,496.0
468666,7212253,other,river_cl,,,N,496.0
468552,7641330,other,river_cl,,,N,495.9
498051,7402125,other,river_cl,,,N,495.8
469006,7212545,other,river_cl,,,N,495.7
430206,7213515,other,river_cl,,,N,495.6
470536,7214590,other,river_cl,,,N,495.5
479221,7225117,other,river_cl,,,N,495.5
468655,7641434,other,river_cl,,,N,495.4
470313,7214365,other,river_cl,,,N,495.4
468811,7212395,other,river_cl,,,N,495.3
469022,7212563,other,river_cl,,,N,495.1
472435,7214284,other,river_cl,,,N,494.5
430585,7213796,other,river_cl,,,N,494.3
470416,7214472,other,river_cl,,,N,494.0
469638,7213525,other,river_cl,,,N,494.0
469649,7213533,other,river_cl,Duck Creek,Duck Creek,N,493.7
469631,7213517,other,river_cl,,,N,493.7
468967,7212509,other,river_cl,,,N,493.4
472805,7397231,other,river_cl,,,N,493.3
470463,7397060,other,river_cl,,,N,493.3
470048,7213731,other,river_cl,,,N,492.8
468764,7212341,other,river_cl,,,N,492.7
469078,7212628,other,river_cl,,,N,492.7
469974,7214194,other,river_cl,,,N,492.4
468513,7641273,other,river_cl,,,N,492.3
469802,7214026,other,river_cl,,,N,492.2
469033,7212574,other,river_cl,,,N,492.1
432670,7214310,other,river_cl,,,N,492.0
470080,7213762,other,river_cl,,,N,491.8
472660,7214760,other,river_cl,,,N,491.6
468523,7641295,other,river_cl,Mākara Stream,Makara Stream,Y,491.6
468506,7641270,other,river_cl,,,N,491.5
470208,7213891,other,river_cl,,,N,491.5
470566,7214614,other,river_cl,,,N,491.4
470541,7214594,other,river_cl,,,N,491.3
469143,7212973,other,river_cl,North Boulder Creek,North Boulder Creek,N,491.2
469835,7214057,other,river_cl,Huia Stream,Huia Stream,N,491.0
469151,7212982,other,river_cl,Puketaha Creek,Puketaha Creek,N,491.0
470119,7213802,other,river_cl,,,N,491.0
469937,7214154,other,river_cl,,,N,490.9
468665,7212252,other,river_cl,,,N,490.9
468965,7212494,other,river_cl,,,N,490.8
469719,7213605,other,river_cl,,,N,490.8
469084,7212636,other,river_cl,,,N,490.5
429813,6999082,other,river_cl,,,N,490.4
468630,7641414,other,river_cl,,,N,490.3
430845,7000337,other,river_cl,,,N,490.1
432805,7000383,other,river_cl,,,N,490.1
469190,7212601,other,river_cl,Little Huia Creek,Little Huia Creek,N,490.1
468995,7212534,other,river_cl,,,N,490.0
472782,7214883,other,river_cl,,,N,489.9
479197,7225093,other,river_cl,,,N,489.8
469639,7213524,other,river_cl,,,N,489.7
469112,7212663,other,river_cl,,,N,489.6
20564,6798221,other,drain_cl,,,N,489.4
470436,7214494,other,river_cl,,,N,489.1
469118,7396246,other,river_cl,,,N,489.1
470559,7214605,other,river_cl,,,N,489.0
88126,6860705,other,river_cl,,,N,489.0
469661,7213550,other,river_cl,,,N,488.9
469910,7214128,other,river_cl,Black Stream,Black Stream,N,488.8
469316,7213149,other,river_cl,,,N,488.7
472706,7214755,other,river_cl,,,N,488.1
469815,7214037,other,river_cl,,,N,488.0
469969,7214185,other,river_cl,,,N,488.0
429719,6998770,other,river_cl,,,N,487.7
429345,7640965,other,river_cl,Ōpau Stream,Opau Stream,Y,487.7
472906,7215020,other,river_cl,,,N,487.6
468556,7641334,other,river_cl,,,N,487.4
482452,7396962,other,river_cl,,,N,486.7
472677,7214777,other,river_cl,,,N,486.4
469262,6999168,other,river_cl,Sinclair Creek,Sinclair Creek,N,486.3
468983,7212524,other,river_cl,,,N,486.0
432902,7000463,other,river_cl,,,N,485.9
470321,7214373,other,river_cl,,,N,485.7
468532,7641284,other,river_cl,,,N,485.7
470387,7214441,other,river_cl,,,N,485.5
469139,7212687,other,river_cl,,,N,485.5
469857,7214074,other,river_cl,,,N,485.2
470610,7214665,other,river_cl,Kerekere Stream,Kerekere Stream,N,485.1
432826,7000396,other,river_cl,,,N,485.0
429783,6998831,other,river_cl,Crowthers Creek,Crowthers Creek,N,485.0
470332,7214384,other,river_cl,,,N,484.8
470617,7214672,other,river_cl,,,N,484.8
470030,7213718,other,river_cl,,,N,484.8
468638,7641688,other,river_cl,Korimako Stream,Korimako Stream,N,484.7
468564,7641340,other,river_cl,,,N,484.7
432968,7215049,other,river_cl,,,N,484.5
472603,7214701,other,river_cl,,,N,484.3
472607,7000377,other,river_cl,,,N,484.3
481161,7213569,other,river_cl,Pāuatahanui Stream,Pauatahanui Stream,Y,484.2
472868,7214966,other,river_cl,,,N,484.0
470130,7213790,other,river_cl,,,N,484.0
468822,7212405,other,river_cl,,,N,483.9
469201,7213033,other,river_cl,Big Huia Creek,Big Huia Creek,N,483.5
472866,7214971,other,river_cl,,,N,483.4
481116,7213441,other,river_cl,,,N,483.3
470545,7214598,other,river_cl,,,N,483.1
429740,7212593,other,river_cl,,,N,483.1
497954,7225279,other,river_cl,,,N,483.0
481076,7641719,other,river_cl,Ohariu Stream,Ohariu Stream,N,482.9
470258,7213938,other,river_cl,,,N,482.9
470099,7213781,other,river_cl,,,N,482.5
469859,7214077,other,river_cl,,,N,482.4
469565,7213453,other,river_cl,,,N,482.1
432629,7214259,other,river_cl,,,N,481.8
468499,7641258,other,river_cl,,,N,481.8
469788,7214009,other,river_cl,,,N,481.8
470077,7396690,other,river_cl,,,N,481.3
469850,7214070,other,river_cl,,,N,481.1
472753,7214854,other,river_cl,Kerekere Stream,Kerekere Stream,N,481.0
469640,7213527,other,river_cl,,,N,480.9
469542,7213665,other,river_cl,,,N,480.8
469973,7214192,other,river_cl,,,N,480.6
469941,7214157,other,river_cl,,,N,480.5
469105,7212656,other,river_cl,,,N,480.5
430258,6999596,other,river_cl,,,N,480.4
472600,7214698,other,river_cl,,,N,480.3
497930,7008820,other,river_cl,,,N,480.2
468485,7641245,other,river_cl,,,N,480.2
468539,7641309,other,river_cl,,,N,480.1
430309,7213644,other,river_cl,,,N,480.1
430497,6999664,other,river_cl,,,N,480.0
470067,7213749,other,river_cl,,,N,479.9
470533,7214581,other,river_cl,,,N,479.9
468460,7641214,other,river_cl,,,N,479.7
472676,7214776,other,river_cl,Puffer Creek,Puffer Creek,N,479.4
498057,7225371,other,river_cl,,,N,479.2
468459,7641228,other,river_cl,,,N,479.2
468649,7641418,other,river_cl,,,N,478.8
469189,7213025,other,river_cl,,,N,478.7
469790,7214012,other,river_cl,,,N,478.7
472632,7214725,other,river_cl,,,N,478.5
469975,7214193,other,river_cl,,,N,477.8
470068,7213750,other,river_cl,,,N,477.5
470530,7214586,other,river_cl,,,N,477.4
470593,7214648,other,river_cl,,,N,477.4
469009,7212548,other,river_cl,,,N,477.4
472443,7214292,other,river_cl,,,N,477.3
470381,7214436,other,river_cl,,,N,477.3
469040,7212576,other,river_cl,,,N,477.3
472745,7214623,other,river_cl,,,N,477.2
472791,7214894,other,river_cl,,,N,477.2
469003,7212530,other,river_cl,,,N,477.0
469894,7214109,other,river_cl,,,N,476.9
469530,7213646,other,river_cl,,,N,476.9
469930,7214146,other,river_cl,,,N,476.6
470075,7213756,other,river_cl,,,N,476.6
430419,7214102,other,river_cl,,,N,476.5
479217,7225113,other,river_cl,,,N,476.5
472809,7214914,other,river_cl,,,N,476.4
468550,7641314,other,river_cl,,,N,476.4
468418,7641198,other,river_cl,,,N,476.2
472869,7214967,other,river_cl,,,N,476.1
469808,7214032,other,river_cl,,,N,475.6
472664,7214764,other,river_cl,,,N,475.6
469258,7213095,other,river_cl,,,N,475.6
469935,7214153,other,river_cl,,,N,474.9
470136,7213819,other,river_cl,,,N,474.9
468940,7212478,other,river_cl,,,N,474.8
470049,8171191,other,river_cl,Horokiri Stream,Horokiri Stream,N,474.7
470546,7214539,other,river_cl,,,N,474.6
470581,7214634,other,river_cl,,,N,474.6
470615,7214652,other,river_cl,Deadwood Stream,Deadwood Stream,N,474.6
481399,7213912,other,river_cl,,,N,474.6
468832,7212416,other,river_cl,,,N,474.4
429787,6998835,other,river_cl,Crowthers Creek,Crowthers Creek,N,474.1
479136,7225036,other,river_cl,,,N,474.1
468482,7641237,other,river_cl,,,N,473.8
469066,7212611,other,river_cl,,,N,473.8
469851,7214033,other,river_cl,,,N,473.6
468468,7641221,other,river_cl,,,N,473.6
469726,7213613,other,river_cl,Pāuatahanui Stream,Pauatahanui Stream,Y,473.5
470331,7214383,other,river_cl,,,N,473.1
469758,7213642,other,river_cl,,,N,472.9
472823,7214925,other,river_cl,,,N,472.8
481101,7213415,other,river_cl,,,N,472.8
468512,7641287,other,river_cl,,,N,472.7
470152,7213836,other,river_cl,,,N,472.6
470607,7214661,other,river_cl,,,N,472.0
482684,7214935,other,river_cl,,,N,471.9
468943,7212480,other,river_cl,,,N,471.7
470072,7213752,other,river_cl,,,N,471.7
470172,7213859,other,river_cl,,,N,471.1
437753,7008667,other,river_cl,,,N,470.9
430530,6999710,other,river_cl,,,N,470.7
470433,7214493,other,river_cl,Kororipo Stream,Kororipo Stream,N,470.6
469704,7213586,other,river_cl,,,N,470.4
430606,6999774,other,river_cl,,,N,470.2
469971,7214187,other,river_cl,,,N,470.1
497949,7225274,other,river_cl,,,N,470.1
472929,7215041,other,river_cl,,,N,470.0
469412,7641391,other,river_cl,,,N,470.0
468416,7641197,other,river_cl,,,N,469.9
470588,7214636,other,river_cl,,,N,469.6
429696,7212539,other,river_cl,,,N,469.6
468742,7212316,other,river_cl,,,N,469.4
468420,7641199,other,river_cl,Silver Stream,Silver Stream,N,469.4
468470,7641223,other,river_cl,,,N,469.2
480730,7641429,other,river_cl,,,N,469.2
469590,7213476,other,river_cl,,,N,469.2
469938,7214150,other,river_cl,,,N,469.1
498070,7225382,other,river_cl,,,N,469.0
469891,7214103,other,river_cl,Redington Stream,Redington Stream,N,468.9
469875,7214094,other,river_cl,,,N,468.7
20578,6786378,other,drain_cl,,,N,468.4
469768,7213990,other,river_cl,,,N,468.4
469468,7213382,other,river_cl,,,N,467.9
470041,7213724,other,river_cl,,,N,467.9
470603,7214657,other,river_cl,,,N,467.6
469145,6999083,other,river_cl,North Boulder Creek,North Boulder Creek,N,467.6
470059,7213740,other,river_cl,,,N,467.6
20582,6786379,other,drain_cl,,,N,467.5
472764,7214863,other,river_cl,,,N,467.4
468448,7640871,other,river_cl,,,N,467.4
470131,7213813,other,river_cl,,,N,467.3
481463,7214420,other,river_cl,,,N,467.2
472665,7214761,other,river_cl,,,N,467.1
472763,7214862,other,river_cl,,,N,466.9
469210,7213044,other,river_cl,,,N,466.9
469329,7213163,other,river_cl,,,N,466.9
470204,7213858,other,river_cl,,,N,466.9
481063,7641457,other,river_cl,,,N,466.7
470198,8171196,other,river_cl,,,N,466.7
470355,7214406,other,river_cl,,,N,466.7
469134,7212688,other,river_cl,,,N,466.5
472428,7214275,other,river_cl,,,N,466.2
469738,7213623,other,river_cl,,,N,466.2
429915,7213121,other,river_cl,,,N,466.0
481323,7213723,other,river_cl,,,N,465.9
468477,7641248,other,river_cl,,,N,465.6
468629,7641409,other,river_cl,Kaiwharawhara Stream,Kaiwharawhara Stream,N,465.6
429692,6998743,other,river_cl,,,N,465.3
470061,7213682,other,river_cl,,,N,465.1
469618,7213504,other,river_cl,,,N,464.9
469498,7641513,other,river_cl,,,N,464.8
470474,7214527,other,river_cl,,,N,464.8
469791,7214011,other,river_cl,Black Stream,Black Stream,N,464.7
472751,7214851,other,river_cl,,,N,464.6
470241,7213921,other,river_cl,,,N,464.5
481129,7213477,other,river_cl,,,N,464.3
497926,7225259,other,river_cl,,,N,464.2
480651,7641249,other,river_cl,Karori Stream,Karori Stream,N,464.2
481356,7213810,other,river_cl,Wainui Stream,Wainui Stream,N,464.1
479193,7225090,other,river_cl,Chilly Stream,Chilly Stream,N,463.9
481480,7214468,other,river_cl,,,N,463.8
470042,7213711,other,river_cl,,,N,463.7
470570,7214618,other,river_cl,,,N,463.6
469051,7212594,other,river_cl,George Creek,George Creek,N,463.3
470026,7213715,other,river_cl,,,N,463.1
469683,7213566,other,river_cl,,,N,463.0
470404,7214444,other,river_cl,,,N,462.9
472769,7214871,other,river_cl,,,N,462.8
469093,7212642,other,river_cl,Skull Gully Stream,Skull Gully Stream,N,462.8
498041,7225354,other,river_cl,,,N,462.7
470118,7213797,other,river_cl,,,N,462.5
430251,6999589,other,river_cl,,,N,462.4
479219,7401970,other,river_cl,,,N,462.3
472738,7000436,other,river_cl,Putaputa Stream,Putaputa Stream,N,462.2
469681,7213564,other,river_cl,,,N,462.2
480827,7212418,other,river_cl,,,N,461.9
480649,7641615,other,river_cl,Karori Stream,Karori Stream,N,461.6
469722,7213608,other,river_cl,Pāuatahanui Stream,Pauatahanui Stream,Y,461.5
432950,7000513,other,river_cl,,,N,461.4
497953,7225278,other,river_cl,,,N,461.1
469742,7213628,other,river_cl,,,N,461.0
468619,7641389,other,river_cl,,,N,460.9
470623,7214675,other,river_cl,Renata Stream,Renata Stream,N,460.7
469510,7213412,other,river_cl,,,N,460.6
470326,7214366,other,river_cl,,,N,460.6
469673,7213433,other,river_cl,Kenepuru Stream,Kenepuru Stream,N,460.4
470192,7213881,other,river_cl,,,N,460.4
472658,7214758,other,river_cl,,,N,460.3
469837,7214059,other,river_cl,,,N,460.1
472784,7000456,other,river_cl,,,N,460.1
470157,7213840,other,river_cl,,,N,459.9
472801,7397228,other,river_cl,,,N,459.8
469077,7212626,other,river_cl,,,N,459.6
469471,7213383,other,river_cl,,,N,459.6
470058,7213739,other,river_cl,,,N,459.6
469058,7212605,other,river_cl,,,N,459.5
469763,7213979,other,river_cl,,,N,459.4
481156,7213559,other,river_cl,,,N,459.2
468427,7641395,other,river_cl,,,N,459.1
480693,7641358,other,river_cl,,,N,458.9
481139,7396619,other,river_cl,,,N,458.8
468439,7212247,other,river_cl,,,N,458.7
472417,7214266,other,river_cl,,,N,458.3
469846,7214064,other,river_cl,,,N,458.2
472760,7214866,other,river_cl,,,N,458.0
472650,7214747,other,river_cl,,,N,457.9
497935,7225266,other,river_cl,,,N,457.8
472849,7214957,other,river_cl,,,N,457.5
468815,7212399,other,river_cl,Browns Stream,Browns Stream,N,457.5
469063,7212609,other,river_cl,Waiwhetū Stream,Waiwhetu Stream,Y,457.5
470620,7214674,other,river_cl,,,N,457.4
429365,7640996,other,river_cl,,,N,457.4
472900,7215013,other,river_cl,,,N,457.3
470033,6999769,other,river_cl,,,N,456.9
481273,7396882,other,river_cl,,,N,456.7
472889,7214993,other,river_cl,,,N,456.7
481470,7214434,other,river_cl,,,N,456.6
497951,7225276,other,river_cl,,,N,456.5
430201,7213456,other,river_cl,,,N,456.4
469813,7396836,other,river_cl,,,N,456.1
470447,7214502,other,river_cl,,,N,456.0
470233,7213913,other,river_cl,,,N,455.9
469721,7213609,other,river_cl,,,N,455.8
472799,7214905,other,river_cl,,,N,455.7
470173,7213861,other,river_cl,,,N,455.7
470396,7214450,other,river_cl,,,N,455.4
469283,7213122,other,river_cl,,,N,455.3
469459,7641498,other,river_cl,Korokoro Stream,Korokoro Stream,N,455.3
469709,7213592,other,river_cl,,,N,455.3
482691,7215007,other,river_cl,,,N,455.2
470511,7214572,other,river_cl,,,N,455.2
470386,7000221,other,river_cl,,,N,455.1
468535,7641300,other,river_cl,,,N,454.9
479228,7225126,other,river_cl,Bull Stream,Bull Stream,N,454.8
468417,7640856,other,river_cl,,,N,454.8
468627,7641408,other,river_cl,,,N,454.8
470209,7213893,other,river_cl,,,N,454.7
468660,7641433,other,river_cl,,,N,454.6
481322,7213716,other,river_cl,,,N,454.3
472806,7214676,other,river_cl,,,N,453.9
470525,7214574,other,river_cl,,,N,453.9
469678,8171181,other,river_cl,,,N,453.8
481105,7396589,other,river_cl,Mill Creek,Mill Creek,N,453.6
469864,7214081,other,river_cl,,,N,453.5
481485,7397036,other,river_cl,,,N,453.1
479236,7225134,other,river_cl,,,N,453.1
472657,7397157,other,river_cl,Farm Creek,Farm Creek,N,453.0
469715,7213598,other,river_cl,,,N,452.9
470105,7213786,other,river_cl,,,N,452.4
481287,7214180,other,river_cl,,,N,452.2
470586,7214639,other,river_cl,,,N,452.1
469101,7212649,other,river_cl,,,N,452.1
470601,7214654,other,river_cl,,,N,452.0
470064,7213745,other,river_cl,,,N,451.7
470057,6999707,other,river_cl,,,N,451.6
481113,7213652,other,river_cl,,,N,451.6
481272,7214122,other,river_cl,,,N,451.5
20575,6786373,other,drain_cl,,,N,451.5
469122,7212677,other,river_cl,,,N,451.4
468664,7212251,other,river_cl,,,N,451.3
469773,7213992,other,river_cl,,,N,451.2
470214,7213895,other,river_cl,,,N,451.2
468574,7641325,other,river_cl,,,N,451.1
469963,7214179,other,river_cl,,,N,451.0
469584,7213471,other,river_cl,,,N,451.0
472941,7215056,other,river_cl,,,N,450.9
472818,7214926,other,river_cl,Renata Stream,Renata Stream,N,450.6
469689,7213572,other,river_cl,,,N,450.6
469598,7213472,other,river_cl,,,N,450.5
472436,7214285,other,river_cl,,,N,450.3
470510,7214570,other,river_cl,,,N,450.3
472761,7214867,other,river_cl,,,N,450.2
469622,7213509,other,river_cl,,,N,450.2
469986,7213675,other,river_cl,,,N,450.2
468750,7212244,other,river_cl,,,N,450.1
469623,7213511,other,river_cl,,,N,450.1
482453,7214303,other,river_cl,,,N,450.0
469965,7396897,other,river_cl,,,N,450.0
469874,7214093,other,river_cl,,,N,449.8
470135,7213820,other,river_cl,,,N,449.6
472935,7397293,other,river_cl,,,N,449.5
468614,7641387,other,river_cl,Mākara Stream,Makara Stream,Y,449.5
469575,7213464,other,river_cl,,,N,449.2
20583,6786382,other,drain_cl,,,N,449.2
469119,7212673,other,river_cl,Skull Gully Stream,Skull Gully Stream,N,449.1
468768,7212343,other,river_cl,,,N,448.8
432957,7000519,other,river_cl,,,N,448.6
469142,7212547,other,river_cl,,,N,448.5
470312,7214363,other,river_cl,,,N,448.5
470315,7214369,other,river_cl,,,N,448.4
469460,7641493,other,river_cl,,,N,448.3
470365,7214416,other,river_cl,,,N,448.2
498036,7225284,other,river_cl,,,N,448.1
472418,7214257,other,river_cl,,,N,447.9
469865,6999951,other,river_cl,,,N,447.8
472844,7000481,other,river_cl,,,N,447.5
469607,7213496,other,river_cl,,,N,447.5
481172,7396652,other,river_cl,,,N,447.0
497964,7008831,other,river_cl,,,N,446.8
472762,7000445,other,river_cl,,,N,446.7
470579,7214630,other,river_cl,,,N,446.5
468632,7641410,other,river_cl,,,N,446.5
472721,7214821,other,river_cl,,,N,446.3
469567,6999502,other,river_cl,,,N,446.2
469960,7214175,other,river_cl,Mahers Stream,Mahers Stream,N,446.0
469860,7214078,other,river_cl,,,N,445.9
472427,7214274,other,river_cl,,,N,445.9
470084,7213767,other,river_cl,,,N,445.9
469536,7213654,other,river_cl,,,N,445.9
469298,6999191,other,river_cl,,,N,445.8
469918,7214136,other,river_cl,,,N,445.8
430739,7214461,other,river_cl,,,N,445.7
469085,7212638,other,river_cl,,,N,445.5
469543,7213663,other,river_cl,,,N,445.5
470112,7213795,other,river_cl,,,N,445.4
468806,7212390,other,river_cl,Greens Stream,Greens Stream,N,445.3
469213,7396438,other,river_cl,,,N,445.2
469260,7213097,other,river_cl,Sinclair Creek,Sinclair Creek,N,445.2
470350,7214402,other,river_cl,,,N,445.2
508152,7225260,other,river_cl,,,N,445.1
468704,7705340,other,river_cl,,,N,444.9
469659,7213543,other,river_cl,,,N,444.9
470508,7214566,other,river_cl,,,N,444.9
430840,7214615,other,river_cl,,,N,444.7
472742,7214841,other,river_cl,,,N,444.7
469557,7213445,other,river_cl,,,N,444.7
469685,7213568,other,river_cl,,,N,444.5
470448,7397055,other,river_cl,,,N,444.5
469816,7214039,other,river_cl,,,N,444.4
472447,7214297,other,river_cl,,,N,444.4
470384,7214386,other,river_cl,,,N,444.3
470009,7213694,other,river_cl,,,N,444.0
479218,7225115,other,river_cl,,,N,443.9
468429,7212236,other,river_cl,,,N,443.9
470146,8171193,other,river_cl,,,N,443.9
468957,7212492,other,river_cl,,,N,443.8
470088,7213760,other,river_cl,,,N,443.8
470323,7397000,other,river_cl,,,N,443.6
479121,7008621,other,river_cl,,,N,443.3
481479,7214459,other,river_cl,,,N,442.9
468645,7641426,other,river_cl,,,N,442.9
470176,7213863,other,river_cl,,,N,442.9
481336,7213761,other,river_cl,,,N,442.8
470414,7214469,other,river_cl,,,N,442.6
479120,7225024,other,river_cl,,,N,442.5
468625,7641402,other,river_cl,,,N,442.4
469876,7214095,other,river_cl,,,N,442.3
470587,7000344,other,river_cl,,,N,442.3
470367,7214422,other,river_cl,,,N,442.2
472845,7214953,other,river_cl,,,N,442.0
469752,6999644,other,river_cl,,,N,442.0
497918,7225253,other,river_cl,,,N,441.8
468685,7212269,other,river_cl,,,N,441.8
469611,7213499,other,river_cl,,,N,441.7
470085,7396714,other,river_cl,,,N,441.6
429726,6998776,other,river_cl,,,N,441.4
470600,7214655,other,river_cl,Deadwood Stream,Deadwood Stream,N,441.2
480641,7641606,other,river_cl,,,N,441.2
430284,7213616,other,river_cl,,,N,441.2
470491,7214542,other,river_cl,,,N,441.2
469903,7214119,other,river_cl,,,N,441.1
469185,7213020,other,river_cl,,,N,441.1
432811,7214501,other,river_cl,,,N,441.0
470134,7396737,other,river_cl,Wainui Stream,Wainui Stream,N,441.0
470257,7213936,other,river_cl,,,N,441.0
469895,7214110,other,river_cl,,,N,440.6
470574,7214622,other,river_cl,,,N,440.2
497957,7225282,other,river_cl,,,N,440.0
469723,7213610,other,river_cl,Pāuatahanui Stream,Pauatahanui Stream,Y,439.8
472604,7214702,other,river_cl,,,N,439.7
470348,7214401,other,river_cl,,,N,439.6
468465,7641233,other,river_cl,,,N,439.4
469718,7213602,other,river_cl,,,N,439.4
469115,7212669,other,river_cl,Skull Gully Stream,Skull Gully Stream,N,439.0
470158,7213842,other,river_cl,,,N,438.4
20882,6786300,other,drain_cl,,,N,438.1
470544,7214597,other,river_cl,,,N,437.9
498043,7225356,other,river_cl,,,N,437.6
479198,7225094,other,river_cl,,,N,437.3
470377,7214426,other,river_cl,,,N,437.1
482439,7396953,other,river_cl,,,N,437.0
498048,7402123,other,river_cl,,,N,437.0
468495,7641267,other,river_cl,,,N,437.0
469531,7213647,other,river_cl,,,N,436.8
472455,7214306,other,river_cl,,,N,436.7
469858,7214075,other,river_cl,Cooleys Stream,Cooleys Stream,N,436.6
470406,7214460,other,river_cl,,,N,436.6
472445,7214294,other,river_cl,,,N,436.5
481151,7213534,other,river_cl,Duck Creek,Duck Creek,N,436.5
470011,7213696,other,river_cl,,,N,436.1
470013,7213701,other,river_cl,,,N,436.1
469127,7396249,other,river_cl,,,N,436.0
469756,7213638,other,river_cl,,,N,436.0
469901,7396871,other,river_cl,Black Stream,Black Stream,N,435.6
468769,7212344,other,river_cl,,,N,435.5
20895,6786368,other,drain_cl,,,N,435.3
470199,8171197,other,river_cl,Horokiri Stream,Horokiri Stream,N,435.1
482435,7396949,other,river_cl,,,N,434.7
481381,7213879,other,river_cl,Horokiri Stream,Horokiri Stream,N,434.7
472429,7214276,other,river_cl,,,N,434.6
472623,7214721,other,river_cl,Puffer Creek,Puffer Creek,N,434.3
469496,7396578,other,river_cl,Takapu Stream,Takapu Stream,N,434.2
468671,7212255,other,river_cl,,,N,433.9
468999,7212537,other,river_cl,Scholes Creek,Scholes Creek,N,433.9
437737,7008650,other,river_cl,,,N,433.9
469418,7641449,other,river_cl,,,N,433.8
497923,7225102,other,river_cl,,,N,433.6
472852,7214897,other,river_cl,,,N,433.6
469983,7213671,other,river_cl,,,N,433.4
469297,7213135,other,river_cl,,,N,432.7
469759,7213975,other,river_cl,,,N,432.7
472431,7214196,other,river_cl,,,N,432.6
469914,7214132,other,river_cl,,,N,432.4
481094,7641517,other,river_cl,,,N,432.3
469038,7212581,other,river_cl,,,N,432.2
481123,7396602,other,river_cl,,,N,432.2
469197,7213030,other,river_cl,,,N,431.8
469484,7641728,other,river_cl,,,N,431.6
469716,7213600,other,river_cl,,,N,431.6
470425,7214483,other,river_cl,,,N,431.4
472612,7214708,other,river_cl,,,N,431.4
482584,7397189,other,river_cl,,,N,431.3
469587,7213474,other,river_cl,,,N,431.2
498055,7225369,other,river_cl,,,N,431.1
481508,7214547,other,river_cl,,,N,430.9
472796,7214902,other,river_cl,,,N,430.7
469690,7213573,other,river_cl,,,N,430.6
481064,7641702,other,river_cl,Ohariu Stream,Ohariu Stream,N,430.4
468558,7641333,other,river_cl,,,N,430.2
468835,7212420,other,river_cl,Matthews Stream,Matthews Stream,N,430.1
469521,7213425,other,river_cl,,,N,430.0
429948,7213162,other,river_cl,,,N,429.9
430466,7214173,other,river_cl,,,N,429.6
469922,7214140,other,river_cl,,,N,429.6
470060,7213741,other,river_cl,,,N,429.3
498046,7225361,other,river_cl,,,N,429.0
470110,7213794,other,river_cl,,,N,428.9
430654,6999834,other,river_cl,,,N,428.9
470494,7214548,other,river_cl,,,N,428.8
482609,7214864,other,river_cl,,,N,428.8
469625,7396623,other,river_cl,,,N,428.8
482705,7215046,other,river_cl,,,N,428.5
469870,7214085,other,river_cl,,,N,428.4
472743,7214842,other,river_cl,,,N,428.4
481440,7214356,other,river_cl,,,N,428.2
482527,7214687,other,river_cl,,,N,427.8
468942,7212448,other,river_cl,,,N,427.7
469871,7214086,other,river_cl,Cooleys Stream,Cooleys Stream,N,427.6
470531,7214587,other,river_cl,,,N,427.6
472894,7215006,other,river_cl,,,N,427.6
472781,7214882,other,river_cl,,,N,427.4
470076,7213757,other,river_cl,,,N,427.4
470342,7214397,other,river_cl,,,N,427.3
470583,7214637,other,river_cl,,,N,427.2
479112,7225015,other,river_cl,,,N,427.1
508158,7402056,other,river_cl,,,N,427.0
472756,7214860,other,river_cl,,,N,426.9
469476,7641505,other,river_cl,Porirua Stream,Porirua Stream,N,426.9
470246,7213928,other,river_cl,,,N,426.9
468756,7212250,other,river_cl,,,N,426.7
481482,7214477,other,river_cl,,,N,426.3
469729,7213617,other,river_cl,,,N,426.1
469116,7212670,other,river_cl,,,N,426.0
468740,7212323,other,river_cl,,,N,425.7
508179,7225295,other,river_cl,,,N,425.5
470496,7000284,other,river_cl,,,N,425.4
20569,6786366,other,drain_cl,,,N,425.1
468609,7641366,other,river_cl,,,N,424.9
472582,7214682,other,river_cl,,,N,424.7
497939,7225269,other,river_cl,,,N,424.7
430804,7000291,other,river_cl,,,N,424.7
470177,7396755,other,river_cl,,,N,424.6
469624,7213513,other,river_cl,,,N,424.5
469481,7641504,other,river_cl,Porirua Stream,Porirua Stream,N,424.3
472838,7214943,other,river_cl,,,N,424.2
470527,7397082,other,river_cl,,,N,424.0
508150,7225257,other,river_cl,Renata Stream,Renata Stream,N,424.0
469019,7212553,other,river_cl,Whakanui Creek,Whakanui Creek,N,424.0
470316,7214370,other,river_cl,,,N,423.9
469643,7396626,other,river_cl,,,N,423.8
432816,7000390,other,river_cl,,,N,423.7
469004,7212541,other,river_cl,,,N,423.7
430830,7214562,other,river_cl,,,N,423.6
479179,7225074,other,river_cl,,,N,423.6
480642,7641609,other,river_cl,,,N,423.5
481303,7213692,other,river_cl,,,N,423.5
470399,7214454,other,river_cl,,,N,423.1
468809,7212354,other,river_cl,Catchpool Stream,Catchpool Stream,N,423.1
469486,7641729,other,river_cl,Takapu Stream,Takapu Stream,N,422.7
469834,7214056,other,river_cl,,,N,422.6
470245,7213926,other,river_cl,,,N,422.6
468744,7396095,other,river_cl,,,N,422.2
469195,7213028,other,river_cl,,,N,422.1
469833,7214055,other,river_cl,,,N,422.0
472722,7214823,other,river_cl,,,N,422.0
469021,7212560,other,river_cl,Scholes Creek,Scholes Creek,N,421.8
469635,7213523,other,river_cl,,,N,420.8
469939,7214155,other,river_cl,,,N,420.6
469697,7213580,other,river_cl,,,N,420.6
472786,7214888,other,river_cl,,,N,420.5
480623,7641592,other,river_cl,Silver Stream,Silver Stream,N,420.4
472939,7215054,other,river_cl,,,N,420.3
470435,7214487,other,river_cl,,,N,420.1
472794,7214901,other,river_cl,,,N,419.9
497956,7225280,other,river_cl,,,N,419.8
469039,7212577,other,river_cl,,,N,419.8
20577,6786376,other,drain_cl,Black Stream,Black Stream,N,419.8
472863,7214968,other,river_cl,,,N,419.6
472737,7214839,other,river_cl,Putaputa Stream,Putaputa Stream,N,419.5
480766,7396093,other,river_cl,,,N,419.4
468585,7641344,other,river_cl,,,N,419.3
481441,7214360,other,river_cl,,,N,419.3
470087,7213770,other,river_cl,,,N,419.2
481404,7213916,other,river_cl,,,N,419.1
482657,7214945,other,river_cl,,,N,418.9
20899,6786375,other,drain_cl,,,N,418.9
468569,7641338,other,river_cl,,,N,418.8
480658,7641624,other,river_cl,Karori Stream,Karori Stream,N,418.7
480750,7396073,other,river_cl,,,N,418.6
481383,7396762,other,river_cl,,,N,418.6
469733,7213576,other,river_cl,,,N,418.5
472896,7215010,other,river_cl,,,N,418.3
472811,7214915,other,river_cl,,,N,418.1
479206,7225085,other,river_cl,,,N,418.0
470203,7213857,other,river_cl,,,N,417.8
470116,7213800,other,river_cl,Wainui Stream,Wainui Stream,N,417.6
470156,7213839,other,river_cl,,,N,416.7
469522,7396594,other,river_cl,Mill Creek,Mill Creek,N,416.6
469490,7641511,other,river_cl,,,N,416.4
481282,7396892,other,river_cl,Climie Creek,Climie Creek,N,416.3
472829,7214939,other,river_cl,Renata Stream,Renata Stream,N,416.3
472888,7214994,other,river_cl,,,N,416.2
472812,7214916,other,river_cl,Renata Stream,Renata Stream,N,416.1
472913,7215004,other,river_cl,,,N,416.1
472642,7214739,other,river_cl,,,N,416.0
470023,7213662,other,river_cl,,,N,416.0
481398,7396770,other,river_cl,,,N,415.8
468426,7641397,other,river_cl,,,N,415.5
481107,8171284,other,river_cl,Cannons Creek,Cannons Creek,N,415.5
470524,7214580,other,river_cl,,,N,415.5
497933,7225116,other,river_cl,,,N,415.4
482403,7214218,other,river_cl,,,N,415.3
481173,7396653,other,river_cl,,,N,415.2
481086,7213384,other,river_cl,,,N,415.1
481370,7213844,other,river_cl,,,N,415.1
472842,7397254,other,river_cl,,,N,414.9
468540,7641310,other,river_cl,,,N,414.5
468580,7641354,other,river_cl,,,N,414.5
469727,7213615,other,river_cl,,,N,414.5
481417,8171293,other,river_cl,,,N,414.2
470320,7214372,other,river_cl,,,N,414.0
470318,7214371,other,river_cl,,,N,414.0
470070,7213744,other,river_cl,,,N,414.0
468525,7641296,other,river_cl,,,N,413.8
469619,7213506,other,river_cl,,,N,413.8
470148,7396742,other,river_cl,,,N,413.7
472588,7214689,other,river_cl,,,N,413.5
472934,7215048,other,river_cl,,,N,413.5
469985,7213676,other,river_cl,,,N,413.5
469585,7213470,other,river_cl,Wainuiomata Stream,Wainuiomata Stream,N,413.3
469636,7213522,other,river_cl,,,N,413.2
468626,7641404,other,river_cl,,,N,413.1
470184,7213870,other,river_cl,,,N,413.1
480669,7641636,other,river_cl,North Mākara Stream,North Makara Stream,Y,412.7
480925,7396204,other,river_cl,Tūrere Stream,Turere Stream,Y,411.8
472640,7397148,other,river_cl,,,N,411.6
480791,7396117,other,river_cl,Catchpool Stream,Catchpool Stream,N,411.5
469198,7213031,other,river_cl,,,N,411.2
480953,7396239,other,river_cl,Crowthers Creek,Crowthers Creek,N,411.1
468538,7641301,other,river_cl,,,N,410.6
472785,7214886,other,river_cl,,,N,410.4
468450,7641226,other,river_cl,Oteranga Stream,Oteranga Stream,N,410.3
469798,7214020,other,river_cl,,,N,410.0
470219,7213900,other,river_cl,,,N,410.0
20585,6786383,other,drain_cl,,,N,409.9
470341,7397004,other,river_cl,,,N,409.9
472826,7214934,other,river_cl,,,N,409.6
470397,7214452,other,river_cl,,,N,409.5
468997,7212535,other,river_cl,Scholes Creek,Scholes Creek,N,409.3
481102,7396586,other,river_cl,,,N,409.1
20589,6786386,other,drain_cl,,,N,409.0
468582,7641652,other,river_cl,,,N,408.8
470608,7214662,other,river_cl,,,N,408.7
481167,7396645,other,river_cl,,,N,408.7
470138,7213818,other,river_cl,,,N,408.6
472593,7397126,other,river_cl,Kaitoke Stream,Kaitoke Stream,N,408.4
470503,7214558,other,river_cl,,,N,408.3
479216,7225112,other,river_cl,,,N,408.2
497928,7402059,other,river_cl,,,N,408.1
470069,7396708,other,river_cl,,,N,408.1
468493,7641246,other,river_cl,,,N,408.0
472776,7214879,other,river_cl,,,N,407.8
481108,7213431,other,river_cl,,,N,407.8
469311,7213148,other,river_cl,,,N,407.6
472651,7214752,other,river_cl,,,N,407.3
469041,7212582,other,river_cl,,,N,407.2
469770,7213991,other,river_cl,,,N,407.1
497931,7402061,other,river_cl,,,N,407.0
472605,7214703,other,river_cl,,,N,406.9
481250,7396860,other,river_cl,Cooleys Stream,Cooleys Stream,N,406.8
472583,7214453,other,river_cl,,,N,406.8
481289,7214189,other,river_cl,,,N,406.7
481326,7213728,other,river_cl,Horokiri Stream,Horokiri Stream,N,406.7
472834,7397250,other,river_cl,,,N,406.5
472841,7214950,other,river_cl,,,N,406.1
20505,6786296,other,drain_cl,,,N,406.0
468753,7212332,other,river_cl,,,N,406.0
472599,7214688,other,river_cl,,,N,405.7
472831,7214941,other,river_cl,,,N,405.7
469769,7213988,other,river_cl,,,N,405.3
482541,7397145,other,river_cl,Kaitoke Stream,Kaitoke Stream,N,405.2
498061,7225375,other,river_cl,,,N,404.6
470036,7213721,other,river_cl,Kakaho Stream,Kakaho Stream,N,404.6
472678,7214778,other,river_cl,,,N,404.5
470211,7213894,other,river_cl,,,N,404.4
480681,7641637,other,river_cl,Oteranga Stream,Oteranga Stream,N,404.3
472774,7214878,other,river_cl,Phillips Stream,Phillips Stream,N,404.2
469754,7213640,other,river_cl,,,N,404.2
469426,7641708,other,river_cl,,,N,404.0
469133,7212684,other,river_cl,,,N,403.8
20912,6786385,other,drain_cl,,,N,403.6
468570,7641339,other,river_cl,,,N,403.5
472613,7214709,other,river_cl,,,N,403.4
498037,7225350,other,river_cl,,,N,403.4
472787,7214889,other,river_cl,,,N,403.1
472654,7214754,other,river_cl,,,N,402.9
481111,7396673,other,river_cl,,,N,402.8
470109,7213793,other,river_cl,,,N,402.7
470197,7396764,other,river_cl,,,N,402.6
472718,8324157,other,river_cl,,,N,402.5
470106,7213787,other,river_cl,,,N,402.4
470182,7213865,other,river_cl,,,N,401.9
472663,7214763,other,river_cl,,,N,401.7
481070,7641466,other,river_cl,,,N,401.6
468642,7641415,other,river_cl,,,N,401.5
469259,7212632,other,river_cl,Sinclair Creek,Sinclair Creek,N,401.0
472797,7214904,other,river_cl,,,N,400.9
20584,6798282,other,drain_cl,,,N,400.7
472832,7214944,other,river_cl,Renata Stream,Renata Stream,N,400.7
469331,7213168,other,river_cl,,,N,400.6
469447,7641482,other,river_cl,,,N,400.3
482688,7397280,other,river_cl,Quoin Stream,Quoin Stream,N,399.7
20896,6798266,other,drain_cl,,,N,399.7
497934,7225265,other,river_cl,,,N,399.5
472655,7397155,other,river_cl,Farm Creek,Farm Creek,N,398.7
469502,7396581,other,river_cl,,,N,398.6
481510,7397067,other,river_cl,,,N,398.3
472595,7397127,other,river_cl,Kaitoke Stream,Kaitoke Stream,N,397.9
470142,7213825,other,river_cl,,,N,397.8
469774,7213994,other,river_cl,,,N,397.3
469472,7641501,other,river_cl,,,N,397.2
469707,7213589,other,river_cl,,,N,397.2
497929,7402060,other,river_cl,,,N,397.1
469713,7213590,other,river_cl,,,N,397.1
470282,7213959,other,river_cl,,,N,397.1
469000,7396205,other,river_cl,Graces Stream,Graces Stream,N,397.0
469047,7396216,other,river_cl,George Creek,George Creek,N,397.0
497937,7225268,other,river_cl,,,N,396.9
482433,7214258,other,river_cl,,,N,396.4
470438,7397048,other,river_cl,,,N,396.2
470445,7214497,other,river_cl,,,N,396.2
497917,7225252,other,river_cl,,,N,396.2
470200,7213889,other,river_cl,,,N,396.2
469961,7214176,other,river_cl,,,N,396.1
470363,7214415,other,river_cl,,,N,396.0
468774,7396118,other,river_cl,Catchpool Stream,Catchpool Stream,N,395.6
470380,7214431,other,river_cl,,,N,395.2
470585,7214640,other,river_cl,,,N,395.2
469923,7214141,other,river_cl,,,N,395.2
470164,7213841,other,river_cl,,,N,395.1
482524,7397124,other,river_cl,,,N,395.0
479211,7225104,other,river_cl,Chilly Stream,Chilly Stream,N,394.7
481507,7214543,other,river_cl,,,N,394.6
481269,7396879,other,river_cl,,,N,394.4
470053,7213736,other,river_cl,,,N,394.0
20594,6786392,other,drain_cl,,,N,393.8
469544,7396567,other,river_cl,Korokoro Stream,Korokoro Stream,N,392.8
469478,7641506,other,river_cl,Porirua Stream,Porirua Stream,N,392.4
481515,7214567,other,river_cl,,,N,392.3
470185,7396758,other,river_cl,,,N,392.2
481285,7214177,other,river_cl,,,N,392.0
481163,7396640,other,river_cl,Pāuatahanui Stream,Pauatahanui Stream,Y,391.7
472859,7214900,other,river_cl,,,N,391.5
470413,7214466,other,river_cl,,,N,391.1
480949,7396235,other,river_cl,Skull Gully Stream,Skull Gully Stream,N,390.9
485532,7401963,other,river_cl,Chilly Stream,Chilly Stream,N,390.8
480879,7212755,other,river_cl,Papatahi Stream,Papatahi Stream,N,390.8
469279,7396453,other,river_cl,,,N,390.8
468584,7641653,other,river_cl,,,N,390.8
470226,7213905,other,river_cl,,,N,390.7
480648,7641598,other,river_cl,Waiariki Stream,Waiariki Stream,N,390.5
468520,7641630,other,river_cl,,,N,390.5
481294,7396681,other,river_cl,,,N,390.4
469159,7212990,other,river_cl,Ryan Creek,Ryan Creek,N,390.3
481260,7214114,other,river_cl,,,N,390.1
472778,7214881,other,river_cl,,,N,389.8
470126,7396732,other,river_cl,Wainui Stream,Wainui Stream,N,389.8
480908,7396187,other,river_cl,Gollans Stream,Gollans Stream,N,389.5
469946,7214162,other,river_cl,,,N,389.1
469128,7396251,other,river_cl,,,N,389.0
469605,7213493,other,river_cl,,,N,388.9
480918,7396198,other,river_cl,,,N,388.8
469958,7214169,other,river_cl,,,N,388.7
470437,7214495,other,river_cl,,,N,388.7
468407,7641189,other,river_cl,,,N,388.7
480718,7641681,other,river_cl,,,N,388.6
480955,7396241,other,river_cl,Crowthers Creek,Crowthers Creek,N,388.3
20587,6798285,other,drain_cl,,,N,388.0
472803,7214908,other,river_cl,,,N,387.9
472432,7214281,other,river_cl,,,N,387.6
480626,7641595,other,river_cl,,,N,387.6
469676,8171179,other,river_cl,,,N,387.1
472862,7214965,other,river_cl,,,N,386.6
469102,7212650,other,river_cl,,,N,386.6
482611,7214846,other,river_cl,,,N,386.5
437775,7225120,other,river_cl,,,N,386.4
20590,6786388,other,drain_cl,,,N,386.3
468528,7641294,other,river_cl,,,N,386.2
479205,7401959,other,river_cl,,,N,385.8
508207,7402115,other,river_cl,,,N,385.7
470338,7214393,other,river_cl,,,N,385.7
468659,7641430,other,river_cl,,,N,385.5
472653,7214753,other,river_cl,,,N,384.8
470183,7213869,other,river_cl,,,N,384.6
482604,7214858,other,river_cl,Kerekere Stream,Kerekere Stream,N,384.5
472601,7214699,other,river_cl,,,N,384.4
470252,7213931,other,river_cl,,,N,383.7
482640,7214922,other,river_cl,,,N,383.5
481195,7213643,other,river_cl,,,N,383.5
480792,7212349,other,river_cl,Catchpool Stream,Catchpool Stream,N,383.3
468583,7641648,other,river_cl,,,N,383.1
469512,7213417,other,river_cl,,,N,383.0
472750,7214850,other,river_cl,,,N,382.9
470083,7213768,other,river_cl,,,N,382.6
472808,7214677,other,river_cl,Renata Stream,Renata Stream,N,382.5
481343,7396718,other,river_cl,,,N,382.1
480836,7396155,other,river_cl,,,N,381.8
469794,7214016,other,river_cl,,,N,381.8
469957,7214168,other,river_cl,Climie Creek,Climie Creek,N,381.6
468819,7212404,other,river_cl,Goat Stream,Goat Stream,N,381.6
468646,7641420,other,river_cl,,,N,381.6
481462,7214418,other,river_cl,,,N,381.3
498049,7402122,other,river_cl,,,N,381.2
480702,7641377,other,river_cl,,,N,381.2
469313,7213152,other,river_cl,,,N,380.9
470552,7214555,other,river_cl,,,N,380.1
497960,7225286,other,river_cl,,,N,379.6
469428,7641459,other,river_cl,Ohariu Stream,Ohariu Stream,N,379.6
481180,7213607,other,river_cl,Pāuatahanui Stream,Pauatahanui Stream,Y,379.4
481231,7214051,other,river_cl,,,N,379.2
469055,7212598,other,river_cl,,,N,379.1
469434,7641709,other,river_cl,,,N,379.0
470104,7213783,other,river_cl,,,N,379.0
470047,7213729,other,river_cl,Horokiri Stream,Horokiri Stream,N,378.9
482650,7214927,other,river_cl,,,N,378.2
470408,7397030,other,river_cl,,,N,377.9
480710,7641673,other,river_cl,,,N,377.8
468599,7641371,other,river_cl,Mākara Stream,Makara Stream,Y,377.3
470507,7214564,other,river_cl,Titi Stream,Titi Stream,N,377.3
469696,7396648,other,river_cl,,,N,376.5
481015,7213120,other,river_cl,,,N,376.2
469120,7212671,other,river_cl,,,N,376.1
481233,7396827,other,river_cl,Narrow Neck Stream,Narrow Neck Stream,N,376.0
468705,7212287,other,river_cl,,,N,375.6
482552,7397160,other,river_cl,,,N,375.5
470621,7397118,other,river_cl,Chilly Stream,Chilly Stream,N,375.3
20892,6798261,other,drain_cl,,,N,375.3
479203,7225099,other,river_cl,Frances Stream,Frances Stream,N,375.1
469982,7213653,other,river_cl,,,N,375.1
480631,7641597,other,river_cl,Waiariki Stream,Waiariki Stream,N,374.9
482653,7214938,other,river_cl,Renata Stream,Renata Stream,N,374.4
470457,7396783,other,river_cl,,,N,374.4
481158,7213561,other,river_cl,,,N,374.1
469209,7396436,other,river_cl,,,N,374.0
479212,7225108,other,river_cl,,,N,373.3
468941,7212479,other,river_cl,,,N,373.1
481364,7213816,other,river_cl,Wainui Stream,Wainui Stream,N,372.9
482404,7396916,other,river_cl,,,N,372.5
481475,7000233,other,river_cl,,,N,372.2
481439,7214354,other,river_cl,,,N,372.1
482445,7396959,other,river_cl,,,N,371.2
481543,7214633,other,river_cl,,,N,370.8
468804,6998595,other,river_cl,,,N,370.6
472802,7214907,other,river_cl,,,N,370.5
470462,7397059,other,river_cl,,,N,370.3
468631,7641666,other,river_cl,North Mākara Stream,North Makara Stream,Y,370.2
481160,7396637,other,river_cl,,,N,370.2
472893,7397282,other,river_cl,,,N,369.6
481562,7214678,other,river_cl,Frances Stream,Frances Stream,N,369.6
497919,7225254,other,river_cl,Renata Stream,Renata Stream,N,369.4
472917,7215026,other,river_cl,,,N,369.4
468843,7212429,other,river_cl,Whakanui Creek,Whakanui Creek,N,369.3
472807,7214912,other,river_cl,,,N,369.1
482548,7214749,other,river_cl,Farm Creek,Farm Creek,N,369.0
470506,7214565,other,river_cl,,,N,368.4
480636,7641602,other,river_cl,,,N,368.3
468489,7641252,other,river_cl,Karori Stream,Karori Stream,N,368.0
468567,7641335,other,river_cl,,,N,367.9
20591,6798286,other,drain_cl,,,N,367.6
469079,7396230,other,river_cl,Sinclair Creek,Sinclair Creek,N,367.1
469097,7212646,other,river_cl,Skull Gully Stream,Skull Gully Stream,N,367.1
472430,7214277,other,river_cl,,,N,367.0
469634,7213520,other,river_cl,,,N,366.8
482631,7214903,other,river_cl,,,N,366.7
468758,7212335,other,river_cl,,,N,366.7
470327,7214367,other,river_cl,,,N,366.7
469954,7214166,other,river_cl,Colletts Stream,Colletts Stream,N,366.4
468496,7641623,other,river_cl,,,N,366.4
469691,7396643,other,river_cl,Pāuatahanui Stream,Pauatahanui Stream,Y,366.4
508169,7225287,other,river_cl,,,N,366.0
480717,7641680,other,river_cl,,,N,366.0
472614,7214710,other,river_cl,Remutaka Stream,Remutaka Stream,N,365.6
470248,7213868,other,river_cl,,,N,365.5
481308,7213700,other,river_cl,,,N,365.5
469609,7213497,other,river_cl,,,N,365.1
482667,7214958,other,river_cl,,,N,365.0
469534,8171177,other,river_cl,Taupō Stream,Taupo Stream,Y,365.0
472459,7214309,other,river_cl,Remutaka Stream,Remutaka Stream,N,364.2
468537,7641308,other,river_cl,,,N,364.2
470232,7213911,other,river_cl,,,N,364.0
472740,7214840,other,river_cl,,,N,363.9
479200,7225097,other,river_cl,,,N,363.9
20576,6786371,other,drain_cl,,,N,363.9
469795,7214017,other,river_cl,,,N,363.8
470254,7213871,other,river_cl,,,N,363.8
480688,7641641,other,river_cl,,,N,363.6
472446,7214296,other,river_cl,,,N,363.5
468825,7212409,other,river_cl,Tūrere Stream,Turere Stream,Y,363.3
470519,7397076,other,river_cl,Titi Stream,Titi Stream,N,363.2
470098,7213778,other,river_cl,,,N,363.0
472839,7397249,other,river_cl,,,N,362.8
481532,7397092,other,river_cl,,,N,362.3
481484,7397035,other,river_cl,,,N,362.0
481487,7397038,other,river_cl,,,N,362.0
468565,7641341,other,river_cl,,,N,362.0
470575,7397099,other,river_cl,Putaputa Stream,Putaputa Stream,N,361.8
469129,7212683,other,river_cl,,,N,361.8
469959,7214171,other,river_cl,,,N,361.6
470092,7396720,other,river_cl,Wainui Stream,Wainui Stream,N,361.6
469694,7213578,other,river_cl,,,N,361.5
480782,7396111,other,river_cl,Gollans Stream,Gollans Stream,N,361.4
472914,7397281,other,river_cl,,,N,361.2
470431,7214489,other,river_cl,,,N,360.8
468561,7641331,other,river_cl,,,N,360.8
481092,7641512,other,river_cl,,,N,360.8
472606,7214705,other,river_cl,,,N,360.7
480634,7641211,other,river_cl,,,N,360.6
469654,7213541,other,river_cl,,,N,360.3
481473,7214448,other,river_cl,Blaikie Stream,Blaikie Stream,N,360.2
470565,7214613,other,river_cl,,,N,359.9
469280,7213117,other,river_cl,,,N,359.6
469787,7214008,other,river_cl,,,N,359.4
469699,7396650,other,river_cl,,,N,359.0
469775,7213981,other,river_cl,,,N,358.2
469776,7213983,other,river_cl,,,N,357.8
472779,7214876,other,river_cl,,,N,357.6
480663,7641629,other,river_cl,,,N,357.6
481299,7396680,other,river_cl,,,N,357.6
472414,7214263,other,river_cl,,,N,357.0
481197,7213980,other,river_cl,,,N,356.8
470078,7213755,other,river_cl,,,N,356.5
481539,7397103,other,river_cl,,,N,355.6
481012,7213113,other,river_cl,,,N,354.8
480643,7641605,other,river_cl,Oteranga Stream,Oteranga Stream,N,354.4
480633,7641599,other,river_cl,,,N,353.4
480839,7396158,other,river_cl,Whakanui Creek,Whakanui Creek,N,353.4
479195,7401957,other,river_cl,,,N,353.3
497927,7225261,other,river_cl,,,N,353.2
469616,7396618,other,river_cl,,,N,353.2
481518,7397075,other,river_cl,,,N,352.5
469725,7213612,other,river_cl,Pāuatahanui Stream,Pauatahanui Stream,Y,352.3
481446,7396996,other,river_cl,,,N,352.3
469199,7213032,other,river_cl,Big Huia Creek,Big Huia Creek,N,351.9
479214,7225110,other,river_cl,Frances Stream,Frances Stream,N,351.8
470227,7396773,other,river_cl,,,N,351.8
469823,7396843,other,river_cl,,,N,351.7
482554,7397135,other,river_cl,,,N,351.7
480650,7641616,other,river_cl,,,N,351.7
469740,7396667,other,river_cl,,,N,351.7
482633,7397230,other,river_cl,,,N,351.6
470444,7214500,other,river_cl,,,N,351.5
468763,7212339,other,river_cl,Gollans Stream,Gollans Stream,N,351.4
508166,7402074,other,river_cl,,,N,351.0
481239,7396851,other,river_cl,,,N,350.6
481010,7213106,other,river_cl,,,N,350.3
482526,7397033,other,river_cl,,,N,350.2
482560,7214779,other,river_cl,,,N,349.7
481445,7396997,other,river_cl,,,N,349.7
480684,7641651,other,river_cl,,,N,349.6
481330,7396706,other,river_cl,,,N,349.5
472793,7214666,other,river_cl,,,N,349.2
469135,7212682,other,river_cl,,,N,349.0
20905,6798277,other,drain_cl,,,N,348.9
480685,7641357,other,river_cl,,,N,348.8
20901,6798272,other,drain_cl,,,N,348.6
470624,7397122,other,river_cl,,,N,348.6
480683,7641650,other,river_cl,Oteranga Stream,Oteranga Stream,N,348.5
437694,7008608,other,river_cl,Titi Stream,Titi Stream,N,348.5
481499,7397054,other,river_cl,,,N,348.3
482634,7214910,other,river_cl,,,N,347.9
472827,7214937,other,river_cl,Renata Stream,Renata Stream,N,347.8
468703,7212286,other,river_cl,,,N,347.6
482662,7214951,other,river_cl,,,N,347.5
470513,7214573,other,river_cl,,,N,347.0
470439,7397052,other,river_cl,,,N,346.6
485525,7401958,other,river_cl,,,N,346.5
479135,7225035,other,river_cl,,,N,346.4
481311,7213707,other,river_cl,,,N,346.1
481483,7214480,other,river_cl,,,N,345.6
481361,7396738,other,river_cl,,,N,345.6
468597,7641661,other,river_cl,Mākara Stream,Makara Stream,Y,345.5
470010,7396691,other,river_cl,,,N,345.5
470330,7214382,other,river_cl,,,N,345.4
469111,7212662,other,river_cl,Wainuiomata Stream,Wainuiomata Stream,N,344.9
482533,7397133,other,river_cl,,,N,344.8
470022,7396696,other,river_cl,,,N,344.4
481546,7397086,other,river_cl,,,N,344.3
470027,7213714,other,river_cl,Taupō Stream,Taupo Stream,Y,344.2
508148,7402053,other,river_cl,Renata Stream,Renata Stream,N,343.9
479173,7225071,other,river_cl,,,N,343.8
481394,7396772,other,river_cl,,,N,343.4
482626,7214893,other,river_cl,,,N,343.2
472795,7397116,other,river_cl,,,N,343.2
481140,7213505,other,river_cl,,,N,342.9
482605,7397204,other,river_cl,,,N,342.8
472901,7215015,other,river_cl,,,N,342.8
470052,7213737,other,river_cl,,,N,342.6
472744,7214843,other,river_cl,,,N,342.5
472814,7214921,other,river_cl,,,N,342.5
481198,7396809,other,river_cl,,,N,342.4
481267,7396876,other,river_cl,,,N,342.3
472681,7397168,other,river_cl,,,N,342.3
472792,7214895,other,river_cl,,,N,342.3
480661,7641632,other,river_cl,,,N,341.9
482706,7215047,other,river_cl,,,N,341.6
470045,7213727,other,river_cl,Horokiri Stream,Horokiri Stream,N,341.6
482603,7397206,other,river_cl,,,N,341.4
481437,7396805,other,river_cl,,,N,341.3
480981,7212589,other,river_cl,,,N,341.2
481477,7397028,other,river_cl,,,N,341.1
480703,7641669,other,river_cl,,,N,341.1
468612,7641385,other,river_cl,,,N,340.8
482590,7397195,other,river_cl,,,N,340.4
481274,7396883,other,river_cl,,,N,340.3
481347,7396723,other,river_cl,Horokiri Stream,Horokiri Stream,N,340.1
469783,7214004,other,river_cl,Narrow Neck Stream,Narrow Neck Stream,N,339.8
470012,8171188,other,river_cl,,,N,339.5
481286,7396896,other,river_cl,,,N,338.9
472608,7214704,other,river_cl,,,N,338.9
480995,7213049,other,river_cl,,,N,338.8
479235,7008700,other,river_cl,,,N,338.7
481199,7396811,other,river_cl,,,N,338.7
480697,7641378,other,river_cl,,,N,338.7
480627,7641678,other,river_cl,,,N,338.5
481523,7214584,other,river_cl,,,N,338.4
481124,7396604,other,river_cl,,,N,338.4
481110,8216828,other,river_cl,,,N,338.3
429445,7212289,other,river_cl,,,N,338.1
470101,7213782,other,river_cl,,,N,338.0
482693,7397256,other,river_cl,,,N,337.9
480787,7396113,other,river_cl,Gollans Stream,Gollans Stream,N,337.8
481476,7397027,other,river_cl,,,N,337.5
482655,7214942,other,river_cl,,,N,337.4
469466,7641500,other,river_cl,,,N,337.3
470534,7397081,other,river_cl,,,N,337.1
472891,7215001,other,river_cl,,,N,336.6
480721,7641667,other,river_cl,North Mākara Stream,North Makara Stream,Y,336.6
472765,7214868,other,river_cl,,,N,336.5
481517,7397073,other,river_cl,,,N,336.1
508214,7225358,other,river_cl,,,N,335.9
480796,7396100,other,river_cl,,,N,335.6
469780,7214000,other,river_cl,Narrow Neck Stream,Narrow Neck Stream,N,335.5
481089,7641726,other,river_cl,Takapu Stream,Takapu Stream,N,335.5
469671,7213562,other,river_cl,,,N,335.3
472609,7397132,other,river_cl,,,N,335.0
20596,6786394,other,drain_cl,,,N,334.5
480682,7641654,other,river_cl,Oteranga Stream,Oteranga Stream,N,334.3
20911,6798284,other,drain_cl,,,N,334.0
481298,7396684,other,river_cl,Kakaho Stream,Kakaho Stream,N,334.0
480751,7212280,other,river_cl,,,N,333.7
469126,7212664,other,river_cl,Crowthers Creek,Crowthers Creek,N,333.5
472616,7397140,other,river_cl,Puffer Creek,Puffer Creek,N,333.3
469765,7213986,other,river_cl,,,N,332.7
508162,7225281,other,river_cl,,,N,332.4
482635,7397233,other,river_cl,,,N,332.3
469492,7641731,other,river_cl,,,N,332.0
472892,7215002,other,river_cl,Quoin Stream,Quoin Stream,N,331.7
472828,7397237,other,river_cl,,,N,331.6
468667,7212254,other,river_cl,,,N,331.5
480656,7641622,other,river_cl,Silver Stream,Silver Stream,N,331.5
481291,7214197,other,river_cl,,,N,331.2
485507,7401940,other,river_cl,,,N,331.2
20909,6798281,other,drain_cl,,,N,331.0
468706,7212288,other,river_cl,,,N,331.0
469513,7213410,other,river_cl,Ohariu Stream,Ohariu Stream,N,331.0
469519,7396591,other,river_cl,,,N,330.6
486759,7504325,other,river_cl,Gollans Stream,Gollans Stream,N,330.1
481080,7396561,other,river_cl,Korokoro Stream,Korokoro Stream,N,330.0
480916,7212516,other,river_cl,,,N,329.8
497970,7225297,other,river_cl,,,N,329.7
482550,7397154,other,river_cl,,,N,329.1
482698,7215027,other,river_cl,,,N,329.0
469505,7213409,other,river_cl,,,N,328.7
468808,7212353,other,river_cl,,,N,328.5
480625,7641593,other,river_cl,,,N,328.2
472858,7214899,other,river_cl,,,N,327.9
469800,7214023,other,river_cl,Black Stream,Black Stream,N,327.9
481276,7396887,other,river_cl,Cooleys Stream,Cooleys Stream,N,327.7
469799,7214022,other,river_cl,,,N,327.7
470093,8171192,other,river_cl,Horokiri Stream,Horokiri Stream,N,327.6
469979,7214200,other,river_cl,,,N,327.3
481414,8171290,other,river_cl,Horokiri Stream,Horokiri Stream,N,327.3
481210,7396812,other,river_cl,,,N,326.9
470251,8171199,other,river_cl,,,N,326.8
480764,7212309,other,river_cl,,,N,326.7
479227,7225125,other,river_cl,Bull Stream,Bull Stream,N,326.5
481435,7396801,other,river_cl,,,N,326.5
481320,7213823,other,river_cl,,,N,326.2
469469,7396566,other,river_cl,Korokoro Stream,Korokoro Stream,N,326.1
469564,7213452,other,river_cl,,,N,325.9
481391,6999807,other,river_cl,,,N,325.9
482596,7397199,other,river_cl,,,N,325.7
481393,7396765,other,river_cl,,,N,325.1
472833,7397240,other,river_cl,Renata Stream,Renata Stream,N,325.0
470409,7397031,other,river_cl,,,N,324.6
470442,7397053,other,river_cl,Kororipo Stream,Kororipo Stream,N,324.4
480665,7641298,other,river_cl,,,N,324.3
472902,7215017,other,river_cl,,,N,324.0
468994,7212533,other,river_cl,Graces Stream,Graces Stream,N,323.9
486933,7504678,other,river_cl,Mill Creek,Mill Creek,N,323.9
481315,7396697,other,river_cl,,,N,323.9
469013,7212540,other,river_cl,Tūrere Stream,Turere Stream,Y,323.7
468981,7212520,other,river_cl,Gollans Stream,Gollans Stream,N,323.5
480677,7641336,other,river_cl,,,N,323.1
481112,7213649,other,river_cl,,,N,323.1
482638,7214919,other,river_cl,,,N,322.9
481091,7396574,other,river_cl,,,N,322.9
472451,7214302,other,river_cl,,,N,322.2
469136,7396254,other,river_cl,Skull Gully Stream,Skull Gully Stream,N,321.6
482660,7397253,other,river_cl,,,N,321.4
508164,7402072,other,river_cl,,,N,321.0
481130,7396609,other,river_cl,,,N,320.8
470187,7213873,other,river_cl,,,N,320.7
480696,7641662,other,river_cl,,,N,320.6
472938,7215053,other,river_cl,,,N,320.5
468702,7212285,other,river_cl,,,N,320.3
469911,7396878,other,river_cl,,,N,320.2
480950,7396236,other,river_cl,,,N,320.2
481374,7396749,other,river_cl,,,N,319.7
472903,7215018,other,river_cl,,,N,319.6
498044,7225359,other,river_cl,,,N,319.6
472907,7397287,other,river_cl,,,N,319.2
480763,7396090,other,river_cl,,,N,319.1
482591,7397193,other,river_cl,,,N,319.0
480713,7641405,other,river_cl,,,N,319.0
480826,7396146,other,river_cl,Tūrere Stream,Turere Stream,Y,318.8
497952,7225277,other,river_cl,,,N,318.7
468776,7212355,other,river_cl,Thistle Stream,Thistle Stream,N,318.6
481559,7397119,other,river_cl,,,N,318.1
429448,6998532,other,river_cl,,,N,318.0
468623,7641406,other,river_cl,,,N,317.8
497959,7402069,other,river_cl,,,N,317.7
469499,7213403,other,river_cl,,,N,317.7
480923,7396202,other,river_cl,Tūrere Stream,Turere Stream,Y,317.4
470345,7397009,other,river_cl,,,N,317.3
482672,7397265,other,river_cl,,,N,317.2
481301,7396688,other,river_cl,,,N,317.0
20579,6798273,other,drain_cl,,,N,316.6
497920,7402054,other,river_cl,,,N,316.6
481290,7396898,other,river_cl,,,N,316.5
480699,7641665,other,river_cl,North Mākara Stream,North Makara Stream,Y,316.4
480640,7641604,other,river_cl,,,N,316.2
482637,7214918,other,river_cl,,,N,315.9
485529,7225109,other,river_cl,,,N,315.7
480690,7641642,other,river_cl,,,N,315.7
470020,7213709,other,river_cl,,,N,315.7
508210,7402118,other,river_cl,,,N,315.6
481131,7396610,other,river_cl,,,N,315.5
482614,7397213,other,river_cl,,,N,315.4
481067,7641714,other,river_cl,,,N,315.4
480694,7641663,other,river_cl,Mākara Stream,Makara Stream,Y,314.9
472904,7215016,other,river_cl,,,N,314.7
469841,7396844,other,river_cl,,,N,314.6
481403,7213922,other,river_cl,,,N,314.6
480912,7212503,other,river_cl,,,N,314.2
481275,7396884,other,river_cl,,,N,314.0
482579,7397184,other,river_cl,,,N,314.0
470466,7396785,other,river_cl,,,N,313.9
480668,7641631,other,river_cl,Mākara Stream,Makara Stream,Y,313.8
482575,7397181,other,river_cl,,,N,313.0
480937,7212597,other,river_cl,,,N,313.0
480667,7641311,other,river_cl,,,N,312.9
482602,7214859,other,river_cl,Kerekere Stream,Kerekere Stream,N,312.8
497936,7225263,other,river_cl,,,N,312.4
480733,7641696,other,river_cl,,,N,311.9
480632,7641600,other,river_cl,,,N,311.8
480989,7396434,other,river_cl,Big Huia Creek,Big Huia Creek,N,311.8
472741,7397194,other,river_cl,,,N,311.6
481183,7396660,other,river_cl,Pāuatahanui Stream,Pauatahanui Stream,Y,311.5
437781,7008695,other,river_cl,,,N,311.4
480963,7396250,other,river_cl,Crowthers Creek,Crowthers Creek,N,311.4
470153,7396744,other,river_cl,Kakaho Stream,Kakaho Stream,N,311.4
481281,7396891,other,river_cl,Colletts Stream,Colletts Stream,N,311.3
481549,7397105,other,river_cl,Frances Stream,Frances Stream,N,311.1
481561,7397121,other,river_cl,,,N,310.9
481368,7396743,other,river_cl,Kakaho Stream,Kakaho Stream,N,310.5
480645,7641608,other,river_cl,,,N,310.1
468610,7641379,other,river_cl,,,N,309.8
482615,7214873,other,river_cl,,,N,309.7
481288,7214188,other,river_cl,,,N,309.6
482543,7397150,other,river_cl,Putaputa Stream,Putaputa Stream,N,309.4
481304,7213695,other,river_cl,,,N,309.4
20879,6798219,other,drain_cl,,,N,309.1
482597,7214852,other,river_cl,,,N,309.0
480927,7396210,other,river_cl,Whakanui Creek,Whakanui Creek,N,308.9
481261,7214111,other,river_cl,,,N,308.6
470526,7397074,other,river_cl,,,N,308.6
469586,7213473,other,river_cl,,,N,308.4
481560,7397120,other,river_cl,,,N,308.3
480732,7641695,other,river_cl,,,N,307.8
470051,7396704,other,river_cl,,,N,307.8
480988,7396433,other,river_cl,Big Huia Creek,Big Huia Creek,N,307.7
472766,7397209,other,river_cl,,,N,307.5
481352,7396728,other,river_cl,,,N,307.5
470317,7396999,other,river_cl,,,N,307.2
472752,7214853,other,river_cl,,,N,306.8
481405,7396781,other,river_cl,,,N,306.4
480960,7212672,other,river_cl,,,N,305.8
480723,7641687,other,river_cl,Kaiwharawhara Stream,Kaiwharawhara Stream,N,305.5
20574,6786370,other,drain_cl,,,N,305.5
480728,7641428,other,river_cl,Ohariu Stream,Ohariu Stream,N,305.3
482645,7397238,other,river_cl,Renata Stream,Renata Stream,N,305.1
480675,7641332,other,river_cl,,,N,305.1
481119,7396598,other,river_cl,,,N,304.9
481190,7213626,other,river_cl,,,N,304.9
481114,7213664,other,river_cl,,,N,304.8
472587,7214463,other,river_cl,,,N,304.6
468590,7641352,other,river_cl,,,N,304.6
430666,6999847,other,river_cl,,,N,304.4
481519,7214577,other,river_cl,,,N,304.3
508170,7402077,other,river_cl,,,N,304.0
481379,7396756,other,river_cl,,,N,304.0
481144,7213518,other,river_cl,,,N,303.6
470576,7214625,other,river_cl,,,N,303.5
482689,7397279,other,river_cl,Quoin Stream,Quoin Stream,N,303.5
482690,7215005,other,river_cl,,,N,303.3
480739,7396183,other,river_cl,Korokoro Stream,Korokoro Stream,N,303.2
481018,7396459,other,river_cl,,,N,303.1
481213,7396824,other,river_cl,Narrow Neck Stream,Narrow Neck Stream,N,302.9
480731,7641694,other,river_cl,Ohariu Stream,Ohariu Stream,N,302.9
470073,7213753,other,river_cl,,,N,302.9
481134,7396613,other,river_cl,,,N,302.6
469628,7396620,other,river_cl,,,N,302.1
480940,7396224,other,river_cl,,,N,301.9
481451,7397003,other,river_cl,,,N,301.7
481386,8171289,other,river_cl,,,N,301.4
482692,7215011,other,river_cl,,,N,301.3
482696,7397284,other,river_cl,Quoin Stream,Quoin Stream,N,301.3
480647,7641618,other,river_cl,Karori Stream,Karori Stream,N,301.3
481065,7641458,other,river_cl,Ohariu Stream,Ohariu Stream,N,301.1
480646,7641614,other,river_cl,Oteranga Stream,Oteranga Stream,N,301.0
485528,7401962,other,river_cl,Chilly Stream,Chilly Stream,N,300.9
469052,7212596,other,river_cl,George Creek,George Creek,N,300.6
481385,7396763,other,river_cl,,,N,300.5
481367,7213667,other,river_cl,,,N,300.2
468543,7641634,other,river_cl,,,N,300.1
468946,7212484,other,river_cl,,,N,300.0
482652,7397246,other,river_cl,,,N,299.8
508154,7402063,other,river_cl,,,N,299.7
20904,6798275,other,drain_cl,,,N,299.5
469072,7396225,other,river_cl,,,N,299.5
470432,7397045,other,river_cl,,,N,299.3
482539,7397138,other,river_cl,,,N,299.2
480961,7396243,other,river_cl,Crowthers Creek,Crowthers Creek,N,299.1
481090,7641730,other,river_cl,,,N,299.1
482643,7214924,other,river_cl,,,N,298.8
480878,7396287,other,river_cl,,,N,298.8
479137,7225034,other,river_cl,,,N,298.7
480689,7641655,other,river_cl,,,N,298.7
481244,7214068,other,river_cl,,,N,298.6
482540,7214722,other,river_cl,,,N,298.5
468440,7641206,other,river_cl,,,N,298.3
472433,7396957,other,river_cl,,,N,298.0
469967,7214183,other,river_cl,Mahers Stream,Mahers Stream,N,297.9
482654,7397247,other,river_cl,,,N,297.5
481334,7396710,other,river_cl,,,N,297.2
481454,7397007,other,river_cl,,,N,296.6
480795,7396121,other,river_cl,Graces Stream,Graces Stream,N,295.5
481257,7214106,other,river_cl,,,N,295.5
470171,7213856,other,river_cl,,,N,295.5
470166,7213851,other,river_cl,,,N,295.2
480930,7396211,other,river_cl,Whakanui Creek,Whakanui Creek,N,294.6
482632,7397229,other,river_cl,,,N,294.5
498053,7402126,other,river_cl,,,N,294.4
481228,7396842,other,river_cl,,,N,294.3
481187,7396664,other,river_cl,,,N,294.2
482446,7396961,other,river_cl,,,N,293.6
508159,7402057,other,river_cl,,,N,293.5
480678,7641639,other,river_cl,,,N,293.3
486920,7641869,other,river_cl,Mill Creek,Mill Creek,N,292.9
472454,7396965,other,river_cl,,,N,292.4
469762,7213978,other,river_cl,,,N,292.2
469962,7396895,other,river_cl,,,N,292.0
469642,7213423,other,river_cl,Cannons Creek,Cannons Creek,N,292.0
482525,7397032,other,river_cl,,,N,291.7
481411,8171291,other,river_cl,,,N,291.7
481284,7396894,other,river_cl,,,N,291.4
468587,7641356,other,river_cl,,,N,291.4
481387,7396766,other,river_cl,Horokiri Stream,Horokiri Stream,N,291.4
469687,6999580,other,river_cl,,,N,291.3
481170,7213557,other,river_cl,,,N,291.2
480779,7396055,other,river_cl,Gollans Stream,Gollans Stream,N,290.7
480673,7641346,other,river_cl,,,N,290.7
485540,7401975,other,river_cl,,,N,290.6
482616,7397212,other,river_cl,,,N,290.5
481335,7396711,other,river_cl,,,N,290.4
481360,7396735,other,river_cl,Wainui Stream,Wainui Stream,N,290.4
481495,7397046,other,river_cl,Kororipo Stream,Kororipo Stream,N,289.7
481247,7396857,other,river_cl,Cooleys Stream,Cooleys Stream,N,289.5
482669,7397262,other,river_cl,,,N,289.5
482592,7397100,other,river_cl,Putaputa Stream,Putaputa Stream,N,289.3
429995,6999273,other,river_cl,,,N,289.1
481106,7396590,other,river_cl,,,N,289.0
472815,7397236,other,river_cl,,,N,288.8
480654,7641621,other,river_cl,Waiariki Stream,Waiariki Stream,N,288.8
481397,7396776,other,river_cl,,,N,288.7
481149,7396628,other,river_cl,Duck Creek,Duck Creek,N,287.6
469712,7213595,other,river_cl,,,N,287.4
485527,7401961,other,river_cl,Frances Stream,Frances Stream,N,287.0
469114,7212667,other,river_cl,Skull Gully Stream,Skull Gully Stream,N,287.0
481456,7397010,other,river_cl,,,N,286.6
481373,7396745,other,river_cl,,,N,286.6
482426,7396940,other,river_cl,,,N,286.2
508211,7402119,other,river_cl,,,N,285.9
468446,7641601,other,river_cl,,,N,285.4
481316,7396698,other,river_cl,,,N,285.0
469989,7396679,other,river_cl,,,N,284.6
480958,7396245,other,river_cl,,,N,284.3
481408,7213927,other,river_cl,,,N,283.8
480931,7396212,other,river_cl,,,N,283.4
469998,7213685,other,river_cl,Horokiri Stream,Horokiri Stream,N,283.3
481340,7396715,other,river_cl,,,N,282.8
481278,7396885,other,river_cl,Cooleys Stream,Cooleys Stream,N,282.2
480680,7641647,other,river_cl,,,N,282.2
482448,7396963,other,river_cl,,,N,282.1
470379,7214433,other,river_cl,,,N,281.9
482553,7397162,other,river_cl,,,N,281.8
481186,7396646,other,river_cl,,,N,281.8
468734,7212315,other,river_cl,,,N,281.6
481141,7396605,other,river_cl,,,N,281.6
470368,7214423,other,river_cl,,,N,281.3
470479,7397064,other,river_cl,,,N,280.9
481280,7396889,other,river_cl,,,N,280.5
481179,7396639,other,river_cl,,,N,280.2
485530,7401966,other,river_cl,Frances Stream,Frances Stream,N,280.1
469778,7213998,other,river_cl,Narrow Neck Stream,Narrow Neck Stream,N,279.7
481136,7396615,other,river_cl,,,N,279.6
481509,7397065,other,river_cl,,,N,279.4
479234,7401976,other,river_cl,,,N,279.4
508149,7402055,other,river_cl,Renata Stream,Renata Stream,N,279.2
481548,7397107,other,river_cl,,,N,279.0
468620,7641675,other,river_cl,,,N,278.9
485533,7401964,other,river_cl,Chilly Stream,Chilly Stream,N,278.3
480761,7396089,other,river_cl,,,N,278.2
485539,7401973,other,river_cl,Bull Stream,Bull Stream,N,278.1
481410,7396757,other,river_cl,,,N,278.1
472800,7214906,other,river_cl,,,N,277.9
485538,7401972,other,river_cl,Bull Stream,Bull Stream,N,277.7
481366,7213666,other,river_cl,,,N,277.7
481098,7396584,other,river_cl,Mill Creek,Mill Creek,N,277.5
482449,7214298,other,river_cl,,,N,277.4
508206,7402114,other,river_cl,,,N,277.3
480906,7396185,other,river_cl,Gollans Stream,Gollans Stream,N,277.1
468968,7396193,other,river_cl,,,N,276.8
481121,7396600,other,river_cl,,,N,276.6
481202,7396814,other,river_cl,,,N,276.6
472898,7397283,other,river_cl,,,N,276.3
482695,7215012,other,river_cl,Quoin Stream,Quoin Stream,N,276.2
480638,7641611,other,river_cl,,,N,275.8
480628,7396054,other,river_cl,,,N,275.6
468435,7212245,other,river_cl,,,N,275.6
482663,7397255,other,river_cl,,,N,275.4
470516,7213969,other,river_cl,,,N,275.4
469515,7213420,other,river_cl,,,N,275.3
481268,7396877,other,river_cl,,,N,275.0
479229,7225128,other,river_cl,Bull Stream,Bull Stream,N,274.3
481081,7396562,other,river_cl,Korokoro Stream,Korokoro Stream,N,274.3
481412,7396788,other,river_cl,Horokiri Stream,Horokiri Stream,N,274.3
481312,7396693,other,river_cl,,,N,274.3
481211,7396821,other,river_cl,Narrow Neck Stream,Narrow Neck Stream,N,274.2
469866,7214082,other,river_cl,Cooleys Stream,Cooleys Stream,N,274.1
20913,6798288,other,drain_cl,,,N,274.0
481313,7396694,other,river_cl,,,N,273.7
469879,7396864,other,river_cl,,,N,273.4
482610,7397210,other,river_cl,,,N,273.0
508215,7225357,other,river_cl,,,N,272.7
480744,7396066,other,river_cl,Karaka Stream,Karaka Stream,N,272.7
480928,7396207,other,river_cl,Tūrere Stream,Turere Stream,Y,272.7
468515,7641288,other,river_cl,,,N,272.5
481120,7396599,other,river_cl,,,N,272.4
481497,7397051,other,river_cl,Kororipo Stream,Kororipo Stream,N,272.0
480714,7641682,other,river_cl,,,N,271.8
482668,7397260,other,river_cl,,,N,271.6
480653,7641617,other,river_cl,Waiariki Stream,Waiariki Stream,N,271.6
468700,7396075,other,river_cl,Peak Stream,Peak Stream,N,271.4
469663,7213551,other,river_cl,,,N,271.2
481516,7397072,other,river_cl,,,N,269.9
480829,7396148,other,river_cl,,,N,269.3
469144,7212975,other,river_cl,North Boulder Creek,North Boulder Creek,N,269.1
481327,7396703,other,river_cl,Horokiri Stream,Horokiri Stream,N,269.0
481245,7396834,other,river_cl,Huia Stream,Huia Stream,N,268.9
480704,7641670,other,river_cl,Ōpau Stream,Opau Stream,Y,268.9
481062,7641707,other,river_cl,,,N,268.9
481008,7396229,other,river_cl,,,N,268.8
480725,7641689,other,river_cl,Korimako Stream,Korimako Stream,N,268.8
481297,7396683,other,river_cl,Kakaho Stream,Kakaho Stream,N,268.8
480965,7396253,other,river_cl,Skull Gully Stream,Skull Gully Stream,N,268.4
481174,7396654,other,river_cl,,,N,267.9
480722,7641686,other,river_cl,Kaiwharawhara Stream,Kaiwharawhara Stream,N,267.7
20915,6786391,other,drain_cl,,,N,267.5
481492,7397042,other,river_cl,,,N,266.8
480922,7396201,other,river_cl,Tūrere Stream,Turere Stream,Y,266.7
20900,6798271,other,drain_cl,,,N,266.3
470554,7214556,other,river_cl,,,N,265.8
481068,7641712,other,river_cl,Ohariu Stream,Ohariu Stream,N,265.2
481078,7641723,other,river_cl,Porirua Stream,Porirua Stream,N,265.1
479213,7225105,other,river_cl,Chilly Stream,Chilly Stream,N,264.8
481122,7396601,other,river_cl,,,N,264.5
480951,7396237,other,river_cl,Skull Gully Stream,Skull Gully Stream,N,263.9
481208,7396810,other,river_cl,,,N,263.8
482589,7397095,other,river_cl,Putaputa Stream,Putaputa Stream,N,263.5
481450,7396998,other,river_cl,,,N,263.4
481293,7396900,other,river_cl,,,N,263.1
482666,7397258,other,river_cl,,,N,262.9
480959,7396247,other,river_cl,Skull Gully Stream,Skull Gully Stream,N,262.7
481171,7396651,other,river_cl,,,N,262.4
480715,7641679,other,river_cl,,,N,262.3
480708,7641674,other,river_cl,Ohariu Stream,Ohariu Stream,N,261.8
481150,7396629,other,river_cl,,,N,261.8
481490,7397043,other,river_cl,,,N,261.6
508178,7402085,other,river_cl,,,N,261.6
469452,7641721,other,river_cl,,,N,261.4
486801,7504374,other,river_cl,Wainuiomata Stream,Wainuiomata Stream,N,261.3
481471,7214438,other,river_cl,,,N,261.2
480738,7641700,other,river_cl,Korokoro Stream,Korokoro Stream,N,261.0
481371,7396747,other,river_cl,,,N,260.9
480972,7396420,other,river_cl,Ryan Creek,Ryan Creek,N,260.8
480666,7641635,other,river_cl,,,N,260.5
481072,7641718,other,river_cl,Ohariu Stream,Ohariu Stream,N,260.5
481237,7396849,other,river_cl,,,N,260.3
481165,7396642,other,river_cl,Pāuatahanui Stream,Pauatahanui Stream,Y,260.0
481223,7396838,other,river_cl,,,N,259.5
481154,7396632,other,river_cl,,,N,259.2
482598,7397200,other,river_cl,,,N,258.9
481085,7396565,other,river_cl,,,N,258.3
481177,7213594,other,river_cl,,,N,258.0
481009,7396451,other,river_cl,,,N,257.1
479199,7225095,other,river_cl,Frances Stream,Frances Stream,N,257.0
481188,7396665,other,river_cl,,,N,256.9
481344,7396719,other,river_cl,,,N,256.8
481079,7641722,other,river_cl,,,N,256.7
481097,7641734,other,river_cl,,,N,256.7
481093,7641733,other,river_cl,,,N,255.8
481359,7396736,other,river_cl,Wainui Stream,Wainui Stream,N,255.4
486918,7641868,other,river_cl,Mill Creek,Mill Creek,N,255.3
481115,7396677,other,river_cl,,,N,255.3
469065,7396223,other,river_cl,,,N,255.2
481191,7396668,other,river_cl,,,N,255.2
513267,7508476,other,river_cl,,,N,254.5
481215,7396829,other,river_cl,,,N,254.2
480970,7396421,other,river_cl,Ryan Creek,Ryan Creek,N,254.0
508176,7402079,other,river_cl,,,N,253.9
20880,6798220,other,drain_cl,,,N,253.8
481263,7396872,other,river_cl,Black Stream,Black Stream,N,253.8
480957,7396244,other,river_cl,,,N,253.7
429515,6998603,other,river_cl,,,N,253.4
481178,8171286,other,river_cl,,,N,253.2
482551,7397159,other,river_cl,,,N,253.1
482529,7397129,other,river_cl,,,N,253.1
481060,7641706,other,river_cl,,,N,252.7
470424,7214482,other,river_cl,,,N,252.4
482627,7397224,other,river_cl,,,N,252.4
481358,7213812,other,river_cl,Wainui Stream,Wainui Stream,N,252.2
482670,7397261,other,river_cl,,,N,251.5
470319,7396992,other,river_cl,,,N,251.2
480637,7641603,other,river_cl,Oteranga Stream,Oteranga Stream,N,250.6
481152,7396630,other,river_cl,,,N,250.6
481176,7396656,other,river_cl,,,N,250.6
481292,7396899,other,river_cl,,,N,250.5
485508,7401938,other,river_cl,,,N,250.2
508160,7402068,other,river_cl,,,N,250.2
482577,8418258,other,river_cl,,,N,249.9
482686,7397277,other,river_cl,Quoin Stream,Quoin Stream,N,249.6
470263,7213941,other,river_cl,,,N,249.5
508175,7402078,other,river_cl,,,N,249.3
481164,7396641,other,river_cl,Pāuatahanui Stream,Pauatahanui Stream,Y,249.3
481096,7396579,other,river_cl,Mill Creek,Mill Creek,N,249.2
481372,7396748,other,river_cl,,,N,249.2
470250,8171198,other,river_cl,Horokiri Stream,Horokiri Stream,N,249.1
481296,7396682,other,river_cl,Kakaho Stream,Kakaho Stream,N,248.9
470451,7397057,other,river_cl,,,N,248.9
469744,7396663,other,river_cl,,,N,248.8
481162,8171285,other,river_cl,,,N,248.6
481415,7396759,other,river_cl,,,N,248.3
486792,7504363,other,river_cl,Wainuiomata Stream,Wainuiomata Stream,N,248.1
486923,7641873,other,river_cl,,,N,248.0
481339,7213764,other,river_cl,,,N,247.7
482538,7397142,other,river_cl,,,N,247.6
482428,7396942,other,river_cl,Climie Creek,Climie Creek,N,247.2
480706,7641672,other,river_cl,,,N,247.1
20572,6798262,other,drain_cl,,,N,246.8
481109,7396672,other,river_cl,,,N,246.7
468436,7212246,other,river_cl,Cameron Creek,Cameron Creek,N,246.3
481402,7396779,other,river_cl,,,N,246.1
480964,7396252,other,river_cl,,,N,246.0
480966,7396255,other,river_cl,Skull Gully Stream,Skull Gully Stream,N,246.0
482694,7397285,other,river_cl,Quoin Stream,Quoin Stream,N,245.8
470133,7213814,other,river_cl,,,N,245.7
480657,7641625,other,river_cl,Karori Stream,Karori Stream,N,245.6
472656,7397156,other,river_cl,,,N,245.2
481125,7396603,other,river_cl,,,N,245.2
481420,7396790,other,river_cl,,,N,245.0
480920,7396200,other,river_cl,Graces Stream,Graces Stream,N,244.9
481346,7396722,other,river_cl,Horokiri Stream,Horokiri Stream,N,244.6
481350,7396726,other,river_cl,,,N,244.4
480705,7641671,other,river_cl,Ōpau Stream,Opau Stream,Y,244.2
481407,7396784,other,river_cl,,,N,244.1
20914,6798287,other,drain_cl,,,N,243.8
482454,7214305,other,river_cl,,,N,243.6
481500,7214504,other,river_cl,Paddys Creek,Paddys Creek,N,243.5
469942,7396886,other,river_cl,,,N,243.0
480736,7641699,other,river_cl,,,N,243.0
480679,7641646,other,river_cl,,,N,242.4
480939,7396222,other,river_cl,,,N,242.4
482707,7397294,other,river_cl,,,N,241.9
481194,7396671,other,river_cl,,,N,241.9
481246,7396856,other,river_cl,,,N,241.8
481525,7397078,other,river_cl,,,N,241.5
482558,7397143,other,river_cl,,,N,241.4
508213,7402121,other,river_cl,,,N,240.8
481083,7396563,other,river_cl,,,N,240.8
481264,7396873,other,river_cl,Black Stream,Black Stream,N,240.2
481481,7397034,other,river_cl,,,N,240.0
481461,7397015,other,river_cl,,,N,239.7
481342,7396717,other,river_cl,,,N,239.6
487116,7504789,other,river_cl,,,N,239.3
481181,7396658,other,river_cl,,,N,239.2
482427,7396941,other,river_cl,,,N,239.1
481416,7396760,other,river_cl,,,N,238.9
482629,7397226,other,river_cl,,,N,238.6
487161,7396769,other,river_cl,,,N,237.7
480698,7641668,other,river_cl,North Mākara Stream,North Makara Stream,Y,237.4
482697,7397286,other,river_cl,,,N,237.0
481254,7396861,other,river_cl,,,N,236.6
482531,7397130,other,river_cl,Remutaka Stream,Remutaka Stream,N,236.6
481024,7396464,other,river_cl,,,N,236.6
481466,7397017,other,river_cl,,,N,236.2
481382,7504833,other,river_cl,Horokiri Stream,Horokiri Stream,N,236.1
481126,7396606,other,river_cl,Wainuiomata Stream,Wainuiomata Stream,N,236.0
481338,7396713,other,river_cl,,,N,235.9
487271,7397098,other,river_cl,Putaputa Stream,Putaputa Stream,N,235.8
480962,7396248,other,river_cl,,,N,235.6
481251,7396862,other,river_cl,Cooleys Stream,Cooleys Stream,N,235.2
480929,7396208,other,river_cl,Tūrere Stream,Turere Stream,Y,234.4
481310,7396692,other,river_cl,Kakaho Stream,Kakaho Stream,N,234.4
482606,7397207,other,river_cl,,,N,234.3
20881,6786299,other,drain_cl,,,N,234.0
469108,7212660,other,river_cl,Wainuiomata Stream,Wainuiomata Stream,N,234.0
480686,7641649,other,river_cl,,,N,234.0
469785,7214005,other,river_cl,Narrow Neck Stream,Narrow Neck Stream,N,233.9
481444,7396995,other,river_cl,Wainui Stream,Wainui Stream,N,233.8
481259,7396869,other,river_cl,,,N,233.3
481147,7396592,other,river_cl,,,N,233.2
481249,7396859,other,river_cl,Cooleys Stream,Cooleys Stream,N,233.1
481235,7396846,other,river_cl,Huia Stream,Huia Stream,N,233.0
486941,7504683,other,river_cl,Mill Creek,Mill Creek,N,232.4
481159,7396636,other,river_cl,,,N,232.4
481457,7397011,other,river_cl,,,N,232.0
481104,7396588,other,river_cl,,,N,231.4
481137,7396616,other,river_cl,,,N,231.4
482642,7397235,other,river_cl,,,N,231.2
481541,7397101,other,river_cl,,,N,231.0
481142,7396621,other,river_cl,,,N,231.0
481354,7396730,other,river_cl,,,N,231.0
481369,7396746,other,river_cl,,,N,230.8
480842,7212434,other,river_cl,,,N,230.3
480630,7396057,other,river_cl,Cameron Creek,Cameron Creek,N,229.9
480947,7396233,other,river_cl,Skull Gully Stream,Skull Gully Stream,N,229.7
481389,7396768,other,river_cl,,,N,229.4
470571,7214619,other,river_cl,,,N,229.1
480644,7641613,other,river_cl,Oteranga Stream,Oteranga Stream,N,229.0
482630,7397227,other,river_cl,,,N,228.9
480635,7641610,other,river_cl,Oteranga Stream,Oteranga Stream,N,228.9
481255,7396866,other,river_cl,,,N,228.5
480724,7641690,other,river_cl,Kaiwharawhara Stream,Kaiwharawhara Stream,N,228.4
486937,7504682,other,river_cl,,,N,227.9
481153,7396631,other,river_cl,,,N,226.5
481192,7396669,other,river_cl,,,N,226.2
482523,7397123,other,river_cl,,,N,226.0
480936,7396219,other,river_cl,George Creek,George Creek,N,225.7
481395,7396774,other,river_cl,,,N,224.9
482599,7397201,other,river_cl,Kerekere Stream,Kerekere Stream,N,224.8
481406,7396782,other,river_cl,,,N,224.2
481552,7397113,other,river_cl,Frances Stream,Frances Stream,N,224.1
481185,7396662,other,river_cl,,,N,223.4
482532,7397131,other,river_cl,Remutaka Stream,Remutaka Stream,N,223.2
481057,7641705,other,river_cl,Mill Creek,Mill Creek,N,223.0
481087,7396568,other,river_cl,,,N,222.6
481283,7396893,other,river_cl,,,N,222.5
485526,7401960,other,river_cl,Frances Stream,Frances Stream,N,222.4
480917,7396197,other,river_cl,,,N,222.3
481314,7396678,other,river_cl,,,N,222.2
481355,7396733,other,river_cl,Wainui Stream,Wainui Stream,N,222.0
487155,7504832,other,river_cl,,,N,221.9
481378,7396753,other,river_cl,,,N,221.8
481375,7396750,other,river_cl,,,N,221.7
481401,7396778,other,river_cl,,,N,221.5
481143,7396622,other,river_cl,,,N,221.3
480986,7396431,other,river_cl,Big Huia Creek,Big Huia Creek,N,221.2
481345,7396721,other,river_cl,,,N,221.2
481066,7641711,other,river_cl,Ohariu Stream,Ohariu Stream,N,221.1
480671,7641638,other,river_cl,,,N,220.9
480984,7396429,other,river_cl,Big Huia Creek,Big Huia Creek,N,220.9
481095,7396580,other,river_cl,Mill Creek,Mill Creek,N,220.5
481182,7396659,other,river_cl,Pāuatahanui Stream,Pauatahanui Stream,Y,220.4
481537,7397097,other,river_cl,Putaputa Stream,Putaputa Stream,N,220.2
481514,7397071,other,river_cl,Titi Stream,Titi Stream,N,220.2
481148,7396627,other,river_cl,,,N,219.8
470302,7213974,other,river_cl,,,N,219.6
482595,7397197,other,river_cl,Kerekere Stream,Kerekere Stream,N,219.3
480789,7396115,other,river_cl,,,N,218.9
20910,6798283,other,drain_cl,,,N,218.5
480971,7396419,other,river_cl,Ryan Creek,Ryan Creek,N,218.2
481468,7397019,other,river_cl,,,N,218.0
508161,7402070,other,river_cl,,,N,217.2
481349,7396725,other,river_cl,,,N,217.1
481527,7397087,other,river_cl,,,N,216.9
480828,7396149,other,river_cl,Matthews Stream,Matthews Stream,N,216.7
481365,7396741,other,river_cl,Taupō Stream,Taupo Stream,Y,215.5
481221,7396835,other,river_cl,,,N,215.3
481203,7396815,other,river_cl,,,N,215.3
487134,7504809,other,river_cl,,,N,215.2
481526,7397079,other,river_cl,,,N,214.9
486914,7641715,other,river_cl,,,N,214.2
480985,7396221,other,river_cl,,,N,214.0
481390,7396754,other,river_cl,,,N,213.9
481169,7396649,other,river_cl,,,N,213.5
481530,7397090,other,river_cl,,,N,213.4
482600,7397203,other,river_cl,Kerekere Stream,Kerekere Stream,N,213.4
481324,7396695,other,river_cl,,,N,213.4
481145,7396624,other,river_cl,,,N,213.3
486502,7641803,other,river_cl,Mākara Stream,Makara Stream,Y,213.2
481522,7397083,other,river_cl,,,N,213.0
481084,7396564,other,river_cl,,,N,213.0
485531,7401967,other,river_cl,,,N,212.8
486496,7641799,other,river_cl,Silver Stream,Silver Stream,N,212.6
480753,7396080,other,river_cl,,,N,212.5
21150,6808055,other,drain_cl,,,N,212.5
486911,7641859,other,river_cl,Ohariu Stream,Ohariu Stream,N,212.2
481074,7641720,other,river_cl,,,N,212.0
482443,7396958,other,river_cl,,,N,211.9
481321,7504791,other,river_cl,,,N,211.9
481550,7397109,other,river_cl,,,N,211.8
481496,7397049,other,river_cl,Kororipo Stream,Kororipo Stream,N,211.4
481100,7396583,other,river_cl,Mill Creek,Mill Creek,N,211.2
480941,7396226,other,river_cl,,,N,211.1
481319,7396701,other,river_cl,Taupō Stream,Taupo Stream,Y,211.1
482594,7397198,other,river_cl,Kerekere Stream,Kerekere Stream,N,210.7
480793,7396119,other,river_cl,Catchpool Stream,Catchpool Stream,N,210.6
481380,7504830,other,river_cl,,,N,210.5
508167,7402075,other,river_cl,,,N,210.3
482687,7397278,other,river_cl,Quoin Stream,Quoin Stream,N,210.2
481157,7396634,other,river_cl,,,N,210.1
481400,7396777,other,river_cl,,,N,210.0
480691,7641657,other,river_cl,,,N,209.9
485534,7401965,other,river_cl,Chilly Stream,Chilly Stream,N,209.8
486998,7504742,other,river_cl,,,N,209.7
481449,7397002,other,river_cl,,,N,209.6
486917,7641867,other,river_cl,,,N,209.4
481447,7505003,other,river_cl,,,N,209.2
485524,7401956,other,river_cl,,,N,208.6
486793,7504364,other,river_cl,Wainuiomata Stream,Wainuiomata Stream,N,208.6
480716,7641683,other,river_cl,,,N,208.5
480780,7396058,other,river_cl,Gollans Stream,Gollans Stream,N,207.8
481201,7396813,other,river_cl,,,N,207.6
481551,7397108,other,river_cl,Frances Stream,Frances Stream,N,207.5
481117,7396596,other,river_cl,Korokoro Stream,Korokoro Stream,N,207.5
480674,7641645,other,river_cl,,,N,207.1
470393,7397025,other,river_cl,Blaikie Stream,Blaikie Stream,N,206.2
482639,7397232,other,river_cl,,,N,206.0
482537,7397141,other,river_cl,,,N,205.9
486760,7504326,other,river_cl,Gollans Stream,Gollans Stream,N,205.9
480911,7396191,other,river_cl,,,N,205.2
486534,7641841,other,river_cl,Kaiwharawhara Stream,Kaiwharawhara Stream,N,204.9
487164,7504841,other,river_cl,,,N,204.8
480672,7641644,other,river_cl,,,N,204.7
481307,7504783,other,river_cl,,,N,204.7
480662,7641628,other,river_cl,,,N,204.6
481168,7396647,other,river_cl,,,N,204.6
481262,7396870,other,river_cl,Black Stream,Black Stream,N,204.6
481224,7396839,other,river_cl,,,N,204.2
481295,7396674,other,river_cl,,,N,204.1
20893,6798263,other,drain_cl,,,N,204.0
487921,7505105,other,river_cl,Kaitoke Stream,Kaitoke Stream,N,203.7
480913,7396194,other,river_cl,,,N,203.6
508168,7402076,other,river_cl,,,N,202.8
480737,7641701,other,river_cl,Korokoro Stream,Korokoro Stream,N,202.8
482641,7397234,other,river_cl,,,N,202.6
481553,7397111,other,river_cl,,,N,202.3
481396,7396775,other,river_cl,,,N,202.0
20906,6798279,other,drain_cl,,,N,201.8
481088,7641727,other,river_cl,Takapu Stream,Takapu Stream,N,201.8
481455,7397008,other,river_cl,,,N,201.8
481184,7396661,other,river_cl,Pāuatahanui Stream,Pauatahanui Stream,Y,201.7
481253,7396865,other,river_cl,Redington Stream,Redington Stream,N,201.5
487088,7504920,other,river_cl,,,N,201.4
486775,7504344,other,river_cl,Whakanui Creek,Whakanui Creek,N,201.4
480664,7641633,other,river_cl,,,N,201.2
20897,6808057,other,drain_cl,,,N,201.2
481277,7396888,other,river_cl,Cooleys Stream,Cooleys Stream,N,200.6
486490,7641791,other,river_cl,,,N,200.6
481217,7396831,other,river_cl,Black Stream,Black Stream,N,200.5
487249,7505058,other,river_cl,,,N,200.4
487114,7504778,other,river_cl,,,N,200.4
20898,6798270,other,drain_cl,,,N,200.3
480767,7396094,other,river_cl,Catchpool Stream,Catchpool Stream,N,199.8
480915,7396196,other,river_cl,,,N,199.8
481413,8171292,other,river_cl,,,N,199.8
481498,7397050,other,river_cl,Kororipo Stream,Kororipo Stream,N,199.4
480719,7641684,other,river_cl,,,N,199.2
481248,7396858,other,river_cl,,,N,199.1
480932,7396213,other,river_cl,,,N,198.9
482578,7397183,other,river_cl,Farm Creek,Farm Creek,N,198.7
482601,7397205,other,river_cl,Kerekere Stream,Kerekere Stream,N,197.8
480726,7641691,other,river_cl,Korimako Stream,Korimako Stream,N,197.7
20908,6798280,other,drain_cl,,,N,197.4
481252,7396863,other,river_cl,,,N,197.1
486538,7641843,other,river_cl,Kaiwharawhara Stream,Kaiwharawhara Stream,N,196.3
481351,7396727,other,river_cl,,,N,196.1
481341,7396716,other,river_cl,,,N,196.0
480639,7641612,other,river_cl,Oteranga Stream,Oteranga Stream,N,195.6
482559,7397166,other,river_cl,Puffer Creek,Puffer Creek,N,195.1
487278,7505090,other,river_cl,,,N,195.0
481059,7641704,other,river_cl,,,N,194.7
21152,6798265,other,drain_cl,,,N,194.5
480676,7641640,other,river_cl,,,N,194.5
481337,7396712,other,river_cl,,,N,194.3
481419,7396789,other,river_cl,,,N,194.3
480914,7396189,other,river_cl,,,N,193.9
487279,7505089,other,river_cl,,,N,193.7
487978,7505161,other,river_cl,,,N,193.3
482544,7397151,other,river_cl,Putaputa Stream,Putaputa Stream,N,193.2
481061,7641710,other,river_cl,,,N,193.2
482546,7397149,other,river_cl,Putaputa Stream,Putaputa Stream,N,193.1
480709,7641677,other,river_cl,Ohariu Stream,Ohariu Stream,N,192.8
20891,6798260,other,drain_cl,,,N,192.8
487245,7505056,other,river_cl,,,N,192.7
481305,8171287,other,river_cl,,,N,192.4
481442,7396993,other,river_cl,Wainui Stream,Wainui Stream,N,192.3
482431,7396945,other,river_cl,,,N,192.0
482644,7397239,other,river_cl,Renata Stream,Renata Stream,N,191.9
486677,7504284,other,river_cl,Matthews Stream,Matthews Stream,N,191.9
480942,7396228,other,river_cl,,,N,191.7
480786,7396114,other,river_cl,,,N,191.5
480943,7504368,other,river_cl,Sinclair Creek,Sinclair Creek,N,191.3
482628,7397225,other,river_cl,,,N,190.2
481460,7397014,other,river_cl,,,N,190.1
481535,7397094,other,river_cl,,,N,189.9
481216,7396830,other,river_cl,,,N,189.9
481127,7396607,other,river_cl,,,N,189.7
21151,6808056,other,drain_cl,,,N,189.5
481103,7396587,other,river_cl,,,N,189.3
480655,7641619,other,river_cl,,,N,188.7
487274,7505085,other,river_cl,Putaputa Stream,Putaputa Stream,N,188.6
480781,7396059,other,river_cl,Gollans Stream,Gollans Stream,N,188.6
487111,8171353,other,river_cl,Kakaho Stream,Kakaho Stream,N,188.4
481155,7396633,other,river_cl,,,N,188.0
481348,7396724,other,river_cl,,,N,188.0
20894,6798264,other,drain_cl,,,N,187.7
481241,7396853,other,river_cl,,,N,187.5
480624,7641596,other,river_cl,,,N,187.3
487168,7504838,other,river_cl,,,N,187.2
486770,7504338,other,river_cl,,,N,187.1
487924,7505108,other,river_cl,,,N,187.0
486768,7504331,other,river_cl,Gollans Stream,Gollans Stream,N,187.0
487189,7504998,other,river_cl,Wainui Stream,Wainui Stream,N,186.6
480980,7396217,other,river_cl,Little Huia Creek,Little Huia Creek,N,186.3
487169,7504845,other,river_cl,,,N,186.3
480956,7396242,other,river_cl,,,N,186.0
487068,7396868,other,river_cl,,,N,185.8
480905,7396184,other,river_cl,Gollans Stream,Gollans Stream,N,185.7
486902,7641855,other,river_cl,,,N,185.7
481357,7396734,other,river_cl,Wainui Stream,Wainui Stream,N,185.6
487012,7504758,other,river_cl,Pāuatahanui Stream,Pauatahanui Stream,Y,185.5
481377,7396752,other,river_cl,,,N,185.3
481218,7396832,other,river_cl,,,N,184.9
481196,7396808,other,river_cl,,,N,184.7
486527,7641829,other,river_cl,Mākara Stream,Makara Stream,Y,184.6
480727,7641692,other,river_cl,,,N,184.4
481166,7396644,other,river_cl,Pāuatahanui Stream,Pauatahanui Stream,Y,184.1
481212,7396822,other,river_cl,Narrow Neck Stream,Narrow Neck Stream,N,184.0
481325,7396702,other,river_cl,Horokiri Stream,Horokiri Stream,N,184.0
487933,7505121,other,river_cl,Farm Creek,Farm Creek,N,183.8
481146,7396625,other,river_cl,,,N,183.5
481521,7397080,other,river_cl,,,N,183.5
482545,7397152,other,river_cl,Putaputa Stream,Putaputa Stream,N,183.2
508209,7402117,other,river_cl,,,N,183.2
487258,7504857,other,river_cl,,,N,183.1
20902,6798274,other,drain_cl,,,N,182.5
486495,7641798,other,river_cl,Karori Stream,Karori Stream,N,182.3
480670,7641643,other,river_cl,,,N,182.1
487020,7504762,other,river_cl,Pāuatahanui Stream,Pauatahanui Stream,Y,181.9
487015,7396657,other,river_cl,Pāuatahanui Stream,Pauatahanui Stream,Y,181.8
481362,7396739,other,river_cl,,,N,181.8
487876,7504980,other,river_cl,Remutaka Stream,Remutaka Stream,N,181.7
488007,7505192,other,river_cl,,,N,181.5
487268,7505078,other,river_cl,Putaputa Stream,Putaputa Stream,N,180.7
480711,7641676,other,river_cl,Mākara Stream,Makara Stream,Y,180.6
508151,7402058,other,river_cl,,,N,180.4
487234,7505045,other,river_cl,,,N,180.2
480659,7641626,other,river_cl,Silver Stream,Silver Stream,N,180.2
487963,7505147,other,river_cl,,,N,179.6
487132,7504806,other,river_cl,,,N,179.1
486848,7504554,other,river_cl,,,N,179.0
486800,7504370,other,river_cl,Skull Gully Stream,Skull Gully Stream,N,179.0
487156,7504834,other,river_cl,,,N,179.0
487222,7505033,other,river_cl,Benge Creek,Benge Creek,N,178.8
481020,7396460,other,river_cl,,,N,178.7
487255,7505064,other,river_cl,,,N,178.7
481556,7397115,other,river_cl,,,N,178.6
486762,7504328,other,river_cl,Gollans Stream,Gollans Stream,N,178.0
508216,7402124,other,river_cl,,,N,177.7
486935,7504680,other,river_cl,Mill Creek,Mill Creek,N,177.6
430670,6999854,other,river_cl,,,N,176.4
480921,7396192,other,river_cl,Graces Stream,Graces Stream,N,176.3
487074,7504908,other,river_cl,Black Stream,Black Stream,N,176.2
487005,7504748,other,river_cl,,,N,176.2
481071,7641716,other,river_cl,,,N,176.0
487170,7504847,other,river_cl,,,N,176.0
486766,7504332,other,river_cl,,,N,175.9
480700,7641659,other,river_cl,,,N,175.2
481317,7396699,other,river_cl,,,N,175.2
21127,6808033,other,drain_cl,,,N,175.1
481329,7396705,other,river_cl,,,N,175.0
482456,7396967,other,river_cl,Remutaka Stream,Remutaka Stream,N,174.9
481478,7397029,other,river_cl,,,N,174.7
20845,6798218,other,drain_cl,,,N,174.4
481534,7397093,other,river_cl,,,N,174.2
480749,7396072,other,river_cl,Matai Stream,Matai Stream,N,174.1
481209,7396820,other,river_cl,,,N,173.9
487127,7504800,other,river_cl,,,N,173.8
481392,7396771,other,river_cl,,,N,173.8
487216,7505027,other,river_cl,,,N,173.2
480946,7396227,other,river_cl,,,N,173.2
481302,7396689,other,river_cl,,,N,173.2
481069,7641713,other,river_cl,Ohariu Stream,Ohariu Stream,N,173.0
485541,7401974,other,river_cl,,,N,172.9
486954,7504694,other,river_cl,Korokoro Stream,Korokoro Stream,N,172.8
480629,7396056,other,river_cl,,,N,172.7
487022,7504764,other,river_cl,,,N,172.7
486875,7504579,other,river_cl,,,N,172.5
486785,7504357,other,river_cl,George Creek,George Creek,N,172.0
480652,7641620,other,river_cl,,,N,171.1
486986,7504725,other,river_cl,,,N,171.1
487158,7504836,other,river_cl,,,N,171.1
487866,7504970,other,river_cl,,,N,170.1
486531,7641838,other,river_cl,,,N,169.8
486942,7504686,other,river_cl,Mill Creek,Mill Creek,N,169.8
481318,7396700,other,river_cl,,,N,169.8
480952,7396238,other,river_cl,,,N,169.5
437723,7008635,other,river_cl,,,N,169.3
481306,7396676,other,river_cl,,,N,169.2
486521,7641820,other,river_cl,Mākara Stream,Makara Stream,Y,168.9
487207,7505017,other,river_cl,,,N,168.9
508177,7402084,other,river_cl,,,N,168.8
480987,7396432,other,river_cl,Big Huia Creek,Big Huia Creek,N,168.6
481331,7396687,other,river_cl,,,N,168.3
487144,7504817,other,river_cl,Wainui Stream,Wainui Stream,N,167.9
486913,7641866,other,river_cl,,,N,167.8
486984,7504723,other,river_cl,,,N,167.6
480907,7396186,other,river_cl,,,N,167.3
481271,7396881,other,river_cl,,,N,167.3
486758,7504324,other,river_cl,Gollans Stream,Gollans Stream,N,167.1
508153,7401968,other,river_cl,Frances Stream,Frances Stream,N,166.8
480790,7396116,other,river_cl,,,N,166.8
481529,7397089,other,river_cl,,,N,166.4
21162,6808069,other,drain_cl,,,N,165.8
480926,7396206,other,river_cl,Tūrere Stream,Turere Stream,Y,165.6
486631,7504239,other,river_cl,,,N,165.3
486965,7504705,other,river_cl,,,N,165.1
481544,7397102,other,river_cl,,,N,165.0
486975,7504715,other,river_cl,,,N,164.9
487188,7504997,other,river_cl,Wainui Stream,Wainui Stream,N,164.9
481540,7397104,other,river_cl,Putaputa Stream,Putaputa Stream,N,164.1
486505,7641811,other,river_cl,,,N,164.0
487997,7505185,other,river_cl,,,N,163.7
487152,7504826,other,river_cl,,,N,163.4
481363,7396740,other,river_cl,Wainui Stream,Wainui Stream,N,163.3
481555,7397112,other,river_cl,,,N,163.2
486500,7641802,other,river_cl,,,N,163.1
86344,6858165,other,river_cl,,,N,163.1
487062,7504893,other,river_cl,Redington Stream,Redington Stream,N,162.9
486498,7641801,other,river_cl,,,N,162.9
486865,7504572,other,river_cl,,,N,162.6
481229,7396825,other,river_cl,Narrow Neck Stream,Narrow Neck Stream,N,162.1
21149,6808054,other,drain_cl,,,N,161.5
487147,7504821,other,river_cl,,,N,161.5
486804,7504377,other,river_cl,Wainuiomata Stream,Wainuiomata Stream,N,161.1
480832,7396153,other,river_cl,,,N,160.9
481384,8171288,other,river_cl,Horokiri Stream,Horokiri Stream,N,160.4
481388,7396767,other,river_cl,,,N,160.3
487043,7504876,other,river_cl,Black Stream,Black Stream,N,160.1
481265,7396875,other,river_cl,,,N,160.0
480735,7641698,other,river_cl,,,N,159.9
20907,6798278,other,drain_cl,,,N,159.7
487872,7504975,other,river_cl,,,N,159.6
482561,7397144,other,river_cl,,,N,159.3
486988,7504729,other,river_cl,,,N,159.1
486980,7504688,other,river_cl,,,N,159.0
481520,7397077,other,river_cl,,,N,159.0
487919,7505102,other,river_cl,Kaitoke Stream,Kaitoke Stream,N,158.9
482534,7397134,other,river_cl,,,N,158.9
481077,7641724,other,river_cl,,,N,158.9
489993,7508424,other,river_cl,,,N,158.7
481258,7396867,other,river_cl,,,N,158.2
487102,7504935,other,river_cl,,,N,158.1
487006,7504745,other,river_cl,,,N,157.9
480933,7396215,other,river_cl,,,N,157.1
486602,7504212,other,river_cl,,,N,156.9
486765,7504334,other,river_cl,,,N,156.8
480909,7396188,other,river_cl,Gollans Stream,Gollans Stream,N,156.7
487200,7505009,other,river_cl,,,N,156.7
486525,7641828,other,river_cl,Mākara Stream,Makara Stream,Y,156.3
486606,7504216,other,river_cl,,,N,156.0
487128,7504802,other,river_cl,,,N,155.9
487184,7504858,other,river_cl,,,N,154.9
486883,7504590,other,river_cl,Narrow Neck Stream,Narrow Neck Stream,N,154.8
486488,7641792,other,river_cl,Waiariki Stream,Waiariki Stream,N,154.8
481234,7396828,other,river_cl,,,N,154.7
481279,7396890,other,river_cl,Cooleys Stream,Cooleys Stream,N,154.7
480660,7641627,other,river_cl,,,N,154.4
481138,7396617,other,river_cl,,,N,154.4
480994,7396439,other,river_cl,,,N,154.2
486656,7504268,other,river_cl,Catchpool Stream,Catchpool Stream,N,153.9
482455,7396966,other,river_cl,,,N,153.7
487089,7504922,other,river_cl,,,N,153.4
481128,7396608,other,river_cl,,,N,153.0
482608,7397202,other,river_cl,,,N,152.5
486544,7504312,other,river_cl,Korokoro Stream,Korokoro Stream,N,152.3
480729,7641693,other,river_cl,,,N,151.5
20903,6798276,other,drain_cl,Black Stream,Black Stream,N,151.4
486773,7504342,other,river_cl,Whakanui Creek,Whakanui Creek,N,151.1
481175,7396655,other,river_cl,,,N,150.7
481082,7641725,other,river_cl,,,N,150.5
487001,7504746,other,river_cl,,,N,150.2
487862,7504965,other,river_cl,,,N,150.0
486904,7641854,other,river_cl,,,N,150.0
486486,7641786,other,river_cl,,,N,149.8
513298,7508509,other,river_cl,,,N,149.6
487927,7505115,other,river_cl,,,N,148.3
486968,7504708,other,river_cl,,,N,148.0
482528,7397128,other,river_cl,,,N,147.9
486994,7504736,other,river_cl,Pāuatahanui Stream,Pauatahanui Stream,Y,147.6
489988,7508426,other,river_cl,Frances Stream,Frances Stream,N,147.4
481099,7396585,other,river_cl,,,N,147.3
486594,7504203,other,river_cl,,,N,147.0
487146,7504820,other,river_cl,,,N,147.0
480687,7641656,other,river_cl,,,N,146.9
481448,7397001,other,river_cl,,,N,146.7
513296,7508508,other,river_cl,,,N,146.7
481536,7397096,other,river_cl,Putaputa Stream,Putaputa Stream,N,146.5
487272,7505083,other,river_cl,Putaputa Stream,Putaputa Stream,N,146.4
487059,7504890,other,river_cl,Cooleys Stream,Cooleys Stream,N,146.3
487259,7505068,other,river_cl,,,N,146.3
487080,7504905,other,river_cl,,,N,146.1
487998,7505182,other,river_cl,,,N,146.1
21160,6808067,other,drain_cl,Black Stream,Black Stream,N,145.7
486990,7504732,other,river_cl,,,N,145.3
486542,7641845,other,river_cl,,,N,145.2
480954,7396240,other,river_cl,Wainuiomata Stream,Wainuiomata Stream,N,145.1
481193,7396670,other,river_cl,,,N,145.1
487120,7504794,other,river_cl,,,N,145.0
486807,7504382,other,river_cl,,,N,144.7
486784,7504356,other,river_cl,Sledge Track Creek,Sledge Track Creek,N,144.6
508208,7402116,other,river_cl,,,N,144.5
481418,8171294,other,river_cl,Horokiri Stream,Horokiri Stream,N,144.4
487133,7504807,other,river_cl,,,N,144.4
487172,8171357,other,river_cl,Horokiri Stream,Horokiri Stream,N,144.3
486925,7641877,other,river_cl,Porirua Stream,Porirua Stream,N,143.5
21170,6808077,other,drain_cl,,,N,143.4
480924,7396203,other,river_cl,,,N,143.3
486506,7641808,other,river_cl,,,N,143.2
486809,7504381,other,river_cl,Skull Gully Stream,Skull Gully Stream,N,142.8
487075,7504909,other,river_cl,Black Stream,Black Stream,N,142.3
481189,7396666,other,river_cl,,,N,142.2
481557,7397117,other,river_cl,,,N,142.0
480692,7641658,other,river_cl,,,N,142.0
487284,7505097,other,river_cl,Kerekere Stream,Kerekere Stream,N,141.5
486515,7641819,other,river_cl,Mākara Stream,Makara Stream,Y,140.4
486509,7641809,other,river_cl,,,N,140.4
480734,7641697,other,river_cl,,,N,140.4
487053,7504884,other,river_cl,,,N,140.3
486818,7504525,other,river_cl,,,N,140.1
489982,7508417,other,river_cl,,,N,139.7
470265,7213942,other,river_cl,,,N,138.8
487244,7505055,other,river_cl,,,N,138.5
481353,7396729,other,river_cl,,,N,138.3
481118,7396597,other,river_cl,Korokoro Stream,Korokoro Stream,N,137.8
481332,7396707,other,river_cl,,,N,137.6
481227,7396823,other,river_cl,,,N,137.1
481333,7396709,other,river_cl,,,N,136.6
486781,7504336,other,river_cl,Scholes Creek,Scholes Creek,N,135.6
486974,7504714,other,river_cl,,,N,135.5
486808,7504380,other,river_cl,Skull Gully Stream,Skull Gully Stream,N,135.3
487938,7505126,other,river_cl,,,N,135.2
480620,7641590,other,river_cl,,,N,135.1
486931,7504674,other,river_cl,Takapu Stream,Takapu Stream,N,135.1
486969,7504709,other,river_cl,Wainuiomata Stream,Wainuiomata Stream,N,135.1
481554,7397110,other,river_cl,,,N,135.0
486777,7504349,other,river_cl,Whakanui Creek,Whakanui Creek,N,135.0
486530,7641831,other,river_cl,,,N,134.7
487003,7504747,other,river_cl,,,N,134.7
486483,7641788,other,river_cl,Oteranga Stream,Oteranga Stream,N,134.4
486553,7504320,other,river_cl,Korokoro Stream,Korokoro Stream,N,134.4
481236,7396848,other,river_cl,,,N,134.0
487275,7505086,other,river_cl,,,N,134.0
481256,7504897,other,river_cl,Redington Stream,Redington Stream,N,133.6
486803,7504376,other,river_cl,Wainuiomata Stream,Wainuiomata Stream,N,133.6
487285,7505094,other,river_cl,,,N,133.4
486940,7504684,other,river_cl,,,N,133.3
481538,7505084,other,river_cl,Putaputa Stream,Putaputa Stream,N,133.2
21165,6808072,other,drain_cl,,,N,133.1
487932,7505120,other,river_cl,Farm Creek,Farm Creek,N,133.1
481558,7397114,other,river_cl,,,N,133.0
487237,7505051,other,river_cl,Kororipo Stream,Kororipo Stream,N,132.8
486756,7504322,other,river_cl,,,N,132.8
487039,7504870,other,river_cl,,,N,131.9
487943,7505130,other,river_cl,,,N,131.7
486640,7504248,other,river_cl,,,N,131.0
487106,7504780,other,river_cl,,,N,130.9
489987,7508425,other,river_cl,Frances Stream,Frances Stream,N,130.7
486513,7641817,other,river_cl,,,N,130.6
487984,7505167,other,river_cl,Renata Stream,Renata Stream,N,130.5
468711,6998531,other,river_cl,,,N,130.5
486866,7504571,other,river_cl,,,N,129.9
480621,7641591,other,river_cl,,,N,129.7
486757,7504323,other,river_cl,,,N,129.6
486767,7504330,other,river_cl,Gollans Stream,Gollans Stream,N,129.2
487142,7504815,other,river_cl,Wainui Stream,Wainui Stream,N,129.0
486906,7641861,other,river_cl,,,N,128.9
486535,7641842,other,river_cl,,,N,128.8
21159,6808066,other,drain_cl,,,N,128.8
487283,7505098,other,river_cl,Kerekere Stream,Kerekere Stream,N,128.6
487141,7504814,other,river_cl,Wainui Stream,Wainui Stream,N,128.5
486503,7641807,other,river_cl,,,N,128.4
486761,7504327,other,river_cl,,,N,128.2
487239,7505052,other,river_cl,Kororipo Stream,Kororipo Stream,N,128.1
486956,7504696,other,river_cl,Korokoro Stream,Korokoro Stream,N,127.9
487113,7504788,other,river_cl,Kakaho Stream,Kakaho Stream,N,127.9
486518,7641821,other,river_cl,North Mākara Stream,North Makara Stream,Y,127.8
21158,6808065,other,drain_cl,Black Stream,Black Stream,N,127.5
485506,7401939,other,river_cl,,,N,127.5
486928,7504671,other,river_cl,Korokoro Stream,Korokoro Stream,N,126.8
487097,7504931,other,river_cl,,,N,126.5
487017,7504759,other,river_cl,Pāuatahanui Stream,Pauatahanui Stream,Y,126.4
486545,7504313,other,river_cl,Korokoro Stream,Korokoro Stream,N,126.3
487138,7504812,other,river_cl,,,N,126.2
21166,6808073,other,drain_cl,,,N,126.0
487096,7504930,other,river_cl,,,N,125.3
487240,7505049,other,river_cl,Kororipo Stream,Kororipo Stream,N,125.1
482607,7397208,other,river_cl,,,N,125.1
481300,7396686,other,river_cl,,,N,125.1
486934,7504679,other,river_cl,Mill Creek,Mill Creek,N,125.0
487210,7505020,other,river_cl,,,N,124.5
486523,7641832,other,river_cl,,,N,124.3
487130,7504804,other,river_cl,,,N,124.0
486987,7504726,other,river_cl,,,N,123.9
487148,7504822,other,river_cl,,,N,123.6
486852,7504563,other,river_cl,,,N,122.7
487010,7504753,other,river_cl,,,N,122.7
486507,7641812,other,river_cl,,,N,122.6
480794,7396120,other,river_cl,,,N,122.5
480948,7396234,other,river_cl,Skull Gully Stream,Skull Gully Stream,N,122.5
486982,7504721,other,river_cl,,,N,122.3
486546,7641850,other,river_cl,Korokoro Stream,Korokoro Stream,N,121.6
486972,7504712,other,river_cl,,,N,121.3
487266,7505067,other,river_cl,,,N,121.2
486572,7396067,other,river_cl,,,N,120.6
480938,7396220,other,river_cl,George Creek,George Creek,N,120.6
487942,7505113,other,river_cl,Puffer Creek,Puffer Creek,N,120.2
487281,7505093,other,river_cl,,,N,120.1
487187,7504996,other,river_cl,Wainui Stream,Wainui Stream,N,120.1
486922,7641875,other,river_cl,,,N,119.9
486779,7504350,other,river_cl,,,N,119.6
486955,7504695,other,river_cl,Korokoro Stream,Korokoro Stream,N,119.5
486939,7504676,other,river_cl,,,N,119.4
487983,7505166,other,river_cl,,,N,119.3
487976,7505158,other,river_cl,,,N,119.3
487195,7505006,other,river_cl,,,N,119.1
486547,7641849,other,river_cl,Korokoro Stream,Korokoro Stream,N,119.1
487159,7504837,other,river_cl,,,N,118.6
487238,7505048,other,river_cl,,,N,118.5
480720,7641685,other,river_cl,,,N,118.5
487954,7505142,other,river_cl,Phillips Stream,Phillips Stream,N,118.3
486947,7504770,other,river_cl,,,N,118.2
481547,7397106,other,river_cl,,,N,118.0
487173,7504828,other,river_cl,,,N,117.9
487166,7504843,other,river_cl,,,N,117.8
487136,7504810,other,river_cl,,,N,117.4
487160,8171355,other,river_cl,Horokiri Stream,Horokiri Stream,N,117.2
486905,7641860,other,river_cl,,,N,116.9
487121,7504795,other,river_cl,,,N,116.8
482432,7396946,other,river_cl,,,N,116.7
486976,7504716,other,river_cl,,,N,116.5
486774,7504343,other,river_cl,Whakanui Creek,Whakanui Creek,N,116.4
486522,7641827,other,river_cl,,,N,116.1
486528,7641830,other,river_cl,,,N,115.1
487067,7504899,other,river_cl,,,N,115.0
486550,7641851,other,river_cl,Korokoro Stream,Korokoro Stream,N,114.4
487163,7504840,other,river_cl,,,N,114.3
487032,7504863,other,river_cl,,,N,113.9
513300,7508511,other,river_cl,,,N,113.6
486674,7504282,other,river_cl,Goat Stream,Goat Stream,N,113.6
487055,7504886,other,river_cl,,,N,113.4
487940,7505128,other,river_cl,,,N,113.4
486806,7504379,other,river_cl,Skull Gully Stream,Skull Gully Stream,N,113.4
486912,7641865,other,river_cl,Ohariu Stream,Ohariu Stream,N,113.3
487063,7504894,other,river_cl,,,N,113.2
487962,7505080,other,river_cl,Putaputa Stream,Putaputa Stream,N,113.1
21168,6808075,other,drain_cl,,,N,112.5
487977,7505160,other,river_cl,,,N,112.3
487208,7505018,other,river_cl,,,N,112.0
487165,7504842,other,river_cl,,,N,111.9
513268,7508480,other,river_cl,,,N,111.6
486959,7504699,other,river_cl,Korokoro Stream,Korokoro Stream,N,111.6
486473,7641782,other,river_cl,Waiariki Stream,Waiariki Stream,N,111.2
486991,7504733,other,river_cl,,,N,110.7
486927,7504670,other,river_cl,Korokoro Stream,Korokoro Stream,N,110.0
21154,6808059,other,drain_cl,,,N,109.7
487002,7504727,other,river_cl,,,N,109.5
486948,7504771,other,river_cl,,,N,109.4
472371,7000059,other,river_cl,,,N,109.3
486978,7504718,other,river_cl,,,N,109.0
487920,7505103,other,river_cl,Kaitoke Stream,Kaitoke Stream,N,108.7
486729,7504423,other,river_cl,Boulder Creek,Boulder Creek,N,108.3
486992,7504734,other,river_cl,,,N,107.7
487108,7504782,other,river_cl,,,N,107.7
487046,7504873,other,river_cl,,,N,107.6
487871,7504974,other,river_cl,,,N,107.3
487162,7504839,other,river_cl,,,N,107.3
487969,7505152,other,river_cl,,,N,107.1
486504,7641810,other,river_cl,,,N,106.8
487124,7504798,other,river_cl,,,N,106.7
487064,7504895,other,river_cl,,,N,106.5
486776,7504340,other,river_cl,Tūrere Stream,Turere Stream,Y,105.9
486997,7504740,other,river_cl,,,N,105.9
486907,7641858,other,river_cl,Ohariu Stream,Ohariu Stream,N,105.8
486919,7641872,other,river_cl,Mill Creek,Mill Creek,N,105.3
489990,7508421,other,river_cl,,,N,104.9
486478,7504156,other,river_cl,Gollans Stream,Gollans Stream,N,104.7
486964,7504704,other,river_cl,,,N,104.5
486678,7504286,other,river_cl,,,N,104.4
487970,7505153,other,river_cl,,,N,103.6
487112,7504787,other,river_cl,Kakaho Stream,Kakaho Stream,N,102.8
486867,7504573,other,river_cl,,,N,102.6
487118,7504790,other,river_cl,,,N,102.5
486475,7641784,other,river_cl,Waipapa Stream,Waipapa Stream,N,102.3
486485,7641790,other,river_cl,,,N,102.2
486926,7641878,other,river_cl,Korokoro Stream,Korokoro Stream,N,102.0
488010,7505196,other,river_cl,Quoin Stream,Quoin Stream,N,101.8
487143,7504818,other,river_cl,,,N,101.8
486517,7641822,other,river_cl,North Mākara Stream,North Makara Stream,Y,101.7
21176,6808083,other,drain_cl,,,N,101.1
487019,7504761,other,river_cl,,,N,101.1
487122,7504796,other,river_cl,,,N,100.8
21173,6808080,other,drain_cl,,,N,100.4
486971,7504711,other,river_cl,Wainuiomata Stream,Wainuiomata Stream,N,100.4
487873,7504977,other,river_cl,,,N,100.3
487967,7505151,other,river_cl,Kerekere Stream,Kerekere Stream,N,100.2
486493,7641797,other,river_cl,,,N,100.2
486960,7504700,other,river_cl,,,N,99.5
480788,7504238,other,river_cl,,,N,99.4
487049,7504880,other,river_cl,Huia Stream,Huia Stream,N,99.3
487077,7504911,other,river_cl,,,N,99.3
21175,6808082,other,drain_cl,,,N,99.2
487934,7505122,other,river_cl,Farm Creek,Farm Creek,N,98.9
486827,7504355,other,river_cl,Little Huia Creek,Little Huia Creek,N,98.7
486519,7641824,other,river_cl,Mākara Stream,Makara Stream,Y,98.7
21174,6808081,other,drain_cl,,,N,98.6
489980,7508415,other,river_cl,,,N,98.6
489995,7508429,other,river_cl,,,N,98.3
487014,7504755,other,river_cl,Pāuatahanui Stream,Pauatahanui Stream,Y,98.3
472850,7214959,other,river_cl,,,N,97.9
21177,6808084,other,drain_cl,,,N,97.5
487935,7505123,other,river_cl,,,N,97.4
486909,7641863,other,river_cl,Ohariu Stream,Ohariu Stream,N,97.4
487174,7504829,other,river_cl,,,N,97.4
487220,7505032,other,river_cl,,,N,97.2
488012,7505200,other,river_cl,,,N,97.2
487196,7505002,other,river_cl,,,N,96.9
21172,6808079,other,drain_cl,,,N,96.8
513269,7508481,other,river_cl,,,N,96.6
487009,7504752,other,river_cl,,,N,96.5
487052,7504883,other,river_cl,,,N,96.4
487922,7505106,other,river_cl,,,N,96.2
513272,7508485,other,river_cl,,,N,95.8
486915,7641871,other,river_cl,Mill Creek,Mill Creek,N,95.5
487013,7504757,other,river_cl,,,N,95.5
487865,7504969,other,river_cl,,,N,95.1
486482,7641787,other,river_cl,Oteranga Stream,Oteranga Stream,N,95.1
486603,7504213,other,river_cl,,,N,94.7
486962,7504702,other,river_cl,,,N,94.7
486541,7641848,other,river_cl,,,N,94.6
486957,7504697,other,river_cl,Korokoro Stream,Korokoro Stream,N,94.2
479178,7008666,other,river_cl,,,N,94.0
486943,7504687,other,river_cl,,,N,94.0
486944,7504691,other,river_cl,Mill Creek,Mill Creek,N,93.2
487047,7504878,other,river_cl,,,N,93.0
487038,7504869,other,river_cl,Narrow Neck Stream,Narrow Neck Stream,N,92.7
513274,7508486,other,river_cl,,,N,92.7
487016,7504756,other,river_cl,Pāuatahanui Stream,Pauatahanui Stream,Y,92.5
487194,7505005,other,river_cl,,,N,92.2
486481,7504160,other,river_cl,Cameron Creek,Cameron Creek,N,92.1
487874,7504978,other,river_cl,,,N,92.0
487058,7504889,other,river_cl,Cooleys Stream,Cooleys Stream,N,91.9
486607,7504217,other,river_cl,,,N,91.8
487241,7505050,other,river_cl,Kororipo Stream,Kororipo Stream,N,91.4
486802,7504375,other,river_cl,,,N,91.4
486516,7641823,other,river_cl,Mākara Stream,Makara Stream,Y,91.4
487042,7504875,other,river_cl,Black Stream,Black Stream,N,91.4
487276,7505069,other,river_cl,,,N,90.9
432928,7000486,other,river_cl,Marchant Stream,Marchant Stream,N,90.9
487206,7505016,other,river_cl,,,N,90.8
486520,7641825,other,river_cl,,,N,90.5
486510,7641814,other,river_cl,,,N,90.5
486979,7504719,other,river_cl,,,N,90.3
487167,7504844,other,river_cl,,,N,89.9
486783,7504354,other,river_cl,,,N,89.7
513263,7508475,other,river_cl,,,N,89.3
487218,8171363,other,river_cl,,,N,89.2
486916,7641870,other,river_cl,,,N,89.1
429596,6998872,other,river_cl,,,N,88.6
21156,6808063,other,drain_cl,Black Stream,Black Stream,N,88.3
487011,7504737,other,river_cl,Pāuatahanui Stream,Pauatahanui Stream,Y,88.1
487110,7504785,other,river_cl,,,N,88.0
487008,7504751,other,river_cl,,,N,87.1
487024,7504766,other,river_cl,,,N,86.7
21169,6808076,other,drain_cl,,,N,86.6
487233,7505044,other,river_cl,,,N,86.6
486512,7641816,other,river_cl,,,N,86.6
488020,7505206,other,river_cl,,,N,86.4
487023,7504765,other,river_cl,,,N,86.4
487105,7504938,other,river_cl,,,N,86.2
487936,7505124,other,river_cl,,,N,86.2
487129,7504803,other,river_cl,,,N,86.0
486548,7504317,other,river_cl,Korokoro Stream,Korokoro Stream,N,85.9
487070,7504901,other,river_cl,,,N,85.9
487041,7504874,other,river_cl,Black Stream,Black Stream,N,84.6
487280,7505091,other,river_cl,,,N,84.4
486977,7504717,other,river_cl,,,N,84.2
487084,7504919,other,river_cl,,,N,83.5
487107,7504781,other,river_cl,,,N,83.5
486568,7504185,other,river_cl,,,N,83.4
21171,6808078,other,drain_cl,,,N,83.2
487000,7504744,other,river_cl,,,N,83.2
486623,7504161,other,river_cl,Gollans Stream,Gollans Stream,N,83.1
486487,7641794,other,river_cl,Waiariki Stream,Waiariki Stream,N,83.1
487209,7505019,other,river_cl,,,N,82.4
486932,7504675,other,river_cl,Mill Creek,Mill Creek,N,82.1
487045,7504872,other,river_cl,,,N,82.0
487157,7504835,other,river_cl,,,N,81.7
21155,6808060,other,drain_cl,,,N,81.3
486873,7504581,other,river_cl,,,N,80.2
487104,7504937,other,river_cl,Blaikie Stream,Blaikie Stream,N,80.1
487192,7505001,other,river_cl,,,N,79.9
486924,7641876,other,river_cl,,,N,79.6
487877,7504981,other,river_cl,Remutaka Stream,Remutaka Stream,N,79.3
486791,7504362,other,river_cl,Wainuiomata Stream,Wainuiomata Stream,N,79.3
486966,7504706,other,river_cl,,,N,79.0
486474,7641783,other,river_cl,Karori Stream,Karori Stream,N,78.8
486499,7641805,other,river_cl,,,N,78.7
487193,7505004,other,river_cl,,,N,78.6
486798,7504371,other,river_cl,,,N,78.0
487964,7505148,other,river_cl,Kerekere Stream,Kerekere Stream,N,77.9
487056,7504887,other,river_cl,,,N,77.7
487145,7504819,other,river_cl,,,N,77.7
487211,7505021,other,river_cl,,,N,77.5
487918,7505104,other,river_cl,,,N,77.3
486605,7504215,other,river_cl,,,N,77.1
487018,7504760,other,river_cl,,,N,76.7
486540,7641847,other,river_cl,Ohariu Stream,Ohariu Stream,N,76.3
486999,7504743,other,river_cl,,,N,76.3
486945,7504692,other,river_cl,Takapuwahia Stream,Takapuwahia Stream,N,76.2
486958,7504698,other,river_cl,,,N,76.1
487115,7504779,other,river_cl,Taupō Stream,Taupo Stream,Y,76.1
487960,7505146,other,river_cl,Putaputa Stream,Putaputa Stream,N,76.0
486950,7504773,other,river_cl,,,N,76.0
487034,7504865,other,river_cl,Narrow Neck Stream,Narrow Neck Stream,N,75.1
487937,7505125,other,river_cl,,,N,75.1
487961,7505079,other,river_cl,Putaputa Stream,Putaputa Stream,N,75.1
486788,7504359,other,river_cl,,,N,75.1
486833,7504540,other,river_cl,,,N,74.2
487270,7505082,other,river_cl,,,N,73.7
487099,8171351,other,river_cl,,,N,73.4
487125,7504799,other,river_cl,,,N,73.3
486780,7504351,other,river_cl,,,N,73.1
487205,7505015,other,river_cl,,,N,72.9
487007,7504750,other,river_cl,,,N,72.6
487288,7505099,other,river_cl,Frances Stream,Frances Stream,N,72.3
486771,7504335,other,river_cl,Graces Stream,Graces Stream,N,72.0
513264,7508433,other,river_cl,Frances Stream,Frances Stream,N,71.6
486629,7504235,other,river_cl,Gollans Stream,Gollans Stream,N,71.6
487117,7504792,other,river_cl,Kakaho Stream,Kakaho Stream,N,71.5
487236,7505047,other,river_cl,Kororipo Stream,Kororipo Stream,N,71.4
487119,7504793,other,river_cl,,,N,70.5
489992,7508423,other,river_cl,,,N,70.4
486650,7504257,other,river_cl,Greens Stream,Greens Stream,N,70.2
486679,7504285,other,river_cl,Matthews Stream,Matthews Stream,N,70.1
487082,7504916,other,river_cl,,,N,69.6
487040,7504871,other,river_cl,,,N,69.2
487087,7504921,other,river_cl,,,N,69.1
487212,7505022,other,river_cl,,,N,69.0
487027,7504769,other,river_cl,,,N,68.5
489984,7508418,other,river_cl,Chilly Stream,Chilly Stream,N,68.3
486834,7504541,other,river_cl,,,N,68.1
487101,7504932,other,river_cl,,,N,67.6
487968,7505087,other,river_cl,Kerekere Stream,Kerekere Stream,N,67.5
486526,7641834,other,river_cl,Mākara Stream,Makara Stream,Y,67.5
487086,7504918,other,river_cl,,,N,67.3
486492,7641796,other,river_cl,,,N,66.9
486529,7641835,other,river_cl,,,N,66.9
486967,7504707,other,river_cl,Speedys Stream,Speedys Stream,N,66.1
487140,7504816,other,river_cl,,,N,65.9
432591,7000058,other,river_cl,,,N,65.0
486929,7504672,other,river_cl,,,N,64.8
487066,7504898,other,river_cl,,,N,64.6
487092,7504924,other,river_cl,Colletts Stream,Colletts Stream,N,64.2
486936,7504681,other,river_cl,,,N,64.2
486868,7504574,other,river_cl,,,N,64.1
486963,7504703,other,river_cl,,,N,64.0
487073,7504904,other,river_cl,,,N,63.3
487939,7505127,other,river_cl,,,N,63.3
487230,7505041,other,river_cl,,,N,63.2
486921,7641874,other,river_cl,,,N,63.0
21163,6808070,other,drain_cl,Black Stream,Black Stream,N,62.8
487224,7505035,other,river_cl,,,N,62.6
489991,7508422,other,river_cl,,,N,62.5
486638,7504246,other,river_cl,Greens Stream,Greens Stream,N,62.5
486608,7504218,other,river_cl,,,N,62.5
487966,7505149,other,river_cl,Kerekere Stream,Kerekere Stream,N,62.4
487051,7504881,other,river_cl,,,N,61.8
487135,7504808,other,river_cl,,,N,61.0
486658,7504263,other,river_cl,,,N,60.9
487861,7504964,other,river_cl,Climie Creek,Climie Creek,N,60.5
487076,7504910,other,river_cl,,,N,59.8
486537,7641844,other,river_cl,North Mākara Stream,North Makara Stream,Y,59.7
487090,7504923,other,river_cl,,,N,58.6
486627,7504233,other,river_cl,Gollans Stream,Gollans Stream,N,58.3
486901,7641857,other,river_cl,,,N,58.3
487965,7505150,other,river_cl,Kerekere Stream,Kerekere Stream,N,58.0
487926,7505114,other,river_cl,,,N,57.1
486497,7641804,other,river_cl,Waiariki Stream,Waiariki Stream,N,56.8
486826,7504534,other,river_cl,Little Huia Creek,Little Huia Creek,N,56.6
487149,8171354,other,river_cl,,,N,56.4
486981,7504720,other,river_cl,,,N,56.3
487974,7505157,other,river_cl,,,N,56.1
486655,7504267,other,river_cl,Catchpool Stream,Catchpool Stream,N,56.1
486819,7504526,other,river_cl,Big Huia Creek,Big Huia Creek,N,55.9
489994,7508428,other,river_cl,Frances Stream,Frances Stream,N,55.8
86945,6858381,other,river_cl,,,N,55.2
486949,7504772,other,river_cl,,,N,55.0
487197,7505007,other,river_cl,,,N,54.7
486555,7504167,other,river_cl,,,N,54.5
487929,7505117,other,river_cl,,,N,54.2
487246,7504846,other,river_cl,,,N,54.0
486953,7504776,other,river_cl,,,N,54.0
486632,7504240,other,river_cl,Thistle Stream,Thistle Stream,N,53.6
487026,7504768,other,river_cl,,,N,53.6
486829,7504536,other,river_cl,Big Huia Creek,Big Huia Creek,N,53.3
486983,7504722,other,river_cl,,,N,53.1
486787,7504358,other,river_cl,George Creek,George Creek,N,53.0
486484,7641789,other,river_cl,,,N,52.8
486985,7504724,other,river_cl,,,N,52.6
489986,7508420,other,river_cl,Chilly Stream,Chilly Stream,N,52.2
487269,7505077,other,river_cl,,,N,52.1
487217,7505028,other,river_cl,,,N,51.7
486491,7641793,other,river_cl,,,N,51.4
486476,7641785,other,river_cl,,,N,50.3
486610,7504219,other,river_cl,Catchpool Stream,Catchpool Stream,N,49.8
487123,7504797,other,river_cl,,,N,49.8
486903,7641856,other,river_cl,,,N,49.6
487126,7504801,other,river_cl,,,N,49.5
486952,7504777,other,river_cl,,,N,49.4
486946,7504693,other,river_cl,,,N,49.1
487226,7505037,other,river_cl,,,N,49.0
487094,7504927,other,river_cl,Cooleys Stream,Cooleys Stream,N,48.8
486570,7504187,other,river_cl,,,N,48.8
469395,7213181,other,river_cl,,,N,48.7
486872,7504578,other,river_cl,,,N,48.4
487054,7504885,other,river_cl,Cooleys Stream,Cooleys Stream,N,48.1
487004,7504749,other,river_cl,,,N,47.6
489997,7508432,other,river_cl,Frances Stream,Frances Stream,N,47.5
487153,7504827,other,river_cl,,,N,47.5
21167,6808074,other,drain_cl,,,N,46.5
487235,7505046,other,river_cl,,,N,46.4
486654,7504266,other,river_cl,Catchpool Stream,Catchpool Stream,N,46.2
486854,7504556,other,river_cl,,,N,45.8
487186,7504995,other,river_cl,,,N,45.8
486778,7504341,other,river_cl,Tūrere Stream,Turere Stream,Y,45.6
487289,7505100,other,river_cl,Frances Stream,Frances Stream,N,45.2
21153,6808058,other,drain_cl,,,N,44.9
487949,8418300,other,river_cl,Farm Creek,Farm Creek,N,44.6
472409,7214254,other,river_cl,,,N,44.3
487085,7504917,other,river_cl,,,N,43.9
486989,7504730,other,river_cl,,,N,43.2
487923,7505107,other,river_cl,,,N,43.0
486508,7641813,other,river_cl,,,N,42.6
489989,7508427,other,river_cl,Frances Stream,Frances Stream,N,42.0
469842,7396847,other,river_cl,,,N,41.6
487035,7504866,other,river_cl,Narrow Neck Stream,Narrow Neck Stream,N,41.2
486995,7504739,other,river_cl,,,N,40.7
486930,7641879,other,river_cl,,,N,40.2
486772,7504339,other,river_cl,Scholes Creek,Scholes Creek,N,40.1
487875,7504979,other,river_cl,Remutaka Stream,Remutaka Stream,N,39.8
486551,7641852,other,river_cl,Korokoro Stream,Korokoro Stream,N,39.6
487171,8171356,other,river_cl,Horokiri Stream,Horokiri Stream,N,39.0
21161,6808068,other,drain_cl,Black Stream,Black Stream,N,37.7
486604,7504214,other,river_cl,,,N,37.6
486479,7504158,other,river_cl,Gollans Stream,Gollans Stream,N,36.9
486769,7504337,other,river_cl,,,N,36.7
487061,7504892,other,river_cl,Redington Stream,Redington Stream,N,36.0
486533,7641840,other,river_cl,,,N,35.3
487100,7504936,other,river_cl,,,N,33.1
486532,7641839,other,river_cl,,,N,32.7
489985,7508419,other,river_cl,Chilly Stream,Chilly Stream,N,32.2
486489,7641795,other,river_cl,Waiariki Stream,Waiariki Stream,N,32.0
486524,7641833,other,river_cl,,,N,31.6
486789,7504360,other,river_cl,,,N,31.5
486494,7641800,other,river_cl,Silver Stream,Silver Stream,N,31.3
487151,7504825,other,river_cl,,,N,30.3
487091,7504925,other,river_cl,,,N,30.1
487050,7504882,other,river_cl,Huia Stream,Huia Stream,N,29.5
21164,6808071,other,drain_cl,,,N,29.4
487273,7505081,other,river_cl,Putaputa Stream,Putaputa Stream,N,29.0
487282,7505092,other,river_cl,,,N,28.3
472919,7215029,other,river_cl,Kōtukutuku Stream,Kotukutuku Stream,Y,28.0
487254,7505063,other,river_cl,,,N,27.9
487093,7504926,other,river_cl,,,N,26.6
488011,7505199,other,river_cl,Quoin Stream,Quoin Stream,N,26.4
487988,7505171,other,river_cl,Renata Stream,Renata Stream,N,25.9
486536,7641826,other,river_cl,North Mākara Stream,North Makara Stream,Y,25.4
486993,7504735,other,river_cl,,,N,25.2
487025,7504767,other,river_cl,,,N,25.2
486882,7504589,other,river_cl,Narrow Neck Stream,Narrow Neck Stream,N,24.9
486805,7504378,other,river_cl,Skull Gully Stream,Skull Gully Stream,N,24.8
486961,7504701,other,river_cl,,,N,24.5
486593,7504172,other,river_cl,,,N,24.2
487137,7504811,other,river_cl,,,N,24.2
486609,7504220,other,river_cl,,,N,23.8
486910,7641864,other,river_cl,Ohariu Stream,Ohariu Stream,N,23.6
487060,7504891,other,river_cl,,,N,23.5
487033,7504864,other,river_cl,,,N,22.8
487044,7504877,other,river_cl,Black Stream,Black Stream,N,21.3
429591,6998869,other,river_cl,,,N,21.2
487109,8171352,other,river_cl,Kakaho Stream,Kakaho Stream,N,21.1
486477,7641836,other,river_cl,Gollans Stream,Gollans Stream,N,20.9
469215,7213048,other,river_cl,,,N,20.5
487982,7505165,other,river_cl,,,N,20.3
487199,7505010,other,river_cl,,,N,20.2
486552,7641853,other,river_cl,Korokoro Stream,Korokoro Stream,N,19.9
487069,7504900,other,river_cl,,,N,19.6
486790,7504361,other,river_cl,,,N,18.9
489998,7508431,other,river_cl,,,N,18.2
487131,7504805,other,river_cl,,,N,18.2
513271,7508479,other,river_cl,,,N,17.8
486549,7504315,other,river_cl,Korokoro Stream,Korokoro Stream,N,17.8
487215,7505026,other,river_cl,,,N,17.6
486501,7641806,other,river_cl,Mākara Stream,Makara Stream,Y,17.4
489996,7508430,other,river_cl,Frances Stream,Frances Stream,N,17.0
487863,7504966,other,river_cl,Climie Creek,Climie Creek,N,16.2
487261,7505071,other,river_cl,,,N,16.2
486810,7504383,other,river_cl,Skull Gully Stream,Skull Gully Stream,N,16.2
482429,7396943,other,river_cl,,,N,16.0
487098,7504933,other,river_cl,,,N,16.0
487925,7505109,other,river_cl,,,N,15.5
487981,7505164,other,river_cl,,,N,15.0
487287,7505096,other,river_cl,,,N,14.8
487286,7505095,other,river_cl,,,N,14.4
486539,7641846,other,river_cl,,,N,14.4
486908,7641862,other,river_cl,,,N,14.1
487036,7504867,other,river_cl,,,N,13.9
86374,6858230,other,river_cl,,,N,13.8
486628,7504234,other,river_cl,,,N,13.5
429516,6998604,other,river_cl,Mukamukaiti Stream,Mukamukaiti Stream,N,13.3
487277,7505088,other,river_cl,,,N,13.2
88122,6860709,other,river_cl,Reikorangi Stream,Reikorangi Stream,N,13.0
486951,8171350,other,river_cl,,,N,12.9
487150,7504824,other,river_cl,,,N,12.1
487980,7505163,other,river_cl,,,N,11.4
486763,7504329,other,river_cl,,,N,9.6
486543,7504311,other,river_cl,Korokoro Stream,Korokoro Stream,N,9.6
486480,7641837,other,river_cl,,,N,9.5
486938,7504677,other,river_cl,Ohariu Stream,Ohariu Stream,N,9.5
487139,7504813,other,river_cl,Wainui Stream,Wainui Stream,N,9.1
486514,7641818,other,river_cl,,,N,8.6
486996,7504741,other,river_cl,Pāuatahanui Stream,Pauatahanui Stream,Y,8.0
486970,7504710,other,river_cl,Wainuiomata Stream,Wainuiomata Stream,N,7.5
479134,7225033,other,river_cl,,,N,7.3
487021,7504763,other,river_cl,,,N,7.1
487057,7504888,other,river_cl,Cooleys Stream,Cooleys Stream,N,6.6
487071,7504902,other,river_cl,,,N,5.4
487065,7504896,other,river_cl,Redington Stream,Redington Stream,N,5.1
429597,6998873,other,river_cl,Wharekauhau Stream,Wharekauhau Stream,N,4.5
21157,6808064,other,drain_cl,Black Stream,Black Stream,N,2.9
429592,6998868,other,river_cl,,,N,2.6
487221,7505031,other,river_cl,,,N,1.0
432624,7000087,river,river_cl,Pākuratahi River,Pakuratahi River,Y,2349.7
86328,7705078,river,river_cl,Wainuiomata River,Wainuiomata River,N,2139.9
430472,6858372,river,river_cl,Mangaroa River,Mangaroa River,N,2122.6
430474,7000012,river,river_cl,Mangaroa River,Mangaroa River,N,2039.9
432796,7000368,river,river_cl,Pākuratahi River,Pakuratahi River,Y,1960.6
86459,6858361,river,river_cl,Pākuratahi River,Pakuratahi River,Y,1882.5
86503,6858423,river,river_cl,Whakatīkei River,Whakatikei River,Y,1791.8
86465,6858366,river,river_cl,Mangaroa River,Mangaroa River,N,1710.5
432628,7000090,river,river_cl,Pākuratahi River,Pakuratahi River,Y,1482.5
86362,6858144,river,river_cl,Wainuiomata River,Wainuiomata River,N,1443.7
87003,8323588,river,river_cl,Pākuratahi River,Pakuratahi River,Y,1427.7
86450,6858346,river,river_cl,Mangaroa River,Mangaroa River,N,1394.7
432578,6999959,river,river_cl,Pākuratahi River,Pakuratahi River,Y,1380.0
432813,8323812,river,river_cl,Te Awa Kairangi/Hutt River,Te Awa Kairangi/Hutt River,N,1315.6
430751,7000246,river,river_cl,Little Akatarawa River,Little Akatarawa River,N,1265.4
429675,6998726,river,river_cl,Wainuiomata River,Wainuiomata River,N,1243.4
430867,7000357,river,river_cl,Akatarawa River,Akatarawa River,N,1221.1
429492,6998575,river,river_cl,Wainuiomata River,Wainuiomata River,N,1197.8
429470,7705207,river,river_cl,Wainuiomata River,Wainuiomata River,N,1124.9
430469,7000009,river,river_cl,Mangaroa River,Mangaroa River,N,1122.9
429426,6998505,river,river_cl,Wainuiomata River,Wainuiomata River,N,1107.3
430684,7000178,river,river_cl,Whakatīkei River,Whakatikei River,Y,1106.4
432801,8323811,river,river_cl,Pākuratahi River,Pakuratahi River,Y,1081.4
437764,7008668,river,river_cl,Akatarawa River,Akatarawa River,N,1075.4
432915,7000451,river,river_cl,Eastern Hutt River,Eastern Hutt River,N,1055.9
429957,6999224,river,river_cl,Wainuiomata River East Branch,Wainuiomata River East Branch,N,1026.6
437767,7225077,river,river_cl,Akatarawa River,Akatarawa River,N,1015.4
429821,6999089,river,river_cl,Ōrongorongo River,Orongorongo River,Y,1007.4
430369,6999905,river,river_cl,Mangaroa River,Mangaroa River,N,1000.4
429418,6998469,river,river_cl,Wainuiomata River,Wainuiomata River,N,997.8
479191,7225088,river,river_cl,Akatarawa River,Akatarawa River,N,997.3
432588,7000055,river,river_cl,Pākuratahi River,Pakuratahi River,Y,988.9
470306,7000170,river,river_cl,Whakatīkei River,Whakatikei River,Y,968.8
89392,6860738,river,river_cl,Western Hutt River,Western Hutt River,N,957.4
479186,7225083,river,river_cl,Akatarawa River,Akatarawa River,N,957.0
432914,7000478,river,river_cl,Western Hutt River,Western Hutt River,N,937.2
429656,6998708,river,river_cl,Wainuiomata River,Wainuiomata River,N,928.1
432814,8323813,river,river_cl,Te Awa Kairangi/Hutt River,Te Awa Kairangi/Hutt River,N,925.0
468723,7212304,river,river_cl,Wainuiomata River,Wainuiomata River,N,917.0
470449,7214506,river,river_cl,Whakatīkei River,Whakatikei River,Y,909.7
468684,7212268,river,river_cl,Wainuiomata River,Wainuiomata River,N,899.4
429810,6999081,river,river_cl,Ōrongorongo River,Orongorongo River,Y,861.7
430762,7000256,river,river_cl,Te Awa Kairangi/Hutt River,Te Awa Kairangi/Hutt River,N,857.1
432620,7000082,river,river_cl,Pākuratahi River,Pakuratahi River,Y,854.8
430700,7000190,river,river_cl,Whakatīkei River,Whakatikei River,Y,853.0
429929,6999182,river,river_cl,Ōrongorongo River,Orongorongo River,Y,852.4
430720,7000212,river,river_cl,Akatarawa River West,Akatarawa River West,N,851.7
469276,7213115,river,river_cl,Wainuiomata River East Branch,Wainuiomata River East Branch,N,846.5
430664,7213963,river,river_cl,Whakatīkei River,Whakatikei River,Y,832.9
429645,7705208,river,river_cl,Wainuiomata River,Wainuiomata River,N,826.8
472610,7214692,river,river_cl,Pākuratahi River,Pakuratahi River,Y,826.4
470284,6999843,river,river_cl,Whakatīkei River,Whakatikei River,Y,816.3
432817,8323814,river,river_cl,Pākuratahi River,Pakuratahi River,Y,811.7
469824,7214044,river,river_cl,Pākuratahi River,Pakuratahi River,Y,811.3
469804,7214027,river,river_cl,Mangaroa River,Mangaroa River,N,806.9
469845,7214053,river,river_cl,Pākuratahi River,Pakuratahi River,Y,802.1
430723,7000215,river,river_cl,Akatarawa River West,Akatarawa River West,N,801.3
472412,7214260,river,river_cl,Pākuratahi River,Pakuratahi River,Y,798.3
470556,7214561,river,river_cl,Akatarawa River West,Akatarawa River West,N,794.2
429679,6998730,river,river_cl,Wainuiomata River,Wainuiomata River,N,793.0
432812,7214736,river,river_cl,Te Awa Kairangi/Hutt River,Te Awa Kairangi/Hutt River,N,792.3
429961,6999229,river,river_cl,Ōrongorongo River,Orongorongo River,Y,791.6
469073,7212623,river,river_cl,Wainuiomata River,Wainuiomata River,N,781.3
429661,6998712,river,river_cl,Wainuiomata River,Wainuiomata River,N,780.0
429461,6998543,river,river_cl,Wainuiomata River,Wainuiomata River,N,777.9
469782,6999885,river,river_cl,Mangaroa River,Mangaroa River,N,777.7
430342,7213995,river,river_cl,Mangaroa River,Mangaroa River,N,774.6
470488,7214540,river,river_cl,Akatarawa River West,Akatarawa River West,N,771.4
470558,7214563,river,river_cl,Akatarawa River West,Akatarawa River West,N,766.6
430853,7000303,river,river_cl,Akatarawa River West,Akatarawa River West,N,765.6
468732,7705341,river,river_cl,Wainuiomata River,Wainuiomata River,N,752.8
470420,7214475,river,river_cl,Akatarawa River West,Akatarawa River West,N,747.4
468771,7705344,river,river_cl,Wainuiomata River,Wainuiomata River,N,746.6
470453,7214511,river,river_cl,Whakatīkei River,Whakatikei River,Y,744.9
429432,6998512,river,river_cl,Ōrongorongo River,Orongorongo River,Y,743.3
469034,6998778,river,river_cl,Wainuiomata River,Wainuiomata River,N,742.8
472773,7000449,river,river_cl,Te Awa Kairangi/Hutt River,Te Awa Kairangi/Hutt River,N,740.9
429671,6998724,river,river_cl,Wainuiomata River,Wainuiomata River,N,722.4
430468,7000007,river,river_cl,Mangaroa River,Mangaroa River,N,714.2
430823,7214599,river,river_cl,Little Akatarawa River,Little Akatarawa River,N,701.0
469094,7212643,river,river_cl,Wainuiomata River,Wainuiomata River,N,700.6
469186,7213021,river,river_cl,Ōrongorongo River,Orongorongo River,Y,700.4
469080,7212633,river,river_cl,Wainuiomata River,Wainuiomata River,N,699.8
469075,7212624,river,river_cl,Wainuiomata River,Wainuiomata River,N,694.1
437699,7008612,river,river_cl,Akatarawa River West,Akatarawa River West,N,692.5
469155,7212987,river,river_cl,Ōrongorongo River,Orongorongo River,Y,680.4
429911,6998825,river,river_cl,Wainuiomata River West Branch,Wainuiomata River West Branch,N,680.2
429958,6999225,river,river_cl,Ōrongorongo River,Orongorongo River,Y,675.6
470539,7214592,river,river_cl,Akatarawa River West,Akatarawa River West,N,675.1
472644,7214737,river,river_cl,Te Awa Kairangi/Hutt River,Te Awa Kairangi/Hutt River,N,674.9
468960,7212499,river,river_cl,Wainuiomata River,Wainuiomata River,N,674.1
470548,7214600,river,river_cl,Little Akatarawa River,Little Akatarawa River,N,666.8
469322,7213158,river,river_cl,Wainuiomata River West Branch,Wainuiomata River West Branch,N,662.7
470467,7000271,river,river_cl,Whakatīkei River,Whakatikei River,Y,662.7
468693,7212277,river,river_cl,Ōrongorongo River,Orongorongo River,Y,656.0
479187,7225084,river,river_cl,Akatarawa River,Akatarawa River,N,649.9
472909,7215003,river,river_cl,Eastern Hutt River,Eastern Hutt River,N,646.9
472780,7214877,river,river_cl,Western Hutt River,Western Hutt River,N,643.0
470616,7214670,river,river_cl,Akatarawa River,Akatarawa River,N,637.2
430475,7214181,river,river_cl,Mangaroa River,Mangaroa River,N,634.5
437761,7008676,river,river_cl,Akatarawa River,Akatarawa River,N,634.4
469920,7214138,river,river_cl,Whakatīkei River,Whakatikei River,Y,633.3
429838,6999102,river,river_cl,Ōrongorongo River,Orongorongo River,Y,631.2
470423,7214481,river,river_cl,Akatarawa River West,Akatarawa River West,N,627.4
479188,7225076,river,river_cl,Akatarawa River,Akatarawa River,N,627.2
479128,7225028,river,river_cl,Akatarawa River West,Akatarawa River West,N,623.1
470454,7214510,river,river_cl,Whakatīkei River,Whakatikei River,Y,616.0
470464,7214519,river,river_cl,Whakatīkei River,Whakatikei River,Y,613.3
437721,7008634,river,river_cl,Akatarawa River,Akatarawa River,N,606.0
472438,7214286,river,river_cl,Pākuratahi River,Pakuratahi River,Y,599.7
469272,7213108,river,river_cl,Wainuiomata River East Branch,Wainuiomata River East Branch,N,597.1
430448,6999968,river,river_cl,Mangaroa River,Mangaroa River,N,595.7
430395,6999934,river,river_cl,Pākuratahi River,Pakuratahi River,Y,593.7
430724,7000216,river,river_cl,Akatarawa River West,Akatarawa River West,N,592.8
470288,6999845,river,river_cl,Whakatīkei River,Whakatikei River,Y,590.3
430790,7000278,river,river_cl,Little Akatarawa River,Little Akatarawa River,N,589.0
430820,7000309,river,river_cl,Akatarawa River West,Akatarawa River West,N,586.9
437712,7225018,river,river_cl,Akatarawa River West,Akatarawa River West,N,585.5
470582,7214585,river,river_cl,Akatarawa River West,Akatarawa River West,N,584.2
479180,7008672,river,river_cl,Akatarawa River,Akatarawa River,N,584.0
469333,7213169,river,river_cl,Ōrongorongo River,Orongorongo River,Y,582.5
430182,6999516,river,river_cl,Mangaroa River,Mangaroa River,N,580.7
432916,7000454,river,river_cl,Eastern Hutt River,Eastern Hutt River,N,580.4
472775,7214872,river,river_cl,Te Awa Kairangi/Hutt River,Te Awa Kairangi/Hutt River,N,578.1
469317,7213155,river,river_cl,Wainuiomata River East Branch,Wainuiomata River East Branch,N,575.4
469031,7212570,river,river_cl,Wainuiomata River,Wainuiomata River,N,573.2
470542,7214595,river,river_cl,Akatarawa River West,Akatarawa River West,N,571.3
468805,7212389,river,river_cl,Ōrongorongo River,Orongorongo River,Y,570.5
480991,7213042,river,river_cl,Ōrongorongo River,Orongorongo River,Y,568.7
472819,7214928,river,river_cl,Western Hutt River,Western Hutt River,N,562.3
468680,7212264,river,river_cl,Wainuiomata River,Wainuiomata River,N,560.7
469818,7214040,river,river_cl,Mangaroa River,Mangaroa River,N,560.2
430750,7000244,river,river_cl,Akatarawa River West,Akatarawa River West,N,556.2
472940,7215055,river,river_cl,Eastern Hutt River,Eastern Hutt River,N,555.6
472916,7215025,river,river_cl,Eastern Hutt River,Eastern Hutt River,N,548.5
469157,7212989,river,river_cl,Ōrongorongo River,Orongorongo River,Y,539.7
473065,7215057,river,river_cl,Eastern Hutt River,Eastern Hutt River,N,539.6
472449,7214299,river,river_cl,Pākuratahi River,Pakuratahi River,Y,538.9
472586,7214685,river,river_cl,Pākuratahi River,Pakuratahi River,Y,531.7
469032,7212573,river,river_cl,Wainuiomata River,Wainuiomata River,N,531.2
468973,7212512,river,river_cl,Wainuiomata River,Wainuiomata River,N,530.1
472747,7214845,river,river_cl,Te Awa Kairangi/Hutt River,Te Awa Kairangi/Hutt River,N,529.7
430318,7213985,river,river_cl,Mangaroa River,Mangaroa River,N,528.9
469095,7212645,river,river_cl,Wainuiomata River West Branch,Wainuiomata River West Branch,N,528.0
469284,7213123,river,river_cl,Ōrongorongo River,Orongorongo River,Y,527.0
469281,7213118,river,river_cl,Ōrongorongo River,Orongorongo River,Y,524.8
470498,7214551,river,river_cl,Akatarawa River West,Akatarawa River West,N,524.5
479131,7225029,river,river_cl,Akatarawa River West,Akatarawa River West,N,524.0
468840,7212424,river,river_cl,Ōrongorongo River,Orongorongo River,Y,523.6
469211,7213045,river,river_cl,Ōrongorongo River,Orongorongo River,Y,522.2
469156,7212988,river,river_cl,Ōrongorongo River,Orongorongo River,Y,517.1
468817,7212403,river,river_cl,Ōrongorongo River,Orongorongo River,Y,513.6
481501,7214509,river,river_cl,Whakatīkei River,Whakatikei River,Y,507.3
469332,7213153,river,river_cl,Ōrongorongo River,Orongorongo River,Y,506.7
498056,7225370,river,river_cl,Western Hutt River,Western Hutt River,N,505.3
469271,7212644,river,river_cl,Wainuiomata River East Branch,Wainuiomata River East Branch,N,504.6
469603,7213492,river,river_cl,Mangaroa River,Mangaroa River,N,501.5
485503,7401937,river,river_cl,Akatarawa River West,Akatarawa River West,N,495.1
472830,7214940,river,river_cl,Western Hutt River,Western Hutt River,N,494.9
470376,7214432,river,river_cl,Akatarawa River West,Akatarawa River West,N,493.5
472448,7214295,river,river_cl,Pākuratahi River,Pakuratahi River,Y,492.6
469203,7213035,river,river_cl,Ōrongorongo River,Orongorongo River,Y,491.4
485523,7401955,river,river_cl,Akatarawa River,Akatarawa River,N,490.2
429945,6999212,river,river_cl,Wainuiomata River West Branch,Wainuiomata River West Branch,N,487.6
469771,7213987,river,river_cl,Mangaroa River,Mangaroa River,N,485.8
498040,7225352,river,river_cl,Western Hutt River,Western Hutt River,N,478.5
472627,7214727,river,river_cl,Te Awa Kairangi/Hutt River,Te Awa Kairangi/Hutt River,N,478.2
472856,7214962,river,river_cl,Eastern Hutt River,Eastern Hutt River,N,477.5
430386,6999922,river,river_cl,Pākuratahi River,Pakuratahi River,Y,473.4
469336,7213171,river,river_cl,Ōrongorongo River,Orongorongo River,Y,472.0
480783,7396112,river,river_cl,Wainuiomata River,Wainuiomata River,N,470.3
468839,7212423,river,river_cl,Ōrongorongo River,Orongorongo River,Y,468.1
472442,7214291,river,river_cl,Pākuratahi River,Pakuratahi River,Y,466.2
472853,7214960,river,river_cl,Eastern Hutt River,Eastern Hutt River,N,465.0
481459,7397013,river,river_cl,Whakatīkei River,Whakatikei River,Y,462.6
469826,7214049,river,river_cl,Pākuratahi River,Pakuratahi River,Y,461.6
470560,7214608,river,river_cl,Akatarawa River,Akatarawa River,N,461.2
470392,7214447,river,river_cl,Mangaroa River,Mangaroa River,N,459.6
469977,7214182,river,river_cl,Mangaroa River,Mangaroa River,N,459.4
498045,7225353,river,river_cl,Western Hutt River,Western Hutt River,N,458.6
430438,6999976,river,river_cl,Whakatīkei River,Whakatikei River,Y,458.4
469275,7213112,river,river_cl,Wainuiomata River East Branch,Wainuiomata River East Branch,N,456.2
472937,7215051,river,river_cl,Eastern Hutt River,Eastern Hutt River,N,454.5
470561,7214609,river,river_cl,Akatarawa River,Akatarawa River,N,453.5
470372,7214427,river,river_cl,Akatarawa River West,Akatarawa River West,N,450.9
472439,7000106,river,river_cl,Pākuratahi River,Pakuratahi River,Y,450.5
480910,7396190,river,river_cl,Wainuiomata River,Wainuiomata River,N,443.9
472777,7214880,river,river_cl,Eastern Hutt River,Eastern Hutt River,N,441.6
469904,7214120,river,river_cl,Mangaroa River,Mangaroa River,N,440.8
472628,7214728,river,river_cl,Te Awa Kairangi/Hutt River,Te Awa Kairangi/Hutt River,N,440.8
470501,7397068,river,river_cl,Akatarawa River West,Akatarawa River West,N,437.0
480784,7705444,river,river_cl,Wainuiomata River,Wainuiomata River,N,436.0
429936,6999197,river,river_cl,Wainuiomata River West Branch,Wainuiomata River West Branch,N,433.7
468837,7396147,river,river_cl,Ōrongorongo River,Orongorongo River,Y,433.2
472413,7214262,river,river_cl,Pākuratahi River,Pakuratahi River,Y,432.6
481494,7397047,river,river_cl,Te Awa Kairangi/Hutt River,Te Awa Kairangi/Hutt River,N,430.5
482535,8324528,river,river_cl,Pākuratahi River,Pakuratahi River,Y,429.5
468845,7212432,river,river_cl,Ōrongorongo River,Orongorongo River,Y,428.9
481474,7214446,river,river_cl,Mangaroa River,Mangaroa River,N,427.2
479185,7225082,river,river_cl,Akatarawa River,Akatarawa River,N,426.8
481436,7396804,river,river_cl,Whakatīkei River,Whakatikei River,Y,426.7
468733,7705342,river,river_cl,Wainuiomata River,Wainuiomata River,N,424.2
482451,7214300,river,river_cl,Pākuratahi River,Pakuratahi River,Y,423.3
469814,7214036,river,river_cl,Mangaroa River,Mangaroa River,N,422.3
481452,7397005,river,river_cl,Whakatīkei River,Whakatikei River,Y,422.1
469030,7212572,river,river_cl,Wainuiomata River,Wainuiomata River,N,421.0
430397,7214063,river,river_cl,Pākuratahi River,Pakuratahi River,Y,419.7
481443,7396994,river,river_cl,Whakatīkei River,Whakatikei River,Y,419.5
482447,7214283,river,river_cl,Pākuratahi River,Pakuratahi River,Y,417.5
470357,7214408,river,river_cl,Whakatīkei River,Whakatikei River,Y,413.7
470486,7214533,river,river_cl,Akatarawa River West,Akatarawa River West,N,411.0
480843,7212433,river,river_cl,Ōrongorongo River,Orongorongo River,Y,410.9
472365,7214215,river,river_cl,Pākuratahi River,Pakuratahi River,Y,410.3
481512,7397069,river,river_cl,Akatarawa River West,Akatarawa River West,N,409.1
468691,7212276,river,river_cl,Ōrongorongo River,Orongorongo River,Y,408.8
472441,7214290,river,river_cl,Pākuratahi River,Pakuratahi River,Y,405.7
472771,7214874,river,river_cl,Te Awa Kairangi/Hutt River,Te Awa Kairangi/Hutt River,N,399.8
479126,7225027,river,river_cl,Akatarawa River West,Akatarawa River West,N,398.9
472645,7214742,river,river_cl,Te Awa Kairangi/Hutt River,Te Awa Kairangi/Hutt River,N,398.0
470280,7396802,river,river_cl,Whakatīkei River,Whakatikei River,Y,393.3
482618,7397216,river,river_cl,Eastern Hutt River,Eastern Hutt River,N,391.6
468747,7212329,river,river_cl,Ōrongorongo River,Orongorongo River,Y,386.6
481458,7397012,river,river_cl,Whakatīkei River,Whakatikei River,Y,386.6
472367,7214217,river,river_cl,Pākuratahi River,Pakuratahi River,Y,386.4
470391,7214445,river,river_cl,Mangaroa River,Mangaroa River,N,385.7
481464,7214419,river,river_cl,Akatarawa River West,Akatarawa River West,N,384.3
481207,7396819,river,river_cl,Mangaroa River,Mangaroa River,N,383.1
481491,7397041,river,river_cl,Te Awa Kairangi/Hutt River,Te Awa Kairangi/Hutt River,N,382.7
468673,7212259,river,river_cl,Wainuiomata River,Wainuiomata River,N,382.0
472437,7214288,river,river_cl,Pākuratahi River,Pakuratahi River,Y,381.7
480845,7396160,river,river_cl,Ōrongorongo River,Orongorongo River,Y,378.5
470540,7214593,river,river_cl,Akatarawa River West,Akatarawa River West,N,378.4
472450,7214301,river,river_cl,Pākuratahi River,Pakuratahi River,Y,375.4
482547,7397153,river,river_cl,Pākuratahi River,Pakuratahi River,Y,375.0
482685,7214998,river,river_cl,Eastern Hutt River,Eastern Hutt River,N,371.8
468741,7212324,river,river_cl,Ōrongorongo River,Orongorongo River,Y,370.9
469308,7213146,river,river_cl,Wainuiomata River West Branch,Wainuiomata River West Branch,N,370.3
481503,7214520,river,river_cl,Whakatīkei River,Whakatikei River,Y,368.3
472646,8324155,river,river_cl,Te Awa Kairangi/Hutt River,Te Awa Kairangi/Hutt River,N,368.1
481132,7396611,river,river_cl,Mangaroa River,Mangaroa River,N,366.8
481504,7397061,river,river_cl,Akatarawa River West,Akatarawa River West,N,365.8
468972,7396195,river,river_cl,Wainuiomata River,Wainuiomata River,N,365.1
482612,7214848,river,river_cl,Te Awa Kairangi/Hutt River,Te Awa Kairangi/Hutt River,N,364.6
480803,7212367,river,river_cl,Ōrongorongo River,Orongorongo River,Y,364.6
469319,7213157,river,river_cl,Wainuiomata River East Branch,Wainuiomata River East Branch,N,363.4
468818,7212401,river,river_cl,Ōrongorongo River,Orongorongo River,Y,363.3
481545,7397084,river,river_cl,Akatarawa River West,Akatarawa River West,N,362.0
470281,7213958,river,river_cl,Whakatīkei River,Whakatikei River,Y,360.8
472790,7214887,river,river_cl,Western Hutt River,Western Hutt River,N,360.6
469152,7212983,river,river_cl,Ōrongorongo River,Orongorongo River,Y,360.6
470378,7397021,river,river_cl,Akatarawa River West,Akatarawa River West,N,358.7
481225,7396840,river,river_cl,Mangaroa River,Mangaroa River,N,358.2
479184,7225081,river,river_cl,Akatarawa River,Akatarawa River,N,356.8
480770,7212325,river,river_cl,Ōrongorongo River,Orongorongo River,Y,356.0
470450,7397056,river,river_cl,Whakatīkei River,Whakatikei River,Y,355.6
480743,7212266,river,river_cl,Wainuiomata River,Wainuiomata River,N,355.0
480833,7212425,river,river_cl,Ōrongorongo River,Orongorongo River,Y,353.5
481226,7396841,river,river_cl,Mangaroa River,Mangaroa River,N,353.2
480840,7212431,river,river_cl,Ōrongorongo River,Orongorongo River,Y,352.5
470340,7214396,river,river_cl,Whakatīkei River,Whakatikei River,Y,351.9
481021,7213150,river,river_cl,Wainuiomata River East Branch,Wainuiomata River East Branch,N,350.0
468677,7396065,river,river_cl,Ōrongorongo River,Orongorongo River,Y,349.6
470374,7214430,river,river_cl,Akatarawa River West,Akatarawa River West,N,349.5
481502,7397058,river,river_cl,Whakatīkei River,Whakatikei River,Y,349.0
482549,8324529,river,river_cl,Pākuratahi River,Pakuratahi River,Y,347.4
470356,7214407,river,river_cl,Whakatīkei River,Whakatikei River,Y,343.8
481219,7214029,river,river_cl,Mangaroa River,Mangaroa River,N,340.1
480992,7396435,river,river_cl,Ōrongorongo River,Orongorongo River,Y,339.2
508212,7402120,river,river_cl,Western Hutt River,Western Hutt River,N,337.2
472415,7396950,river,river_cl,Pākuratahi River,Pakuratahi River,Y,336.6
480945,7396232,river,river_cl,Wainuiomata River,Wainuiomata River,N,332.7
482661,7397252,river,river_cl,Western Hutt River,Western Hutt River,N,329.1
469008,7212546,river,river_cl,Ōrongorongo River,Orongorongo River,Y,325.9
480745,7396070,river,river_cl,Ōrongorongo River,Orongorongo River,Y,325.2
472789,7214892,river,river_cl,Western Hutt River,Western Hutt River,N,324.3
469931,7214121,river,river_cl,Mangaroa River,Mangaroa River,N,324.0
468737,7212320,river,river_cl,Ōrongorongo River,Orongorongo River,Y,319.1
480813,7396134,river,river_cl,Ōrongorongo River,Orongorongo River,Y,318.9
472857,7214963,river,river_cl,Eastern Hutt River,Eastern Hutt River,N,317.7
469288,7213107,river,river_cl,Ōrongorongo River,Orongorongo River,Y,314.5
482648,7397243,river,river_cl,Western Hutt River,Western Hutt River,N,313.0
481493,7397044,river,river_cl,Te Awa Kairangi/Hutt River,Te Awa Kairangi/Hutt River,N,312.8
481238,7396850,river,river_cl,Pākuratahi River,Pakuratahi River,Y,312.2
480844,7212437,river,river_cl,Ōrongorongo River,Orongorongo River,Y,309.7
481013,7396454,river,river_cl,Wainuiomata River East Branch,Wainuiomata River East Branch,N,309.3
468785,7396108,river,river_cl,Ōrongorongo River,Orongorongo River,Y,308.3
468669,7396063,river,river_cl,Ōrongorongo River,Orongorongo River,Y,304.5
508163,7402071,river,river_cl,Western Hutt River,Western Hutt River,N,303.3
480830,7396150,river,river_cl,Ōrongorongo River,Orongorongo River,Y,302.8
482624,7397220,river,river_cl,Western Hutt River,Western Hutt River,N,302.7
468738,7212321,river,river_cl,Ōrongorongo River,Orongorongo River,Y,302.2
482699,7397288,river,river_cl,Eastern Hutt River,Eastern Hutt River,N,301.5
479130,7401935,river,river_cl,Akatarawa River West,Akatarawa River West,N,300.2
480785,7705343,river,river_cl,Wainuiomata River,Wainuiomata River,N,298.1
480819,7396140,river,river_cl,Ōrongorongo River,Orongorongo River,Y,297.9
480804,7396125,river,river_cl,Ōrongorongo River,Orongorongo River,Y,297.7
481230,7214046,river,river_cl,Pākuratahi River,Pakuratahi River,Y,297.4
470285,7213961,river,river_cl,Whakatīkei River,Whakatikei River,Y,296.5
469287,7213105,river,river_cl,Ōrongorongo River,Orongorongo River,Y,295.9
468668,7396064,river,river_cl,Ōrongorongo River,Orongorongo River,Y,295.0
472639,7214735,river,river_cl,Te Awa Kairangi/Hutt River,Te Awa Kairangi/Hutt River,N,294.4
480765,7705443,river,river_cl,Wainuiomata River,Wainuiomata River,N,294.4
480752,7396074,river,river_cl,Ōrongorongo River,Orongorongo River,Y,293.2
482542,7397147,river,river_cl,Te Awa Kairangi/Hutt River,Te Awa Kairangi/Hutt River,N,292.7
481014,7396450,river,river_cl,Ōrongorongo River,Orongorongo River,Y,290.5
482651,7397245,river,river_cl,Western Hutt River,Western Hutt River,N,289.7
482673,7397264,river,river_cl,Eastern Hutt River,Eastern Hutt River,N,288.5
481206,7396818,river,river_cl,Mangaroa River,Mangaroa River,N,287.4
481533,7397070,river,river_cl,Akatarawa River West,Akatarawa River West,N,284.0
480919,7396199,river,river_cl,Wainuiomata River,Wainuiomata River,N,283.3
480762,7212305,river,river_cl,Wainuiomata River,Wainuiomata River,N,279.6
468984,7212525,river,river_cl,Wainuiomata River,Wainuiomata River,N,279.0
482701,7215042,river,river_cl,Eastern Hutt River,Eastern Hutt River,N,278.9
481222,7396837,river,river_cl,Mangaroa River,Mangaroa River,N,277.5
480969,7396418,river,river_cl,Ōrongorongo River,Orongorongo River,Y,276.4
482530,7397125,river,river_cl,Pākuratahi River,Pakuratahi River,Y,276.2
485499,7401930,river,river_cl,Akatarawa River West,Akatarawa River West,N,276.0
470470,7214518,river,river_cl,Whakatīkei River,Whakatikei River,Y,274.8
482434,7396948,river,river_cl,Pākuratahi River,Pakuratahi River,Y,274.5
469150,7212559,river,river_cl,Ōrongorongo River,Orongorongo River,Y,274.4
472440,7214287,river,river_cl,Pākuratahi River,Pakuratahi River,Y,272.0
481232,7396845,river,river_cl,Pākuratahi River,Pakuratahi River,Y,271.7
468962,7212501,river,river_cl,Wainuiomata River,Wainuiomata River,N,271.2
481467,7397018,river,river_cl,Akatarawa River West,Akatarawa River West,N,269.2
482674,7397266,river,river_cl,Eastern Hutt River,Eastern Hutt River,N,269.2
481506,7397063,river,river_cl,Akatarawa River West,Akatarawa River West,N,267.7
482704,7397292,river,river_cl,Eastern Hutt River,Eastern Hutt River,N,266.2
481453,7397006,river,river_cl,Whakatīkei River,Whakatikei River,Y,264.0
485502,7401936,river,river_cl,Akatarawa River West,Akatarawa River West,N,263.8
481204,7396816,river,river_cl,Mangaroa River,Mangaroa River,N,262.8
480823,7212400,river,river_cl,Ōrongorongo River,Orongorongo River,Y,262.2
485498,7225016,river,river_cl,Akatarawa River West,Akatarawa River West,N,262.1
508204,7402112,river,river_cl,Western Hutt River,Western Hutt River,N,260.4
468736,7212317,river,river_cl,Ōrongorongo River,Orongorongo River,Y,259.3
480773,7396101,river,river_cl,Ōrongorongo River,Orongorongo River,Y,259.2
482703,7397291,river,river_cl,Eastern Hutt River,Eastern Hutt River,N,257.2
480814,7396135,river,river_cl,Ōrongorongo River,Orongorongo River,Y,254.7
482671,7397263,river,river_cl,Eastern Hutt River,Eastern Hutt River,N,254.4
480935,7396218,river,river_cl,Wainuiomata River,Wainuiomata River,N,254.3
470287,7213964,river,river_cl,Whakatīkei River,Whakatikei River,Y,254.3
480741,7396061,river,river_cl,Ōrongorongo River,Orongorongo River,Y,254.2
480740,7396060,river,river_cl,Ōrongorongo River,Orongorongo River,Y,253.9
480944,7396231,river,river_cl,Wainuiomata River,Wainuiomata River,N,252.8
482620,7397215,river,river_cl,Western Hutt River,Western Hutt River,N,252.6
498038,7402111,river,river_cl,Western Hutt River,Western Hutt River,N,252.4
482708,7215052,river,river_cl,Eastern Hutt River,Eastern Hutt River,N,252.3
470468,7214522,river,river_cl,Whakatīkei River,Whakatikei River,Y,252.0
472928,7215040,river,river_cl,Eastern Hutt River,Eastern Hutt River,N,251.4
508205,7402113,river,river_cl,Western Hutt River,Western Hutt River,N,251.3
481200,7213984,river,river_cl,Mangaroa River,Mangaroa River,N,250.1
481026,7396463,river,river_cl,Wainuiomata River East Branch,Wainuiomata River East Branch,N,249.1
479129,7225030,river,river_cl,Akatarawa River West,Akatarawa River West,N,248.2
480742,7396062,river,river_cl,Ōrongorongo River,Orongorongo River,Y,247.9
485522,7401954,river,river_cl,Akatarawa River,Akatarawa River,N,247.0
481135,7396614,river,river_cl,Mangaroa River,Mangaroa River,N,246.9
481242,7396854,river,river_cl,Pākuratahi River,Pakuratahi River,Y,246.5
480777,7396105,river,river_cl,Ōrongorongo River,Orongorongo River,Y,242.0
480815,7396136,river,river_cl,Ōrongorongo River,Orongorongo River,Y,241.4
481528,7397088,river,river_cl,Akatarawa River West,Akatarawa River West,N,240.9
480824,7396144,river,river_cl,Ōrongorongo River,Orongorongo River,Y,240.3
480801,7396123,river,river_cl,Ōrongorongo River,Orongorongo River,Y,240.1
480746,7396068,river,river_cl,Ōrongorongo River,Orongorongo River,Y,240.0
481243,7396855,river,river_cl,Pākuratahi River,Pakuratahi River,Y,239.4
482664,7397218,river,river_cl,Eastern Hutt River,Eastern Hutt River,N,239.0
482646,7397241,river,river_cl,Western Hutt River,Western Hutt River,N,238.6
481486,7397037,river,river_cl,Akatarawa River,Akatarawa River,N,236.3
481488,7397039,river,river_cl,Akatarawa River,Akatarawa River,N,235.6
480934,7396214,river,river_cl,Wainuiomata River,Wainuiomata River,N,229.7
482619,7397214,river,river_cl,Western Hutt River,Western Hutt River,N,227.3
480817,7396138,river,river_cl,Ōrongorongo River,Orongorongo River,Y,226.4
481027,7396466,river,river_cl,Ōrongorongo River,Orongorongo River,Y,224.8
481023,7396462,river,river_cl,Wainuiomata River East Branch,Wainuiomata River East Branch,N,224.2
482450,7396964,river,river_cl,Pākuratahi River,Pakuratahi River,Y,223.3
482656,7397248,river,river_cl,Western Hutt River,Western Hutt River,N,223.0
480835,7396154,river,river_cl,Ōrongorongo River,Orongorongo River,Y,222.8
482675,7397267,river,river_cl,Eastern Hutt River,Eastern Hutt River,N,222.7
480993,7396437,river,river_cl,Ōrongorongo River,Orongorongo River,Y,222.5
480778,7396106,river,river_cl,Ōrongorongo River,Orongorongo River,Y,222.3
482436,7396951,river,river_cl,Pākuratahi River,Pakuratahi River,Y,220.4
488009,7505194,river,river_cl,Eastern Hutt River,Eastern Hutt River,N,220.0
480822,7396143,river,river_cl,Ōrongorongo River,Orongorongo River,Y,219.5
480982,7396427,river,river_cl,Ōrongorongo River,Orongorongo River,Y,219.5
480967,7396209,river,river_cl,Ōrongorongo River,Orongorongo River,Y,218.4
482622,7397223,river,river_cl,Western Hutt River,Western Hutt River,N,216.5
480748,7396071,river,river_cl,Ōrongorongo River,Orongorongo River,Y,215.8
480768,7396096,river,river_cl,Ōrongorongo River,Orongorongo River,Y,215.3
480771,7396099,river,river_cl,Ōrongorongo River,Orongorongo River,Y,215.0
480821,7396142,river,river_cl,Ōrongorongo River,Orongorongo River,Y,211.5
482702,7397290,river,river_cl,Eastern Hutt River,Eastern Hutt River,N,211.4
480797,7396107,river,river_cl,Ōrongorongo River,Orongorongo River,Y,209.6
485505,7401934,river,river_cl,Akatarawa River West,Akatarawa River West,N,209.5
480816,7396137,river,river_cl,Ōrongorongo River,Orongorongo River,Y,209.1
482649,7397244,river,river_cl,Western Hutt River,Western Hutt River,N,206.9
480747,7396069,river,river_cl,Ōrongorongo River,Orongorongo River,Y,205.8
487247,7504848,river,river_cl,Whakatīkei River,Whakatikei River,Y,205.1
481465,7397016,river,river_cl,Akatarawa River West,Akatarawa River West,N,204.4
480772,7396098,river,river_cl,Ōrongorongo River,Orongorongo River,Y,203.9
481513,7396803,river,river_cl,Whakatikei River,Whakatikei River,N,203.8
482658,7397251,river,river_cl,Western Hutt River,Western Hutt River,N,203.2
486797,7504369,river,river_cl,Wainuiomata River,Wainuiomata River,N,202.7
486799,7504372,river,river_cl,Wainuiomata River,Wainuiomata River,N,202.5
481011,7396452,river,river_cl,Ōrongorongo River,Orongorongo River,Y,202.2
480983,7396428,river,river_cl,Ōrongorongo River,Orongorongo River,Y,202.0
481270,7396880,river,river_cl,Whakatīkei River,Whakatikei River,Y,201.5
481266,7396874,river,river_cl,Mangaroa River,Mangaroa River,N,200.4
470465,7214521,river,river_cl,Whakatīkei River,Whakatikei River,Y,199.4
481511,7397066,river,river_cl,Akatarawa River West,Akatarawa River West,N,199.0
480820,7396141,river,river_cl,Ōrongorongo River,Orongorongo River,Y,198.0
513297,7508507,river,river_cl,Western Hutt River,Western Hutt River,N,196.2
486828,7504535,river,river_cl,Ōrongorongo River,Orongorongo River,Y,195.7
481019,7396458,river,river_cl,Wainuiomata River West Branch,Wainuiomata River West Branch,N,195.7
513295,7508484,river,river_cl,Western Hutt River,Western Hutt River,N,193.5
480837,7396156,river,river_cl,Ōrongorongo River,Orongorongo River,Y,193.3
481205,7396817,river,river_cl,Mangaroa River,Mangaroa River,N,192.8
487095,7504928,river,river_cl,Mangaroa River,Mangaroa River,N,191.5
482647,7397242,river,river_cl,Western Hutt River,Western Hutt River,N,191.5
480769,7396097,river,river_cl,Ōrongorongo River,Orongorongo River,Y,190.2
480841,7396159,river,river_cl,Ōrongorongo River,Orongorongo River,Y,189.5
481524,7397085,river,river_cl,Akatarawa River West,Akatarawa River West,N,188.4
482613,7397211,river,river_cl,Te Awa Kairangi/Hutt River,Te Awa Kairangi/Hutt River,N,188.0
480799,7396110,river,river_cl,Ōrongorongo River,Orongorongo River,Y,187.7
508165,7402073,river,river_cl,Western Hutt River,Western Hutt River,N,184.8
480776,7396103,river,river_cl,Ōrongorongo River,Orongorongo River,Y,184.8
482444,7396960,river,river_cl,Pākuratahi River,Pakuratahi River,Y,184.4
481489,7397040,river,river_cl,Akatarawa River,Akatarawa River,N,184.4
480798,7396109,river,river_cl,Ōrongorongo River,Orongorongo River,Y,182.7
481220,7396833,river,river_cl,Mangaroa River,Mangaroa River,N,182.6
481133,7396612,river,river_cl,Mangaroa River,Mangaroa River,N,182.5
480800,7396122,river,river_cl,Ōrongorongo River,Orongorongo River,Y,182.3
480838,7396157,river,river_cl,Ōrongorongo River,Orongorongo River,Y,182.0
487081,7504906,river,river_cl,Mangaroa River,Mangaroa River,N,180.6
486850,7504561,river,river_cl,Wainuiomata River West Branch,Wainuiomata River West Branch,N,179.8
486671,7504278,river,river_cl,Ōrongorongo River,Orongorongo River,Y,179.2
487992,7505176,river,river_cl,Eastern Hutt River,Eastern Hutt River,N,175.7
486683,7504289,river,river_cl,Ōrongorongo River,Orongorongo River,Y,172.9
480831,7396151,river,river_cl,Ōrongorongo River,Orongorongo River,Y,172.5
486588,7504197,river,river_cl,Ōrongorongo River,Orongorongo River,Y,170.8
485504,7401933,river,river_cl,Akatarawa River West,Akatarawa River West,N,170.7
487214,8171362,river,river_cl,Te Awa Kairangi/Hutt River,Te Awa Kairangi/Hutt River,N,169.7
486682,7504290,river,river_cl,Ōrongorongo River,Orongorongo River,Y,169.7
481240,7396852,river,river_cl,Pākuratahi River,Pakuratahi River,Y,169.5
486585,7504194,river,river_cl,Ōrongorongo River,Orongorongo River,Y,169.5
486616,7504226,river,river_cl,Ōrongorongo River,Orongorongo River,Y,168.4
487991,7505175,river,river_cl,Western Hutt River,Western Hutt River,N,168.3
482659,7505173,river,river_cl,Western Hutt River,Western Hutt River,N,167.8
486657,7504260,river,river_cl,Ōrongorongo River,Orongorongo River,Y,167.7
481022,7396461,river,river_cl,Wainuiomata River East Branch,Wainuiomata River East Branch,N,167.3
482625,7397221,river,river_cl,Western Hutt River,Western Hutt River,N,166.9
486651,7504258,river,river_cl,Ōrongorongo River,Orongorongo River,Y,166.7
481505,7397062,river,river_cl,Akatarawa River West,Akatarawa River West,N,166.6
481214,7396826,river,river_cl,Mangaroa River,Mangaroa River,N,164.6
488022,7505208,river,river_cl,Eastern Hutt River,Eastern Hutt River,N,164.2
482593,7397196,river,river_cl,Te Awa Kairangi/Hutt River,Te Awa Kairangi/Hutt River,N,163.9
486592,7504201,river,river_cl,Ōrongorongo River,Orongorongo River,Y,163.2
480774,7396102,river,river_cl,Ōrongorongo River,Orongorongo River,Y,162.8
486637,7504245,river,river_cl,Ōrongorongo River,Orongorongo River,Y,161.7
481025,7396465,river,river_cl,Ōrongorongo River,Orongorongo River,Y,160.8
482665,7397257,river,river_cl,Eastern Hutt River,Eastern Hutt River,N,160.6
486641,7504249,river,river_cl,Ōrongorongo River,Orongorongo River,Y,158.3
487265,7505075,river,river_cl,Akatarawa River,Akatarawa River,N,157.2
486589,7504198,river,river_cl,Ōrongorongo River,Orongorongo River,Y,157.0
486874,7504582,river,river_cl,Ōrongorongo River,Orongorongo River,Y,155.2
486863,7504569,river,river_cl,Wainuiomata River West Branch,Wainuiomata River West Branch,N,155.1
481469,7397020,river,river_cl,Akatarawa River West,Akatarawa River West,N,155.0
486687,7504295,river,river_cl,Ōrongorongo River,Orongorongo River,Y,154.5
480834,7396152,river,river_cl,Ōrongorongo River,Orongorongo River,Y,153.4
482617,7397217,river,river_cl,Western Hutt River,Western Hutt River,N,152.2
486869,7504575,river,river_cl,Wainuiomata River East Branch,Wainuiomata River East Branch,N,151.4
487103,7504929,river,river_cl,Mangaroa River,Mangaroa River,N,150.9
488019,7505205,river,river_cl,Eastern Hutt River,Eastern Hutt River,N,150.3
486591,7504200,river,river_cl,Ōrongorongo River,Orongorongo River,Y,149.5
487253,7505061,river,river_cl,Akatarawa River West,Akatarawa River West,N,149.0
482623,7397219,river,river_cl,Western Hutt River,Western Hutt River,N,148.8
487917,7505101,river,river_cl,Pākuratahi River,Pakuratahi River,Y,148.6
486880,7504586,river,river_cl,Ōrongorongo River,Orongorongo River,Y,148.5
486812,7504346,river,river_cl,Ōrongorongo River,Orongorongo River,Y,148.4
487031,7504862,river,river_cl,Mangaroa River,Mangaroa River,N,148.2
480825,7396145,river,river_cl,Ōrongorongo River,Orongorongo River,Y,147.5
487973,7505156,river,river_cl,Te Awa Kairangi/Hutt River,Te Awa Kairangi/Hutt River,N,146.1
486811,7504345,river,river_cl,Ōrongorongo River,Orongorongo River,Y,144.7
482621,7397222,river,river_cl,Western Hutt River,Western Hutt River,N,142.1
487231,7505042,river,river_cl,Akatarawa River,Akatarawa River,N,141.5
486832,7504539,river,river_cl,Ōrongorongo River,Orongorongo River,Y,141.0
487995,7505180,river,river_cl,Eastern Hutt River,Eastern Hutt River,N,140.9
487227,7505040,river,river_cl,Little Akatarawa River,Little Akatarawa River,N,140.6
487972,7505155,river,river_cl,Te Awa Kairangi/Hutt River,Te Awa Kairangi/Hutt River,N,138.8
486564,7504174,river,river_cl,Ōrongorongo River,Orongorongo River,Y,138.2
486634,7504242,river,river_cl,Ōrongorongo River,Orongorongo River,Y,137.3
486625,7705526,river,river_cl,Wainuiomata River,Wainuiomata River,N,135.8
487250,7505059,river,river_cl,Little Akatarawa River,Little Akatarawa River,N,135.3
486856,7504558,river,river_cl,Ōrongorongo River,Orongorongo River,Y,133.0
486571,7504188,river,river_cl,Wainuiomata River,Wainuiomata River,N,132.9
487048,7504879,river,river_cl,Mangaroa River,Mangaroa River,N,132.5
487987,7505170,river,river_cl,Western Hutt River,Western Hutt River,N,131.9
486672,7504279,river,river_cl,Ōrongorongo River,Orongorongo River,Y,131.7
486794,7504365,river,river_cl,Wainuiomata River,Wainuiomata River,N,131.7
488002,7505187,river,river_cl,Eastern Hutt River,Eastern Hutt River,N,131.1
487191,7505000,river,river_cl,Whakatīkei River,Whakatikei River,Y,130.4
486619,7504230,river,river_cl,Ōrongorongo River,Orongorongo River,Y,129.5
486680,7504287,river,river_cl,Ōrongorongo River,Orongorongo River,Y,129.5
486556,7504163,river,river_cl,Ōrongorongo River,Orongorongo River,Y,128.8
486639,7504247,river,river_cl,Ōrongorongo River,Orongorongo River,Y,128.4
486573,7504177,river,river_cl,Ōrongorongo River,Orongorongo River,Y,127.0
488001,7505186,river,river_cl,Eastern Hutt River,Eastern Hutt River,N,126.7
513294,7508483,river,river_cl,Western Hutt River,Western Hutt River,N,124.3
487971,7505154,river,river_cl,Te Awa Kairangi/Hutt River,Te Awa Kairangi/Hutt River,N,121.9
480818,7396139,river,river_cl,Ōrongorongo River,Orongorongo River,Y,121.3
480802,7396124,river,river_cl,Ōrongorongo River,Orongorongo River,Y,121.2
480775,7396104,river,river_cl,Ōrongorongo River,Orongorongo River,Y,120.7
487860,7504963,river,river_cl,Pākuratahi River,Pakuratahi River,Y,120.2
487994,7505179,river,river_cl,Eastern Hutt River,Eastern Hutt River,N,119.7
488014,7505197,river,river_cl,Eastern Hutt River,Eastern Hutt River,N,119.7
486626,7705528,river,river_cl,Wainuiomata River,Wainuiomata River,N,119.0
486580,7504189,river,river_cl,Ōrongorongo River,Orongorongo River,Y,117.6
487262,7505072,river,river_cl,Akatarawa River West,Akatarawa River West,N,117.5
486876,7504580,river,river_cl,Wainuiomata River East Branch,Wainuiomata River East Branch,N,117.0
480990,7396430,river,river_cl,Ōrongorongo River,Orongorongo River,Y,116.4
481531,7397091,river,river_cl,Akatarawa River,Akatarawa River,N,116.3
487993,7505177,river,river_cl,Eastern Hutt River,Eastern Hutt River,N,116.0
486563,7504173,river,river_cl,Ōrongorongo River,Orongorongo River,Y,115.9
486636,7504244,river,river_cl,Ōrongorongo River,Orongorongo River,Y,114.8
486612,7504222,river,river_cl,Ōrongorongo River,Orongorongo River,Y,114.0
486853,7504555,river,river_cl,Ōrongorongo River,Orongorongo River,Y,113.2
487037,7504868,river,river_cl,Mangaroa River,Mangaroa River,N,111.9
487201,7505011,river,river_cl,Whakatīkei River,Whakatikei River,Y,111.8
486691,7504298,river,river_cl,Ōrongorongo River,Orongorongo River,Y,111.6
486851,7504562,river,river_cl,Ōrongorongo River,Orongorongo River,Y,110.8
487260,7505070,river,river_cl,Akatarawa River West,Akatarawa River West,N,110.4
486664,7504271,river,river_cl,Ōrongorongo River,Orongorongo River,Y,109.8
487242,7505053,river,river_cl,Whakatīkei River,Whakatikei River,Y,108.9
487083,7504907,river,river_cl,Mangaroa River,Mangaroa River,N,107.4
487263,7505073,river,river_cl,Akatarawa River West,Akatarawa River West,N,106.6
513270,7508482,river,river_cl,Western Hutt River,Western Hutt River,N,106.3
487985,7505168,river,river_cl,Western Hutt River,Western Hutt River,N,106.2
486663,7504270,river,river_cl,Ōrongorongo River,Orongorongo River,Y,105.4
488016,7505201,river,river_cl,Eastern Hutt River,Eastern Hutt River,N,103.4
486574,7504179,river,river_cl,Ōrongorongo River,Orongorongo River,Y,102.7
486635,7504243,river,river_cl,Ōrongorongo River,Orongorongo River,Y,102.5
486878,7504584,river,river_cl,Ōrongorongo River,Orongorongo River,Y,102.4
486857,7504560,river,river_cl,Ōrongorongo River,Orongorongo River,Y,101.6
487251,7505060,river,river_cl,Little Akatarawa River,Little Akatarawa River,N,99.6
486584,7504193,river,river_cl,Ōrongorongo River,Orongorongo River,Y,99.5
486796,7504367,river,river_cl,Wainuiomata River,Wainuiomata River,N,99.2
486782,7504352,river,river_cl,Wainuiomata River,Wainuiomata River,N,98.9
486578,7504182,river,river_cl,Ōrongorongo River,Orongorongo River,Y,97.3
486652,7504259,river,river_cl,Ōrongorongo River,Orongorongo River,Y,95.9
486675,7504281,river,river_cl,Ōrongorongo River,Orongorongo River,Y,95.9
486673,7504280,river,river_cl,Ōrongorongo River,Orongorongo River,Y,95.1
486611,7504221,river,river_cl,Ōrongorongo River,Orongorongo River,Y,94.6
486630,7705529,river,river_cl,Wainuiomata River,Wainuiomata River,N,93.2
488000,7505184,river,river_cl,Eastern Hutt River,Eastern Hutt River,N,92.6
486569,7504186,river,river_cl,Wainuiomata River,Wainuiomata River,N,92.0
486617,7504227,river,river_cl,Ōrongorongo River,Orongorongo River,Y,91.8
486692,7504297,river,river_cl,Ōrongorongo River,Orongorongo River,Y,91.4
486795,7504366,river,river_cl,Wainuiomata River,Wainuiomata River,N,90.8
487930,7505118,river,river_cl,Te Awa Kairangi/Hutt River,Te Awa Kairangi/Hutt River,N,90.4
487979,7505162,river,river_cl,Western Hutt River,Western Hutt River,N,88.9
486693,7504300,river,river_cl,Ōrongorongo River,Orongorongo River,Y,88.8
487202,7505012,river,river_cl,Whakatīkei River,Whakatikei River,Y,88.8
486684,7504291,river,river_cl,Ōrongorongo River,Orongorongo River,Y,88.2
513299,7508510,river,river_cl,Western Hutt River,Western Hutt River,N,85.8
487248,7505057,river,river_cl,Akatarawa River West,Akatarawa River West,N,85.5
487223,7505034,river,river_cl,Akatarawa River West,Akatarawa River West,N,83.4
487029,7504860,river,river_cl,Mangaroa River,Mangaroa River,N,83.2
486817,7504524,river,river_cl,Ōrongorongo River,Orongorongo River,Y,82.7
487198,7505008,river,river_cl,Whakatīkei River,Whakatikei River,Y,81.6
487928,7505116,river,river_cl,Te Awa Kairangi/Hutt River,Te Awa Kairangi/Hutt River,N,80.8
486668,7504275,river,river_cl,Ōrongorongo River,Orongorongo River,Y,79.1
486659,7504262,river,river_cl,Ōrongorongo River,Orongorongo River,Y,78.7
487028,7504859,river,river_cl,Mangaroa River,Mangaroa River,N,78.6
487986,7505169,river,river_cl,Western Hutt River,Western Hutt River,N,78.0
486689,7504299,river,river_cl,Ōrongorongo River,Orongorongo River,Y,77.4
486662,7504269,river,river_cl,Ōrongorongo River,Orongorongo River,Y,76.5
486583,7504191,river,river_cl,Ōrongorongo River,Orongorongo River,Y,75.9
486764,7504333,river,river_cl,Wainuiomata River,Wainuiomata River,N,75.7
486830,7504537,river,river_cl,Ōrongorongo River,Orongorongo River,Y,74.9
486621,7504229,river,river_cl,Ōrongorongo River,Orongorongo River,Y,74.5
486567,7504184,river,river_cl,Wainuiomata River,Wainuiomata River,N,74.2
487990,7505174,river,river_cl,Western Hutt River,Western Hutt River,N,74.0
486653,7504261,river,river_cl,Ōrongorongo River,Orongorongo River,Y,73.7
488017,7505202,river,river_cl,Eastern Hutt River,Eastern Hutt River,N,72.9
486855,7504557,river,river_cl,Ōrongorongo River,Orongorongo River,Y,71.6
486666,7504273,river,river_cl,Ōrongorongo River,Orongorongo River,Y,71.5
486831,7504538,river,river_cl,Ōrongorongo River,Orongorongo River,Y,71.4
489983,7508414,river,river_cl,Akatarawa River,Akatarawa River,N,71.1
486881,7504587,river,river_cl,Ōrongorongo River,Orongorongo River,Y,70.9
487078,7504913,river,river_cl,Whakatīkei River,Whakatikei River,Y,70.2
487225,7505036,river,river_cl,Akatarawa River West,Akatarawa River West,N,69.6
486579,7504183,river,river_cl,Ōrongorongo River,Orongorongo River,Y,69.2
487203,7505013,river,river_cl,Whakatīkei River,Whakatikei River,Y,68.4
486558,7504165,river,river_cl,Ōrongorongo River,Orongorongo River,Y,68.2
486786,7504353,river,river_cl,Wainuiomata River,Wainuiomata River,N,68.1
486586,7504196,river,river_cl,Ōrongorongo River,Orongorongo River,Y,67.9
486660,7504264,river,river_cl,Ōrongorongo River,Orongorongo River,Y,67.0
486562,7504170,river,river_cl,Ōrongorongo River,Orongorongo River,Y,66.7
487185,7504994,river,river_cl,Whakatīkei River,Whakatikei River,Y,66.2
486581,7504190,river,river_cl,Ōrongorongo River,Orongorongo River,Y,65.5
486690,7504296,river,river_cl,Ōrongorongo River,Orongorongo River,Y,65.4
487243,7505054,river,river_cl,Whakatīkei River,Whakatikei River,Y,64.5
486622,7504232,river,river_cl,Ōrongorongo River,Orongorongo River,Y,63.7
488008,7505193,river,river_cl,Eastern Hutt River,Eastern Hutt River,N,63.6
487190,7504999,river,river_cl,Whakatīkei River,Whakatikei River,Y,63.4
486582,7504192,river,river_cl,Ōrongorongo River,Orongorongo River,Y,62.5
486665,7504272,river,river_cl,Ōrongorongo River,Orongorongo River,Y,62.5
486554,7504162,river,river_cl,Ōrongorongo River,Orongorongo River,Y,61.9
487264,7505074,river,river_cl,Akatarawa River,Akatarawa River,N,61.8
486864,7504570,river,river_cl,Wainuiomata River West Branch,Wainuiomata River West Branch,N,61.1
487931,7505119,river,river_cl,Te Awa Kairangi/Hutt River,Te Awa Kairangi/Hutt River,N,60.7
486871,7504577,river,river_cl,Wainuiomata River East Branch,Wainuiomata River East Branch,N,59.8
488013,7505195,river,river_cl,Eastern Hutt River,Eastern Hutt River,N,59.6
486670,7504277,river,river_cl,Ōrongorongo River,Orongorongo River,Y,58.2
489970,7508404,river,river_cl,Akatarawa River West,Akatarawa River West,N,58.1
486858,7504559,river,river_cl,Ōrongorongo River,Orongorongo River,Y,56.3
486862,7504568,river,river_cl,Wainuiomata River West Branch,Wainuiomata River West Branch,N,54.2
486590,7504199,river,river_cl,Ōrongorongo River,Orongorongo River,Y,54.0
486587,7504195,river,river_cl,Ōrongorongo River,Orongorongo River,Y,53.2
487257,7505066,river,river_cl,Akatarawa River West,Akatarawa River West,N,53.0
487228,7505038,river,river_cl,Akatarawa River West,Akatarawa River West,N,51.4
487232,7505043,river,river_cl,Akatarawa River,Akatarawa River,N,51.1
486614,7504224,river,river_cl,Ōrongorongo River,Orongorongo River,Y,50.3
486669,7504276,river,river_cl,Ōrongorongo River,Orongorongo River,Y,48.3
487229,7505039,river,river_cl,Akatarawa River West,Akatarawa River West,N,47.4
486576,7504180,river,river_cl,Ōrongorongo River,Orongorongo River,Y,46.5
486566,7504176,river,river_cl,Ōrongorongo River,Orongorongo River,Y,45.4
486879,7504585,river,river_cl,Ōrongorongo River,Orongorongo River,Y,44.5
487204,7505014,river,river_cl,Whakatīkei River,Whakatikei River,Y,44.2
486849,7504373,river,river_cl,Wainuiomata River West Branch,Wainuiomata River West Branch,N,43.2
486577,7504181,river,river_cl,Ōrongorongo River,Orongorongo River,Y,42.8
486633,7504241,river,river_cl,Wainuiomata River,Wainuiomata River,N,42.8
486667,7504274,river,river_cl,Ōrongorongo River,Orongorongo River,Y,42.0
487219,7505030,river,river_cl,Te Awa Kairangi/Hutt River,Te Awa Kairangi/Hutt River,N,39.6
487996,7505181,river,river_cl,Eastern Hutt River,Eastern Hutt River,N,39.0
487030,7504861,river,river_cl,Mangaroa River,Mangaroa River,N,38.6
487079,7504912,river,river_cl,Whakatīkei River,Whakatikei River,Y,38.6
487989,7505172,river,river_cl,Western Hutt River,Western Hutt River,N,38.5
486661,7504265,river,river_cl,Ōrongorongo River,Orongorongo River,Y,38.3
487252,7505062,river,river_cl,Akatarawa River West,Akatarawa River West,N,37.8
486681,7504288,river,river_cl,Ōrongorongo River,Orongorongo River,Y,37.8
487213,7505025,river,river_cl,Akatarawa River,Akatarawa River,N,37.7
486676,7504283,river,river_cl,Ōrongorongo River,Orongorongo River,Y,37.7
487267,7505076,river,river_cl,Akatarawa River,Akatarawa River,N,37.6
486813,7504347,river,river_cl,Ōrongorongo River,Orongorongo River,Y,35.4
486557,7504164,river,river_cl,Ōrongorongo River,Orongorongo River,Y,35.3
486685,7504292,river,river_cl,Ōrongorongo River,Orongorongo River,Y,34.9
486814,7504348,river,river_cl,Ōrongorongo River,Orongorongo River,Y,34.8
486575,7504178,river,river_cl,Ōrongorongo River,Orongorongo River,Y,34.7
487975,7505159,river,river_cl,Te Awa Kairangi/Hutt River,Te Awa Kairangi/Hutt River,N,34.2
486870,7504576,river,river_cl,Wainuiomata River East Branch,Wainuiomata River East Branch,N,33.8
486877,7504583,river,river_cl,Ōrongorongo River,Orongorongo River,Y,33.2
486615,7504225,river,river_cl,Ōrongorongo River,Orongorongo River,Y,31.8
486565,7504175,river,river_cl,Ōrongorongo River,Orongorongo River,Y,29.4
486561,7504169,river,river_cl,Ōrongorongo River,Orongorongo River,Y,28.8
486688,7504294,river,river_cl,Ōrongorongo River,Orongorongo River,Y,26.2
486560,7504168,river,river_cl,Ōrongorongo River,Orongorongo River,Y,25.5
486613,7504223,river,river_cl,Ōrongorongo River,Orongorongo River,Y,24.6
486559,7504166,river,river_cl,Ōrongorongo River,Orongorongo River,Y,24.1
486618,7504228,river,river_cl,Ōrongorongo River,Orongorongo River,Y,23.9
486620,7504231,river,river_cl,Ōrongorongo River,Orongorongo River,Y,23.8
488015,7505198,river,river_cl,Eastern Hutt River,Eastern Hutt River,N,23.5
486686,7504293,river,river_cl,Ōrongorongo River,Orongorongo River,Y,23.2
486624,7705527,river,river_cl,Wainuiomata River,Wainuiomata River,N,22.8
486973,7504713,river,river_cl,Mangaroa River,Mangaroa River,N,22.5
486642,7504250,river,river_cl,Ōrongorongo River,Orongorongo River,Y,21.8
487072,7504903,river,river_cl,Mangaroa River,Mangaroa River,N,21.6
487256,7505065,river,river_cl,Akatarawa River West,Akatarawa River West,N,15.1
487999,7505183,river,river_cl,Eastern Hutt River,Eastern Hutt River,N,13.5
488021,7505207,river,river_cl,Eastern Hutt River,Eastern Hutt River,N,10.9
486820,7504527,river,river_cl,Ōrongorongo River,Orongorongo River,Y,4.3
