claim_id,dwellings,damaged_area_m2,land_rate_incl_gst,wall_face_m2,wall_rate_excl_gst,new_wall_face_m2,new_wall_rate_excl_gst,spoil_m3,liq_cost_excl_gst,site_multiplier,has_damaged_wall,has_new_wall,has_liquefaction,has_crossing,access,earthworks,constructability,lon,lat
0017e6f7-95ee-4d2a-8bff-569d98d70ec8,29,2824.0332,1908.02781,0.0,0.0,0.0,766.6375,0.0,4000.0,0.05,0,0,1,0,M,E,E,174.79877,-41.315823
00191a75-aed6-4265-a79b-faa275f0040c,1,286.0372,1891.519729,0.0,0.0,0.0,766.6375,0.0,1500.0,0.05,0,0,1,0,M,E,E,174.781974,-41.312858
001e2f9c-9846-4a4d-aff2-1de9e7b091c7,1,192.3988,1603.475557,0.0,0.0,0.0,766.6375,0.0,1500.0,0.0,0,0,1,0,E,E,E,174.785665,-41.310831
00224faa-3597-401e-b493-559fc185861b,1,0.0,1142.34953,0.0,0.0,0.0,766.6375,0.0,0.0,0.0,0,0,0,0,E,E,E,174.804041,-41.320762
002e15d9-b27f-4a99-b94d-703b11215eab,3,0.0,816.216729,0.0,0.0,0.0,766.6375,0.0,0.0,0.1,0,0,0,0,E,E,D,174.790461,-41.320087
0035a155-c4d3-4860-80e0-6c17481b3d61,1,0.0,1125.800303,4.679205,1224.08,0.0,766.6375,0.0,0.0,0.0,1,0,0,0,E,E,E,174.780191,-41.32105
003d3c1a-1508-4af9-9994-80fcb20c6db5,1,0.0,991.122512,0.0,0.0,0.0,766.6375,0.0,0.0,0.0,0,0,0,0,E,E,E,174.791828,-41.323279
0055aa62-333d-49e8-8a1b-4277448835ed,5,212.7684,1832.043468,0.0,0.0,0.0,766.6375,0.0,500.0,0.0,0,0,1,0,E,E,E,174.782401,-41.314083
0056ff07-ee70-495f-9a55-26d6aed9bd34,1,0.0,1011.977159,0.0,0.0,0.0,766.6375,0.0,0.0,0.0,0,0,0,0,E,E,E,174.774239,-41.318887
006bb445-5439-42ea-b548-37890d2a9f37,1,265.9492,1898.858421,0.0,0.0,0.0,766.6375,0.0,2500.0,0.05,0,0,1,0,M,E,E,174.798155,-41.318733
00745333-cf86-4178-8cf6-cd6f9d7d5cbd,2,0.0,990.554977,15.245824,798.8,0.0,766.6375,0.0,0.0,0.05,1,0,0,0,E,E,M,174.786084,-41.314107
0078e0fc-2637-4256-9eb7-fbcc31d32e82,204,9455.3755,1914.25568,0.0,0.0,0.0,766.6375,0.0,1500.0,0.05,0,0,1,0,M,E,E,174.797312,-41.320746
007dffa2-4fe6-481f-8915-03b58be4847f,78,0.0,1733.759513,0.0,0.0,0.0,766.6375,0.0,0.0,0.15,0,0,0,0,D,E,M,174.77707,-41.315909
009a277d-d7c4-4b58-8d6b-05d62d18cb1b,8,1063.7888,1589.174026,0.0,0.0,0.0,766.6375,0.0,4000.0,0.05,0,0,1,0,M,E,E,174.773689,-41.319588
00a13e09-7124-4c6b-91fc-d984956f9438,1,382.5228,1863.010569,0.0,0.0,0.0,766.6375,0.0,500.0,0.05,0,0,1,0,M,E,E,174.774154,-41.320472
00a83d76-9c9c-4d92-8d56-b16f1336cabb,1,0.0,909.012467,16.982664,643.19,0.0,766.6375,0.0,0.0,0.1,1,0,0,0,E,E,D,174.788437,-41.322848
00ac4d7e-2245-4bfa-b36a-ef65994b6d02,80,2098.3019,1603.806741,0.0,0.0,0.0,766.6375,0.0,1500.0,0.0,0,0,1,0,E,E,E,174.775671,-41.320418
00b30852-560a-437d-80fa-4ea99252c9bd,1,0.0,973.098993,0.0,0.0,0.0,766.6375,0.0,0.0,0.05,0,0,0,0,E,E,M,174.792415,-41.316641
00b974d4-46b6-4b95-af89-c9ee9a64e2f0,1,199.3374,1443.778105,0.0,0.0,0.0,766.6375,0.0,500.0,0.0,0,0,1,0,E,E,E,174.775241,-41.310085
00d77ac6-dd09-4ac8-b579-63fc9a08a5e3,62,0.0,1653.700708,0.0,0.0,0.0,766.6375,0.0,0.0,0.05,0,0,0,0,E,E,M,174.774522,-41.319986
00fc63fa-64de-4b7e-ae33-4c6b1d52eda6,1,351.0796,1711.521711,0.0,0.0,0.0,766.6375,0.0,1500.0,0.05,0,0,1,0,M,E,E,174.793825,-41.324795
00ffe249-5edc-4469-92f3-ff5339ea7ebf,32,3311.1432,1860.586063,0.0,0.0,0.0,766.6375,0.0,500.0,0.1,0,0,1,0,D,E,E,174.782844,-41.312048
010de096-719e-4a30-88c7-bb2536becaa6,2,0.0,1736.885685,0.0,0.0,0.0,766.6375,0.0,0.0,0.0,0,0,0,0,E,E,E,174.778675,-41.311224
0120d782-7901-4838-9ae8-012ec8626771,2,0.0,1691.829478,0.0,0.0,0.0,766.6375,0.0,200.0,0.0,0,0,1,0,E,E,E,174.78272,-41.319256
012c131a-dea5-4ece-8e66-1e6f0f73959e,1,0.0,1982.685871,0.0,0.0,0.0,766.6375,0.0,200.0,0.05,0,0,1,0,M,E,E,174.778421,-41.318514
013e2470-1f18-4ba8-bb26-de64e222bd9e,1,348.4258,1491.214217,0.0,0.0,0.0,766.6375,0.0,500.0,0.0,0,0,1,0,E,E,E,174.791981,-41.309499
013e95bf-9010-48c0-9d74-cd5410631188,49,0.0,1373.345098,0.0,0.0,0.0,766.6375,0.0,0.0,0.0,0,0,0,0,E,E,E,174.794094,-41.3182
014b0c5d-7336-4a78-9001-5cc20f3c6236,1,443.0399,1863.936241,0.0,0.0,0.0,766.6375,0.0,2500.0,0.1,0,0,1,0,M,E,M,174.773487,-41.32263
015ac9d8-763d-4df5-b585-423b129c132f,1,0.0,1772.05681,0.0,0.0,0.0,766.6375,0.0,200.0,0.05,0,0,1,0,M,E,E,174.793833,-41.324126
0160f214-7481-45ec-b68b-25aafb7ea6a6,32,5125.2597,1305.864358,0.0,0.0,0.0,766.6375,0.0,1500.0,0.15,0,0,1,0,D,E,M,174.792179,-41.313737
01798289-a827-4429-83fb-9779d8f74842,1,247.5364,1903.102729,0.0,0.0,0.0,766.6375,0.0,500.0,0.05,0,0,1,0,M,E,E,174.799194,-41.319219
017cdab6-2831-49b3-90ff-d2081eb90e87,1,133.9137,1022.249781,0.0,0.0,0.0,766.6375,0.0,1500.0,0.0,0,0,1,0,E,E,E,174.774903,-41.322536
018d3ae8-debe-4c14-8b06-2870c121761e,1,0.0,1128.481597,0.0,0.0,0.0,766.6375,0.0,0.0,0.0,0,0,0,0,E,E,E,174.774784,-41.324293
0193335e-e8d7-4b28-918a-4bb005ed744a,1,298.8925,2111.101196,0.0,0.0,0.0,766.6375,0.0,1500.0,0.0,0,0,1,0,E,E,E,174.778312,-41.323623
0195e45b-ace1-4635-9714-639e2d215e55,1,209.8923,1760.481543,0.0,0.0,0.0,766.6375,0.0,1500.0,0.0,0,0,1,0,E,E,E,174.781837,-41.317222
01a22601-12a1-44b2-afc1-dcef20b2f7a4,35,1798.6348,1602.442088,0.0,0.0,0.0,766.6375,0.0,500.0,0.05,0,0,1,0,E,E,M,174.781641,-41.316088
01b4d137-3ac2-408b-9de3-c572fc374ef4,1,472.2459,1669.724653,19.014817,879.87,0.0,766.6375,0.0,500.0,0.05,1,0,1,0,E,E,M,174.782059,-41.311292
01bfcbc4-189f-4d9d-ab12-78c803c908a2,1,351.4618,1726.55234,0.0,0.0,0.0,766.6375,0.0,1500.0,0.0,0,0,1,0,E,E,E,174.793829,-41.324471
01dc54ba-d152-41ad-9d5a-c0456ccee952,10,0.0,1740.044321,0.0,0.0,0.0,766.6375,0.0,0.0,0.05,0,0,0,0,M,E,E,174.774721,-41.3248
01f10eda-7ec1-4cbd-852d-fc471e1260a1,1,199.4577,1552.382228,0.0,0.0,0.0,766.6375,0.0,1500.0,0.0,0,0,1,0,E,E,E,174.779661,-41.322732
01f4c88f-c20c-48a2-a1e1-c3994510daa1,1,0.0,981.001951,0.0,0.0,0.0,766.6375,0.0,0.0,0.05,0,0,0,0,E,E,M,174.775383,-41.312565
01f97a58-c26c-468a-b02f-b75858b5575b,2,0.0,1496.917094,0.0,0.0,0.0,766.6375,0.0,0.0,0.05,0,0,0,0,E,E,M,174.777329,-41.312579
020bec09-5144-4009-ba86-8fc88fff15e8,1,586.9446,1924.331232,0.0,0.0,0.0,766.6375,0.0,2500.0,0.05,0,0,1,0,M,E,E,174.798404,-41.317793
0215e2db-f277-44a4-a667-19452391ed61,2,312.8222,1713.372155,0.0,0.0,0.0,766.6375,0.0,500.0,0.0,0,0,1,0,E,E,E,174.781823,-41.312288
0243d80e-0dc7-4ca2-bc51-f51543b0150f,1,0.0,1910.526745,0.0,0.0,0.0,766.6375,0.0,200.0,0.0,0,0,1,0,E,E,E,174.79674,-41.323123
025ae5d7-1b0d-4276-83e1-11b31af07cf1,1,0.0,1583.40038,0.0,0.0,0.0,766.6375,0.0,0.0,0.0,0,0,0,0,E,E,E,174.786899,-41.310661
026b63ad-7872-4195-bb58-96c007a3e0bc,1,449.6351,1935.042901,0.0,0.0,0.0,766.6375,0.0,500.0,0.0,0,0,1,0,E,E,E,174.798891,-41.320506
0274c54e-9433-4814-b7b6-622a2cb5a32a,2,0.0,1682.572089,0.0,0.0,0.0,766.6375,0.0,200.0,0.0,0,0,1,0,E,E,E,174.78298,-41.319192
02788e53-8f18-4252-919f-b6ccb1e8d7d6,1,0.0,908.880319,28.035176,1224.08,0.0,766.6375,0.0,0.0,0.1,1,0,0,0,E,E,D,174.789808,-41.320201
02844033-fb54-4667-b5ca-f388dfe7663f,7,507.0956,1783.68129,0.0,0.0,0.0,766.6375,0.0,4000.0,0.0,0,0,1,0,E,E,E,174.779794,-41.312668
02927ece-e339-4b28-bc02-acd23d4f3ec3,1,390.5465,1915.445762,0.0,0.0,0.0,766.6375,0.0,1500.0,0.05,0,0,1,0,M,E,E,174.798479,-41.318191
02a266ef-3a52-4444-b6e0-e4ff5167f632,1,321.932,1999.675342,0.0,0.0,0.0,766.6375,0.0,1500.0,0.0,0,0,1,0,E,E,E,174.780221,-41.319
02a93c7b-d5be-4814-be43-5cd06ec928a8,1,0.0,2051.64843,0.0,0.0,0.0,766.6375,0.0,0.0,0.05,0,0,0,0,M,E,E,174.776415,-41.311042
02c138ab-45fa-49a8-90ac-e7873172df1b,1,240.5155,2089.29887,0.0,0.0,0.0,766.6375,0.0,1500.0,0.0,0,0,1,0,E,E,E,174.772347,-41.321786
02c72dac-ab14-489e-b6b4-6de435a6d5c9,1,0.0,1506.481551,17.000786,879.87,0.0,766.6375,0.0,0.0,0.15,1,0,0,0,M,E,D,174.775738,-41.312991
02d672fd-0ee8-4e6a-9e86-e092694dc40f,2,249.6514,1511.334324,0.0,0.0,0.0,766.6375,0.0,500.0,0.0,0,0,1,0,E,E,E,174.775002,-41.320793
02e1b503-0848-41bf-9243-d1a1150eb351,1,0.0,1934.237158,0.0,0.0,0.0,766.6375,0.0,200.0,0.05,0,0,1,0,M,E,E,174.799245,-41.323702
0309c705-854f-4cee-843e-735147a68bed,1,0.0,1022.901453,0.0,0.0,0.0,766.6375,0.0,0.0,0.05,0,0,0,0,E,E,M,174.78636,-41.313116
0317e709-11e5-4523-b514-9c8c4712a29a,1,1694.1748,1932.869505,0.0,0.0,0.0,766.6375,0.0,1500.0,0.0,0,0,1,0,E,E,E,174.802628,-41.324661
03197314-7a0c-4a3d-a7e0-d89245d25379,1,0.0,803.865111,0.0,0.0,0.0,766.6375,0.0,0.0,0.1,0,0,0,0,E,E,D,174.792797,-41.322131
03243698-c5c2-4fc7-bc58-b57105d3096f,3,0.0,1525.753835,0.0,0.0,0.0,766.6375,0.0,200.0,0.05,0,0,1,0,M,E,E,174.791288,-41.310503
032e901d-ffa1-425b-a0eb-0e1e084182fa,1,524.612,1863.899725,0.0,0.0,0.0,766.6375,0.0,500.0,0.0,0,0,1,0,E,E,E,174.795391,-41.317816
0332a852-a121-46ac-9e0f-a8637ce9ccbd,12,3937.7636,1839.64186,0.0,0.0,0.0,766.6375,0.0,500.0,0.1,0,0,1,0,D,E,E,174.803784,-41.317876
0335dacf-96b9-4209-b500-1197a96437c2,70,0.0,1552.638018,0.0,0.0,0.0,766.6375,0.0,0.0,0.0,0,0,0,0,E,E,E,174.778638,-41.310586
033e376f-1a25-497c-a108-3fc470debf7c,5,0.0,934.899371,0.0,0.0,0.0,766.6375,0.0,0.0,0.05,0,0,0,0,E,E,M,174.786728,-41.314169
0349e025-b524-4cec-8911-596902c4771a,5,0.0,1771.748838,0.0,0.0,0.0,766.6375,0.0,200.0,0.05,0,0,1,0,M,E,E,174.783545,-41.312916
0360e9a6-953d-4921-b229-3381d477a3d3,2,0.0,1517.164842,0.0,0.0,0.0,766.6375,0.0,0.0,0.0,0,0,0,0,E,E,E,174.776565,-41.319019
038e03b0-f790-4af3-9fda-ac8e9ae03810,4,0.0,1831.092229,0.0,0.0,0.0,766.6375,0.0,0.0,0.05,0,0,0,0,M,E,E,174.801994,-41.320824
03b27e89-b1bb-4812-97ac-a20bee4c0617,4,0.0,1714.572401,46.008351,798.8,0.0,766.6375,0.0,200.0,0.1,1,0,1,0,D,E,E,174.778589,-41.315224
03bbfd60-2327-4f7a-8ec2-eb8b598cd385,3,105.3978,1680.317098,0.0,0.0,0.0,766.6375,0.0,500.0,0.0,0,0,1,0,E,E,E,174.775113,-41.320001
03c9559c-e09f-4e2e-8237-5896946b5b7e,1,0.0,991.794348,0.0,0.0,0.0,766.6375,0.0,0.0,0.0,0,0,0,0,E,E,E,174.775417,-41.322978
03dc0301-b79a-4927-9dc7-cd7e95fc9aaf,1,3.9943,906.915373,11.04794,798.8,0.0,766.6375,1.884367,0.0,0.05,1,0,0,0,E,E,M,174.79165,-41.318847
03dc32c4-8c37-4985-80d4-4b656819a07c,4,656.2759,1414.622079,0.0,0.0,0.0,766.6375,0.0,500.0,0.05,0,0,1,0,M,E,E,174.77924,-41.314899
03df3fc5-941c-4955-917a-1e5508d2e6a5,2,0.0,860.310817,18.920942,744.69,0.0,766.6375,0.0,0.0,0.1,1,0,0,0,E,E,D,174.778124,-41.313201
03e2bb3a-5b06-4819-90f1-ddc88b65225b,1,0.0,1684.767698,0.0,0.0,0.0,766.6375,0.0,200.0,0.0,0,0,1,0,E,E,E,174.783246,-41.31915
03fe3d0a-a549-41fb-8b0b-57ea760e59e4,10,0.0,1603.421769,0.0,0.0,0.0,766.6375,0.0,200.0,0.2,0,0,1,0,D,E,D,174.783222,-41.311451
041432a9-2777-4953-a0a3-2db018c8ef70,1,111.3839,1752.189622,0.0,0.0,0.0,766.6375,0.0,500.0,0.0,0,0,1,0,E,E,E,174.779629,-41.313904
0415b114-16bd-4378-96b8-dd58162a3b6c,3,0.0,953.829675,0.0,0.0,0.0,766.6375,0.0,0.0,0.1,0,0,0,0,M,E,M,174.786141,-41.317577
04192406-3693-472e-aa5e-7f554b2cc883,1,0.0,1851.695873,0.0,0.0,0.0,766.6375,0.0,200.0,0.05,0,0,1,0,M,E,E,174.794983,-41.323603
0420f21e-fd35-4565-9b12-6e542d53de61,1,285.161,1627.623299,6.332517,1224.08,0.0,766.6375,0.0,500.0,0.0,1,0,1,0,E,E,E,174.784555,-41.310519
04229536-41e1-494c-93a8-bfc667a8b1e9,1,636.1684,1897.342,0.0,0.0,0.0,766.6375,0.0,1500.0,0.0,0,0,1,0,E,E,E,174.796196,-41.315188
042aa65e-82a0-401a-bb16-2b900ea2ee3c,2,398.0844,1874.256539,0.0,0.0,0.0,766.6375,0.0,500.0,0.0,0,0,1,0,E,E,E,174.798631,-41.32251
042c8433-3507-4814-9cf0-636b448aaedb,6,0.0,1980.247351,0.0,0.0,0.0,766.6375,0.0,200.0,0.05,0,0,1,0,M,E,E,174.79835,-41.324251
042c85fe-d27b-4e4c-bd0d-81e4c943ed82,1,5386.8652,1909.304348,0.0,0.0,0.0,766.6375,0.0,1500.0,0.05,0,0,1,0,M,E,E,174.800507,-41.317193
04300f5f-b5f5-4b21-88f2-0d1f77944378,36,4535.0278,1540.293863,0.0,0.0,0.0,766.6375,0.0,1500.0,0.2,0,0,1,0,D,E,D,174.782142,-41.317967
044a33db-c3a4-4246-857f-99e1c27bc6a1,23,0.0,1825.768716,0.0,0.0,0.0,766.6375,0.0,200.0,0.0,0,0,1,0,E,E,E,174.805334,-41.317975
045d8f13-05fd-4f3e-ac03-e498dc59de50,5,0.0,1752.664643,0.0,0.0,0.0,766.6375,0.0,200.0,0.05,0,0,1,0,M,E,E,174.78366,-41.313524
045ff706-a446-4b88-80df-a9f86fbbac8e,1,0.0,1659.488079,0.0,0.0,0.0,766.6375,0.0,0.0,0.05,0,0,0,0,M,E,E,174.779256,-41.321727
04788f56-afce-480f-8a28-8baf1ff86121,1,0.0,1832.268498,0.0,0.0,0.0,766.6375,0.0,200.0,0.0,0,0,1,0,E,E,E,174.801246,-41.319793
047e86c6-8e85-4145-9ffa-2cc0d824ffe6,1,0.0,1705.806529,0.0,0.0,0.0,766.6375,0.0,200.0,0.0,0,0,1,0,E,E,E,174.792469,-41.314828
04859a58-c394-47ce-b0e7-01937c7744b1,1,213.5793,1678.995341,0.0,0.0,0.0,766.6375,0.0,1500.0,0.0,0,0,1,0,E,E,E,174.785436,-41.310399
04b94ce5-8477-41e5-9239-74c364bd5dec,1,314.6398,1694.197316,0.0,0.0,0.0,766.6375,0.0,500.0,0.0,0,0,1,0,E,E,E,174.774006,-41.320863
04c185d3-b6de-4b3c-b229-7eb2c743a049,1,0.0,904.945611,0.0,0.0,0.0,766.6375,0.0,0.0,0.1,0,0,0,0,E,E,D,174.803843,-41.31909
04cb08fa-85bf-4863-8616-335e0937615e,1,464.8101,1368.0918,0.0,0.0,0.0,766.6375,0.0,500.0,0.1,0,0,1,0,M,E,M,174.778867,-41.31579
04e10256-96f8-4f08-923e-0047f321e47b,2,0.0,1003.067165,0.0,0.0,0.0,766.6375,0.0,0.0,0.1,0,0,0,0,M,E,M,174.804072,-41.319669
04f88cfa-4c16-453b-ac48-eea27471ee61,7,0.0,1756.359311,0.0,0.0,0.0,766.6375,0.0,200.0,0.1,0,0,1,0,D,E,E,174.794791,-41.321992
04fe112c-9eeb-4ff3-974c-59c019588a33,1,0.0,1559.245357,0.0,0.0,0.0,766.6375,0.0,200.0,0.0,0,0,1,0,E,E,E,174.778309,-41.32058
051c93b4-4115-4978-9cbc-36d4768657eb,3,0.0,1693.826366,0.0,0.0,0.0,766.6375,0.0,200.0,0.0,0,0,1,0,E,E,E,174.792725,-41.315064
051efa0f-e0e4-47e3-b554-212c717a91e7,1,223.6488,1749.788534,0.0,0.0,0.0,766.6375,0.0,500.0,0.0,0,0,1,0,E,E,E,174.783567,-41.312246
0543bcb6-69ba-413d-84e6-9d1d3da7f694,1,0.0,1507.75664,0.0,0.0,0.0,766.6375,0.0,200.0,0.0,0,0,1,0,E,E,E,174.785356,-41.312273
054abbf5-f57e-4cda-bdd7-6be1c25f7b41,1,0.0,1014.570832,0.0,0.0,0.0,766.6375,0.0,0.0,0.0,0,0,0,0,E,E,E,174.776468,-41.31899
05544a71-47ad-479c-b2b6-1f7adecfce1f,1,0.0,1665.250385,0.0,0.0,0.0,766.6375,0.0,200.0,0.05,0,0,1,0,M,E,E,174.785816,-41.312206
0562305c-4ccd-42c8-bfb7-b149b2e9dc4f,5,60.8825,1695.771423,0.0,0.0,0.0,766.6375,0.0,4000.0,0.0,0,0,1,0,E,E,E,174.779066,-41.312479
05681ab1-e9ae-4d9d-84bf-3550e4cc1c21,1,0.0,1060.376188,0.0,0.0,0.0,766.6375,0.0,0.0,0.0,0,0,0,0,E,E,E,174.785161,-41.316095
056989d8-071f-439d-b881-dbae54cc1e50,1,0.0,1792.997302,0.0,0.0,0.0,766.6375,0.0,200.0,0.0,0,0,1,0,E,E,E,174.777895,-41.315055
058626a0-c222-4d13-b676-719a0de233dc,1,264.7197,1989.482046,0.0,0.0,0.0,766.6375,0.0,500.0,0.0,0,0,1,0,E,E,E,174.778016,-41.321608
058b34e0-7dbf-4728-b202-2a4df3b0344f,4,420.6003,1771.367058,0.0,0.0,0.0,766.6375,0.0,4000.0,0.05,0,0,1,0,M,E,E,174.783028,-41.314366
059853d3-2882-4cf9-a3fd-53cfc12ecd52,1,85.5948,1899.633236,0.0,0.0,0.0,766.6375,0.0,1500.0,0.0,0,0,1,0,E,E,E,174.79676,-41.316954
05b0b328-c6f0-425f-949a-07fae49573f0,1,290.9913,1653.463726,0.0,0.0,0.0,766.6375,0.0,1500.0,0.0,0,0,1,0,E,E,E,174.781875,-41.317608
05b73404-878f-4dab-8a0c-6c30c905f182,1,0.0,1450.065389,0.0,0.0,0.0,766.6375,0.0,0.0,0.1,0,0,0,0,D,E,E,174.778123,-41.311488
05c0b1da-056f-47ef-92b5-7308d63aca5b,1,0.0,1019.075859,0.0,0.0,0.0,766.6375,0.0,0.0,0.0,0,0,0,0,E,E,E,174.790995,-41.316261
05c227bd-9873-4c1b-a543-312b5ce91ad3,1,0.0,2059.211611,0.0,0.0,0.0,766.6375,0.0,0.0,0.0,0,0,0,0,E,E,E,174.777518,-41.321785
05d8aa5c-d5ad-41c0-b019-9fd54ccc424a,1,0.0,1084.046434,0.0,0.0,0.0,766.6375,0.0,0.0,0.0,0,0,0,0,E,E,E,174.774937,-41.314146
05f7274e-3f3b-48c2-aff6-f81b4d326494,1,404.3819,1649.080746,0.0,0.0,0.0,766.6375,0.0,1500.0,0.0,0,0,1,0,E,E,E,174.782705,-41.318745
060defa1-02f3-4981-b83d-f538154f8ba8,1,0.0,1765.815505,0.0,0.0,0.0,766.6375,0.0,0.0,0.0,0,0,0,0,E,E,E,174.776768,-41.32264
06109b59-4769-489b-9b83-0c30266b6782,1,0.0,1935.941998,0.0,0.0,0.0,766.6375,0.0,200.0,0.0,0,0,1,0,E,E,E,174.796853,-41.322753
06123cf5-f474-4fb7-a852-c17de80b51fe,1,0.0,1083.200729,0.0,0.0,0.0,766.6375,0.0,0.0,0.0,0,0,0,0,E,E,E,174.776668,-41.321728
06156ba0-d311-4dc0-bb69-2df47f35f0c8,14,0.0,1550.01103,0.0,0.0,0.0,766.6375,0.0,200.0,0.05,0,0,1,0,M,E,E,174.779668,-41.316088
0617a1c0-18ce-460c-b1b6-db9575c52862,1,0.0,1686.873483,0.0,0.0,0.0,766.6375,0.0,200.0,0.0,0,0,1,0,E,E,E,174.783832,-41.315789
061985f8-2d6a-44b4-93d0-a60928ea11c7,1,300.0429,1786.522981,0.0,0.0,0.0,766.6375,0.0,1500.0,0.0,0,0,1,0,E,E,E,174.784603,-41.314406
061dcef2-f993-4ad5-97b4-9acadcbc6c31,1,0.0,910.988116,26.88162,744.69,0.0,766.6375,0.0,0.0,0.1,1,0,0,0,E,E,D,174.790053,-41.319984
06222b21-5aa0-448f-ac43-63a0a3e98e7b,2,312.4727,2043.298567,6.628836,1224.08,0.0,766.6375,0.0,1500.0,0.0,1,0,1,0,E,E,E,174.779807,-41.320363
062e3e85-cdd9-4aca-bc48-58910b9e118e,1,0.0,897.370211,26.316183,744.69,0.0,766.6375,0.0,0.0,0.1,1,0,0,0,E,E,D,174.789868,-41.320727
062f5280-0894-4639-a6d3-4cc9c31f08e6,30,0.0,2057.034916,0.0,0.0,0.0,766.6375,0.0,0.0,0.1,0,0,0,0,D,E,E,174.776307,-41.315623
0643e54f-7d5c-4421-bea2-a24bc2ca1449,1,593.412,1054.034174,0.0,0.0,0.0,766.6375,0.0,500.0,0.0,0,0,1,0,E,E,E,174.791025,-41.312094
06603649-67bb-4956-b903-57ce13d66047,1,0.0,844.480576,0.0,0.0,0.0,766.6375,0.0,0.0,0.2,0,0,0,0,D,E,D,174.791384,-41.319716
067190df-6fdd-4ae1-aa99-ca5cb31a2f04,1,621.7276,1703.172369,0.0,0.0,0.0,766.6375,0.0,1500.0,0.05,0,0,1,0,M,E,E,174.792592,-41.312288
06728275-3b00-4468-9120-193e42964034,1,0.0,1403.136812,0.0,0.0,0.0,766.6375,0.0,0.0,0.0,0,0,0,0,E,E,E,174.773994,-41.323129
0673bed3-90c8-4d4a-b6e1-ba8ec616ce8a,1,277.3902,1639.886288,0.0,0.0,0.0,766.6375,0.0,500.0,0.0,0,0,1,0,E,E,E,174.784446,-41.310527
067fd160-fb6b-4fab-bca9-afbaf43479a3,1,255.0772,1840.746676,0.0,0.0,0.0,766.6375,0.0,500.0,0.0,0,0,1,0,E,E,E,174.794744,-41.317082
06838c17-726a-450d-aeaa-135b9259cb46,2,0.0,1790.844903,0.0,0.0,0.0,766.6375,0.0,200.0,0.0,0,0,1,0,E,E,E,174.783201,-41.31267
0687bfee-8e88-41fb-97e7-caccdb1cb88c,3,0.0,890.37012,24.528717,643.19,0.0,766.6375,0.0,0.0,0.1,1,0,0,0,E,E,D,174.789675,-41.321991
0688cd49-acce-4bbe-87f8-c575e2c32d51,1,0.0,898.54046,0.0,0.0,0.0,766.6375,0.0,0.0,0.1,0,0,0,0,E,E,D,174.791703,-41.322091
06953c1e-a185-4880-a3e8-203ab7d4220a,5,31.5619,1215.255114,0.0,0.0,20.903826,766.6375,7.050431,200.0,0.2,0,1,1,0,D,E,D,174.782919,-41.319605
06ac7935-0c84-416e-ac98-cb878e2ac8df,5,1352.0963,1841.037936,0.0,0.0,0.0,766.6375,0.0,500.0,0.0,0,0,1,0,E,E,E,174.781908,-41.313723
06ad052a-6bd1-42f8-805c-81cb258121f8,1,0.0,1022.921253,30.874679,1224.08,0.0,766.6375,0.0,0.0,0.05,1,0,0,0,M,E,E,174.790616,-41.317368
06aee659-47d2-41dd-af6a-8b8faf658096,1,0.0,1002.240419,0.0,0.0,0.0,766.6375,0.0,0.0,0.1,0,0,0,0,M,E,M,174.785323,-41.314799
06b00db9-3b6b-4c71-91b3-1c982f3cb3e7,1,0.0,1843.617639,0.0,0.0,0.0,766.6375,0.0,200.0,0.0,0,0,1,0,E,E,E,174.7956,-41.323888
06be9bd7-dcb9-4cba-b9b9-dbd081c061a7,1,119.6319,1469.543185,0.0,0.0,0.0,766.6375,0.0,1500.0,0.0,0,0,1,0,E,E,E,174.776412,-41.320027
06c30936-bf2d-4d2b-976c-fbc86428ed70,43,0.0,1778.57675,0.0,0.0,0.0,766.6375,0.0,200.0,0.0,0,0,1,0,E,E,E,174.780944,-41.313865
06da1d6a-75bd-4345-ad10-22103da0b2b4,1,0.0,966.728938,0.0,0.0,0.0,766.6375,0.0,0.0,0.05,0,0,0,0,E,E,M,174.792316,-41.320799
06dfd6ff-a8f5-4876-ac72-691df27c4cfa,1,0.0,1360.527635,0.0,0.0,0.0,766.6375,0.0,200.0,0.1,0,0,1,0,M,E,M,174.779146,-41.323109
0702d682-45cc-4ff4-9d11-9e9461138191,1,0.0,1739.017078,0.0,0.0,0.0,766.6375,0.0,200.0,0.0,0,0,1,0,E,E,E,174.783653,-41.311223
070884d1-fe59-4cfe-9917-cb8c36b1696d,4,0.0,993.16877,15.212587,1224.08,0.0,766.6375,0.0,0.0,0.1,1,0,0,0,E,E,D,174.787198,-41.315741
07150a86-1403-405c-a570-e3f0a3b411da,1,364.6539,1587.076908,0.0,0.0,0.0,766.6375,0.0,1500.0,0.0,0,0,1,0,E,E,E,174.794178,-41.322417
071620e0-d56d-422d-8437-a5019176ff3e,1,267.495,1597.446763,0.0,0.0,0.0,766.6375,0.0,500.0,0.05,0,0,1,0,M,E,E,174.779745,-41.322149
073c0e3d-067a-487a-9c27-554948cd1e14,1,452.739,1837.118936,0.0,0.0,0.0,766.6375,0.0,500.0,0.05,0,0,1,0,M,E,E,174.794643,-41.317079
07448757-4b66-4823-b45b-7d64668903bd,1,0.0,1553.942552,14.356455,879.87,0.0,766.6375,0.0,0.0,0.0,1,0,0,0,E,E,E,174.784642,-41.31659
074ab34b-289a-4e63-8144-807c213d480b,4,0.0,1007.129644,0.0,0.0,0.0,766.6375,0.0,0.0,0.05,0,0,0,0,M,E,E,174.775176,-41.311105
074bb981-0143-4847-89ee-7b3e2a365900,2,0.0,1019.829344,0.0,0.0,0.0,766.6375,0.0,0.0,0.05,0,0,0,0,M,E,E,174.785311,-41.314891
074f46ae-3f7c-40b3-bd49-c06196e53ab7,1,567.4145,1899.730053,0.0,0.0,0.0,766.6375,0.0,1500.0,0.05,0,0,1,0,M,E,E,174.799137,-41.318273
075a9146-44ce-4c75-a334-aa8ada8fd97d,1,0.0,960.745222,18.344312,1224.08,0.0,766.6375,0.0,0.0,0.05,1,0,0,0,E,E,M,174.775348,-41.312805
07628877-8dfd-4fb7-bf15-cc8cb0506c14,1,292.5874,1540.323831,0.0,0.0,0.0,766.6375,0.0,1500.0,0.0,0,0,1,0,E,E,E,174.785292,-41.310786
076e40b2-a2c5-4a9d-a037-edf058516282,1,0.0,956.756965,0.0,0.0,0.0,766.6375,0.0,0.0,0.05,0,0,0,0,E,E,M,174.776392,-41.318984
0788c1c5-fe58-48a8-9189-46e1e380f83f,1,296.6869,1670.363665,0.0,0.0,0.0,766.6375,0.0,1500.0,0.0,0,0,1,0,E,E,E,174.792591,-41.313745
078eb870-46f9-4898-b632-76cd1eac5031,1,0.0,1000.43858,0.0,0.0,0.0,766.6375,0.0,0.0,0.1,0,0,0,0,M,E,M,174.79161,-41.322493
0798182c-b2bd-4aca-aed8-6bfcd57e2009,1,145.6366,1614.554718,0.0,0.0,0.0,766.6375,0.0,1500.0,0.0,0,0,1,0,E,E,E,174.784979,-41.311457
0799101f-ead1-4e2b-a591-197d4b23b9a1,1,0.0,1023.894196,0.0,0.0,0.0,766.6375,0.0,0.0,0.0,0,0,0,0,E,E,E,174.775418,-41.312293
07aa2f4c-f613-4fed-ae5f-1fe95abebc39,1,0.0,1080.218871,0.0,0.0,0.0,766.6375,0.0,0.0,0.05,0,0,0,0,E,E,M,174.788258,-41.321196
07b31645-502e-4d9f-a877-861f8f09184a,1,171.8307,2073.15425,0.0,0.0,0.0,766.6375,0.0,1500.0,0.0,0,0,1,0,E,E,E,174.779349,-41.320121
07bf14ad-fb12-46a0-bc87-cd3788103db5,1,257.4299,1868.595317,6.016733,1224.08,0.0,766.6375,0.0,500.0,0.0,1,0,1,0,E,E,E,174.772318,-41.322157
07c2e883-1c6e-47d8-ab54-6e574859c6fa,1,97.1331,1200.83236,0.0,0.0,0.0,766.6375,0.0,500.0,0.05,0,0,1,0,E,E,M,174.779291,-41.322073
07c9e85b-0616-4d74-96e0-f09ed74843b8,2,0.0,1794.344232,0.0,0.0,0.0,766.6375,0.0,200.0,0.05,0,0,1,0,M,E,E,174.805638,-41.31836
07d4f2c3-9d50-45f4-935e-2b29b8bb5a07,47,9245.6294,1885.738525,0.0,0.0,0.0,766.6375,0.0,500.0,0.1,0,0,1,0,D,E,E,174.798562,-41.316816
07e3c841-4c89-4800-b2bb-59b2f4d86aba,3,0.0,1624.870044,0.0,0.0,0.0,766.6375,0.0,0.0,0.0,0,0,0,0,E,E,E,174.775045,-41.319859
07ea7a10-09bd-467b-96cf-4ed66a20c383,1,325.0691,1745.905131,0.0,0.0,0.0,766.6375,0.0,2500.0,0.0,0,0,1,0,E,E,E,174.804057,-41.322354
07f83531-c928-490f-9c81-a45a32d6ecaf,1,0.0,1713.374363,0.0,0.0,0.0,766.6375,0.0,0.0,0.0,0,0,0,0,E,E,E,174.775034,-41.313561
07fb02f2-d057-4818-a621-813e3ee038a7,13,860.9771,2207.615631,0.0,0.0,0.0,766.6375,0.0,500.0,0.0,0,0,1,0,E,E,E,174.778981,-41.319077
0806f981-c4b7-484c-9ce9-da637aa967dc,1,270.2014,1688.017294,0.0,0.0,0.0,766.6375,0.0,500.0,0.05,0,0,1,0,M,E,E,174.781477,-41.318199
080c3454-8650-4f69-86cb-f807f75fe200,3,0.0,1746.988344,0.0,0.0,0.0,766.6375,0.0,200.0,0.0,0,0,1,0,E,E,E,174.781355,-41.316443
0814ad25-5a9b-4f17-a039-5a5976909666,1,0.0,1487.705746,0.0,0.0,0.0,766.6375,0.0,0.0,0.0,0,0,0,0,E,E,E,174.773829,-41.323867
081f2343-3b9e-48da-9249-9b6a19abdfa5,1,0.0,923.313452,0.0,0.0,0.0,766.6375,0.0,0.0,0.05,0,0,0,0,E,E,M,174.775378,-41.323597
0827f7e4-5bea-4a67-af5d-e107f693cf63,4,309.9408,1819.610874,0.0,0.0,0.0,766.6375,0.0,500.0,0.0,0,0,1,0,E,E,E,174.781408,-41.314467
084da69b-81f9-4b78-a2df-912238506163,1,0.0,1620.708916,0.0,0.0,0.0,766.6375,0.0,200.0,0.0,0,0,1,0,E,E,E,174.777923,-41.315125
084f8b86-30ef-4612-8c8e-a57cfbb0529b,1,0.0,926.221708,0.0,0.0,0.0,766.6375,0.0,0.0,0.05,0,0,0,0,E,E,M,174.776304,-41.318634
08560871-ac50-4757-bfbe-2b1881bc8e95,14,1352.0588,1490.478044,0.0,0.0,0.0,766.6375,0.0,500.0,0.1,0,0,1,0,M,E,M,174.779182,-41.315339
08641319-6e1f-4bb9-b105-6417c5d1981b,7,0.0,1692.630168,0.0,0.0,0.0,766.6375,0.0,200.0,0.0,0,0,1,0,E,E,E,174.795036,-41.321555
0867ff28-f6d4-4a37-bea9-7a883d9758f1,1,275.7926,1605.315424,0.0,0.0,0.0,766.6375,0.0,1500.0,0.0,0,0,1,0,E,E,E,174.785889,-41.311556
0870cae7-63cb-4a31-8e41-e18cbfe1b9e1,1,0.0,903.404989,0.0,0.0,0.0,766.6375,0.0,0.0,0.05,0,0,0,0,E,E,M,174.792985,-41.318525
0882df63-331c-4cda-a9a5-fb80aed1d9f5,1,0.0,1090.723285,0.0,0.0,0.0,766.6375,0.0,0.0,0.0,0,0,0,0,E,E,E,174.774802,-41.32412
089e1cdc-7c8e-4d96-8c94-deb35e93afff,1,0.0,1005.081731,0.0,0.0,0.0,766.6375,0.0,0.0,0.1,0,0,0,0,M,E,M,174.791682,-41.31741
089f2c4c-1d4b-4298-b07e-4d885a5efec2,11,496.8958,1720.187832,0.0,0.0,0.0,766.6375,0.0,4000.0,0.0,0,0,1,0,E,E,E,174.779168,-41.312175
08a2223c-9683-4ba8-a82c-39d5f86b6705,13,0.0,1409.431606,39.625357,879.87,0.0,766.6375,0.0,0.0,0.1,1,0,0,0,M,E,M,174.777904,-41.309996
08a7bacd-8088-4ff3-ac2a-9bb6bf67f052,1,0.0,1205.471908,0.0,0.0,0.0,766.6375,0.0,0.0,0.0,0,0,0,0,E,E,E,174.80467,-41.320657
08b09162-c3fb-48b0-b3eb-de6fa7701243,1,0.0,1566.522123,0.0,0.0,0.0,766.6375,0.0,200.0,0.0,0,0,1,0,E,E,E,174.779681,-41.315747
08b13edf-2600-487b-ae0e-1c0da7f9b74a,1,0.0,988.827678,11.493302,879.87,0.0,766.6375,0.0,200.0,0.05,1,0,1,0,E,E,M,174.772447,-41.320085
08b82455-d96e-49fe-ad84-b69654a6fc49,1,0.0,1020.25116,0.0,0.0,0.0,766.6375,0.0,0.0,0.05,0,0,0,0,E,E,M,174.776079,-41.318613
08b93ec1-632a-4a7b-a010-e4fb55366023,1,496.1693,2190.822937,0.0,0.0,0.0,766.6375,0.0,500.0,0.05,0,0,1,0,M,E,E,174.778135,-41.321408
08bf35c4-dbd0-4b1e-afe7-0653cacf243d,1,0.0,1480.822327,0.0,0.0,0.0,766.6375,0.0,200.0,0.0,0,0,1,0,E,E,E,174.784957,-41.317495
08caca81-2c6c-4eae-8329-4a45f948fce3,1,0.0,1596.482792,6.115169,643.19,0.0,766.6375,0.0,200.0,0.0,1,0,1,0,E,E,E,174.784425,-41.310926
08d046c0-0cfe-435c-abc9-e73b4c7e5327,14,735.9968,1895.635395,0.0,0.0,0.0,766.6375,0.0,500.0,0.0,0,0,1,0,E,E,E,174.781977,-41.314829
08ed32eb-9fdf-429c-baed-e24e2963aa69,1,247.6231,1749.743173,0.0,0.0,0.0,766.6375,0.0,500.0,0.0,0,0,1,0,E,E,E,174.777408,-41.318989
08f12347-2a60-4f4a-afd5-9205d17bd69c,1,316.7155,1815.599088,0.0,0.0,0.0,766.6375,0.0,500.0,0.05,0,0,1,0,M,E,E,174.782147,-41.314764
08ff146a-3f20-48cf-9b4f-17daf54a5b32,1,0.0,977.201986,12.705186,744.69,0.0,766.6375,0.0,0.0,0.05,1,0,0,0,E,E,M,174.774944,-41.32318
0900a5f7-9a32-4dda-b799-86f4cfbe517a,1,7337.0329,1552.083273,0.0,0.0,0.0,766.6375,0.0,4000.0,0.05,0,0,1,0,M,E,E,174.793289,-41.32461
0900ee5c-2e64-413a-adb7-6ca3ad4b6f4e,2,629.9402,1554.98402,0.0,0.0,0.0,766.6375,0.0,4000.0,0.05,0,0,1,0,M,E,E,174.792164,-41.310528
090cbf30-fa3a-49da-8008-6014ab362995,1,0.0,927.981882,0.0,0.0,0.0,766.6375,0.0,0.0,0.05,0,0,0,0,E,E,M,174.792379,-41.319462
0910f694-e4ab-44e9-abf4-00ce886a8919,1,232.201,1733.849727,0.0,0.0,0.0,766.6375,0.0,500.0,0.0,0,0,1,0,E,E,E,174.794279,-41.321806
094286bc-2d20-480e-af45-1ba51502e146,1,0.0,954.416534,17.50589,1224.08,0.0,766.6375,0.0,0.0,0.1,1,0,0,0,M,E,M,174.792247,-41.318937
094dda95-12d9-48ad-a9dd-2dff519b52a4,4,1241.8061,1852.198723,0.0,0.0,0.0,766.6375,0.0,1500.0,0.05,0,0,1,0,M,E,E,174.795937,-41.318328
0967e776-88a9-42ef-9a0c-7770f44012e4,1,0.0,990.643013,0.0,0.0,0.0,766.6375,0.0,0.0,0.05,0,0,0,0,E,E,M,174.789288,-41.324669
096b0bfc-ef63-45c5-aed9-11f1e4272b63,2,0.0,888.99987,17.541161,744.69,0.0,766.6375,0.0,0.0,0.15,1,0,0,0,M,E,D,174.792997,-41.317311
096e6b84-9d48-49eb-83ef-88f2f150879f,1,547.3082,1643.563091,0.0,0.0,0.0,766.6375,0.0,500.0,0.05,0,0,1,0,M,E,E,174.777269,-41.319451
0995612d-e91e-46f1-a672-5843c7d0a530,4,1359.2445,1741.32212,0.0,0.0,0.0,766.6375,0.0,500.0,0.0,0,0,1,0,E,E,E,174.782826,-41.315763
0997d329-c06d-4b43-9795-932f5972a05e,1,481.0685,1646.803601,0.0,0.0,0.0,766.6375,0.0,500.0,0.05,0,0,1,0,M,E,E,174.77746,-41.31951
09ace39c-fa81-4047-a46e-5a8ec4761319,1,0.0,1516.867629,0.0,0.0,0.0,766.6375,0.0,200.0,0.0,0,0,1,0,E,E,E,174.791516,-41.310622
09adad6c-fdc7-4994-ad79-0ba503a7f415,4,676.8367,1495.465061,0.0,0.0,0.0,766.6375,0.0,500.0,0.0,0,0,1,0,E,E,E,174.793743,-41.321245
09c1bcad-6ff8-4150-90c9-1e01ba5b75f2,4,313.6277,1437.961963,0.0,0.0,0.0,766.6375,0.0,500.0,0.05,0,0,1,0,E,E,M,174.779178,-41.314463
0a0d489b-a070-4c24-b8ce-351a74e810a5,1,0.0,1012.131756,16.549365,879.87,0.0,766.6375,0.0,0.0,0.05,1,0,0,0,E,E,M,174.787738,-41.320886
0a1706d5-cde7-4256-918e-fddd4e255450,1,0.0,1835.156347,0.0,0.0,0.0,766.6375,0.0,200.0,0.0,0,0,1,0,E,E,E,174.801275,-41.319651
0a1d68a1-b928-4f00-8e5b-a54b81b5ee5f,1,0.0,1790.331182,0.0,0.0,0.0,766.6375,0.0,200.0,0.05,0,0,1,0,M,E,E,174.778585,-41.318675
0a2374e3-b3a0-4cd4-9a78-9d3b6c7e4b78,1,0.0,1591.293876,0.0,0.0,0.0,766.6375,0.0,0.0,0.05,0,0,0,0,M,E,E,174.779246,-41.321457
0a2a7cf2-2719-4754-b075-2c8625162929,1,0.0,1780.500337,0.0,0.0,0.0,766.6375,0.0,200.0,0.05,0,0,1,0,M,E,E,174.783081,-41.312701
0a3488c9-299c-400d-bdf5-bc4a540193af,1,288.3789,1660.903629,0.0,0.0,0.0,766.6375,0.0,1500.0,0.0,0,0,1,0,E,E,E,174.781753,-41.317629
0a4ebcd2-01c1-43b5-9ca2-a33cfdbfffc6,6,0.0,1414.078218,0.0,0.0,0.0,766.6375,0.0,200.0,0.05,0,0,1,0,M,E,E,174.786118,-41.316781
0a5836d2-f75b-4e77-bda5-54825cbe7d73,1,0.0,1892.188319,0.0,0.0,0.0,766.6375,0.0,200.0,0.05,0,0,1,0,M,E,E,174.798355,-41.323945
0a64a816-800b-4fb0-bb51-dab205fbf65c,1,371.3899,1955.74435,0.0,0.0,0.0,766.6375,0.0,500.0,0.0,0,0,1,0,E,E,E,174.796928,-41.324766
0a6eff59-1c07-449d-ab2d-fc4b9ef6e1ff,2,0.0,1277.006681,0.0,0.0,0.0,766.6375,0.0,0.0,0.0,0,0,0,0,E,E,E,174.77524,-41.313122
0a76756b-9900-469d-9a53-d4704c364a93,5,278.5309,1538.999749,0.0,0.0,0.0,766.6375,0.0,500.0,0.0,0,0,1,0,E,E,E,174.777174,-41.318669
0a7d2a25-0d6e-4457-bbd3-65108607206e,1,444.6609,1710.018984,0.0,0.0,0.0,766.6375,0.0,500.0,0.0,0,0,1,0,E,E,E,174.78211,-41.316103
0a834564-faf9-4428-97a2-eaf5412fd35e,1,0.0,907.953747,0.0,0.0,0.0,766.6375,0.0,0.0,0.1,0,0,0,0,M,E,M,174.786032,-41.317404
0a849cd8-c1fe-44e7-81f4-7c537af584d0,1,319.4692,1029.973074,0.0,0.0,0.0,766.6375,0.0,500.0,0.0,0,0,1,0,E,E,E,174.793438,-41.31668
0aac2f06-ea84-4e2f-8817-f860ca0e30b4,2,0.0,1607.279156,19.349452,879.87,0.0,766.6375,0.0,0.0,0.05,1,0,0,0,M,E,E,174.78649,-41.309911
0aca6cee-a21e-4689-b703-6a7c75c47640,1,0.0,1675.969713,0.0,0.0,0.0,766.6375,0.0,200.0,0.0,0,0,1,0,E,E,E,174.778492,-41.314546
0ae260b9-bf6b-4359-9526-0d749addf47a,1,344.4193,1750.902457,0.0,0.0,0.0,766.6375,0.0,500.0,0.05,0,0,1,0,M,E,E,174.793614,-41.316119
0ae29981-176c-4f41-911b-2169a70d14da,1,316.1023,1650.206234,0.0,0.0,0.0,766.6375,0.0,1500.0,0.0,0,0,1,0,E,E,E,174.785617,-41.311418
0ae34cc3-bddd-4584-aeda-b958963a0719,12,0.0,996.822455,0.0,0.0,0.0,766.6375,0.0,0.0,0.1,0,0,0,0,M,E,M,174.793124,-41.319963
0ae75c66-7486-4a27-8ecb-9aab6d2f5cca,1,506.7747,1490.652754,0.0,0.0,0.0,766.6375,0.0,500.0,0.05,0,0,1,0,M,E,E,174.779054,-41.321439
0ae887a1-4c1c-4a96-a321-702deb2262a5,1,0.0,1715.111382,0.0,0.0,0.0,766.6375,0.0,200.0,0.0,0,0,1,0,E,E,E,174.775923,-41.314636
0af1f540-21f2-4654-97ed-047e9a0d7e42,1,356.3788,1845.735003,0.0,0.0,5.577015,766.6375,0.540154,500.0,0.05,0,1,1,0,M,E,E,174.802782,-41.322281
0af97676-d0f0-442c-bdd7-7d6b2bca70ac,2,268.4939,1633.247272,0.0,0.0,0.0,766.6375,0.0,500.0,0.0,0,0,1,0,E,E,E,174.778118,-41.320987
0afc5b8c-04a1-403a-ac1b-a4fedbccbe9f,1,0.0,1865.036941,0.0,0.0,0.0,766.6375,0.0,200.0,0.0,0,0,1,0,E,E,E,174.800443,-41.319216
0b070b0d-fbe0-4272-841b-385d6c3aac74,1,0.0,928.450631,17.035315,1224.08,0.0,766.6375,0.0,0.0,0.1,1,0,0,0,E,E,D,174.788115,-41.32258
0b1380f3-442f-4c5e-9600-9dcb42b29f02,1,549.3401,1810.340473,0.0,0.0,0.0,766.6375,0.0,500.0,0.0,0,0,1,0,E,E,E,174.795132,-41.318824
0b360475-c4e9-49c4-9389-347bbc3919ef,1,157.0331,1897.221838,0.0,0.0,0.0,766.6375,0.0,1500.0,0.05,0,0,1,0,E,E,M,174.779818,-41.320613
0b3c884e-b337-4a14-a490-4fc8ea33ddef,1,267.6,1927.515709,0.0,0.0,0.0,766.6375,0.0,1500.0,0.0,0,0,1,0,E,E,E,174.797133,-41.32185
0b4557f7-ee09-432d-9e5a-f9d61fbaff10,1,220.4028,1390.480619,0.0,0.0,0.0,766.6375,0.0,4000.0,0.0,0,0,1,0,E,E,E,174.79253,-41.324319
0b55637d-966f-4d07-a8d7-8ecb934bd670,1,0.0,1684.813466,0.0,0.0,0.0,766.6375,0.0,200.0,0.0,0,0,1,0,E,E,E,174.783696,-41.311326
0b607c3c-12ce-4449-8005-e2ad3b2dfa6c,1,396.3203,1657.650304,0.0,0.0,0.0,766.6375,0.0,1500.0,0.0,0,0,1,0,E,E,E,174.792082,-41.31177
0b662405-545d-4cb1-a415-1b54dfa83d7a,1,0.0,1658.858601,0.0,0.0,0.0,766.6375,0.0,200.0,0.0,0,0,1,0,E,E,E,174.794725,-41.321495
0b665b94-de24-4f9e-9771-6afc1cf10370,1,0.0,846.682772,0.0,0.0,0.0,766.6375,0.0,0.0,0.15,0,0,0,0,M,E,D,174.787115,-41.323425
0b78990c-ddec-48b6-b561-53e9b22e5d07,1,0.0,980.500024,0.0,0.0,0.0,766.6375,0.0,0.0,0.05,0,0,0,0,E,E,M,174.786061,-41.315871
0b9d7b4c-1a8f-438c-b86d-2f6b8a0618f0,1,0.0,1570.009938,0.0,0.0,0.0,766.6375,0.0,0.0,0.0,0,0,0,0,E,E,E,174.784539,-41.316657
0bb58563-fd30-48e0-8f75-1923e3f0eb21,2,0.0,1009.876687,0.0,0.0,0.0,766.6375,0.0,0.0,0.05,0,0,0,0,E,E,M,174.775966,-41.318954
0bc8522b-2de5-402b-b82e-ebb534151ee9,4,336.6042,1750.105741,0.0,0.0,16.740391,766.6375,4.01881,1500.0,0.0,0,1,1,0,E,E,E,174.779994,-41.313218
0bc8fe68-2e1e-4bc0-aa95-a3dc3b3eaed0,13,0.0,1064.285611,0.0,0.0,0.0,766.6375,0.0,0.0,0.05,0,0,0,0,E,E,M,174.787264,-41.314208
0bcf6a17-7f98-4b75-9445-2dd57347475d,20,1169.803,1851.520006,0.0,0.0,0.0,766.6375,0.0,500.0,0.0,0,0,1,0,E,E,E,174.782255,-41.313693
0be24259-1e73-4580-ac54-2ebdef34e96f,1,0.0,787.605283,0.0,0.0,0.0,766.6375,0.0,0.0,0.1,0,0,0,0,E,E,D,174.789862,-41.324442
0beea75b-532d-4223-a224-d090cc116d8d,1,264.1664,1620.625247,0.0,0.0,0.0,766.6375,0.0,1500.0,0.0,0,0,1,0,E,E,E,174.785201,-41.310083
0bf04de1-1ccb-4115-84eb-1627b0c2ae4c,2,376.3529,1770.895167,0.0,0.0,0.0,766.6375,0.0,500.0,0.0,0,0,1,0,E,E,E,174.780896,-41.315275
0bfd3df9-7b43-45d4-904d-f1b1d72524f9,1,0.0,908.516905,0.0,0.0,0.0,766.6375,0.0,0.0,0.1,0,0,0,0,E,E,D,174.790196,-41.321045
0c1c6d9d-30ba-49dc-96e8-97cfdde8669c,1,480.9302,1483.830588,0.0,0.0,0.0,766.6375,0.0,500.0,0.05,0,0,1,0,M,E,E,174.792268,-41.310942
0c285c60-c26b-4def-8468-5e722a9d6132,1,0.0,1621.124739,0.0,0.0,0.0,766.6375,0.0,0.0,0.0,0,0,0,0,E,E,E,174.7758,-41.31319
0c2fd20d-56a7-40c6-bf85-52341713b487,1,0.0,963.176149,0.0,0.0,0.0,766.6375,0.0,200.0,0.05,0,0,1,0,E,E,M,174.802747,-41.32004
0c3af10b-88e8-4c02-98cf-866c26a49482,1,422.5021,1926.686868,0.0,0.0,0.0,766.6375,0.0,1500.0,0.0,0,0,1,0,E,E,E,174.798299,-41.321648
0c47aa19-4875-4e18-9f20-a19decef153e,4,0.0,1788.620887,0.0,0.0,0.0,766.6375,0.0,200.0,0.0,0,0,1,0,E,E,E,174.780365,-41.314141
0c4abb78-06ca-48b9-b5c3-da2924471d79,2,570.8897,1634.88644,0.0,0.0,0.0,766.6375,0.0,500.0,0.05,0,0,1,0,M,E,E,174.783418,-41.315546
0c4dbdc2-32b8-49d7-a0c0-727a880a3baa,3,0.0,1692.771759,0.0,0.0,0.0,766.6375,0.0,200.0,0.0,0,0,1,0,E,E,E,174.780327,-41.316437
0c4f3b49-7e57-4033-9e84-4fec191d4af5,1,0.0,1061.75852,0.0,0.0,0.0,766.6375,0.0,0.0,0.05,0,0,0,0,M,E,E,174.79447,-41.310534
0c4f8b67-a2ed-4a03-af9a-b3ff1c9d8e27,5,0.0,1061.265722,0.0,0.0,0.0,766.6375,0.0,0.0,0.1,0,0,0,0,M,E,M,174.790089,-41.314451
0c572b8b-1220-41b9-9bb2-345eabeb7697,15,1800.7966,1896.34974,0.0,0.0,0.0,766.6375,0.0,500.0,0.05,0,0,1,0,M,E,E,174.80109,-41.318258
0c5eae48-a38d-45bb-b7e7-5db4af411261,1,0.0,1892.107039,0.0,0.0,0.0,766.6375,0.0,200.0,0.05,0,0,1,0,M,E,E,174.800609,-41.320295
0c704f07-5a01-44c4-a53a-3051d7d17c61,1,183.2536,1657.985238,0.0,0.0,0.0,766.6375,0.0,500.0,0.0,0,0,1,0,E,E,E,174.784781,-41.310521
0c729967-f918-4d8f-a64e-1f2cfc4ba0b4,1,267.5376,1795.161175,0.0,0.0,0.0,766.6375,0.0,500.0,0.0,0,0,1,0,E,E,E,174.78139,-41.315249
0c7d64f5-76e3-472f-98f7-a85aafcccc27,1,0.0,1025.971192,0.0,0.0,0.0,766.6375,0.0,0.0,0.05,0,0,0,0,M,E,E,174.791317,-41.315463
0c8da06b-5fb1-459d-a6a3-cb84fdc556b6,1,0.0,977.448221,0.0,0.0,0.0,766.6375,0.0,0.0,0.0,0,0,0,0,E,E,E,174.774857,-41.322779
0c9d6c29-d738-4cad-8b51-d67433e1dc55,1,0.0,1937.616066,0.0,0.0,0.0,766.6375,0.0,200.0,0.05,0,0,1,0,M,E,E,174.797819,-41.320063
0cac9af2-46d2-45e8-a014-52fd0f8eb79c,7,637.2869,1917.530464,0.0,0.0,0.0,766.6375,0.0,500.0,0.05,0,0,1,0,M,E,E,174.798012,-41.319326
0cca392a-25a5-4d0e-9d41-1d26dc17cf18,6,0.0,1049.884672,0.0,0.0,0.0,766.6375,0.0,0.0,0.05,0,0,0,0,M,E,E,174.775625,-41.324022
0cd1572d-7c8e-40f1-8c3f-bab5b46cdf0a,1,0.0,1694.384402,0.0,0.0,0.0,766.6375,0.0,0.0,0.0,0,0,0,0,E,E,E,174.786387,-41.312852
0cd30cd5-0827-4b0f-8288-772ed3ce6e83,6,0.0,1611.574446,0.0,0.0,0.0,766.6375,0.0,0.0,0.05,0,0,0,0,M,E,E,174.777928,-41.311814
0cfb9d55-82dd-4430-8a87-061c1ec05e58,9,0.0,901.841989,0.0,0.0,0.0,766.6375,0.0,0.0,0.2,0,0,0,0,D,E,D,174.786564,-41.317015
0cfbfb4d-8363-4d83-8d9d-858f4ade5299,1,5030.7521,1962.669621,0.0,0.0,0.0,766.6375,0.0,1500.0,0.05,0,0,1,0,M,E,E,174.800347,-41.31556
0d080e2c-7733-4dae-8bd2-b35ae5c8f45d,1,303.4742,1747.589103,0.0,0.0,0.0,766.6375,0.0,500.0,0.0,0,0,1,0,E,E,E,174.794493,-41.321088
0d09d848-3f08-40b3-9a76-8b20754760e3,1,582.527,1899.539513,0.0,0.0,0.0,766.6375,0.0,1500.0,0.05,0,0,1,0,M,E,E,174.799321,-41.317847
0d1f59f5-7982-4809-8e3e-6bffc19f40e4,1,0.0,1685.292021,0.0,0.0,0.0,766.6375,0.0,0.0,0.05,0,0,0,0,M,E,E,174.792955,-41.315514
0d2a3465-ed60-4209-b274-b4f34e6d9050,3,0.0,1582.564284,0.0,0.0,0.0,766.6375,0.0,0.0,0.0,0,0,0,0,E,E,E,174.777805,-41.310904
0d3114ce-33fc-4fd8-a814-1f2c0241ee64,1,0.0,1035.508359,11.056189,1224.08,0.0,766.6375,0.0,0.0,0.05,1,0,0,0,M,E,E,174.774642,-41.319002
0d35e1da-c4fc-4faf-b22c-3462758ba7f2,2,619.927,1726.218433,0.0,0.0,0.0,766.6375,0.0,500.0,0.0,0,0,1,0,E,E,E,174.780012,-41.315266
0d38f351-b6c3-426b-ad1f-c328ffcb71a5,1,0.0,1050.587958,0.0,0.0,0.0,766.6375,0.0,0.0,0.05,0,0,0,0,E,E,M,174.776797,-41.323107
0d64ed49-096e-4923-8561-55082ceb21e2,70,0.0,1008.969328,0.0,0.0,0.0,766.6375,0.0,0.0,0.1,0,0,0,0,M,E,M,174.786022,-41.314811
0d7d14b5-52a3-42dd-b399-d0002c2a9e83,2,500.5671,1481.237912,19.576688,798.8,0.0,766.6375,0.0,4000.0,0.05,1,0,1,0,E,E,M,174.806289,-41.318938
0d82114f-72e2-4cfa-a3e7-c1295f51dde0,1,480.6218,1641.646066,0.0,0.0,0.0,766.6375,0.0,1500.0,0.0,0,0,1,0,E,E,E,174.792252,-41.311741
0d91df98-5b9e-4c24-b65f-a32a671439da,1,0.0,861.292655,0.0,0.0,0.0,766.6375,0.0,0.0,0.1,0,0,0,0,M,E,M,174.791155,-41.315038
0da91cd3-e9c4-4500-9a0f-99ba7aa77333,1,109.4151,1699.723317,0.0,0.0,0.0,766.6375,0.0,4000.0,0.0,0,0,1,0,E,E,E,174.776492,-41.319701
0db05d60-9d2e-4fde-aa8c-e808c51b58c0,1,0.0,1061.412627,0.0,0.0,0.0,766.6375,0.0,0.0,0.0,0,0,0,0,E,E,E,174.786241,-41.311007
0db43434-ceaa-49a4-ad1b-1520b0ccc0fd,1,93.9377,1688.465155,0.0,0.0,0.0,766.6375,0.0,4000.0,0.0,0,0,1,0,E,E,E,174.779231,-41.312503
0db55695-eafa-4a45-8af7-0966aa15232e,3,0.0,951.765272,26.421104,643.19,0.0,766.6375,0.0,0.0,0.1,1,0,0,0,E,E,D,174.795138,-41.310272
0dbba533-7ce1-4e65-9827-61cd86f5e647,1,325.0121,1926.844311,0.0,0.0,0.0,766.6375,0.0,1500.0,0.0,0,0,1,0,E,E,E,174.798576,-41.3212
0dcf94eb-90f7-46ff-ae6c-fe981e202b7c,3,0.0,1064.688569,0.0,0.0,0.0,766.6375,0.0,0.0,0.05,0,0,0,0,E,E,M,174.777716,-41.312754
0ddba73f-9814-448c-96c8-b37a04ce3db8,1,0.0,1091.521428,0.0,0.0,0.0,766.6375,0.0,0.0,0.0,0,0,0,0,E,E,E,174.791586,-41.316801
0de1dcfa-a29b-4986-8f3c-4189459beca4,1,0.0,1499.199503,0.0,0.0,0.0,766.6375,0.0,0.0,0.0,0,0,0,0,E,E,E,174.774473,-41.324112
0de2f1f8-018e-40da-ab7d-2c74c09bd7c0,1,159.0331,1800.760256,0.0,0.0,0.0,766.6375,0.0,500.0,0.0,0,0,1,0,E,E,E,174.784733,-41.312433
0de5b9f2-d47c-466a-975b-fa52707fa4d9,2,0.0,1206.951873,0.0,0.0,0.0,766.6375,0.0,0.0,0.0,0,0,0,0,E,E,E,174.787545,-41.324552
0de7355f-a499-474d-90ad-a85424530cf9,1,0.0,1611.560613,0.0,0.0,0.0,766.6375,0.0,0.0,0.0,0,0,0,0,E,E,E,174.775209,-41.313592
0deb81be-661e-4e16-a20b-814e522b221e,1,0.0,808.674118,0.0,0.0,0.0,766.6375,0.0,0.0,0.1,0,0,0,0,E,E,D,174.797473,-41.309572
0df43a61-6171-4dc7-ad8b-e70a5c6046bc,1,0.0,1287.013321,0.0,0.0,0.0,766.6375,0.0,0.0,0.0,0,0,0,0,E,E,E,174.795031,-41.311277
0dfe0105-1cc4-4a99-90d6-9a2094e3d681,1,0.0,908.744593,0.0,0.0,0.0,766.6375,0.0,0.0,0.15,0,0,0,0,D,E,M,174.786544,-41.317534
0e07267c-e5d8-4bed-9449-58153f59cda9,8,0.0,1593.608177,0.0,0.0,0.0,766.6375,0.0,0.0,0.0,0,0,0,0,E,E,E,174.780816,-41.317707
0e0ca68c-f15d-4e5e-be3e-44182fff282e,32,0.0,1557.44542,0.0,0.0,0.0,766.6375,0.0,200.0,0.15,0,0,1,0,D,E,M,174.782535,-41.311438
0e2220de-8de9-42e0-9f94-879747ced197,2,0.0,759.559072,0.0,0.0,0.0,766.6375,0.0,0.0,0.2,0,0,0,0,D,E,D,174.791424,-41.324551
0e23831d-9da9-411e-82a8-f5cdfdb5ef6a,1,0.0,1105.893772,0.0,0.0,0.0,766.6375,0.0,0.0,0.05,0,0,0,0,M,E,E,174.777502,-41.321863
0e498eac-e2d3-48b0-bc13-e1418036605a,1,614.5192,1898.652968,0.0,0.0,0.0,766.6375,0.0,1500.0,0.05,0,0,1,0,M,E,E,174.796009,-41.315292
0e49d647-2c6a-4d1a-b6b1-8d83ec7f2eac,1,0.0,898.190556,0.0,0.0,0.0,766.6375,0.0,0.0,0.05,0,0,0,0,E,E,M,174.792083,-41.320493
0e659a66-60b1-4b2c-9fb2-5ae9b48dbc25,4,360.442,1733.695279,0.0,0.0,0.0,766.6375,0.0,1500.0,0.05,0,0,1,0,M,E,E,174.780144,-41.312688
0e742729-e24e-4efb-bfb1-deed5afdaaf9,1,119.0571,1832.537163,0.0,0.0,0.0,766.6375,0.0,1500.0,0.0,0,0,1,0,E,E,E,174.780342,-41.312102
0e85c42a-035f-4515-877e-c97718632804,1,0.0,1641.964555,0.0,0.0,0.0,766.6375,0.0,0.0,0.0,0,0,0,0,E,E,E,174.774568,-41.319684
0e87b46f-efe0-4032-9776-6ff31548b222,1,1110.8421,1915.978465,0.0,0.0,0.0,766.6375,0.0,1500.0,0.0,0,0,1,0,E,E,E,174.797385,-41.316984
0e8fbac6-50f0-4797-9111-c51fa78d9747,1,0.0,1847.957607,0.0,0.0,0.0,766.6375,0.0,200.0,0.0,0,0,1,0,E,E,E,174.800201,-41.319837
0e938396-0a07-4b94-8a91-4e86df153fbd,2,596.2643,2151.721002,0.0,0.0,0.0,766.6375,0.0,500.0,0.0,0,0,1,0,E,E,E,174.776497,-41.310661
0e9f1787-acf9-49a4-9b7d-0a7ed46b8f2a,2,269.4682,1342.912741,0.0,0.0,0.0,766.6375,0.0,500.0,0.0,0,0,1,0,E,E,E,174.775427,-41.314484
0eb097d3-ca04-4307-a9ea-d7e538060998,1,413.3553,1666.631039,0.0,0.0,0.0,766.6375,0.0,1500.0,0.0,0,0,1,0,E,E,E,174.793002,-41.311798
0eb0c078-b465-4e6b-bc6a-02feca32f177,1,0.0,1609.765149,0.0,0.0,0.0,766.6375,0.0,200.0,0.0,0,0,1,0,E,E,E,174.784542,-41.310893
0ebb544c-3287-4f92-a312-9dc35af5a550,12,0.0,1629.877504,0.0,0.0,0.0,766.6375,0.0,200.0,0.1,0,0,1,0,M,E,M,174.772119,-41.320358
0ec5be68-b69e-4b8f-9243-a14ed47f3127,1,0.0,1715.745109,0.0,0.0,0.0,766.6375,0.0,200.0,0.0,0,0,1,0,E,E,E,174.780264,-41.315976
0ecbd9b2-25b1-498d-bafc-f0cba2559ca1,1,327.9466,1654.558349,0.0,0.0,0.0,766.6375,0.0,4000.0,0.0,0,0,1,0,E,E,E,174.792865,-41.312806
0eda994b-63a6-4a06-826a-208ae806dedb,3,0.0,1040.003817,0.0,0.0,0.0,766.6375,0.0,0.0,0.05,0,0,0,0,E,E,M,174.796481,-41.311186
0ede4846-969a-4bb5-83bb-56fbbe2605ce,1,293.7415,1679.760785,14.996527,643.19,0.0,766.6375,0.0,500.0,0.05,1,0,1,0,E,E,M,174.782047,-41.311044
0ef9fb62-1e93-4da9-84f1-babf510f3515,1,0.0,1098.742124,0.0,0.0,0.0,766.6375,0.0,0.0,0.05,0,0,0,0,M,E,E,174.78811,-41.314061
0efa4fcc-e8a8-4f40-8435-9d5c58777bc2,1,0.0,811.075262,0.0,0.0,0.0,766.6375,0.0,0.0,0.1,0,0,0,0,E,E,D,174.791908,-41.313061
0f005407-dc8b-4933-87e0-600c318a0cc9,1,0.0,961.334881,0.0,0.0,0.0,766.6375,0.0,0.0,0.05,0,0,0,0,E,E,M,174.791594,-41.32363
0f09ebb2-9871-4470-b328-ba55229c4931,1,305.3597,1722.285106,0.0,0.0,0.0,766.6375,0.0,1500.0,0.05,0,0,1,0,M,E,E,174.783748,-41.314453
0f0e5dd1-56f6-45df-840c-ea73985bde39,1,378.9002,1709.478397,0.0,0.0,0.0,766.6375,0.0,1500.0,0.05,0,0,1,0,M,E,E,174.794187,-41.324464
0f17f9c0-e6cb-4d54-a04c-0186716aba99,3,282.4302,1015.8817,0.0,0.0,0.0,766.6375,0.0,1500.0,0.0,0,0,1,0,E,E,E,174.7801,-41.322843
0f24272e-88ec-4d2f-9846-501526ef8788,1,348.9541,1554.983907,0.0,0.0,0.0,766.6375,0.0,4000.0,0.0,0,0,1,0,E,E,E,174.792155,-41.310396
0f26e78c-7c87-43ff-b0e5-d9979fddd844,1,0.0,2351.28666,0.0,0.0,0.0,766.6375,0.0,0.0,0.0,0,0,0,0,E,E,E,174.783257,-41.31721
0f29f536-4671-4fe1-ab81-435836ca9787,3,0.0,1550.382923,0.0,0.0,0.0,766.6375,0.0,200.0,0.0,0,0,1,0,E,E,E,174.785221,-41.312289
0f2bc5de-bdcc-414d-b9f2-69bdefbec16c,1,0.0,1604.696918,0.0,0.0,0.0,766.6375,0.0,0.0,0.0,0,0,0,0,E,E,E,174.774829,-41.319722
0f49e070-660e-4a9b-a96c-c459489c2e0e,1,0.0,933.46003,0.0,0.0,0.0,766.6375,0.0,0.0,0.05,0,0,0,0,E,E,M,174.788031,-41.323372
0f5633d0-6e39-4024-a903-1db9d4b9cb0b,9,0.0,1056.757808,0.0,0.0,0.0,766.6375,0.0,0.0,0.05,0,0,0,0,M,E,E,174.777545,-41.314914
0f5c3053-ad25-454e-a048-b07f2053c69b,1,0.0,1400.437633,0.0,0.0,0.0,766.6375,0.0,0.0,0.1,0,0,0,0,M,E,M,174.7781,-41.310482
0f8090f9-fdb0-48e8-b57a-d5d4525512cd,1,276.6287,1670.376477,0.0,0.0,0.0,766.6375,0.0,2500.0,0.0,0,0,1,0,E,E,E,174.773381,-41.322378
0f9b3563-4b62-4488-aa6a-b23e00efe94a,1,0.0,1451.180108,0.0,0.0,0.0,766.6375,0.0,0.0,0.0,0,0,0,0,E,E,E,174.77397,-41.323465
0fa1aa87-1ca1-42e1-9e2d-d744b16bcef4,2,338.5237,1782.851913,0.0,0.0,0.0,766.6375,0.0,500.0,0.05,0,0,1,0,M,E,E,174.783011,-41.314468
0fa45d43-f3b1-4451-9427-eb41c2fc935e,6,0.0,1788.117028,0.0,0.0,0.0,766.6375,0.0,200.0,0.0,0,0,1,0,E,E,E,174.794677,-41.319816
0fb3766f-33f4-4b9d-95c4-74dbfc6876dd,9,34.1265,2173.31458,0.0,0.0,21.457691,766.6375,9.678991,200.0,0.05,0,1,1,0,M,E,E,174.777377,-41.309996
0fb6d158-fe42-487e-8c4d-fad2f8e8af09,1,0.0,1613.621407,0.0,0.0,0.0,766.6375,0.0,0.0,0.0,0,0,0,0,E,E,E,174.774481,-41.323907
0fc5c92c-35d9-49e0-9f4b-e13bd3419757,21,821.1699,959.773095,0.0,0.0,0.0,766.6375,0.0,500.0,0.05,0,0,1,0,E,E,M,174.780055,-41.321841
0fd58463-3322-40ee-bc26-b5495ecfad7c,1,136.2533,1843.950136,0.0,0.0,0.0,766.6375,0.0,500.0,0.0,0,0,1,0,E,E,E,174.781675,-41.313837
0fd8a207-c9fb-427a-857f-db666e1158c4,1,0.0,938.1364,0.0,0.0,0.0,766.6375,0.0,0.0,0.1,0,0,0,0,M,E,M,174.79094,-41.323813
0fe27a1a-433f-4e56-86d0-0610e7157014,1,0.0,1096.579741,13.95445,879.87,0.0,766.6375,0.0,0.0,0.0,1,0,0,0,E,E,E,174.805229,-41.320801
1007dc9b-e2b5-4078-8be4-cd6b27a86ad8,9,1259.2336,1546.18805,0.0,0.0,0.0,766.6375,0.0,4000.0,0.0,0,0,1,0,E,E,E,174.79229,-41.313127
10198874-78a9-4b15-af1d-985136d557c9,1,339.1134,1325.634886,0.0,0.0,0.0,766.6375,0.0,4000.0,0.1,0,0,1,0,M,E,M,174.779007,-41.321743
10263e07-6f67-4f80-81dd-0bc610e319af,2,0.0,1593.121032,0.0,0.0,0.0,766.6375,0.0,200.0,0.05,0,0,1,0,M,E,E,174.785691,-41.312528
104456da-ffae-463d-be94-6d7d6b4063b0,1,0.0,938.308023,0.0,0.0,0.0,766.6375,0.0,0.0,0.1,0,0,0,0,M,E,M,174.775655,-41.322534
1045a214-6f2d-4818-9b15-3f441f1e3e82,2,345.2416,1043.935255,0.0,0.0,0.0,766.6375,0.0,1500.0,0.0,0,0,1,0,E,E,E,174.779318,-41.320661
104d0b06-ffa1-4d8a-86a8-f61d0aa7b3f5,1,0.0,875.382513,13.607584,798.8,0.0,766.6375,0.0,0.0,0.15,1,0,0,0,M,E,D,174.795013,-41.311956
1059c179-bed5-4f5e-999c-bab5702b6975,1,0.0,1351.785294,14.412625,879.87,0.0,766.6375,0.0,0.0,0.05,1,0,0,0,E,E,M,174.77739,-41.3127
10655097-dd30-44b3-8999-687a2d8e5f71,4,0.0,1092.265286,0.0,0.0,0.0,766.6375,0.0,0.0,0.0,0,0,0,0,E,E,E,174.79219,-41.317397
106fd464-40d0-41d8-a952-fc767419c5df,1,0.0,1695.41568,0.0,0.0,0.0,766.6375,0.0,200.0,0.0,0,0,1,0,E,E,E,174.783598,-41.311131
107bfff5-7760-4135-b00d-58d0fd558eba,1,323.068,1943.541684,0.0,0.0,0.0,766.6375,0.0,500.0,0.0,0,0,1,0,E,E,E,174.797076,-41.324385
108b33fe-8575-4201-b282-cea089ab417b,1,137.6802,1592.859339,0.0,0.0,0.0,766.6375,0.0,500.0,0.0,0,0,1,0,E,E,E,174.775025,-41.320454
1091322e-1f60-4fc0-87fe-756d764a578e,1,370.1671,1514.82812,0.0,0.0,0.0,766.6375,0.0,4000.0,0.0,0,0,1,0,E,E,E,174.792686,-41.310538
10b1c45f-2c04-4906-bce1-2e68b445bc9e,1,0.0,1024.054359,15.788654,643.19,0.0,766.6375,0.0,0.0,0.05,1,0,0,0,E,E,M,174.804604,-41.321334
10c15207-42bd-488e-ab1d-e794c98db14e,1,0.0,1090.794101,0.0,0.0,0.0,766.6375,0.0,0.0,0.05,0,0,0,0,E,E,M,174.788969,-41.32315
10f28907-2676-4935-b52d-c0d2c9903bb9,1,212.3017,1496.832822,0.0,0.0,0.0,766.6375,0.0,500.0,0.05,0,0,1,0,M,E,E,174.778678,-41.32105
110a9415-cc88-4786-96c9-3d4fe8bbef40,1,0.0,1589.084719,0.0,0.0,0.0,766.6375,0.0,0.0,0.0,0,0,0,0,E,E,E,174.802257,-41.321607
110ffb42-da06-481e-b102-b2eb14e1d584,1,228.775,1791.715485,13.234645,643.19,0.0,766.6375,0.0,500.0,0.0,1,0,1,0,E,E,E,174.772307,-41.322709
1113dc91-aee4-479b-9f99-0378e088aa62,1,309.4411,1787.234115,0.0,0.0,0.0,766.6375,0.0,1500.0,0.0,0,0,1,0,E,E,E,174.784684,-41.314701
111de49d-8790-42b5-84bf-f14410f52827,1,0.0,1779.112914,0.0,0.0,0.0,766.6375,0.0,0.0,0.15,0,0,0,0,D,E,M,174.776917,-41.313525
111debf2-047b-446a-976d-4d234ef484db,1,0.0,2035.740627,0.0,0.0,0.0,766.6375,0.0,200.0,0.05,0,0,1,0,M,E,E,174.777124,-41.320421
11293244-bf04-4081-8630-bc975f1dcd69,3,0.0,1129.508485,0.0,0.0,0.0,766.6375,0.0,0.0,0.05,0,0,0,0,E,E,M,174.794881,-41.311579
113790f5-cab0-46e0-b304-d3ede9068606,1,0.0,1707.061976,0.0,0.0,0.0,766.6375,0.0,0.0,0.0,0,0,0,0,E,E,E,174.786387,-41.311479
1139c27c-ef4e-45f7-8a15-f2dd445b1e75,19,604.4239,1259.154019,21.511904,643.19,0.0,766.6375,0.0,4000.0,0.1,1,0,1,0,E,E,D,174.777922,-41.313841
1139e3c6-e4a3-48bc-ac6c-46fab3cdeb51,2,0.0,1251.570368,0.0,0.0,0.0,766.6375,0.0,0.0,0.05,0,0,0,0,E,E,M,174.777366,-41.312788
1144502c-c991-4b9d-aba8-91ad0f19943e,1,0.0,1043.916792,0.0,0.0,0.0,766.6375,0.0,0.0,0.05,0,0,0,0,E,E,M,174.776225,-41.312009
1152163e-a89a-4cde-aea3-553c90aa2504,1,0.0,1549.846468,0.0,0.0,0.0,766.6375,0.0,200.0,0.0,0,0,1,0,E,E,E,174.784788,-41.31087
115c6670-3bba-43a1-aef0-41f079d1358b,1,0.0,1053.163783,0.0,0.0,0.0,766.6375,0.0,0.0,0.0,0,0,0,0,E,E,E,174.78698,-41.311373
1164c1c2-f108-4955-a8a5-5cd9796a15fb,1,0.0,847.156236,23.552626,798.8,0.0,766.6375,0.0,0.0,0.1,1,0,0,0,E,E,D,174.793195,-41.318347
116f0120-16b4-479e-9c9f-907029a6ad87,1,0.0,1800.63194,0.0,0.0,0.0,766.6375,0.0,0.0,0.0,0,0,0,0,E,E,E,174.805076,-41.321881
117d3f23-c500-45c6-8d53-bdecf8a43181,3,0.0,763.383508,21.527693,744.69,0.0,766.6375,0.0,0.0,0.1,1,0,0,0,E,E,D,174.790107,-41.322741
11859c49-085f-4bba-9309-9c38f9801a39,3,257.7408,1196.389812,0.0,0.0,0.0,766.6375,0.0,500.0,0.0,0,0,1,0,E,E,E,174.775418,-41.310788
118ee4fe-54a1-41b6-8f38-35ef7297bc9c,2,383.3522,1647.467816,0.0,0.0,0.0,766.6375,0.0,1500.0,0.05,0,0,1,0,M,E,E,174.79257,-41.313531
119bca36-c1f3-40a3-bb1d-0be67063ffd1,3,0.0,1690.618784,0.0,0.0,0.0,766.6375,0.0,200.0,0.05,0,0,1,0,M,E,E,174.785941,-41.312913
11c1f5b5-a162-429c-8c25-8bebf8e8ef93,1,0.0,1788.276351,0.0,0.0,0.0,766.6375,0.0,0.0,0.05,0,0,0,0,M,E,E,174.805049,-41.322116
11c9a897-60bc-403f-90ff-af749829c8d9,2,0.0,1005.052613,7.412242,1224.08,0.0,766.6375,0.0,0.0,0.05,1,0,0,0,E,E,M,174.776468,-41.320974
11cf0d81-7732-46c8-b23b-a7baea6ea9cd,1,0.0,2123.160955,0.0,0.0,0.0,766.6375,0.0,0.0,0.0,0,0,0,0,E,E,E,174.776724,-41.314793
11da0606-a9f4-40b7-b452-349d395f1621,7,0.0,1911.83056,29.327748,1224.08,0.0,766.6375,0.0,0.0,0.05,1,0,0,0,E,E,M,174.777577,-41.31124
11e5236a-eee6-473e-8d16-4a6cbe46aee0,3,493.6231,1801.028314,0.0,0.0,0.0,766.6375,0.0,500.0,0.05,0,0,1,0,M,E,E,174.794452,-41.316922
11f7aee7-4677-4336-9d04-36c74f9cc08a,1,215.8503,1742.789075,0.0,0.0,0.0,766.6375,0.0,500.0,0.0,0,0,1,0,E,E,E,174.778726,-41.320939
12156092-a6da-45ac-8ec1-621a632ae8d5,2,0.0,1055.124543,0.0,0.0,0.0,766.6375,0.0,0.0,0.1,0,0,0,0,M,E,M,174.790254,-41.313237
1216bacf-7030-4f08-8429-3a31f3a7b156,1,0.0,1380.40678,0.0,0.0,0.0,766.6375,0.0,0.0,0.05,0,0,0,0,E,E,M,174.784781,-41.317024
1239b5ed-c1d5-47bc-9c85-cb3bb99a37c0,1,253.4084,1793.041719,0.0,0.0,0.0,766.6375,0.0,1500.0,0.0,0,0,1,0,E,E,E,174.784122,-41.313682
123b178b-fa6a-49de-8da5-a5e915595ef9,1,369.2921,2049.888483,0.0,0.0,0.0,766.6375,0.0,1500.0,0.05,0,0,1,0,M,E,E,174.779389,-41.319805
12505eba-d4ee-4602-8187-b412338a8aed,1,219.0839,1733.060712,0.0,0.0,0.0,766.6375,0.0,500.0,0.0,0,0,1,0,E,E,E,174.794425,-41.321837
1260d115-eb2a-4839-923a-f21587219981,1,0.0,944.242081,0.0,0.0,0.0,766.6375,0.0,0.0,0.05,0,0,0,0,E,E,M,174.791903,-41.317967
126777a0-b23d-471a-a196-1577597552e4,1,0.0,1026.077002,0.0,0.0,0.0,766.6375,0.0,0.0,0.0,0,0,0,0,E,E,E,174.79398,-41.310743
12855f72-4d6c-4f69-b7db-cae988a44bbb,1,0.0,946.392558,8.28097,744.69,0.0,766.6375,0.0,0.0,0.05,1,0,0,0,E,E,M,174.78682,-41.314398
128b01c4-89f5-4515-8cdc-f31c120e86fc,1,0.0,1669.081278,0.0,0.0,0.0,766.6375,0.0,0.0,0.05,0,0,0,0,M,E,E,174.774808,-41.324539
128f225f-4aa0-4192-8d54-738fe0c32b84,1,0.0,1688.929945,0.0,0.0,0.0,766.6375,0.0,200.0,0.0,0,0,1,0,E,E,E,174.785573,-41.312565
12901eb0-743b-4203-bdbe-edd20942dd38,1,293.4442,1631.592928,0.0,0.0,0.0,766.6375,0.0,1500.0,0.0,0,0,1,0,E,E,E,174.783665,-41.318645
129ff57f-550d-4339-91b8-3e90c722eaa9,1,233.9497,1629.238373,0.0,0.0,0.0,766.6375,0.0,500.0,0.0,0,0,1,0,E,E,E,174.793937,-41.321748
12b1edfe-a285-4880-85ac-c632a1e7c775,1,200.9958,1028.684117,0.0,0.0,0.0,766.6375,0.0,500.0,0.05,0,0,1,0,E,E,M,174.778991,-41.319784
12b3b238-db3f-4675-a855-afd78e7c528f,1,0.0,857.960376,31.630862,643.19,0.0,766.6375,0.0,0.0,0.1,1,0,0,0,E,E,D,174.789662,-41.321384
12bf0e32-e6d4-4e85-b24d-d205dd1f7b76,7,1011.444,997.54992,0.0,0.0,0.0,766.6375,0.0,500.0,0.1,0,0,1,0,M,E,M,174.777878,-41.312653
12c0aa93-ee43-40a1-978f-8cf44d435991,1,263.6595,1915.102675,0.0,0.0,0.0,766.6375,0.0,1500.0,0.0,0,0,1,0,E,E,E,174.798631,-41.32097
12cb0619-ba46-42de-8d6b-d3748c538976,2,32.2797,1219.784037,0.0,0.0,21.061061,766.6375,14.875219,0.0,0.05,0,1,0,0,M,E,E,174.795524,-41.309417
12dbda91-edf2-4332-9fa9-c2bcffde4551,1,0.0,1181.924982,0.0,0.0,0.0,766.6375,0.0,0.0,0.05,0,0,0,0,M,E,E,174.788029,-41.313551
12f285c5-19ce-4823-8b10-d3fe6d9afdeb,1,417.2283,1891.366918,0.0,0.0,0.0,766.6375,0.0,1500.0,0.05,0,0,1,0,M,E,E,174.798086,-41.322433
1319a09a-6930-4f67-b064-54de1da4090e,2,344.6167,1800.173299,0.0,0.0,0.0,766.6375,0.0,1500.0,0.0,0,0,1,0,E,E,E,174.781124,-41.312509
1324bf60-7c75-47dc-a192-e2384f7bc9f2,1,0.0,1100.289301,0.0,0.0,0.0,766.6375,0.0,0.0,0.0,0,0,0,0,E,E,E,174.77496,-41.315189
1333bbe1-f790-489b-b1cd-fc8ed847a759,1,204.3948,1535.940803,0.0,0.0,0.0,766.6375,0.0,500.0,0.0,0,0,1,0,E,E,E,174.791479,-41.311783
1334be15-e2aa-4a8d-8748-7ca3f9054839,1,0.0,1285.699067,15.97556,879.87,0.0,766.6375,0.0,200.0,0.15,1,0,1,0,D,E,M,174.78283,-41.311602
1338af90-6f2e-4857-bf9c-41094be5bfe6,1,0.0,894.603267,17.215224,744.69,0.0,766.6375,0.0,0.0,0.05,1,0,0,0,E,E,M,174.791759,-41.31839
1339f0f0-93ee-4d85-9ea3-b3ae443c790b,1,290.6409,1070.337864,0.0,0.0,0.0,766.6375,0.0,1500.0,0.0,0,0,1,0,E,E,E,174.804658,-41.319224
13427049-6479-404f-a0f7-a639dddb9dc8,2,0.0,1041.631719,0.0,0.0,0.0,766.6375,0.0,0.0,0.0,0,0,0,0,E,E,E,174.791121,-41.316116
1345db89-4046-4762-bdd7-53567b6aa96d,1,0.0,767.339314,0.0,0.0,0.0,766.6375,0.0,0.0,0.2,0,0,0,0,D,E,D,174.774373,-41.312444
1347f057-46aa-4796-b548-7afda6b39a3d,1,0.0,1058.297962,0.0,0.0,0.0,766.6375,0.0,0.0,0.05,0,0,0,0,M,E,E,174.777156,-41.321011
1355f401-6aae-436d-b0b8-06b75877b363,5,415.474,1891.129351,0.0,0.0,0.0,766.6375,0.0,500.0,0.0,0,0,1,0,E,E,E,174.795695,-41.316476
1362e1ff-6ad7-405d-b258-2d70c4aa54a8,1,0.0,1045.08881,0.0,0.0,0.0,766.6375,0.0,0.0,0.0,0,0,0,0,E,E,E,174.774976,-41.315416
136c1635-728b-4ba8-b7b2-1a81cd6648c5,1,0.0,913.998778,0.0,0.0,0.0,766.6375,0.0,0.0,0.05,0,0,0,0,E,E,M,174.778236,-41.312944
1372ab49-d06a-4d87-955a-611d99aa7f21,1,0.0,954.564889,27.790866,643.19,0.0,766.6375,0.0,0.0,0.1,1,0,0,0,E,E,D,174.794414,-41.311711
1381a067-bee9-481b-aac0-e450c9755e25,3,257.5973,1260.629086,0.0,0.0,0.0,766.6375,0.0,500.0,0.0,0,0,1,0,E,E,E,174.775469,-41.314358
138b81d1-d4d8-4b55-b932-295c22fa96fe,1,0.0,886.964595,0.0,0.0,0.0,766.6375,0.0,0.0,0.15,0,0,0,0,M,E,D,174.791793,-41.322308
138b913b-1f69-4157-816a-a95fcbfc67f0,1,394.83,1792.669617,0.0,0.0,0.0,766.6375,0.0,500.0,0.0,0,0,1,0,E,E,E,174.795238,-41.320773
13975e27-5678-4bf8-94fc-04d06a97422c,1,349.7248,1862.657339,0.0,0.0,0.0,766.6375,0.0,500.0,0.0,0,0,1,0,E,E,E,174.797012,-41.323642
139eb10a-030f-4813-9975-135d686031b6,1,0.0,1788.500388,0.0,0.0,0.0,766.6375,0.0,200.0,0.0,0,0,1,0,E,E,E,174.805602,-41.318503
13a6f032-c66d-4dd4-97cb-007d3c2a31e5,1,0.0,1555.806752,0.0,0.0,0.0,766.6375,0.0,0.0,0.05,0,0,0,0,M,E,E,174.777742,-41.311781
13be6d41-066e-439f-9841-b5bd86057346,1,0.0,1171.771959,0.0,0.0,0.0,766.6375,0.0,0.0,0.05,0,0,0,0,M,E,E,174.788111,-41.313781
13d06e27-5063-482f-99b8-74cca9043c65,1,408.7164,1926.316985,0.0,0.0,0.0,766.6375,0.0,500.0,0.0,0,0,1,0,E,E,E,174.797559,-41.323794
13dabbc0-4beb-4263-a041-97747466415e,7,439.8443,1264.131761,0.0,0.0,0.0,766.6375,0.0,500.0,0.05,0,0,1,0,E,E,M,174.779249,-41.322247
13dbc674-4257-4174-a541-705f664c5031,2,0.0,1537.338796,0.0,0.0,0.0,766.6375,0.0,0.0,0.0,0,0,0,0,E,E,E,174.782136,-41.316872
13fcfef7-88fe-4e23-9d71-6b7d61e2955d,2,0.0,1539.106757,0.0,0.0,0.0,766.6375,0.0,200.0,0.05,0,0,1,0,M,E,E,174.780044,-41.31609
1427133e-0e25-4dba-b8de-4e91bc11cc8f,1,0.0,1764.834129,0.0,0.0,0.0,766.6375,0.0,200.0,0.0,0,0,1,0,E,E,E,174.784685,-41.313082
144840cc-1f2a-4856-9c09-d92da82db5c4,1,0.0,1552.851386,0.0,0.0,0.0,766.6375,0.0,0.0,0.0,0,0,0,0,E,E,E,174.773927,-41.324113
146692e5-b0f9-4944-a8c1-d29b2e747cb7,1,0.0,1602.708299,0.0,0.0,0.0,766.6375,0.0,0.0,0.05,0,0,0,0,M,E,E,174.793272,-41.3112
14a2d8ee-0f85-4b44-9b1a-e788695d19ef,1,339.4611,1607.711667,0.0,0.0,0.0,766.6375,0.0,1500.0,0.0,0,0,1,0,E,E,E,174.79378,-41.322674
14c7f229-b74e-430d-88f6-68aa186f8eaa,2,0.0,951.158906,13.946891,1224.08,0.0,766.6375,0.0,0.0,0.05,1,0,0,0,E,E,M,174.792982,-41.321518
14d0f943-1576-446a-9ae2-3a8c0cacd13a,4,0.0,1510.513378,0.0,0.0,0.0,766.6375,0.0,0.0,0.0,0,0,0,0,E,E,E,174.793338,-41.311094
14d43f7b-671a-443a-872a-feb3ba5033b2,1,0.0,1124.270089,0.0,0.0,0.0,766.6375,0.0,0.0,0.0,0,0,0,0,E,E,E,174.776313,-41.313393
14d986e9-41de-48a1-8e63-1b96dc34cb51,1,259.2448,1734.220063,0.0,0.0,0.0,766.6375,0.0,500.0,0.0,0,0,1,0,E,E,E,174.781842,-41.318947
14ff0e21-a611-4339-bba1-5d9821980e8c,1,0.0,958.71901,0.0,0.0,0.0,766.6375,0.0,0.0,0.05,0,0,0,0,E,E,M,174.793424,-41.322624
1521f41d-fcbb-4fc9-9a70-c6c04ea82fc9,1,0.0,920.341304,0.0,0.0,0.0,766.6375,0.0,0.0,0.05,0,0,0,0,E,E,M,174.791723,-41.318494
152636b4-7082-4eb1-a1b5-57baba226682,1,387.4541,1986.817595,0.0,0.0,0.0,766.6375,0.0,1500.0,0.0,0,0,1,0,E,E,E,174.799574,-41.320697
152cfbab-c63d-43aa-b12c-45c401281884,1,465.6709,1721.101676,0.0,0.0,0.0,766.6375,0.0,500.0,0.05,0,0,1,0,M,E,E,174.783639,-41.314472
1533be7e-3df8-405b-9a81-32de865864a4,1,342.2389,1968.509731,0.0,0.0,0.0,766.6375,0.0,4000.0,0.0,0,0,1,0,E,E,E,174.799522,-41.323769
153834d3-848a-411d-99b9-3281400c7379,1,0.0,1623.095786,0.0,0.0,0.0,766.6375,0.0,0.0,0.1,0,0,0,0,M,E,M,174.773844,-41.321637
153db7c6-e5db-4248-b37c-4807aacfd8bb,2,0.0,1101.012924,0.0,0.0,0.0,766.6375,0.0,0.0,0.05,0,0,0,0,E,E,M,174.795893,-41.310077
15616f4a-ac91-4c96-82f6-ed724f10e9d3,1,0.0,1186.364077,0.0,0.0,0.0,766.6375,0.0,0.0,0.0,0,0,0,0,E,E,E,174.786457,-41.313669
156a0c48-a07c-43df-893e-94e15237e98b,1,0.0,1537.871478,0.0,0.0,0.0,766.6375,0.0,0.0,0.0,0,0,0,0,E,E,E,174.785461,-41.313933
1583e75c-5d16-4471-8d57-5006eefcd9fb,10,0.0,1524.933787,0.0,0.0,0.0,766.6375,0.0,0.0,0.0,0,0,0,0,E,E,E,174.778202,-41.31116
15862964-afc1-440e-a3f4-4fe7e29f6c7d,1,0.0,826.929689,30.129643,1224.08,0.0,766.6375,0.0,0.0,0.15,1,0,0,0,M,E,D,174.790978,-41.318671
159d468c-0b8c-4494-8b26-ad2f51e60fd2,1,0.0,1882.733048,0.0,0.0,0.0,766.6375,0.0,200.0,0.0,0,0,1,0,E,E,E,174.799554,-41.320006
15ac847d-dad3-440a-8957-4cd3ea8ae3ed,1,0.0,959.12161,31.15563,1224.08,0.0,766.6375,0.0,0.0,0.1,1,0,0,0,E,E,D,174.786644,-41.325226
15b07a1e-62b6-49b7-aa74-8638c688bd73,1,0.0,1507.527001,0.0,0.0,0.0,766.6375,0.0,200.0,0.0,0,0,1,0,E,E,E,174.784215,-41.318395
15b2af6a-5f72-46a0-b6ca-cd73b76ad970,2,268.4489,1622.83571,0.0,0.0,0.0,766.6375,0.0,500.0,0.0,0,0,1,0,E,E,E,174.777998,-41.320983
15be2b45-5cf4-4a44-89cc-0102e74e1076,1,0.0,1687.310994,0.0,0.0,0.0,766.6375,0.0,200.0,0.0,0,0,1,0,E,E,E,174.778068,-41.320666
15c10a6f-ff63-4430-8d78-a3025c7c0d6c,1,269.648,1456.498034,0.0,0.0,0.0,766.6375,0.0,1500.0,0.0,0,0,1,0,E,E,E,174.774612,-41.321961
15d3c7c7-f8f1-44ad-82e8-d94fd37f35d4,1,509.7976,1912.796055,0.0,0.0,0.0,766.6375,0.0,1500.0,0.05,0,0,1,0,M,E,E,174.797902,-41.31772
161d99ad-f808-474e-abf0-1db492d6b9f1,14,929.6946,1688.906102,0.0,0.0,0.0,766.6375,0.0,500.0,0.05,0,0,1,0,M,E,E,174.778679,-41.319399
16254111-beda-4eb4-b0af-efe9ac8d2b78,1,527.4158,1738.357114,0.0,0.0,0.0,766.6375,0.0,500.0,0.05,0,0,1,0,M,E,E,174.781989,-41.318922
1634c8b2-3021-4d37-98bd-39c0b3543820,16,0.0,1875.537095,0.0,0.0,0.0,766.6375,0.0,0.0,0.1,0,0,0,0,D,E,E,174.81102,-41.328389
163e3d6b-a4b3-4fb1-a0d9-d17611426d16,1,0.0,1883.360332,0.0,0.0,0.0,766.6375,0.0,200.0,0.05,0,0,1,0,M,E,E,174.79511,-41.323707
163f2ad7-7459-4843-a1f4-39bea0cc3349,1,0.0,1501.930632,0.0,0.0,0.0,766.6375,0.0,0.0,0.1,0,0,0,0,M,E,M,174.804597,-41.321879
1644aba2-73ec-4c89-a173-95910bb6a0ed,7,341.4149,1694.599673,0.0,0.0,0.0,766.6375,0.0,1500.0,0.0,0,0,1,0,E,E,E,174.779513,-41.313513
1647f587-493a-4a76-8dfc-ddc4a1d92db2,18,0.0,1084.074879,0.0,0.0,0.0,766.6375,0.0,0.0,0.2,0,0,0,0,D,E,D,174.788578,-41.320592
1676f73b-8573-4fc8-b40b-63d75e104bed,4,0.0,1520.120308,0.0,0.0,0.0,766.6375,0.0,0.0,0.05,0,0,0,0,E,E,M,174.783865,-41.309933
167d7189-659b-44ae-a8d5-d6dbefb088de,1,0.0,1789.10616,0.0,0.0,0.0,766.6375,0.0,200.0,0.0,0,0,1,0,E,E,E,174.80211,-41.320373
168a24d9-d11a-4758-b204-55c903e39282,1,363.2671,2149.346129,0.0,0.0,0.0,766.6375,0.0,1500.0,0.0,0,0,1,0,E,E,E,174.780202,-41.319561
169f6363-e909-445c-b42c-d10441d83472,7,613.0626,1926.789395,0.0,0.0,0.0,766.6375,0.0,2500.0,0.05,0,0,1,0,M,E,E,174.797958,-41.318047
16b2718d-ac3a-4b94-8681-bb7551a7f05c,1,201.8777,1919.470673,0.0,0.0,0.0,766.6375,0.0,500.0,0.0,0,0,1,0,E,E,E,174.798965,-41.320063
16bc8689-62b0-4ed6-8f60-cda7bf165281,1,0.0,963.884293,0.0,0.0,0.0,766.6375,0.0,0.0,0.1,0,0,0,0,M,E,M,174.78614,-41.317679
16d5cca0-040f-41b3-88d8-b843d8c5f9e5,1,0.0,1922.410886,0.0,0.0,0.0,766.6375,0.0,200.0,0.0,0,0,1,0,E,E,E,174.797816,-41.320164
16d8c912-fa5c-48b6-92bd-3d26384f486c,5,14.9261,1665.803322,0.0,0.0,16.56151,766.6375,2.51664,200.0,0.0,0,1,1,0,E,E,E,174.792541,-41.314713
16df5ce4-65da-4cea-9279-db99235d07cf,1,0.0,827.50273,0.0,0.0,0.0,766.6375,0.0,0.0,0.1,0,0,0,0,E,E,D,174.793226,-41.318238
16e354a5-57b0-467f-95e0-d8326f751561,1,0.0,1589.20375,0.0,0.0,0.0,766.6375,0.0,200.0,0.05,0,0,1,0,M,E,E,174.79165,-41.310267
16f52d01-9c81-4980-a252-3fd3205ff179,1,0.0,1015.486332,0.0,0.0,0.0,766.6375,0.0,0.0,0.05,0,0,0,0,E,E,M,174.791112,-41.314801
16fc72ed-9f6e-4cc3-9359-5e87a9be0609,1,0.0,1826.406896,0.0,0.0,0.0,766.6375,0.0,200.0,0.0,0,0,1,0,E,E,E,174.801323,-41.319586
170eba6d-40ab-4d17-999f-f815907accdd,1,0.0,1643.570763,0.0,0.0,0.0,766.6375,0.0,200.0,0.0,0,0,1,0,E,E,E,174.784456,-41.315648
1747b379-cc4d-49d6-833c-3732c5681f79,2,224.0886,1762.655979,0.0,0.0,0.0,766.6375,0.0,500.0,0.0,0,0,1,0,E,E,E,174.782537,-41.314756
176c50a8-1d26-44ac-8149-5b1df8d2d7b8,1,0.0,2489.607126,0.0,0.0,0.0,766.6375,0.0,200.0,0.0,0,0,1,0,E,E,E,174.783847,-41.317266
176eab86-3a16-490f-b805-e31bf972ae40,2,0.0,792.595315,0.0,0.0,0.0,766.6375,0.0,0.0,0.1,0,0,0,0,E,E,D,174.789458,-41.323538
1778dc8c-b0ff-42a4-9027-47a7420a9a88,1,0.0,1062.237894,0.0,0.0,0.0,766.6375,0.0,0.0,0.05,0,0,0,0,M,E,E,174.777074,-41.322005
1786e07e-7c0a-4841-97d7-eeabc438a17d,1,243.2715,1936.395483,0.0,0.0,0.0,766.6375,0.0,500.0,0.0,0,0,1,0,E,E,E,174.774274,-41.320487
178b2cf7-64de-482b-9a5b-2ba5147f7293,1,263.5852,1713.093201,0.0,0.0,0.0,766.6375,0.0,500.0,0.0,0,0,1,0,E,E,E,174.794613,-41.321098
179302b6-6ce7-4ef5-bf90-1c3853b8bb45,1,308.4486,1788.25421,0.0,0.0,0.0,766.6375,0.0,1500.0,0.0,0,0,1,0,E,E,E,174.784125,-41.314088
17952835-7ef2-4fa0-88e2-fc1fcced93d3,1,146.0109,1419.563232,0.0,0.0,0.0,766.6375,0.0,500.0,0.05,0,0,1,0,M,E,E,174.775312,-41.310564
17a06813-7c95-4495-a78b-bba0a028d714,1,0.0,1741.757039,0.0,0.0,0.0,766.6375,0.0,200.0,0.0,0,0,1,0,E,E,E,174.776841,-41.320552
17aa64a5-51f3-471e-9246-00a0bfb4e683,1,0.0,1660.085085,0.0,0.0,0.0,766.6375,0.0,200.0,0.0,0,0,1,0,E,E,E,174.785783,-41.312512
17abe042-efe1-4311-a148-af4d29e374c1,1,183.7512,1749.306011,0.0,0.0,0.0,766.6375,0.0,500.0,0.0,0,0,1,0,E,E,E,174.784505,-41.312343
17bd1732-552d-4034-8f38-f87c858b8fd0,1,265.3002,1574.197802,0.0,0.0,0.0,766.6375,0.0,500.0,0.0,0,0,1,0,E,E,E,174.777047,-41.318986
17bd6d4e-66d0-4265-a08f-7688b386a8e2,5,0.0,1433.72364,17.852756,879.87,0.0,766.6375,0.0,0.0,0.05,1,0,0,0,E,E,M,174.774868,-41.319239
17c8fc45-2e8c-401f-a0b7-af796226bb39,2,0.0,893.047652,0.0,0.0,0.0,766.6375,0.0,0.0,0.1,0,0,0,0,E,E,D,174.792506,-41.322123
17de76bf-23ed-4839-83eb-5c7a465b41f7,7,681.7036,1749.812138,0.0,0.0,0.0,766.6375,0.0,500.0,0.1,0,0,1,0,D,E,E,174.794639,-41.321995
17f11891-1b5b-4c55-99dd-a3b84d49c877,1,0.0,1017.999243,0.0,0.0,0.0,766.6375,0.0,0.0,0.0,0,0,0,0,E,E,E,174.793317,-41.309844
17f30b79-fda6-4ba9-964b-9189ff342959,1,0.0,1065.125024,0.0,0.0,0.0,766.6375,0.0,0.0,0.05,0,0,0,0,E,E,M,174.794909,-41.310718
17ff4cf4-19c0-48da-b4ad-d29e57bd213a,1,0.0,1892.723978,0.0,0.0,0.0,766.6375,0.0,200.0,0.05,0,0,1,0,M,E,E,174.799945,-41.319269
180ebdaf-ae76-46f4-8e61-7bf4799695ea,2,0.0,749.412681,0.0,0.0,0.0,766.6375,0.0,0.0,0.2,0,0,0,0,D,E,D,174.79206,-41.322776
1813a89e-fa0e-46f3-839e-cb24ea617e80,1,0.0,1091.170194,15.255606,744.69,0.0,766.6375,0.0,0.0,0.05,1,0,0,0,E,E,M,174.790424,-41.321509
183511db-92fc-49a1-b798-2894fb037f10,1,0.0,1021.859399,0.0,0.0,0.0,766.6375,0.0,0.0,0.0,0,0,0,0,E,E,E,174.785575,-41.315894
18433217-00f3-48ae-8283-2bd64b523c11,1,194.2849,1675.547875,0.0,0.0,0.0,766.6375,0.0,1500.0,0.0,0,0,1,0,E,E,E,174.782363,-41.319283
18481cec-bd46-4c71-969b-02e39bd384ad,3,403.8195,1541.064631,0.0,0.0,0.0,766.6375,0.0,500.0,0.0,0,0,1,0,E,E,E,174.792234,-41.311266
184bffb5-c4ce-4c13-b0de-d1c6747e4deb,1,0.0,1732.069812,0.0,0.0,0.0,766.6375,0.0,200.0,0.0,0,0,1,0,E,E,E,174.784749,-41.312786
18503df4-75a9-4a4e-8fe5-a36b21210533,1,0.0,908.91194,0.0,0.0,0.0,766.6375,0.0,0.0,0.05,0,0,0,0,E,E,M,174.786231,-41.317916
18557cb6-1ad3-4de0-b3ff-3bff6edd971c,4,0.0,1332.783515,0.0,0.0,0.0,766.6375,0.0,0.0,0.05,0,0,0,0,M,E,E,174.785563,-41.317829
185b24ae-8380-45f5-97cd-d8d3b8a0ecb7,1,261.9508,1388.439524,0.0,0.0,0.0,766.6375,0.0,1500.0,0.0,0,0,1,0,E,E,E,174.784816,-41.315042
1865e3e7-6d62-4c84-8614-0f59a3566f38,1,409.1727,1901.216998,0.0,0.0,0.0,766.6375,0.0,1500.0,0.05,0,0,1,0,M,E,E,174.800525,-41.320541
1880abb9-0705-47ed-9ef2-c9593f311b3b,3,0.0,1702.42477,0.0,0.0,0.0,766.6375,0.0,200.0,0.0,0,0,1,0,E,E,E,174.781168,-41.317049
18a1a7ef-31de-4b3a-813d-87abff486cc1,2,0.0,1650.256645,0.0,0.0,0.0,766.6375,0.0,200.0,0.0,0,0,1,0,E,E,E,174.777589,-41.320131
18a41ba4-8c9b-43a3-8064-1ce71f056ba8,1,0.0,1300.512632,0.0,0.0,0.0,766.6375,0.0,0.0,0.05,0,0,0,0,E,E,M,174.774069,-41.321761
18ba973d-0825-4226-873b-1d45ec4aee3d,1,0.0,1885.672871,0.0,0.0,0.0,766.6375,0.0,200.0,0.0,0,0,1,0,E,E,E,174.798264,-41.324583
18cb23ce-4d96-46ac-93af-dbadd326edbc,1,0.0,1624.699826,0.0,0.0,0.0,766.6375,0.0,0.0,0.05,0,0,0,0,M,E,E,174.774683,-41.319285
18cffabe-de86-4405-8262-112c9d39227c,1,0.0,1748.670099,0.0,0.0,0.0,766.6375,0.0,0.0,0.0,0,0,0,0,E,E,E,174.772807,-41.323523
18d85b15-2622-4267-b65a-7fc2b6d51ab7,2,0.0,1403.018053,0.0,0.0,0.0,766.6375,0.0,0.0,0.05,0,0,0,0,E,E,M,174.774582,-41.321779
18eb1188-de4f-4f2a-98eb-30d946f78f24,1,0.0,877.164334,24.255334,798.8,0.0,766.6375,0.0,0.0,0.15,1,0,0,0,M,E,D,174.791378,-41.324998
18f55282-1f21-4594-83d7-95075308f573,1,0.0,995.629619,0.0,0.0,0.0,766.6375,0.0,0.0,0.05,0,0,0,0,E,E,M,174.775582,-41.318968
18f5cce2-be7a-47d3-9941-c36dc1e87d1e,14,0.0,1366.800858,0.0,0.0,0.0,766.6375,0.0,0.0,0.0,0,0,0,0,E,E,E,174.791229,-41.310903
18f76beb-9c47-481f-a2ef-04afe678a38b,8,631.1864,1918.681081,0.0,0.0,0.0,766.6375,0.0,2500.0,0.05,0,0,1,0,M,E,E,174.797774,-41.318043
191ae738-91ed-44a1-a1f2-6445c336874b,1,0.0,1020.54303,0.0,0.0,0.0,766.6375,0.0,0.0,0.0,0,0,0,0,E,E,E,174.791936,-41.314573
191f5aec-8b76-4126-b5dd-38b3dd8ea64e,15,0.0,1511.5252,30.135939,643.19,0.0,766.6375,0.0,0.0,0.05,1,0,0,0,M,E,E,174.775572,-41.322101
1923fec7-e3ff-4851-ac60-4734051d5f70,1,296.9629,1422.045327,6.462229,879.87,0.0,766.6375,0.0,1500.0,0.0,1,0,1,0,E,E,E,174.784863,-41.315322
193588b1-109b-46e3-9766-421304d810e1,1,0.0,860.748581,15.697113,1224.08,0.0,766.6375,0.0,0.0,0.1,1,0,0,0,E,E,D,174.791097,-41.324873
195fd1cc-cd26-452b-ab3c-69750184305d,1,0.0,1536.902415,5.272052,643.19,0.0,766.6375,0.0,0.0,0.0,1,0,0,0,E,E,E,174.784779,-41.309785
19657abe-ee90-4dba-90c1-b9a8e28f2826,1,0.0,1002.195271,16.997864,1224.08,0.0,766.6375,0.0,0.0,0.1,1,0,0,0,M,E,M,174.794408,-41.312045
19691b9f-5eb5-4960-9f68-97a05209287a,1,0.0,989.753889,0.0,0.0,0.0,766.6375,0.0,200.0,0.05,0,0,1,0,E,E,M,174.779078,-41.320173
19695c68-ca43-4642-b7c9-5b2d4bc10f7b,1,223.4412,1443.778105,0.0,0.0,0.0,766.6375,0.0,500.0,0.0,0,0,1,0,E,E,E,174.775353,-41.310087
19698b25-23d9-4115-a65f-10318d8b5a79,1,402.2885,1927.280999,0.0,0.0,0.0,766.6375,0.0,500.0,0.05,0,0,1,0,M,E,E,174.804731,-41.324116
196fadd6-98fc-43a6-b173-81e16aa6108b,1,0.0,1132.564504,0.0,0.0,0.0,766.6375,0.0,0.0,0.0,0,0,0,0,E,E,E,174.788369,-41.314046
1978bdb0-c03d-477e-8638-3bb61f705d86,1,0.0,1600.557743,0.0,0.0,0.0,766.6375,0.0,200.0,0.05,0,0,1,0,M,E,E,174.794153,-41.323603
19809f6b-fdb4-4847-89e9-030fd06fff73,1,191.4812,1703.983413,0.0,0.0,0.0,766.6375,0.0,500.0,0.0,0,0,1,0,E,E,E,174.784369,-41.310256
19815005-c4ad-4b34-bcc5-97ada19b1086,1,0.0,1053.959243,14.230587,1224.08,0.0,766.6375,0.0,0.0,0.05,1,0,0,0,E,E,M,174.776477,-41.323576
1992a1c8-667e-4aab-ae7d-66c585fa21fc,1,0.0,1040.803889,17.207525,744.69,0.0,766.6375,0.0,0.0,0.05,1,0,0,0,E,E,M,174.791611,-41.321237
199acf22-95f4-445b-81e2-322bdb7b1c3f,1,229.0344,1692.777409,0.0,0.0,0.0,766.6375,0.0,500.0,0.0,0,0,1,0,E,E,E,174.777677,-41.319396
199c67fe-af73-4483-9cd7-88d54e05bce9,5,304.1444,1708.692409,0.0,0.0,0.0,766.6375,0.0,1500.0,0.0,0,0,1,0,E,E,E,174.785811,-41.311304
19a831b6-c516-441e-85e5-aa7b1f44decf,4,0.0,1567.76353,0.0,0.0,0.0,766.6375,0.0,0.0,0.05,0,0,0,0,M,E,E,174.794345,-41.320235
19c66659-0e17-484e-8291-64395a4f8e55,1,0.0,973.737904,12.701268,1224.08,0.0,766.6375,0.0,0.0,0.05,1,0,0,0,E,E,M,174.776171,-41.312158
19df03c0-b31e-4c0f-8fb9-f494b068f97b,6,888.7404,2053.353789,0.0,0.0,0.0,766.6375,0.0,500.0,0.05,0,0,1,0,M,E,E,174.776248,-41.310741
19e71d26-5bd9-4dae-abb8-58f8c040d512,1,0.0,1600.005749,0.0,0.0,0.0,766.6375,0.0,200.0,0.05,0,0,1,0,M,E,E,174.785852,-41.313134
19ea8b64-3223-4562-a87d-a7a2756d7b1d,3,0.0,855.491485,28.083083,1224.08,0.0,766.6375,0.0,0.0,0.1,1,0,0,0,E,E,D,174.791404,-41.31398
19fe050f-b0d0-4028-81e5-81963149a0d6,1,0.0,1084.633905,0.0,0.0,0.0,766.6375,0.0,0.0,0.0,0,0,0,0,E,E,E,174.802527,-41.320816
19fe94c6-faa8-44d8-ba8d-3c69b7a2b964,1,0.0,1810.550276,0.0,0.0,0.0,766.6375,0.0,200.0,0.0,0,0,1,0,E,E,E,174.801663,-41.320334
1a447770-b0de-4ee3-82a5-b19bfe0cf442,1,172.7599,2244.089685,0.0,0.0,0.0,766.6375,0.0,1500.0,0.0,0,0,1,0,E,E,E,174.779352,-41.320055
1a4fec64-2174-4e25-ae13-5fb806ccb267,2,0.0,1039.542089,0.0,0.0,0.0,766.6375,0.0,0.0,0.0,0,0,0,0,E,E,E,174.793395,-41.309958
1a7e32f8-32f0-42d3-b196-ecb47285d825,2,245.5441,886.414815,0.0,0.0,0.0,766.6375,0.0,4000.0,0.1,0,0,1,0,E,E,D,174.777815,-41.314119
1a972628-1cf7-4d21-8aaf-a749582589a6,1,449.2433,1876.141485,0.0,0.0,0.0,766.6375,0.0,1500.0,0.0,0,0,1,0,E,E,E,174.801433,-41.321524
1a9de78e-2611-4e09-a07a-4d42fafbacbb,1,0.0,1090.68995,33.678719,1224.08,0.0,766.6375,0.0,0.0,0.1,1,0,0,0,M,E,M,174.789503,-41.322359
1abc7278-ec93-48bb-9e7b-efea1f4965ed,1,606.3113,1894.485516,0.0,0.0,0.0,766.6375,0.0,500.0,0.05,0,0,1,0,M,E,E,174.80068,-41.318607
1abf070d-8386-4419-bf92-49b697d41c6f,1,242.2308,1497.623522,0.0,0.0,0.0,766.6375,0.0,1500.0,0.0,0,0,1,0,E,E,E,174.774586,-41.322397
1ae95560-2699-465b-af8b-128a658db682,1,0.0,929.439305,0.0,0.0,0.0,766.6375,0.0,0.0,0.15,0,0,0,0,M,E,D,174.789533,-41.322488
1b2b891d-9887-47bd-85d5-a35cf6c61ed6,7,493.2441,1658.650836,0.0,0.0,0.0,766.6375,0.0,500.0,0.05,0,0,1,0,M,E,E,174.774949,-41.320189
1b37048d-a79c-4845-a03e-5cfb60a968ca,1,0.0,983.51444,0.0,0.0,0.0,766.6375,0.0,0.0,0.1,0,0,0,0,M,E,M,174.792455,-41.320284
1b46b7d5-edd2-45b3-b477-bd1ff02d1d85,3,0.0,919.032631,0.0,0.0,0.0,766.6375,0.0,0.0,0.1,0,0,0,0,E,E,D,174.78929,-41.32432
1b4f7441-5a13-4f3f-a827-b92599581be2,1,350.924,1914.255431,0.0,0.0,0.0,766.6375,0.0,500.0,0.05,0,0,1,0,M,E,E,174.799373,-41.320343
1b8303ce-b55c-4abd-bbd9-5e88c016e1a6,1,0.0,1079.818672,0.0,0.0,0.0,766.6375,0.0,0.0,0.05,0,0,0,0,M,E,E,174.776777,-41.312866
1b8a5fa2-8460-4711-8c90-e904b9e7bcbe,1,0.0,1489.192198,0.0,0.0,0.0,766.6375,0.0,0.0,0.1,0,0,0,0,E,E,D,174.774074,-41.32158
1b905df4-6ec1-41a2-a6b5-b78f571723ef,1,288.2896,1303.23695,14.856705,744.69,0.0,766.6375,0.0,1500.0,0.05,1,0,1,0,E,E,M,174.779214,-41.322783
1ba05886-1eef-48e5-9bb6-f973c4e1a825,1,449.4726,1533.805315,0.0,0.0,0.0,766.6375,0.0,1500.0,0.0,0,0,1,0,E,E,E,174.774612,-41.322635
1ba39bbc-2e9e-4e70-83f6-d4b52455ed94,1,0.0,990.97584,0.0,0.0,0.0,766.6375,0.0,0.0,0.0,0,0,0,0,E,E,E,174.78655,-41.323044
1ba4b7c1-e67b-4d36-84ed-0dccd805983f,2,0.0,1699.206244,0.0,0.0,0.0,766.6375,0.0,0.0,0.0,0,0,0,0,E,E,E,174.785402,-41.313734
1ba85453-cb32-4cbe-b8b1-de450f2c8dfd,2,630.331,1920.007002,0.0,0.0,0.0,766.6375,0.0,2500.0,0.05,0,0,1,0,M,E,E,174.800014,-41.318077
1bad728f-be9b-4fb1-bd8d-15f0cb614d69,1,220.5539,1069.666458,0.0,0.0,0.0,766.6375,0.0,4000.0,0.0,0,0,1,0,E,E,E,174.786448,-41.311767
1bddce93-dbf0-48dc-9bc3-f6a8a2577597,1,0.0,1477.262138,0.0,0.0,0.0,766.6375,0.0,200.0,0.05,0,0,1,0,E,E,M,174.776994,-41.320037
1be2142e-0697-49c0-a5b1-f649aa7b6e83,1,0.0,1052.380149,0.0,0.0,0.0,766.6375,0.0,0.0,0.0,0,0,0,0,E,E,E,174.787007,-41.311012
1bffb6bb-7f17-4fc9-a6af-192a6d47f4db,1,0.0,926.657917,15.619118,744.69,0.0,766.6375,0.0,0.0,0.05,1,0,0,0,E,E,M,174.787253,-41.321287
1c0d97ee-0d70-48d1-b667-04fa10b91702,3,0.0,1431.997781,0.0,0.0,0.0,766.6375,0.0,0.0,0.05,0,0,0,0,M,E,E,174.785537,-41.317736
1c1029a2-d5f5-4c1a-b1b9-4f3dfc4c8696,1,0.0,1725.135094,0.0,0.0,0.0,766.6375,0.0,200.0,0.05,0,0,1,0,M,E,E,174.783443,-41.31127
1c19c669-b9df-4b39-8c5b-0ec2ea5dfe1e,4,0.0,744.31584,24.900942,798.8,0.0,766.6375,0.0,0.0,0.1,1,0,0,0,E,E,D,174.792858,-41.322791
1c1e6420-c542-486d-b4c6-40f96a302d3f,1,402.1728,1918.723156,0.0,0.0,0.0,766.6375,0.0,2500.0,0.05,0,0,1,0,M,E,E,174.804248,-41.323881
1c20a919-9038-4f4e-8dff-ccc85c68e261,1,245.1723,1930.534915,0.0,0.0,0.0,766.6375,0.0,1500.0,0.0,0,0,1,0,E,E,E,174.797243,-41.321617
1c2a8862-2959-41ef-b7c8-f8163c8a12a7,4,774.719,1934.514742,0.0,0.0,0.0,766.6375,0.0,1500.0,0.0,0,0,1,0,E,E,E,174.799818,-41.320745
1c2c0779-904d-41a8-b350-aa1d49c1e923,1,482.568,1650.670304,0.0,0.0,0.0,766.6375,0.0,500.0,0.0,0,0,1,0,E,E,E,174.792687,-41.311424
1c2d2ea7-3fc5-4c28-a374-e73b958df4ae,3,200.1974,2269.766188,0.0,0.0,0.0,766.6375,0.0,1500.0,0.0,0,0,1,0,E,E,E,174.779089,-41.318712
1c2e662d-ecc0-41e2-80eb-23b980916d75,1,0.0,888.322292,0.0,0.0,0.0,766.6375,0.0,0.0,0.15,0,0,0,0,M,E,D,174.789312,-41.324103
1c389e9d-bfa3-4b20-aa92-031153d6e7db,1,169.1178,1645.72797,0.0,0.0,0.0,766.6375,0.0,500.0,0.0,0,0,1,0,E,E,E,174.775631,-41.310063
1c5dc79e-3e84-409e-9d75-755260fcffe8,2,0.0,1316.731594,0.0,0.0,0.0,766.6375,0.0,0.0,0.05,0,0,0,0,E,E,M,174.77773,-41.311077
1c6bfc24-3d13-4f30-a3c0-b9a615ef4034,1,220.6969,1090.346046,0.0,0.0,0.0,766.6375,0.0,4000.0,0.0,0,0,1,0,E,E,E,174.78674,-41.311805
1c7a5532-8ce4-4e81-96b4-9e0630cf4b7b,3,0.0,1693.609959,0.0,0.0,0.0,766.6375,0.0,200.0,0.05,0,0,1,0,M,E,E,174.78451,-41.311202
1c9aaed9-93f0-4d7b-9a25-e15d3d313c13,1,214.7766,1713.675269,0.0,0.0,0.0,766.6375,0.0,500.0,0.0,0,0,1,0,E,E,E,174.778174,-41.319477
1cb68415-c5af-4c7b-8a32-053c06a102b0,1,260.1131,1897.221838,0.0,0.0,0.0,766.6375,0.0,1500.0,0.05,0,0,1,0,E,E,M,174.77991,-41.320626
1cca38da-8fe5-4a1c-b92a-b1fb057d29a1,1,138.6357,1305.008041,0.0,0.0,0.0,766.6375,0.0,1500.0,0.05,0,0,1,0,E,E,M,174.779208,-41.322643
1ccca010-73cc-45f0-80f9-3580f0b005f7,1,453.2558,1717.699476,0.0,0.0,0.0,766.6375,0.0,4000.0,0.05,0,0,1,0,M,E,E,174.786983,-41.31231
1cd38ba3-1f63-464b-b69e-070d8a184a91,1,303.6146,1721.013107,0.0,0.0,0.0,766.6375,0.0,500.0,0.05,0,0,1,0,M,E,E,174.777638,-41.319197
1cdf768d-6fd0-4cdd-8704-45b4d20829e2,1,293.1864,2313.928555,0.0,0.0,0.0,766.6375,0.0,500.0,0.0,0,0,1,0,E,E,E,174.777073,-41.310797
1ce8da8c-dd6a-4445-b846-17de646dca84,1,311.7181,1727.23405,0.0,0.0,0.0,766.6375,0.0,4000.0,0.05,0,0,1,0,M,E,E,174.805923,-41.319493
1cee169d-0c68-45ad-a65a-9d391be691ac,5,0.0,962.77745,0.0,0.0,0.0,766.6375,0.0,0.0,0.1,0,0,0,0,M,E,M,174.791537,-41.319383
1cf7ffa2-24e3-4823-8693-0e4e488849f8,2,0.0,1705.049111,0.0,0.0,0.0,766.6375,0.0,0.0,0.0,0,0,0,0,E,E,E,174.782719,-41.316548
1d069eeb-3e0d-4cdb-a6c0-15ea8ec4aa12,3,0.0,1042.977187,0.0,0.0,0.0,766.6375,0.0,0.0,0.1,0,0,0,0,M,E,M,174.776271,-41.323932
1d0a916e-a09d-492f-b91c-e67987a72c9a,1,0.0,900.704643,0.0,0.0,0.0,766.6375,0.0,0.0,0.1,0,0,0,0,E,E,D,174.790518,-41.32063
1d0c549b-d14f-458e-a5dd-2f1c2b0539e7,1,0.0,1075.724759,0.0,0.0,0.0,766.6375,0.0,0.0,0.0,0,0,0,0,E,E,E,174.775064,-41.319008
1d0f8ee7-5ca4-4e44-9fa5-89565e6212d2,1,367.8552,1870.597946,0.0,0.0,0.0,766.6375,0.0,500.0,0.0,0,0,1,0,E,E,E,174.798109,-41.323811
1d1841d0-7a45-4f40-b4b1-5bef177fc0f3,1,0.0,1567.373382,0.0,0.0,0.0,766.6375,0.0,0.0,0.0,0,0,0,0,E,E,E,174.77751,-41.312434
1d24e25e-19c8-4196-bac2-fd468915d043,3,0.0,934.831206,0.0,0.0,0.0,766.6375,0.0,0.0,0.15,0,0,0,0,M,E,D,174.7943,-41.311232
1d251a0f-229e-4fb6-9436-88708c5f60f3,1,0.0,1700.900602,0.0,0.0,0.0,766.6375,0.0,0.0,0.05,0,0,0,0,M,E,E,174.781384,-41.317762
1d27ea0b-0e00-48a7-ad18-6badf04ed90e,1,0.0,1397.963511,0.0,0.0,0.0,766.6375,0.0,200.0,0.05,0,0,1,0,E,E,M,174.785398,-41.31191
1d371343-ac0b-4269-914c-e24fa60468c5,4,0.0,1185.293347,12.161594,798.8,0.0,766.6375,0.0,0.0,0.05,1,0,0,0,E,E,M,174.775139,-41.318251
1d4cc170-bd8c-426d-b064-cda49306c76c,5,980.5532,1690.335484,0.0,0.0,0.0,766.6375,0.0,1500.0,0.0,0,0,1,0,E,E,E,174.779162,-41.323592
1d55b215-dcfa-4280-9310-d5a62235a641,2,510.166,1772.139712,0.0,0.0,0.0,766.6375,0.0,500.0,0.05,0,0,1,0,M,E,E,174.795079,-41.321313
1d5655e5-86e1-4eb8-a7b9-2dc564dc18e4,2,0.0,1009.802935,0.0,0.0,0.0,766.6375,0.0,0.0,0.05,0,0,0,0,E,E,M,174.776335,-41.323349
1d60a370-6e23-4a7a-8106-32062b3804c8,1,255.3547,1728.704209,0.0,0.0,0.0,766.6375,0.0,500.0,0.0,0,0,1,0,E,E,E,174.776066,-41.310287
1d65cbb9-fb23-43b0-98eb-41d4de17ad7a,1,214.2793,1893.214629,0.0,0.0,0.0,766.6375,0.0,500.0,0.0,0,0,1,0,E,E,E,174.781742,-41.314148
1d71e183-d230-4511-a057-a0349cb2ab83,10,0.0,992.06764,0.0,0.0,0.0,766.6375,0.0,0.0,0.1,0,0,0,0,M,E,M,174.786505,-41.314288
1d7588d8-0561-474e-b2d1-1b4caec7c4f6,1,338.605,1791.42074,0.0,0.0,0.0,766.6375,0.0,500.0,0.0,0,0,1,0,E,E,E,174.78307,-41.314665
1d7e1fbf-645a-4b35-a885-bbab8b68713a,1,379.6311,1795.528623,0.0,0.0,0.0,766.6375,0.0,1500.0,0.05,0,0,1,0,M,E,E,174.794182,-41.324909
1da204ec-c115-40c0-8135-c9dd422b58c6,1,259.1195,1710.311654,0.0,0.0,0.0,766.6375,0.0,2500.0,0.05,0,0,1,0,M,E,E,174.780528,-41.311793
1dad9497-e960-4850-a10a-081e12294720,6,0.0,1679.221056,0.0,0.0,0.0,766.6375,0.0,0.0,0.05,0,0,0,0,M,E,E,174.778329,-41.313548
1dbad2da-a5a5-483e-abe2-23c31f2edcd0,3,408.0676,1233.144685,0.0,0.0,0.0,766.6375,0.0,500.0,0.0,0,0,1,0,E,E,E,174.793423,-41.316547
1dbda435-80e3-469b-ad7c-ba85395c5b7f,2,0.0,1029.519298,0.0,0.0,0.0,766.6375,0.0,0.0,0.0,0,0,0,0,E,E,E,174.775907,-41.323329
1dc2b5e7-c071-4b06-80f7-51ab27e7edd8,4,215.8581,1517.162426,0.0,0.0,0.0,766.6375,0.0,500.0,0.0,0,0,1,0,E,E,E,174.791327,-41.312098
1df5cff9-9f90-4c15-bd8a-48927a2cd08c,1,357.4938,1901.600716,0.0,0.0,0.0,766.6375,0.0,500.0,0.0,0,0,1,0,E,E,E,174.797288,-41.323712
1df6bc8f-cfc0-4c9c-b70a-8b335b7677b5,2,0.0,964.381832,0.0,0.0,0.0,766.6375,0.0,0.0,0.1,0,0,0,0,M,E,M,174.776204,-41.319042
1e1b4fc4-8d70-49aa-99c6-96d7e402abf3,1,0.0,1514.841656,7.255553,744.69,0.0,766.6375,0.0,200.0,0.0,1,0,1,0,E,E,E,174.784991,-41.311934
1e2479ac-c3d0-4f72-88b4-ac6b858f50bd,1,691.8824,1622.722898,0.0,0.0,0.0,766.6375,0.0,1500.0,0.05,0,0,1,0,M,E,E,174.792779,-41.312208
1e664a3a-ade5-4b88-8bb3-328ca4c6281b,1,0.0,1705.432594,0.0,0.0,0.0,766.6375,0.0,200.0,0.0,0,0,1,0,E,E,E,174.778771,-41.314542
1e70158a-145b-4930-9cca-365cba414bba,1,179.3604,1930.685597,0.0,0.0,0.0,766.6375,0.0,2500.0,0.05,0,0,1,0,M,E,E,174.803681,-41.322757
1e70c041-2d01-48b0-b3c8-fdb84450db2b,1,320.2391,1909.509298,0.0,0.0,0.0,766.6375,0.0,1500.0,0.0,0,0,1,0,E,E,E,174.800387,-41.320942
1e79e57e-b00f-433a-bb2c-b85151881d23,1,282.9507,1976.010952,0.0,0.0,0.0,766.6375,0.0,1500.0,0.0,0,0,1,0,E,E,E,174.799377,-41.321067
1e7cff0a-fff0-4f5b-bc3b-2f3be41c23e7,14,760.7066,2217.325083,0.0,0.0,0.0,766.6375,0.0,1500.0,0.0,0,0,1,0,E,E,E,174.779475,-41.319445
1e81e7d8-b415-4933-9ff6-78e6e2f7d5d0,2,0.0,2629.525924,0.0,0.0,0.0,766.6375,0.0,0.0,0.0,0,0,0,0,E,E,E,174.777443,-41.323369
1ea00ce0-aa5a-49c9-a703-72d90afa1364,1,279.3744,1305.008041,14.625185,1224.08,0.0,766.6375,0.0,1500.0,0.05,1,0,1,0,E,E,M,174.779194,-41.322711
1ea3af75-9551-420d-8831-c33694573ec5,2,0.0,1053.151244,0.0,0.0,0.0,766.6375,0.0,0.0,0.0,0,0,0,0,E,E,E,174.776857,-41.312602
1ea61c7a-b111-4fc3-a812-187e46b58adf,1,0.0,891.701466,25.66148,1224.08,0.0,766.6375,0.0,0.0,0.1,1,0,0,0,E,E,D,174.791169,-41.320923
1ea661be-4aad-45c8-ba8c-8fc625ea640d,1,287.8982,1561.41576,0.0,0.0,0.0,766.6375,0.0,500.0,0.0,0,0,1,0,E,E,E,174.791593,-41.311796
1ea7988e-6047-4cf3-b1ee-45e5031c4a49,8,0.0,1924.554075,0.0,0.0,0.0,766.6375,0.0,200.0,0.05,0,0,1,0,M,E,E,174.797898,-41.319658
1eb0178b-282d-42ef-ad51-38daab48bf14,16,1698.6537,1683.864864,0.0,0.0,59.923402,766.6375,105.551656,500.0,0.1,0,1,1,0,M,M,E,174.783516,-41.31189
1eb2086d-d57b-44eb-bd73-8af16031c8bf,1,0.0,1030.671401,0.0,0.0,0.0,766.6375,0.0,0.0,0.0,0,0,0,0,E,E,E,174.776003,-41.32334
1ebe269c-fc0c-4a8f-a006-344f016fdee0,2,0.0,969.066552,13.307463,1224.08,0.0,766.6375,0.0,0.0,0.05,1,0,0,0,E,E,M,174.775095,-41.311915
1ed608d9-fa8c-4c2f-abfb-b1ed7ed7c38a,1,0.0,1079.928132,0.0,0.0,0.0,766.6375,0.0,0.0,0.05,0,0,0,0,E,E,M,174.790875,-41.321692
1edf92a4-a8ab-49aa-843d-6acedaa08070,10,1126.8512,1883.723002,0.0,0.0,0.0,766.6375,0.0,500.0,0.05,0,0,1,0,M,E,E,174.798098,-41.319119
1ef17510-e505-4fca-a79f-d169653253ab,1,0.0,1803.591521,0.0,0.0,0.0,766.6375,0.0,200.0,0.0,0,0,1,0,E,E,E,174.802145,-41.319484
1ef1a3fd-332a-44fd-bfea-08358276e109,1,0.0,922.191504,0.0,0.0,0.0,766.6375,0.0,0.0,0.1,0,0,0,0,M,E,M,174.789913,-41.323668
1f1b53f1-e1c8-44fc-b21b-2c67a4b878e3,1,263.4703,1636.058471,0.0,0.0,0.0,766.6375,0.0,500.0,0.0,0,0,1,0,E,E,E,174.794625,-41.321424
1f295054-f541-4bd3-9128-7ccb7c2f8d65,1,225.1153,1472.986352,5.626441,798.8,0.0,766.6375,0.0,500.0,0.05,1,0,1,0,E,E,M,174.781449,-41.311029
1f38ba48-1c87-4bc8-901f-cd99b9cdb5f1,4,1540.3833,1936.505317,0.0,0.0,0.0,766.6375,0.0,4000.0,0.05,0,0,1,0,M,E,E,174.787181,-41.312274
1f4725c1-a371-4ab9-9eea-cd9cabce9dce,6,844.795,1583.513042,0.0,0.0,0.0,766.6375,0.0,500.0,0.05,0,0,1,0,M,E,E,174.77893,-41.31649
1f48bfb9-43e1-488c-a863-6cca33e94d48,1,268.1213,1682.722483,0.0,0.0,0.0,766.6375,0.0,500.0,0.0,0,0,1,0,E,E,E,174.793579,-41.316408
1f5a4975-2a4f-4a3c-89fe-6e8209e32788,1,0.0,1023.485179,0.0,0.0,0.0,766.6375,0.0,0.0,0.05,0,0,0,0,E,E,M,174.791302,-41.312798
1f6693d9-a499-4829-b73d-114371f8eb42,11,2214.2859,1988.686257,0.0,0.0,0.0,766.6375,0.0,500.0,0.05,0,0,1,0,M,E,E,174.799847,-41.324363
1f80a587-1509-40b6-8ee0-9cc68f25272c,1,0.0,1652.445242,0.0,0.0,0.0,766.6375,0.0,200.0,0.05,0,0,1,0,M,E,E,174.78564,-41.312255
1f92b3f3-f018-4fa5-9e91-8c3696f3eed0,1,371.0467,1817.351706,0.0,0.0,0.0,766.6375,0.0,4000.0,0.05,0,0,1,0,M,E,E,174.805016,-41.322609
1fa3ac8e-87b1-466a-a00a-be2c042a2837,1,0.0,1748.940101,0.0,0.0,0.0,766.6375,0.0,200.0,0.0,0,0,1,0,E,E,E,174.784318,-41.31174
1fb34fa8-324f-4ddd-ad16-fc356ddab1ef,3,0.0,1894.292267,0.0,0.0,0.0,766.6375,0.0,200.0,0.05,0,0,1,0,M,E,E,174.801753,-41.318482
1fb5b9e2-056f-408b-841a-18e22ff94cc4,1,551.3515,1644.432156,0.0,0.0,0.0,766.6375,0.0,500.0,0.05,0,0,1,0,M,E,E,174.792491,-41.31101
1fc858bc-27dd-4fb5-a4b7-b181ef739b6a,4,0.0,1810.506402,0.0,0.0,0.0,766.6375,0.0,200.0,0.05,0,0,1,0,M,E,E,174.804981,-41.31785
1fe856f2-f256-447d-959b-880948e97a94,12,1596.2791,1940.375119,0.0,0.0,0.0,766.6375,0.0,500.0,0.05,0,0,1,0,M,E,E,174.797725,-41.319438
200a6380-fc4a-4da6-b0b1-513d376899ab,1,333.1148,1523.445208,0.0,0.0,0.0,766.6375,0.0,500.0,0.0,0,0,1,0,E,E,E,174.793843,-41.322251
2023213d-41dc-41bc-a319-1bd294f0c6e9,1,451.1711,1813.796714,0.0,0.0,0.0,766.6375,0.0,500.0,0.05,0,0,1,0,M,E,E,174.804978,-41.323193
2026ad91-e8a8-4ac9-9972-6ce67a99ac67,41,0.0,1575.525103,0.0,0.0,0.0,766.6375,0.0,200.0,0.1,0,0,1,0,D,E,E,174.784546,-41.318533
202d265c-7f6d-49b3-88b6-4f73cd203d4a,1,0.0,1506.843274,0.0,0.0,0.0,766.6375,0.0,200.0,0.05,0,0,1,0,M,E,E,174.795761,-41.31164
203880a1-6a62-4cbf-a0aa-d415afad52f9,1,256.5604,2085.651353,0.0,0.0,0.0,766.6375,0.0,4000.0,0.0,0,0,1,0,E,E,E,174.778771,-41.322108
20390593-cb27-4319-a981-b602187c4f0a,1,0.0,996.507641,0.0,0.0,0.0,766.6375,0.0,0.0,0.0,0,0,0,0,E,E,E,174.795994,-41.311428
205bf311-6e29-40e6-9491-15b1a22dde7c,1,0.0,913.028558,17.558153,643.19,0.0,766.6375,0.0,0.0,0.05,1,0,0,0,E,E,M,174.793664,-41.310632
205dcd60-d04b-4a8e-84df-ce2665dee0fc,1,0.0,1720.574605,0.0,0.0,0.0,766.6375,0.0,200.0,0.0,0,0,1,0,E,E,E,174.777564,-41.320612
206b7f4f-b749-4f78-91b2-68e7a50ce2ff,3,0.0,1742.662895,0.0,0.0,0.0,766.6375,0.0,200.0,0.0,0,0,1,0,E,E,E,174.783529,-41.313289
20ae64bb-4891-4955-9d85-621532e584ba,1,260.0413,1880.956047,0.0,0.0,0.0,766.6375,0.0,2500.0,0.0,0,0,1,0,E,E,E,174.797571,-41.318593
20b43b9f-aacb-4748-b8f1-6d8cd29565b4,2,0.0,1805.753972,0.0,0.0,0.0,766.6375,0.0,200.0,0.05,0,0,1,0,M,E,E,174.783284,-41.312937
20cc2d2a-3d93-4106-81eb-64e864d79aaa,1,172.4208,1566.60309,0.0,0.0,0.0,766.6375,0.0,500.0,0.0,0,0,1,0,E,E,E,174.778641,-41.319848
20d10541-dd8e-41d9-8c66-3bc436f42038,1,303.3842,1753.686251,0.0,0.0,0.0,766.6375,0.0,500.0,0.0,0,0,1,0,E,E,E,174.794856,-41.321113
20dd700d-88ee-45ae-9002-c793c1fb6521,1,0.0,1168.210385,0.0,0.0,0.0,766.6375,0.0,0.0,0.05,0,0,0,0,M,E,E,174.788939,-41.314078
20dd9e60-5d6c-4d06-b927-6b00c799e6e1,1,0.0,1024.017965,12.789865,1224.08,0.0,766.6375,0.0,0.0,0.05,1,0,0,0,E,E,M,174.789323,-41.324419
20dfb620-2f40-4a34-aebf-5981ac9fdb0a,1,0.0,933.090442,0.0,0.0,0.0,766.6375,0.0,0.0,0.1,0,0,0,0,M,E,M,174.787307,-41.323426
20e23c05-2cfd-4160-b32d-1ba26b777c0d,3,325.711,1747.40532,0.0,0.0,0.0,766.6375,0.0,1500.0,0.0,0,0,1,0,E,E,E,174.780022,-41.31331
2104017b-f2d0-4064-9345-8788923dabe3,1,245.9663,2329.117686,0.0,0.0,0.0,766.6375,0.0,2500.0,0.0,0,0,1,0,E,E,E,174.777947,-41.323702
21094360-b482-4d56-b0f3-b98a98c10279,1,240.0603,1602.015788,0.0,0.0,0.0,766.6375,0.0,500.0,0.0,0,0,1,0,E,E,E,174.77973,-41.321987
211b878a-9c57-44f7-b56d-757fec11e7e5,15,1314.0885,1577.973326,0.0,0.0,0.0,766.6375,0.0,1500.0,0.05,0,0,1,0,M,E,E,174.774144,-41.324748
211c69bb-6348-43d9-bcb1-2049a60fd4bd,1,338.7766,1191.061794,0.0,0.0,0.0,766.6375,0.0,2500.0,0.15,0,0,1,0,M,E,D,174.773906,-41.322585
21231a40-6e67-4b47-bb8f-4452927ce55f,1,276.4884,1043.158116,0.0,0.0,0.0,766.6375,0.0,500.0,0.0,0,0,1,0,E,E,E,174.775433,-41.310689
21277439-50c1-4806-b07f-227666adce2f,1,0.0,917.599901,0.0,0.0,0.0,766.6375,0.0,0.0,0.1,0,0,0,0,E,E,D,174.791711,-41.321475
21295ad9-a203-4200-9a1e-008f2a4826ba,1,0.0,1628.203287,0.0,0.0,0.0,766.6375,0.0,0.0,0.0,0,0,0,0,E,E,E,174.793793,-41.317912
21298bde-639f-43c0-86b1-05fe97f7892f,1,0.0,1262.56447,0.0,0.0,0.0,766.6375,0.0,0.0,0.05,0,0,0,0,E,E,M,174.773427,-41.323476
21299da1-4d1f-4b49-9a33-612fda426bb6,1,592.0404,1852.199074,0.0,0.0,0.0,766.6375,0.0,1500.0,0.05,0,0,1,0,M,E,E,174.800152,-41.321319
2151af0e-f09d-4dc0-b944-56b01f395bc3,1,291.0551,1942.711009,0.0,0.0,0.0,766.6375,0.0,500.0,0.0,0,0,1,0,E,E,E,174.798343,-41.320277
2172fc43-1278-4b74-b5a2-58c00ca7919a,1,0.0,1681.597107,0.0,0.0,0.0,766.6375,0.0,200.0,0.0,0,0,1,0,E,E,E,174.783403,-41.319091
218ed863-5137-4b71-ab8f-8847f3e8a03b,1,0.0,905.934809,0.0,0.0,0.0,766.6375,0.0,0.0,0.05,0,0,0,0,E,E,M,174.791846,-41.316449
21937158-052a-4b4c-8ff8-6ead24b14ff2,1,0.0,1033.649936,0.0,0.0,0.0,766.6375,0.0,0.0,0.05,0,0,0,0,E,E,M,174.804046,-41.321197
219a675f-7a9f-4d52-9f14-c826a5c4fdd1,2,0.0,1748.98416,0.0,0.0,0.0,766.6375,0.0,200.0,0.0,0,0,1,0,E,E,E,174.784264,-41.311565
21aaef6b-d245-4578-a323-4b4392b4875c,1,0.0,1601.437843,0.0,0.0,0.0,766.6375,0.0,200.0,0.0,0,0,1,0,E,E,E,174.794222,-41.323807
21c79705-4362-4e11-bb52-a2c8dc6e863e,3,16387.4157,1837.682158,0.0,0.0,26.583433,766.6375,22.677386,1500.0,0.15,0,1,1,0,D,M,E,174.793909,-41.31523
21d1cf2d-b632-40e7-8480-0d0c0e419301,1,0.0,2139.919637,0.0,0.0,0.0,766.6375,0.0,200.0,0.0,0,0,1,0,E,E,E,174.784239,-41.317609
21d97c8b-0088-4d94-a5c5-b5134ed6a8f5,1,349.1706,1646.192152,0.0,0.0,0.0,766.6375,0.0,4000.0,0.0,0,0,1,0,E,E,E,174.779999,-41.323593
21dc256b-a37c-4e54-896e-80474aad0735,1,0.0,1076.160823,0.0,0.0,0.0,766.6375,0.0,0.0,0.05,0,0,0,0,M,E,E,174.777096,-41.31443
21ed532b-a7a6-48cb-ae38-0d594e85ae90,1,0.0,1039.520468,0.0,0.0,0.0,766.6375,0.0,0.0,0.0,0,0,0,0,E,E,E,174.792655,-41.319782
21f7c235-fcd4-466b-962a-b0eae70ad927,4,806.6833,1405.349112,24.8519,798.8,0.0,766.6375,0.0,500.0,0.1,1,0,1,0,M,E,M,174.779179,-41.315066
21fdb8d2-eb28-481d-9c88-f22cfce1b0bc,1,0.0,1008.452266,0.0,0.0,0.0,766.6375,0.0,0.0,0.0,0,0,0,0,E,E,E,174.792122,-41.323752
220582e0-9988-4dac-8364-dfa17f30fed7,1,0.0,690.562964,0.0,0.0,0.0,766.6375,0.0,0.0,0.15,0,0,0,0,M,E,D,174.789586,-41.319056
2222e198-8383-4c3d-85ce-abeb2e3493c8,1,1976.4689,1940.896739,0.0,0.0,0.0,766.6375,0.0,500.0,0.05,0,0,1,0,M,E,E,174.801696,-41.324445
222444e9-9735-4bff-9ab7-4dedefdc0ae3,1,251.7569,1816.574366,0.0,0.0,0.0,766.6375,0.0,1500.0,0.0,0,0,1,0,E,E,E,174.784002,-41.314086
223ad31f-80c5-4f22-93db-2e7ebab3499d,1,0.0,991.138274,0.0,0.0,0.0,766.6375,0.0,0.0,0.0,0,0,0,0,E,E,E,174.774943,-41.323053
22514109-7d5a-40bd-995f-3308fb11e14c,1,289.5369,1322.178643,0.0,0.0,0.0,766.6375,0.0,1500.0,0.05,0,0,1,0,E,E,M,174.775421,-41.322436
227c91c5-581e-44ee-9ee1-e4afc0493681,1,312.9269,1904.877299,0.0,0.0,0.0,766.6375,0.0,2500.0,0.0,0,0,1,0,E,E,E,174.798805,-41.317731
2293cb48-986c-437f-9fe6-762796433d99,1,236.9182,1672.051075,0.0,0.0,0.0,766.6375,0.0,4000.0,0.0,0,0,1,0,E,E,E,174.792738,-41.313262
229c4b7b-c089-4125-b084-d0c718a5b40f,1,445.0793,1705.901126,0.0,0.0,0.0,766.6375,0.0,4000.0,0.05,0,0,1,0,M,E,E,174.804623,-41.323134
22b7b665-bbf4-45d7-abb9-b844f6abca64,1,246.4349,982.485475,13.735964,1224.08,0.0,766.6375,0.0,1500.0,0.05,1,0,1,0,E,E,M,174.797461,-41.310644
22bc7b48-489f-4093-a8c9-0030679c1d5e,1,0.0,937.8917,0.0,0.0,0.0,766.6375,0.0,0.0,0.15,0,0,0,0,M,E,D,174.793955,-41.310025
22c10073-21db-406c-b00a-ce5926df5359,1,171.9409,1622.666554,0.0,0.0,0.0,766.6375,0.0,500.0,0.0,0,0,1,0,E,E,E,174.78338,-41.315642
22d92264-987d-4460-9eb8-feccb33fde35,1,0.0,1715.036321,0.0,0.0,0.0,766.6375,0.0,200.0,0.0,0,0,1,0,E,E,E,174.785142,-41.313041
22e8b7bb-bf9d-4f60-b4b4-5c80e1d28308,1,0.0,1059.537502,0.0,0.0,0.0,766.6375,0.0,0.0,0.05,0,0,0,0,E,E,M,174.776352,-41.323576
22f2853e-7c1b-4267-8a58-31e2eb5e84e5,13,0.0,1968.174883,0.0,0.0,0.0,766.6375,0.0,0.0,0.0,0,0,0,0,E,E,E,174.78027,-41.318731
22f98198-7242-4958-8d9d-0f4beaf53b93,1,0.0,1122.229456,0.0,0.0,0.0,766.6375,0.0,0.0,0.0,0,0,0,0,E,E,E,174.774799,-41.324003
23031dda-b4d5-4268-9053-95d620afc037,1,0.0,2008.485263,0.0,0.0,0.0,766.6375,0.0,200.0,0.05,0,0,1,0,M,E,E,174.776791,-41.309865
2310df1b-1142-429a-b9bf-ee5741ef2494,3,0.0,1000.090479,16.777335,643.19,0.0,766.6375,0.0,0.0,0.05,1,0,0,0,E,E,M,174.803679,-41.319111
2329de90-8257-4b55-a3bd-da530547d6ee,1,0.0,1877.247371,0.0,0.0,0.0,766.6375,0.0,200.0,0.0,0,0,1,0,E,E,E,174.795107,-41.323928
235d72e0-9259-48f5-9edb-a636624aeefe,1,0.0,1726.986561,0.0,0.0,0.0,766.6375,0.0,200.0,0.0,0,0,1,0,E,E,E,174.784219,-41.312804
236c16a8-5a6f-461e-a879-9e20c6a35bf4,1,0.0,1831.27653,0.0,0.0,0.0,766.6375,0.0,200.0,0.0,0,0,1,0,E,E,E,174.797911,-41.324571
237767ae-fb5a-4f7d-a6fa-17f7b34263e6,1,0.0,1099.546172,0.0,0.0,0.0,766.6375,0.0,0.0,0.0,0,0,0,0,E,E,E,174.777544,-41.321413
237b0cc5-4f88-4f12-966e-1f00f64eae5b,1,0.0,826.024481,26.759376,643.19,0.0,766.6375,0.0,0.0,0.15,1,0,0,0,M,E,D,174.774569,-41.318222
2380281d-2a72-4a2b-a639-7013f2354587,1,0.0,976.63156,30.083541,1224.08,0.0,766.6375,0.0,0.0,0.1,1,0,0,0,E,E,D,174.789763,-41.31823
2391cb24-76a2-47d7-81f1-c63b19af8ba6,1,334.1816,1544.398131,0.0,0.0,0.0,766.6375,0.0,500.0,0.05,0,0,1,0,E,E,M,174.775903,-41.310859
23cc0f58-ef38-44c5-bf19-2e5a50492ddb,2,0.0,1891.567252,0.0,0.0,0.0,766.6375,0.0,200.0,0.0,0,0,1,0,E,E,E,174.799373,-41.319145
23da5914-aca8-4d74-a184-e022b395844c,1,0.0,1471.272322,0.0,0.0,0.0,766.6375,0.0,0.0,0.0,0,0,0,0,E,E,E,174.775138,-41.319376
23e737f9-6b83-4a3f-9500-82abfb289bf9,1,200.0687,1682.75173,0.0,0.0,0.0,766.6375,0.0,500.0,0.05,0,0,1,0,M,E,E,174.782651,-41.315426
23ed9039-21bf-4c3e-8f85-e09d8cf2f950,1,206.5685,1898.579933,0.0,0.0,0.0,766.6375,0.0,500.0,0.0,0,0,1,0,E,E,E,174.784062,-41.312639
23eea442-141d-4d15-9ebe-50dcf0654695,1,436.436,1845.288983,0.0,0.0,0.0,766.6375,0.0,500.0,0.0,0,0,1,0,E,E,E,174.80206,-41.322308
23f61ac0-13d5-487a-b59a-3c9f6a3de56b,1,0.0,1075.624163,0.0,0.0,0.0,766.6375,0.0,0.0,0.0,0,0,0,0,E,E,E,174.785412,-41.317147
241746cb-1d81-4281-8080-984bd34eff5f,1,0.0,1765.04059,0.0,0.0,0.0,766.6375,0.0,200.0,0.0,0,0,1,0,E,E,E,174.802334,-41.320353
24250577-c21d-4515-b813-8a9c690f4859,1,0.0,896.510527,28.568051,1224.08,0.0,766.6375,0.0,0.0,0.15,1,0,0,0,M,E,D,174.787195,-41.324297
2431be81-e1b6-4514-b1ba-636ccfc95b79,1,324.7875,1821.792426,0.0,0.0,0.0,766.6375,0.0,500.0,0.0,0,0,1,0,E,E,E,174.781544,-41.313674
24326f84-4074-44ca-bc57-e0a7013602c9,1,367.9108,1728.130014,0.0,0.0,0.0,766.6375,0.0,1500.0,0.0,0,0,1,0,E,E,E,174.794188,-41.324578
2444dc99-6482-4f46-8ec0-af21d0d7be68,2,0.0,990.266194,0.0,0.0,0.0,766.6375,0.0,0.0,0.05,0,0,0,0,E,E,M,174.802556,-41.321175
244a2264-9ce6-4d48-8fc9-79c3c129637a,1,0.0,1572.109605,0.0,0.0,0.0,766.6375,0.0,0.0,0.0,0,0,0,0,E,E,E,174.775281,-41.313944
2451f5f7-9b74-49ef-aac3-8619dd5cfa55,1,0.0,1567.52828,0.0,0.0,0.0,766.6375,0.0,0.0,0.05,0,0,0,0,M,E,E,174.77458,-41.323414
246714ca-07bd-4d0a-ba68-a6a96eb19962,1,0.0,1722.04797,0.0,0.0,0.0,766.6375,0.0,200.0,0.0,0,0,1,0,E,E,E,174.778011,-41.314671
2467e69d-7d6a-4976-84aa-9f9d3985059a,9,0.0,1408.18292,0.0,0.0,0.0,766.6375,0.0,0.0,0.05,0,0,0,0,E,E,M,174.774792,-41.32159
24681191-1f0a-4a22-9d47-b0a2d51e0611,1,0.0,1081.847307,0.0,0.0,0.0,766.6375,0.0,0.0,0.0,0,0,0,0,E,E,E,174.787107,-41.311583
2471746f-cf91-4e67-9ba2-e67b26b1bea6,1,99.3811,1217.043829,0.0,0.0,0.0,766.6375,0.0,500.0,0.05,0,0,1,0,E,E,M,174.779291,-41.322117
2472dba1-e84d-4eb1-a092-d7a6bd5353f6,1,269.9935,1899.542269,0.0,0.0,0.0,766.6375,0.0,500.0,0.05,0,0,1,0,M,E,E,174.79917,-41.319286
24741ce7-0de8-4000-83be-57492b8e902f,1,74.5848,1927.80318,0.0,0.0,0.0,766.6375,0.0,1500.0,0.05,0,0,1,0,M,E,E,174.796641,-41.317051
24a3abf5-62f5-4240-aea2-04875168f238,3,0.0,805.071452,28.881126,1224.08,0.0,766.6375,0.0,0.0,0.1,1,0,0,0,E,E,D,174.79362,-41.319983
24aaf3db-f13e-4a02-93a0-f7ffc6e27386,2,239.109,1299.151485,0.0,0.0,0.0,766.6375,0.0,500.0,0.05,0,0,1,0,E,E,M,174.779111,-41.314641
24bb385c-e726-48ab-aabb-d3a949543a2a,1,191.2819,1919.691232,0.0,0.0,0.0,766.6375,0.0,1500.0,0.0,0,0,1,0,E,E,E,174.797089,-41.317474
24dbb395-773f-44c8-b15f-d8ecc9615fe6,1,0.0,1485.387458,0.0,0.0,0.0,766.6375,0.0,0.0,0.0,0,0,0,0,E,E,E,174.780331,-41.317442
24e06b4a-3e11-4407-a4cb-cf543d5f9982,1,170.2576,1638.38248,0.0,0.0,0.0,766.6375,0.0,500.0,0.0,0,0,1,0,E,E,E,174.777783,-41.316364
24e284a5-42a4-45f3-aea5-cb82e067705f,1,302.0006,1571.240004,0.0,0.0,0.0,766.6375,0.0,500.0,0.0,0,0,1,0,E,E,E,174.791443,-41.312115
24e2e6ed-3f51-4f2f-95bf-94fcb0052f8c,1,0.0,890.412834,17.662366,744.69,0.0,766.6375,0.0,0.0,0.15,1,0,0,0,M,E,D,174.788835,-41.321691
24e9044b-4a07-49b1-b69a-13bd4a5a1109,1,212.6266,1724.485656,0.0,0.0,0.0,766.6375,0.0,1500.0,0.0,0,0,1,0,E,E,E,174.785849,-41.311385
24e96c3c-9dc7-4d0f-b65d-79ae6e0f1b9d,1,417.4955,1684.025184,0.0,0.0,0.0,766.6375,0.0,1500.0,0.05,0,0,1,0,M,E,E,174.78218,-41.319324
24f3a700-84b4-4992-99a5-e8af6359772a,1,0.0,1647.306297,0.0,0.0,0.0,766.6375,0.0,200.0,0.0,0,0,1,0,E,E,E,174.785449,-41.312588
24f3f463-3236-48c2-a37e-8b3b19c6e47a,1,0.0,1075.059599,26.541232,798.8,0.0,766.6375,0.0,0.0,0.05,1,0,0,0,E,E,M,174.794723,-41.309875
24f618b8-ef8a-477a-8a47-8cf0095bdacb,1,412.4591,1909.168748,0.0,0.0,0.0,766.6375,0.0,1500.0,0.05,0,0,1,0,M,E,E,174.798801,-41.322125
2511ae52-962b-4ae1-9575-a5165fc16c2f,1,0.0,1492.202588,0.0,0.0,0.0,766.6375,0.0,0.0,0.05,0,0,0,0,M,E,E,174.780066,-41.321444
2514b061-8144-45a2-8ebf-ad0058e5b291,1,0.0,1599.396474,6.707978,643.19,0.0,766.6375,0.0,0.0,0.0,1,0,0,0,E,E,E,174.785432,-41.313847
251ab7c6-646d-4e7f-9a9f-7f9d8537e5b9,1,0.0,952.313004,0.0,0.0,0.0,766.6375,0.0,0.0,0.05,0,0,0,0,E,E,M,174.790586,-41.312764
2539b25e-f548-43e8-a86a-673f404e7e03,1,0.0,1044.637224,0.0,0.0,0.0,766.6375,0.0,0.0,0.0,0,0,0,0,E,E,E,174.791751,-41.314963
25473c55-9354-4786-870c-70a003944987,1,0.0,985.439914,18.273867,1224.08,0.0,766.6375,0.0,0.0,0.0,1,0,0,0,E,E,E,174.79268,-41.319066
2548278b-14d7-4a81-95d5-4868e25cc0b6,1,0.0,1662.826054,0.0,0.0,0.0,766.6375,0.0,200.0,0.0,0,0,1,0,E,E,E,174.792515,-41.314496
254dc512-fc46-4faa-b2ee-9ad8f185cc3a,1,0.0,1232.381116,0.0,0.0,0.0,766.6375,0.0,0.0,0.05,0,0,0,0,M,E,E,174.804041,-41.320318
25584bcc-7b69-4969-9612-8b5ed84c7be6,1,0.0,1577.695494,0.0,0.0,0.0,766.6375,0.0,0.0,0.05,0,0,0,0,M,E,E,174.782016,-41.317025
255b9e13-bec1-48e1-9f3f-7a28b6bc6b59,2,0.0,1776.414091,0.0,0.0,0.0,766.6375,0.0,200.0,0.0,0,0,1,0,E,E,E,174.793824,-41.323908
256a4b3d-9f23-4610-8483-ba49c55165e6,1,0.0,847.683232,0.0,0.0,0.0,766.6375,0.0,0.0,0.15,0,0,0,0,M,E,D,174.789975,-41.317571
256b733d-f824-46be-bdaf-ace2867ed691,2,0.0,1322.361993,8.226632,744.69,0.0,766.6375,0.0,0.0,0.05,1,0,0,0,E,E,M,174.802635,-41.320597
25749e7f-3781-4fed-b46a-aa6c28bb7b97,1,246.3601,1682.373991,0.0,0.0,0.0,766.6375,0.0,500.0,0.0,0,0,1,0,E,E,E,174.772944,-41.322347
25750e49-e207-4084-a021-3bce6ab1e9f7,1,0.0,979.32297,0.0,0.0,0.0,766.6375,0.0,0.0,0.1,0,0,0,0,M,E,M,174.774926,-41.31221
258854bf-385e-483f-9ae4-0526785d437e,2,0.0,850.155659,31.177265,879.87,0.0,766.6375,0.0,0.0,0.15,1,0,0,0,M,E,D,174.790726,-41.323408
258c4344-c447-4c85-8900-593b5f17a137,1,271.1265,1885.930884,0.0,0.0,0.0,766.6375,0.0,500.0,0.05,0,0,1,0,M,E,E,174.798743,-41.319245
259d662e-46c7-4c78-897a-2ae45293272d,1,0.0,1702.30072,0.0,0.0,0.0,766.6375,0.0,0.0,0.1,0,0,0,0,M,E,M,174.782956,-41.317379
25bb5955-0aa1-434d-ad98-a02a8adab4d8,1,0.0,1052.536343,0.0,0.0,0.0,766.6375,0.0,0.0,0.0,0,0,0,0,E,E,E,174.788105,-41.321766
25c31ceb-8b65-470f-92d4-f3d2bc8cdb2b,1,207.1174,1782.599444,0.0,0.0,0.0,766.6375,0.0,500.0,0.0,0,0,1,0,E,E,E,174.781393,-41.314838
25d0c967-32f0-473c-ad28-571bd962bcc9,1,0.0,1666.280245,0.0,0.0,0.0,766.6375,0.0,200.0,0.0,0,0,1,0,E,E,E,174.785953,-41.311721
25e2bdfa-9d8f-40af-bebf-f1b4672a31db,1,0.0,1712.504872,0.0,0.0,0.0,766.6375,0.0,0.0,0.0,0,0,0,0,E,E,E,174.781347,-41.317941
25f26fa5-e489-412a-b3da-77e924dad81c,1,0.0,793.469397,0.0,0.0,0.0,766.6375,0.0,0.0,0.15,0,0,0,0,M,E,D,174.79092,-41.322525
261602df-cfae-4c28-a5e6-b10c881ffef3,1,0.0,1971.270479,0.0,0.0,0.0,766.6375,0.0,200.0,0.05,0,0,1,0,M,E,E,174.799611,-41.320481
2616f589-23ad-4904-a291-ff26481a4e3d,1,0.0,961.952351,28.725741,1224.08,0.0,766.6375,0.0,0.0,0.2,1,0,0,0,D,E,D,174.791172,-41.32213
2627506b-c40c-4a84-adfe-861033360ceb,2,0.0,1752.652079,0.0,0.0,0.0,766.6375,0.0,200.0,0.05,0,0,1,0,M,E,E,174.77757,-41.320497
262cbba1-33e9-4bcf-a3fa-756cf3011d8a,1,104.4797,1623.275925,0.0,0.0,0.0,766.6375,0.0,4000.0,0.0,0,0,1,0,E,E,E,174.779248,-41.312617
264322e2-43ab-4a8b-8562-ddbc5a927185,1,0.0,1854.776663,0.0,0.0,0.0,766.6375,0.0,200.0,0.0,0,0,1,0,E,E,E,174.800203,-41.319561
26477ae8-bc56-4d22-900d-fb1d25dad171,1,0.0,1886.856407,0.0,0.0,0.0,766.6375,0.0,200.0,0.0,0,0,1,0,E,E,E,174.802071,-41.31853
264a2d8a-9771-4636-b784-05541497d1bf,2,0.0,1560.887497,0.0,0.0,0.0,766.6375,0.0,0.0,0.0,0,0,0,0,E,E,E,174.774942,-41.32179
2659e947-0406-4f6a-beb6-b4b1bc61fceb,1,257.1993,1809.221592,0.0,0.0,0.0,766.6375,0.0,1500.0,0.0,0,0,1,0,E,E,E,174.784397,-41.313653
265ac52f-eee9-4ff1-a017-5d4822af262e,1,0.0,979.283482,9.922438,879.87,0.0,766.6375,0.0,0.0,0.05,1,0,0,0,E,E,M,174.775636,-41.323259
265f541f-5ab3-45ad-a168-4cd3582ee77a,1,0.0,966.522365,0.0,0.0,0.0,766.6375,0.0,0.0,0.15,0,0,0,0,D,E,M,174.774512,-41.313953
2676ea7e-1499-4a5f-a9ab-f44224acf702,2,0.0,871.961209,13.375917,879.87,0.0,766.6375,0.0,0.0,0.15,1,0,0,0,M,E,D,174.786106,-41.313947
267e007b-e7f0-47c7-879c-5b56a8cfb8fa,1,0.0,1859.937075,0.0,0.0,0.0,766.6375,0.0,200.0,0.05,0,0,1,0,M,E,E,174.800314,-41.31917
2696cc8e-be0a-456d-b9e7-dfbbd543f112,1,0.0,1683.239801,0.0,0.0,0.0,766.6375,0.0,0.0,0.0,0,0,0,0,E,E,E,174.777476,-41.312054
269f22ad-0b21-44bd-9d3d-fa5361bf2ac9,1,0.0,1839.193539,0.0,0.0,0.0,766.6375,0.0,0.0,0.05,0,0,0,0,M,E,E,174.801889,-41.322133
26a6e27d-b333-45ef-b429-747a4e5a76d0,1,218.7201,2225.394661,0.0,0.0,0.0,766.6375,0.0,1500.0,0.0,0,0,1,0,E,E,E,174.779461,-41.318691
26b2739f-0b9f-42c1-bd34-1e92e99d9ca3,2,0.0,1001.540255,0.0,0.0,0.0,766.6375,0.0,0.0,0.1,0,0,0,0,M,E,M,174.792617,-41.318443
26c311e5-f851-481e-9c31-73195467e6bf,1,0.0,1009.13829,0.0,0.0,0.0,766.6375,0.0,0.0,0.0,0,0,0,0,E,E,E,174.791988,-41.31787
26cc94df-9d1b-4af3-a3a0-a74cd1508eab,1,0.0,858.868759,0.0,0.0,0.0,766.6375,0.0,0.0,0.1,0,0,0,0,E,E,D,174.790735,-41.317935
26fbea70-c5d7-49eb-9fbe-fb1c427c50f5,1,0.0,2151.238521,0.0,0.0,0.0,766.6375,0.0,200.0,0.0,0,0,1,0,E,E,E,174.784662,-41.317527
270f3437-7d11-496f-9e8d-19295e1217a0,3,513.5814,1538.589969,0.0,0.0,0.0,766.6375,0.0,1500.0,0.0,0,0,1,0,E,E,E,174.779638,-41.323203
272c6619-b106-442b-a3aa-e77ca0adc26d,7,0.0,1373.181425,0.0,0.0,0.0,766.6375,0.0,0.0,0.0,0,0,0,0,E,E,E,174.776705,-41.322181
27383e2a-08ec-456e-a00d-9de8810309da,1,0.0,1150.886685,0.0,0.0,0.0,766.6375,0.0,0.0,0.0,0,0,0,0,E,E,E,174.79088,-41.321554
273861a6-5a16-4cf6-9022-2bc2a4c9b22e,2,0.0,804.434341,24.443276,744.69,0.0,766.6375,0.0,0.0,0.15,1,0,0,0,M,E,D,174.78989,-41.322711
27413c1d-f7f6-4de0-a880-7cddd2de4f65,1,291.0719,1733.117938,0.0,0.0,0.0,766.6375,0.0,1500.0,0.0,0,0,1,0,E,E,E,174.784098,-41.314403
27479df5-6f64-4398-b68f-60d1a4221e63,3,0.0,913.697534,0.0,0.0,0.0,766.6375,0.0,0.0,0.1,0,0,0,0,E,E,D,174.788553,-41.324139
274deac3-8bef-419e-b0c5-aa9045c538f0,1,0.0,1057.481673,20.742111,643.19,0.0,766.6375,0.0,0.0,0.0,1,0,0,0,E,E,E,174.786395,-41.313325
2764a725-ae38-4288-91ad-c5de251cf68a,1,94.1969,1561.833204,3.639566,879.87,0.0,766.6375,0.0,500.0,0.0,1,0,1,0,E,E,E,174.784505,-41.319172
27674363-e8d4-4d45-901e-440715dc6e2d,1,0.0,1730.444324,5.875197,1224.08,0.0,766.6375,0.0,200.0,0.0,1,0,1,0,E,E,E,174.778412,-41.318684
27703d09-227b-4e9f-82dd-dc2e0af65123,1,0.0,1884.405397,0.0,0.0,0.0,766.6375,0.0,200.0,0.0,0,0,1,0,E,E,E,174.799757,-41.319083
279ca48a-2534-4e85-81ec-50c3ea0d8254,1,197.0919,1611.809972,0.0,0.0,0.0,766.6375,0.0,500.0,0.0,0,0,1,0,E,E,E,174.778436,-41.319785
27acb47b-2294-4404-bd47-f597cfebb218,2,0.0,1035.102078,0.0,0.0,0.0,766.6375,0.0,0.0,0.05,0,0,0,0,E,E,M,174.795499,-41.310533
27af52ab-d04f-4a80-95c5-eb4dd36544cf,1,0.0,1559.140309,0.0,0.0,0.0,766.6375,0.0,0.0,0.0,0,0,0,0,E,E,E,174.773863,-41.32347
27baa95d-5b32-484b-859d-d6e70fc60130,2,0.0,1707.51666,0.0,0.0,0.0,766.6375,0.0,200.0,0.0,0,0,1,0,E,E,E,174.785962,-41.312151
27c033e0-a04d-40c5-b262-3cbb5e3b0dbb,1,327.3709,1536.648375,0.0,0.0,0.0,766.6375,0.0,1500.0,0.0,0,0,1,0,E,E,E,174.784469,-41.315285
27c58f17-44bf-4236-b051-aab9ff77701f,1,0.0,1851.228687,0.0,0.0,0.0,766.6375,0.0,200.0,0.0,0,0,1,0,E,E,E,174.797703,-41.324522
27c6203d-9349-4dab-9de6-dceb1fcb4105,1,0.0,1695.52507,0.0,0.0,0.0,766.6375,0.0,0.0,0.0,0,0,0,0,E,E,E,174.781347,-41.317844
27c6a1af-7901-40fb-899b-0795be6a13a6,1,0.0,1053.024601,0.0,0.0,0.0,766.6375,0.0,0.0,0.05,0,0,0,0,M,E,E,174.790461,-41.312123
27d2ef97-a614-4996-9c49-3b843a13a628,2,0.0,880.191936,27.878353,798.8,0.0,766.6375,0.0,0.0,0.1,1,0,0,0,E,E,D,174.790863,-41.314013
27d70905-b086-4d66-9a19-8c1dab325950,1,0.0,866.205607,24.084739,744.69,0.0,766.6375,0.0,0.0,0.1,1,0,0,0,E,E,D,174.791023,-41.320929
27e54431-cee7-48db-859e-54cc67e087d1,1,274.9577,1874.741197,0.0,0.0,0.0,766.6375,0.0,2500.0,0.0,0,0,1,0,E,E,E,174.797801,-41.318655
27e92a4e-b757-4036-9736-9593e1cb7285,1,392.677,1655.429301,0.0,0.0,0.0,766.6375,0.0,500.0,0.0,0,0,1,0,E,E,E,174.779736,-41.322318
27f46c7f-f699-45f8-a643-1aa68db12885,2,315.2961,1580.127598,0.0,0.0,0.0,766.6375,0.0,1500.0,0.05,0,0,1,0,M,E,E,174.785037,-41.310837
27f9d230-d650-491e-83ab-e26977abd549,1,675.6309,1870.623007,0.0,0.0,0.0,766.6375,0.0,500.0,0.0,0,0,1,0,E,E,E,174.805838,-41.324021
28072088-6cd4-46f0-8fe6-71ead8180544,1,405.7294,1765.387965,0.0,0.0,0.0,766.6375,0.0,500.0,0.0,0,0,1,0,E,E,E,174.77964,-41.314
2820eab4-2077-45e2-87f8-747e84cc3659,2,318.3793,1698.82741,0.0,0.0,0.0,766.6375,0.0,500.0,0.05,0,0,1,0,M,E,E,174.78378,-41.311772
2828c985-19c7-48eb-9b63-b369a89a4ee1,1,286.1634,1682.485728,0.0,0.0,0.0,766.6375,0.0,500.0,0.0,0,0,1,0,E,E,E,174.776791,-41.319703
282fbcf5-c4b5-425f-a75f-98ff89e2df6f,1,0.0,1551.022919,8.817833,643.19,0.0,766.6375,0.0,0.0,0.0,1,0,0,0,E,E,E,174.785176,-41.314382
2836329b-e4da-46f5-8473-1f01c0d6bc01,1,0.0,1029.495999,0.0,0.0,0.0,766.6375,0.0,0.0,0.05,0,0,0,0,E,E,M,174.775603,-41.323608
28520597-012d-4d91-8abd-248b32a52a4f,1,0.0,1687.665626,0.0,0.0,0.0,766.6375,0.0,200.0,0.0,0,0,1,0,E,E,E,174.783705,-41.311535
2873faae-ef7a-4cf5-88a3-1569e596bc51,10,0.0,970.238169,0.0,0.0,0.0,766.6375,0.0,0.0,0.1,0,0,0,0,M,E,M,174.791616,-41.31379
2879db80-c692-4b94-ad2d-620440bb7e8d,1,0.0,1049.711487,0.0,0.0,0.0,766.6375,0.0,0.0,0.05,0,0,0,0,E,E,M,174.776976,-41.314342
288bbf9f-4d43-434e-bf83-3c7b2ca743ed,2,511.165,1185.293347,31.087319,1224.08,0.0,766.6375,0.0,500.0,0.15,1,0,1,0,M,E,D,174.772895,-41.322553
28a6a5cc-2765-41aa-80b1-e46a4fe9d5c9,1,0.0,841.059267,0.0,0.0,0.0,766.6375,0.0,0.0,0.15,0,0,0,0,M,E,D,174.786585,-41.316789
28c720d7-15ac-4bdd-9ff4-89492c5117df,1,372.321,1918.359458,0.0,0.0,0.0,766.6375,0.0,500.0,0.05,0,0,1,0,M,E,E,174.796699,-41.324903
28effac7-9af2-4055-b22d-18c9d1794731,4,0.0,1063.060735,8.256671,798.8,0.0,766.6375,0.0,200.0,0.05,1,0,1,0,M,E,E,174.779055,-41.320611
2905423a-b97e-4039-a225-2e680ece8b53,1,0.0,990.860004,0.0,0.0,0.0,766.6375,0.0,0.0,0.0,0,0,0,0,E,E,E,174.790954,-41.316356
29099b36-19c6-4de4-9f29-f028386a6dc8,2,0.0,1681.876169,0.0,0.0,0.0,766.6375,0.0,200.0,0.1,0,0,1,0,D,E,E,174.783085,-41.31166
290d2cbc-ce6f-4abf-aa2f-d1aa591ff836,1,0.0,1039.115873,17.451767,744.69,0.0,766.6375,0.0,0.0,0.0,1,0,0,0,E,E,E,174.791679,-41.312801
29196457-402a-4269-ab6d-224f9ed5d2f9,1,315.4927,1732.895227,0.0,0.0,0.0,766.6375,0.0,1500.0,0.05,0,0,1,0,M,E,E,174.784211,-41.314373
291f7e1e-ac2e-4057-bab5-2ded93af8813,4,415.7835,1764.859479,0.0,0.0,0.0,766.6375,0.0,4000.0,0.0,0,0,1,0,E,E,E,174.779586,-41.311921
29245ad7-902d-4b68-a0d6-2bb68a2164cd,1,642.0117,1880.467897,0.0,0.0,0.0,766.6375,0.0,500.0,0.1,0,0,1,0,D,E,E,174.801042,-41.318631
29411e08-53d5-4a53-9b0a-e5c78f229364,7,0.0,1685.662598,0.0,0.0,0.0,766.6375,0.0,0.0,0.05,0,0,0,0,M,E,E,174.793287,-41.315937
297c305b-8831-4efc-8037-d3f5775eea93,1,302.0844,1678.731478,0.0,0.0,0.0,766.6375,0.0,500.0,0.05,0,0,1,0,M,E,E,174.794023,-41.321007
299625ac-e0ba-4967-858b-05aff1191f74,1,461.993,1925.119635,0.0,0.0,0.0,766.6375,0.0,500.0,0.0,0,0,1,0,E,E,E,174.795986,-41.324558
299cfbab-29a4-4cc4-bb59-dcbad676ebf4,1,0.0,1053.112439,0.0,0.0,0.0,766.6375,0.0,0.0,0.1,0,0,0,0,M,E,M,174.776559,-41.315167
29b48eed-9cee-477a-9576-ce9aeff1ac7e,1,0.0,1495.790483,0.0,0.0,0.0,766.6375,0.0,0.0,0.0,0,0,0,0,E,E,E,174.792072,-41.314912
29b7bb50-3f16-4e13-9338-2f86f2a93dbd,1,0.0,1557.167733,0.0,0.0,0.0,766.6375,0.0,0.0,0.0,0,0,0,0,E,E,E,174.803733,-41.318709
29bff5a6-64b8-4aca-8676-4c372a3a3480,1,0.0,1840.07954,0.0,0.0,0.0,766.6375,0.0,200.0,0.1,0,0,1,0,D,E,E,174.804525,-41.317815
29da18a2-e40a-446c-b061-570c32cb07fa,1,0.0,1697.213631,0.0,0.0,0.0,766.6375,0.0,0.0,0.0,0,0,0,0,E,E,E,174.805254,-41.319924
29dfec26-bc44-471c-a410-d9d07b51b02c,1,1717.7709,1872.479042,0.0,0.0,0.0,766.6375,0.0,1500.0,0.0,0,0,1,0,E,E,E,174.805847,-41.317708
29e0f251-4bde-4ecf-82e3-46042f823e69,7,268.7194,1608.372347,0.0,0.0,0.0,766.6375,0.0,1500.0,0.0,0,0,1,0,E,E,E,174.774928,-41.322061
29f5300e-a706-48e9-a09e-f11eadef5b8b,1,0.0,951.597049,13.267162,643.19,0.0,766.6375,0.0,0.0,0.05,1,0,0,0,E,E,M,174.776478,-41.312821
2a046dbc-524c-4fb4-8bda-083eecffa67b,23,2042.8361,1464.521169,0.0,0.0,0.0,766.6375,0.0,4000.0,0.1,0,0,1,0,M,E,M,174.775813,-41.319436
2a1124cc-b652-45fb-9c87-771dd8d56f8a,1,0.0,934.359185,0.0,0.0,0.0,766.6375,0.0,0.0,0.1,0,0,0,0,E,E,D,174.788096,-41.323274
2a186661-71da-4fa2-9ef6-494ebd65e05f,1,143.0466,1603.475557,0.0,0.0,0.0,766.6375,0.0,1500.0,0.0,0,0,1,0,E,E,E,174.785648,-41.310778
2a26e331-2c4a-45e6-899d-c46dd32594ca,1,0.0,1734.544204,0.0,0.0,0.0,766.6375,0.0,0.0,0.0,0,0,0,0,E,E,E,174.778823,-41.311373
2a4af12f-0679-456a-b8ae-fa4729e3e0a0,2,437.6487,2030.242534,0.0,0.0,0.0,766.6375,0.0,500.0,0.0,0,0,1,0,E,E,E,174.776462,-41.313833
2a553bca-a59a-44a3-b17c-2aa282bf51e0,1,230.761,1577.583045,0.0,0.0,0.0,766.6375,0.0,500.0,0.0,0,0,1,0,E,E,E,174.775,-41.320883
2a559a99-e292-470a-aa97-304203b43aff,1,187.3772,1800.595527,0.0,0.0,0.0,766.6375,0.0,500.0,0.0,0,0,1,0,E,E,E,174.784076,-41.310294
2a587208-b1bb-4202-855e-ff4e0c629a77,1,0.0,2023.759333,0.0,0.0,0.0,766.6375,0.0,0.0,0.05,0,0,0,0,M,E,E,174.776502,-41.311129
2a6642be-a77d-460b-aa0e-4fe95697e02f,2,0.0,1733.19905,0.0,0.0,0.0,766.6375,0.0,200.0,0.0,0,0,1,0,E,E,E,174.79473,-41.320202
2a689146-b181-4e2c-b963-01ee116788e6,1,438.5109,1846.944292,0.0,0.0,0.0,766.6375,0.0,500.0,0.0,0,0,1,0,E,E,E,174.805045,-41.323477
2a6a8605-23db-41d0-b23c-58ab00dcd975,1,320.3619,1799.588155,0.0,0.0,0.0,766.6375,0.0,4000.0,0.05,0,0,1,0,M,E,E,174.801598,-41.320657
2a713a81-dd2d-480e-9fb2-8453a20bcb41,6,0.0,2141.675722,0.0,0.0,0.0,766.6375,0.0,200.0,0.0,0,0,1,0,E,E,E,174.777459,-41.309758
2a9602a8-7e36-4fca-9238-89e7094e9e4c,1,0.0,1357.127182,0.0,0.0,0.0,766.6375,0.0,0.0,0.05,0,0,0,0,M,E,E,174.774404,-41.32321
2a990955-7044-42d3-8c92-2a757d0e2d73,3,0.0,1426.152704,0.0,0.0,0.0,766.6375,0.0,0.0,0.05,0,0,0,0,E,E,M,174.780328,-41.317515
2a99eea6-3fe2-4a98-a133-e2e9f86f1b96,1,0.0,1046.663615,0.0,0.0,0.0,766.6375,0.0,0.0,0.0,0,0,0,0,E,E,E,174.792541,-41.319922
2aa7d262-30ee-4a48-abff-3429cb6eef3b,1,0.0,1079.699512,0.0,0.0,0.0,766.6375,0.0,0.0,0.0,0,0,0,0,E,E,E,174.79122,-41.313107
2aa9530d-2a2c-4bdc-b47a-c0d0000cd8fe,1,0.0,1133.43953,0.0,0.0,0.0,766.6375,0.0,0.0,0.0,0,0,0,0,E,E,E,174.804103,-41.320988
2ab24c5b-0ec7-402d-9edd-40f956aa5570,1,0.0,926.054648,18.54842,643.19,0.0,766.6375,0.0,0.0,0.05,1,0,0,0,E,E,M,174.786735,-41.323452
2ac20e37-ab02-4e1e-9681-19c20a83cab4,1,339.7073,1896.987616,0.0,0.0,0.0,766.6375,0.0,500.0,0.0,0,0,1,0,E,E,E,174.798181,-41.318944
2ac2839f-5e4b-4c74-82f8-77211f46f42a,1,0.0,910.219152,24.203132,744.69,0.0,766.6375,0.0,0.0,0.1,1,0,0,0,E,E,D,174.790497,-41.325108
2ac9586c-48dd-456a-86cf-bc3111ae91b9,1,0.0,1992.778935,0.0,0.0,0.0,766.6375,0.0,200.0,0.05,0,0,1,0,M,E,E,174.777336,-41.320491
2ad1c452-ab45-44db-8c10-cede1260db7f,4,0.0,1174.296974,0.0,0.0,0.0,766.6375,0.0,0.0,0.05,0,0,0,0,E,E,M,174.787279,-41.324727
2aef8107-483e-4843-9718-13fea9da028c,1,0.0,1026.704085,19.9372,643.19,0.0,766.6375,0.0,0.0,0.05,1,0,0,0,E,E,M,174.803964,-41.321644
2b155070-0910-4c83-864a-cbd9ed782541,1,281.6581,1600.749097,0.0,0.0,0.0,766.6375,0.0,1500.0,0.05,0,0,1,0,M,E,E,174.78444,-41.315197
2b1ea3db-6e22-4034-bd7b-e25c90eb735d,1,48.1812,946.244882,12.700671,1224.08,0.0,766.6375,22.725695,0.0,0.1,1,0,0,0,E,M,M,174.791659,-41.318776
2b24f4a6-7981-4119-8c0a-768f1dd67552,1,294.6955,1649.272237,0.0,0.0,0.0,766.6375,0.0,1500.0,0.0,0,0,1,0,E,E,E,174.775565,-41.320022
2b4be90b-58c3-4ed3-b32d-7ec0c02093e1,1,0.0,911.271316,15.787612,798.8,0.0,766.6375,0.0,0.0,0.1,1,0,0,0,M,E,M,174.78973,-41.32345
2b85f664-6d92-403a-8d69-b00c9056ceff,1,227.3432,1634.73206,0.0,0.0,0.0,766.6375,0.0,4000.0,0.0,0,0,1,0,E,E,E,174.786801,-41.312509
2b8b0c3b-ffcd-4af5-beaf-2fbdd9b9d83d,1,110.3737,1731.704423,0.0,0.0,0.0,766.6375,0.0,500.0,0.0,0,0,1,0,E,E,E,174.783689,-41.309993
2bcc4a8c-7988-4f46-b9ff-95a2af36b23a,1,314.6662,1579.6665,0.0,0.0,0.0,766.6375,0.0,1500.0,0.0,0,0,1,0,E,E,E,174.793656,-41.32326
2bd58996-e895-4275-8914-0733b4ba8aca,1,0.0,989.836937,0.0,0.0,0.0,766.6375,0.0,0.0,0.05,0,0,0,0,M,E,E,174.787335,-41.32302
2bdf80b3-5481-4457-b8d1-df516dc759de,1,0.0,1579.758787,0.0,0.0,0.0,766.6375,0.0,0.0,0.0,0,0,0,0,E,E,E,174.802343,-41.3217
2be4cbb0-7934-4bfc-a21d-7ff910333ee4,1,428.3948,1099.335734,0.0,0.0,0.0,766.6375,0.0,2500.0,0.0,0,0,1,0,E,E,E,174.777079,-41.323624
2bf4ecda-6b3a-4199-bdf2-547594481310,1,0.0,893.214822,0.0,0.0,0.0,766.6375,0.0,0.0,0.1,0,0,0,0,M,E,M,174.791981,-41.312691
2bf67678-ae76-4abb-873d-d0b4aacd404e,3,432.1374,1610.858979,0.0,0.0,0.0,766.6375,0.0,500.0,0.05,0,0,1,0,M,E,E,174.792238,-41.311127
2bff5425-9aae-46b5-ac59-aeb9254097f2,1,0.0,949.594299,0.0,0.0,0.0,766.6375,0.0,0.0,0.1,0,0,0,0,M,E,M,174.787503,-41.322943
2c00957f-3855-4238-ab8d-ce0fcad7edf4,1,0.0,1006.115155,17.698682,643.19,0.0,766.6375,0.0,0.0,0.05,1,0,0,0,E,E,M,174.775309,-41.313027
2c0a919c-97e3-4ba1-9f58-2ac194804b85,2,0.0,900.177324,20.095781,744.69,0.0,766.6375,0.0,0.0,0.1,1,0,0,0,E,E,D,174.777548,-41.322453
2c11647a-f478-415e-a6aa-5f03ab301252,2,339.9169,1717.151805,0.0,0.0,0.0,766.6375,0.0,1500.0,0.0,0,0,1,0,E,E,E,174.785469,-41.310143
2c20c034-76d9-43c7-b847-2b1664b49760,1,505.8032,1906.200303,0.0,0.0,0.0,766.6375,0.0,1500.0,0.05,0,0,1,0,M,E,E,174.800933,-41.321465
2c2db7f0-fe6a-4184-aadd-f853d778a396,1,0.0,1843.617639,0.0,0.0,0.0,766.6375,0.0,200.0,0.0,0,0,1,0,E,E,E,174.795716,-41.324016
2c426439-2411-4c03-9920-5959c686f419,1,367.8975,1854.715255,0.0,0.0,0.0,766.6375,0.0,500.0,0.0,0,0,1,0,E,E,E,174.802171,-41.322382
2c4d495a-49ea-4f27-b92a-9ab72c1b7545,1,0.0,892.103598,0.0,0.0,0.0,766.6375,0.0,0.0,0.15,0,0,0,0,M,E,D,174.787822,-41.322757
2c9250f0-f5c9-4b30-b919-934922d9d4f8,1,364.0953,930.489045,0.0,0.0,0.0,766.6375,0.0,1500.0,0.05,0,0,1,0,E,E,M,174.776358,-41.320513
2c942986-c833-4282-a2e0-f8eea74512ff,1,377.5999,1731.651978,0.0,0.0,0.0,766.6375,0.0,500.0,0.05,0,0,1,0,M,E,E,174.782461,-41.315448
2c94b505-44e3-462b-8027-497880490ce1,1,0.0,1815.115574,0.0,0.0,0.0,766.6375,0.0,200.0,0.0,0,0,1,0,E,E,E,174.80118,-41.32
2c9c7e53-cd19-4e31-aa33-107efedf5cae,2,276.901,1906.754902,0.0,0.0,0.0,766.6375,0.0,500.0,0.0,0,0,1,0,E,E,E,174.772724,-41.322359
2cb0150a-41e5-44b7-b53d-dca5f495dbeb,1,0.0,1015.597072,0.0,0.0,0.0,766.6375,0.0,0.0,0.05,0,0,0,0,E,E,M,174.790385,-41.321818
2cb2060e-1b42-4f6f-9a22-89f3210c00e5,1,0.0,2011.772854,0.0,0.0,0.0,766.6375,0.0,200.0,0.05,0,0,1,0,M,E,E,174.776058,-41.315328
2cb328bd-a40a-4775-bac3-2dc07756d902,1,649.4535,1897.431056,0.0,0.0,0.0,766.6375,0.0,500.0,0.0,0,0,1,0,E,E,E,174.797568,-41.316851
2cb88e4c-5f39-44ab-878a-b24013fd6b30,1,0.0,909.035861,16.92737,744.69,0.0,766.6375,0.0,0.0,0.1,1,0,0,0,M,E,M,174.790957,-41.323635
2cc7c785-b9df-401b-92b4-bdefce28f6a6,4,0.0,1108.186935,0.0,0.0,0.0,766.6375,0.0,0.0,0.0,0,0,0,0,E,E,E,174.787018,-41.315238
2cc8cf32-c04f-4815-a123-7c62f91e0133,1,0.0,1073.097606,0.0,0.0,0.0,766.6375,0.0,0.0,0.0,0,0,0,0,E,E,E,174.775906,-41.323933
2cce1bba-0b4f-4cb4-9afa-81bfb948a38e,1,234.72,1587.289027,0.0,0.0,0.0,766.6375,0.0,500.0,0.0,0,0,1,0,E,E,E,174.781639,-41.31874
2ce2c212-703e-4c50-ac0f-d48c22c7fc70,4,519.1311,1828.960168,0.0,0.0,0.0,766.6375,0.0,2500.0,0.0,0,0,1,0,E,E,E,174.773224,-41.321945
2ce42ad6-c3c1-4539-b8ba-ce471d001af7,7,0.0,1770.905846,0.0,0.0,0.0,766.6375,0.0,200.0,0.05,0,0,1,0,M,E,E,174.780194,-41.313932
2ce909c4-8a2a-498d-843f-2571bd6bbfe1,1,165.0584,1932.775927,0.0,0.0,0.0,766.6375,0.0,1500.0,0.05,0,0,1,0,M,E,E,174.798796,-41.317914
2cf634e7-e874-4f93-81ce-c8ae08524679,1,0.0,1696.401546,0.0,0.0,0.0,766.6375,0.0,200.0,0.0,0,0,1,0,E,E,E,174.781154,-41.317147
2cf88671-cc1f-4daf-b2b4-049cb62d991a,1,227.5837,1423.232698,0.0,0.0,0.0,766.6375,0.0,500.0,0.05,0,0,1,0,E,E,M,174.783441,-41.310518
2d187528-46be-4996-a02d-9b325076a325,1,0.0,894.118392,16.415486,643.19,0.0,766.6375,0.0,0.0,0.1,1,0,0,0,E,E,D,174.787694,-41.321452
2d224572-4899-4084-a196-86e46d271706,1,131.4566,1617.956709,0.0,0.0,0.0,766.6375,0.0,4000.0,0.0,0,0,1,0,E,E,E,174.778827,-41.314303
2d23e47b-0496-45ff-9c1c-562a5b2dd706,1,300.1479,1820.125465,0.0,0.0,0.0,766.6375,0.0,500.0,0.0,0,0,1,0,E,E,E,174.795186,-41.318363
2d3719da-5753-41e9-ab34-b52b32cd878c,1,578.2914,1913.474366,0.0,0.0,0.0,766.6375,0.0,500.0,0.05,0,0,1,0,M,E,E,174.796766,-41.323846
2d4238dd-8f55-4ec3-8ea1-bf1851e452c7,1,299.7734,1872.70574,0.0,0.0,0.0,766.6375,0.0,500.0,0.0,0,0,1,0,E,E,E,174.796538,-41.323544
2d583723-a280-4717-88d6-21b79cdc0557,1,0.0,1578.832881,0.0,0.0,0.0,766.6375,0.0,200.0,0.0,0,0,1,0,E,E,E,174.778693,-41.320203
2d585ace-0869-475f-97ad-769eea9519e2,1,187.4164,1630.146338,0.0,0.0,0.0,766.6375,0.0,500.0,0.0,0,0,1,0,E,E,E,174.776811,-41.318982
2d6bafd6-d5e1-41b0-8867-ff0e1b68f658,1,0.0,1173.044026,0.0,0.0,0.0,766.6375,0.0,0.0,0.0,0,0,0,0,E,E,E,174.790667,-41.321384
2d799889-f942-4c36-b7d7-788137821c9e,3,0.0,997.320345,0.0,0.0,0.0,766.6375,0.0,0.0,0.05,0,0,0,0,M,E,E,174.77475,-41.310476
2d81bace-b015-459c-b1b8-d6d8acf403cd,2,316.6934,1893.524262,0.0,0.0,0.0,766.6375,0.0,1500.0,0.05,0,0,1,0,M,E,E,174.797767,-41.322946
2d8fd4ff-f472-4622-a0cf-ef29a461e553,2,0.0,874.913055,24.276683,798.8,0.0,766.6375,0.0,0.0,0.15,1,0,0,0,D,E,M,174.774501,-41.312027
2d92134a-3d88-489e-8a5c-16129fc54386,1,0.0,1605.651488,0.0,0.0,0.0,766.6375,0.0,200.0,0.0,0,0,1,0,E,E,E,174.778425,-41.320651
2d93e8ff-dbe7-4894-96de-3c46f26924d8,1,238.7321,1619.957508,0.0,0.0,0.0,766.6375,0.0,500.0,0.0,0,0,1,0,E,E,E,174.793859,-41.321654
2d9650c9-e79f-4625-81f3-f152c88d6dc5,1,266.8589,1037.517116,0.0,0.0,0.0,766.6375,0.0,1500.0,0.0,0,0,1,0,E,E,E,174.797254,-41.310829
2d9d07f3-7da8-4fbd-ab66-a5209fc9f9b9,3,0.0,1734.127688,0.0,0.0,0.0,766.6375,0.0,200.0,0.05,0,0,1,0,M,E,E,174.780703,-41.315735
2db3598f-da04-4be0-b1fd-1f7e0bb68217,4,0.0,995.585624,20.007183,643.19,0.0,766.6375,0.0,0.0,0.1,1,0,0,0,M,E,M,174.787556,-41.313076
2db6810e-cf66-472c-8b6c-c0cd45900c83,1,0.0,1702.156307,0.0,0.0,0.0,766.6375,0.0,200.0,0.0,0,0,1,0,E,E,E,174.778381,-41.320191
2dd4842f-ac67-42d4-9cc6-10e14d4b5fad,3,0.0,1050.37348,21.360246,798.8,0.0,766.6375,0.0,0.0,0.05,1,0,0,0,E,E,M,174.789103,-41.322432
2dd9bc51-776f-4578-807f-518303f1c3e5,1,0.0,1200.401569,0.0,0.0,0.0,766.6375,0.0,0.0,0.0,0,0,0,0,E,E,E,174.794468,-41.311354
2ddebe72-2f06-4bf8-9534-9ebcbd8d404e,1,0.0,1049.082159,0.0,0.0,0.0,766.6375,0.0,0.0,0.0,0,0,0,0,E,E,E,174.776622,-41.312375
2df43ae6-384d-49c1-ad70-131d3b220691,1,0.0,939.105532,0.0,0.0,0.0,766.6375,0.0,0.0,0.1,0,0,0,0,M,E,M,174.789941,-41.323536
2df4d6c2-3886-4b46-b031-172dae46d5c0,1,0.0,908.234918,0.0,0.0,0.0,766.6375,0.0,0.0,0.05,0,0,0,0,E,E,M,174.786205,-41.31782
2df94bee-214f-46e0-9d3e-b96874f0c812,2,0.0,932.123412,0.0,0.0,0.0,766.6375,0.0,0.0,0.1,0,0,0,0,M,E,M,174.79174,-41.32025
2dfa0fdb-deeb-4d15-806f-670b0d7d3e80,1,182.7771,1660.174619,0.0,0.0,0.0,766.6375,0.0,1500.0,0.0,0,0,1,0,E,E,E,174.785675,-41.310634
2dfbcb58-e6f8-4590-a860-581710911e9c,2,0.0,907.501239,0.0,0.0,0.0,766.6375,0.0,0.0,0.05,0,0,0,0,E,E,M,174.793069,-41.319214
2e036e51-6bb5-478b-b8d6-8a83e73a585c,1,0.0,1785.648058,0.0,0.0,0.0,766.6375,0.0,200.0,0.0,0,0,1,0,E,E,E,174.795613,-41.323289
2e10375a-c9a2-4f4e-92eb-85b1618164eb,1,0.0,1650.956739,21.458904,643.19,0.0,766.6375,0.0,0.0,0.0,1,0,0,0,E,E,E,174.802186,-41.32139
2e172f60-b34d-4268-9415-0033862b2d13,2,317.5704,1599.314172,0.0,0.0,0.0,766.6375,0.0,500.0,0.0,0,0,1,0,E,E,E,174.783399,-41.31583
2e1e6d7f-1e1a-4a9e-ac70-0ba2d0d8eecf,1,0.0,1671.851606,0.0,0.0,0.0,766.6375,0.0,200.0,0.0,0,0,1,0,E,E,E,174.784157,-41.31122
2e46cd57-ed45-497c-9e5f-aff98ef44b75,1,412.5053,1923.863317,0.0,0.0,0.0,766.6375,0.0,1500.0,0.05,0,0,1,0,M,E,E,174.798921,-41.321834
2e4c7bb8-a7dd-46bb-92f3-9a20968b30bd,1,100.6648,1928.434862,0.0,0.0,0.0,766.6375,0.0,1500.0,0.0,0,0,1,0,E,E,E,174.798038,-41.321199
2e54c597-94ea-42ff-bacd-e30b7e075388,2,415.2002,1590.562162,0.0,0.0,0.0,766.6375,0.0,500.0,0.0,0,0,1,0,E,E,E,174.775005,-41.320548
2e617b20-3e5f-4577-b87e-93e4c62f2fa9,1,0.0,1080.753916,0.0,0.0,0.0,766.6375,0.0,0.0,0.0,0,0,0,0,E,E,E,174.777658,-41.312945
2e73f7f4-455e-478f-9e1e-2bf25f498e20,1,0.0,1637.81258,0.0,0.0,0.0,766.6375,0.0,0.0,0.0,0,0,0,0,E,E,E,174.773785,-41.323461
2e747ba8-6c89-4479-8459-aa9002dc8895,1,273.0311,1523.527529,0.0,0.0,0.0,766.6375,0.0,500.0,0.0,0,0,1,0,E,E,E,174.791221,-41.312058
2e8397b4-f532-437c-8cae-dee6d887f537,4,0.0,1664.001211,0.0,0.0,0.0,766.6375,0.0,0.0,0.05,0,0,0,0,M,E,E,174.795517,-41.312015
2e84da63-dc08-4802-a488-19c192927a87,2,0.0,1759.30026,0.0,0.0,0.0,766.6375,0.0,200.0,0.0,0,0,1,0,E,E,E,174.780867,-41.316127
2e950275-5267-408b-91ec-523ba11e4d61,3,997.7064,1710.17876,0.0,0.0,0.0,766.6375,0.0,500.0,0.0,0,0,1,0,E,E,E,174.794263,-41.319065
2eae3caa-aec7-49cf-8ea1-2dbc115fd0ad,1,0.0,1757.90034,0.0,0.0,0.0,766.6375,0.0,200.0,0.0,0,0,1,0,E,E,E,174.784097,-41.312695
2eb5341b-cb92-430e-94e3-75fd6dfca0c4,1,0.0,940.073684,39.890872,744.69,0.0,766.6375,0.0,0.0,0.15,1,0,0,0,M,E,D,174.789283,-41.3185
2ec7f820-b999-44e9-8ef1-f2219c41a2a6,1,221.9312,1612.490856,0.0,0.0,0.0,766.6375,0.0,500.0,0.0,0,0,1,0,E,E,E,174.779785,-41.321834
2ecf170e-69a1-4944-af32-444e2597145b,1,198.4109,1733.07407,0.0,0.0,0.0,766.6375,0.0,1500.0,0.0,0,0,1,0,E,E,E,174.779346,-41.313005
2ee8ac65-14b6-41de-884d-3dc6f45cdcf2,1,247.619,1535.709892,0.0,0.0,0.0,766.6375,0.0,1500.0,0.0,0,0,1,0,E,E,E,174.785926,-41.311649
2ef4e244-8283-4431-a688-0eff81f8f868,1,0.0,1828.294579,0.0,0.0,0.0,766.6375,0.0,0.0,0.0,0,0,0,0,E,E,E,174.775262,-41.315445
2efcfec3-cb98-4bcb-9ec1-71a2a45a73f4,3,0.0,1232.03771,0.0,0.0,0.0,766.6375,0.0,0.0,0.05,0,0,0,0,M,E,E,174.796142,-41.309727
2f1c0233-0016-4ca8-b128-3408fcd00702,1,244.4457,1673.615951,0.0,0.0,0.0,766.6375,0.0,1500.0,0.0,0,0,1,0,E,E,E,174.79259,-41.313614
2f216d8c-6df4-47d6-9cab-a08b3188e570,1,352.3405,1592.093556,0.0,0.0,0.0,766.6375,0.0,500.0,0.0,0,0,1,0,E,E,E,174.79175,-41.311795
2f384846-2f0b-40cd-b305-836a65e5e5a8,1,113.9459,1663.122905,0.0,0.0,0.0,766.6375,0.0,4000.0,0.0,0,0,1,0,E,E,E,174.778522,-41.31445
2f575794-cfa3-4aea-bef0-b4a14ffab6c3,1,0.0,886.047545,25.984119,1224.08,0.0,766.6375,0.0,0.0,0.15,1,0,0,0,M,E,D,174.791305,-41.320825
2f5e7fb9-8712-49f8-8a6c-7c21d0e487b9,1,340.1244,1716.814946,0.0,0.0,0.0,766.6375,0.0,1500.0,0.0,0,0,1,0,E,E,E,174.79382,-41.324907
2f650fe1-4266-4bdd-a382-92dbaf111b11,1,267.8513,1830.497834,0.0,0.0,0.0,766.6375,0.0,500.0,0.0,0,0,1,0,E,E,E,174.773162,-41.322368
2f8176df-71ed-48f5-9b92-a99060273216,1,0.0,1052.564086,0.0,0.0,0.0,766.6375,0.0,0.0,0.1,0,0,0,0,M,E,M,174.789429,-41.314885
2f88108e-d358-46fb-bf95-f7eafffa96fc,1,333.6081,1912.917604,0.0,0.0,0.0,766.6375,0.0,2500.0,0.0,0,0,1,0,E,E,E,174.803456,-41.323468
2f93974b-7ebb-4732-bf3c-7bdb96e003fe,1,0.0,936.287912,0.0,0.0,0.0,766.6375,0.0,0.0,0.1,0,0,0,0,M,E,M,174.790984,-41.315172
2f9b47ea-0d33-4dd7-9c71-3bae69ae642f,1,0.0,1064.372152,0.0,0.0,0.0,766.6375,0.0,0.0,0.0,0,0,0,0,E,E,E,174.790577,-41.313124
2fd79640-ac22-4bfe-badf-56244d639932,1,0.0,1753.082867,0.0,0.0,0.0,766.6375,0.0,200.0,0.0,0,0,1,0,E,E,E,174.784769,-41.313085
2fdcee2a-7caf-49e1-80df-24cc2b8f5050,1,589.0862,1900.893479,0.0,0.0,0.0,766.6375,0.0,2500.0,0.0,0,0,1,0,E,E,E,174.800221,-41.318052
2fe56e25-fe11-4d65-8652-8c41d0a299dd,1,0.0,1630.24341,0.0,0.0,0.0,766.6375,0.0,200.0,0.05,0,0,1,0,M,E,E,174.794192,-41.324031
300e231c-3da7-443e-816e-3138651ce50f,1,0.0,1456.44491,13.98525,643.19,0.0,766.6375,0.0,200.0,0.05,1,0,1,0,E,E,M,174.776852,-41.320033
3017b79a-63e8-40e4-8f5d-e92368721278,3,334.2821,1541.199596,0.0,0.0,0.0,766.6375,0.0,500.0,0.0,0,0,1,0,E,E,E,174.779239,-41.313937
305870ee-beb2-4360-a492-35bf7328fe3f,1,0.0,1107.545847,0.0,0.0,0.0,766.6375,0.0,0.0,0.0,0,0,0,0,E,E,E,174.777289,-41.32132
306235ed-8dfd-4e8e-9eeb-2fc57e064e8e,1,0.0,1628.579947,0.0,0.0,0.0,766.6375,0.0,0.0,0.0,0,0,0,0,E,E,E,174.786146,-41.310738
306b333c-e111-4fdb-8d8b-45c19fffeb5b,4,0.0,892.409027,0.0,0.0,0.0,766.6375,0.0,0.0,0.1,0,0,0,0,E,E,D,174.789384,-41.322094
3085111b-b495-4df2-ac32-3957de393264,2,7024.2016,1278.913287,0.0,0.0,0.0,766.6375,0.0,500.0,0.05,0,0,1,0,E,E,M,174.775454,-41.30943
308b13c5-f46d-4d67-bf9b-1bde56b0734e,1,736.5434,1925.266772,0.0,0.0,0.0,766.6375,0.0,500.0,0.0,0,0,1,0,E,E,E,174.796601,-41.320105
30c22ce9-3d68-4d63-b8bf-70f4ac4607ea,3,0.0,876.030517,25.400703,1224.08,0.0,766.6375,0.0,0.0,0.15,1,0,0,0,M,E,D,174.790681,-41.320943
30c3c43f-bc22-4277-8b69-e62c668edc57,3,297.6677,1583.254446,0.0,0.0,0.0,766.6375,0.0,500.0,0.0,0,0,1,0,E,E,E,174.781436,-41.310738
30da1a49-456a-444c-94ee-82bcf79556d0,1,0.0,970.354363,0.0,0.0,0.0,766.6375,0.0,200.0,0.1,0,0,1,0,M,E,M,174.785967,-41.313406
30ddba1c-6984-4fda-96e6-f625f9e24f46,1,273.1261,1835.791561,0.0,0.0,0.0,766.6375,0.0,4000.0,0.0,0,0,1,0,E,E,E,174.800988,-41.320546
30e21a13-90a3-424e-a7dc-b96d58a07b64,1,229.0117,1788.265194,0.0,0.0,0.0,766.6375,0.0,500.0,0.0,0,0,1,0,E,E,E,174.778147,-41.319781
30ea9139-3fbf-49dc-a5e8-67821f8394b5,1,0.0,2003.118518,0.0,0.0,0.0,766.6375,0.0,200.0,0.0,0,0,1,0,E,E,E,174.77627,-41.314598
30efb01c-0c78-435a-a33d-a6e3e2992705,1,0.0,1623.263605,0.0,0.0,0.0,766.6375,0.0,0.0,0.0,0,0,0,0,E,E,E,174.775061,-41.319067
30fe367e-8ada-4e38-9da2-5f60f3492f86,1,249.9151,1819.610874,0.0,0.0,0.0,766.6375,0.0,500.0,0.05,0,0,1,0,M,E,E,174.781509,-41.314436
3117d903-613f-4658-89ec-da64d87bcfca,1,0.0,996.469989,29.473694,798.8,0.0,766.6375,0.0,0.0,0.1,1,0,0,0,M,E,M,174.789608,-41.314872
3117ea1d-df42-435b-ae2a-468d67ffb5eb,1,0.0,1027.276797,0.0,0.0,0.0,766.6375,0.0,0.0,0.05,0,0,0,0,E,E,M,174.789837,-41.324941
311a2254-0d3d-4d3a-be9b-aea7c19925ee,1,200.1439,1554.934678,0.0,0.0,0.0,766.6375,0.0,500.0,0.0,0,0,1,0,E,E,E,174.778779,-41.319843
312f856a-2c59-47e1-878a-f044c4868c4a,1,0.0,1818.366954,0.0,0.0,0.0,766.6375,0.0,200.0,0.0,0,0,1,0,E,E,E,174.785136,-41.312624
31451b0a-a70e-4102-a8d0-c90db3ecfd31,1,0.0,1043.386109,28.514314,1224.08,0.0,766.6375,0.0,0.0,0.15,1,0,0,0,D,E,M,174.795488,-41.311175
31515448-026d-454c-b921-ec4977c46e1e,2,0.0,1019.067978,0.0,0.0,0.0,766.6375,0.0,0.0,0.1,0,0,0,0,M,E,M,174.787727,-41.312866
3160eaab-35cb-4cc5-b867-3d2095f8769a,1,458.1602,1899.908484,0.0,0.0,0.0,766.6375,0.0,2500.0,0.05,0,0,1,0,M,E,E,174.80331,-41.322821
31699e98-d940-4e42-a827-a94433b186f3,1,317.6785,1762.668827,0.0,0.0,0.0,766.6375,0.0,500.0,0.0,0,0,1,0,E,E,E,174.783422,-41.314509
316b0321-47dc-41ee-bb42-48419ba12c4e,13,761.3337,1730.924906,0.0,0.0,0.0,766.6375,0.0,500.0,0.0,0,0,1,0,E,E,E,174.778665,-41.319047
3186f2d3-4bd3-4915-aee5-526d3979a302,1,0.0,821.388652,23.405335,798.8,0.0,766.6375,0.0,0.0,0.1,1,0,0,0,E,E,D,174.789317,-41.323799
3188eba2-cb30-4835-b835-05f89cec7b37,1,0.0,1772.631226,0.0,0.0,0.0,766.6375,0.0,0.0,0.05,0,0,0,0,M,E,E,174.803965,-41.321983
31891d53-d469-453e-86f8-a2a5f0d3318a,1,0.0,1751.826725,0.0,0.0,0.0,766.6375,0.0,0.0,0.05,0,0,0,0,E,E,M,174.784515,-41.317052
3189e804-6c9b-4d76-8413-389c3d7866e7,1,209.3819,1802.318327,0.0,0.0,0.0,766.6375,0.0,1500.0,0.05,0,0,1,0,M,E,E,174.783914,-41.313729
319a9f9f-7a1b-4131-9637-405bd2d75775,1,283.0261,1723.660823,0.0,0.0,0.0,766.6375,0.0,500.0,0.0,0,0,1,0,E,E,E,174.779656,-41.321824
31a0e3b0-a1fd-44ba-a15a-26c183a6c083,2,0.0,1440.673866,0.0,0.0,0.0,766.6375,0.0,200.0,0.2,0,0,1,0,D,E,D,174.782628,-41.311757
31cd4654-88d9-4398-bf42-67f317ad8837,1,0.0,880.315161,0.0,0.0,0.0,766.6375,0.0,0.0,0.05,0,0,0,0,E,E,M,174.79066,-41.323585
31dc6f5a-2d52-4d81-9baf-9cf820d22167,1,0.0,1591.396134,0.0,0.0,0.0,766.6375,0.0,0.0,0.0,0,0,0,0,E,E,E,174.774478,-41.323997
31e3b5c0-9d87-4294-ab5d-db446534629e,1,353.7556,1926.902967,0.0,0.0,0.0,766.6375,0.0,1500.0,0.0,0,0,1,0,E,E,E,174.798035,-41.320869
32149abb-6940-41b3-86d2-7200ebba0744,1,0.0,957.143966,0.0,0.0,0.0,766.6375,0.0,0.0,0.05,0,0,0,0,E,E,M,174.791484,-41.31767
321cd5bc-0379-4803-b83c-d57f6b4d83d8,1,0.0,1016.283316,0.0,0.0,0.0,766.6375,0.0,0.0,0.05,0,0,0,0,E,E,M,174.790993,-41.317552
32276e9b-a4aa-4634-b656-7b549f96f177,1,0.0,1828.637639,0.0,0.0,0.0,766.6375,0.0,200.0,0.0,0,0,1,0,E,E,E,174.795609,-41.323719
323050f1-8bc8-4711-abb9-a06546297cba,1,0.0,1539.883541,0.0,0.0,0.0,766.6375,0.0,0.0,0.0,0,0,0,0,E,E,E,174.77405,-41.323848
3233f72b-e52c-40c8-b08c-c78481f1dc7f,1,192.1025,1596.372909,0.0,0.0,0.0,766.6375,0.0,500.0,0.0,0,0,1,0,E,E,E,174.779458,-41.314406
323911d8-8988-46a9-be65-24617ef62bf3,2,0.0,972.267968,33.088695,744.69,0.0,766.6375,0.0,0.0,0.1,1,0,0,0,E,E,D,174.787565,-41.324805
323e03c5-838b-453e-b524-ee923b802f0a,1,103.023,1918.203921,0.0,0.0,0.0,766.6375,0.0,1500.0,0.05,0,0,1,0,M,E,E,174.799302,-41.318287
3246126d-ba32-405b-bc14-9ae806f5fc22,4,258.4075,2068.208831,0.0,0.0,0.0,766.6375,0.0,1500.0,0.0,0,0,1,0,E,E,E,174.772859,-41.321647
3247f163-78df-47e6-a63a-7cddde4317a0,1,0.0,1035.134354,13.805571,798.8,0.0,766.6375,0.0,0.0,0.0,1,0,0,0,E,E,E,174.785456,-41.317225
3249dc10-6056-430d-b261-bebd2c8ca466,1,0.0,1729.764316,0.0,0.0,0.0,766.6375,0.0,200.0,0.0,0,0,1,0,E,E,E,174.777579,-41.320359
324eb352-7948-4cbc-86f2-72a05b209851,1,258.3398,1598.361033,0.0,0.0,0.0,766.6375,0.0,500.0,0.0,0,0,1,0,E,E,E,174.794158,-41.321334
3265d557-7076-4e88-91e7-ddc0c2cca24f,5,562.4772,1686.179388,0.0,0.0,0.0,766.6375,0.0,4000.0,0.0,0,0,1,0,E,E,E,174.779992,-41.323736
32677d82-2977-4b62-b12e-892338b8a89b,1,351.6431,1757.556098,0.0,0.0,0.0,766.6375,0.0,1500.0,0.05,0,0,1,0,M,E,E,174.793832,-41.324248
326b4bfd-367b-4768-8b5b-a50a03547b1a,2,0.0,1380.79345,0.0,0.0,0.0,766.6375,0.0,0.0,0.1,0,0,0,0,M,E,M,174.777423,-41.322225
327b1c96-5f0e-455b-a031-40e014f189e2,1,264.9345,1910.520191,0.0,0.0,0.0,766.6375,0.0,500.0,0.0,0,0,1,0,E,E,E,174.798861,-41.320193
3290ec57-6940-467d-8ce1-cceb4a266633,1,0.0,1855.012248,0.0,0.0,0.0,766.6375,0.0,200.0,0.05,0,0,1,0,M,E,E,174.795106,-41.324037
3292e4d3-4be5-40f2-8d5a-2a22c83278a1,1,321.8813,2027.552015,0.0,0.0,0.0,766.6375,0.0,1500.0,0.05,0,0,1,0,M,E,E,174.780216,-41.319091
32b266c0-6272-4a64-87ea-0307fc206af0,3,615.5685,1922.939049,0.0,0.0,0.0,766.6375,0.0,1500.0,0.05,0,0,1,0,M,E,E,174.79647,-41.316816
32df8318-69d7-4aea-821e-abea2db8f777,1,0.0,953.221551,0.0,0.0,0.0,766.6375,0.0,0.0,0.05,0,0,0,0,E,E,M,174.793274,-41.309617
3303b4ac-eed4-4163-b25a-e3d67ad8d7b2,1,0.0,985.221493,9.902102,744.69,0.0,766.6375,0.0,0.0,0.05,1,0,0,0,E,E,M,174.775237,-41.31141
3307a0c6-c12f-4371-989a-4fb31fac5d70,1,0.0,1528.186507,5.391424,879.87,0.0,766.6375,0.0,200.0,0.0,1,0,1,0,E,E,E,174.78034,-41.317132
330c84c7-5e08-4c74-9ae9-645c6ebb617d,1,0.0,1723.301562,20.104476,744.69,0.0,766.6375,0.0,0.0,0.1,1,0,0,0,M,E,M,174.782954,-41.31705
331011f8-ce50-46ad-9aeb-03fffa6c8506,1,11.6198,875.225639,22.437852,798.8,0.0,766.6375,0.0,0.0,0.15,1,0,0,0,M,E,D,174.791537,-41.32077
334be748-1173-40d4-b625-a1d7ad74820b,5,505.7988,1891.629909,0.0,0.0,0.0,766.6375,0.0,1500.0,0.05,0,0,1,0,M,E,E,174.801079,-41.321493
335200c2-1933-4ce4-82fc-123c073048ba,1,733.7153,1914.277268,0.0,0.0,0.0,766.6375,0.0,2500.0,0.05,0,0,1,0,M,E,E,174.800018,-41.318485
3355e2fc-ebdf-48ef-b835-6ff49016a6ef,1,0.0,737.13017,0.0,0.0,0.0,766.6375,0.0,0.0,0.1,0,0,0,0,E,E,D,174.789628,-41.321038
335b4392-c432-41d2-89bb-74a87edfda77,1,0.0,1749.624139,0.0,0.0,0.0,766.6375,0.0,0.0,0.0,0,0,0,0,E,E,E,174.780878,-41.318202
335d0d69-7cb7-4110-ad69-67eb74de12ea,1,167.0518,1823.988356,0.0,0.0,0.0,766.6375,0.0,4000.0,0.0,0,0,1,0,E,E,E,174.786106,-41.312075
336aaaed-059a-4416-a66d-ef5da475a962,1,415.3173,1428.330636,0.0,0.0,0.0,766.6375,0.0,4000.0,0.0,0,0,1,0,E,E,E,174.792852,-41.310587
3375bd43-cd8c-421e-af70-3cc4a3a4ea2c,1,220.3738,1984.731272,0.0,0.0,0.0,766.6375,0.0,4000.0,0.0,0,0,1,0,E,E,E,174.786768,-41.311895
3378b2cc-70db-4523-9399-f3abbc9216a1,2,322.0878,1809.221592,0.0,0.0,0.0,766.6375,0.0,1500.0,0.0,0,0,1,0,E,E,E,174.784386,-41.313743
337a1f0a-3499-4bf1-acea-655cf1d18f4d,2,0.0,1744.983645,0.0,0.0,0.0,766.6375,0.0,200.0,0.1,0,0,1,0,M,E,M,174.784286,-41.317889
339120ae-754e-42ef-a6cf-b23ab8a026b2,1,0.0,1664.801512,0.0,0.0,0.0,766.6375,0.0,0.0,0.0,0,0,0,0,E,E,E,174.778547,-41.312945
339b9490-6c03-4ff8-9ce8-8d614780b028,1,0.0,1116.918637,5.81545,643.19,0.0,766.6375,0.0,0.0,0.0,1,0,0,0,E,E,E,174.777573,-41.32123
33b914ae-0efb-47a6-80d8-e5e752164b87,3,987.421,1741.29814,0.0,0.0,0.0,766.6375,0.0,500.0,0.0,0,0,1,0,E,E,E,174.779666,-41.31494
33c092db-1ff7-403e-beca-c99e6668dddc,5,352.1784,1714.232321,0.0,0.0,0.0,766.6375,0.0,500.0,0.0,0,0,1,0,E,E,E,174.794149,-41.319466
33ff67e6-cd24-46e7-9d44-be3c79677505,1,0.0,1574.115319,0.0,0.0,0.0,766.6375,0.0,0.0,0.0,0,0,0,0,E,E,E,174.774486,-41.323855
3416ee25-80ea-4728-9765-3c92569150c7,1,0.0,947.982694,14.446954,879.87,0.0,766.6375,0.0,0.0,0.1,1,0,0,0,M,E,M,174.78788,-41.323084
3422c386-88d0-412a-b1e1-fdc0905ec4a2,1,159.0789,1759.489275,0.0,0.0,0.0,766.6375,0.0,1500.0,0.0,0,0,1,0,E,E,E,174.779062,-41.313159
3433b00e-70f5-4522-b1f0-d7d41c2a22fe,1,350.9538,1787.177393,0.0,0.0,0.0,766.6375,0.0,500.0,0.0,0,0,1,0,E,E,E,174.795094,-41.325025
34524089-2de1-4c96-8dd5-f71048b3613f,1,503.8292,1487.09785,0.0,0.0,0.0,766.6375,0.0,4000.0,0.0,0,0,1,0,E,E,E,174.792534,-41.324991
3452e00f-59fe-40a9-91f9-ff519668973e,1,0.0,1082.209182,0.0,0.0,0.0,766.6375,0.0,0.0,0.0,0,0,0,0,E,E,E,174.791437,-41.316816
3458e8f2-b57b-43e9-a606-53baf155e489,1,30.5198,990.871952,0.0,0.0,20.672381,766.6375,11.167947,0.0,0.0,0,1,0,0,E,E,E,174.791955,-41.324279
348525c0-0af8-4604-9bf9-569d11b04d87,1,0.0,1536.575649,0.0,0.0,0.0,766.6375,0.0,200.0,0.0,0,0,1,0,E,E,E,174.791601,-41.310396
34941e2a-4758-47d3-bfe5-6fce77efffe2,2,0.0,1642.443878,0.0,0.0,0.0,766.6375,0.0,0.0,0.05,0,0,0,0,M,E,E,174.793293,-41.311416
34a2dcae-13b0-4cbf-9d40-4eedf8b9bc30,1,0.0,2191.994557,0.0,0.0,0.0,766.6375,0.0,0.0,0.0,0,0,0,0,E,E,E,174.783673,-41.316744
34a361b6-32b5-4912-aa4f-92f393ffd687,1,522.8539,1806.259309,0.0,0.0,0.0,766.6375,0.0,500.0,0.05,0,0,1,0,M,E,E,174.805754,-41.32235
3502f8d9-2337-4293-a8a7-29301c2334b4,1,271.3571,1593.942063,0.0,0.0,0.0,766.6375,0.0,500.0,0.05,0,0,1,0,M,E,E,174.77612,-41.310107
35042bef-b2c0-4adb-a6f0-fa52be806382,1,360.5499,2201.151293,0.0,0.0,0.0,766.6375,0.0,1500.0,0.0,0,0,1,0,E,E,E,174.779655,-41.319952
350df051-cf43-4e67-b0f7-0a97dc91801c,1,0.0,1025.097944,0.0,0.0,0.0,766.6375,0.0,0.0,0.05,0,0,0,0,M,E,E,174.793551,-41.318804
351830be-8e4b-4d0a-b0cd-62056e708595,1,0.0,1023.409821,0.0,0.0,0.0,766.6375,0.0,0.0,0.1,0,0,0,0,D,E,E,174.774698,-41.310908
35236a0c-475b-4b10-9374-d84098fb60fe,1,0.0,1686.809174,0.0,0.0,0.0,766.6375,0.0,200.0,0.0,0,0,1,0,E,E,E,174.778105,-41.32032
3527aeb4-0759-4047-b7a6-586bed322d65,1,0.0,967.324501,0.0,0.0,0.0,766.6375,0.0,0.0,0.05,0,0,0,0,E,E,M,174.786185,-41.315849
352ba9e1-2266-48ba-a2df-d848a19f1d76,1,530.0184,1875.626865,0.0,0.0,0.0,766.6375,0.0,1500.0,0.05,0,0,1,0,M,E,E,174.801226,-41.321528
3535fb49-3a2d-42f5-849a-f55ebdf1e33c,2,0.0,880.785192,26.871408,879.87,0.0,766.6375,0.0,0.0,0.1,1,0,0,0,E,E,D,174.787432,-41.3243
3543f7db-12d2-41b4-a87f-9872a303e4ab,2,0.0,1049.026688,0.0,0.0,0.0,766.6375,0.0,0.0,0.0,0,0,0,0,E,E,E,174.79256,-41.318603
354980e6-9f5c-4e6d-96c9-a25057f16ec9,1,0.0,880.967116,17.757371,1224.08,0.0,766.6375,0.0,0.0,0.15,1,0,0,0,M,E,D,174.790885,-41.31984
357c2958-01ec-4504-8d1e-8524035173fd,1,0.0,1055.363041,0.0,0.0,0.0,766.6375,0.0,0.0,0.05,0,0,0,0,M,E,E,174.786778,-41.310721
35b40b9b-229e-46b6-93b9-e3d5262cdf06,1,0.0,1748.637551,0.0,0.0,0.0,766.6375,0.0,0.0,0.0,0,0,0,0,E,E,E,174.805144,-41.321352
35bae63f-2d75-4505-beef-00d0931a4c25,2,0.0,1739.71015,0.0,0.0,0.0,766.6375,0.0,200.0,0.0,0,0,1,0,E,E,E,174.783174,-41.312999
36182cf9-026a-44b5-9d59-f84b113dce98,1,0.0,1824.957682,0.0,0.0,0.0,766.6375,0.0,200.0,0.05,0,0,1,0,M,E,E,174.801014,-41.320374
3622c968-c6f9-47df-b829-90f7b976b82c,1,307.429,1763.714814,0.0,0.0,0.0,766.6375,0.0,500.0,0.0,0,0,1,0,E,E,E,174.778367,-41.315895
3626c5e3-bad7-4ac3-b17a-5f6161a477e8,1,235.389,1653.02635,0.0,0.0,0.0,766.6375,0.0,4000.0,0.0,0,0,1,0,E,E,E,174.77863,-41.314254
36437c2d-841f-4b4c-856b-8b3dfc9aed3c,1,0.0,1568.93622,0.0,0.0,0.0,766.6375,0.0,0.0,0.0,0,0,0,0,E,E,E,174.786114,-41.309546
36514a15-2db9-4b01-8f67-71e916e09384,1,0.0,1847.950698,0.0,0.0,0.0,766.6375,0.0,200.0,0.05,0,0,1,0,M,E,E,174.800154,-41.319637
3672eb71-b6b1-4c8a-8653-7da05cdab13b,2,259.2652,1565.470768,0.0,0.0,0.0,766.6375,0.0,1500.0,0.0,0,0,1,0,E,E,E,174.779716,-41.322636
36820027-1419-4bfb-9dfe-63dd2afa9a29,1,0.0,1002.78051,11.897393,643.19,0.0,766.6375,0.0,0.0,0.05,1,0,0,0,E,E,M,174.776512,-41.323304
3682bad4-5cc6-4f4c-bbdd-701f6bef2057,1,0.0,1021.501248,0.0,0.0,0.0,766.6375,0.0,0.0,0.05,0,0,0,0,E,E,M,174.786779,-41.324828
3687dbaa-738e-4f2e-a9dc-43e76d50c0a0,1,290.1299,1040.780901,0.0,0.0,0.0,766.6375,0.0,500.0,0.0,0,0,1,0,E,E,E,174.793512,-41.318878
3687fe4d-c68f-421a-b3a2-632032abad21,1,243.346,1706.988597,0.0,0.0,0.0,766.6375,0.0,500.0,0.0,0,0,1,0,E,E,E,174.784441,-41.312152
368a5751-ceb8-48b6-89b5-bb251109327a,1,0.0,1706.985487,19.736685,1224.08,0.0,766.6375,0.0,0.0,0.05,1,0,0,0,M,E,E,174.795141,-41.31201
368b1e2d-e5eb-4721-a2a9-1d4027dd2a9a,1,0.0,1837.931906,0.0,0.0,0.0,766.6375,0.0,200.0,0.05,0,0,1,0,M,E,E,174.795129,-41.322637
368c2b35-a8aa-4391-a691-a0e7e4b97479,10,730.9575,1883.351359,0.0,0.0,0.0,766.6375,0.0,500.0,0.0,0,0,1,0,E,E,E,174.804894,-41.323636
368deec6-ed8d-4722-9880-eb8c90088c6b,1,0.0,1057.54305,0.0,0.0,0.0,766.6375,0.0,0.0,0.0,0,0,0,0,E,E,E,174.786611,-41.31145
3693baab-14e2-484b-ada8-35c16cd18eda,7,0.0,1340.484823,0.0,0.0,0.0,766.6375,0.0,0.0,0.15,0,0,0,0,D,E,M,174.785707,-41.315208
36add707-3c22-4f55-8057-5f469fa51573,1,218.6671,1710.529531,0.0,0.0,0.0,766.6375,0.0,1500.0,0.0,0,0,1,0,E,E,E,174.780597,-41.31199
36bc02b5-0de7-4036-8d6d-b9cfafa302db,1,0.0,1828.412242,0.0,0.0,0.0,766.6375,0.0,200.0,0.05,0,0,1,0,M,E,E,174.795724,-41.323595
36ccefb0-4e7f-46d3-b659-92d6376e1c73,2,0.0,919.96785,0.0,0.0,0.0,766.6375,0.0,0.0,0.05,0,0,0,0,E,E,M,174.793401,-41.310254
36d41090-7bad-4f6d-a298-5aa0e75f6923,1,337.5714,1666.336686,0.0,0.0,0.0,766.6375,0.0,1500.0,0.0,0,0,1,0,E,E,E,174.794202,-41.324364
36df7f1f-d454-4fd8-9751-1db3ad4e883a,1,5.2549,1033.806982,0.0,0.0,5.431414,766.6375,2.364807,0.0,0.1,0,1,0,0,M,E,M,174.78946,-41.324981
36e86ed5-c787-4c35-bdcd-31a088f99941,1,242.0757,1649.873908,0.0,0.0,0.0,766.6375,0.0,500.0,0.0,0,0,1,0,E,E,E,174.784348,-41.31057
36e9f1fb-6373-4471-a2fe-efaefbb5cbee,1,0.0,1018.651464,0.0,0.0,0.0,766.6375,0.0,0.0,0.05,0,0,0,0,E,E,M,174.803301,-41.321171
36eeef06-2fca-435e-8368-1dc9544e4eb9,1,0.0,1561.891695,19.605959,643.19,0.0,766.6375,0.0,200.0,0.05,1,0,1,0,M,E,E,174.795667,-41.311725
36ef3a95-5a37-434b-89f7-20d8f61a83f1,1,0.0,897.939524,0.0,0.0,0.0,766.6375,0.0,0.0,0.1,0,0,0,0,M,E,M,174.790417,-41.317067
36f565e4-89ea-426b-828e-02a85dca8265,1,391.0195,1885.446445,0.0,0.0,0.0,766.6375,0.0,500.0,0.0,0,0,1,0,E,E,E,174.778362,-41.316299
36f75f39-8a38-4496-8d5b-d8f791468c86,1,0.0,1068.438698,0.0,0.0,0.0,766.6375,0.0,0.0,0.0,0,0,0,0,E,E,E,174.791868,-41.317366
36f8824c-2eee-4375-8663-b8d774c9b422,1,0.0,958.857769,0.0,0.0,0.0,766.6375,0.0,0.0,0.05,0,0,0,0,E,E,M,174.78654,-41.323413
370a5684-25a0-4bcc-b221-ec9761c020ec,1,402.2486,1912.888043,0.0,0.0,0.0,766.6375,0.0,500.0,0.05,0,0,1,0,M,E,E,174.804489,-41.323998
371af1cb-0cbc-452d-9969-b472ce6cea7e,1,0.0,954.254722,22.047423,1224.08,0.0,766.6375,0.0,0.0,0.15,1,0,0,0,D,E,M,174.79149,-41.319588
372d2cdb-b2ed-44fd-8a4d-3d7d576daf79,1,0.0,1755.443411,0.0,0.0,0.0,766.6375,0.0,200.0,0.0,0,0,1,0,E,E,E,174.783778,-41.313236
37469282-b65e-4317-8483-70c6f8b4641a,1,639.647,1656.594919,0.0,0.0,0.0,766.6375,0.0,4000.0,0.05,0,0,1,0,M,E,E,174.77369,-41.319988
3749dcf7-696e-494d-a4e7-156531ea3324,1,377.7347,1853.39761,0.0,0.0,0.0,766.6375,0.0,500.0,0.0,0,0,1,0,E,E,E,174.794743,-41.324377
374cfde1-7069-4c6f-b5b1-716aaf13e728,1,114.0762,1717.544366,0.0,0.0,0.0,766.6375,0.0,1500.0,0.05,0,0,1,0,M,E,E,174.784162,-41.315229
374dbc84-208b-4a54-8205-fbfa452d3f94,2,0.0,891.605372,17.425427,744.69,0.0,766.6375,0.0,0.0,0.15,1,0,0,0,M,E,D,174.793516,-41.310366
3753e6b1-0e0b-4ddb-b018-6e0b5f7c3b5a,1,0.0,947.17825,15.716266,744.69,0.0,766.6375,0.0,0.0,0.1,1,0,0,0,E,E,D,174.790129,-41.317883
3754a1ee-7494-4266-ae09-4bfc94bb81cb,1,0.0,1045.482941,0.0,0.0,0.0,766.6375,0.0,200.0,0.0,0,0,1,0,E,E,E,174.77301,-41.320072
37674dd4-549e-4297-903f-ff4da16936e9,1,333.237,1918.866352,0.0,0.0,0.0,766.6375,0.0,500.0,0.0,0,0,1,0,E,E,E,174.7974,-41.323971
377e1661-aa89-455b-a62d-381a1bc2e7c2,1,359.7955,1734.281582,0.0,0.0,0.0,766.6375,0.0,500.0,0.0,0,0,1,0,E,E,E,174.782931,-41.315967
377eeda0-3332-4b9f-99ed-7f4f4126d705,1,0.0,1749.917771,0.0,0.0,0.0,766.6375,0.0,200.0,0.0,0,0,1,0,E,E,E,174.802835,-41.319614
37824bf1-d569-4576-81c3-795871b9f2f2,1,117.3049,1569.740209,0.0,0.0,0.0,766.6375,0.0,500.0,0.0,0,0,1,0,E,E,E,174.784685,-41.319113
37839556-1a5f-4b26-83ca-3d8a792570ae,1,0.0,1780.818095,0.0,0.0,0.0,766.6375,0.0,200.0,0.0,0,0,1,0,E,E,E,174.784847,-41.312393
37876c57-09fc-40ce-9d16-c7dde2c2ae7d,1,0.0,1600.973614,0.0,0.0,0.0,766.6375,0.0,200.0,0.0,0,0,1,0,E,E,E,174.794182,-41.32369
3796b474-3c45-4e1f-bbfc-f566b42e1fcf,3,0.0,1067.806666,0.0,0.0,0.0,766.6375,0.0,0.0,0.05,0,0,0,0,M,E,E,174.779228,-41.321068
379af845-0328-47d6-8614-a872006aaae1,2,0.0,851.507137,28.904105,879.87,0.0,766.6375,0.0,0.0,0.1,1,0,0,0,E,E,D,174.790171,-41.324652
38328d13-4550-4917-946c-f6940ab1a359,1,0.0,897.96145,14.137532,1224.08,0.0,766.6375,0.0,0.0,0.05,1,0,0,0,E,E,M,174.792978,-41.318628
3834bfe1-9645-4453-8c97-83c4b5afbc0d,30,0.0,984.436524,0.0,0.0,0.0,766.6375,0.0,0.0,0.15,0,0,0,0,D,E,M,174.785596,-41.31872
3842d4e8-cafd-46d9-9310-ccda1a262856,1,0.0,950.447933,0.0,0.0,0.0,766.6375,0.0,0.0,0.05,0,0,0,0,E,E,M,174.776215,-41.318634
385d7aec-03e1-44c5-abbf-81b89a9aae11,1,233.7817,1878.971461,0.0,0.0,0.0,766.6375,0.0,500.0,0.0,0,0,1,0,E,E,E,174.772299,-41.322536
3863a70a-7e5d-4d35-b934-e6e91de0a5f1,1,0.0,1642.824799,0.0,0.0,0.0,766.6375,0.0,0.0,0.0,0,0,0,0,E,E,E,174.792886,-41.315595
3867fcf1-59ab-413b-96b4-115a4ac9bebe,1,0.0,1813.927494,0.0,0.0,0.0,766.6375,0.0,200.0,0.0,0,0,1,0,E,E,E,174.801784,-41.320044
386efae9-9bbe-4e67-b898-a6402500b754,1,0.0,1095.055528,0.0,0.0,0.0,766.6375,0.0,0.0,0.05,0,0,0,0,E,E,M,174.804615,-41.321
38ba0259-4fc1-4642-ab87-721f2bf74330,1,0.0,1031.406752,0.0,0.0,0.0,766.6375,0.0,0.0,0.05,0,0,0,0,E,E,M,174.774682,-41.314899
38c53959-8a0d-4f23-b2d9-87a5d81d99df,4,0.0,1012.035574,0.0,0.0,0.0,766.6375,0.0,0.0,0.05,0,0,0,0,E,E,M,174.78561,-41.316012
38c74157-aba0-44de-b10d-96a1c029b1cc,1,509.7617,1943.16774,0.0,0.0,0.0,766.6375,0.0,1500.0,0.0,0,0,1,0,E,E,E,174.779206,-41.323298
38ca6989-a15f-4e34-a4a2-ea175609b224,1,0.0,1062.632294,0.0,0.0,0.0,766.6375,0.0,0.0,0.1,0,0,0,0,D,E,E,174.774747,-41.310781
38dc7395-4ddb-4c08-93f8-339a69fd81fa,1,537.7178,1891.271579,0.0,0.0,0.0,766.6375,0.0,1500.0,0.05,0,0,1,0,M,E,E,174.79883,-41.318181
38deb2a2-aae5-491a-9c2d-191e48408a09,1,0.0,1854.237452,0.0,0.0,0.0,766.6375,0.0,200.0,0.0,0,0,1,0,E,E,E,174.800765,-41.319756
38f4a8f0-06cc-48f6-ad43-5bb065b5b1f2,1,225.0643,1775.268694,0.0,0.0,0.0,766.6375,0.0,1500.0,0.0,0,0,1,0,E,E,E,174.780258,-41.312695
38f7b0f6-a0e5-49c7-a1d1-d42bd8b0696f,1,0.0,1959.342556,0.0,0.0,0.0,766.6375,0.0,200.0,0.05,0,0,1,0,M,E,E,174.798847,-41.323557
38fb2d2d-7674-4834-be9b-0f86ed9bc074,1,412.3534,1918.491381,0.0,0.0,0.0,766.6375,0.0,1500.0,0.05,0,0,1,0,M,E,E,174.798841,-41.322028
38fdc253-ff9a-4928-b6c3-8b74812c34c8,2,0.0,788.560572,29.534143,643.19,0.0,766.6375,0.0,0.0,0.1,1,0,0,0,E,E,D,174.790655,-41.313938
3900fcf4-e033-4b37-90de-8a90431fb068,1,0.0,2169.163522,0.0,0.0,0.0,766.6375,0.0,0.0,0.0,0,0,0,0,E,E,E,174.777464,-41.322856
39127bdc-d0fd-4fa7-a5a1-3210d18726a6,1,426.1922,1477.985036,0.0,0.0,0.0,766.6375,0.0,500.0,0.05,0,0,1,0,M,E,E,174.778891,-41.31568
391c195c-64c3-4c21-9e60-a63c76791c0d,1,0.0,883.891772,0.0,0.0,0.0,766.6375,0.0,0.0,0.15,0,0,0,0,M,E,D,174.794071,-41.311382
395306a4-0a82-48ff-9acf-7c0adbacc16b,3,0.0,986.85203,0.0,0.0,0.0,766.6375,0.0,0.0,0.05,0,0,0,0,E,E,M,174.777048,-41.31398
397c14ff-40a6-4bdb-986e-ad71a2d7f3bb,3,0.0,1883.054778,0.0,0.0,0.0,766.6375,0.0,200.0,0.05,0,0,1,0,M,E,E,174.798481,-41.323994
398c1984-bddd-4811-b26c-197872522729,1,0.0,1954.288176,0.0,0.0,0.0,766.6375,0.0,200.0,0.0,0,0,1,0,E,E,E,174.799377,-41.323752
399271f2-fccf-4a24-b26e-626f648ddc98,3,0.0,1014.957498,21.435777,744.69,0.0,766.6375,0.0,0.0,0.1,1,0,0,0,M,E,M,174.788537,-41.314788
39c87cd8-0550-476c-b074-e13df5e06879,2,0.0,1056.279638,0.0,0.0,0.0,766.6375,0.0,0.0,0.0,0,0,0,0,E,E,E,174.787506,-41.314632
39daf69e-4790-4b59-9436-93dd64a6c2e1,1,0.0,1579.913041,0.0,0.0,0.0,766.6375,0.0,0.0,0.05,0,0,0,0,M,E,E,174.793116,-41.316142
39f9255d-ab48-4fff-8e04-53553cff799d,1,0.0,923.459281,0.0,0.0,0.0,766.6375,0.0,0.0,0.05,0,0,0,0,E,E,M,174.791338,-41.316623
3a0b1fd3-3b70-40fd-a149-4b66c824120b,1,158.5662,2092.60197,0.0,0.0,0.0,766.6375,0.0,500.0,0.0,0,0,1,0,E,E,E,174.776755,-41.310237
3a37fd69-da6e-46d7-98eb-d13efe7cb4b0,1,186.4042,1785.817808,0.0,0.0,0.0,766.6375,0.0,500.0,0.0,0,0,1,0,E,E,E,174.782071,-41.314364
3a3b9cad-e294-4566-95c2-66244220e734,1,267.7213,1970.400141,0.0,0.0,0.0,766.6375,0.0,4000.0,0.0,0,0,1,0,E,E,E,174.77805,-41.321782
3a6c9df3-623f-46c2-94db-2bf999658ba0,2,0.0,1646.328044,0.0,0.0,0.0,766.6375,0.0,200.0,0.0,0,0,1,0,E,E,E,174.792486,-41.314905
3a7b5a44-d541-41d4-80b9-e6f593a26b93,1,0.0,1550.843488,0.0,0.0,0.0,766.6375,0.0,0.0,0.0,0,0,0,0,E,E,E,174.776737,-41.322292
3a864133-266e-4908-a204-25f18c424872,1,0.0,1655.409326,0.0,0.0,0.0,766.6375,0.0,0.0,0.0,0,0,0,0,E,E,E,174.793351,-41.31181
3a921203-b03e-46e9-b6a2-7f08972d1061,1,400.8845,1880.089156,0.0,0.0,0.0,766.6375,0.0,500.0,0.0,0,0,1,0,E,E,E,174.798587,-41.322611
3aa3f241-41ad-415a-84b1-aaf87b3b3309,1,388.9185,974.083654,0.0,0.0,0.0,766.6375,0.0,1500.0,0.05,0,0,1,0,E,E,M,174.793503,-41.322771
3aa50288-9a9e-4fb3-8435-9ed62c08c102,1,214.3844,1087.595278,0.0,0.0,0.0,766.6375,0.0,500.0,0.0,0,0,1,0,E,E,E,174.780111,-41.322329
3ae11848-f00d-47db-b5bb-3fce8a035320,1,0.0,2129.376752,0.0,0.0,0.0,766.6375,0.0,200.0,0.0,0,0,1,0,E,E,E,174.783983,-41.317743
3ae462a5-05f3-40a1-8f41-76936542e3cf,1,0.0,1741.002721,0.0,0.0,0.0,766.6375,0.0,200.0,0.0,0,0,1,0,E,E,E,174.785003,-41.31304
3aeb18c3-46f9-4bfc-8600-f258851406c4,1,178.6282,1796.533877,0.0,0.0,0.0,766.6375,0.0,500.0,0.0,0,0,1,0,E,E,E,174.781957,-41.31411
3afbf8d3-626d-495a-84e9-6a6aef624b3d,1,98.6302,1217.043829,8.689866,744.69,0.0,766.6375,0.0,500.0,0.05,1,0,1,0,E,E,M,174.779289,-41.322155
3b080406-7c13-4731-ae2e-6081fabb0ccc,1,0.0,1612.683498,0.0,0.0,0.0,766.6375,0.0,0.0,0.0,0,0,0,0,E,E,E,174.775033,-41.313897
3b094fc4-a701-4443-ac72-4db9cb609f82,1,338.1702,2137.993011,0.0,0.0,0.0,766.6375,0.0,500.0,0.0,0,0,1,0,E,E,E,174.776709,-41.310383
3b1a20b0-badd-4a1a-bfa0-7cd5665f608b,1,0.0,945.371899,24.176933,798.8,0.0,766.6375,0.0,0.0,0.05,1,0,0,0,E,E,M,174.791907,-41.321285
3b1fe5f4-aa6f-4f48-9dc7-3435a99a8176,1,0.0,810.135939,0.0,0.0,0.0,766.6375,0.0,0.0,0.1,0,0,0,0,E,E,D,174.787505,-41.322655
3b3a2ad8-2f40-418e-ae13-ddd8d7f70a80,1,0.0,1088.176172,0.0,0.0,0.0,766.6375,0.0,0.0,0.05,0,0,0,0,M,E,E,174.777151,-41.321119
3b3a798c-28b0-4a88-867e-7a985370071e,1,0.0,891.221131,19.390581,1224.08,0.0,766.6375,0.0,0.0,0.1,1,0,0,0,M,E,M,174.792115,-41.320604
3b457a13-0dca-4cfd-bf58-3ebef52cd52e,1,306.0047,2223.187449,0.0,0.0,0.0,766.6375,0.0,1500.0,0.0,0,0,1,0,E,E,E,174.780168,-41.320269
3b52b324-4bbf-413a-b10c-daf2edaab41a,3,0.0,1098.425588,0.0,0.0,0.0,766.6375,0.0,0.0,0.05,0,0,0,0,E,E,M,174.788712,-41.313793
3b62e174-5e65-4f69-bb83-cd0b4a14b80b,1,166.5299,1684.265939,0.0,0.0,0.0,766.6375,0.0,1500.0,0.0,0,0,1,0,E,E,E,174.780214,-41.311809
3b74d374-30cf-4470-bdee-9855f7af182b,1,280.2304,1610.573219,0.0,0.0,0.0,766.6375,0.0,500.0,0.0,0,0,1,0,E,E,E,174.779548,-41.315164
3b7519b0-8ba1-4d79-b414-fd51b55a3700,1,0.0,1038.809506,0.0,0.0,0.0,766.6375,0.0,0.0,0.0,0,0,0,0,E,E,E,174.79281,-41.319717
3b7e46a0-de40-442c-bba9-2b228c9e9744,1,353.0099,1800.345248,0.0,0.0,0.0,766.6375,0.0,500.0,0.0,0,0,1,0,E,E,E,174.804342,-41.323374
3b8729ac-24a8-4039-bb5e-6ef262650d43,1,0.0,1660.085085,0.0,0.0,0.0,766.6375,0.0,200.0,0.0,0,0,1,0,E,E,E,174.785847,-41.312508
3be924a6-0bf9-482f-aab3-1bc1de7824dc,1,399.7363,1854.723416,0.0,0.0,0.0,766.6375,0.0,1500.0,0.05,0,0,1,0,M,E,E,174.800302,-41.321339
3c1ae49f-e829-4d30-bd25-47cfd6b99465,1,622.8679,1919.207613,0.0,0.0,0.0,766.6375,0.0,2500.0,0.1,0,0,1,0,D,E,E,174.799616,-41.318409
3c1fdad1-1291-43e0-b2dd-fcf0af451cc6,1,0.0,1824.832502,0.0,0.0,0.0,766.6375,0.0,200.0,0.0,0,0,1,0,E,E,E,174.794746,-41.324158
3c269d17-3abf-4b40-88ec-8fa5515a0182,1,0.0,1657.496279,0.0,0.0,0.0,766.6375,0.0,0.0,0.0,0,0,0,0,E,E,E,174.782262,-41.316673
3c2c9d37-9a76-4c0f-b583-e5f8ef09cef0,1,0.0,1382.985917,0.0,0.0,0.0,766.6375,0.0,200.0,0.1,0,0,1,0,M,E,M,174.783285,-41.311303
3c30a9d1-1f2e-4eb9-8a09-d8a5089e2fc9,1,0.0,1726.986561,0.0,0.0,0.0,766.6375,0.0,200.0,0.0,0,0,1,0,E,E,E,174.784135,-41.312819
3c43a8dd-8a64-4eb8-b134-7b8755bae763,1,0.0,1672.952647,0.0,0.0,0.0,766.6375,0.0,200.0,0.0,0,0,1,0,E,E,E,174.792445,-41.314395
3c49fb4b-7a69-461b-8d65-902dbec461b9,1,0.0,1708.592607,0.0,0.0,0.0,766.6375,0.0,0.0,0.0,0,0,0,0,E,E,E,174.786235,-41.312846
3c74b6d7-55ad-4f96-a264-fb2c87647d7d,3,0.0,850.817593,20.740928,1224.08,0.0,766.6375,0.0,0.0,0.1,1,0,0,0,E,E,D,174.803991,-41.319053
3c7e7b60-394b-4756-b4fb-ec01f996b29f,1,0.0,1739.030681,0.0,0.0,0.0,766.6375,0.0,200.0,0.0,0,0,1,0,E,E,E,174.784382,-41.318826
3c870b91-74dd-4bf8-a3c6-38db9a0690b5,1,0.0,1834.663335,0.0,0.0,0.0,766.6375,0.0,200.0,0.05,0,0,1,0,M,E,E,174.794748,-41.323925
3c8bc714-b517-4287-b7ad-b9d44aac2a2c,5,7444.6437,1658.979587,0.0,0.0,0.0,766.6375,0.0,500.0,0.15,0,0,1,0,D,E,M,174.778308,-41.318066
3c8cfe90-4341-4eaf-b40e-c57e54d6abe5,1,352.4845,1855.645148,0.0,0.0,0.0,766.6375,0.0,4000.0,0.0,0,0,1,0,E,E,E,174.801325,-41.321004
3c92055b-0293-43ce-84c0-aa826ce40346,1,0.0,1077.40762,5.620144,744.69,0.0,766.6375,0.0,0.0,0.0,1,0,0,0,E,E,E,174.775786,-41.323911
3c9a8aa1-7f96-4385-ba86-2295c0c19837,3,288.8733,1904.848054,0.0,0.0,0.0,766.6375,0.0,500.0,0.05,0,0,1,0,M,E,E,174.798774,-41.319175
3c9cb87a-ae7d-4616-b2f0-ffff94a2930b,1,83.9969,952.518891,0.0,0.0,46.643423,766.6375,100.691611,0.0,0.15,0,1,0,0,M,M,M,174.789084,-41.325023
3c9e0b49-627f-429a-adef-1b1b36941fb5,1,0.0,1440.940877,0.0,0.0,0.0,766.6375,0.0,0.0,0.0,0,0,0,0,E,E,E,174.775086,-41.31008
3c9ec81e-092f-4fe2-ac2f-bda0b0b3ecb2,1,166.9864,1791.535551,0.0,0.0,0.0,766.6375,0.0,1500.0,0.0,0,0,1,0,E,E,E,174.772368,-41.321182
3cb375cb-2d75-4448-9bcb-461af4f32cef,1,0.0,1017.162425,0.0,0.0,0.0,766.6375,0.0,0.0,0.0,0,0,0,0,E,E,E,174.785942,-41.315485
3cbc71cf-1da9-4c82-a6f7-3143ce7f493e,1,228.9672,1685.163778,0.0,0.0,0.0,766.6375,0.0,500.0,0.0,0,0,1,0,E,E,E,174.780942,-41.310817
3cde8312-b239-4ed2-b28d-37adace5142c,6,0.0,855.437674,29.100283,744.69,0.0,766.6375,0.0,0.0,0.1,1,0,0,0,E,E,D,174.796147,-41.311362
3cf6c8a4-73ad-4670-b06d-e6508e43ea58,1,207.1846,1415.709446,0.0,0.0,0.0,766.6375,0.0,500.0,0.05,0,0,1,0,E,E,M,174.773405,-41.320488
3d0ad0e7-1b96-412a-b385-235372722a39,1,0.0,1823.305425,0.0,0.0,0.0,766.6375,0.0,200.0,0.05,0,0,1,0,M,E,E,174.794751,-41.323705
3d0b4a41-b059-4c10-86e6-0aed7a75bfc0,1,179.4704,1035.328187,11.722073,744.69,0.0,766.6375,0.0,1500.0,0.0,1,0,1,0,E,E,E,174.78011,-41.322656
3d0e8ecd-267d-4d34-b85d-53aa00f9650e,1,0.0,751.432666,0.0,0.0,0.0,766.6375,0.0,0.0,0.1,0,0,0,0,E,E,D,174.792961,-41.322174
3d3b2ac6-ee6f-4b73-a5d8-6d507d896849,2,0.0,1203.770837,0.0,0.0,0.0,766.6375,0.0,0.0,0.0,0,0,0,0,E,E,E,174.788498,-41.31344
3d4d79b8-b29f-4258-baf7-5b1fe57585d4,1,0.0,1946.939314,0.0,0.0,0.0,766.6375,0.0,200.0,0.05,0,0,1,0,M,E,E,174.799116,-41.323645
3d595f22-36f5-4553-9f05-703ccf6950dd,1,0.0,1111.867736,0.0,0.0,0.0,766.6375,0.0,0.0,0.05,0,0,0,0,M,E,E,174.777267,-41.321768
3d5c28c2-6e34-41f4-99ae-c8bbb75ea47a,1,0.0,1084.110716,15.67672,1224.08,0.0,766.6375,0.0,0.0,0.0,1,0,0,0,E,E,E,174.777504,-41.313479
3d6a5b57-f311-4945-9d03-975c412a9520,4,419.3794,1638.813451,0.0,0.0,0.0,766.6375,0.0,4000.0,0.0,0,0,1,0,E,E,E,174.774252,-41.319637
3d7971f3-afc8-4b55-9c2c-4c3041d2230c,1,0.0,908.871346,0.0,0.0,0.0,766.6375,0.0,0.0,0.15,0,0,0,0,M,E,D,174.790295,-41.31766
3d7c8fe5-a03b-44ab-9e02-a1e4344faaae,1,0.0,935.864518,16.227592,744.69,0.0,766.6375,0.0,0.0,0.1,1,0,0,0,E,E,D,174.790107,-41.32173
3d8619ed-0dc5-46b8-94de-8a4b66415828,1,406.0786,2142.679811,0.0,0.0,0.0,766.6375,0.0,500.0,0.0,0,0,1,0,E,E,E,174.777312,-41.310154
3da2d195-7d7e-412e-91e6-cac98e1a36ed,1,0.0,1373.326177,9.900983,798.8,0.0,766.6375,0.0,0.0,0.05,1,0,0,0,E,E,M,174.778058,-41.310621
3da5e32f-46a5-4579-abe8-2d4f547bacd7,1,193.8445,1725.980854,0.0,0.0,0.0,766.6375,0.0,500.0,0.05,0,0,1,0,M,E,E,174.783519,-41.315129
3daa3546-4103-48d2-8dfd-7f82589bffa5,1,0.0,1014.218099,18.371344,744.69,0.0,766.6375,0.0,0.0,0.1,1,0,0,0,M,E,M,174.788256,-41.324156
3db9d81c-5c01-48ae-8a21-70375ac7116b,1,249.0759,1053.132192,0.0,0.0,0.0,766.6375,0.0,500.0,0.0,0,0,1,0,E,E,E,174.780095,-41.322082
3dbb6fc4-890f-4eb7-9238-405161c90c2b,1,0.0,1877.548349,0.0,0.0,0.0,766.6375,0.0,200.0,0.0,0,0,1,0,E,E,E,174.797912,-41.324146
3dbcf65d-5b13-43ec-a245-642715bf9d80,1,0.0,1643.184756,0.0,0.0,0.0,766.6375,0.0,0.0,0.0,0,0,0,0,E,E,E,174.784162,-41.309885
3dd45111-a6a1-4edc-98a1-6f9f38057a42,1,398.2966,1924.762783,0.0,0.0,0.0,766.6375,0.0,500.0,0.05,0,0,1,0,M,E,E,174.804851,-41.324174
3ded1976-3da8-4129-96f7-0f6d455786d3,4,368.6056,1350.400253,0.0,0.0,0.0,766.6375,0.0,500.0,0.05,0,0,1,0,E,E,M,174.778944,-41.314849
3dffadd4-c1be-4635-bd41-f1fe5b129595,3,0.0,759.778602,0.0,0.0,0.0,766.6375,0.0,0.0,0.1,0,0,0,0,E,E,D,174.797372,-41.30976
3e028a06-7227-4c12-bfae-9e74d6c57062,2,0.0,1002.999555,22.350653,879.87,0.0,766.6375,0.0,0.0,0.1,1,0,0,0,M,E,M,174.776151,-41.311913
3e2a968e-1ef2-46f3-a4d4-6a92538d847f,4,361.706,1668.564002,0.0,0.0,0.0,766.6375,0.0,1500.0,0.0,0,0,1,0,E,E,E,174.783108,-41.318692
3e35eb6b-0df3-445a-87a9-b28a765efc88,2,9673.8846,1877.744073,0.0,0.0,0.0,766.6375,0.0,500.0,0.1,0,0,1,0,D,E,E,174.797433,-41.316189
3e58fd4c-01d0-46d7-91bf-2c51bdf90c4b,4,8638.6901,1633.040975,0.0,0.0,0.0,766.6375,0.0,1500.0,0.1,0,0,1,0,D,E,E,174.797821,-41.311095
3e5b27a6-a626-424b-9e13-15068ab83090,1,0.0,1742.679806,0.0,0.0,0.0,766.6375,0.0,0.0,0.1,0,0,0,0,M,E,M,174.777747,-41.310216
3e5c932e-f0c3-4ece-a296-8872f348591c,6,0.0,1572.241158,0.0,0.0,0.0,766.6375,0.0,0.0,0.1,0,0,0,0,M,E,M,174.77619,-41.322034
3e61ea2b-4860-46c1-a2c0-f2ca8ce98db1,1,314.5768,1686.903046,0.0,0.0,0.0,766.6375,0.0,1500.0,0.05,0,0,1,0,M,E,E,174.785289,-41.310366
3e7eec9a-4a9a-47ed-b546-ad86857a9be1,1,0.0,996.614686,0.0,0.0,0.0,766.6375,0.0,0.0,0.05,0,0,0,0,E,E,M,174.804729,-41.319577
3e810e38-49f5-493d-88e8-9af3be3318a9,1,0.0,1889.010146,0.0,0.0,0.0,766.6375,0.0,200.0,0.0,0,0,1,0,E,E,E,174.796956,-41.322448
3e91d496-5026-4e7d-beca-b63a401e853b,1,2038.3997,1901.098466,0.0,0.0,0.0,766.6375,0.0,500.0,0.0,0,0,1,0,E,E,E,174.800823,-41.32461
3e9d8415-098a-4f4b-bef6-64632a4ae6b3,2,0.0,2108.50621,0.0,0.0,0.0,766.6375,0.0,0.0,0.0,0,0,0,0,E,E,E,174.776803,-41.314305
3eb04aef-ae0d-4ea2-b5d5-9ab6aa3fe82b,3,0.0,1005.890698,0.0,0.0,0.0,766.6375,0.0,0.0,0.05,0,0,0,0,E,E,M,174.776388,-41.313089
3ee35423-e69a-4991-aaf0-77256e8e6f65,1,0.0,920.791127,0.0,0.0,0.0,766.6375,0.0,0.0,0.1,0,0,0,0,M,E,M,174.787969,-41.322623
3ef91533-c436-4b9e-bc35-16797d8b952b,1,619.9061,1635.519247,0.0,0.0,0.0,766.6375,0.0,500.0,0.05,0,0,1,0,M,E,E,174.79278,-41.310971
3efb1cb0-0163-46d7-b3c9-9556af9df4b2,1,0.0,857.863416,0.0,0.0,0.0,766.6375,0.0,0.0,0.1,0,0,0,0,E,E,D,174.790619,-41.32041
3f1f08d9-9eee-47d7-9a2b-9d78df9d71de,1,139.3727,1611.809972,0.0,0.0,0.0,766.6375,0.0,500.0,0.0,0,0,1,0,E,E,E,174.778367,-41.319795
3f24f894-d9b4-471e-9298-6b16fb056928,2,337.321,1698.330274,0.0,0.0,0.0,766.6375,0.0,500.0,0.0,0,0,1,0,E,E,E,174.778169,-41.319075
3f2c5550-fc20-460d-92b4-20996dccd1c4,1,0.0,970.354363,0.0,0.0,0.0,766.6375,0.0,200.0,0.05,0,0,1,0,E,E,M,174.785851,-41.313329
3f5b24c0-475d-4978-bd82-cb13eaa96976,1,0.0,1006.3782,0.0,0.0,0.0,766.6375,0.0,0.0,0.0,0,0,0,0,E,E,E,174.791656,-41.315001
3f5bf176-4b04-426c-8842-1b235aa56d64,1,0.0,1555.485829,0.0,0.0,0.0,766.6375,0.0,200.0,0.0,0,0,1,0,E,E,E,174.777504,-41.320031
3f6e9f58-9ba1-4a30-8b02-4a3385d070cb,1,371.6079,1805.605652,0.0,0.0,0.0,766.6375,0.0,1500.0,0.0,0,0,1,0,E,E,E,174.794184,-41.325024
3f7ecab5-24bb-4e1d-a762-183cd016ed7b,1,0.0,1669.09109,0.0,0.0,0.0,766.6375,0.0,200.0,0.0,0,0,1,0,E,E,E,174.784393,-41.311234
3f821347-cc75-417f-b83d-b2326483c01d,1,197.7881,1595.852415,0.0,0.0,0.0,766.6375,0.0,1500.0,0.0,0,0,1,0,E,E,E,174.783634,-41.318494
3f976d08-3b03-40b3-a6b3-305b76f92c12,1,0.0,1748.522973,0.0,0.0,0.0,766.6375,0.0,200.0,0.0,0,0,1,0,E,E,E,174.781009,-41.316552
3f9b7968-92cc-4d14-b2b6-84cff3fe775c,1,474.2606,1663.122905,0.0,0.0,0.0,766.6375,0.0,4000.0,0.0,0,0,1,0,E,E,E,174.778663,-41.314385
3fb3caff-3fb2-4dad-b61c-38ee8ef02e21,1,0.0,1074.201787,0.0,0.0,0.0,766.6375,0.0,200.0,0.0,0,0,1,0,E,E,E,174.785396,-41.317055
3fd06207-af1e-44df-b29e-c3e74b8d7fd0,1,0.0,1859.61379,0.0,0.0,0.0,766.6375,0.0,200.0,0.0,0,0,1,0,E,E,E,174.800801,-41.319612
3fd1ced8-d1a3-41c7-9ac3-d572f86f34a0,1,0.0,1131.317627,0.0,0.0,0.0,766.6375,0.0,0.0,0.0,0,0,0,0,E,E,E,174.777599,-41.313137
3ff656c7-d571-41a3-ba7c-de666baff785,2,480.1541,1651.32197,0.0,0.0,0.0,766.6375,0.0,500.0,0.05,0,0,1,0,E,E,M,174.782064,-41.311155
3ff9a157-119c-4e37-9211-ee08d776c566,3,0.0,1550.880569,0.0,0.0,0.0,766.6375,0.0,0.0,0.1,0,0,0,0,M,E,M,174.786813,-41.310381
4028f0b2-8125-45aa-bcc6-07360fc792f4,1,0.0,1798.324163,0.0,0.0,0.0,766.6375,0.0,200.0,0.0,0,0,1,0,E,E,E,174.795012,-41.320359
40313985-5335-45dd-8b9b-e99d11584288,2,0.0,1621.422889,0.0,0.0,0.0,766.6375,0.0,200.0,0.0,0,0,1,0,E,E,E,174.777684,-41.32005
4043e2b9-08df-4469-affc-42e0b90c9a8e,1,0.0,1082.440175,0.0,0.0,0.0,766.6375,0.0,0.0,0.05,0,0,0,0,M,E,E,174.777527,-41.313372
40475af6-dc0f-43c4-82e1-f962a3f7dc58,1,438.9254,1502.782466,0.0,0.0,0.0,766.6375,0.0,4000.0,0.0,0,0,1,0,E,E,E,174.792458,-41.310352
4049451a-707c-4551-b6d2-5765867dea4e,1,0.0,1193.510738,0.0,0.0,0.0,766.6375,0.0,0.0,0.0,0,0,0,0,E,E,E,174.790555,-41.32144
40496098-3c80-4577-b630-8a2c39182d74,1,0.0,1032.545431,0.0,0.0,0.0,766.6375,0.0,0.0,0.05,0,0,0,0,M,E,E,174.774491,-41.31909
404fea4a-ac72-41e6-b855-3a60c40d5634,4,315.6176,1789.457728,0.0,0.0,0.0,766.6375,0.0,4000.0,0.0,0,0,1,0,E,E,E,174.783662,-41.313772
405a2baf-ee8c-4eaf-9649-729a70781404,1,0.0,1131.171121,0.0,0.0,0.0,766.6375,0.0,0.0,0.05,0,0,0,0,M,E,E,174.776914,-41.313821
4066ef91-0e60-45c8-84de-2a64a5f0bfbc,1,257.3143,1990.821065,0.0,0.0,0.0,766.6375,0.0,500.0,0.0,0,0,1,0,E,E,E,174.772322,-41.322082
4077e7d0-fc3a-4055-8581-3644de4a9bec,22,3643.5003,1916.477662,0.0,0.0,0.0,766.6375,0.0,1500.0,0.05,0,0,1,0,M,E,E,174.79606,-41.31716
407b843a-aee4-47f9-b4d3-ff0553bd7cb1,1,0.0,1886.109549,0.0,0.0,0.0,766.6375,0.0,200.0,0.0,0,0,1,0,E,E,E,174.795108,-41.323816
4084d34c-2795-481a-9006-7bce5fc93769,1,253.6833,1823.794352,0.0,0.0,0.0,766.6375,0.0,1500.0,0.0,0,0,1,0,E,E,E,174.772351,-41.321515
408e719d-c864-4bb4-a85e-b868d7569427,2,343.3321,1693.30801,0.0,0.0,0.0,766.6375,0.0,500.0,0.0,0,0,1,0,E,E,E,174.794191,-41.31959
409c66eb-ff24-400e-942c-67836ff05c6d,2,0.0,1414.141472,0.0,0.0,0.0,766.6375,0.0,200.0,0.0,0,0,1,0,E,E,E,174.78513,-41.316907
40d14800-da8a-416f-aac6-cfda5a4c43be,1,0.0,944.151909,0.0,0.0,0.0,766.6375,0.0,0.0,0.1,0,0,0,0,M,E,M,174.792386,-41.318995
40d1b63f-1165-4cc5-998c-0456dc73ef27,1,0.0,1524.808434,0.0,0.0,0.0,766.6375,0.0,200.0,0.0,0,0,1,0,E,E,E,174.778831,-41.320206
41164410-4188-4b8e-9a99-76e420880961,1,0.0,909.632435,0.0,0.0,0.0,766.6375,0.0,0.0,0.1,0,0,0,0,E,E,D,174.788267,-41.324667
4128427f-9196-47cd-93ae-d01e08310aed,1,364.2747,1709.537496,0.0,0.0,0.0,766.6375,0.0,500.0,0.0,0,0,1,0,E,E,E,174.806052,-41.319522
412d213d-dca8-4585-bda8-913a5030d80c,1,0.0,1380.298405,0.0,0.0,0.0,766.6375,0.0,0.0,0.05,0,0,0,0,E,E,M,174.791233,-41.311512
41446e0b-27c7-4515-82a2-bbc2f8386f09,1,233.3714,1636.031338,0.0,0.0,0.0,766.6375,0.0,4000.0,0.0,0,0,1,0,E,E,E,174.792754,-41.313195
414f1bcd-3adc-4aee-81d7-8c3576d1389f,1,0.0,1704.465636,0.0,0.0,0.0,766.6375,0.0,200.0,0.0,0,0,1,0,E,E,E,174.778076,-41.32049
41545488-1d09-4730-a008-11caf7b727e1,1,0.0,809.614428,0.0,0.0,0.0,766.6375,0.0,0.0,0.1,0,0,0,0,E,E,D,174.793558,-41.320199
41645054-726c-4c1f-950a-b8c045d34960,1,347.255,1904.573055,0.0,0.0,0.0,766.6375,0.0,1500.0,0.05,0,0,1,0,M,E,E,174.798156,-41.320893
4165dc6c-3bb9-4f38-9b11-d1d98f3f77ff,1,202.2388,1043.653966,0.0,0.0,0.0,766.6375,0.0,1500.0,0.0,0,0,1,0,E,E,E,174.779333,-41.32039
416a4638-daa5-46de-afcc-75c6df580712,1,366.2614,2280.806133,0.0,0.0,0.0,766.6375,0.0,1500.0,0.0,0,0,1,0,E,E,E,174.779682,-41.319466
41706008-1c42-4731-9786-d4a19ff92d82,1,0.0,1701.419799,0.0,0.0,0.0,766.6375,0.0,200.0,0.0,0,0,1,0,E,E,E,174.777619,-41.32027
41c49abc-1c42-4ad7-93bf-c1cdfee9d49c,1,0.0,895.5078,0.0,0.0,0.0,766.6375,0.0,0.0,0.15,0,0,0,0,M,E,D,174.790858,-41.320921
41ca7b36-f07e-41f4-bc92-5e480ad2e8bd,1,0.0,1034.746297,0.0,0.0,0.0,766.6375,0.0,0.0,0.05,0,0,0,0,M,E,E,174.792005,-41.319291
41cd5fe8-9efa-48c4-845a-a8985177358e,2,153.1774,1715.048224,0.0,0.0,0.0,766.6375,0.0,500.0,0.0,0,0,1,0,E,E,E,174.783852,-41.310273
41ee40ed-3775-426b-bdbd-bde179319173,1,0.0,796.987883,22.456872,1224.08,0.0,766.6375,0.0,0.0,0.1,1,0,0,0,E,E,D,174.790632,-41.318226
41f5b13c-d095-4c81-8c1d-da2c864f0641,1,387.9941,1906.307695,0.0,0.0,0.0,766.6375,0.0,500.0,0.0,0,0,1,0,E,E,E,174.797422,-41.323756
41fe815e-5c4e-4592-ad4b-dae178b5b368,7,0.0,1743.037834,0.0,0.0,0.0,766.6375,0.0,0.0,0.05,0,0,0,0,M,E,E,174.778267,-41.311762
41ffefb3-1157-4c56-a0c1-22407de8a26b,5,0.0,1410.568049,0.0,0.0,0.0,766.6375,0.0,200.0,0.0,0,0,1,0,E,E,E,174.791257,-41.310349
42034c90-6e68-4050-9cd4-35479dcd0543,1,345.2528,1691.269701,0.0,0.0,0.0,766.6375,0.0,1500.0,0.0,0,0,1,0,E,E,E,174.804937,-41.319421
4203ce1e-807d-4d25-9ba7-36cc0b0c27fe,1,0.0,1551.628496,0.0,0.0,0.0,766.6375,0.0,0.0,0.05,0,0,0,0,M,E,E,174.785242,-41.314235
420ec697-1232-4b29-ac68-3a9c31a017a2,1,348.7861,995.577429,0.0,0.0,0.0,766.6375,0.0,1500.0,0.0,0,0,1,0,E,E,E,174.793554,-41.322881
42130748-9454-4b8a-adaf-d6720627232f,2,0.0,1008.102319,0.0,0.0,0.0,766.6375,0.0,0.0,0.1,0,0,0,0,D,E,E,174.774581,-41.311413
423f4016-2b4b-4e72-b96c-68d389b95ac5,1,0.0,1820.126495,0.0,0.0,0.0,766.6375,0.0,200.0,0.0,0,0,1,0,E,E,E,174.801167,-41.320072
427d9377-2ab9-4e37-a620-0d4e411378d4,3,0.0,924.023338,0.0,0.0,0.0,766.6375,0.0,0.0,0.15,0,0,0,0,M,E,D,174.789715,-41.322852
42809829-939a-4abc-9c13-12e0573a21b7,1,278.0476,1899.187692,0.0,0.0,0.0,766.6375,0.0,2500.0,0.05,0,0,1,0,M,E,E,174.798352,-41.317239
428571bb-02e3-4d51-a36b-c75fc4645fc7,1,441.7748,1703.625102,0.0,0.0,0.0,766.6375,0.0,1500.0,0.05,0,0,1,0,M,E,E,174.794587,-41.322537
42b94b6d-039c-48e2-ac1f-5584bb08cd17,2,0.0,1352.832558,18.237016,1224.08,0.0,766.6375,0.0,0.0,0.05,1,0,0,0,E,E,M,174.784911,-41.31701
42c406ee-2a19-47c9-adb6-2e9f2859b69c,5,0.0,926.195267,22.540444,879.87,0.0,766.6375,0.0,0.0,0.05,1,0,0,0,E,E,M,174.787495,-41.323794
42c9f68d-6fb3-4070-a0d9-fe7f0982af9a,1,0.0,1050.045652,17.376281,879.87,0.0,766.6375,0.0,0.0,0.05,1,0,0,0,E,E,M,174.777109,-41.323026
42e65680-a390-4d35-addd-68cf9c31499c,5,0.0,1622.197407,0.0,0.0,0.0,766.6375,0.0,200.0,0.0,0,0,1,0,E,E,E,174.778585,-41.314642
42e88a7e-85d4-43b7-85e9-bcdc33e5c4c2,3,0.0,1733.436445,0.0,0.0,0.0,766.6375,0.0,0.0,0.1,0,0,0,0,M,E,M,174.777005,-41.311272
42ee03d0-8627-47b3-830c-0adbd91d1aa9,1,0.0,1905.355555,0.0,0.0,0.0,766.6375,0.0,200.0,0.05,0,0,1,0,M,E,E,174.798911,-41.324145
43086ed4-eea2-41e6-9a64-d74fb4f145e9,1,187.4432,1750.136739,0.0,0.0,0.0,766.6375,0.0,500.0,0.0,0,0,1,0,E,E,E,174.775634,-41.310002
431b2f3c-3e16-4b00-99ee-a066c4bb15d7,1,0.0,1849.93656,0.0,0.0,0.0,766.6375,0.0,200.0,0.0,0,0,1,0,E,E,E,174.805831,-41.317991
43275fcc-b60c-4f93-bbde-272f0653fe03,3,0.0,1057.582542,0.0,0.0,0.0,766.6375,0.0,0.0,0.1,0,0,0,0,M,E,M,174.787116,-41.313572
4336691d-6acc-4451-b0a5-f7e38993dd70,1,0.0,1685.786213,0.0,0.0,0.0,766.6375,0.0,0.0,0.0,0,0,0,0,E,E,E,174.776641,-41.322892
433d379e-c4bf-430e-9fc8-2fe160454309,1,392.7036,1906.186265,0.0,0.0,0.0,766.6375,0.0,500.0,0.05,0,0,1,0,M,E,E,174.796049,-41.324747
433dc6af-00d8-4d3d-bde0-1d9c1b6c77d7,1,0.0,942.272462,33.680114,1224.08,0.0,766.6375,0.0,0.0,0.1,1,0,0,0,M,E,M,174.790072,-41.319845
4351bb17-826f-49a7-aa71-07e98aa161af,1,0.0,1916.645723,0.0,0.0,0.0,766.6375,0.0,200.0,0.0,0,0,1,0,E,E,E,174.796539,-41.323093
43671ef5-730d-415f-be6d-a37c9c71779c,1,0.0,1531.20028,0.0,0.0,0.0,766.6375,0.0,0.0,0.05,0,0,0,0,M,E,E,174.78485,-41.309596
43a0010e-1951-48d8-a146-a117bd57f8fd,1,201.3459,1789.758192,5.321116,879.87,0.0,766.6375,0.0,500.0,0.0,1,0,1,0,E,E,E,174.782462,-41.31503
43b55366-424b-435b-9d26-269fc59fde9a,1,327.8302,1652.876366,0.0,0.0,0.0,766.6375,0.0,1500.0,0.0,0,0,1,0,E,E,E,174.792677,-41.311743
43bf5d47-5711-4998-83af-e9eee0cd0b0f,2,0.0,1694.146707,0.0,0.0,0.0,766.6375,0.0,200.0,0.0,0,0,1,0,E,E,E,174.772269,-41.320772
43c261d4-67a8-4e67-9011-d8c7ad689100,1,225.7135,1735.16656,0.0,0.0,0.0,766.6375,0.0,500.0,0.0,0,0,1,0,E,E,E,174.782257,-41.314375
43db2d1c-f070-46ab-bc83-a236c6e95b32,2,0.0,695.165703,30.032421,798.8,0.0,766.6375,0.0,0.0,0.1,1,0,0,0,E,E,D,174.791531,-41.314238
43e6554e-4de8-4f83-87d4-33d056ea571c,3,0.0,867.924031,33.884955,643.19,0.0,766.6375,0.0,0.0,0.1,1,0,0,0,E,E,D,174.786709,-41.31624
43e6e4b3-d619-4d13-92e3-9f762c27fbf3,1,0.0,1637.659939,0.0,0.0,0.0,766.6375,0.0,0.0,0.0,0,0,0,0,E,E,E,174.785054,-41.31406
43fb4de5-8a8f-4c2a-96e6-c69ff4db5897,1,298.8481,1897.425175,0.0,0.0,0.0,766.6375,0.0,500.0,0.0,0,0,1,0,E,E,E,174.798553,-41.319691
43fcdf33-eb1f-4770-8914-6474ab395a3c,1,320.9615,1891.61345,0.0,0.0,0.0,766.6375,0.0,4000.0,0.0,0,0,1,0,E,E,E,174.800793,-41.32102
440264c8-6c58-4aa7-8868-acb401d35c2c,1,409.3328,1842.70786,0.0,0.0,0.0,766.6375,0.0,500.0,0.05,0,0,1,0,M,E,E,174.801351,-41.319392
4430a00a-aed1-4332-af81-b5de22fe2ef6,1,330.2044,1864.162717,0.0,0.0,0.0,766.6375,0.0,500.0,0.0,0,0,1,0,E,E,E,174.797978,-41.324067
443ba1b5-d79a-48a5-bdfe-2ef3711e5f87,1,0.0,1103.308415,0.0,0.0,0.0,766.6375,0.0,0.0,0.05,0,0,0,0,E,E,M,174.788315,-41.321082
44574166-b0cf-4528-94fa-ec8538e20576,1,0.0,1007.26699,20.138167,798.8,0.0,766.6375,0.0,0.0,0.15,1,0,0,0,D,E,M,174.791369,-41.322135
44592894-266e-4342-8de0-82581c83ec79,1,0.0,1538.538875,0.0,0.0,0.0,766.6375,0.0,0.0,0.0,0,0,0,0,E,E,E,174.791705,-41.311515
4468ace7-4c94-4e04-8029-726bed426e4d,1,0.0,1934.53432,0.0,0.0,0.0,766.6375,0.0,200.0,0.05,0,0,1,0,M,E,E,174.79731,-41.324281
446b9067-555e-4223-90da-7285ebeddc59,1,252.9133,1696.855531,0.0,0.0,0.0,766.6375,0.0,1500.0,0.0,0,0,1,0,E,E,E,174.784087,-41.314769
44867d2f-035a-48f7-abf6-ac79d7f759c0,3,264.3934,1003.742305,0.0,0.0,0.0,766.6375,0.0,500.0,0.05,0,0,1,0,E,E,M,174.780087,-41.322241
44a37e5a-fab3-4f92-9f22-ab76b410e950,2,893.9661,1905.75062,0.0,0.0,0.0,766.6375,0.0,500.0,0.0,0,0,1,0,E,E,E,174.797507,-41.319178
44aa7678-6f83-432c-8b0d-b777e0443500,1,381.1767,1897.169566,0.0,0.0,0.0,766.6375,0.0,1500.0,0.0,0,0,1,0,E,E,E,174.79795,-41.322621
44c962a3-1968-44fb-94bb-9377b3271539,2,0.0,1815.566221,0.0,0.0,0.0,766.6375,0.0,200.0,0.0,0,0,1,0,E,E,E,174.795194,-41.320265
44e1b214-5f76-45be-8785-b49e606abdc6,1,0.0,1770.766919,0.0,0.0,0.0,766.6375,0.0,200.0,0.15,0,0,1,0,D,E,M,174.782464,-41.310972
44e54cdf-0a6c-4564-9ccf-494a33099b44,1,276.8127,1418.339375,0.0,0.0,0.0,766.6375,0.0,2500.0,0.05,0,0,1,0,E,E,M,174.773819,-41.322392
44eeee5e-911c-4974-8c85-0eb1821633bf,1,0.0,942.29597,0.0,0.0,0.0,766.6375,0.0,0.0,0.15,0,0,0,0,D,E,M,174.774476,-41.311887
44f4dc07-7441-46d7-840d-5f8627ba20d4,1,193.7965,1732.199458,0.0,0.0,0.0,766.6375,0.0,1500.0,0.0,0,0,1,0,E,E,E,174.78193,-41.317218
44f776ea-2f42-44af-80a4-0e36a1a61c6c,1,0.0,993.856294,0.0,0.0,0.0,766.6375,0.0,200.0,0.05,0,0,1,0,E,E,M,174.772491,-41.320233
4510e3e8-2c2a-44eb-b607-c3bead79a020,1,234.3249,1818.90505,0.0,0.0,0.0,766.6375,0.0,4000.0,0.0,0,0,1,0,E,E,E,174.805082,-41.32253
4511aa3b-86a6-450c-ace5-2cb197500db0,7,279.0843,1655.242162,0.0,0.0,0.0,766.6375,0.0,4000.0,0.0,0,0,1,0,E,E,E,174.792994,-41.312552
451da4e8-a808-4368-9792-c31f270558c9,1,0.0,1686.075754,0.0,0.0,0.0,766.6375,0.0,200.0,0.05,0,0,1,0,M,E,E,174.793784,-41.32361
45282a55-8b60-4671-b06b-0b755f2acec3,1,0.0,1766.429363,0.0,0.0,0.0,766.6375,0.0,0.0,0.05,0,0,0,0,M,E,E,174.781641,-41.316942
452adbc5-db25-4dab-bcbf-e21b98e68603,1,0.0,1427.97475,0.0,0.0,0.0,766.6375,0.0,0.0,0.05,0,0,0,0,M,E,E,174.773283,-41.323095
453dd32f-bc5c-40d1-a69a-b22fb08a0aeb,1,0.0,1008.513989,0.0,0.0,0.0,766.6375,0.0,0.0,0.0,0,0,0,0,E,E,E,174.791347,-41.315241
4541cd2b-376d-42c9-962c-0e841cd0bc91,1,396.6707,1711.392081,0.0,0.0,0.0,766.6375,0.0,1500.0,0.05,0,0,1,0,M,E,E,174.79343,-41.315952
45622a6c-208e-4426-9ddd-9d99a3107c7f,5,0.0,1005.189961,0.0,0.0,0.0,766.6375,0.0,0.0,0.0,0,0,0,0,E,E,E,174.79225,-41.318486
456adc79-2c18-4bbe-aa3b-54488f842dd1,1,359.3285,1837.199764,0.0,0.0,0.0,766.6375,0.0,500.0,0.05,0,0,1,0,M,E,E,174.801223,-41.319346
456b5476-c2fe-49a8-ba23-f3912a37351a,1,0.0,993.81643,18.464018,1224.08,0.0,766.6375,0.0,0.0,0.05,1,0,0,0,E,E,M,174.791112,-41.313955
456d40a9-fe18-4ad1-97e6-bfd02fa8bdf7,5,0.0,1447.265563,0.0,0.0,0.0,766.6375,0.0,0.0,0.05,0,0,0,0,M,E,E,174.774923,-41.310647
458339d0-ce58-4e1c-afdd-43298eed3b7e,1,0.0,2475.615084,0.0,0.0,0.0,766.6375,0.0,0.0,0.0,0,0,0,0,E,E,E,174.783341,-41.317412
4589f054-467e-4d93-a55d-770f244a971f,1,436.1249,1936.248592,0.0,0.0,0.0,766.6375,0.0,1500.0,0.0,0,0,1,0,E,E,E,174.796914,-41.317533
45a4e226-137a-4b97-a264-7cd7dba5cafb,1,0.0,976.924267,0.0,0.0,0.0,766.6375,0.0,0.0,0.1,0,0,0,0,M,E,M,174.777048,-41.314934
45a95e51-dd25-4ea3-9aaa-88ce1e2a7343,1,499.6794,1666.366229,0.0,0.0,0.0,766.6375,0.0,2500.0,0.05,0,0,1,0,M,E,E,174.803852,-41.322707
45b708ca-7685-4265-9b38-401c1659b3a2,1,0.0,972.595105,0.0,0.0,0.0,766.6375,0.0,0.0,0.1,0,0,0,0,E,E,D,174.786535,-41.325103
45b85c5a-2ac2-44cf-9ec5-0d6df0f330a1,1,0.0,964.132474,0.0,0.0,0.0,766.6375,0.0,0.0,0.05,0,0,0,0,E,E,M,174.775733,-41.323052
45ba59ae-1350-4ab7-8a58-30ea32cae6c8,1,0.0,1541.499008,0.0,0.0,0.0,766.6375,0.0,0.0,0.0,0,0,0,0,E,E,E,174.773922,-41.324204
45d5959c-0553-4d34-9db2-ff166c1b02f4,1,0.0,1233.952774,0.0,0.0,0.0,766.6375,0.0,0.0,0.05,0,0,0,0,M,E,E,174.804019,-41.320647
45e6d2b2-763c-4fcd-b95a-a3f0bf1df109,1,0.0,1829.536015,0.0,0.0,0.0,766.6375,0.0,200.0,0.05,0,0,1,0,M,E,E,174.802108,-41.320156
45f57467-b001-4fc7-be7b-c8a9351ca227,1,0.0,1846.249381,0.0,0.0,0.0,766.6375,0.0,200.0,0.0,0,0,1,0,E,E,E,174.799634,-41.319754
45f8db60-8fd8-495d-b8e6-4987ecdf7418,1,0.0,1962.068892,0.0,0.0,0.0,766.6375,0.0,200.0,0.05,0,0,1,0,M,E,E,174.798391,-41.323494
461e93b3-2bf2-48a2-9483-b90d1204694b,1,0.0,1023.770749,11.019847,798.8,0.0,766.6375,0.0,0.0,0.0,1,0,0,0,E,E,E,174.776883,-41.312366
4643ab86-2b9d-4842-8811-2d21ff252965,4,0.0,1085.881658,0.0,0.0,0.0,766.6375,0.0,0.0,0.05,0,0,0,0,E,E,M,174.776845,-41.311659
46680cf1-acc2-432e-b058-d86dc4b78d4b,2,135.1557,1669.091759,0.0,0.0,0.0,766.6375,0.0,1500.0,0.0,0,0,1,0,E,E,E,174.779317,-41.31283
466e93db-3009-4389-b174-8485be9bff46,1,241.0859,2099.813458,0.0,0.0,0.0,766.6375,0.0,4000.0,0.0,0,0,1,0,E,E,E,174.778001,-41.322069
466f6a44-d470-4c07-b711-a5b942668125,1,186.7982,1789.620205,0.0,0.0,0.0,766.6375,0.0,500.0,0.0,0,0,1,0,E,E,E,174.784152,-41.310293
4672c4d8-f55d-4fb7-ad16-b8fee42b6ecd,14,0.0,2042.699363,0.0,0.0,0.0,766.6375,0.0,200.0,0.1,0,0,1,0,D,E,E,174.77828,-41.322843
4677ed7d-686d-462f-a791-1eaaa706f508,1,0.0,853.419472,22.104986,643.19,0.0,766.6375,0.0,0.0,0.15,1,0,0,0,M,E,D,174.791007,-41.320762
468911e3-9d8a-4500-b2e1-3bf1d31cbb8e,1,0.0,1877.104793,0.0,0.0,0.0,766.6375,0.0,0.0,0.0,0,0,0,0,E,E,E,174.776215,-41.322908
468f2173-7c35-4415-bff4-0122a7c47db7,8,0.0,1716.945212,0.0,0.0,0.0,766.6375,0.0,0.0,0.0,0,0,0,0,E,E,E,174.79421,-41.318783
46928dd2-982a-4dc3-a74b-b07e21b69e05,1,0.0,1675.222572,0.0,0.0,0.0,766.6375,0.0,200.0,0.0,0,0,1,0,E,E,E,174.783779,-41.311439
46a0642c-74f1-428f-938e-9e57ec5dcaa6,5,626.5969,1875.62681,0.0,0.0,0.0,766.6375,0.0,1500.0,0.0,0,0,1,0,E,E,E,174.781992,-41.313151
46b0b897-5d33-4704-af2a-0bdecf8531ef,2,1431.9542,1686.012164,0.0,0.0,0.0,766.6375,0.0,500.0,0.1,0,0,1,0,D,E,E,174.781716,-41.318317
46b76228-e589-487c-a9ee-dd9879d4bb15,1,0.0,1769.685424,0.0,0.0,0.0,766.6375,0.0,200.0,0.0,0,0,1,0,E,E,E,174.795624,-41.322733
46e0bb8d-0c9c-4691-8ac7-f900d27110b7,1,0.0,932.53117,14.858873,744.69,0.0,766.6375,0.0,0.0,0.1,1,0,0,0,E,E,D,174.792099,-41.321243
46e2e41f-9f65-4761-9afd-255a5969a079,1,0.0,1020.223766,0.0,0.0,0.0,766.6375,0.0,0.0,0.15,0,0,0,0,D,E,M,174.793793,-41.31017
46ed7249-9747-4f88-81f7-d95e09c8d1da,1,0.0,1007.953581,0.0,0.0,0.0,766.6375,0.0,0.0,0.1,0,0,0,0,M,E,M,174.788058,-41.313109
46f172f6-afaa-4af4-aef0-7ce657ee4793,2,219.1511,900.765482,20.355162,744.69,0.0,766.6375,0.0,1500.0,0.1,1,0,1,0,E,E,D,174.804231,-41.319311
470f3bc1-d815-4d33-8ae2-3bd18a9633b9,2,270.5405,2035.200619,0.0,0.0,0.0,766.6375,0.0,500.0,0.0,0,0,1,0,E,E,E,174.776295,-41.314501
47201e43-036f-4c71-8e6c-1fd1e9953520,1,0.0,858.915076,19.591998,879.87,0.0,766.6375,0.0,0.0,0.15,1,0,0,0,M,E,D,174.790499,-41.323924
474fe425-53d5-403e-b17c-fd5be72c28e6,1,0.0,947.942599,0.0,0.0,0.0,766.6375,0.0,0.0,0.1,0,0,0,0,M,E,M,174.791493,-41.318578
4750bf41-6a7c-4887-b832-02db78bf5680,1,383.3543,1540.323736,0.0,0.0,0.0,766.6375,0.0,500.0,0.0,0,0,1,0,E,E,E,174.793972,-41.319584
47982359-7d11-4771-867f-36f3e39a064d,2,0.0,1444.754928,0.0,0.0,0.0,766.6375,0.0,0.0,0.05,0,0,0,0,E,E,M,174.773279,-41.323438
4798e4fc-aa32-4ec0-b271-bb0109572c92,3,663.0713,1527.313193,0.0,0.0,0.0,766.6375,0.0,500.0,0.0,0,0,1,0,E,E,E,174.793843,-41.320955
47a18dd6-7038-44a8-a8a3-448b6a6b49a0,1,0.0,1700.068166,0.0,0.0,0.0,766.6375,0.0,200.0,0.0,0,0,1,0,E,E,E,174.785277,-41.313032
47a901f2-fa97-477b-ac25-1a7b0f0e1250,2,0.0,1765.42903,0.0,0.0,0.0,766.6375,0.0,0.0,0.0,0,0,0,0,E,E,E,174.78603,-41.310345
47b97510-02e5-4833-8dee-d8e0b1380306,1,262.3303,1684.259604,0.0,0.0,0.0,766.6375,0.0,500.0,0.0,0,0,1,0,E,E,E,174.783289,-41.315438
47bea67d-431d-4b6d-955f-23234c6c30b4,2,154.3042,1686.251485,0.0,0.0,0.0,766.6375,0.0,1500.0,0.0,0,0,1,0,E,E,E,174.785609,-41.310413
47c2e493-bcc4-4f1b-ad21-dbda1daf6668,1,0.0,906.593198,0.0,0.0,0.0,766.6375,0.0,0.0,0.1,0,0,0,0,M,E,M,174.791462,-41.316407
47caf0df-76a1-4ff2-b812-9bdd8f0d999f,1,0.0,1699.732478,0.0,0.0,0.0,766.6375,0.0,200.0,0.05,0,0,1,0,M,E,E,174.784488,-41.318918
47db3b86-915b-42ac-afd5-9c97ac1c3ef5,1,225.4091,1642.240428,0.0,0.0,0.0,766.6375,0.0,500.0,0.0,0,0,1,0,E,E,E,174.794025,-41.321757
47f5bc32-b93d-443f-8744-bf6c5462b683,1,0.0,1130.427799,0.0,0.0,0.0,766.6375,0.0,0.0,0.0,0,0,0,0,E,E,E,174.804654,-41.320564
481b1d6e-6d68-4d16-bb82-f113729ea34c,1,0.0,1750.640075,0.0,0.0,0.0,766.6375,0.0,200.0,0.0,0,0,1,0,E,E,E,174.781349,-41.316824
4821e156-2371-4c0c-8f22-0ca55cdf9034,1,0.0,1577.498105,0.0,0.0,0.0,766.6375,0.0,0.0,0.0,0,0,0,0,E,E,E,174.775181,-41.313215
4824877a-fe7c-4c6e-8ab6-e5ca3b3b13c3,1,0.0,920.558484,0.0,0.0,0.0,766.6375,0.0,0.0,0.15,0,0,0,0,M,E,D,174.788227,-41.322966
482a9ce2-fa06-4a80-a024-9280f1b210dd,2,0.0,1552.765101,0.0,0.0,0.0,766.6375,0.0,0.0,0.0,0,0,0,0,E,E,E,174.786876,-41.313016
483072d2-13da-4f76-a4a7-510e8fb4b15b,1,302.2624,2085.651353,0.0,0.0,0.0,766.6375,0.0,4000.0,0.0,0,0,1,0,E,E,E,174.77868,-41.322128
4859d62d-4517-4d7e-8bf1-f4b9fec5d4b7,4,260.4058,1605.61225,0.0,0.0,0.0,766.6375,0.0,1500.0,0.0,0,0,1,0,E,E,E,174.775883,-41.320858
485e3e5b-8b0a-486f-bd71-30865c43aa26,1,170.6507,1552.67955,0.0,0.0,0.0,766.6375,0.0,500.0,0.05,0,0,1,0,E,E,M,174.775995,-41.310546
48625435-3192-4327-8d24-da5ca4990dda,1,0.0,830.350049,30.090838,879.87,0.0,766.6375,0.0,0.0,0.1,1,0,0,0,E,E,D,174.797326,-41.309917
48672e42-05b8-4e00-84eb-0243bba05548,1,196.9347,1624.541309,0.0,0.0,0.0,766.6375,0.0,500.0,0.05,0,0,1,0,M,E,E,174.775,-41.32028
487837de-9a86-45c8-8920-42f9dc65f869,1,351.5947,1733.575647,0.0,0.0,0.0,766.6375,0.0,1500.0,0.0,0,0,1,0,E,E,E,174.793822,-41.325017
4895bb43-ca0e-4ca6-8843-badf207f4b07,1,228.4832,1847.980169,13.226202,744.69,0.0,766.6375,0.0,1500.0,0.05,1,0,1,0,M,E,E,174.779315,-41.320314
48ac27ed-e9ad-41ef-9bee-b89b25f480d3,1,208.3685,1925.123506,0.0,0.0,0.0,766.6375,0.0,1500.0,0.0,0,0,1,0,E,E,E,174.796991,-41.31765
48d5ea5e-5293-44fe-a42e-ec5b30135488,1,0.0,1000.757552,0.0,0.0,0.0,766.6375,0.0,0.0,0.1,0,0,0,0,M,E,M,174.787676,-41.31506
48ed02e6-7211-4e3a-8312-c2956f4d2c52,1,0.0,1720.409632,0.0,0.0,0.0,766.6375,0.0,200.0,0.0,0,0,1,0,E,E,E,174.792676,-41.323747
490989ff-f013-4914-b668-e8cd1493719e,1,0.0,931.158924,16.9934,1224.08,0.0,766.6375,0.0,0.0,0.05,1,0,0,0,E,E,M,174.792229,-41.320683
492147f4-6734-471b-9868-74ba27a3678b,1,246.5614,1552.759717,0.0,0.0,0.0,766.6375,0.0,500.0,0.0,0,0,1,0,E,E,E,174.77928,-41.321797
494b1d05-1cff-49cc-8aa9-7e907e68d074,1,432.1415,1804.195132,0.0,0.0,0.0,766.6375,0.0,1500.0,0.05,0,0,1,0,M,E,E,174.781731,-41.312892
495bee72-dd46-4c9f-b345-70b43420470e,1,0.0,1221.562853,0.0,0.0,0.0,766.6375,0.0,0.0,0.0,0,0,0,0,E,E,E,174.777445,-41.323306
4982a797-551d-4269-8faa-f41b03ef402f,1,328.1311,2104.018219,0.0,0.0,0.0,766.6375,0.0,1500.0,0.05,0,0,1,0,M,E,E,174.780182,-41.319994
4995e6fd-dba5-486a-8d60-149b4ec3a68c,1,376.8165,1930.502301,0.0,0.0,0.0,766.6375,0.0,1500.0,0.05,0,0,1,0,M,E,E,174.79846,-41.321255
49a0eae2-4125-434d-aa3a-0cabb80b7318,1,0.0,1037.182931,0.0,0.0,0.0,766.6375,0.0,0.0,0.15,0,0,0,0,D,E,M,174.796318,-41.31017
49a68067-3a79-4f4e-b062-89014a199da0,1,0.0,971.155381,0.0,0.0,0.0,766.6375,0.0,0.0,0.05,0,0,0,0,E,E,M,174.804083,-41.319553
49a9401d-208e-48f5-b0ef-080799b87601,1,0.0,1061.44252,16.530173,1224.08,0.0,766.6375,0.0,0.0,0.05,1,0,0,0,E,E,M,174.80401,-41.321545
49a97091-328a-45ac-8825-68a282ae69c5,1,0.0,1701.465192,0.0,0.0,0.0,766.6375,0.0,0.0,0.0,0,0,0,0,E,E,E,174.776762,-41.32277
49aee65e-4d52-4af7-b69e-db79905fe86c,3,0.0,1025.540496,0.0,0.0,0.0,766.6375,0.0,0.0,0.15,0,0,0,0,M,E,D,174.788207,-41.324359
49b9a9b1-45c0-42a4-a5a9-4476e3b57381,1,177.6481,1735.16656,0.0,0.0,0.0,766.6375,0.0,500.0,0.0,0,0,1,0,E,E,E,174.782155,-41.314377
49c56d3c-ee5b-48aa-a5cb-f96f4994051e,8,0.0,1875.870295,0.0,0.0,0.0,766.6375,0.0,200.0,0.0,0,0,1,0,E,E,E,174.801824,-41.31831
49cf5d58-6413-433b-a4e7-ba55c88a0426,1,266.355,1650.352072,14.280338,643.19,0.0,766.6375,0.0,500.0,0.0,1,0,1,0,E,E,E,174.778238,-41.320988
49dbef12-46cf-4938-b4f4-08d1f2d66e38,1,0.0,1728.688194,0.0,0.0,0.0,766.6375,0.0,0.0,0.0,0,0,0,0,E,E,E,174.793274,-41.315792
49dc814b-216f-4692-a1cb-5ca00bd88aeb,2,300.2099,1540.824042,0.0,0.0,0.0,766.6375,0.0,500.0,0.0,0,0,1,0,E,E,E,174.775425,-41.320883
49f6b8df-d04e-4bca-aacd-7ca18fc50439,1,540.4128,1467.300147,0.0,0.0,0.0,766.6375,0.0,500.0,0.05,0,0,1,0,M,E,E,174.77886,-41.321421
4a0cdb3b-b886-4958-94d5-8dc4c4fa057d,3,211.0378,1440.082669,0.0,0.0,0.0,766.6375,0.0,500.0,0.05,0,0,1,0,E,E,M,174.78347,-41.310607
4a0e9625-38e5-4651-8130-beb27fcc5d28,1,312.0832,1727.582177,0.0,0.0,0.0,766.6375,0.0,500.0,0.05,0,0,1,0,M,E,E,174.794371,-41.321075
4a18b8d6-5171-406f-8283-54626e580c61,1,0.0,1553.598595,0.0,0.0,0.0,766.6375,0.0,0.0,0.0,0,0,0,0,E,E,E,174.775728,-41.31352
4a32206a-5d27-468a-af2e-49ae5ce12462,1,0.0,1069.035955,0.0,0.0,0.0,766.6375,0.0,0.0,0.0,0,0,0,0,E,E,E,174.786284,-41.311165
4a3f2433-b607-478c-bfa2-c99b694da136,3,0.0,944.519755,0.0,0.0,0.0,766.6375,0.0,0.0,0.05,0,0,0,0,E,E,M,174.776543,-41.312641
4a4cce7a-299b-4f5f-adeb-37f025860e08,1,368.5935,1955.345051,0.0,0.0,0.0,766.6375,0.0,500.0,0.0,0,0,1,0,E,E,E,174.796411,-41.324172
4a7e1425-d0de-4b12-9ae6-97fa27c14463,12,895.2765,1644.216882,0.0,0.0,5.427772,766.6375,0.419242,1500.0,0.0,0,1,1,0,E,E,E,174.782116,-41.317497
4a89d6eb-f231-4c48-a77e-daf38dbf2841,1,0.0,942.342175,16.445701,744.69,0.0,766.6375,0.0,0.0,0.05,1,0,0,0,E,E,M,174.791975,-41.320288
4a905283-b4fa-42f6-84bb-655f804315e1,1,189.6219,1511.669377,0.0,0.0,0.0,766.6375,0.0,500.0,0.0,0,0,1,0,E,E,E,174.778025,-41.312473
4aa9caa7-0b66-47c3-8bda-54b6355a77da,3,0.0,1586.490171,0.0,0.0,0.0,766.6375,0.0,0.0,0.0,0,0,0,0,E,E,E,174.791645,-41.309788
4ab300b0-fea6-422f-9af2-5619433a9646,1,220.3359,1663.866505,0.0,0.0,0.0,766.6375,0.0,1500.0,0.0,0,0,1,0,E,E,E,174.78009,-41.32327
4ab44276-9570-4b2e-a51f-3bfdc333cbba,1,0.0,1065.125321,0.0,0.0,0.0,766.6375,0.0,0.0,0.1,0,0,0,0,M,E,M,174.791868,-41.32258
4ad0c7b7-3c9d-4eb1-8a8f-e396af543daf,1,0.0,994.916244,0.0,0.0,0.0,766.6375,0.0,0.0,0.05,0,0,0,0,E,E,M,174.78668,-41.322031
4ad0d86b-e9a1-4403-a678-ced01482c34f,1,296.9052,1941.728034,0.0,0.0,0.0,766.6375,0.0,4000.0,0.0,0,0,1,0,E,E,E,174.778583,-41.322099
4aec735f-7b5d-4011-8b20-ae9a6ab175d0,1,258.1829,1756.259381,0.0,0.0,0.0,766.6375,0.0,500.0,0.05,0,0,1,0,M,E,E,174.783331,-41.312271
4af75162-b760-4634-b96f-a50746ab2b9f,1,0.0,1748.556025,0.0,0.0,0.0,766.6375,0.0,0.0,0.0,0,0,0,0,E,E,E,174.775334,-41.314887
4afdc74e-7db2-479d-a998-eb284bd9ced8,2,0.0,943.221059,13.43926,1224.08,0.0,766.6375,0.0,0.0,0.05,1,0,0,0,E,E,M,174.778262,-41.312858
4b005ac4-992b-4b0a-90c4-80a3e23b533a,1,388.677,1876.722359,0.0,0.0,0.0,766.6375,0.0,500.0,0.0,0,0,1,0,E,E,E,174.797388,-41.323264
4b11519d-b323-490f-9c9e-f0b5f35e84d1,1,0.0,863.041643,0.0,0.0,0.0,766.6375,0.0,0.0,0.2,0,0,0,0,D,E,D,174.790386,-41.317367
4b19eddd-d0fe-4bc2-b2d2-05cbcb8114ed,1,0.0,2082.420671,0.0,0.0,0.0,766.6375,0.0,200.0,0.0,0,0,1,0,E,E,E,174.776838,-41.310055
4b1ad6f6-c73c-437a-8efb-dbb7e98b0937,1,475.2543,1882.339832,0.0,0.0,0.0,766.6375,0.0,1500.0,0.05,0,0,1,0,M,E,E,174.797951,-41.322497
4b1f8648-a6e3-4007-823d-61593cf579dd,1,0.0,1719.655144,0.0,0.0,0.0,766.6375,0.0,0.0,0.0,0,0,0,0,E,E,E,174.78249,-41.31661
4b26d003-2536-4b6e-953e-db6d58ab5d57,1,0.0,804.40323,0.0,0.0,0.0,766.6375,0.0,0.0,0.1,0,0,0,0,E,E,D,174.803406,-41.319411
4b28c4b6-62b2-4be8-ab47-4bf90582d869,1,455.9767,1671.181729,0.0,0.0,0.0,766.6375,0.0,1500.0,0.05,0,0,1,0,M,E,E,174.781928,-41.319396
4b2a65ec-0f1c-41f6-8ce4-dfbba49756e6,2,0.0,806.64614,0.0,0.0,0.0,766.6375,0.0,0.0,0.15,0,0,0,0,M,E,D,174.78664,-41.315593
4b2ebe35-a1f8-4b66-acef-ba0c0b6c1b00,1,0.0,838.987608,15.901563,879.87,0.0,766.6375,0.0,0.0,0.15,1,0,0,0,M,E,D,174.786618,-41.315845
4b2f517d-ef04-430d-9f31-c4e6642a8273,1,0.0,1612.446342,0.0,0.0,0.0,766.6375,0.0,200.0,0.0,0,0,1,0,E,E,E,174.795663,-41.311994
4b319053-5f73-4bab-bcd0-ebe19a0e7b3d,1,0.0,1671.31389,0.0,0.0,0.0,766.6375,0.0,0.0,0.0,0,0,0,0,E,E,E,174.785982,-41.310151
4b44a169-bd95-45cc-a512-5bc2df1cb4c3,1,315.3596,1643.378039,0.0,0.0,0.0,766.6375,0.0,1500.0,0.0,0,0,1,0,E,E,E,174.785387,-41.311473
4b4c2a17-92e4-47fc-b6dc-535f4c6da8fc,1,0.0,985.711021,0.0,0.0,0.0,766.6375,0.0,0.0,0.15,0,0,0,0,D,E,M,174.772425,-41.319996
4b526eff-9637-4179-80d0-edc295b7d39d,1,0.0,1903.109186,0.0,0.0,0.0,766.6375,0.0,200.0,0.0,0,0,1,0,E,E,E,174.796443,-41.323067
4b5ce8fa-4270-4c5f-adb4-5535f787433c,1,0.0,825.891812,22.452774,879.87,0.0,766.6375,0.0,0.0,0.1,1,0,0,0,E,E,D,174.793141,-41.321222
4b5d5327-69a5-44e4-8ed2-a13aa89705e3,1,0.0,1154.879432,0.0,0.0,0.0,766.6375,0.0,0.0,0.05,0,0,0,0,M,E,E,174.790786,-41.321349
4b7a762e-74eb-4131-81b5-e5f682e542aa,1,180.6767,1834.368014,0.0,0.0,0.0,766.6375,0.0,500.0,0.05,0,0,1,0,M,E,E,174.795616,-41.31822
4b841ef0-3ad0-40ac-9e2e-c03ce179ddb2,1,299.2927,1652.726366,0.0,0.0,0.0,766.6375,0.0,1500.0,0.05,0,0,1,0,M,E,E,174.783867,-41.314838
4b98ee3d-afa5-45ec-9a19-f9aad25b1fed,1,243.8869,1802.349367,0.0,0.0,0.0,766.6375,0.0,500.0,0.0,0,0,1,0,E,E,E,174.78162,-41.312521
4b9d5f9f-7eb9-4875-a783-c112ef762a5c,1,0.0,1041.11374,0.0,0.0,0.0,766.6375,0.0,0.0,0.05,0,0,0,0,E,E,M,174.790305,-41.321558
4b9f8671-c8f3-4f85-9541-757d43682aa9,1,177.6539,2388.308765,0.0,0.0,0.0,766.6375,0.0,1500.0,0.05,0,0,1,0,M,E,E,174.77964,-41.318528
4bb2689a-d7fd-4bcb-8fd8-2df7db47dc38,1,0.0,926.315822,20.143789,643.19,0.0,766.6375,0.0,0.0,0.1,1,0,0,0,M,E,M,174.786349,-41.316747
4bbfb036-cf8f-4aa6-8e77-287456fcb06b,1,0.0,904.214144,32.435892,1224.08,0.0,766.6375,0.0,0.0,0.1,1,0,0,0,E,E,D,174.794252,-41.309467
4bd8f311-71e2-4bd7-a782-abf128e7deb2,1,0.0,1611.560613,0.0,0.0,0.0,766.6375,0.0,0.0,0.0,0,0,0,0,E,E,E,174.775326,-41.313613
4bdb687a-ce9f-455e-a1c5-cfdf8b054063,1,341.6622,1651.265759,0.0,0.0,0.0,766.6375,0.0,4000.0,0.0,0,0,1,0,E,E,E,174.79285,-41.312911
4be19f26-5341-48de-93b7-d42ec29bd460,2,372.9756,1671.522319,0.0,0.0,0.0,766.6375,0.0,4000.0,0.0,0,0,1,0,E,E,E,174.779761,-41.32359
4bf507b7-148f-4970-8582-93b3857d6663,1,231.8783,1730.088356,0.0,0.0,0.0,766.6375,0.0,4000.0,0.0,0,0,1,0,E,E,E,174.780058,-41.312424
4bfa25ec-2a72-482b-9b40-929b7c0878aa,2,0.0,833.824011,20.371782,744.69,0.0,766.6375,0.0,0.0,0.15,1,0,0,0,M,E,D,174.793277,-41.319735
4c095946-1d0c-4100-8836-dd7b82d8074e,1,305.5758,1888.354665,0.0,0.0,0.0,766.6375,0.0,1500.0,0.05,0,0,1,0,M,E,E,174.797398,-41.322773
4c293f0a-c195-4594-b5c0-8aa8811e1a29,1,0.0,1919.6778,0.0,0.0,0.0,766.6375,0.0,200.0,0.0,0,0,1,0,E,E,E,174.798201,-41.320429
4c4a2200-1c4b-400c-9d5c-8adc14b9968d,1,496.8662,1436.8956,0.0,0.0,0.0,766.6375,0.0,500.0,0.05,0,0,1,0,E,E,M,174.791157,-41.311703
4c528088-ba9a-4dfc-8503-fb12688e633b,1,305.1301,1769.821059,0.0,0.0,0.0,766.6375,0.0,500.0,0.0,0,0,1,0,E,E,E,174.794378,-41.316751
4c5364d0-9743-46d8-a844-7fcae2fd8caf,1,0.0,1293.280879,0.0,0.0,0.0,766.6375,0.0,0.0,0.1,0,0,0,0,D,E,E,174.803629,-41.320011
4c6d915d-d05c-4e35-9f7f-61f794dd4d7c,2,0.0,987.674223,0.0,0.0,0.0,766.6375,0.0,0.0,0.05,0,0,0,0,E,E,M,174.802582,-41.321029
4c7482ff-ea03-41b6-87e5-1df898596957,1,0.0,1047.809125,0.0,0.0,0.0,766.6375,0.0,0.0,0.0,0,0,0,0,E,E,E,174.780128,-41.321219
4c7744b4-36c9-4a41-8adb-16116c4aa7c0,1,0.0,925.43917,19.055067,1224.08,0.0,766.6375,0.0,0.0,0.1,1,0,0,0,E,E,D,174.790039,-41.320478
4c8a80ae-80db-426b-bc6a-5acb7c132721,1,292.7532,1871.920428,0.0,0.0,0.0,766.6375,0.0,1500.0,0.0,0,0,1,0,E,E,E,174.8056,-41.323215
4c98659f-765a-4e95-9e25-331f7ff4801d,1,0.0,1048.161105,0.0,0.0,0.0,766.6375,0.0,0.0,0.0,0,0,0,0,E,E,E,174.776209,-41.31208
4cc23d99-c970-4720-9829-4dacca88f1b4,1,339.7858,1783.819934,0.0,0.0,0.0,766.6375,0.0,500.0,0.0,0,0,1,0,E,E,E,174.781831,-41.31239
4cc83391-e78a-4935-a69b-9f21061d4a14,1,223.1052,1830.497834,0.0,0.0,0.0,766.6375,0.0,500.0,0.0,0,0,1,0,E,E,E,174.773054,-41.322343
4cce87b9-8c91-48d2-a120-996c4d97f841,2,0.0,939.166054,19.620654,879.87,0.0,766.6375,0.0,0.0,0.1,1,0,0,0,M,E,M,174.777299,-41.313207
4ce538c7-d460-4f73-92ea-c7c301f2a1eb,1,306.4773,1631.208044,15.31818,798.8,0.0,766.6375,0.0,500.0,0.0,1,0,1,0,E,E,E,174.776195,-41.313804
4cf05a3d-0609-4cae-b00b-0eea3c031a12,1,326.4384,1932.905209,0.0,0.0,0.0,766.6375,0.0,2500.0,0.0,0,0,1,0,E,E,E,174.804145,-41.323801
4cf0a3ad-9080-4193-96d6-cb01bedadef1,5,454.4773,1884.776969,0.0,0.0,0.0,766.6375,0.0,500.0,0.05,0,0,1,0,M,E,E,174.796083,-41.31984
4cf25677-ca0a-409f-83b8-4cb0131835b0,1,0.0,990.396432,7.463861,1224.08,0.0,766.6375,0.0,0.0,0.0,1,0,0,0,E,E,E,174.792008,-41.324026
4cfaf9ff-d133-4e14-859c-e92d156d429d,1,0.0,790.996605,29.551656,643.19,0.0,766.6375,0.0,0.0,0.1,1,0,0,0,E,E,D,174.793584,-41.31979
4d1c16d3-6c0f-4bf0-924d-e3cac73b3ce7,1,272.6116,1669.447939,0.0,0.0,0.0,766.6375,0.0,500.0,0.0,0,0,1,0,E,E,E,174.776092,-41.310199
4d2fa9ae-ebdf-4eaa-a387-6ca446754ab1,1,0.0,1042.793213,0.0,0.0,0.0,766.6375,0.0,0.0,0.05,0,0,0,0,E,E,M,174.792814,-41.320803
4d390515-3a1f-455e-a9a0-7c8b1d83dd0f,1,0.0,1796.261276,0.0,0.0,0.0,766.6375,0.0,0.0,0.05,0,0,0,0,M,E,E,174.805057,-41.321997
4d3a3038-8b26-4a85-ba2a-83d44b20f255,3,193.0487,1715.62553,0.0,0.0,0.0,766.6375,0.0,4000.0,0.0,0,0,1,0,E,E,E,174.779746,-41.312202
4d41c8ca-b89b-42be-9ec1-7f30b3fbcf47,2,11.9151,827.74397,0.0,0.0,15.542837,766.6375,1.001916,0.0,0.15,0,1,0,0,M,E,D,174.789724,-41.323132
4d47b176-5eb5-4c8e-8f5d-8206ed9bd552,1,276.0903,1566.92558,0.0,0.0,0.0,766.6375,0.0,1500.0,0.0,0,0,1,0,E,E,E,174.785159,-41.310789
4d5644b2-8406-4af4-9628-bd9703f9f648,1,0.0,1803.314574,0.0,0.0,0.0,766.6375,0.0,200.0,0.0,0,0,1,0,E,E,E,174.795688,-41.322963
4d690517-45fc-4b89-8fa2-4e8a40cc1022,1,0.0,845.13891,0.0,0.0,0.0,766.6375,0.0,0.0,0.2,0,0,0,0,D,E,D,174.791054,-41.322352
4d782bef-d7d9-472f-9712-93c8e798f5b6,1,0.0,1509.607207,13.121758,1224.08,0.0,766.6375,0.0,0.0,0.0,1,0,0,0,E,E,E,174.784758,-41.316582
4d90a9dd-7817-42bd-aa1f-35f7ea71a42a,1,0.0,952.641865,0.0,0.0,0.0,766.6375,0.0,0.0,0.05,0,0,0,0,E,E,M,174.793062,-41.319069
4dc586a8-fcd1-41e3-9ed0-2683de0c99b4,8,541.807,1662.897463,0.0,0.0,0.0,766.6375,0.0,500.0,0.0,0,0,1,0,E,E,E,174.782259,-41.311936
4dc71c62-77fa-4d4a-a7d6-0d2ff2163f29,1,0.0,1571.716404,0.0,0.0,0.0,766.6375,0.0,200.0,0.0,0,0,1,0,E,E,E,174.778762,-41.32019
4de4ffe4-0a45-41ec-9b9f-f66b55646f32,1,0.0,827.486458,25.19233,879.87,0.0,766.6375,0.0,0.0,0.1,1,0,0,0,E,E,D,174.793414,-41.320684
4de8c900-b3c2-4652-9d0c-054d3cc36d80,1,0.0,1873.448948,0.0,0.0,0.0,766.6375,0.0,200.0,0.0,0,0,1,0,E,E,E,174.797228,-41.320017
4dea9f79-2ee8-4619-8802-5fde8be64ad9,1,0.0,951.973822,0.0,0.0,0.0,766.6375,0.0,0.0,0.05,0,0,0,0,E,E,M,174.7913,-41.313255
4def4a31-1676-4884-a7e5-b7ddc891f875,1,0.0,1813.561663,0.0,0.0,0.0,766.6375,0.0,200.0,0.05,0,0,1,0,M,E,E,174.802091,-41.319642
4dfb6b0b-988d-478e-a7c8-a26c7e536f2b,2,0.0,869.721851,21.969268,798.8,0.0,766.6375,0.0,0.0,0.15,1,0,0,0,M,E,D,174.777546,-41.314622
4dfc154f-9055-4812-aabd-ab0c066c1468,1,226.1246,1745.578089,0.0,0.0,0.0,766.6375,0.0,500.0,0.0,0,0,1,0,E,E,E,174.781838,-41.315654
4dffd59e-414f-48dc-aeb5-c5d7796523e3,1,300.2473,1909.874349,0.0,0.0,0.0,766.6375,0.0,500.0,0.0,0,0,1,0,E,E,E,174.795599,-41.324422
4e2457b4-56f9-4862-ade8-4780ae9bd437,1,226.1674,1756.408212,0.0,0.0,0.0,766.6375,0.0,1500.0,0.0,0,0,1,0,E,E,E,174.780489,-41.312015
4e3d0cbc-da8f-4eef-81ed-629dbc3f50e3,1,0.0,1528.826345,0.0,0.0,0.0,766.6375,0.0,200.0,0.0,0,0,1,0,E,E,E,174.785636,-41.311879
4e65c0f2-6edd-4ce1-9ff1-db94bf4e50ca,1,253.185,1906.931102,0.0,0.0,0.0,766.6375,0.0,500.0,0.0,0,0,1,0,E,E,E,174.782233,-41.315099
4e84fb9d-340b-48b5-bcfc-e210dc9dd030,1,319.9437,1577.277131,0.0,0.0,0.0,766.6375,0.0,1500.0,0.05,0,0,1,0,M,E,E,174.793979,-41.32296
4e87cd7e-2001-41f7-a545-9d6d7d6f287f,1,0.0,1653.788589,0.0,0.0,0.0,766.6375,0.0,0.0,0.0,0,0,0,0,E,E,E,174.78401,-41.309917
4e928216-c532-4076-a712-b1a03fbfcd64,1,0.0,1191.619674,0.0,0.0,0.0,766.6375,0.0,0.0,0.0,0,0,0,0,E,E,E,174.789027,-41.314374
4e9322e8-e91d-4003-81cf-43f66c2f4617,1,436.6133,1865.082815,0.0,0.0,0.0,766.6375,0.0,2500.0,0.05,0,0,1,0,M,E,E,174.803798,-41.323065
4e976798-f1ed-4261-8ec4-f574761b4f53,1,351.6145,1729.495536,0.0,0.0,0.0,766.6375,0.0,1500.0,0.0,0,0,1,0,E,E,E,174.793828,-41.324578
4ea1da23-6047-49b9-8035-45123fda49a4,3,0.0,982.76749,0.0,0.0,0.0,766.6375,0.0,0.0,0.05,0,0,0,0,E,E,M,174.775227,-41.311517
4eb8448a-5d50-46a1-89b0-324d93ab0d06,1,0.0,1170.451856,17.731273,879.87,0.0,766.6375,0.0,0.0,0.05,1,0,0,0,M,E,E,174.78838,-41.320967
4eb8b5fe-616e-47e5-b2e9-45c4ca6fdb37,1,0.0,1149.716775,0.0,0.0,0.0,766.6375,0.0,0.0,0.0,0,0,0,0,E,E,E,174.803331,-41.321277
4ecbe571-b43e-4e35-a32b-16556dc4071b,4,0.0,1021.323223,0.0,0.0,0.0,766.6375,0.0,0.0,0.0,0,0,0,0,E,E,E,174.775324,-41.311015
4edcb5f7-3a71-465c-8e97-e70696fad237,1,272.4485,1914.681195,0.0,0.0,0.0,766.6375,0.0,1500.0,0.0,0,0,1,0,E,E,E,174.797002,-41.322164
4ee991af-8c89-4e67-930f-2821974be493,1,312.5462,1941.701596,0.0,0.0,0.0,766.6375,0.0,500.0,0.0,0,0,1,0,E,E,E,174.797599,-41.323408
4eed9d25-3023-4f5f-a2c0-684cf5097436,1,312.5266,2134.995654,0.0,0.0,0.0,766.6375,0.0,1500.0,0.05,0,0,1,0,M,E,E,174.779811,-41.320269
4ef5e912-63a3-4e53-92a4-409cacafd318,3,0.0,1016.842518,18.664685,1224.08,0.0,766.6375,0.0,0.0,0.05,1,0,0,0,E,E,M,174.791002,-41.31274
4f141683-96fd-4c43-8db6-b74dfc9fdaa4,1,0.0,1879.35769,0.0,0.0,0.0,766.6375,0.0,0.0,0.0,0,0,0,0,E,E,E,174.782952,-41.316507
4f1c5e34-495c-4db3-8b52-4669df1370cc,1,0.0,1048.718765,0.0,0.0,0.0,766.6375,0.0,0.0,0.05,0,0,0,0,E,E,M,174.787099,-41.311314
4f209127-cbdc-4726-8792-10dbe7012c5d,1,0.0,1818.372336,0.0,0.0,0.0,766.6375,0.0,200.0,0.0,0,0,1,0,E,E,E,174.802467,-41.319541
4f37239c-4919-44d1-af7f-fb68abce106a,1,442.5719,1742.945353,0.0,0.0,0.0,766.6375,0.0,1500.0,0.05,0,0,1,0,M,E,E,174.772104,-41.320976
4f4af34b-599b-4c10-bf8c-0ee09f5545c0,1,0.0,1824.957682,0.0,0.0,0.0,766.6375,0.0,200.0,0.0,0,0,1,0,E,E,E,174.801068,-41.320299
4f4d3357-b3a5-498a-8cae-c6e3fc240196,1,0.0,1798.821689,0.0,0.0,0.0,766.6375,0.0,200.0,0.0,0,0,1,0,E,E,E,174.795731,-41.322108
4f4d517c-535d-4023-bbd7-c53bc6895bda,1,0.0,844.684241,0.0,0.0,0.0,766.6375,0.0,0.0,0.1,0,0,0,0,E,E,D,174.791318,-41.315121
4f5802b5-5c2e-4571-8621-e387cd3965ab,1,512.1302,1842.754826,0.0,0.0,0.0,766.6375,0.0,1500.0,0.0,0,0,1,0,E,E,E,174.799085,-41.32107
4f5a1507-0742-4a33-a8fe-6d15f4ee6334,2,0.0,972.493703,0.0,0.0,0.0,766.6375,0.0,0.0,0.1,0,0,0,0,M,E,M,174.792,-41.323266
4f5b4ebf-af3a-4c15-b6cd-257283a3829c,2,221.7267,1930.987057,0.0,0.0,0.0,766.6375,0.0,500.0,0.05,0,0,1,0,M,E,E,174.799032,-41.31967
4f8807b5-99e5-4f74-9424-cb31a3e32f62,1,0.0,1498.992623,0.0,0.0,0.0,766.6375,0.0,0.0,0.0,0,0,0,0,E,E,E,174.773669,-41.32344
4f8af150-fb9e-49bf-a3f4-b1bbc02038b4,1,177.4787,1670.614803,0.0,0.0,0.0,766.6375,0.0,500.0,0.05,0,0,1,0,M,E,E,174.778257,-41.319218
4f8c8e42-c616-459b-a6e0-cc5e5b4f6d12,1,183.7022,1630.146338,0.0,0.0,0.0,766.6375,0.0,500.0,0.0,0,0,1,0,E,E,E,174.776883,-41.318984
4fa9f916-9e07-4dfa-be68-cb7c22b2bfa5,1,134.0166,1805.066167,0.0,0.0,0.0,766.6375,0.0,500.0,0.05,0,0,1,0,M,E,E,174.781952,-41.315008
4fac170f-e226-48e9-8ac2-0e39e5d516aa,1,0.0,1139.575805,15.481793,1224.08,0.0,766.6375,0.0,0.0,0.0,1,0,0,0,E,E,E,174.789091,-41.314673
4fb6593d-0265-4177-bb16-25fe3a874a5e,2,0.0,945.782318,0.0,0.0,0.0,766.6375,0.0,0.0,0.1,0,0,0,0,M,E,M,174.791711,-41.31999
4fee7846-52c4-4486-8470-29ab132fe205,1,0.0,1059.358913,0.0,0.0,0.0,766.6375,0.0,0.0,0.05,0,0,0,0,E,E,M,174.776619,-41.323577
4ffe7f39-4a96-43ec-a07e-51fab4d796d9,2,0.0,873.544269,17.73431,1224.08,0.0,766.6375,0.0,0.0,0.15,1,0,0,0,M,E,D,174.7897,-41.32334
4ffeb0c5-bb4a-4441-be91-e68880ae3660,1,257.3596,1749.970277,0.0,0.0,0.0,766.6375,0.0,500.0,0.0,0,0,1,0,E,E,E,174.782848,-41.312369
50100954-6d82-4b72-bb71-cc93f102ee2c,1,247.3996,1922.968945,0.0,0.0,0.0,766.6375,0.0,500.0,0.0,0,0,1,0,E,E,E,174.800552,-41.318404
5010a1ba-43b7-4841-9376-43b14700f6ae,1,247.9291,1451.328471,0.0,0.0,0.0,766.6375,0.0,500.0,0.05,0,0,1,0,E,E,M,174.779266,-41.314065
502f3a26-095a-4e71-9e02-2a4bd9251565,1,0.0,1028.280449,0.0,0.0,0.0,766.6375,0.0,0.0,0.05,0,0,0,0,M,E,E,174.786698,-41.310049
502fdde9-8d35-42a8-a4d6-ee5ec5cb235a,3,0.0,1097.607756,33.307286,798.8,0.0,766.6375,0.0,0.0,0.05,1,0,0,0,E,E,M,174.788359,-41.321918
503a2e50-ecf6-4df4-bd3a-96e9a51d821c,1,0.0,1828.644541,0.0,0.0,0.0,766.6375,0.0,0.0,0.05,0,0,0,0,E,E,M,174.776642,-41.323128
50409861-12f7-4ad9-849c-d02f09eaf172,1,246.3021,1575.312734,0.0,0.0,0.0,766.6375,0.0,500.0,0.0,0,0,1,0,E,E,E,174.778371,-41.312187
504b6289-02e3-4ce7-b25e-e810a72ef935,2,0.0,938.871334,0.0,0.0,0.0,766.6375,0.0,0.0,0.05,0,0,0,0,E,E,M,174.791613,-41.318929
506116c2-61ae-43db-b5ed-6d2010ba6855,1,0.0,874.269002,15.723518,744.69,0.0,766.6375,0.0,0.0,0.05,1,0,0,0,E,E,M,174.789831,-41.324213
50638791-94d7-4964-a487-e1868ac49fd3,2,0.0,1292.938827,0.0,0.0,0.0,766.6375,0.0,0.0,0.0,0,0,0,0,E,E,E,174.786295,-41.309901
50671c51-bd4f-414e-9193-8ba0ed5e81dc,4,0.0,1091.865248,0.0,0.0,0.0,766.6375,0.0,0.0,0.05,0,0,0,0,E,E,M,174.794571,-41.30957
50723380-0ce4-4e5f-aa72-f9c9377c4b67,1,0.0,921.79068,0.0,0.0,0.0,766.6375,0.0,0.0,0.05,0,0,0,0,E,E,M,174.791333,-41.317963
50ae78e6-8aaa-4b6c-93f2-08d5668948ef,1,450.863,1822.624535,0.0,0.0,0.0,766.6375,0.0,4000.0,0.05,0,0,1,0,M,E,E,174.804984,-41.323102
50b1d25f-727b-4d47-9f45-8767502f7b65,3,0.0,1435.875107,5.235274,744.69,0.0,766.6375,0.0,200.0,0.05,1,0,1,0,E,E,M,174.780362,-41.316919
50d86b0e-c567-4e3d-b301-ee920454273d,2,0.0,1020.695132,0.0,0.0,0.0,766.6375,0.0,0.0,0.0,0,0,0,0,E,E,E,174.790872,-41.317191
50e29089-c22b-45a8-945a-83f0a009d1c7,2,0.0,1709.544245,0.0,0.0,0.0,766.6375,0.0,200.0,0.0,0,0,1,0,E,E,E,174.778122,-41.318981
5105c8fb-62ee-4bbd-a8c7-3862cba18bf0,1,0.0,929.162045,0.0,0.0,0.0,766.6375,0.0,0.0,0.1,0,0,0,0,E,E,D,174.789932,-41.320358
510761c6-6672-48cb-a74a-6b5f74122fc1,1,254.9108,1758.23718,0.0,0.0,0.0,766.6375,0.0,1500.0,0.0,0,0,1,0,E,E,E,174.784238,-41.314067
510e2b83-6d97-4c50-97b9-707b38cfd61f,1,0.0,1632.298502,0.0,0.0,0.0,766.6375,0.0,200.0,0.05,0,0,1,0,M,E,E,174.777872,-41.315235
510e37ce-47e6-4fe4-9106-54f23dc505b5,1,0.0,1449.780838,0.0,0.0,0.0,766.6375,0.0,200.0,0.05,0,0,1,0,M,E,E,174.785864,-41.316811
512a485d-8155-4b30-8d3b-c89059252a44,1,326.6395,2109.389606,0.0,0.0,0.0,766.6375,0.0,500.0,0.0,0,0,1,0,E,E,E,174.776678,-41.310709
512c520f-e68e-4c96-8bca-597c63499be0,1,573.512,1666.030038,0.0,0.0,0.0,766.6375,0.0,4000.0,0.05,0,0,1,0,M,E,E,174.792887,-41.312684
51473238-6527-4a50-84f2-fb3e0c855102,1,195.2644,1669.693666,0.0,0.0,0.0,766.6375,0.0,1500.0,0.0,0,0,1,0,E,E,E,174.782443,-41.319269
51567733-eb58-4f87-8604-f5ca717d3067,1,0.0,1921.862702,0.0,0.0,0.0,766.6375,0.0,200.0,0.0,0,0,1,0,E,E,E,174.797905,-41.319872
5156b9bf-5fd1-47f5-827c-4065aed9c72f,5,0.0,1044.510559,0.0,0.0,0.0,766.6375,0.0,0.0,0.0,0,0,0,0,E,E,E,174.79241,-41.318519
515746d3-ebe7-4859-8072-cffb020ea48d,1,0.0,1077.776126,0.0,0.0,0.0,766.6375,0.0,0.0,0.0,0,0,0,0,E,E,E,174.777058,-41.321324
5164c165-5229-4ba8-99cb-5f6dc3eaffc5,1,339.9318,920.203318,0.0,0.0,0.0,766.6375,0.0,4000.0,0.05,0,0,1,0,E,E,M,174.792193,-41.312788
5169dcef-90c8-4b45-8435-9329960c9dc7,1,0.0,1145.3058,0.0,0.0,0.0,766.6375,0.0,0.0,0.0,0,0,0,0,E,E,E,174.77478,-41.324375
5178a710-cd92-4efb-8827-fa1ef896f63e,1,381.7886,1907.806072,0.0,0.0,0.0,766.6375,0.0,1500.0,0.0,0,0,1,0,E,E,E,174.799004,-41.321551
5184c421-6298-4b12-907b-a32594923adb,1,0.0,1760.973413,0.0,0.0,0.0,766.6375,0.0,200.0,0.0,0,0,1,0,E,E,E,174.795193,-41.322363
519220a2-95e0-46f5-9c23-6653e61dc8d2,4,0.0,2177.21583,0.0,0.0,0.0,766.6375,0.0,0.0,0.05,0,0,0,0,M,E,E,174.776793,-41.314608
519d745f-64d6-4a00-8ebb-39edc97b4db8,1,0.0,1825.253154,0.0,0.0,0.0,766.6375,0.0,200.0,0.05,0,0,1,0,M,E,E,174.795741,-41.322007
51a093bd-92f7-4329-a58e-de3009ce1981,3,375.4874,1816.900988,0.0,0.0,0.0,766.6375,0.0,500.0,0.05,0,0,1,0,M,E,E,174.781232,-41.313278
51a6c66b-697e-4e5c-8279-190b5e8e15bc,1,0.0,1659.755961,0.0,0.0,0.0,766.6375,0.0,200.0,0.0,0,0,1,0,E,E,E,174.785327,-41.312609
51ad4fb8-2439-4474-b4d8-285a95c44885,4,322.0647,1845.661456,0.0,0.0,0.0,766.6375,0.0,1500.0,0.0,0,0,1,0,E,E,E,174.780451,-41.312625
51ae181a-b778-4892-beb7-28d6e7451973,1,0.0,1870.710648,0.0,0.0,0.0,766.6375,0.0,200.0,0.0,0,0,1,0,E,E,E,174.795117,-41.323084
51ae4231-2c5f-4f65-8035-746ae999be22,1,0.0,933.84844,0.0,0.0,0.0,766.6375,0.0,0.0,0.05,0,0,0,0,E,E,M,174.791869,-41.312859
51bc2c58-923b-443e-8215-b2ac88fb03b0,1,222.5858,1580.446478,0.0,0.0,0.0,766.6375,0.0,1500.0,0.0,0,0,1,0,E,E,E,174.779664,-41.32307
51be23fc-6b16-4c90-afea-7e6b3acec919,3,0.0,1923.119444,0.0,0.0,0.0,766.6375,0.0,200.0,0.0,0,0,1,0,E,E,E,174.776002,-41.315007
51bed92d-a18a-4d48-8bfa-7d73997f467a,1,303.3898,1629.097649,0.0,0.0,0.0,766.6375,0.0,500.0,0.0,0,0,1,0,E,E,E,174.79428,-41.321338
51de98b5-29e8-4d77-99a0-5fbd6e641944,1,0.0,1729.343833,0.0,0.0,0.0,766.6375,0.0,200.0,0.05,0,0,1,0,M,E,E,174.783037,-41.312993
51e409e1-10ea-4c1d-9b63-f625923ccb47,2,0.0,1000.004676,0.0,0.0,0.0,766.6375,0.0,0.0,0.0,0,0,0,0,E,E,E,174.787141,-41.322728
5208fa84-09eb-467d-9b4c-5f6499d9132c,2,601.7082,1581.505795,0.0,0.0,0.0,766.6375,0.0,1500.0,0.0,0,0,1,0,E,E,E,174.792406,-41.314083
5212d4a1-ded3-4efa-9157-1a19e6443ec7,1,263.1102,1651.407052,0.0,0.0,0.0,766.6375,0.0,500.0,0.0,0,0,1,0,E,E,E,174.781503,-41.318278
52229cb1-946c-42cb-894d-ff370750bd60,4,0.0,1013.807512,0.0,0.0,0.0,766.6375,0.0,0.0,0.1,0,0,0,0,E,E,D,174.794418,-41.309853
52373e36-49c5-4e2e-ba01-3490c7065289,1,241.2395,1686.670097,0.0,0.0,0.0,766.6375,0.0,500.0,0.0,0,0,1,0,E,E,E,174.783531,-41.314866
524142e1-6ed5-4b34-9e6a-5b309a4cbff5,2,640.5392,1743.718008,0.0,0.0,0.0,766.6375,0.0,4000.0,0.0,0,0,1,0,E,E,E,174.779738,-41.312486
524ad984-c35e-424b-a6d9-0b0a070db15a,1,0.0,1708.9739,0.0,0.0,0.0,766.6375,0.0,0.0,0.0,0,0,0,0,E,E,E,174.78182,-41.316776
5250408c-fb4c-4184-9823-90a8ad2e98c3,2,357.574,1003.807562,0.0,0.0,0.0,766.6375,0.0,1500.0,0.0,0,0,1,0,E,E,E,174.774931,-41.322615
52531026-8803-460c-9259-c588399a1e25,1,0.0,1017.509025,0.0,0.0,0.0,766.6375,0.0,0.0,0.1,0,0,0,0,M,E,M,174.787937,-41.315278
52534dec-539a-4ffd-b41e-bbf3153e8eac,1,0.0,1871.028192,0.0,0.0,0.0,766.6375,0.0,200.0,0.0,0,0,1,0,E,E,E,174.795115,-41.32327
5271bbf3-ebc9-44eb-9dee-7d9973f37191,1,0.0,1850.459716,0.0,0.0,0.0,766.6375,0.0,200.0,0.05,0,0,1,0,M,E,E,174.802375,-41.319079
5286dff8-44b5-41c4-8bdf-7d8efaf23097,1,269.7393,1446.246536,0.0,0.0,0.0,766.6375,0.0,2500.0,0.05,0,0,1,0,E,E,M,174.773728,-41.322026
5294b04e-6c0e-4e5d-a881-276783baf188,1,0.0,936.736516,0.0,0.0,0.0,766.6375,0.0,0.0,0.1,0,0,0,0,E,E,D,174.787072,-41.3155
52969306-9d5f-4429-8c33-3fb1b759ce3e,1,0.0,872.220367,36.512239,1224.08,0.0,766.6375,0.0,0.0,0.2,1,0,0,0,D,E,D,174.786732,-41.317664
52a774bb-f4dc-4771-821a-2eace78bc948,1,0.0,1592.043553,0.0,0.0,0.0,766.6375,0.0,0.0,0.05,0,0,0,0,M,E,E,174.785491,-41.314096
52ae5972-82d4-4093-bbaf-ac7ca3cf7e1a,1,0.0,1093.240123,0.0,0.0,0.0,766.6375,0.0,0.0,0.05,0,0,0,0,M,E,E,174.802671,-41.321261
52b74141-fcf6-4c31-96e6-0178786c9733,1,0.0,921.667129,0.0,0.0,0.0,766.6375,0.0,0.0,0.1,0,0,0,0,E,E,D,174.788218,-41.323198
52b94ada-303a-4607-8374-0ff09eae44ea,1,289.354,1517.854764,0.0,0.0,0.0,766.6375,0.0,500.0,0.0,0,0,1,0,E,E,E,174.773718,-41.320458
52b99a9e-07d0-4ee5-8d08-e0e416110733,3,18154.1913,1873.856318,0.0,0.0,77.314598,766.6375,265.487402,1500.0,0.15,0,1,1,0,M,D,E,174.796422,-41.321634
52d69405-e82b-4f1c-8fb1-8860677ab88f,1,467.6759,1987.730647,0.0,0.0,0.0,766.6375,0.0,1500.0,0.05,0,0,1,0,M,E,E,174.779952,-41.319086
52da338c-f96f-421f-858b-c30c88638ad5,1,0.0,1832.15209,0.0,0.0,0.0,766.6375,0.0,200.0,0.05,0,0,1,0,M,E,E,174.802377,-41.320082
52e8f9c5-21c2-4d6c-b96f-41a0c0f02d28,1,413.5116,1646.69865,0.0,0.0,0.0,766.6375,0.0,4000.0,0.0,0,0,1,0,E,E,E,174.779643,-41.323605
530312b0-5ddb-44ab-9858-11cd3bbb3c67,1,204.2327,1821.232977,0.0,0.0,0.0,766.6375,0.0,500.0,0.0,0,0,1,0,E,E,E,174.777644,-41.319055
530dd948-dc4d-4bf2-a1ad-b04bfd17b885,1,0.0,1895.236298,0.0,0.0,0.0,766.6375,0.0,0.0,0.0,0,0,0,0,E,E,E,174.782836,-41.316528
531c57cd-e7aa-46ca-ab8b-7dd5a7a523fa,3,361.1595,1754.853091,0.0,0.0,0.0,766.6375,0.0,500.0,0.05,0,0,1,0,M,E,E,174.78113,-41.312938
531fe056-a6d7-4b1b-b11e-40b62adf4099,2,0.0,984.601815,0.0,0.0,0.0,766.6375,0.0,0.0,0.05,0,0,0,0,E,E,M,174.777976,-41.313569
5323735c-e8c8-4ae9-9a8a-8ab6888ed7b3,2,0.0,831.032705,18.465586,1224.08,0.0,766.6375,0.0,0.0,0.15,1,0,0,0,M,E,D,174.789715,-41.322983
53356b87-3ba5-4a0b-b2ab-c04041469d37,2,442.8099,2104.352071,0.0,0.0,0.0,766.6375,0.0,500.0,0.05,0,0,1,0,E,E,M,174.777244,-41.310476
53438f9a-a454-43b0-bf21-f09a8f8ed180,1,441.3937,1646.105889,0.0,0.0,0.0,766.6375,0.0,1500.0,0.0,0,0,1,0,E,E,E,174.781781,-41.319409
534be5c7-8532-4b71-91c8-cc98bdf5b476,1,312.6051,1686.987647,0.0,0.0,0.0,766.6375,0.0,500.0,0.0,0,0,1,0,E,E,E,174.781362,-41.312482
53809e30-ee4b-4ada-8d40-02e0a98ec1dd,1,220.1737,1845.36553,0.0,0.0,0.0,766.6375,0.0,500.0,0.0,0,0,1,0,E,E,E,174.800854,-41.319479
538e8bf6-77cc-441c-8473-90ab85b88ff4,1,322.2145,1684.991313,0.0,0.0,0.0,766.6375,0.0,500.0,0.0,0,0,1,0,E,E,E,174.774125,-41.320845
5397f03d-196e-496a-a0e1-701501125f6a,2,0.0,880.983805,20.583528,798.8,0.0,766.6375,0.0,0.0,0.1,1,0,0,0,E,E,D,174.78713,-41.323653
53b6e08d-dce3-4006-80c6-dd2ade581fc5,1,270.4036,1013.867747,0.0,0.0,0.0,766.6375,0.0,4000.0,0.05,0,0,1,0,E,E,M,174.775598,-41.319143
53ba485c-2765-49c1-8f5a-da0056093a2a,1,0.0,1798.25487,0.0,0.0,0.0,766.6375,0.0,0.0,0.05,0,0,0,0,M,E,E,174.805078,-41.321677
53dee7a8-ba17-4f6b-ae88-b548187534c5,1,376.6584,1045.032282,0.0,0.0,0.0,766.6375,0.0,500.0,0.05,0,0,1,0,M,E,E,174.793552,-41.319134
53fccab5-7cb8-4632-ba21-e198c17470d8,1,173.1702,1458.844759,0.0,0.0,0.0,766.6375,0.0,500.0,0.05,0,0,1,0,E,E,M,174.773539,-41.32043
540bb4d8-65b1-4532-afbc-104f1e244821,1,0.0,2062.370062,0.0,0.0,0.0,766.6375,0.0,0.0,0.0,0,0,0,0,E,E,E,174.777015,-41.310993
540d419d-2fe9-4f92-9957-0945e223203f,3,145.4863,2246.874173,0.0,0.0,0.0,766.6375,0.0,500.0,0.0,0,0,1,0,E,E,E,174.782969,-41.31044
541aa078-cfe6-4fb4-873e-6c1c455fb66b,1,184.8718,1583.060167,0.0,0.0,0.0,766.6375,0.0,500.0,0.0,0,0,1,0,E,E,E,174.784369,-41.319175
54273a24-2a24-442c-954d-6b0e4dc7c96d,1,0.0,829.52173,0.0,0.0,0.0,766.6375,0.0,0.0,0.1,0,0,0,0,E,E,D,174.790045,-41.324552
5450a319-6351-476a-b4e4-3229b76a0b87,1,378.8763,1474.676772,0.0,0.0,0.0,766.6375,0.0,500.0,0.05,0,0,1,0,M,E,E,174.785013,-41.319055
5475a6d0-ef34-4056-9f90-6b34676f29e9,1,327.3485,1816.425299,0.0,0.0,0.0,766.6375,0.0,1500.0,0.0,0,0,1,0,E,E,E,174.780761,-41.312515
5478d717-5f5f-4fbf-81a0-9e760ff84939,2,0.0,942.380551,0.0,0.0,0.0,766.6375,0.0,0.0,0.15,0,0,0,0,M,E,D,174.803696,-41.319552
5481bd01-99c8-4964-8b06-f93ac701f660,1,226.2905,1658.003924,0.0,0.0,0.0,766.6375,0.0,500.0,0.0,0,0,1,0,E,E,E,174.784455,-41.310202
549a3367-a9c3-4b57-b76d-50c00c52df27,1,0.0,854.836852,16.996853,879.87,0.0,766.6375,0.0,0.0,0.1,1,0,0,0,M,E,M,174.790485,-41.324238
54bf39b7-f2f5-4524-8cfe-926bd38f914d,1,288.881,1902.755038,0.0,0.0,0.0,766.6375,0.0,1500.0,0.0,0,0,1,0,E,E,E,174.778673,-41.323628
54bf7f62-f19a-42f3-8e4b-f0e1f30b74d2,1,0.0,993.55412,0.0,0.0,0.0,766.6375,0.0,0.0,0.05,0,0,0,0,E,E,M,174.77609,-41.318956
54cf11bb-301d-4873-a768-0d7ee33b4054,1,223.0756,1940.706954,0.0,0.0,0.0,766.6375,0.0,1500.0,0.0,0,0,1,0,E,E,E,174.797183,-41.323125
54fe9ca5-ef19-4106-a61c-2a099663d781,1,0.0,1246.908439,0.0,0.0,0.0,766.6375,0.0,0.0,0.0,0,0,0,0,E,E,E,174.788252,-41.313439
55003d22-01c9-4b22-abd9-94118a3d034a,1,0.0,1125.159176,13.895174,879.87,0.0,766.6375,0.0,0.0,0.05,1,0,0,0,E,E,M,174.795562,-41.310439
5521086d-d84d-4186-afca-2c517967601a,1,279.217,1817.796121,0.0,0.0,0.0,766.6375,0.0,1500.0,0.0,0,0,1,0,E,E,E,174.784472,-41.313943
55484d78-85e0-4f28-b8ce-7c31c8bc3fcb,1,286.198,1595.741135,0.0,0.0,0.0,766.6375,0.0,500.0,0.05,0,0,1,0,E,E,M,174.774366,-41.320831
5560cb27-7aa5-427d-b300-1dc3b9e206e6,1,0.0,899.053381,15.328037,643.19,0.0,766.6375,0.0,0.0,0.05,1,0,0,0,E,E,M,174.786313,-41.315827
5577e1b1-5172-472d-884b-dbd79183c39c,2,849.2747,1597.573498,0.0,0.0,0.0,766.6375,0.0,500.0,0.1,0,0,1,0,M,E,M,174.774663,-41.320491
5588f270-5d55-41f0-b0e3-409ccab9966d,5,640.1051,1803.080484,0.0,0.0,0.0,766.6375,0.0,500.0,0.0,0,0,1,0,E,E,E,174.795108,-41.321148
5591b2ef-a05b-44cb-9377-673175df613e,1,359.2734,1057.542732,0.0,0.0,0.0,766.6375,0.0,500.0,0.05,0,0,1,0,M,E,E,174.793397,-41.319011
5594b6ee-78c9-4702-88a4-bd841f17897d,1,0.0,983.012711,0.0,0.0,0.0,766.6375,0.0,0.0,0.1,0,0,0,0,E,E,D,174.795014,-41.310475
5595a795-6e43-43c5-a9e3-b6527b658eef,1,0.0,1524.808434,0.0,0.0,0.0,766.6375,0.0,200.0,0.0,0,0,1,0,E,E,E,174.778938,-41.320165
559f69a6-2669-4f3f-a640-db059eff1bf0,1,410.8757,1934.105837,0.0,0.0,0.0,766.6375,0.0,2500.0,0.0,0,0,1,0,E,E,E,174.79862,-41.317724
55cf8a2c-5ead-478b-9072-622c43bfbaec,2,0.0,1201.925631,7.613441,1224.08,0.0,766.6375,0.0,0.0,0.0,1,0,0,0,E,E,E,174.804091,-41.319985
55ebd385-7cd5-4b0d-b0e1-94c0f7dd0e64,1,0.0,2398.831706,0.0,0.0,0.0,766.6375,0.0,200.0,0.05,0,0,1,0,M,E,E,174.783902,-41.317157
55edb061-639d-48d9-9a0c-b09b3c44dc66,5,522.5633,2230.293912,0.0,0.0,0.0,766.6375,0.0,1500.0,0.0,0,0,1,0,E,E,E,174.779859,-41.318692
55fd4439-56c2-4a3c-a973-ad1460597243,1,0.0,1626.093223,0.0,0.0,0.0,766.6375,0.0,0.0,0.05,0,0,0,0,M,E,E,174.784404,-41.309843
56183150-d020-47df-b92e-c9fa9a8e8d07,1,350.6462,1530.949859,0.0,0.0,0.0,766.6375,0.0,500.0,0.05,0,0,1,0,E,E,M,174.782083,-41.311399
5619cbf2-e0b8-4dfd-b169-52b236536a99,1,0.0,1080.004443,0.0,0.0,0.0,766.6375,0.0,0.0,0.0,0,0,0,0,E,E,E,174.776788,-41.321734
5625a31f-29cf-4bba-98ce-9a7685627332,1,0.0,2554.423649,0.0,0.0,0.0,766.6375,0.0,200.0,0.0,0,0,1,0,E,E,E,174.783947,-41.317376
5633f842-4af9-4e02-ab13-fb07e6f3d40c,1,0.0,950.460685,0.0,0.0,0.0,766.6375,0.0,0.0,0.1,0,0,0,0,M,E,M,174.776639,-41.320907
5636f707-599b-408f-b367-b6fea5f9589f,2,0.0,1036.674411,0.0,0.0,0.0,766.6375,0.0,0.0,0.0,0,0,0,0,E,E,E,174.790712,-41.312101
563c3b98-0936-4119-8297-9bb624d42d1e,1,252.1665,1925.833096,0.0,0.0,0.0,766.6375,0.0,500.0,0.0,0,0,1,0,E,E,E,174.798968,-41.319857
5651c377-fbfd-44fe-977d-675f6e82fbc0,1,0.0,1068.866284,0.0,0.0,0.0,766.6375,0.0,0.0,0.0,0,0,0,0,E,E,E,174.779106,-41.321024
566c1e94-6d90-46c6-8689-eb1e1696837c,3,0.0,1953.695102,0.0,0.0,0.0,766.6375,0.0,200.0,0.05,0,0,1,0,M,E,E,174.799477,-41.324249
5676148b-31cc-4c1e-8764-c92f3b45e278,1,496.6482,1611.238638,0.0,0.0,0.0,766.6375,0.0,500.0,0.0,0,0,1,0,E,E,E,174.77852,-41.320998
56a82918-9516-4cf9-a587-09d5461663df,1,0.0,1789.505287,0.0,0.0,0.0,766.6375,0.0,0.0,0.0,0,0,0,0,E,E,E,174.78164,-41.316751
56a9543e-5ce9-40fe-99ec-c81720f19181,1,482.602,1905.613281,0.0,0.0,0.0,766.6375,0.0,1500.0,0.0,0,0,1,0,E,E,E,174.79811,-41.317601
56c2a35c-9e4f-4c38-986a-c7c2fdf8bdec,1,0.0,944.353315,0.0,0.0,0.0,766.6375,0.0,0.0,0.1,0,0,0,0,E,E,D,174.788311,-41.322565
56c7b91f-a90d-4115-a3fd-66215cd73836,1,0.0,934.666189,0.0,0.0,0.0,766.6375,0.0,0.0,0.05,0,0,0,0,E,E,M,174.77477,-41.314688
56edca8e-ca43-4143-bef7-0e83cb3efe23,2,284.49,1017.839087,0.0,0.0,0.0,766.6375,0.0,500.0,0.0,0,0,1,0,E,E,E,174.775391,-41.31091
57260f60-759d-4464-bcdf-e9482b476203,1,0.0,1066.619662,0.0,0.0,0.0,766.6375,0.0,0.0,0.0,0,0,0,0,E,E,E,174.792389,-41.316362
57463d92-be9a-47eb-8f33-d149d48c1040,2,0.0,1057.516616,13.918847,744.69,0.0,766.6375,0.0,0.0,0.0,1,0,0,0,E,E,E,174.776734,-41.312016
5753fe47-32da-4600-b329-db2807d37526,1,0.0,1072.441027,0.0,0.0,0.0,766.6375,0.0,0.0,0.0,0,0,0,0,E,E,E,174.776231,-41.323569
5754b730-fa35-42ee-8ddc-3d5c49849d90,1,0.0,1043.962182,0.0,0.0,0.0,766.6375,0.0,0.0,0.0,0,0,0,0,E,E,E,174.786071,-41.315479
577e877c-804e-47ca-9f90-fbb2843c84bd,1,0.0,961.66553,0.0,0.0,0.0,766.6375,0.0,0.0,0.05,0,0,0,0,E,E,M,174.774795,-41.323548
5783428e-7915-44ac-b5a4-2ed53c4bab49,1,221.7069,1565.582381,5.583684,1224.08,0.0,766.6375,0.0,500.0,0.0,1,0,1,0,E,E,E,174.776738,-41.31898
5798e759-2919-452c-9a9e-483bb4e71bfe,1,0.0,1718.443112,0.0,0.0,0.0,766.6375,0.0,200.0,0.0,0,0,1,0,E,E,E,174.781086,-41.31688
579a655d-a67d-4e7a-8b0b-4fcd71bacc2d,2,0.0,1706.450086,0.0,0.0,0.0,766.6375,0.0,0.0,0.0,0,0,0,0,E,E,E,174.776263,-41.313486
579a7571-05ef-41ae-9caa-bc6d59fdec95,3,0.0,1137.851348,7.353239,1224.08,0.0,766.6375,0.0,0.0,0.0,1,0,0,0,E,E,E,174.788394,-41.314205
57c9fecd-011d-45dd-ab8f-907e2ddd8a8b,2,0.0,1249.010244,12.274171,1224.08,0.0,766.6375,0.0,0.0,0.05,1,0,0,0,E,E,M,174.775169,-41.311708
57cca462-ee5e-4063-abce-825ab2704744,1,0.0,869.778749,0.0,0.0,0.0,766.6375,0.0,0.0,0.1,0,0,0,0,E,E,D,174.790666,-41.314665
57d3f187-6abc-49cb-9157-e3c2a5a6a8bd,1,0.0,1108.954194,0.0,0.0,0.0,766.6375,0.0,0.0,0.0,0,0,0,0,E,E,E,174.775097,-41.31895
57d58e05-bb2d-423c-b211-01076b4130d5,2,0.0,810.445421,0.0,0.0,0.0,766.6375,0.0,0.0,0.2,0,0,0,0,D,E,D,174.791439,-41.324686
57e00a4a-b530-4592-b9db-d949eb3b626a,2,0.0,834.795174,39.554087,643.19,0.0,766.6375,0.0,0.0,0.1,1,0,0,0,E,E,D,174.789811,-41.321235
57fc83a5-51dc-4e01-bf83-3d0698571739,2,0.0,1706.25713,0.0,0.0,0.0,766.6375,0.0,200.0,0.0,0,0,1,0,E,E,E,174.784051,-41.312834
580281e1-299a-419b-88cf-ab182aed604b,1,0.0,1032.296418,0.0,0.0,0.0,766.6375,0.0,0.0,0.05,0,0,0,0,E,E,M,174.7902,-41.321636
58095c83-581e-4262-94ca-f4a852e6400c,1,0.0,798.593087,0.0,0.0,0.0,766.6375,0.0,0.0,0.1,0,0,0,0,E,E,D,174.79089,-41.31856
581e5229-8611-4314-a841-beb1042e3b28,1,0.0,1072.986534,0.0,0.0,0.0,766.6375,0.0,0.0,0.0,0,0,0,0,E,E,E,174.772996,-41.319984
5839d436-2d8a-492d-a224-374ca566e879,1,302.2077,2361.65452,0.0,0.0,0.0,766.6375,0.0,1500.0,0.05,0,0,1,0,M,E,E,174.780154,-41.320546
58425e14-5363-4a86-bea2-ab006d2e4fab,1,316.8216,1888.473803,0.0,0.0,0.0,766.6375,0.0,1500.0,0.05,0,0,1,0,M,E,E,174.797799,-41.322867
584e00da-a8f3-47e4-a283-2f1a9ab0cd06,1,185.334,1694.163097,0.0,0.0,0.0,766.6375,0.0,500.0,0.0,0,0,1,0,E,E,E,174.782584,-41.318785
58802017-64b3-4540-b372-59b85c1b4352,1,0.0,1763.862706,0.0,0.0,0.0,766.6375,0.0,0.0,0.0,0,0,0,0,E,E,E,174.803978,-41.322195
5884b3b0-972d-40b2-a189-2da9dc94a8ff,1,0.0,1027.39441,0.0,0.0,0.0,766.6375,0.0,0.0,0.05,0,0,0,0,E,E,M,174.777422,-41.313771
5895ef6d-8870-48cd-a2c7-994b7be9c899,15,38618.2489,1898.913229,0.0,0.0,5.977292,766.6375,0.853455,500.0,0.15,0,1,1,0,D,E,M,174.776574,-41.317267
5898aee8-7427-461c-8ffb-24754d6f275f,1,249.9118,1666.465882,0.0,0.0,0.0,766.6375,0.0,1500.0,0.0,0,0,1,0,E,E,E,174.780403,-41.311807
58bb51fb-e019-47ab-a522-8ab0fb3f0d2d,1,401.1566,1870.006158,0.0,0.0,0.0,766.6375,0.0,500.0,0.05,0,0,1,0,M,E,E,174.798523,-41.322803
58d2504c-ca5a-45d0-ba16-821106134514,1,439.7325,1320.071527,0.0,0.0,0.0,766.6375,0.0,500.0,0.1,0,0,1,0,M,E,M,174.77895,-41.316109
58f2c90a-0c99-42d9-8867-5d9552501382,2,168.675,1745.370892,0.0,0.0,0.0,766.6375,0.0,500.0,0.0,0,0,1,0,E,E,E,174.782378,-41.318836
58fe99a3-0de7-4f27-a533-b96e3d15f687,1,277.1983,1960.697981,0.0,0.0,14.306553,766.6375,8.895853,1500.0,0.0,0,1,1,0,E,E,E,174.797793,-41.323194
5911c4c9-6fae-48a7-aa45-7a63a70729de,1,161.7595,1551.940473,0.0,0.0,0.0,766.6375,0.0,500.0,0.05,0,0,1,0,M,E,E,174.779362,-41.31469
59142049-6fe5-44c7-a82c-11008dd613e9,1,0.0,1029.371381,0.0,0.0,0.0,766.6375,0.0,0.0,0.0,0,0,0,0,E,E,E,174.77609,-41.320925
592ce189-0d24-4026-9a94-248c0cf8d712,1,0.0,901.169352,0.0,0.0,0.0,766.6375,0.0,0.0,0.05,0,0,0,0,E,E,M,174.797412,-41.309658
5934f80a-deb5-4be2-8047-25773bd5b525,1,0.0,1595.225047,0.0,0.0,0.0,766.6375,0.0,200.0,0.0,0,0,1,0,E,E,E,174.79413,-41.323498
5936dc24-5bbc-4aff-8acb-c0ffc9111592,1,561.3906,1714.412904,0.0,0.0,0.0,766.6375,0.0,500.0,0.0,0,0,1,0,E,E,E,174.778189,-41.319367
594bbae0-cabc-461c-8672-8b57679d52a0,2,0.0,1940.544283,0.0,0.0,0.0,766.6375,0.0,0.0,0.05,0,0,0,0,M,E,E,174.773416,-41.321239
596e71b9-ad03-43cb-90b7-a98e0a2e9c7f,1,0.0,1588.203834,0.0,0.0,0.0,766.6375,0.0,0.0,0.05,0,0,0,0,E,E,M,174.773195,-41.321468
59942893-9e60-4841-a756-f43c7b8b6b91,2,0.0,918.97478,0.0,0.0,0.0,766.6375,0.0,0.0,0.1,0,0,0,0,E,E,D,174.787334,-41.322294
59cf65ab-0107-40c5-aec9-8e9c2e77f77e,1,378.351,1890.638589,0.0,0.0,0.0,766.6375,0.0,1500.0,0.05,0,0,1,0,M,E,E,174.794737,-41.324919
59d5bb68-14cc-45b5-98a7-7041ee3ddcd3,1,605.3772,2189.79582,0.0,0.0,0.0,766.6375,0.0,1500.0,0.05,0,0,1,0,M,E,E,174.780175,-41.320134
59db8d3e-4cb8-45d3-a53c-5e44440c178a,2,259.6655,952.284274,0.0,0.0,0.0,766.6375,0.0,4000.0,0.05,0,0,1,0,E,E,M,174.777938,-41.31367
59e694f6-d6f4-4532-994e-e6af3d33589c,4,307.067,2110.511457,0.0,0.0,0.0,766.6375,0.0,500.0,0.05,0,0,1,0,M,E,E,174.776525,-41.310875
59e7ddaf-c0a0-45db-a02f-0766d8c9bd05,1,638.704,1917.351316,0.0,0.0,0.0,766.6375,0.0,1500.0,0.1,0,0,1,0,D,E,E,174.798658,-41.318162
59f4c6a9-7771-4ffa-9432-d408038ed8ed,1,278.3051,1718.8655,0.0,0.0,0.0,766.6375,0.0,500.0,0.05,0,0,1,0,M,E,E,174.782101,-41.318843
5a03046d-3e80-47a4-8559-f2c51222258b,1,0.0,1074.797829,0.0,0.0,0.0,766.6375,0.0,0.0,0.05,0,0,0,0,M,E,E,174.786534,-41.310355
5a0bdef4-c74b-42e4-b30c-153317bfbec4,1,192.9942,2219.734236,0.0,0.0,0.0,766.6375,0.0,1500.0,0.0,0,0,1,0,E,E,E,174.779174,-41.319001
5a13dcdc-c1f6-4450-8b30-428f0de526c7,16,0.0,1715.03047,0.0,0.0,0.0,766.6375,0.0,200.0,0.0,0,0,1,0,E,E,E,174.780959,-41.316384
5a21b8de-4880-44fc-9fbe-2ab37475579f,1,0.0,947.208432,0.0,0.0,0.0,766.6375,0.0,0.0,0.05,0,0,0,0,E,E,M,174.791249,-41.318067
5a2606c0-ca93-43f7-8042-964a404dc900,1,0.0,938.424876,0.0,0.0,0.0,766.6375,0.0,0.0,0.1,0,0,0,0,M,E,M,174.786588,-41.315977
5a4c2d58-0bfe-45b1-9550-b0798f2e36ed,2,516.1875,1782.253544,0.0,0.0,0.0,766.6375,0.0,4000.0,0.05,0,0,1,0,M,E,E,174.805729,-41.31934
5a5a8c97-9040-4e8a-a6b6-4f73aaaea223,11,2085.8794,1972.605116,0.0,0.0,0.0,766.6375,0.0,4000.0,0.1,0,0,1,0,D,E,E,174.800027,-41.323871
5a5d0c87-3768-4d5e-85c0-73f69cd4452f,1,0.0,1755.520694,0.0,0.0,0.0,766.6375,0.0,200.0,0.0,0,0,1,0,E,E,E,174.784601,-41.31308
5a5dd1b6-a1be-4c61-a828-ce072971ec29,1,6245.2923,1706.94016,0.0,0.0,0.0,766.6375,0.0,1500.0,0.05,0,0,1,0,M,E,E,174.779792,-41.311296
5a790a4d-3059-402e-9f3c-fa99fecfe4e1,1,106.4161,1371.340721,9.026342,744.69,0.0,766.6375,0.0,500.0,0.05,1,0,1,0,E,E,M,174.779289,-41.321953
5a856ef9-d0e4-44da-9dea-25191406d30f,1,0.0,1847.891831,0.0,0.0,0.0,766.6375,0.0,200.0,0.0,0,0,1,0,E,E,E,174.800678,-41.319966
5abd45fd-68ab-4eb0-ba7a-13375d246dad,2,357.15,1307.32453,0.0,0.0,0.0,766.6375,0.0,1500.0,0.05,0,0,1,0,M,E,E,174.793643,-41.323163
5abf08eb-3903-4b8a-be93-f0795440eb1a,1,0.0,1650.106394,0.0,0.0,0.0,766.6375,0.0,200.0,0.0,0,0,1,0,E,E,E,174.784118,-41.311093
5ac98b01-01b5-44ff-9d86-a5e5845670ca,1,252.4455,1768.535641,0.0,0.0,0.0,766.6375,0.0,500.0,0.0,0,0,1,0,E,E,E,174.772834,-41.322345
5ae79673-4bb0-489f-bceb-55e499af86a5,3,0.0,1021.419804,0.0,0.0,0.0,766.6375,0.0,0.0,0.1,0,0,0,0,M,E,M,174.791457,-41.316532
5aed8e92-d584-440f-a3d7-17f7d85adbe2,9,0.0,1638.529086,0.0,0.0,0.0,766.6375,0.0,0.0,0.05,0,0,0,0,M,E,E,174.778748,-41.311064
5b1b3a3c-2a18-4b9a-933f-60083bb42a99,1,0.0,1818.773998,0.0,0.0,0.0,766.6375,0.0,200.0,0.0,0,0,1,0,E,E,E,174.801204,-41.319858
5b2290b5-ccb6-400c-aa93-8dbbb2a15c60,2,308.682,1512.186659,0.0,0.0,0.0,766.6375,0.0,1500.0,0.1,0,0,1,0,M,E,M,174.779182,-41.323184
5b268774-641b-45dc-ad81-64d116757e60,1,0.0,1036.007293,5.652127,643.19,0.0,766.6375,0.0,0.0,0.0,1,0,0,0,E,E,E,174.776756,-41.312946
5b2e9380-9a52-430f-8c7f-4fe51f4ff801,1,257.5533,2117.55529,0.0,0.0,0.0,766.6375,0.0,500.0,0.0,0,0,1,0,E,E,E,174.778046,-41.321153
5b2fb76b-3335-418a-addc-f20e9e7bc657,1,422.4001,1916.347115,0.0,0.0,85.458607,766.6375,634.12876,1500.0,0.15,0,1,1,0,M,D,E,174.798084,-41.322173
5b3f59b2-8e61-403a-b9e4-672d3cacce84,1,0.0,840.877682,22.948075,798.8,0.0,766.6375,0.0,0.0,0.1,1,0,0,0,E,E,D,174.792666,-41.323005
5b4b2ba2-ed39-4380-8c2e-f8aa0b7a60f5,1,0.0,934.894355,18.701352,1224.08,0.0,766.6375,0.0,200.0,0.1,1,0,1,0,M,E,M,174.785965,-41.313501
5b5e2a7c-1b5c-497a-b7e0-2892e183e7d0,1,0.0,1810.156579,0.0,0.0,0.0,766.6375,0.0,0.0,0.05,0,0,0,0,M,E,E,174.802618,-41.322093
5b8b86b3-78a6-45d0-b166-2d824735c5c9,1,193.2472,1892.884303,0.0,0.0,0.0,766.6375,0.0,500.0,0.05,0,0,1,0,M,E,E,174.799188,-41.318937
5b96a13b-94c9-4d23-a648-732ca3fe6265,1,16.6381,1001.705063,0.0,0.0,17.094955,766.6375,5.008788,0.0,0.0,0,1,0,0,E,E,E,174.791997,-41.324171
5b9b5c88-979d-41a6-98fc-42a6270f73aa,1,372.0545,1680.503939,0.0,0.0,0.0,766.6375,0.0,4000.0,0.0,0,0,1,0,E,E,E,174.804542,-41.322635
5b9fb25d-030a-43b7-b419-854e00d4e5af,5,501.1482,1665.714964,0.0,0.0,0.0,766.6375,0.0,500.0,0.0,0,0,1,0,E,E,E,174.778818,-41.311941
5ba1e9f9-a985-4e3d-bb96-57e9a7a1fa07,1,229.3687,1762.480124,0.0,0.0,0.0,766.6375,0.0,500.0,0.0,0,0,1,0,E,E,E,174.784409,-41.312075
5ba246e5-bba0-4fe0-99a5-b1af97414341,1,381.054,1877.091908,0.0,0.0,0.0,766.6375,0.0,500.0,0.0,0,0,1,0,E,E,E,174.794739,-41.324694
5bad7bfd-4617-4f83-b915-02b89f5a4ee5,1,0.0,1692.024047,0.0,0.0,0.0,766.6375,0.0,0.0,0.0,0,0,0,0,E,E,E,174.786094,-41.310535
5bcdbb1a-1a31-4f93-8dfe-e4488e274f21,73,6983.0208,1781.921861,0.0,0.0,0.0,766.6375,0.0,4000.0,0.05,0,0,1,0,M,E,E,174.783099,-41.313741
5bd41d9d-1cbc-46e5-be95-311d9976dba0,2,647.1358,1910.86382,0.0,0.0,0.0,766.6375,0.0,1500.0,0.05,0,0,1,0,M,E,E,174.798337,-41.318108
5be8dcd4-be65-40ce-9a0b-fcab2c84145d,1,0.0,822.047439,23.884882,798.8,0.0,766.6375,0.0,0.0,0.1,1,0,0,0,E,E,D,174.793622,-41.320099
5bf3a8e0-47e9-4a5e-a9c9-f6cb6b81d33e,1,0.0,1708.44337,0.0,0.0,0.0,766.6375,0.0,200.0,0.0,0,0,1,0,E,E,E,174.793819,-41.323719
5bf5686a-8f58-40ee-8d2c-0323fb87a182,1,0.0,882.468099,0.0,0.0,0.0,766.6375,0.0,200.0,0.1,0,0,1,0,M,E,M,174.785929,-41.317023
5bf7f1bf-c47e-4b12-812e-b9f92373a375,1,189.6115,2499.363,0.0,0.0,0.0,766.6375,0.0,2500.0,0.0,0,0,1,0,E,E,E,174.777915,-41.323557
5bffd5b5-cb39-4348-952a-a639d197cca6,1,0.0,1619.697933,0.0,0.0,0.0,766.6375,0.0,0.0,0.0,0,0,0,0,E,E,E,174.773735,-41.321743
5c1b6d44-6ad8-403e-bb74-3a2ee7df9ff4,1,189.7008,1733.849727,0.0,0.0,0.0,766.6375,0.0,500.0,0.0,0,0,1,0,E,E,E,174.794349,-41.321838
5c24e96c-89bd-463a-a08f-da68d3edc285,1,414.6934,1766.470792,0.0,0.0,0.0,766.6375,0.0,500.0,0.05,0,0,1,0,E,E,M,174.777588,-41.310518
5c28ee07-244e-45c6-be4a-43870ce9e676,1,196.3583,1785.200616,0.0,0.0,0.0,766.6375,0.0,1500.0,0.0,0,0,1,0,E,E,E,174.772365,-41.321243
5c32fd55-7063-4d04-b1cb-ac5bc5c2a1d3,2,0.0,858.371994,18.859813,798.8,0.0,766.6375,0.0,0.0,0.1,1,0,0,0,E,E,D,174.778099,-41.313282
5c55233b-500c-41ba-8b8e-514756f2fc1d,1,0.0,1068.07187,0.0,0.0,0.0,766.6375,0.0,0.0,0.0,0,0,0,0,E,E,E,174.775114,-41.318529
5c62a140-b402-41f3-bf94-1141d46d9d8a,1,222.1705,1450.108676,0.0,0.0,0.0,766.6375,0.0,1500.0,0.0,0,0,1,0,E,E,E,174.774718,-41.321989
5c7d2164-7e0c-487a-b065-54fb97a003a4,1,248.6303,1746.542782,0.0,0.0,0.0,766.6375,0.0,500.0,0.0,0,0,1,0,E,E,E,174.783449,-41.312258
5c820c32-22ac-4099-97e1-868561c2ecfb,2,239.0721,1766.724758,0.0,0.0,0.0,766.6375,0.0,500.0,0.0,0,0,1,0,E,E,E,174.779731,-41.314218
5c88af5d-697a-4ed4-80e7-0042fc95c826,3,260.3405,1878.462309,0.0,0.0,0.0,766.6375,0.0,500.0,0.0,0,0,1,0,E,E,E,174.798706,-41.319314
5ca1052b-9ef0-41b1-bb3f-77d3ab0a1892,1,0.0,1091.333656,0.0,0.0,0.0,766.6375,0.0,0.0,0.0,0,0,0,0,E,E,E,174.805185,-41.320689
5ca885a3-4713-456d-90a8-131449c5af26,5,0.0,1045.656663,0.0,0.0,0.0,766.6375,0.0,0.0,0.05,0,0,0,0,E,E,M,174.774893,-41.314355
5cafb64d-024c-4e4b-9ca0-82a3728b19cc,1,0.0,1480.562186,0.0,0.0,0.0,766.6375,0.0,200.0,0.0,0,0,1,0,E,E,E,174.780343,-41.317067
5cb17fb5-2288-4dfa-9726-dc130364ed7a,1,0.0,881.473134,0.0,0.0,0.0,766.6375,0.0,0.0,0.1,0,0,0,0,E,E,D,174.790287,-41.320884
5cbc98f0-857a-4096-9b4d-571934fb93f2,1,0.0,1185.293347,0.0,0.0,0.0,766.6375,0.0,0.0,0.1,0,0,0,0,E,E,D,174.775144,-41.318162
5ccacb00-d58f-43ac-86e5-1e77670e5fa3,1,0.0,988.36723,33.050243,643.19,0.0,766.6375,0.0,0.0,0.05,1,0,0,0,E,E,M,174.790642,-41.314423
5cd3c1ac-2fe8-4dd9-ad0c-bc4953c4c5d9,2,0.0,1565.389609,0.0,0.0,0.0,766.6375,0.0,0.0,0.05,0,0,0,0,M,E,E,174.776457,-41.311217
5cd8e551-c09a-4da3-9b2b-2096e551b8e7,1,148.4259,2237.084005,0.0,0.0,0.0,766.6375,0.0,500.0,0.0,0,0,1,0,E,E,E,174.783064,-41.310424
5cda82c2-f51d-49dc-b571-a0b7cb13d028,1,591.7987,1861.050352,0.0,0.0,0.0,766.6375,0.0,500.0,0.05,0,0,1,0,M,E,E,174.801578,-41.318704
5ce8b13a-d378-428d-91c5-372739670a33,1,0.0,1553.109664,0.0,0.0,0.0,766.6375,0.0,0.0,0.0,0,0,0,0,E,E,E,174.785033,-41.315871
5cef2b0e-7527-43a7-a5e1-7922ee92319c,1,0.0,1671.487741,7.304807,798.8,0.0,766.6375,0.0,0.0,0.0,1,0,0,0,E,E,E,174.8024,-41.321805
5cfc114f-3784-4b6f-9a95-6ba977f8c74d,4,0.0,1613.129587,0.0,0.0,0.0,766.6375,0.0,0.0,0.0,0,0,0,0,E,E,E,174.794051,-41.320546
5d077e88-6c77-4b6f-9b30-c8d236050295,1,131.1818,1601.738677,4.295049,744.69,0.0,766.6375,0.0,1500.0,0.05,1,0,1,0,M,E,E,174.776494,-41.320097
5d1092ad-d622-4ab1-84a1-37dd9b605552,1,0.0,899.758112,6.553087,1224.08,0.0,766.6375,0.0,0.0,0.1,1,0,0,0,M,E,M,174.791559,-41.316306
5d17d408-5608-4ca8-8df5-d73630c7b2e0,1,0.0,1078.085212,0.0,0.0,0.0,766.6375,0.0,0.0,0.0,0,0,0,0,E,E,E,174.790684,-41.311535
5d184fce-b275-4c76-a235-a378f40318e6,2,0.0,2154.593243,0.0,0.0,0.0,766.6375,0.0,200.0,0.05,0,0,1,0,M,E,E,174.776606,-41.310017
5d3136ba-04df-4931-9ffe-233254eb137c,1,0.0,794.311818,0.0,0.0,0.0,766.6375,0.0,0.0,0.1,0,0,0,0,E,E,D,174.790996,-41.318467
5d38b3ad-8563-4da2-8078-daa20620403a,2,343.6852,1762.787072,0.0,0.0,0.0,766.6375,0.0,500.0,0.05,0,0,1,0,E,E,M,174.776214,-41.309935
5d4194bb-01f6-43dd-b7cb-6e1dcf9d8550,2,0.0,1642.046522,0.0,0.0,0.0,766.6375,0.0,0.0,0.0,0,0,0,0,E,E,E,174.775088,-41.313473
5d4ca24b-68d4-4ab6-9fbd-f6414ff2f6fb,1,0.0,1671.968941,0.0,0.0,0.0,766.6375,0.0,0.0,0.0,0,0,0,0,E,E,E,174.782522,-41.317032
5d562aba-16ea-46f6-8ac6-eb4dcb17820f,1,0.0,987.664461,13.166102,744.69,0.0,766.6375,0.0,0.0,0.05,1,0,0,0,E,E,M,174.790233,-41.312733
5d7b77b9-dbb4-4db8-ab3a-400a1b3f5e1e,1,333.3579,1575.510218,0.0,0.0,0.0,766.6375,0.0,500.0,0.0,0,0,1,0,E,E,E,174.777628,-41.31929
5d942b2a-dda8-44da-af13-c5406f1918ec,1,0.0,883.034018,15.170379,1224.08,0.0,766.6375,0.0,0.0,0.15,1,0,0,0,M,E,D,174.791089,-41.324785
5d9570b7-2daa-4752-8c7e-ed5bad8a18c6,1,0.0,1076.353274,0.0,0.0,0.0,766.6375,0.0,0.0,0.05,0,0,0,0,E,E,M,174.803402,-41.321378
5d9ede98-4e8f-468b-ae36-bf2dbdf2955b,1,0.0,1013.913365,0.0,0.0,0.0,766.6375,0.0,0.0,0.1,0,0,0,0,M,E,M,174.777357,-41.31445
5da84612-3b11-4623-808f-c45c1f107516,1,0.0,921.403075,30.83701,744.69,0.0,766.6375,0.0,0.0,0.2,1,0,0,0,D,E,D,174.791254,-41.321869
5dcc7caa-c081-4790-a88f-f971634d58ef,1,0.0,881.655508,22.362417,643.19,0.0,766.6375,0.0,0.0,0.1,1,0,0,0,E,E,D,174.792047,-41.31622
5dd19942-a467-4d80-ba5f-de1a0ed85aec,1,0.0,1694.585023,0.0,0.0,0.0,766.6375,0.0,0.0,0.05,0,0,0,0,M,E,E,174.794837,-41.312123
5dd4aaed-774b-4861-b955-710eda47ea09,1,0.0,1528.186507,0.0,0.0,0.0,766.6375,0.0,200.0,0.0,0,0,1,0,E,E,E,174.780336,-41.317184
5dd56bfc-813f-4b33-bc3c-6d7006d38db4,1,0.0,1826.542452,0.0,0.0,0.0,766.6375,0.0,200.0,0.1,0,0,1,0,D,E,E,174.802395,-41.319947
5de09a11-3258-419a-978e-40e1aa1f8385,1,162.5297,1935.059639,0.0,0.0,0.0,766.6375,0.0,2500.0,0.05,0,0,1,0,M,E,E,174.797647,-41.317851
5de52d84-de32-49bd-aa01-302c87629a6b,1,176.7262,1574.417095,0.0,0.0,0.0,766.6375,0.0,500.0,0.0,0,0,1,0,E,E,E,174.776953,-41.318986
5deb3db7-5f06-4373-86dc-f64ef19ed928,2,0.0,983.513437,0.0,0.0,0.0,766.6375,0.0,0.0,0.1,0,0,0,0,M,E,M,174.775728,-41.312032
5e0e099c-0ba4-4e01-a6f3-2db148df8b0e,1,0.0,948.470184,0.0,0.0,0.0,766.6375,0.0,0.0,0.05,0,0,0,0,E,E,M,174.791384,-41.32363
5e183b02-231b-47f7-b1a5-d7d49d10d4ee,1,217.3157,1674.396353,0.0,0.0,0.0,766.6375,0.0,500.0,0.0,0,0,1,0,E,E,E,174.783915,-41.312007
5e240eb1-64cd-40a3-b389-6d3d8391060a,1,0.0,1905.251167,0.0,0.0,0.0,766.6375,0.0,200.0,0.0,0,0,1,0,E,E,E,174.799516,-41.320094
5e349db8-a9af-4825-b79e-79d02cac63aa,1,0.0,1151.216684,7.203928,1224.08,0.0,766.6375,0.0,0.0,0.0,1,0,0,0,E,E,E,174.791183,-41.314537
5e374532-483c-4b8d-bf62-e8e369f9a7cd,1,0.0,870.23259,36.251206,1224.08,0.0,766.6375,0.0,0.0,0.1,1,0,0,0,E,E,D,174.789489,-41.321474
5e4f2d6a-197d-4b56-9a14-fa3e300c1bf1,1,306.7466,1885.00937,0.0,0.0,0.0,766.6375,0.0,500.0,0.05,0,0,1,0,M,E,E,174.79622,-41.323481
5e5cd61a-727f-429d-bd8a-82c2dd8b9069,1,0.0,1582.372469,0.0,0.0,0.0,766.6375,0.0,200.0,0.0,0,0,1,0,E,E,E,174.780114,-41.315971
5e5d3dc2-7095-4eb9-8c0a-276b9737e7d6,3,370.774,1740.925156,0.0,0.0,0.0,766.6375,0.0,1500.0,0.0,0,0,1,0,E,E,E,174.793517,-41.316042
5e6ea8dc-bd05-44d2-8d19-d82a84f66b13,1,218.2731,1598.882953,0.0,0.0,0.0,766.6375,0.0,4000.0,0.0,0,0,1,0,E,E,E,174.786475,-41.311852
5e9cab25-fb8e-43d6-9e64-b50dcc6ed161,2,0.0,1106.4736,0.0,0.0,0.0,766.6375,0.0,0.0,0.05,0,0,0,0,E,E,M,174.804123,-41.31988
5e9f7413-5f19-4f07-9d3b-2842a2a525e2,1,0.0,1531.685738,0.0,0.0,0.0,766.6375,0.0,0.0,0.0,0,0,0,0,E,E,E,174.785736,-41.309598
5eaa9a40-82c1-4fe4-8348-75285b20ff9b,13,0.0,1047.804885,0.0,0.0,0.0,766.6375,0.0,0.0,0.1,0,0,0,0,M,E,M,174.787077,-41.313373
5eb4e717-92a4-4742-b87c-3dc4d740bddc,1,0.0,1667.227512,0.0,0.0,0.0,766.6375,0.0,0.0,0.0,0,0,0,0,E,E,E,174.778516,-41.313046
5ebd33b3-faca-46da-aff6-d24999a73af6,1,131.3248,1576.453564,0.0,0.0,0.0,766.6375,0.0,500.0,0.05,0,0,1,0,M,E,E,174.778744,-41.321156
5ebea845-66d8-4c28-b22a-e60f47f61c1c,1,0.0,991.868047,0.0,0.0,0.0,766.6375,0.0,0.0,0.05,0,0,0,0,E,E,M,174.785656,-41.318027
5ec4dacf-a208-4169-acff-0b2510483366,1,401.9581,1934.209121,0.0,0.0,0.0,766.6375,0.0,500.0,0.0,0,0,1,0,E,E,E,174.798458,-41.320097
5ed9dc8f-f867-45c8-b116-df4cc11d9675,1,0.0,898.07951,17.7057,1224.08,0.0,766.6375,0.0,0.0,0.15,1,0,0,0,M,E,D,174.792499,-41.32143
5edd66aa-3048-428a-957a-de436357a65c,3,0.0,1242.000193,0.0,0.0,0.0,766.6375,0.0,0.0,0.15,0,0,0,0,M,E,D,174.784365,-41.316596
5ee6e23c-b3f5-46d8-854c-2f8b97855983,2,155.1732,1687.634866,0.0,0.0,0.0,766.6375,0.0,1500.0,0.0,0,0,1,0,E,E,E,174.778878,-41.311807
5ee99505-76a1-4c26-b992-07ee7a9b7d14,1,0.0,1247.81641,0.0,0.0,0.0,766.6375,0.0,0.0,0.0,0,0,0,0,E,E,E,174.794788,-41.309727
5ee9a567-ef50-42df-972d-bb0aad7e606f,3,0.0,1095.784776,0.0,0.0,0.0,766.6375,0.0,0.0,0.0,0,0,0,0,E,E,E,174.792048,-41.317322
5eeacbd8-18b3-46ff-8b6e-8b0bf8598983,2,322.0282,1853.787029,0.0,0.0,0.0,766.6375,0.0,1500.0,0.0,0,0,1,0,E,E,E,174.784475,-41.314036
5ef3002b-ad01-4ac3-8eae-6fde0d98822f,2,0.0,1764.600705,0.0,0.0,0.0,766.6375,0.0,200.0,0.0,0,0,1,0,E,E,E,174.780657,-41.314444
5f1dd458-4ec2-4e92-90cf-c539dc9b6b92,1,0.0,780.820814,0.0,0.0,0.0,766.6375,0.0,0.0,0.1,0,0,0,0,E,E,D,174.793275,-41.321
5f202a0f-33d6-4c4a-b4b1-769680fb930b,2,0.0,1305.528558,0.0,0.0,0.0,766.6375,0.0,0.0,0.0,0,0,0,0,E,E,E,174.786369,-41.309892
5f29de62-f466-4e96-afb8-92b5755d0edf,1,0.0,1771.527337,0.0,0.0,0.0,766.6375,0.0,0.0,0.0,0,0,0,0,E,E,E,174.786048,-41.310436
5f51f550-247a-46b7-b870-a028efc3a00e,1,577.1298,1891.354691,0.0,0.0,0.0,766.6375,0.0,1500.0,0.0,0,0,1,0,E,E,E,174.796381,-41.315254
5f53f93a-af59-4a2f-b95f-952d05f41fe7,1,0.0,1515.754132,0.0,0.0,0.0,766.6375,0.0,0.0,0.0,0,0,0,0,E,E,E,174.792209,-41.323449
5f5ea9f2-2102-495f-8919-80122dbadbd7,1,0.0,1854.141515,0.0,0.0,0.0,766.6375,0.0,200.0,0.05,0,0,1,0,M,E,E,174.795429,-41.319842
5f6981aa-3fa9-4d6d-bb97-9e978c56a651,4,179.4798,1654.927566,0.0,0.0,0.0,766.6375,0.0,1500.0,0.0,0,0,1,0,E,E,E,174.779303,-41.312755
5f6f1211-f70f-4e21-b790-da36f9ab066e,1,1829.2918,1104.263498,0.0,0.0,0.0,766.6375,0.0,500.0,0.0,0,0,1,0,E,E,E,174.792677,-41.309709
5f754526-1fcb-4187-9a25-39815894f788,4,0.0,1622.274416,0.0,0.0,0.0,766.6375,0.0,0.0,0.15,0,0,0,0,D,E,M,174.776621,-41.315987
5f755849-ed1c-449a-8d17-429bb3a82ccd,1,0.0,1477.985036,0.0,0.0,0.0,766.6375,0.0,200.0,0.0,0,0,1,0,E,E,E,174.779225,-41.315781
5f7d24e8-a657-4ae7-b537-5a3a7c4fe931,1,213.1832,2140.925867,0.0,0.0,0.0,766.6375,0.0,4000.0,0.0,0,0,1,0,E,E,E,174.786791,-41.31198
5f897429-eb6e-47eb-8652-21d7ed80647b,1,254.9858,1919.175791,0.0,0.0,0.0,766.6375,0.0,1500.0,0.0,0,0,1,0,E,E,E,174.797979,-41.321272
5f9b4bcc-66ef-402b-b772-df0253556dfb,2,336.5865,1777.989602,0.0,0.0,0.0,766.6375,0.0,1500.0,0.0,0,0,1,0,E,E,E,174.779938,-41.313034
5fb447b4-f3bb-4488-a446-d8d35c11c347,1,239.6227,1730.139953,0.0,0.0,0.0,766.6375,0.0,2500.0,0.0,0,0,1,0,E,E,E,174.77372,-41.321846
5fc65d3e-7a0b-4c9c-be08-b0ef00e542c0,1,0.0,1088.532081,0.0,0.0,0.0,766.6375,0.0,0.0,0.05,0,0,0,0,E,E,M,174.776929,-41.323538
5fda5cfe-ce4a-4ad2-83e5-d0fdbe8dfc82,1,260.9763,1698.740235,0.0,0.0,52.381492,766.6375,101.98274,500.0,0.05,0,1,1,0,E,M,E,174.784039,-41.312205
5fe36829-92e1-493e-9410-df9615d1744e,1,0.0,903.948212,19.412538,798.8,0.0,766.6375,0.0,0.0,0.1,1,0,0,0,E,E,D,174.791584,-41.320937
5fe6c4a4-98fa-4e19-ba1b-0f4c591eda5c,1,230.0549,1721.062671,0.0,0.0,0.0,766.6375,0.0,500.0,0.0,0,0,1,0,E,E,E,174.783899,-41.31044
5feeb5c8-849f-4643-8991-160c25b30896,1,0.0,1898.570465,0.0,0.0,0.0,766.6375,0.0,200.0,0.0,0,0,1,0,E,E,E,174.799962,-41.320264
5ff3c04b-75b9-46f1-bbdb-0c98e4768c86,1,0.0,2059.158949,0.0,0.0,0.0,766.6375,0.0,0.0,0.0,0,0,0,0,E,E,E,174.777512,-41.321683
5ff970b5-7c81-49e5-bd1f-642efc31573c,1,0.0,2201.256267,0.0,0.0,0.0,766.6375,0.0,200.0,0.05,0,0,1,0,M,E,E,174.784373,-41.317558
5ffe8080-9ab1-4f88-bc04-fd0568020ae3,1,199.2995,1821.232977,0.0,0.0,0.0,766.6375,0.0,500.0,0.0,0,0,1,0,E,E,E,174.777647,-41.318998
5fff4773-4a7e-497b-9369-d3b82ede637e,1,0.0,2260.141186,0.0,0.0,0.0,766.6375,0.0,0.0,0.0,0,0,0,0,E,E,E,174.783861,-41.317051
6007d105-6ebf-4c58-a8f2-ae8c09b17760,1,266.8563,1944.62287,0.0,0.0,0.0,766.6375,0.0,1500.0,0.0,0,0,1,0,E,E,E,174.779782,-41.320457
601eab2d-72db-4d6f-b717-7ee4ad383eda,2,303.7642,1908.170009,0.0,0.0,0.0,766.6375,0.0,500.0,0.0,0,0,1,0,E,E,E,174.798381,-41.318795
602814fb-57b7-446e-9020-bdbbb8797983,1,0.0,904.520961,33.648622,744.69,0.0,766.6375,0.0,0.0,0.1,1,0,0,0,M,E,M,174.790113,-41.322178
60296dc9-dc06-45ca-9dbc-c684622d6dc9,1,0.0,1083.711565,0.0,0.0,0.0,766.6375,0.0,0.0,0.0,0,0,0,0,E,E,E,174.793438,-41.32244
602eb113-983c-4135-9d14-70a304021766,1,0.0,1703.109623,0.0,0.0,0.0,766.6375,0.0,200.0,0.0,0,0,1,0,E,E,E,174.785266,-41.313318
6046607c-910c-4740-84e6-5b06e363be57,1,0.0,1863.549577,0.0,0.0,0.0,766.6375,0.0,200.0,0.0,0,0,1,0,E,E,E,174.795136,-41.322822
604d943a-ed94-4e9b-9bcf-6fe5d97de8da,1,376.6299,1799.809279,0.0,0.0,0.0,766.6375,0.0,500.0,0.0,0,0,1,0,E,E,E,174.782459,-41.314351
606622c1-0337-43f0-a03a-7add8b69f409,3,333.701,1738.048462,0.0,0.0,0.0,766.6375,0.0,1500.0,0.0,0,0,1,0,E,E,E,174.778969,-41.313204
6068606b-b781-4159-8d2e-ce878489cc23,2,0.0,1607.600163,0.0,0.0,0.0,766.6375,0.0,0.0,0.05,0,0,0,0,M,E,E,174.781909,-41.316727
6079b5ad-c494-4259-b985-bc15c43280fb,1,0.0,933.334557,0.0,0.0,0.0,766.6375,0.0,0.0,0.05,0,0,0,0,E,E,M,174.790949,-41.322886
6079d855-d398-4807-9ddf-58cc194efe67,1,358.4187,1936.417515,0.0,0.0,0.0,766.6375,0.0,500.0,0.0,0,0,1,0,E,E,E,174.796549,-41.324206
607cae17-e93a-43da-a9b0-64de1ee623bd,1,0.0,1070.396224,0.0,0.0,0.0,766.6375,0.0,0.0,0.0,0,0,0,0,E,E,E,174.774827,-41.323934
608925fe-15b9-4b21-838f-fa391539dd84,1,0.0,873.019553,22.656055,1224.08,0.0,766.6375,0.0,0.0,0.05,1,0,0,0,E,E,M,174.792767,-41.322898
6097a2b0-0944-4877-a5dd-4113648c8008,1,379.0,1042.400154,0.0,0.0,0.0,766.6375,0.0,500.0,0.1,0,0,1,0,M,E,M,174.775914,-41.310949
609e63f0-2e1d-48ad-9669-4cc8104c6019,1,402.3511,1185.293347,27.580699,643.19,0.0,766.6375,0.0,2500.0,0.1,1,0,1,0,E,E,D,174.774084,-41.322681
60a053f5-0cfe-49f6-a77b-e9c6826a5349,1,269.6744,2049.887673,0.0,0.0,0.0,766.6375,0.0,1500.0,0.0,0,0,1,0,E,E,E,174.772875,-41.321457
60a53e1c-0ddb-49e5-a692-af157760d95d,1,316.0982,1756.124387,0.0,0.0,0.0,766.6375,0.0,1500.0,0.05,0,0,1,0,M,E,E,174.781412,-41.317228
60a69a5d-7c55-434f-9bc5-b57d4b775730,1,0.0,1492.486328,0.0,0.0,0.0,766.6375,0.0,0.0,0.05,0,0,0,0,M,E,E,174.794094,-41.312
60afe81e-8e5e-489e-a074-669adb46a235,1,0.0,2273.465332,0.0,0.0,0.0,766.6375,0.0,0.0,0.05,0,0,0,0,E,E,M,174.78323,-41.317114
60b546ae-3f73-4f23-9236-7429a9ec3dc5,1,269.8516,1768.232733,0.0,0.0,0.0,766.6375,0.0,4000.0,0.0,0,0,1,0,E,E,E,174.779622,-41.312011
60ced21e-61a2-4dfe-8220-d635abf50f75,2,0.0,1311.827697,0.0,0.0,0.0,766.6375,0.0,0.0,0.05,0,0,0,0,E,E,M,174.802626,-41.320691
60d6599e-0646-444a-b673-d044f3fb84f8,1,399.4101,2252.520731,0.0,0.0,0.0,766.6375,0.0,1500.0,0.05,0,0,1,0,M,E,E,174.780164,-41.320359
60e6b0d2-aaf8-43e1-ac40-0eadd518a8e3,1,0.0,1344.515526,0.0,0.0,0.0,766.6375,0.0,0.0,0.05,0,0,0,0,E,E,M,174.791328,-41.311342
60eec25e-991e-44fc-a684-201ae872e809,1,0.0,1657.146366,0.0,0.0,0.0,766.6375,0.0,200.0,0.05,0,0,1,0,M,E,E,174.792509,-41.314607
60fc3e09-0ce9-4a54-b0b0-6e4f170e10ba,2,0.0,893.017112,16.400659,1224.08,0.0,766.6375,0.0,0.0,0.1,1,0,0,0,E,E,D,174.79215,-41.321709
61034d92-1ddf-46f5-aa82-bbbb22fbebab,1,0.0,1916.609239,0.0,0.0,0.0,766.6375,0.0,200.0,0.0,0,0,1,0,E,E,E,174.799465,-41.320187
61092205-3a38-4704-9d11-a12cc7a16d8b,1,259.4824,1899.932854,0.0,0.0,0.0,766.6375,0.0,1500.0,0.0,0,0,1,0,E,E,E,174.797788,-41.321744
61123d30-0a7f-4800-8b05-9273e3b238aa,1,218.2644,1614.545445,0.0,0.0,0.0,766.6375,0.0,4000.0,0.0,0,0,1,0,E,E,E,174.786501,-41.311936
6142baaa-fe09-4ad8-9f12-2a47fdf8eea7,1,0.0,2208.495135,0.0,0.0,0.0,766.6375,0.0,0.0,0.0,0,0,0,0,E,E,E,174.783999,-41.316741
615d9123-c925-4ed0-976c-d6cbb6e97911,1,179.1688,1568.816583,0.0,0.0,0.0,766.6375,0.0,500.0,0.0,0,0,1,0,E,E,E,174.775355,-41.31042
615eadbd-ca18-4dd6-8369-f1c592d95bd2,1,262.2539,1404.749617,0.0,0.0,0.0,766.6375,0.0,2500.0,0.05,0,0,1,0,E,E,M,174.774148,-41.322393
6164d8e8-13b5-469a-83e7-509dd4bd697f,1,0.0,1857.483938,0.0,0.0,0.0,766.6375,0.0,0.0,0.0,0,0,0,0,E,E,E,174.782888,-41.316713
61692907-3db5-4954-9d59-9827868e1caf,1,341.6599,1741.903093,0.0,0.0,0.0,766.6375,0.0,500.0,0.0,0,0,1,0,E,E,E,174.793818,-41.316281
616f7952-3e5e-4424-9871-7ddbfdfd6e23,1,0.0,1865.991015,0.0,0.0,0.0,766.6375,0.0,200.0,0.0,0,0,1,0,E,E,E,174.796838,-41.322625
6177c33c-285f-4e67-b59b-d2f0817e36ce,2,0.0,902.050238,16.4039,643.19,0.0,766.6375,0.0,0.0,0.1,1,0,0,0,E,E,D,174.792308,-41.321483
617917c0-79ff-409f-adfa-9fa8625ae820,3,416.6114,1532.955034,17.859679,1224.08,0.0,766.6375,0.0,500.0,0.05,1,0,1,0,E,E,M,174.782116,-41.311693
618699ea-9746-42c8-8b59-3fc7034702c9,1,451.5237,1876.277233,0.0,0.0,0.0,766.6375,0.0,2500.0,0.05,0,0,1,0,M,E,E,174.803187,-41.322733
619fa6d1-f9bf-422b-a677-7c99c0a6f833,1,0.0,1129.816256,0.0,0.0,0.0,766.6375,0.0,200.0,0.0,0,0,1,0,E,E,E,174.785991,-41.311884
61a62da0-da48-4512-98e0-1e18b861f264,1,445.9469,1850.138163,0.0,0.0,0.0,766.6375,0.0,2500.0,0.05,0,0,1,0,M,E,E,174.803671,-41.323011
61ada767-a54e-409d-89a5-64968d7cc592,2,0.0,946.443596,0.0,0.0,0.0,766.6375,0.0,0.0,0.05,0,0,0,0,E,E,M,174.775289,-41.323823
61c067c3-915b-489e-9847-417e148d873a,1,0.0,1717.471601,0.0,0.0,0.0,766.6375,0.0,200.0,0.0,0,0,1,0,E,E,E,174.783612,-41.311672
61c5d539-7bf7-4a4a-bc1f-45b5140f7614,1,185.9981,1788.782035,0.0,0.0,0.0,766.6375,0.0,500.0,0.05,0,0,1,0,M,E,E,174.781656,-41.315147
61c9f223-0893-47aa-b2f2-280e5aaee0ba,2,0.0,1101.145182,0.0,0.0,0.0,766.6375,0.0,0.0,0.0,0,0,0,0,E,E,E,174.776284,-41.323087
61db088b-cf80-4f83-935b-c30e410d925e,1,440.0265,2067.289636,0.0,0.0,0.0,766.6375,0.0,4000.0,0.05,0,0,1,0,M,E,E,174.778978,-41.322076
61f2558e-bdc2-4dd8-9f73-8ed63e9a2f34,1,0.0,1837.628687,0.0,0.0,0.0,766.6375,0.0,200.0,0.0,0,0,1,0,E,E,E,174.795639,-41.323648
620789a7-5229-4f05-ab99-e402b2acf1ca,1,0.0,1036.564651,0.0,0.0,0.0,766.6375,0.0,0.0,0.1,0,0,0,0,D,E,E,174.774787,-41.310929
62177749-b932-42ba-a91d-7db88216b7ee,1,0.0,1944.586989,0.0,0.0,0.0,766.6375,0.0,200.0,0.0,0,0,1,0,E,E,E,174.797211,-41.324818
622469c2-bf83-4a87-ba3a-407f5074e7d5,2,0.0,2013.850142,0.0,0.0,0.0,766.6375,0.0,0.0,0.0,0,0,0,0,E,E,E,174.777549,-41.320957
622b6296-2243-4c85-980f-19eca4d14bde,1,228.0584,1546.591492,0.0,0.0,0.0,766.6375,0.0,1500.0,0.0,0,0,1,0,E,E,E,174.779672,-41.322987
6235aec3-e984-4a41-bd81-d08f3da82f68,1,0.0,857.711501,20.35615,879.87,0.0,766.6375,0.0,0.0,0.1,1,0,0,0,E,E,D,174.778075,-41.313361
62361ace-68b7-4ae2-9cd6-872386c1df3b,1,0.0,1792.636993,0.0,0.0,0.0,766.6375,0.0,200.0,0.05,0,0,1,0,M,E,E,174.784852,-41.313307
623cdc7b-acab-4d23-8a6d-9b309168cba9,1,0.0,2040.401662,4.59561,643.19,0.0,766.6375,0.0,0.0,0.05,1,0,0,0,M,E,E,174.774236,-41.321026
62482ab0-6ce2-453f-b1b2-60d70ebc208e,1,275.9101,1703.832122,0.0,0.0,0.0,766.6375,0.0,500.0,0.0,0,0,1,0,E,E,E,174.781609,-41.318575
62577cce-ee97-4196-ad88-678134fc074c,1,267.9835,1872.97211,0.0,0.0,0.0,766.6375,0.0,500.0,0.0,0,0,1,0,E,E,E,174.79605,-41.319731
626f104b-2e9a-45ef-ab4f-026cce2c1790,1,439.9293,1801.340938,0.0,0.0,0.0,766.6375,0.0,500.0,0.0,0,0,1,0,E,E,E,174.795102,-41.318911
6270f8e7-42d4-47f0-a977-ee6449804aa7,1,0.0,879.972709,0.0,0.0,0.0,766.6375,0.0,0.0,0.05,0,0,0,0,E,E,M,174.790497,-41.324338
62716c2f-899a-4e1b-83cc-6ce511925730,1,0.0,1647.221771,0.0,0.0,0.0,766.6375,0.0,0.0,0.0,0,0,0,0,E,E,E,174.774708,-41.319693
62971888-3731-46c3-a0b4-5e4d6ef2d4fb,1,0.0,862.132003,0.0,0.0,0.0,766.6375,0.0,0.0,0.1,0,0,0,0,E,E,D,174.79055,-41.323083
62b34579-2c6d-4d66-8361-407bf12c3acd,1,0.0,1850.213095,0.0,0.0,0.0,766.6375,0.0,200.0,0.05,0,0,1,0,M,E,E,174.796357,-41.322886
62e9c276-2641-4ff0-ba31-1b65a007a85a,1,0.0,1404.378699,0.0,0.0,0.0,766.6375,0.0,0.0,0.0,0,0,0,0,E,E,E,174.77282,-41.323264
62ee577b-92e3-40b3-850c-dd2e1a25e65f,1,269.7219,1572.514467,0.0,0.0,0.0,766.6375,0.0,1500.0,0.0,0,0,1,0,E,E,E,174.774909,-41.322423
631b4e4b-3b81-41c0-a7cf-427e7517ebd6,1,0.0,1220.94849,0.0,0.0,0.0,766.6375,0.0,0.0,0.05,0,0,0,0,E,E,M,174.793742,-41.311781
632503cf-111c-41b0-a93e-71b4aaafcf33,1,217.0918,2069.010169,0.0,0.0,0.0,766.6375,0.0,4000.0,0.0,0,0,1,0,E,E,E,174.778002,-41.322154
6327c02f-b81c-4379-b4fd-9318e6d2a323,1,210.971,1090.346046,0.0,0.0,0.0,766.6375,0.0,4000.0,0.0,0,0,1,0,E,E,E,174.786714,-41.31172
633778b7-ff9c-419b-a47b-f995de27b963,1,244.5489,1883.330409,0.0,0.0,0.0,766.6375,0.0,500.0,0.0,0,0,1,0,E,E,E,174.782367,-41.315122
6346ac68-02ec-4061-bf50-c0b95381bb4a,1,0.0,1602.859243,4.802985,1224.08,0.0,766.6375,0.0,0.0,0.0,1,0,0,0,E,E,E,174.785346,-41.313569
634f9979-032e-4816-8582-6e066844bdd0,1,0.0,1721.529555,0.0,0.0,0.0,766.6375,0.0,0.0,0.0,0,0,0,0,E,E,E,174.776765,-41.32268
635601c4-74b6-42af-83da-7d7893564005,2,0.0,981.87532,13.250341,1224.08,0.0,766.6375,0.0,0.0,0.05,1,0,0,0,E,E,M,174.775016,-41.312135
635fb29b-2c68-41c9-9b7e-3c6dce678385,2,0.0,1619.480511,0.0,0.0,0.0,766.6375,0.0,0.0,0.05,0,0,0,0,M,E,E,174.776729,-41.31384
63645fba-8510-4391-8de4-9a65769c687f,1,0.0,1057.126565,0.0,0.0,0.0,766.6375,0.0,0.0,0.0,0,0,0,0,E,E,E,174.77466,-41.314976
6394515b-faec-4502-bd39-d0484d165d78,1,197.0887,1679.353691,0.0,0.0,0.0,766.6375,0.0,500.0,0.0,0,0,1,0,E,E,E,174.77501,-41.320055
6396aa6a-02c6-4fb8-961b-a7e8b222629f,1,0.0,886.169816,0.0,0.0,0.0,766.6375,0.0,0.0,0.1,0,0,0,0,E,E,D,174.804703,-41.319801
639a76e4-66cd-4b8e-a0e6-27cc2d22fbb9,1,0.0,1104.454961,0.0,0.0,0.0,766.6375,0.0,0.0,0.0,0,0,0,0,E,E,E,174.774788,-41.324207
63bc3601-c20f-4e0f-9ebe-838f62a5b994,1,326.5235,1931.006105,0.0,0.0,0.0,766.6375,0.0,500.0,0.05,0,0,1,0,E,E,M,174.7761,-41.310624
63c28bf4-9114-4464-a3eb-ce827b8f0146,1,0.0,1856.382001,0.0,0.0,0.0,766.6375,0.0,200.0,0.0,0,0,1,0,E,E,E,174.801757,-41.318788
63dbc17b-33d0-4148-a4c8-4d56437c9d07,3,0.0,945.466361,14.807954,643.19,0.0,766.6375,0.0,0.0,0.05,1,0,0,0,E,E,M,174.775111,-41.318369
63f6daef-2b2e-47f4-81b2-28f0934afbae,1,0.0,850.119652,0.0,0.0,0.0,766.6375,0.0,0.0,0.1,0,0,0,0,E,E,D,174.792922,-41.322449
640dab1b-850b-4aba-8c38-6811fe77ed67,2,417.258,1344.120314,0.0,0.0,0.0,766.6375,0.0,500.0,0.05,0,0,1,0,E,E,M,174.779298,-41.314279
641aa57e-e0fc-40d0-9c57-7c8228504919,14,0.0,1922.752658,0.0,0.0,0.0,766.6375,0.0,200.0,0.05,0,0,1,0,M,E,E,174.797378,-41.319903
641d01ca-0569-4e6f-b120-91c942f2b498,1,209.1969,1737.827804,0.0,0.0,0.0,766.6375,0.0,4000.0,0.05,0,0,1,0,M,E,E,174.779853,-41.312073
64390557-2f2b-4adc-a37c-410a7aaed134,1,111.0488,1688.465155,0.0,0.0,0.0,766.6375,0.0,4000.0,0.0,0,0,1,0,E,E,E,174.779197,-41.312455
643b8827-9c3b-4d5e-b4b1-e3dfeb9f8b38,1,0.0,932.367309,17.33906,1224.08,0.0,766.6375,0.0,0.0,0.1,1,0,0,0,E,E,D,174.786733,-41.323889
6447cff8-e18a-4b3a-8b5d-ece3206e7ad2,2,0.0,2483.375603,0.0,0.0,0.0,766.6375,0.0,0.0,0.0,0,0,0,0,E,E,E,174.783322,-41.317305
6452b5be-1517-4d68-9989-11df0e759e68,1,134.2731,1533.831981,0.0,0.0,0.0,766.6375,0.0,1500.0,0.0,0,0,1,0,E,E,E,174.785518,-41.31067
6453518d-7b3e-49d8-9827-ccfde3b5dc65,2,158.8373,1731.757515,0.0,0.0,0.0,766.6375,0.0,1500.0,0.0,0,0,1,0,E,E,E,174.785443,-41.31005
64557fe3-e896-4f7c-a209-797239ec49f5,1,0.0,1009.095065,16.730557,798.8,0.0,766.6375,0.0,0.0,0.05,1,0,0,0,E,E,M,174.792636,-41.32044
645fafb0-b4f4-4092-bb3c-fd973344014a,3,0.0,1743.667009,0.0,0.0,0.0,766.6375,0.0,200.0,0.0,0,0,1,0,E,E,E,174.794474,-41.317613
646f95c4-4616-4169-a96a-23f35bed3553,2,0.0,1545.923956,0.0,0.0,0.0,766.6375,0.0,0.0,0.05,0,0,0,0,E,E,M,174.80348,-41.319125
6471672d-cf5b-40d9-b357-d9ce132dceed,2,17458.8665,1904.092369,0.0,0.0,5.630425,766.6375,0.55529,500.0,0.0,0,1,1,0,E,E,E,174.801914,-41.317171
64738c2f-8d7b-46b9-96b5-e0c2441b53bd,1,0.0,921.774031,0.0,0.0,0.0,766.6375,0.0,0.0,0.05,0,0,0,0,E,E,M,174.79097,-41.31356
64813f6f-87f8-40e6-bf72-d7b81d6af14f,2,0.0,788.832945,24.509749,1224.08,0.0,766.6375,0.0,0.0,0.1,1,0,0,0,E,E,D,174.790917,-41.322633
64823986-9a9d-4ab7-bb90-a2845a02268b,1,282.3366,1663.361268,0.0,0.0,0.0,766.6375,0.0,500.0,0.0,0,0,1,0,E,E,E,174.784644,-41.312044
64d33da4-43f3-4482-ae04-961fac611994,1,0.0,1829.579458,0.0,0.0,0.0,766.6375,0.0,200.0,0.0,0,0,1,0,E,E,E,174.795644,-41.323823
64d52ab0-a4d3-4ae4-918c-5d7b1f821155,3,732.7524,1922.710118,0.0,0.0,0.0,766.6375,0.0,1500.0,0.05,0,0,1,0,M,E,E,174.798149,-41.318072
64dbc070-4f6d-4b01-9003-32152e2383b7,3,0.0,1773.793956,0.0,0.0,0.0,766.6375,0.0,0.0,0.0,0,0,0,0,E,E,E,174.794441,-41.317985
64e0163e-6409-4eac-b88e-52c61de22d5a,2,0.0,851.281355,0.0,0.0,0.0,766.6375,0.0,0.0,0.15,0,0,0,0,M,E,D,174.789839,-41.323221
64e1d4a8-6617-4652-a7d6-4b3235675fa3,1,0.0,1830.994108,0.0,0.0,0.0,766.6375,0.0,200.0,0.05,0,0,1,0,M,E,E,174.794747,-41.324035
652bae66-da23-425b-a436-76ec350aef8f,2,0.0,1691.073347,0.0,0.0,0.0,766.6375,0.0,200.0,0.05,0,0,1,0,M,E,E,174.782854,-41.319237
65396c38-f78f-45bf-bf0d-45a4ffe58d35,1,0.0,1673.72831,0.0,0.0,0.0,766.6375,0.0,200.0,0.05,0,0,1,0,M,E,E,174.784634,-41.311181
654afc63-4494-423c-b122-ffc9e98aa89a,1,0.0,1088.288056,6.459376,798.8,0.0,766.6375,0.0,0.0,0.0,1,0,0,0,E,E,E,174.786743,-41.311031
6553bc5c-ec35-45e5-9b22-84c38b38e5cd,1,0.0,1702.30072,0.0,0.0,0.0,766.6375,0.0,0.0,0.1,0,0,0,0,M,E,M,174.782852,-41.317347
656b1711-2fcd-4961-8d71-2bbd99725474,1,405.0367,2191.968411,0.0,0.0,0.0,766.6375,0.0,500.0,0.0,0,0,1,0,E,E,E,174.777253,-41.310373
6577de97-f5db-4b18-ada8-91923ee974db,1,0.0,1262.56447,0.0,0.0,0.0,766.6375,0.0,0.0,0.05,0,0,0,0,E,E,M,174.773367,-41.323476
6584a659-b078-4a60-b958-2ebac76640a2,1,0.0,2038.726387,0.0,0.0,0.0,766.6375,0.0,0.0,0.1,0,0,0,0,M,E,M,174.777641,-41.310206
658c2ee1-435e-40b8-b9b0-9a60554d1a5c,1,284.554,1579.033328,0.0,0.0,0.0,766.6375,0.0,1500.0,0.0,0,0,1,0,E,E,E,174.784888,-41.311149
659d508a-e5a8-48d6-b103-cd6c54198e39,1,0.0,1320.024034,0.0,0.0,0.0,766.6375,0.0,0.0,0.05,0,0,0,0,E,E,M,174.77733,-41.312918
65a2a2b9-ba4f-47e1-ba05-609bbd6f55ea,1,0.0,955.23793,0.0,0.0,0.0,766.6375,0.0,0.0,0.15,0,0,0,0,D,E,M,174.774733,-41.311016
65a5cd6b-f0a2-4376-92b3-9251e270459e,1,0.0,1589.395569,0.0,0.0,0.0,766.6375,0.0,0.0,0.0,0,0,0,0,E,E,E,174.775064,-41.319617
65a90018-4a6d-476e-be64-1ae0dcf739d2,3,0.0,1689.448566,0.0,0.0,0.0,766.6375,0.0,0.0,0.0,0,0,0,0,E,E,E,174.783693,-41.309617
65d3721b-8be7-4a1f-8bdb-72fda272ade3,1,0.0,1956.249541,0.0,0.0,0.0,766.6375,0.0,200.0,0.05,0,0,1,0,M,E,E,174.798544,-41.323508
65da0330-c10b-444d-826d-eb1d28a1f5a0,1,0.0,1357.649108,10.515734,744.69,0.0,766.6375,0.0,0.0,0.05,1,0,0,0,E,E,M,174.77355,-41.32341
65e8c03a-f819-41a7-8ab5-8f3ca70cd5be,1,222.3946,1939.765984,0.0,0.0,0.0,766.6375,0.0,500.0,0.0,0,0,1,0,E,E,E,174.783397,-41.310335
65f2c8f0-9a38-485d-bf08-c51b41d6843c,1,0.0,1800.119149,0.0,0.0,0.0,766.6375,0.0,200.0,0.05,0,0,1,0,M,E,E,174.782957,-41.312722
660cbf2c-f8f3-41f7-a73c-f3042b0aae8f,4,0.0,1746.251455,0.0,0.0,0.0,766.6375,0.0,200.0,0.0,0,0,1,0,E,E,E,174.780114,-41.315603
6623de44-5cb6-41ce-9df8-5f8601d2b5de,1,0.0,1068.422919,0.0,0.0,0.0,766.6375,0.0,0.0,0.0,0,0,0,0,E,E,E,174.775961,-41.323611
66288a78-1f31-4242-b005-e65ab0984f73,2,0.0,1741.237285,0.0,0.0,0.0,766.6375,0.0,200.0,0.0,0,0,1,0,E,E,E,174.778112,-41.31455
662e6cd5-af91-40c5-be65-086c4e9236b7,1,0.0,1054.902112,0.0,0.0,0.0,766.6375,0.0,0.0,0.05,0,0,0,0,E,E,M,174.792742,-41.321034
66387eb4-d3c3-4884-b001-0afdbd6da8fb,1,570.5956,1911.574617,0.0,0.0,0.0,766.6375,0.0,1500.0,0.05,0,0,1,0,M,E,E,174.795759,-41.315928
664fb89c-4bd5-497a-bcf7-78e6c79d6af1,2,838.7357,1912.219507,0.0,0.0,0.0,766.6375,0.0,500.0,0.05,0,0,1,0,M,E,E,174.796209,-41.323713
6650c9f8-a698-4d9f-9f32-1e69098303f8,2,0.0,975.061953,0.0,0.0,0.0,766.6375,0.0,0.0,0.05,0,0,0,0,E,E,M,174.777234,-41.322658
6656bc0c-2625-454a-b81a-c2d7ede35c85,1,371.5762,2248.614336,0.0,0.0,0.0,766.6375,0.0,500.0,0.05,0,0,1,0,M,E,E,174.776435,-41.310266
6660d299-ac35-4874-a4d6-6997edc7d308,1,147.2132,1672.008538,0.0,0.0,0.0,766.6375,0.0,1500.0,0.0,0,0,1,0,E,E,E,174.775566,-41.320115
6676d12f-11ef-4efc-99b4-0a27fea5f1d2,1,0.0,1164.868954,0.0,0.0,0.0,766.6375,0.0,0.0,0.05,0,0,0,0,M,E,E,174.79122,-41.314423
6689bb91-287e-4538-bf83-3f12c6dad029,1,529.7953,1609.077654,0.0,0.0,0.0,766.6375,0.0,500.0,0.05,0,0,1,0,M,E,E,174.792553,-41.310819
669ccd68-a906-40f2-b4d6-81cdae558d64,1,0.0,790.662788,27.864019,643.19,0.0,766.6375,0.0,0.0,0.15,1,0,0,0,M,E,D,174.793475,-41.320309
66a311bb-7464-4f58-ad3f-15d14b2e4520,1,285.4919,1598.389477,0.0,0.0,0.0,766.6375,0.0,4000.0,0.0,0,0,1,0,E,E,E,174.786592,-41.312091
66a95fff-6c81-4675-996b-b13ae4bf9f34,1,330.1025,1659.864671,0.0,0.0,0.0,766.6375,0.0,500.0,0.0,0,0,1,0,E,E,E,174.775592,-41.314008
66af2171-156f-42db-937c-e140f71ec8b9,3,334.4671,1726.814645,0.0,0.0,0.0,766.6375,0.0,1500.0,0.05,0,0,1,0,M,E,E,174.781484,-41.312867
66b74bca-be34-401e-9f2e-13f42d2bdcf9,1,184.0941,1645.185679,0.0,0.0,0.0,766.6375,0.0,1500.0,0.0,0,0,1,0,E,E,E,174.782875,-41.31873
66d71c20-7db3-4e39-8d00-303c5934e0fb,1,339.1189,1596.114383,0.0,0.0,0.0,766.6375,0.0,500.0,0.0,0,0,1,0,E,E,E,174.779688,-41.322476
66d7bba0-b46a-471e-9f52-5a05caa340b4,1,122.882,1933.317376,0.0,0.0,0.0,766.6375,0.0,1500.0,0.05,0,0,1,0,M,E,E,174.798701,-41.317899
66e9ef56-f867-4b8a-9b42-21bc9fd5cbbb,1,133.3568,1929.39698,0.0,0.0,0.0,766.6375,0.0,1500.0,0.05,0,0,1,0,M,E,E,174.796518,-41.317113
66f6c3cf-1a3e-4266-9153-120482f55c85,3,1.4386,888.700935,32.701062,879.87,0.0,766.6375,0.0,0.0,0.15,1,0,0,0,M,E,D,174.78907,-41.321587
67128010-8764-4bed-ace8-352af3a40885,1,0.0,2351.419854,0.0,0.0,0.0,766.6375,0.0,0.0,0.0,0,0,0,0,E,E,E,174.783879,-41.316717
6714f661-47c0-4c51-be1b-1db12a0fe2ad,5,809.0131,1931.365918,0.0,0.0,0.0,766.6375,0.0,500.0,0.05,0,0,1,0,M,E,E,174.797433,-41.319567
67177b39-c732-46da-9b4e-e9090cf85cb1,1,0.0,1566.136625,0.0,0.0,0.0,766.6375,0.0,200.0,0.0,0,0,1,0,E,E,E,174.784634,-41.311601
671b004d-e337-4eea-81be-c76b9e2c9512,1,282.5156,1793.380901,0.0,0.0,0.0,766.6375,0.0,1500.0,0.0,0,0,1,0,E,E,E,174.784526,-41.314124
67273a87-80a2-4898-94da-cbd0eed97384,1,260.6427,1670.809922,0.0,0.0,0.0,766.6375,0.0,500.0,0.0,0,0,1,0,E,E,E,174.783957,-41.310606
6765308d-0376-4a0a-a2c4-0fca0fb463a9,48,0.0,1552.647442,26.36613,1224.08,0.0,766.6375,0.0,200.0,0.1,1,0,1,0,M,E,M,174.784046,-41.316111
678479dc-db18-4634-9b6a-88e3ec16ca30,1,322.0928,1744.744723,0.0,0.0,0.0,766.6375,0.0,1500.0,0.0,0,0,1,0,E,E,E,174.784647,-41.314605
67a59202-3d58-4d5e-a62c-64f21b9d9467,1,181.9357,1792.75495,0.0,0.0,0.0,766.6375,0.0,500.0,0.0,0,0,1,0,E,E,E,174.784541,-41.31246
67a96e06-015c-4740-b541-4d76662a8271,1,346.6577,1844.743877,0.0,0.0,0.0,766.6375,0.0,500.0,0.0,0,0,1,0,E,E,E,174.794731,-41.324254
67b57b47-c91f-4181-8fe9-fb9a580575fc,1,0.0,871.949243,0.0,0.0,0.0,766.6375,0.0,0.0,0.1,0,0,0,0,E,E,D,174.778045,-41.31346
67c3eb13-7ff5-4e5b-9a08-d6b4e0855d69,2,133.3425,1644.865585,0.0,0.0,0.0,766.6375,0.0,4000.0,0.0,0,0,1,0,E,E,E,174.779218,-41.312561
67c6cde5-fe4c-4781-ac93-51c46f46d2a0,1,482.8154,1891.368673,0.0,0.0,0.0,766.6375,0.0,2500.0,0.0,0,0,1,0,E,E,E,174.800494,-41.318573
67ca6b5b-3df5-420d-90ee-95a42e987726,1,0.0,1117.11832,0.0,0.0,0.0,766.6375,0.0,0.0,0.0,0,0,0,0,E,E,E,174.776817,-41.312734
67cd9775-fa0b-48ea-8f15-0fddca55ea86,1,104.9323,1912.201327,0.0,0.0,0.0,766.6375,0.0,1500.0,0.0,0,0,1,0,E,E,E,174.797932,-41.321169
67f5bcf7-39f4-42db-b061-a14b57bc295c,1,0.0,791.514983,0.0,0.0,0.0,766.6375,0.0,0.0,0.15,0,0,0,0,M,E,D,174.795392,-41.311787
6808866c-3a5f-41d3-97d0-72a7bc66bce0,1,475.7391,1927.906068,0.0,0.0,0.0,766.6375,0.0,1500.0,0.0,0,0,1,0,E,E,E,174.797764,-41.317546
6808b564-745e-4934-ba92-088633d03c7f,2,0.0,773.172381,0.0,0.0,0.0,766.6375,0.0,0.0,0.15,0,0,0,0,M,E,D,174.792255,-41.322627
68244f6c-c6a5-4047-9de4-e0172a5aa4d7,2,398.678,1855.680785,0.0,0.0,0.0,766.6375,0.0,4000.0,0.1,0,0,1,0,M,E,M,174.778395,-41.322121
6826e649-7ce2-4cf1-b55d-7a7a359f6e10,1,0.0,1722.235893,0.0,0.0,0.0,766.6375,0.0,200.0,0.05,0,0,1,0,M,E,E,174.778836,-41.320567
682c2c15-d6c9-442b-a2ae-59891a9fd6ef,2,333.962,1780.3747,0.0,0.0,0.0,766.6375,0.0,500.0,0.0,0,0,1,0,E,E,E,174.79426,-41.316694
6836522b-5e71-42a1-84a4-ab2dc82ac53c,3,177.5145,1185.293347,11.658026,879.87,0.0,766.6375,0.0,1500.0,0.05,1,0,1,0,E,E,M,174.776131,-41.320514
683d34f4-2683-4d67-a71e-5d6a1518ccc0,1,315.1765,1884.197664,0.0,0.0,0.0,766.6375,0.0,500.0,0.0,0,0,1,0,E,E,E,174.798744,-41.318845
6852fdf4-5a28-4a1e-98db-1d77da16b19a,1,0.0,1671.115657,0.0,0.0,0.0,766.6375,0.0,200.0,0.0,0,0,1,0,E,E,E,174.781305,-41.316309
6867005e-db13-44f1-9741-9bfac7f41f67,1,0.0,1078.132292,0.0,0.0,0.0,766.6375,0.0,0.0,0.0,0,0,0,0,E,E,E,174.786649,-41.310728
6868c5cd-a1ae-4530-b870-9d2c3871cbc0,5,0.0,1772.98913,0.0,0.0,0.0,766.6375,0.0,200.0,0.0,0,0,1,0,E,E,E,174.794852,-41.31976
687389ba-765d-4541-bf11-c6c0014bfa1b,1,713.3466,1638.789928,0.0,0.0,0.0,766.6375,0.0,500.0,0.1,0,0,1,0,D,E,E,174.782422,-41.318177
68848081-ad7f-4925-9cc1-b118cc309203,1,177.1839,1689.04021,0.0,0.0,0.0,766.6375,0.0,2500.0,0.0,0,0,1,0,E,E,E,174.781078,-41.311215
688f1016-dff4-4614-9509-403481212f6b,1,0.0,1670.641952,0.0,0.0,0.0,766.6375,0.0,0.0,0.0,0,0,0,0,E,E,E,174.778482,-41.313158
68914387-0335-4a8c-a8df-54f3ff0457f7,1,444.558,1699.283404,0.0,0.0,0.0,766.6375,0.0,4000.0,0.05,0,0,1,0,M,E,E,174.804553,-41.322976
68946d3d-0eec-4cdb-a378-28db17e50745,1,0.0,1101.760367,0.0,0.0,0.0,766.6375,0.0,0.0,0.0,0,0,0,0,E,E,E,174.776694,-41.314888
6898343e-79d1-4056-9a1f-7376b4d1ce2c,1,115.541,1473.782611,0.0,0.0,0.0,766.6375,0.0,500.0,0.05,0,0,1,0,E,E,M,174.78348,-41.310664
68a4fe49-c373-43a9-b25d-42915567a225,1,0.0,1102.431695,0.0,0.0,0.0,766.6375,0.0,0.0,0.0,0,0,0,0,E,E,E,174.803996,-41.321878
68a89f93-0549-426b-ae7f-14875eaf236d,1,181.6388,2237.838474,0.0,0.0,0.0,766.6375,0.0,1500.0,0.0,0,0,1,0,E,E,E,174.779551,-41.318704
68a92c08-00b2-480a-b3f6-34faf8b05bda,1,1295.5442,1733.783485,0.0,0.0,0.0,766.6375,0.0,1500.0,0.0,0,0,1,0,E,E,E,174.793027,-41.314156
68c3d42e-4aed-4e87-ae5d-1ba540e6c2c4,1,0.0,1470.488178,0.0,0.0,0.0,766.6375,0.0,0.0,0.0,0,0,0,0,E,E,E,174.778322,-41.310537
68c44985-a719-4196-8914-6e804394a08d,1,102.5961,1918.203921,0.0,0.0,0.0,766.6375,0.0,1500.0,0.05,0,0,1,0,M,E,E,174.799279,-41.318352
68d847e2-228b-4d07-ac78-a7888b21160f,5,0.0,1703.085824,0.0,0.0,0.0,766.6375,0.0,0.0,0.0,0,0,0,0,E,E,E,174.781347,-41.317633
69091d01-1edb-4771-8483-805a5bd11dc9,1,97.9084,1200.83236,0.0,0.0,0.0,766.6375,0.0,500.0,0.05,0,0,1,0,E,E,M,174.779293,-41.322036
6933c0c8-0e87-47ac-83de-d2d9e8103e13,2,373.522,1848.31797,0.0,0.0,0.0,766.6375,0.0,1500.0,0.05,0,0,1,0,M,E,E,174.781363,-41.313308
69366f51-1af0-4126-8f39-9baf2a5b4fbe,1,361.8447,1822.071518,0.0,0.0,0.0,766.6375,0.0,4000.0,0.0,0,0,1,0,E,E,E,174.805034,-41.323
693fc05a-26d5-4dbc-9d24-444b7a330f5f,1,0.0,929.352606,0.0,0.0,0.0,766.6375,0.0,0.0,0.05,0,0,0,0,E,E,M,174.791071,-41.322946
694d3e45-e078-42a9-8f4e-b5246a54098d,1,327.1816,1301.41983,0.0,0.0,0.0,766.6375,0.0,500.0,0.1,0,0,1,0,M,E,M,174.778867,-41.316024
6951a3e9-5407-4276-88bd-55d97254f8be,1,0.0,1756.512418,0.0,0.0,0.0,766.6375,0.0,0.0,0.0,0,0,0,0,E,E,E,174.794429,-41.318682
69569100-d6b2-440e-82f3-3f4d186add3b,1,315.412,1929.979563,0.0,0.0,0.0,766.6375,0.0,2500.0,0.05,0,0,1,0,M,E,E,174.799798,-41.318106
69688ad7-e6b8-4049-8540-e7f85eee09a2,6,0.0,1350.527436,34.391857,744.69,0.0,766.6375,0.0,0.0,0.1,1,0,0,0,M,E,M,174.79114,-41.311127
698872c7-1979-49d0-a18d-4f66d6515c54,1,306.3529,1910.68812,0.0,0.0,0.0,766.6375,0.0,500.0,0.05,0,0,1,0,M,E,E,174.798829,-41.320268
698ec5fd-7ef3-41cf-a42a-b86efd72fefa,1,264.3268,1900.654417,0.0,0.0,0.0,766.6375,0.0,500.0,0.05,0,0,1,0,M,E,E,174.798271,-41.318756
69929f32-c86f-47d2-8688-b7e292c98a01,1,0.0,887.249076,0.0,0.0,0.0,766.6375,0.0,0.0,0.1,0,0,0,0,E,E,D,174.790266,-41.32113
6997117b-699d-4792-adf3-ddfe616ac5e7,3,315.8135,1424.914808,15.549749,643.19,0.0,766.6375,0.0,500.0,0.05,1,0,1,0,E,E,M,174.773258,-41.320516
69a95a87-9697-40f4-9ba2-da14e6bf4e5d,1,172.1322,1669.260315,0.0,0.0,0.0,766.6375,0.0,1500.0,0.0,0,0,1,0,E,E,E,174.784916,-41.31048
69b34da8-6076-45e5-b0f7-a6e0b23518a4,1,0.0,1931.926428,0.0,0.0,0.0,766.6375,0.0,200.0,0.0,0,0,1,0,E,E,E,174.797343,-41.324856
69f72020-0719-4a76-a845-69bb8b4c3fd9,1,0.0,1854.319979,15.938515,879.87,0.0,766.6375,0.0,200.0,0.05,1,0,1,0,E,E,M,174.784026,-41.317847
6a05a304-ce18-4f10-adca-9073d0a27864,1,0.0,1064.189517,0.0,0.0,0.0,766.6375,0.0,0.0,0.1,0,0,0,0,D,E,E,174.771776,-41.319712
6a1fbdc4-7559-4fb8-8fe2-fbdfcb31de78,1,0.0,1966.142267,0.0,0.0,0.0,766.6375,0.0,200.0,0.0,0,0,1,0,E,E,E,174.799331,-41.324236
6a220765-e630-4d87-bc73-5a991957f36c,2,0.0,951.502519,0.0,0.0,0.0,766.6375,0.0,0.0,0.05,0,0,0,0,E,E,M,174.776554,-41.312553
6a2b5b27-7b35-42f1-868e-cfd48db802b9,2,0.0,793.170424,30.501164,879.87,0.0,766.6375,0.0,0.0,0.1,1,0,0,0,E,E,D,174.797394,-41.310406
6a2ee724-af1a-4350-8fe9-b7d2cf4d4093,1,288.1793,1688.189209,0.0,0.0,0.0,766.6375,0.0,4000.0,0.0,0,0,1,0,E,E,E,174.778162,-41.314142
6a32f391-1ef4-47fe-9eec-6ca19ee27262,1,0.0,917.942612,0.0,0.0,0.0,766.6375,0.0,0.0,0.1,0,0,0,0,E,E,D,174.787812,-41.320811
6a483960-2be0-4d5b-8009-eda3af966efb,1,0.0,1071.63442,0.0,0.0,0.0,766.6375,0.0,0.0,0.05,0,0,0,0,M,E,E,174.779972,-41.321045
6a6cb6ee-2e81-4a55-a19e-280df9ddd05d,1,324.1973,1713.765271,0.0,0.0,0.0,766.6375,0.0,500.0,0.1,0,0,1,0,D,E,E,174.783122,-41.311781
6a6deea2-c5fd-4868-9a5b-0fab53efdfb9,2,0.0,1107.570374,0.0,0.0,0.0,766.6375,0.0,200.0,0.0,0,0,1,0,E,E,E,174.785966,-41.311803
6a76abfb-635e-4988-9694-45e970700d0d,1,397.7641,1716.942754,0.0,0.0,0.0,766.6375,0.0,1500.0,0.0,0,0,1,0,E,E,E,174.781685,-41.318996
6a781649-d6fc-4849-8ef0-313d99626e79,1,0.0,930.347163,14.478309,1224.08,0.0,766.6375,0.0,0.0,0.05,1,0,0,0,E,E,M,174.790994,-41.324675
6a8d4b74-877e-4cff-ba8d-35de576f6230,1,0.0,1444.287802,0.0,0.0,0.0,766.6375,0.0,0.0,0.0,0,0,0,0,E,E,E,174.775087,-41.319215
6a8d8bdf-03b5-43eb-a308-8b7f098abdd5,1,0.0,2008.392639,0.0,0.0,0.0,766.6375,0.0,0.0,0.1,0,0,0,0,M,E,M,174.784216,-41.317114
6a957085-e251-4d1d-a1a9-80787775e56f,3,0.0,914.83805,0.0,0.0,0.0,766.6375,0.0,0.0,0.05,0,0,0,0,E,E,M,174.775195,-41.311623
6a97cd6f-8d38-4f14-853e-ed785954108e,3,288.0042,1714.884564,0.0,0.0,0.0,766.6375,0.0,500.0,0.0,0,0,1,0,E,E,E,174.77621,-41.313715
6a9f304e-5762-43f7-9871-9404fed60a8d,4,0.0,1118.74013,0.0,0.0,0.0,766.6375,0.0,0.0,0.05,0,0,0,0,M,E,E,174.787607,-41.31385
6aa59bf8-7f26-4d14-85e5-a5a3c5f9fb80,1,190.7099,1617.070773,0.0,0.0,0.0,766.6375,0.0,1500.0,0.0,0,0,1,0,E,E,E,174.784853,-41.31152
6ac475bb-4fec-4b48-aee5-1c9734e26536,3,0.0,1256.239256,0.0,0.0,0.0,766.6375,0.0,0.0,0.15,0,0,0,0,M,E,D,174.775772,-41.312855
6ac9fbc2-d732-448d-b728-0d8283322080,2,541.6319,1923.465167,0.0,0.0,0.0,766.6375,0.0,500.0,0.0,0,0,1,0,E,E,E,174.796649,-41.323972
6ae03fb1-bfa2-4798-84b5-7ecbaffa85da,2,0.0,1101.275011,0.0,0.0,0.0,766.6375,0.0,0.0,0.05,0,0,0,0,E,E,M,174.774468,-41.324289
6af10625-1386-40d6-8efe-ea20133abad6,1,0.0,1753.808296,0.0,0.0,0.0,766.6375,0.0,0.0,0.0,0,0,0,0,E,E,E,174.77478,-41.324459
6afa657b-c262-45c8-83d0-8cb6d39e0feb,1,226.6646,1635.917816,0.0,0.0,0.0,766.6375,0.0,500.0,0.0,0,0,1,0,E,E,E,174.777888,-41.312087
6b01124f-8ff9-4aab-b274-01b01c5dee8b,1,0.0,1541.115536,0.0,0.0,0.0,766.6375,0.0,200.0,0.0,0,0,1,0,E,E,E,174.792193,-41.314871
6b04488e-ff5c-4481-851c-d26c4830d91f,1,0.0,930.303533,15.861992,798.8,0.0,766.6375,0.0,0.0,0.05,1,0,0,0,E,E,M,174.777511,-41.322596
6b0453f6-7624-459e-8a77-d9e4fe81e1e2,1,407.0069,1868.946844,0.0,0.0,0.0,766.6375,0.0,500.0,0.05,0,0,1,0,M,E,E,174.797142,-41.323696
6b0d8db3-2ee9-45af-af76-23b0904e7cf9,2,0.0,1916.677543,0.0,0.0,0.0,766.6375,0.0,0.0,0.05,0,0,0,0,E,E,M,174.775852,-41.315477
6b1fef76-cd37-4b48-8f3f-ada003e439bb,1,0.0,1090.694653,0.0,0.0,0.0,766.6375,0.0,0.0,0.05,0,0,0,0,E,E,M,174.789259,-41.31476
6b202be1-5529-48d1-95f4-66694af49b61,1,438.7217,1915.042092,0.0,0.0,0.0,766.6375,0.0,2500.0,0.05,0,0,1,0,M,E,E,174.803426,-41.322892
6b2a6b2a-8967-45a8-af9f-e699939216d3,5,1160.8782,1680.590612,0.0,0.0,0.0,766.6375,0.0,500.0,0.0,0,0,1,0,E,E,E,174.794832,-41.320684
6b3135fe-7ab0-4fb4-ae83-27c1d273c6db,1,348.159,1890.047405,0.0,0.0,0.0,766.6375,0.0,1500.0,0.0,0,0,1,0,E,E,E,174.794725,-41.324801
6b4affac-0015-4d73-a621-b609fcca6a25,1,0.0,1638.679274,0.0,0.0,0.0,766.6375,0.0,0.0,0.0,0,0,0,0,E,E,E,174.773012,-41.319902
6b572e37-83a6-416e-864f-b6e45cc1838d,1,412.4604,1922.400795,0.0,0.0,0.0,766.6375,0.0,1500.0,0.0,0,0,1,0,E,E,E,174.798881,-41.321931
6b635092-df49-4240-b5f6-32a8afd6b897,1,0.0,1743.582692,0.0,0.0,0.0,766.6375,0.0,0.0,0.0,0,0,0,0,E,E,E,174.781225,-41.317385
6bad8e66-4f60-4cec-8cfa-73e8e0bf53a8,1,284.7904,1574.255639,0.0,0.0,0.0,766.6375,0.0,500.0,0.05,0,0,1,0,M,E,E,174.778462,-41.319374
6bb3dc5d-e32f-48be-b0d9-fc5d44b02832,1,0.0,937.546193,0.0,0.0,0.0,766.6375,0.0,0.0,0.05,0,0,0,0,E,E,M,174.776773,-41.313195
6bb5664f-7a1c-4387-b8a1-7551ae463430,1,0.0,1429.68602,0.0,0.0,0.0,766.6375,0.0,0.0,0.0,0,0,0,0,E,E,E,174.774431,-41.323058
6bc53781-6ed8-41e0-89f3-6e33e41feaa9,1,276.8239,1719.278753,0.0,0.0,0.0,766.6375,0.0,500.0,0.0,0,0,1,0,E,E,E,174.782256,-41.314729
6bcdb691-8903-48c2-a235-5f65b9ed9650,1,353.438,1862.473149,0.0,0.0,0.0,766.6375,0.0,4000.0,0.0,0,0,1,0,E,E,E,174.801441,-41.321043
6bce308e-b5c3-4390-8438-1526d4232d5d,1,0.0,969.722045,0.0,0.0,0.0,766.6375,0.0,0.0,0.05,0,0,0,0,E,E,M,174.791884,-41.320898
6bd8f5e0-38fc-4de5-8547-77beed924c18,1,303.3089,2270.742777,0.0,0.0,0.0,766.6375,0.0,1500.0,0.05,0,0,1,0,M,E,E,174.779821,-41.320079
6c1b8f9f-ff31-4967-b4ff-b9a94da4aad3,1,120.3681,1936.426413,0.0,0.0,0.0,766.6375,0.0,1500.0,0.05,0,0,1,0,M,E,E,174.798883,-41.317962
6c2bd0a4-f18e-4088-9a26-5bfc668177a9,1,194.3979,1894.415949,0.0,0.0,0.0,766.6375,0.0,500.0,0.0,0,0,1,0,E,E,E,174.781758,-41.314764
6c32ee25-0c2d-4349-a142-fcf22c7b3c9d,1,0.0,1550.391028,0.0,0.0,0.0,766.6375,0.0,0.0,0.0,0,0,0,0,E,E,E,174.773932,-41.324023
6c356624-c8a6-47d5-a8a9-08bb7e3c7525,1,0.0,948.283417,0.0,0.0,0.0,766.6375,0.0,0.0,0.05,0,0,0,0,E,E,M,174.790786,-41.318882
6c3d871b-ff78-4428-8d99-0572cceecdc5,1,390.6546,1683.103605,0.0,0.0,0.0,766.6375,0.0,500.0,0.05,0,0,1,0,M,E,E,174.793501,-41.316471
6c4aa7e4-d073-4aea-be86-9fe8126b3dca,1,0.0,1185.293347,0.0,0.0,0.0,766.6375,0.0,0.0,0.05,0,0,0,0,E,E,M,174.774251,-41.322709
6c513700-f18b-4b70-8fa2-4b0b4f03a856,1,0.0,1708.570903,0.0,0.0,0.0,766.6375,0.0,0.0,0.05,0,0,0,0,M,E,E,174.804776,-41.321989
6c5a3d9e-7c04-469c-841e-79631f182221,1,338.1628,1573.551238,0.0,0.0,0.0,766.6375,0.0,1500.0,0.05,0,0,1,0,M,E,E,174.79394,-41.322854
6c6901a2-2538-4a3e-84e1-efbe4c01fe75,1,0.0,1511.978634,0.0,0.0,0.0,766.6375,0.0,0.0,0.05,0,0,0,0,M,E,E,174.774703,-41.323369
6c69a964-3d63-4781-bcf9-6c699194b815,1,0.0,1560.495146,0.0,0.0,0.0,766.6375,0.0,200.0,0.0,0,0,1,0,E,E,E,174.785386,-41.316965
6c6f6e52-0556-44fc-8294-b1e1144baa70,1,374.2033,1882.20805,0.0,0.0,0.0,766.6375,0.0,1500.0,0.0,0,0,1,0,E,E,E,174.805528,-41.323945
6c754c03-0426-44d9-8e2f-9c6cc49f46e9,1,0.0,2165.221229,0.0,0.0,0.0,766.6375,0.0,200.0,0.0,0,0,1,0,E,E,E,174.784519,-41.317547
6c93377c-126c-493e-94b4-c0df41c00be3,1,0.0,1703.693107,0.0,0.0,0.0,766.6375,0.0,0.0,0.05,0,0,0,0,M,E,E,174.794705,-41.312058
6caf759a-e0e0-4d07-9cae-99e6f018da48,1,508.803,1749.407814,0.0,0.0,0.0,766.6375,0.0,2500.0,0.05,0,0,1,0,M,E,E,174.803203,-41.32229
6cb38ca1-8b12-44c0-91a5-04365e288bb7,1,0.0,1557.918236,0.0,0.0,0.0,766.6375,0.0,0.0,0.0,0,0,0,0,E,E,E,174.784979,-41.309754
6cce1f39-808c-42c0-90ff-b071fd74a20b,1,0.0,1764.813824,0.0,0.0,0.0,766.6375,0.0,200.0,0.0,0,0,1,0,E,E,E,174.777584,-41.320414
6cd1211a-700b-4b08-af9a-9c4ed73ea557,5,336.7691,1813.031178,0.0,0.0,0.0,766.6375,0.0,500.0,0.0,0,0,1,0,E,E,E,174.781947,-41.315555
6cd15c51-21b5-4bac-a9c2-f3c5217c0a8a,1,0.0,872.916593,0.0,0.0,0.0,766.6375,0.0,0.0,0.1,0,0,0,0,E,E,D,174.79309,-41.318427
6cd376c3-7a5e-4451-9798-1e71b049a2fb,1,357.1801,1091.460843,0.0,0.0,0.0,766.6375,0.0,1500.0,0.0,0,0,1,0,E,E,E,174.78005,-41.322975
6cd5ad97-80ed-4c46-9982-251ed209c0ee,1,0.0,1874.369844,0.0,0.0,0.0,766.6375,0.0,200.0,0.05,0,0,1,0,M,E,E,174.795114,-41.323379
6cf4e688-3966-491d-b7b2-82c60522f038,1,0.0,939.668407,0.0,0.0,0.0,766.6375,0.0,0.0,0.1,0,0,0,0,M,E,M,174.786453,-41.313963
6d0b0644-8c6f-4c3e-829a-1143b0df563e,1,342.4421,1410.12385,16.192041,798.8,0.0,766.6375,0.0,500.0,0.05,1,0,1,0,E,E,M,174.782246,-41.311833
6d0b8f82-3415-404b-9dd2-a6c73d53e1bf,2,0.0,1052.521147,0.0,0.0,0.0,766.6375,0.0,0.0,0.0,0,0,0,0,E,E,E,174.776653,-41.312282
6d0e39c7-2c29-4728-bb6a-e266fe5ecfa9,1,371.0911,1883.718906,0.0,0.0,0.0,766.6375,0.0,500.0,0.05,0,0,1,0,M,E,E,174.781637,-41.314442
6d115f6c-cd2f-4caa-b8fe-6edd0a44edc4,1,0.0,911.748609,0.0,0.0,0.0,766.6375,0.0,0.0,0.1,0,0,0,0,M,E,M,174.79052,-41.324097
6d53553f-bc4b-4865-9622-4285237b836f,4,0.0,1500.719461,0.0,0.0,0.0,766.6375,0.0,0.0,0.05,0,0,0,0,M,E,E,174.78551,-41.315468
6d61840a-ba0d-4746-bcb7-30e9d55a91a9,1,0.0,907.600431,0.0,0.0,0.0,766.6375,0.0,0.0,0.1,0,0,0,0,E,E,D,174.791656,-41.321867
6d699b11-9cc2-48f5-ab91-a0c86e91c27e,2,0.0,2272.705346,0.0,0.0,0.0,766.6375,0.0,200.0,0.05,0,0,1,0,M,E,E,174.782469,-41.311228
6d7488ca-386d-4549-bbda-9873e95ed830,1,244.8113,1404.552538,0.0,0.0,0.0,766.6375,0.0,500.0,0.05,0,0,1,0,E,E,M,174.778309,-41.312513
6d795cdc-fd93-45b0-b382-c74b4fbe28ff,1,314.3769,1846.013119,0.0,0.0,0.0,766.6375,0.0,1500.0,0.05,0,0,1,0,M,E,E,174.780216,-41.312062
6d863f80-54b9-49d0-beb7-5d87871c4303,1,237.4857,1522.888914,0.0,0.0,0.0,766.6375,0.0,4000.0,0.05,0,0,1,0,E,E,M,174.778865,-41.321769
6d96ee91-d741-4913-b2fe-68a51ddefb59,1,323.5164,2054.069594,0.0,0.0,0.0,766.6375,0.0,1500.0,0.0,0,0,1,0,E,E,E,174.780201,-41.319373
6db538a8-7167-4643-89c0-81e2eb1ef532,1,214.478,1849.167919,0.0,0.0,0.0,766.6375,0.0,500.0,0.0,0,0,1,0,E,E,E,174.781859,-41.314127
6db67365-c02a-4f21-b32d-925f7c2851f6,1,204.6238,1683.759939,0.0,0.0,0.0,766.6375,0.0,500.0,0.0,0,0,1,0,E,E,E,174.78281,-41.315402
6dbe7cc8-2348-4f24-b1a6-33ac878631b0,1,0.0,891.348452,0.0,0.0,0.0,766.6375,0.0,0.0,0.05,0,0,0,0,E,E,M,174.789793,-41.324007
6dbfba88-d1fc-4e08-b669-c9eeca1dd1a7,1,269.7775,1870.671789,0.0,0.0,0.0,766.6375,0.0,500.0,0.0,0,0,1,0,E,E,E,174.798415,-41.322886
6dedf427-6aeb-4e78-86f8-5e6ed8de6d07,1,281.5769,1635.368521,0.0,0.0,0.0,766.6375,0.0,500.0,0.0,0,0,1,0,E,E,E,174.775492,-41.314281
6df06db7-17bb-4bbb-afc5-20db517c5e4c,2,566.5744,1940.114827,0.0,0.0,0.0,766.6375,0.0,500.0,0.05,0,0,1,0,M,E,E,174.797021,-41.323981
6df73fe4-9b9e-45fe-8af5-be4b2ba6c398,2,283.7803,1664.823342,0.0,0.0,0.0,766.6375,0.0,500.0,0.0,0,0,1,0,E,E,E,174.781486,-41.31113
6df74ada-1f3f-4923-9682-59fcf45881fa,3,372.7985,1629.656973,7.240496,1224.08,0.0,766.6375,0.0,500.0,0.0,1,0,1,0,E,E,E,174.775537,-41.314106
6e091c5b-f4df-4659-9fda-db34285c33c3,1,0.0,1661.950595,0.0,0.0,0.0,766.6375,0.0,200.0,0.05,0,0,1,0,M,E,E,174.792646,-41.323837
6e0dd401-321c-4c4a-9fe2-81c9978cea29,1,0.0,1186.114527,0.0,0.0,0.0,766.6375,0.0,0.0,0.0,0,0,0,0,E,E,E,174.795539,-41.309658
6e1c0c5d-167e-4cb5-b9a4-6d469e140e2f,2,0.0,1488.265651,0.0,0.0,0.0,766.6375,0.0,0.0,0.0,0,0,0,0,E,E,E,174.793179,-41.310877
6e306996-6df0-42d2-a50f-85d11dec8200,6,573.3303,1586.494288,0.0,0.0,0.0,766.6375,0.0,1500.0,0.0,0,0,1,0,E,E,E,174.793086,-41.312368
6e5d5c8a-2006-42ac-a8dc-1c69d36801e6,1,240.5578,1708.445398,0.0,0.0,0.0,766.6375,0.0,4000.0,0.0,0,0,1,0,E,E,E,174.778209,-41.314058
6e63e3d5-aa49-4165-8b00-2fc839369318,2,0.0,1524.175982,0.0,0.0,0.0,766.6375,0.0,0.0,0.05,0,0,0,0,E,E,M,174.777721,-41.310852
6e657e9a-3505-48c3-a318-f0a78a41d1c3,2,0.0,1009.272789,0.0,0.0,0.0,766.6375,0.0,0.0,0.05,0,0,0,0,E,E,M,174.775514,-41.312206
6e817244-f14c-4f4a-bdca-83a14d67b72a,1,0.0,865.774072,20.335463,798.8,0.0,766.6375,0.0,0.0,0.1,1,0,0,0,E,E,D,174.790385,-41.324724
6ea5af77-8a33-4b17-89bc-7224cdae63db,1,303.6366,1589.002577,0.0,0.0,0.0,766.6375,0.0,1500.0,0.0,0,0,1,0,E,E,E,174.784844,-41.310159
6ea93483-ea28-43d3-acb6-e88488926f78,1,0.0,1653.818723,0.0,0.0,0.0,766.6375,0.0,0.0,0.0,0,0,0,0,E,E,E,174.784286,-41.309871
6eb687d7-e2ce-4d2a-9c69-da52008bc79f,1,312.1302,1636.986627,0.0,0.0,0.0,766.6375,0.0,1500.0,0.05,0,0,1,0,M,E,E,174.785089,-41.31013
6eced661-7d71-4d2c-a7f0-675298119604,2,0.0,874.734337,0.0,0.0,0.0,766.6375,0.0,0.0,0.1,0,0,0,0,M,E,M,174.790977,-41.32343
6ee8d7e8-6336-4c2f-acf5-808f2ee2b404,1,0.0,1689.331419,0.0,0.0,0.0,766.6375,0.0,0.0,0.0,0,0,0,0,E,E,E,174.786012,-41.309938
6efdfd44-1333-4717-8e0d-ee1c6fa6ff2c,1,414.0329,1906.79876,0.0,0.0,0.0,766.6375,0.0,1500.0,0.0,0,0,1,0,E,E,E,174.797545,-41.322396
6f0127d4-2e00-45b3-b671-da983437409a,1,0.0,1046.512894,0.0,0.0,0.0,766.6375,0.0,0.0,0.0,0,0,0,0,E,E,E,174.791437,-41.312764
6f12e710-6cc8-457a-87ef-03a9254e6b31,1,0.0,1771.952003,0.0,0.0,0.0,766.6375,0.0,200.0,0.0,0,0,1,0,E,E,E,174.785061,-41.312637
6f1dd94c-8305-437d-9166-61421525f175,1,0.0,953.248886,0.0,0.0,0.0,766.6375,0.0,0.0,0.1,0,0,0,0,E,E,D,174.787583,-41.315308
6f4cf9f5-c915-413a-bf89-ba4aa2b11d45,1,0.0,920.517729,0.0,0.0,0.0,766.6375,0.0,0.0,0.05,0,0,0,0,E,E,M,174.792068,-41.319142
6f773ed6-81d2-44a7-aef4-4911ddeb348f,1,176.9614,1023.842153,11.639849,798.8,0.0,766.6375,0.0,1500.0,0.05,1,0,1,0,E,E,M,174.779737,-41.320611
6f79c837-a3c0-4f23-a368-9ca504fd25f4,1,0.0,894.482745,0.0,0.0,0.0,766.6375,0.0,0.0,0.1,0,0,0,0,M,E,M,174.791473,-41.317867
6f7efbc8-96d7-4e4a-ae21-db1d54d9c947,1,185.5469,1657.946218,0.0,0.0,0.0,766.6375,0.0,4000.0,0.0,0,0,1,0,E,E,E,174.778274,-41.313794
6fa34e4e-0c97-475f-b0e5-b63af6a400d7,1,254.7425,1670.900842,0.0,0.0,0.0,766.6375,0.0,1500.0,0.0,0,0,1,0,E,E,E,174.785062,-41.310415
6fa47fe1-91eb-4958-b521-90e8dfe8101c,4,0.0,931.567271,0.0,0.0,0.0,766.6375,0.0,0.0,0.15,0,0,0,0,M,E,D,174.791648,-41.32226
6fa59062-c83a-4c3f-a27b-0eb945c6b56b,1,311.3726,1902.431628,0.0,0.0,0.0,766.6375,0.0,500.0,0.0,0,0,1,0,E,E,E,174.798334,-41.320459
6fa9a5c3-863d-40df-aa5a-44b151342b93,2,0.0,1621.787214,0.0,0.0,0.0,766.6375,0.0,0.0,0.0,0,0,0,0,E,E,E,174.784529,-41.309821
6fb38f05-ab71-4b3d-82ee-52f99831c20b,1,215.7457,1565.582381,5.508107,1224.08,0.0,766.6375,0.0,500.0,0.0,1,0,1,0,E,E,E,174.776664,-41.318979
6fd79561-49cd-481f-bd3e-7c2f74445853,1,0.0,1473.176781,0.0,0.0,0.0,766.6375,0.0,0.0,0.0,0,0,0,0,E,E,E,174.772788,-41.323352
6fdf92d4-26bf-45d6-ae71-f8556a06e9d5,1,0.0,879.910267,0.0,0.0,0.0,766.6375,0.0,0.0,0.15,0,0,0,0,D,E,M,174.790942,-41.324178
6fea6820-c6f6-4fc3-9ce7-0f5f8e40c620,1,374.9326,1871.594223,0.0,0.0,0.0,766.6375,0.0,500.0,0.0,0,0,1,0,E,E,E,174.802248,-41.322473
6ffc90fa-5b1f-489b-8000-b49ca7e8efb4,2,0.0,1346.734501,9.229563,798.8,0.0,766.6375,0.0,0.0,0.05,1,0,0,0,M,E,E,174.776978,-41.320974
70261c0e-10bd-409e-8f66-9851fdf763b6,1,0.0,1049.530906,0.0,0.0,0.0,766.6375,0.0,0.0,0.1,0,0,0,0,D,E,E,174.794278,-41.310614
702e0d7f-893d-4f36-8a77-9bac4eb9f491,10,562.083,1743.228109,0.0,0.0,0.0,766.6375,0.0,500.0,0.0,0,0,1,0,E,E,E,174.779967,-41.315041
70359148-2d57-4cd7-954d-7593ae68471e,1,0.0,1077.269389,16.062018,643.19,0.0,766.6375,0.0,0.0,0.0,1,0,0,0,E,E,E,174.777308,-41.320975
703ee0f2-614f-48f1-8c33-39643bbe917f,3,0.0,1048.274424,0.0,0.0,0.0,766.6375,0.0,0.0,0.0,0,0,0,0,E,E,E,174.776433,-41.313003
708d00b1-f484-4dab-aa47-4a3db76e59ea,1,0.0,986.989198,0.0,0.0,0.0,766.6375,0.0,200.0,0.1,0,0,1,0,M,E,M,174.802724,-41.319942
70a5bfab-cf13-4f6a-a485-73241b5bc582,1,424.4311,1383.414102,7.725647,744.69,0.0,766.6375,0.0,500.0,0.05,1,0,1,0,M,E,E,174.793008,-41.310814
70cf7fda-9b44-4fa6-b70d-244f8067edb4,1,316.8432,1889.732573,0.0,0.0,0.0,766.6375,0.0,1500.0,0.05,0,0,1,0,M,E,E,174.797864,-41.32271
70e5eda2-f267-413e-bc26-460501980cc9,1,0.0,1955.934557,0.0,0.0,0.0,766.6375,0.0,200.0,0.0,0,0,1,0,E,E,E,174.798001,-41.324924
70e8da8e-3a20-40be-80db-f7e069f6b552,1,335.7105,2069.010169,0.0,0.0,0.0,766.6375,0.0,4000.0,0.05,0,0,1,0,M,E,E,174.778026,-41.322244
70f1dda0-f87f-499a-bd83-d6bb42de94b1,1,297.1593,1625.506635,0.0,0.0,0.0,766.6375,0.0,500.0,0.0,0,0,1,0,E,E,E,174.794512,-41.321387
7108ffcd-0989-47e0-9777-f57666c61276,2,0.0,1917.733911,0.0,0.0,0.0,766.6375,0.0,200.0,0.1,0,0,1,0,D,E,E,174.79964,-41.316986
71106093-bd57-4b88-9bce-7df6c08d75ed,1,0.0,1746.314726,0.0,0.0,0.0,766.6375,0.0,0.0,0.0,0,0,0,0,E,E,E,174.787082,-41.312894
7113e216-d17e-4f2e-995d-d75f36ccafec,2,0.0,1406.357219,0.0,0.0,0.0,766.6375,0.0,0.0,0.05,0,0,0,0,E,E,M,174.774585,-41.32169
71239518-f7a7-4b1f-8f97-c3cce4ee9c50,2,0.0,1108.064916,0.0,0.0,0.0,766.6375,0.0,0.0,0.0,0,0,0,0,E,E,E,174.775059,-41.318858
71268ba1-45bb-4679-a9be-6f63cb512e74,1,231.8884,1703.436726,0.0,0.0,0.0,766.6375,0.0,500.0,0.0,0,0,1,0,E,E,E,174.782697,-41.315078
712f2391-c5dc-4259-8626-3110d7ca2d80,1,0.0,1243.665348,0.0,0.0,0.0,766.6375,0.0,0.0,0.0,0,0,0,0,E,E,E,174.789522,-41.324685
71421aa7-c70b-4015-9307-bdcf42b4295d,1,442.9049,1913.852385,0.0,0.0,0.0,766.6375,0.0,1500.0,0.05,0,0,1,0,M,E,E,174.797603,-41.32229
7142689e-f4d0-468e-b96c-684f2a5f51af,3,0.0,1013.860693,0.0,0.0,0.0,766.6375,0.0,0.0,0.05,0,0,0,0,E,E,M,174.795323,-41.310086
715d705f-bd5d-4e0b-a9d1-635c1c10c2e0,1,0.0,1150.707685,0.0,0.0,0.0,766.6375,0.0,0.0,0.05,0,0,0,0,M,E,E,174.787664,-41.314166
7160f404-f14d-4ae2-a41d-17dfbeec8cd0,1,0.0,1554.212412,10.059,1224.08,0.0,766.6375,0.0,0.0,0.1,1,0,0,0,M,E,M,174.777839,-41.310255
71a05bae-dffe-401a-bca3-722ec1392f75,1,0.0,1686.673919,0.0,0.0,0.0,766.6375,0.0,200.0,0.0,0,0,1,0,E,E,E,174.775361,-41.314715
71a141f3-9db6-4d82-b996-6529448172c4,1,0.0,2240.160101,0.0,0.0,0.0,766.6375,0.0,200.0,0.0,0,0,1,0,E,E,E,174.778977,-41.318664
71b6ba1c-1ae7-45aa-9ea9-72a153995863,20,8094.3329,1858.565105,0.0,0.0,0.0,766.6375,0.0,1500.0,0.0,0,0,1,0,E,E,E,174.796539,-41.319279
71bb92bd-7249-4c42-a133-66d915008e8d,1,379.0637,1646.373402,0.0,0.0,0.0,766.6375,0.0,1500.0,0.0,0,0,1,0,E,E,E,174.79419,-41.324251
71e86ae1-a0fb-4452-b4ae-2f0b8a3b5e7f,1,0.0,1723.301562,0.0,0.0,0.0,766.6375,0.0,0.0,0.1,0,0,0,0,M,E,M,174.782857,-41.317057
71e94931-95a0-4bb7-9472-84eba2bdc347,2,337.503,1692.113022,0.0,0.0,0.0,766.6375,0.0,4000.0,0.05,0,0,1,0,M,E,E,174.778202,-41.313968
71f6fe1b-89a8-4e68-ac5e-39a27fb6df2f,1,0.0,1747.139069,0.0,0.0,0.0,766.6375,0.0,200.0,0.0,0,0,1,0,E,E,E,174.78371,-41.3129
7212514a-11c7-4205-9bc9-ef75a0a09fd4,1,0.0,1005.421998,18.397233,798.8,0.0,766.6375,0.0,0.0,0.05,1,0,0,0,M,E,E,174.775567,-41.322633
7212a076-bc6e-45f1-aee0-445aeedd595a,1,514.0774,1681.098265,0.0,0.0,0.0,766.6375,0.0,500.0,0.0,0,0,1,0,E,E,E,174.784006,-41.312476
7218bfd1-bed3-41dd-ac81-e377a1449c75,2,254.4447,1656.763646,0.0,0.0,0.0,766.6375,0.0,500.0,0.0,0,0,1,0,E,E,E,174.774246,-41.32083
72225cd5-abd6-486f-9967-7aa5ddc43a14,1,271.5853,1809.447697,0.0,0.0,0.0,766.6375,0.0,4000.0,0.05,0,0,1,0,M,E,E,174.805011,-41.322686
7222f6f3-af02-49f5-bc61-5c6eea969d7c,1,316.7332,1880.305267,0.0,0.0,0.0,766.6375,0.0,1500.0,0.05,0,0,1,0,M,E,E,174.797831,-41.322788
7227f903-15f5-4c8a-899b-4982e1e5b8ee,1,817.7927,1922.679126,0.0,0.0,0.0,766.6375,0.0,1500.0,0.05,0,0,1,0,M,E,E,174.796285,-41.316553
722c4b5a-6a9d-4964-a889-cba2d58a0bf6,1,0.0,1627.40435,0.0,0.0,0.0,766.6375,0.0,0.0,0.0,0,0,0,0,E,E,E,174.772811,-41.323449
725e2099-ee7a-4026-bd34-0c6ba70455ac,1,131.6515,1312.95404,0.0,0.0,0.0,766.6375,0.0,500.0,0.05,0,0,1,0,E,E,M,174.77921,-41.322607
72714b60-4551-45ee-ac35-43bd86f7d23e,1,429.2168,1328.285428,18.127855,798.8,0.0,766.6375,0.0,500.0,0.1,1,0,1,0,M,E,M,174.778861,-41.316203
729bd95b-f38b-4c18-bb71-f904a516943f,1,0.0,931.044048,0.0,0.0,0.0,766.6375,0.0,0.0,0.05,0,0,0,0,E,E,M,174.792244,-41.319579
72dc2cd7-9cf1-4a68-a47e-db0ad1ad373e,1,0.0,848.704067,0.0,0.0,0.0,766.6375,0.0,0.0,0.1,0,0,0,0,E,E,D,174.790688,-41.31995
72dd5934-ea67-42fa-95eb-e533c42f3214,1,0.0,1902.966256,0.0,0.0,0.0,766.6375,0.0,200.0,0.05,0,0,1,0,M,E,E,174.799788,-41.319443
72dda482-043a-40ca-b365-f71adcae559b,3,0.0,1683.104526,0.0,0.0,0.0,766.6375,0.0,200.0,0.0,0,0,1,0,E,E,E,174.780369,-41.316728
72e9c9ba-1f03-4f3a-a6b4-6402df2b447c,1,0.0,1930.284435,0.0,0.0,0.0,766.6375,0.0,200.0,0.0,0,0,1,0,E,E,E,174.797907,-41.319792
72ed307c-703a-4d52-85a6-704530a0da1c,1,0.0,940.425617,0.0,0.0,0.0,766.6375,0.0,0.0,0.05,0,0,0,0,E,E,M,174.79119,-41.323009
72f75b17-5fe5-4ce1-ac6d-da1e38c13d32,2,0.0,898.358166,23.204565,798.8,0.0,766.6375,0.0,0.0,0.1,1,0,0,0,E,E,D,174.777539,-41.322338
730345ec-c0c2-4365-828d-5577ed1d549b,1,207.4986,1749.863909,0.0,0.0,0.0,766.6375,0.0,500.0,0.0,0,0,1,0,E,E,E,174.783403,-41.31483
73495060-312c-48c1-8ce5-ce45618d920a,1,543.281,1185.293347,0.0,0.0,0.0,766.6375,0.0,2500.0,0.1,0,0,1,0,E,E,D,174.773259,-41.322696
7356a034-331d-4e63-997e-b89decf4d4d2,1,0.0,952.654683,0.0,0.0,0.0,766.6375,0.0,0.0,0.05,0,0,0,0,E,E,M,174.792647,-41.316686
736198b4-10a1-438b-be2d-a40395af0731,1,0.0,1892.611155,0.0,0.0,0.0,766.6375,0.0,200.0,0.0,0,0,1,0,E,E,E,174.799633,-41.319852
736e5977-a5df-40a4-84c6-ff157254ea9f,1,0.0,2153.948891,0.0,0.0,0.0,766.6375,0.0,0.0,0.05,0,0,0,0,E,E,M,174.783213,-41.317015
7388f8f8-0144-4eb0-a39a-8e059410a3d9,2,0.0,1600.268448,0.0,0.0,0.0,766.6375,0.0,0.0,0.0,0,0,0,0,E,E,E,174.778468,-41.310233
73972437-f85f-443b-a762-8dce0360bf06,1,0.0,2174.388246,0.0,0.0,0.0,766.6375,0.0,0.0,0.0,0,0,0,0,E,E,E,174.783646,-41.316655
73a9a8b7-b251-4b0e-adab-7945f69058b2,1,328.9268,1757.244926,0.0,0.0,0.0,766.6375,0.0,2500.0,0.05,0,0,1,0,M,E,E,174.781004,-41.310975
73bfe514-861c-411a-a5eb-3afd4cf33ed9,1,159.8134,1746.36869,0.0,0.0,0.0,766.6375,0.0,2500.0,0.0,0,0,1,0,E,E,E,174.781045,-41.311107
73c8854b-12cc-479d-89f1-f97b6f8e57f8,1,376.5739,1580.849453,0.0,0.0,0.0,766.6375,0.0,500.0,0.05,0,0,1,0,M,E,E,174.791554,-41.312143
73d3255e-ffd1-4b56-931f-72bec8d75c3a,1,0.0,917.594893,0.0,0.0,0.0,766.6375,0.0,0.0,0.05,0,0,0,0,E,E,M,174.789885,-41.323775
73dadc65-c119-4ee9-9d56-f4631dd3db71,1,135.4486,1835.712926,0.0,0.0,0.0,766.6375,0.0,500.0,0.0,0,0,1,0,E,E,E,174.777648,-41.3189
73e632ad-d8ec-4292-b749-2d4fa3797525,2,0.0,1688.865551,0.0,0.0,0.0,766.6375,0.0,200.0,0.0,0,0,1,0,E,E,E,174.778094,-41.320188
73fe1a61-f733-4978-92c7-cedb1737bceb,1,0.0,916.915624,16.07205,643.19,0.0,766.6375,0.0,0.0,0.1,1,0,0,0,E,E,D,174.788455,-41.322759
7410bc0b-bd22-4bb5-ad88-77138265f68c,1,312.5115,1930.093541,0.0,0.0,55.703537,766.6375,122.039655,500.0,0.05,0,1,1,0,E,M,E,174.797635,-41.323321
7426b928-6396-4996-a9a2-3e4b6ed6a280,5,696.7651,1736.777873,0.0,0.0,0.0,766.6375,0.0,500.0,0.05,0,0,1,0,M,E,E,174.794498,-41.32196
743ff646-4380-4465-9871-7bbbadb99b9f,2,0.0,1688.820788,0.0,0.0,0.0,766.6375,0.0,0.0,0.05,0,0,0,0,E,E,M,174.773697,-41.321538
74498523-383e-4862-a082-7c984b2a6bd1,2,197.9483,1942.206277,0.0,0.0,0.0,766.6375,0.0,500.0,0.0,0,0,1,0,E,E,E,174.778011,-41.32171
7450069a-4346-4f7c-a97f-c9ba99f164c4,1,0.0,905.524119,0.0,0.0,0.0,766.6375,0.0,0.0,0.1,0,0,0,0,M,E,M,174.774726,-41.318203
745b15a0-d220-4c3d-bad4-a79ab47529ed,1,297.3856,1840.237976,0.0,0.0,0.0,766.6375,0.0,500.0,0.0,0,0,1,0,E,E,E,174.7948,-41.317211
745bec75-5baf-4435-ba80-cb8109ef8ebe,1,471.6802,1956.109553,0.0,0.0,0.0,766.6375,0.0,500.0,0.1,0,0,1,0,D,E,E,174.800184,-41.324988
745e9a7e-4ac3-4909-9211-28f720e0eee2,1,0.0,1487.18328,0.0,0.0,0.0,766.6375,0.0,0.0,0.0,0,0,0,0,E,E,E,174.786201,-41.314505
7470a147-abf0-4dd2-b022-694aebc05e85,1,0.0,994.083307,18.691411,744.69,0.0,766.6375,0.0,0.0,0.05,1,0,0,0,E,E,M,174.7921,-41.320895
7470d7f5-ef47-49d9-ad4e-7a676277ba68,1,384.1992,1023.005436,0.0,0.0,0.0,766.6375,0.0,500.0,0.05,0,0,1,0,M,E,E,174.793561,-41.319247
74753db7-ec47-483f-85a3-4b05b4fa4579,1,0.0,1004.310547,0.0,0.0,0.0,766.6375,0.0,0.0,0.1,0,0,0,0,D,E,E,174.77463,-41.31122
74802120-ef8b-409f-8313-4dc3f6b2f7ae,4,0.0,967.874646,14.449302,798.8,0.0,766.6375,0.0,0.0,0.05,1,0,0,0,E,E,M,174.793369,-41.310047
74862f82-91c2-4f5e-98b9-0778c6688936,1,0.0,1629.731998,0.0,0.0,0.0,766.6375,0.0,200.0,0.0,0,0,1,0,E,E,E,174.775885,-41.314761
749e344e-8f60-4d25-9145-ec2456f92946,1,0.0,1004.686115,19.335735,643.19,0.0,766.6375,0.0,0.0,0.05,1,0,0,0,E,E,M,174.775706,-41.311599
74b509eb-f528-400d-a017-939d381df4c0,1,302.1724,1442.141361,0.0,0.0,0.0,766.6375,0.0,500.0,0.05,0,0,1,0,E,E,M,174.774605,-41.320861
74c90793-958a-40d5-88ce-add1172ead4d,1,428.6133,1918.044294,0.0,0.0,20.742861,766.6375,39.50012,1500.0,0.1,0,1,1,0,M,M,E,174.797676,-41.322068
74d47c81-255a-4b96-b905-f65089e0f090,3,0.0,1295.421219,15.844249,879.87,0.0,766.6375,0.0,200.0,0.05,1,0,1,0,E,E,M,174.785009,-41.316932
74d5b27d-168c-4db7-944f-7559ddb3edd3,11,695.0457,1902.668569,0.0,0.0,0.0,766.6375,0.0,500.0,0.0,0,0,1,0,E,E,E,174.795955,-41.320027
74f0beeb-aa17-46a9-997c-4b7e16034860,1,0.0,1719.940643,0.0,0.0,0.0,766.6375,0.0,0.0,0.0,0,0,0,0,E,E,E,174.784926,-41.31381
74f833c9-6068-4bb4-a473-7b730ff6be1f,3,0.0,1545.91651,0.0,0.0,0.0,766.6375,0.0,0.0,0.1,0,0,0,0,M,E,M,174.777554,-41.311765
75002c76-8fe7-40ca-8b02-de696ca9e52f,2,0.0,1850.257593,0.0,0.0,0.0,766.6375,0.0,200.0,0.05,0,0,1,0,M,E,E,174.777008,-41.320518
75029952-a5f7-4539-b211-779dc7e117de,1,0.0,1016.557678,0.0,0.0,0.0,766.6375,0.0,0.0,0.1,0,0,0,0,M,E,M,174.794058,-41.309493
75098af4-cdef-49fd-ab2f-020458c549e8,1,269.0451,1678.776275,6.150973,879.87,0.0,766.6375,0.0,1500.0,0.0,1,0,1,0,E,E,E,174.784439,-41.314729
750f8eff-cd51-43af-a9d1-9b53608e9ce8,1,191.3631,1689.284948,12.10423,1224.08,0.0,766.6375,0.0,1500.0,0.0,1,0,1,0,E,E,E,174.783562,-41.318321
751b5ae2-7acc-40a5-8134-f6b6011d3316,1,0.0,1859.61379,0.0,0.0,0.0,766.6375,0.0,200.0,0.0,0,0,1,0,E,E,E,174.800778,-41.319679
75264142-d655-41ba-a949-0733b502cf79,1,0.0,1286.44817,11.514093,744.69,0.0,766.6375,0.0,0.0,0.1,1,0,0,0,D,E,E,174.794954,-41.309491
75579e24-c514-4ed0-babe-4d4642e837e4,1,0.0,1670.249956,0.0,0.0,0.0,766.6375,0.0,200.0,0.0,0,0,1,0,E,E,E,174.793717,-41.323474
7569c086-82c4-465d-9716-6598bc2adad4,1,451.621,2072.892545,0.0,0.0,0.0,766.6375,0.0,500.0,0.05,0,0,1,0,M,E,E,174.778419,-41.31608
75822083-df2b-4c6c-92ac-d3a1965a9fa9,2,0.0,970.910161,0.0,0.0,0.0,766.6375,0.0,0.0,0.05,0,0,0,0,E,E,M,174.77547,-41.312068
75866dd0-5acf-4389-8dbb-f2cc618c1ab6,1,194.4643,1535.727259,0.0,0.0,0.0,766.6375,0.0,500.0,0.0,0,0,1,0,E,E,E,174.775347,-41.313971
75a3805f-6db1-4ddc-b1f3-f74f08596e2b,1,0.0,1521.160201,0.0,0.0,0.0,766.6375,0.0,200.0,0.0,0,0,1,0,E,E,E,174.780361,-41.316989
75b169e8-97c4-44ff-9e3b-7fd23cea1acb,1,317.0017,1887.75712,0.0,0.0,0.0,766.6375,0.0,2500.0,0.0,0,0,1,0,E,E,E,174.79985,-41.317899
75b8fa1b-ca02-4795-86d5-d9acf28db536,1,521.5154,1874.162293,0.0,0.0,0.0,766.6375,0.0,500.0,0.1,0,0,1,0,D,E,E,174.801209,-41.318664
75d237b4-0fdc-48aa-acef-dac74d0b42d2,1,0.0,1288.308369,0.0,0.0,0.0,766.6375,0.0,0.0,0.0,0,0,0,0,E,E,E,174.794994,-41.311378
75e09b9a-aeff-4c23-8498-dd5d0975c80e,1,0.0,1049.732497,0.0,0.0,0.0,766.6375,0.0,0.0,0.0,0,0,0,0,E,E,E,174.779477,-41.321041
75f09048-16fb-41b1-8778-8bf3bb898cf4,1,0.0,899.515895,0.0,0.0,0.0,766.6375,0.0,0.0,0.15,0,0,0,0,M,E,D,174.790975,-41.324594
75f7685d-0376-4cc4-aa7d-9f75b0eec484,1,406.7828,1914.58084,0.0,0.0,0.0,766.6375,0.0,500.0,0.0,0,0,1,0,E,E,E,174.802466,-41.322753
761c8c5c-4974-4f3d-b965-8080b6d6518a,1,0.0,1664.588545,0.0,0.0,0.0,766.6375,0.0,0.0,0.05,0,0,0,0,E,E,M,174.777754,-41.310489
7639dfb5-4c95-42e9-8605-a950de8821d2,1,269.0472,1872.138579,0.0,0.0,0.0,766.6375,0.0,1500.0,0.0,0,0,1,0,E,E,E,174.798294,-41.320871
76479ef7-4d25-4a56-acee-c36feca5bd8b,1,0.0,851.621378,26.686001,879.87,0.0,766.6375,0.0,0.0,0.1,1,0,0,0,E,E,D,174.775948,-41.312777
7670eccf-fd78-4764-8828-340b651acebc,3,0.0,1001.890397,0.0,0.0,0.0,766.6375,0.0,0.0,0.15,0,0,0,0,D,E,M,174.787508,-41.313242
7677f94f-9e9a-46fb-abc4-9a2d6c5563a6,1,181.3949,1691.35014,0.0,0.0,0.0,766.6375,0.0,1500.0,0.0,0,0,1,0,E,E,E,174.785565,-41.310328
76a258f0-0f06-4e1d-bbf1-15c92aac3c65,1,0.0,1956.365959,0.0,0.0,0.0,766.6375,0.0,200.0,0.0,0,0,1,0,E,E,E,174.799075,-41.324116
76b06a59-b09a-4807-9fb5-bb764a2a77a6,1,0.0,1580.328182,0.0,0.0,0.0,766.6375,0.0,0.0,0.05,0,0,0,0,M,E,E,174.775189,-41.313403
76b2c616-7190-4c9d-8793-a7db192bdb9b,1,336.6784,2171.477772,6.880799,643.19,0.0,766.6375,0.0,1500.0,0.0,1,0,1,0,E,E,E,174.779936,-41.319891
76bc5fb3-c526-4afa-b837-c256e99ab939,1,0.0,949.932402,0.0,0.0,0.0,766.6375,0.0,0.0,0.1,0,0,0,0,M,E,M,174.793076,-41.320631
76c1d91f-d9be-4aaa-b6d8-c41eab1b7610,1,0.0,873.992369,0.0,0.0,0.0,766.6375,0.0,0.0,0.15,0,0,0,0,M,E,D,174.791314,-41.321641
76ea05e7-8313-4a08-b675-19fe8eddcffe,1,0.0,993.833367,0.0,0.0,0.0,766.6375,0.0,0.0,0.0,0,0,0,0,E,E,E,174.791278,-41.315636
76ef8731-49fd-405f-b7fd-72291b52ab06,1,0.0,1059.462746,0.0,0.0,0.0,766.6375,0.0,0.0,0.0,0,0,0,0,E,E,E,174.786257,-41.311102
7706f6e3-29e8-4da7-a276-a5e92fd9755d,2,0.0,1665.834114,0.0,0.0,0.0,766.6375,0.0,200.0,0.0,0,0,1,0,E,E,E,174.793887,-41.317541
770fa0a8-1c83-433e-a758-93c9485a1a9a,1,253.0471,1856.380968,0.0,0.0,0.0,766.6375,0.0,4000.0,0.0,0,0,1,0,E,E,E,174.800896,-41.320871
77176ad3-cbcb-47c6-b690-0e895c98c3dd,1,205.9075,1898.579933,0.0,0.0,0.0,766.6375,0.0,500.0,0.0,0,0,1,0,E,E,E,174.784039,-41.31258
772fb39b-c8d4-4fc0-b9b4-8740db1b5141,1,402.2854,1918.193087,0.0,0.0,0.0,766.6375,0.0,500.0,0.05,0,0,1,0,M,E,E,174.80461,-41.324057
7740ce9c-fc13-49df-b2d2-bb86da251f72,1,0.0,952.727277,0.0,0.0,0.0,766.6375,0.0,0.0,0.1,0,0,0,0,M,E,M,174.793125,-41.320295
77457b04-b398-4a23-9658-9b7ecc61f113,2,0.0,982.224059,0.0,0.0,0.0,766.6375,0.0,0.0,0.1,0,0,0,0,E,E,D,174.787421,-41.324901
7766986a-e12d-4cdd-850a-155d33bd5b4e,1,384.899,1898.462807,0.0,0.0,0.0,766.6375,0.0,500.0,0.0,0,0,1,0,E,E,E,174.80528,-41.323825
776a0e31-293f-4196-abc7-3418df2bc329,1,234.8832,1546.591492,0.0,0.0,0.0,766.6375,0.0,1500.0,0.0,0,0,1,0,E,E,E,174.779682,-41.322898
77925238-1e7c-481d-af6e-87702b50d5a0,1,263.225,1809.562696,0.0,0.0,0.0,766.6375,0.0,1500.0,0.0,0,0,1,0,E,E,E,174.780385,-41.312366
779afbaf-52dc-45fc-97b8-46293a8abde0,1,0.0,1035.661488,5.700988,744.69,0.0,766.6375,0.0,0.0,0.0,1,0,0,0,E,E,E,174.785118,-41.315951
77a2d0f5-8451-494a-9f18-8468f7af1ee3,1,0.0,1150.61982,0.0,0.0,0.0,766.6375,0.0,0.0,0.05,0,0,0,0,M,E,E,174.775796,-41.312442
77a3f2c2-539d-49b6-9767-ca6d2bf5d24f,2,0.0,1500.402499,0.0,0.0,0.0,766.6375,0.0,200.0,0.0,0,0,1,0,E,E,E,174.779516,-41.315729
77b82098-51ef-4276-b749-8f9d6319997d,1,0.0,1641.330859,0.0,0.0,0.0,766.6375,0.0,0.0,0.0,0,0,0,0,E,E,E,174.77479,-41.318518
77bcb31b-8171-4ea9-98ed-e7136a126219,1,0.0,1117.18962,0.0,0.0,0.0,766.6375,0.0,0.0,0.1,0,0,0,0,D,E,E,174.787434,-41.313505
77ca55c2-3369-4774-a279-d77be24c8e65,2,0.0,951.027097,0.0,0.0,0.0,766.6375,0.0,0.0,0.1,0,0,0,0,E,E,D,174.790123,-41.324923
77ccefb2-a4a0-4127-88a1-1d3e800c7eeb,1,0.0,1676.76717,0.0,0.0,0.0,766.6375,0.0,0.0,0.0,0,0,0,0,E,E,E,174.773186,-41.321642
77d2543f-d590-4abd-a12b-0a5fa31e6afa,1,323.5307,1720.59671,0.0,0.0,0.0,766.6375,0.0,500.0,0.0,0,0,1,0,E,E,E,174.781429,-41.313674
77ddab62-3205-4e9a-b58e-9fac646cca23,1,0.0,1016.436791,17.346647,643.19,0.0,766.6375,0.0,0.0,0.05,1,0,0,0,E,E,M,174.791434,-41.321291
77e558fb-4d61-42dd-9498-514f8621ec95,1,0.0,1805.681048,0.0,0.0,0.0,766.6375,0.0,200.0,0.0,0,0,1,0,E,E,E,174.801855,-41.31949
780064f6-d5c6-42e0-826a-575a3f04d69b,1,0.0,1676.920446,0.0,0.0,0.0,766.6375,0.0,200.0,0.0,0,0,1,0,E,E,E,174.778079,-41.320116
782445f7-635a-493a-872c-5233b170e480,1,0.0,1856.328283,0.0,0.0,0.0,766.6375,0.0,0.0,0.05,0,0,0,0,E,E,M,174.783013,-41.316728
78299205-21d7-4342-9c8f-8866be498072,2,0.0,860.310817,14.120336,643.19,0.0,766.6375,0.0,0.0,0.1,1,0,0,0,E,E,D,174.77818,-41.313127
782c3b69-07ca-4c7a-ac99-a57683c272f9,1,264.1923,1919.470673,0.0,0.0,0.0,766.6375,0.0,500.0,0.05,0,0,1,0,M,E,E,174.798885,-41.320123
783465f8-3b42-4d61-b08a-807e8093377f,2,0.0,1004.486769,0.0,0.0,0.0,766.6375,0.0,0.0,0.05,0,0,0,0,E,E,M,174.775272,-41.31127
7838eb82-4892-40ec-962a-57edbde88c3e,1,0.0,1510.355893,0.0,0.0,0.0,766.6375,0.0,0.0,0.0,0,0,0,0,E,E,E,174.775484,-41.320986
783f93ac-59a9-41b7-809e-abd71a5c0c5b,1,406.9396,1743.171866,0.0,0.0,0.0,766.6375,0.0,2500.0,0.0,0,0,1,0,E,E,E,174.803922,-41.32261
787438e1-9f8f-4f4b-ba6f-55b7079d3856,3,213.5611,1657.946218,0.0,0.0,0.0,766.6375,0.0,4000.0,0.05,0,0,1,0,M,E,E,174.778274,-41.31373
788b745c-2192-4103-b0ad-91e3ea61b2c7,1,0.0,1586.494635,4.686563,643.19,0.0,766.6375,0.0,0.0,0.0,1,0,0,0,E,E,E,174.775048,-41.319805
7896a7df-47fb-4686-a19a-f7ce71bcb42f,1,248.5277,1457.916704,0.0,0.0,0.0,766.6375,0.0,2500.0,0.0,0,0,1,0,E,E,E,174.774257,-41.32239
7899cc06-725e-4e05-bfa5-0230f8b6db73,2,0.0,957.185818,13.958909,879.87,0.0,766.6375,0.0,0.0,0.05,1,0,0,0,E,E,M,174.777067,-41.322725
78b7e806-4f80-4221-996e-561823b8e7c5,1,0.0,1819.615526,0.0,0.0,0.0,766.6375,0.0,200.0,0.0,0,0,1,0,E,E,E,174.801702,-41.320258
78ba97a6-b892-4ca1-8ac6-747be33c4a4f,1,0.0,1642.178915,4.932312,879.87,0.0,766.6375,0.0,200.0,0.0,1,0,1,0,E,E,E,174.78532,-41.313518
78cc9d2d-5aa9-44d8-af38-d09902d89571,1,0.0,972.914234,17.797925,1224.08,0.0,766.6375,0.0,0.0,0.2,1,0,0,0,D,E,D,174.796444,-41.31009
78ce597e-b06b-419f-a139-45294b267f71,1,0.0,1755.591717,0.0,0.0,0.0,766.6375,0.0,200.0,0.05,0,0,1,0,M,E,E,174.78496,-41.312655
78d248de-e507-41b4-9c5a-b762dc6ab736,1,0.0,1391.0474,0.0,0.0,0.0,766.6375,0.0,200.0,0.05,0,0,1,0,M,E,E,174.792629,-41.324057
78ed6df1-f0cf-44a4-97e1-19fbd10ed6c7,1,208.4085,1909.264059,0.0,0.0,0.0,766.6375,0.0,500.0,0.0,0,0,1,0,E,E,E,174.798948,-41.319986
78f80978-18b4-408b-8504-c43d8598e1e7,1,364.2985,1954.084191,0.0,0.0,0.0,766.6375,0.0,500.0,0.05,0,0,1,0,M,E,E,174.798252,-41.323463
79044774-be8c-4c4f-8621-86985fb0fc41,1,0.0,855.133046,16.554688,798.8,0.0,766.6375,0.0,0.0,0.1,1,0,0,0,E,E,D,174.790009,-41.32181
7924658e-f02f-4258-a03c-1e710bbf37d5,1,0.0,983.769903,14.743013,798.8,0.0,766.6375,0.0,0.0,0.0,1,0,0,0,E,E,E,174.791695,-41.323235
79258907-3dc7-4408-8408-25441f751940,1,0.0,1730.268674,0.0,0.0,0.0,766.6375,0.0,200.0,0.0,0,0,1,0,E,E,E,174.777934,-41.314949
7947a6f8-dc4f-45f2-9640-4b8c386e7246,1,0.0,918.04613,0.0,0.0,0.0,766.6375,0.0,0.0,0.1,0,0,0,0,E,E,D,174.787426,-41.322052
795e99ff-5588-4cb9-b3df-e415fd706779,1,326.3685,1473.671427,0.0,0.0,0.0,766.6375,0.0,500.0,0.0,0,0,1,0,E,E,E,174.791973,-41.310901
7963964d-4b1b-4bd6-9671-9f3856dfc421,1,208.7838,930.007523,16.768371,1224.08,0.0,766.6375,245.617092,0.0,0.15,1,0,0,0,E,D,M,174.789136,-41.324895
7976172e-d390-4e15-a7f3-fd84b2d7c196,1,0.0,1679.548706,0.0,0.0,0.0,766.6375,0.0,0.0,0.05,0,0,0,0,M,E,E,174.774566,-41.324642
798c5629-d71d-417f-bcb0-918406a92b81,1,0.0,902.306753,15.433745,744.69,0.0,766.6375,0.0,0.0,0.1,1,0,0,0,M,E,M,174.786918,-41.32313
799f98a9-3e8c-42a2-8421-2c92c1e0464f,1,501.1574,1977.33304,0.0,0.0,0.0,766.6375,0.0,1500.0,0.05,0,0,1,0,M,E,E,174.799226,-41.321126
79aaed8d-c4a9-4d89-b239-8937537635fe,1,755.4101,1069.738714,0.0,0.0,0.0,766.6375,0.0,4000.0,0.0,0,0,1,0,E,E,E,174.792919,-41.310078
79b7bf02-a457-418f-aec9-f6c81bec5fb1,1,0.0,1672.800198,0.0,0.0,0.0,766.6375,0.0,0.0,0.0,0,0,0,0,E,E,E,174.786358,-41.311387
79e6df8c-4220-49f0-afb8-c7fccdb9494d,1,286.7576,1598.627798,0.0,0.0,0.0,766.6375,0.0,1500.0,0.0,0,0,1,0,E,E,E,174.785496,-41.311033
7a0691da-9408-45c8-ada3-fd2572c3567b,2,0.0,1137.412153,21.154263,1224.08,0.0,766.6375,0.0,0.0,0.05,1,0,0,0,E,E,M,174.795237,-41.310982
7a453e39-a740-4764-a074-b07a992108d2,1,222.5999,1877.336997,0.0,0.0,0.0,766.6375,0.0,500.0,0.0,0,0,1,0,E,E,E,174.799104,-41.319539
7a4bfe54-22f3-421c-b290-7479a5e7b2fe,2,569.4087,1895.496212,0.0,0.0,0.0,766.6375,0.0,500.0,0.05,0,0,1,0,M,E,E,174.800843,-41.318665
7a4f3389-8d5b-4845-96ae-012a4323a637,1,207.1076,1707.375412,5.396713,1224.08,0.0,766.6375,0.0,500.0,0.0,1,0,1,0,E,E,E,174.773064,-41.321948
7a54d653-fcba-4bae-9050-cf96c23c3cf7,4,452.0514,1563.599451,0.0,0.0,0.0,766.6375,0.0,500.0,0.05,0,0,1,0,M,E,E,174.779247,-41.313743
7a5dbef5-542e-4b68-a2e4-118df39a9e78,1,369.9132,1951.683265,0.0,0.0,0.0,766.6375,0.0,500.0,0.0,0,0,1,0,E,E,E,174.798113,-41.323432
7a659918-2921-4eb7-aaef-7bd3eed5abb8,2,398.5884,1775.688228,0.0,0.0,0.0,766.6375,0.0,1500.0,0.05,0,0,1,0,M,E,E,174.778794,-41.323581
7a6657ee-7c7d-400e-9df9-08df6a091c94,1,137.3943,1445.64846,0.0,0.0,0.0,766.6375,0.0,1500.0,0.05,0,0,1,0,M,E,E,174.776213,-41.320244
7a69a653-36a8-4b66-bdf3-aca3912aa2ef,4,0.0,1616.997513,0.0,0.0,0.0,766.6375,0.0,200.0,0.0,0,0,1,0,E,E,E,174.772957,-41.320512
7a762e57-77d6-4e21-ada7-c9afae4c1859,1,326.9213,1040.336253,0.0,0.0,0.0,766.6375,0.0,500.0,0.0,0,0,1,0,E,E,E,174.793573,-41.322037
7a8b3b1b-4b91-4cd3-81bb-277d23a0ddaa,1,0.0,1896.909981,0.0,0.0,0.0,766.6375,0.0,200.0,0.05,0,0,1,0,M,E,E,174.799768,-41.319346
7a9c2f84-837f-4490-8d35-10e740151384,1,255.1956,1794.890499,0.0,0.0,0.0,766.6375,0.0,500.0,0.0,0,0,1,0,E,E,E,174.782599,-41.312411
7aa3d01d-092e-473f-b529-7d56cacfe16e,3,0.0,1502.478861,0.0,0.0,0.0,766.6375,0.0,0.0,0.0,0,0,0,0,E,E,E,174.791954,-41.314919
7abc9a01-4ac7-4fd7-9cfb-25823c29dcf8,1,214.3019,1515.780737,0.0,0.0,0.0,766.6375,0.0,500.0,0.0,0,0,1,0,E,E,E,174.779039,-41.313852
7ae1583f-b89c-499d-803f-672be5c8857d,6,707.4721,1752.739597,0.0,0.0,0.0,766.6375,0.0,500.0,0.05,0,0,1,0,M,E,E,174.778186,-41.31195
7af3b7cc-52d8-42dd-a838-42f0e4e375c9,1,242.8488,1829.10751,0.0,0.0,0.0,766.6375,0.0,500.0,0.0,0,0,1,0,E,E,E,174.776179,-41.314202
7b09369d-f296-4bae-8481-72068236262f,205,0.0,1539.614706,0.0,0.0,0.0,766.6375,0.0,0.0,0.15,0,0,0,0,M,E,D,174.780853,-41.319065
7b0b814a-9067-494b-86f9-152504065756,1,0.0,1918.278319,0.0,0.0,0.0,766.6375,0.0,200.0,0.0,0,0,1,0,E,E,E,174.797792,-41.32029
7b20f02f-80ad-49df-a18f-7305f4065819,1,0.0,943.262331,13.532046,879.87,0.0,766.6375,0.0,0.0,0.05,1,0,0,0,E,E,M,174.790346,-41.312754
7b2a154f-c6b5-431b-a7b4-95d6545db776,1,265.5442,1928.591089,0.0,0.0,0.0,766.6375,0.0,1500.0,0.0,0,0,1,0,E,E,E,174.79707,-41.322008
7b6b3b43-2dcc-4022-ac8e-ad9b0ba1f5df,2,0.0,1135.946964,0.0,0.0,0.0,766.6375,0.0,0.0,0.0,0,0,0,0,E,E,E,174.777563,-41.313256
7b712f67-35b8-46c7-ae5f-d40441a5c2bc,1,0.0,1761.032423,0.0,0.0,0.0,766.6375,0.0,200.0,0.0,0,0,1,0,E,E,E,174.783912,-41.313262
7b75dcb1-f384-4eee-9dcb-e9cc32c86c10,2,406.9604,1746.001346,0.0,0.0,0.0,766.6375,0.0,500.0,0.0,0,0,1,0,E,E,E,174.781494,-41.315623
7b90541d-4134-4ff3-8b3e-fafba2f44ff5,1,0.0,799.959933,0.0,0.0,0.0,766.6375,0.0,0.0,0.15,0,0,0,0,M,E,D,174.786668,-41.315728
7b98599f-aefa-4517-bd82-461f5be07e10,1,344.6365,1745.643096,0.0,0.0,0.0,766.6375,0.0,1500.0,0.05,0,0,1,0,M,E,E,174.781242,-41.31249
7b9e5b73-0cd8-4af0-a11e-d70d2edf2d84,1,0.0,1646.15044,0.0,0.0,0.0,766.6375,0.0,0.0,0.05,0,0,0,0,M,E,E,174.779541,-41.321447
7bb4acd5-5ffc-4a8f-965a-5e93eca9e5a3,1,0.0,984.632128,0.0,0.0,0.0,766.6375,0.0,0.0,0.05,0,0,0,0,E,E,M,174.79374,-41.310929
7bbc2315-486f-4c65-8261-60f899746131,1,196.9621,981.722774,0.0,0.0,0.0,766.6375,0.0,1500.0,0.05,0,0,1,0,E,E,M,174.775419,-41.322515
7bbf9d76-09fe-4b91-9750-697ee2562cc1,1,319.8605,1906.283205,0.0,0.0,0.0,766.6375,0.0,1500.0,0.0,0,0,1,0,E,E,E,174.797925,-41.321363
7bec8c1e-bd4b-4fa9-9c2b-f4625373bdff,1,0.0,859.147487,0.0,0.0,0.0,766.6375,0.0,0.0,0.1,0,0,0,0,E,E,D,174.789883,-41.319012
7bf098ce-4226-4c57-bd28-3a61ca979ae0,1,141.2543,1878.254498,0.0,0.0,0.0,766.6375,0.0,500.0,0.0,0,0,1,0,E,E,E,174.777647,-41.318942
7c07d3fe-e84d-4526-8d51-28f368aadf66,1,0.0,852.781858,22.796858,1224.08,0.0,766.6375,0.0,0.0,0.1,1,0,0,0,E,E,D,174.7919,-41.3161
7c204ae6-ba27-4153-b0d2-01f63d2d9b6c,1,321.1577,1945.544222,0.0,0.0,0.0,766.6375,0.0,1500.0,0.05,0,0,1,0,M,E,E,174.780211,-41.319194
7c3685df-2831-4434-bc7a-d590e448cb65,1,0.0,1806.732549,0.0,0.0,0.0,766.6375,0.0,0.0,0.0,0,0,0,0,E,E,E,174.805351,-41.319737
7c3ff81e-ff3f-46f3-8113-bcb0ff2513ee,1,0.0,939.833881,19.445605,643.19,0.0,766.6375,0.0,0.0,0.05,1,0,0,0,E,E,M,174.787726,-41.323814
7c614ecc-d1ee-4419-9c02-e6fc74dfbbb1,1,168.0603,1627.111538,0.0,0.0,0.0,766.6375,0.0,500.0,0.0,0,0,1,0,E,E,E,174.783762,-41.30999
7c7a9f9b-7826-4aec-9e2f-fa5875a87aa2,1,0.0,1541.499008,0.0,0.0,0.0,766.6375,0.0,0.0,0.0,0,0,0,0,E,E,E,174.773925,-41.324157
7c9680ef-9d4c-4d44-8ede-3a0d5a44d087,1,0.0,1476.083085,0.0,0.0,0.0,766.6375,0.0,200.0,0.1,0,0,1,0,M,E,M,174.802728,-41.319828
7cb94076-31f6-4899-9a50-773ce78309ac,1,0.0,1886.361409,0.0,0.0,0.0,766.6375,0.0,0.0,0.05,0,0,0,0,M,E,E,174.777035,-41.311167
7cc913ed-4c6f-4a0b-86ec-54d407c8a35c,1,255.955,1589.764892,0.0,0.0,0.0,766.6375,0.0,500.0,0.0,0,0,1,0,E,E,E,174.776721,-41.318627
7ccedc42-2d43-4d48-a0ce-2484935ad129,1,0.0,1712.833291,0.0,0.0,0.0,766.6375,0.0,200.0,0.0,0,0,1,0,E,E,E,174.781132,-41.313713
7cd0c809-3913-40fd-ae15-50cf3f209055,2,216.2846,1631.60169,0.0,0.0,0.0,766.6375,0.0,500.0,0.0,0,0,1,0,E,E,E,174.783691,-41.312257
7ced495a-64b6-40e4-b871-8d252fa2f743,1,0.0,1403.577834,0.0,0.0,0.0,766.6375,0.0,0.0,0.0,0,0,0,0,E,E,E,174.774993,-41.319374
7cfb16e9-1b82-47d9-b506-70223055db50,1,113.1942,944.347742,9.309366,1224.08,0.0,766.6375,0.0,500.0,0.05,1,0,1,0,E,E,M,174.780118,-41.322014
7d003cd0-1163-4a97-87df-01fefaa111e0,1,0.0,1743.351576,0.0,0.0,0.0,766.6375,0.0,200.0,0.0,0,0,1,0,E,E,E,174.784374,-41.313261
7d03ac46-765b-4cc0-a52b-cd34bb17abef,2,0.0,1686.264648,0.0,0.0,0.0,766.6375,0.0,0.0,0.0,0,0,0,0,E,E,E,174.774965,-41.319985
7d0a29f5-2aca-4c34-973f-dd6e9934282f,1,0.0,1574.115319,0.0,0.0,0.0,766.6375,0.0,0.0,0.0,0,0,0,0,E,E,E,174.774489,-41.323809
7d114528-d52c-4f65-881b-251cfe25ef78,1,0.0,1892.904443,0.0,0.0,0.0,766.6375,0.0,200.0,0.0,0,0,1,0,E,E,E,174.799994,-41.320195
7d252114-c33c-49cf-9cf5-03438001f46b,1,192.0823,1732.375992,0.0,0.0,0.0,766.6375,0.0,500.0,0.0,0,0,1,0,E,E,E,174.780841,-41.310833
7d29daf8-a39c-4624-b8ba-f6e5287cf55e,1,0.0,1064.406585,0.0,0.0,0.0,766.6375,0.0,0.0,0.05,0,0,0,0,E,E,M,174.789677,-41.314445
7d2df287-e0fe-4976-8ab6-3ebda71c8bd6,1,434.1063,1907.650983,0.0,0.0,0.0,766.6375,0.0,500.0,0.0,0,0,1,0,E,E,E,174.802814,-41.323133
7d328ee2-8ae2-4605-a403-6a6bf7120839,1,0.0,1525.644313,0.0,0.0,0.0,766.6375,0.0,0.0,0.0,0,0,0,0,E,E,E,174.773977,-41.323849
7d3a05bd-f6e3-4682-bfd4-bb17d76bf845,1,224.2078,1591.662962,0.0,0.0,0.0,766.6375,0.0,500.0,0.0,0,0,1,0,E,E,E,174.793736,-41.321658
7d6c983c-3635-43ae-8b91-e04dc06dc091,1,0.0,1083.84759,0.0,0.0,0.0,766.6375,0.0,0.0,0.1,0,0,0,0,M,E,M,174.788061,-41.315494
7d984559-7e3c-4816-9c39-3a232d8c113d,1,668.1112,1716.768657,0.0,0.0,0.0,766.6375,0.0,1500.0,0.1,0,0,1,0,D,E,E,174.792242,-41.312171
7da644e9-6b3a-4f9e-bc01-b6ed4f88edc9,2,0.0,1540.706077,0.0,0.0,0.0,766.6375,0.0,0.0,0.05,0,0,0,0,M,E,E,174.793053,-41.316286
7db241df-e793-46c6-b892-078f3497b453,1,0.0,1268.10394,14.401525,1224.08,0.0,766.6375,0.0,0.0,0.0,1,0,0,0,E,E,E,174.788498,-41.31344
7dbaaf24-12e4-4e1c-88fb-37d5c775d8e4,1,107.0537,1674.301291,0.0,0.0,0.0,766.6375,0.0,4000.0,0.0,0,0,1,0,E,E,E,174.778909,-41.311862
7dc2db29-05df-4388-975c-82e71a1159c4,1,377.4957,1895.02871,0.0,0.0,0.0,766.6375,0.0,500.0,0.0,0,0,1,0,E,E,E,174.802566,-41.322835
7dc36622-2dc1-4721-bce0-21e386c605a9,1,234.7864,1785.828383,0.0,0.0,0.0,766.6375,0.0,500.0,0.05,0,0,1,0,M,E,E,174.781737,-41.314926
7dc58769-7e43-468b-b86b-16340f170fcf,1,375.4129,1544.772404,0.0,0.0,0.0,766.6375,0.0,1500.0,0.0,0,0,1,0,E,E,E,174.794053,-41.323283
7dd3335a-847e-4a53-9fbd-1171f937461e,1,306.4357,1885.00937,0.0,0.0,0.0,766.6375,0.0,500.0,0.0,0,0,1,0,E,E,E,174.796325,-41.323506
7dd8c205-084c-40b4-9cc5-5c266b37113b,4,208.9462,1728.258932,0.0,0.0,0.0,766.6375,0.0,1500.0,0.0,0,0,1,0,E,E,E,174.779332,-41.312921
7dee591f-b4d5-4f2b-a887-c4b37889fead,1,371.4896,1865.494504,0.0,0.0,0.0,766.6375,0.0,2500.0,0.0,0,0,1,0,E,E,E,174.804224,-41.32331
7dfb9f77-6122-49da-8440-501a1bb2ad87,1,0.0,1728.271425,0.0,0.0,0.0,766.6375,0.0,200.0,0.0,0,0,1,0,E,E,E,174.785018,-41.312327
7e1d5b9c-51aa-4d7d-a34d-940e983fef7c,1,0.0,1497.741062,14.44808,798.8,0.0,766.6375,0.0,0.0,0.1,1,0,0,0,E,E,D,174.774193,-41.321502
7e241c10-0ba3-488e-a586-6e75aad635c6,1,0.0,1652.699972,0.0,0.0,0.0,766.6375,0.0,0.0,0.05,0,0,0,0,M,E,E,174.772899,-41.323037
7e287a0f-1cf5-445c-b98b-10aab16b4ee2,1,5.3567,1078.279844,0.0,0.0,5.454853,766.6375,0.435918,0.0,0.0,0,1,0,0,E,E,E,174.786621,-41.311057
7e2e3e64-a344-458e-8c2b-3a0d2bcb7745,1,326.2438,1936.454269,0.0,0.0,0.0,766.6375,0.0,2500.0,0.0,0,0,1,0,E,E,E,174.803102,-41.323275
7e465247-c310-49cb-9557-147ac842f852,1,0.0,1778.458338,0.0,0.0,0.0,766.6375,0.0,200.0,0.05,0,0,1,0,M,E,E,174.794755,-41.323376
7e594f39-07fd-4b55-b402-eb9aa9d45b90,1,368.0915,1654.932648,0.0,0.0,0.0,766.6375,0.0,1500.0,0.05,0,0,1,0,M,E,E,174.776106,-41.320045
7e5d4ecb-f41b-46d7-a78b-09ecf9fefb0a,1,0.0,1083.628159,0.0,0.0,0.0,766.6375,0.0,0.0,0.0,0,0,0,0,E,E,E,174.790886,-41.313077
7e644177-0fcf-4ce6-9628-9de336a3a3ba,1,0.0,1527.30803,0.0,0.0,0.0,766.6375,0.0,0.0,0.05,0,0,0,0,E,E,M,174.777975,-41.310496
7e80c5da-ed3d-40cf-a3ca-a9b780f89939,1,255.4066,2229.494011,0.0,0.0,0.0,766.6375,0.0,1500.0,0.0,0,0,1,0,E,E,E,174.780176,-41.320716
7e834427-3886-4458-b168-a76183680445,1,293.9505,1687.418798,0.0,0.0,0.0,766.6375,0.0,500.0,0.0,0,0,1,0,E,E,E,174.774709,-41.320043
7e851346-a15d-4568-b7ea-ac70dd568c0c,1,272.1389,1679.423631,0.0,0.0,0.0,766.6375,0.0,500.0,0.0,0,0,1,0,E,E,E,174.779501,-41.313727
7e9e7434-f80d-46bf-bff0-f82cd99c7b38,2,285.0217,1741.189614,0.0,0.0,0.0,766.6375,0.0,1500.0,0.0,0,0,1,0,E,E,E,174.780021,-41.313405
7ea17095-4795-4e8d-89d4-750a7a7c159b,1,0.0,1999.515849,0.0,0.0,0.0,766.6375,0.0,200.0,0.05,0,0,1,0,M,E,E,174.776658,-41.309767
7ea39f9b-fbd6-4d8d-8252-127095e7467a,2,0.0,1429.832741,0.0,0.0,0.0,766.6375,0.0,200.0,0.05,0,0,1,0,E,E,M,174.785517,-41.311893
7eb22fa7-8667-4fd6-95ef-a289b11b5b47,1,341.7465,2257.242255,0.0,0.0,0.0,766.6375,0.0,1500.0,0.0,0,0,1,0,E,E,E,174.779957,-41.319455
7eda335a-c889-40cc-8e76-c516411512c5,1,275.5133,934.54084,0.0,0.0,0.0,766.6375,0.0,1500.0,0.05,0,0,1,0,E,E,M,174.797128,-41.310893
7ee2093b-6fe1-490f-9209-7242550e41f9,1,370.229,1943.158122,0.0,0.0,0.0,766.6375,0.0,500.0,0.0,0,0,1,0,E,E,E,174.796653,-41.324691
7ee67169-d15b-4821-b104-ef250e92a6dd,1,247.6936,1748.345897,0.0,0.0,0.0,766.6375,0.0,500.0,0.0,0,0,1,0,E,E,E,174.77607,-41.314195
7ee7b03d-7e2b-4bdd-8699-9f1d2685e18a,1,0.0,991.615624,0.0,0.0,0.0,766.6375,0.0,200.0,0.05,0,0,1,0,E,E,M,174.772448,-41.320147
7ee9a60c-1416-4cd5-95d2-dd6e38134760,2,0.0,1180.436991,0.0,0.0,0.0,766.6375,0.0,0.0,0.05,0,0,0,0,M,E,E,174.787546,-41.314465
7ef91afb-944e-4c8f-acb1-a2637dd37120,1,299.7288,1568.560516,0.0,0.0,0.0,766.6375,0.0,500.0,0.0,0,0,1,0,E,E,E,174.793933,-41.32127
7f0edfe8-bbc4-4132-8af4-e1fc57c6f1ec,1,0.0,1601.908218,0.0,0.0,0.0,766.6375,0.0,200.0,0.05,0,0,1,0,M,E,E,174.776725,-41.320483
7f1198e7-f8f9-455b-b1a0-f9759219fc33,2,0.0,1758.456933,0.0,0.0,0.0,766.6375,0.0,200.0,0.1,0,0,1,0,D,E,E,174.794077,-41.317429
7f159ec3-a961-4990-af59-01cb3e99ceb8,1,0.0,1097.084098,0.0,0.0,0.0,766.6375,0.0,0.0,0.05,0,0,0,0,M,E,E,174.777176,-41.321313
7f1ab0ff-02fb-4252-9e4e-6b63451180ca,1,327.4305,1693.184406,0.0,0.0,0.0,766.6375,0.0,4000.0,0.05,0,0,1,0,M,E,E,174.792581,-41.313306
7f32bd52-998f-4602-9163-9d90c0a0101e,2,0.0,901.756471,0.0,0.0,0.0,766.6375,0.0,0.0,0.15,0,0,0,0,M,E,D,174.786685,-41.316104
7f3ff8ce-0ab4-48d9-83f5-4744eb0a4cbb,3,444.7576,1441.300281,0.0,0.0,0.0,766.6375,0.0,1500.0,0.05,0,0,1,0,E,E,M,174.80428,-41.319102
7f42f816-8d36-4378-a211-1f09df9bf75b,2,0.0,1398.237017,0.0,0.0,0.0,766.6375,0.0,0.0,0.05,0,0,0,0,E,E,M,174.784656,-41.317052
7f44ba7a-5a10-4b7b-827a-0b44e97787d3,1,0.0,1083.523328,0.0,0.0,0.0,766.6375,0.0,0.0,0.0,0,0,0,0,E,E,E,174.777711,-41.312853
7f4e2df6-6534-4cd3-bf2d-c0f35f8d20fe,1,0.0,1077.346389,0.0,0.0,0.0,766.6375,0.0,0.0,0.15,0,0,0,0,D,E,M,174.795964,-41.310733
7f7d4380-25f1-409c-80b7-4f6b47acce54,2,0.0,1629.444214,0.0,0.0,0.0,766.6375,0.0,0.0,0.0,0,0,0,0,E,E,E,174.785553,-41.314272
7f92dc58-8726-4dc7-bdc0-1639922f8529,1,173.0683,1932.77579,0.0,0.0,0.0,766.6375,0.0,2500.0,0.05,0,0,1,0,M,E,E,174.797715,-41.317853
7f943c9b-0d8b-4700-ad2d-b50acd910ae9,1,0.0,842.881749,14.176378,744.69,0.0,766.6375,0.0,0.0,0.1,1,0,0,0,E,E,D,174.793206,-41.321115
7f95c74e-5b49-4487-b881-eaf5b45bd743,1,0.0,963.567867,16.592364,1224.08,0.0,766.6375,0.0,0.0,0.1,1,0,0,0,M,E,M,174.791667,-41.321984
7fd8a172-19c0-4e32-9fad-60bb83b508fb,1,317.7081,1764.305844,0.0,0.0,0.0,766.6375,0.0,500.0,0.0,0,0,1,0,E,E,E,174.783295,-41.314535
7fdd14ea-aa4d-46f1-97a7-834f9afdb6b3,1,0.0,1058.479965,5.579633,1224.08,0.0,766.6375,0.0,0.0,0.0,1,0,0,0,E,E,E,174.786312,-41.318272
7fde6365-e67e-4bb3-9e66-731c0df4ed1f,1,0.0,1686.626161,0.0,0.0,0.0,766.6375,0.0,200.0,0.0,0,0,1,0,E,E,E,174.783512,-41.319105
7ff91032-75fb-4862-a055-c0a28a22134b,1,0.0,1911.040839,0.0,0.0,0.0,766.6375,0.0,200.0,0.0,0,0,1,0,E,E,E,174.797884,-41.319968
7fffb6bd-02f9-4cd0-9331-d56b3c8e372f,1,0.0,921.240798,0.0,0.0,0.0,766.6375,0.0,0.0,0.05,0,0,0,0,E,E,M,174.792534,-41.319349
8015c028-bd0b-4221-a4f3-dbf8bfd0c01f,1,0.0,1773.997941,0.0,0.0,0.0,766.6375,0.0,200.0,0.05,0,0,1,0,M,E,E,174.794756,-41.323267
802afdaf-2d0a-4c8b-b2a7-50ced8c017ce,2,614.7413,1553.430331,0.0,0.0,0.0,766.6375,0.0,500.0,0.15,0,0,1,0,D,E,M,174.778478,-41.321408
8033dfec-4f7f-4280-8e7f-74ad77c0261f,1,0.0,1220.529817,15.518115,798.8,0.0,766.6375,0.0,0.0,0.0,1,0,0,0,E,E,E,174.795722,-41.31028
8047d868-ce2b-44e0-a59a-800d9b4c5057,1,322.3,1905.755,0.0,0.0,0.0,766.6375,0.0,500.0,0.0,0,0,1,0,E,E,E,174.79741,-41.324108
804ae8df-6e53-4809-83e4-042989f6ea03,1,256.2884,1929.687292,0.0,0.0,0.0,766.6375,0.0,500.0,0.0,0,0,1,0,E,E,E,174.795698,-41.3248
805df41a-a876-4d93-b941-4028bdbdc112,1,183.7523,1770.733067,0.0,0.0,0.0,766.6375,0.0,1500.0,0.0,0,0,1,0,E,E,E,174.780161,-41.312389
808a862f-54ce-4014-9902-db64a60fb4d2,1,0.0,1185.293347,0.0,0.0,0.0,766.6375,0.0,200.0,0.05,0,0,1,0,E,E,M,174.785002,-41.316501
808da065-f505-4947-8d8c-5b9dff17ae0a,1,0.0,932.172475,0.0,0.0,0.0,766.6375,0.0,0.0,0.1,0,0,0,0,E,E,D,174.794036,-41.309828
80b115be-0aeb-47d9-bd79-5c5e2ba9a933,1,0.0,1275.612722,18.718068,1224.08,0.0,766.6375,0.0,0.0,0.1,1,0,0,0,D,E,E,174.787848,-41.313315
80d14797-65e5-4e6c-8ca8-20b8e8c0d694,1,0.0,926.450245,0.0,0.0,0.0,766.6375,0.0,0.0,0.15,0,0,0,0,D,E,M,174.774561,-41.311031
80f7b0fb-f54a-420d-9ce5-a89f85644541,1,0.0,1665.55711,0.0,0.0,0.0,766.6375,0.0,0.0,0.0,0,0,0,0,E,E,E,174.775619,-41.313665
80fdd6bb-4cea-4a47-8d3e-17fb9410fd40,1,0.0,909.968542,25.763883,643.19,0.0,766.6375,0.0,0.0,0.1,1,0,0,0,E,E,D,174.791657,-41.321721
810bf8a1-b1c4-4fc2-a134-00aad7536b7f,1,0.0,1625.740503,0.0,0.0,0.0,766.6375,0.0,0.0,0.0,0,0,0,0,E,E,E,174.786846,-41.312936
811af8db-9884-48e2-8cd1-a4b0f1679e09,1,0.0,975.08692,0.0,0.0,0.0,766.6375,0.0,0.0,0.1,0,0,0,0,M,E,M,174.790695,-41.316677
814139bf-879a-43cd-8097-b3b6e6efe38b,2,0.0,1018.933114,0.0,0.0,0.0,766.6375,0.0,0.0,0.1,0,0,0,0,M,E,M,174.789483,-41.322722
81426a29-0fdc-444e-8d58-b645248c4e4a,1,174.3098,1940.406532,0.0,0.0,0.0,766.6375,0.0,1500.0,0.05,0,0,1,0,M,E,E,174.79909,-41.318006
814373e6-3c6c-4f34-99ce-0c74ef0efe60,1,0.0,970.465743,0.0,0.0,0.0,766.6375,0.0,0.0,0.05,0,0,0,0,E,E,M,174.785937,-41.315893
814b1b0c-3096-4b25-ae01-a94704e2db0d,1,0.0,1605.335421,0.0,0.0,0.0,766.6375,0.0,0.0,0.05,0,0,0,0,M,E,E,174.785486,-41.31536
814b66ec-643e-4289-8ff1-be3a11b2a10c,1,228.9898,1876.607453,0.0,0.0,0.0,766.6375,0.0,500.0,0.0,0,0,1,0,E,E,E,174.799164,-41.319355
814c1605-83c7-48b6-b642-cdc699aa380b,1,0.0,863.499492,22.078587,643.19,0.0,766.6375,0.0,0.0,0.1,1,0,0,0,E,E,D,174.79265,-41.322098
81506650-f5c9-4b1c-93a5-d731bc349478,2,318.5236,1844.79016,0.0,0.0,0.0,766.6375,0.0,500.0,0.0,0,0,1,0,E,E,E,174.794953,-41.31733
81582535-2a87-4a76-a573-d7c7fe1b1287,1,0.0,1088.319747,17.42875,1224.08,0.0,766.6375,0.0,0.0,0.1,1,0,0,0,M,E,M,174.789637,-41.325006
81598d94-d419-4b8e-bc19-dec7a479cbf2,1,382.5921,2207.794488,0.0,0.0,0.0,766.6375,0.0,1500.0,0.0,0,0,1,0,E,E,E,174.779795,-41.319885
816643,5,13500.6246,1786.056006,0.0,0.0,0.0,766.6375,0.0,1500.0,0.1,0,0,1,0,D,E,E,174.779007,-41.31712
81836bd8-9122-4aa7-b493-b6709f58b990,1,0.0,1829.902101,0.0,0.0,0.0,766.6375,0.0,0.0,0.0,0,0,0,0,E,E,E,174.801889,-41.321224
81877476-a659-4cba-a6f8-83ed1a9d0b07,1,399.626,1922.97402,0.0,0.0,0.0,766.6375,0.0,1500.0,0.05,0,0,1,0,M,E,E,174.800535,-41.321385
8189bc5b-2e3b-4456-8aa7-10038d61f9a4,1,0.0,1533.282009,0.0,0.0,0.0,766.6375,0.0,200.0,0.0,0,0,1,0,E,E,E,174.777353,-41.320113
819f0409-d2be-4e5a-b083-61bae9479a38,1,285.0999,1858.566915,0.0,0.0,0.0,766.6375,0.0,500.0,0.0,0,0,1,0,E,E,E,174.797988,-41.323973
81ad2274-a470-40ae-95f4-27353899a6ee,1,227.9736,1659.545924,0.0,0.0,0.0,766.6375,0.0,500.0,0.0,0,0,1,0,E,E,E,174.784245,-41.310598
81b18eeb-982a-49db-9edd-3934993f416b,1,0.0,1771.171706,0.0,0.0,0.0,766.6375,0.0,200.0,0.0,0,0,1,0,E,E,E,174.781265,-41.31423
81be9ffd-7aef-4487-acf2-cc074bdf7ac6,2,0.0,1530.903723,4.815995,744.69,0.0,766.6375,0.0,0.0,0.0,1,0,0,0,E,E,E,174.786223,-41.309915
81def951-ca63-4f31-88bf-0cba54c60a97,1,267.17,1648.291959,6.1295,744.69,0.0,766.6375,0.0,1500.0,0.0,1,0,1,0,E,E,E,174.783799,-41.318622
81f84666-9ba3-44fb-87e1-734b021f7675,1,270.9239,1931.177272,0.0,0.0,0.0,766.6375,0.0,1500.0,0.0,0,0,1,0,E,E,E,174.797034,-41.322086
82133b73-1632-4dea-b105-be8b702b04ea,1,447.4334,2159.859123,0.0,0.0,0.0,766.6375,0.0,500.0,0.0,0,0,1,0,E,E,E,174.776431,-41.314258
823f0ed9-80b2-4c25-811c-748d68d7bd01,1,532.8175,1841.315404,0.0,0.0,0.0,766.6375,0.0,500.0,0.0,0,0,1,0,E,E,E,174.795405,-41.317663
82552192-40d7-417b-ba26-41c33f37b4cb,1,0.0,1071.508343,0.0,0.0,0.0,766.6375,0.0,0.0,0.0,0,0,0,0,E,E,E,174.786493,-41.311068
825addc3-8370-4061-84ac-11b68271d6ae,1,0.0,1007.908918,0.0,0.0,0.0,766.6375,0.0,0.0,0.1,0,0,0,0,M,E,M,174.803968,-41.321415
82769d72-a05c-4c37-9b7a-3a42d59ce5d8,1,0.0,1080.813181,0.0,0.0,0.0,766.6375,0.0,0.0,0.05,0,0,0,0,E,E,M,174.787787,-41.320984
827743bb-faba-429b-b1c1-72762e185b9d,1,485.5054,1291.004422,0.0,0.0,0.0,766.6375,0.0,1500.0,0.1,0,0,1,0,M,E,M,174.776031,-41.320507
827eada3-bac7-46ba-aea9-fadb62575e4c,1,408.6615,1936.934953,0.0,0.0,0.0,766.6375,0.0,500.0,0.05,0,0,1,0,M,E,E,174.796138,-41.324094
828140da-b3bd-4e82-a027-b6fc71769967,1,466.9589,1840.996971,0.0,0.0,0.0,766.6375,0.0,1500.0,0.05,0,0,1,0,M,E,E,174.799121,-41.321345
82b09c88-67dc-4dc1-948e-f4dc520cb157,1,101.1647,1651.803374,0.0,0.0,0.0,766.6375,0.0,4000.0,0.0,0,0,1,0,E,E,E,174.779066,-41.312601
82bb2bbd-509e-498d-8130-5371d035adb8,1,204.1421,1933.507562,0.0,0.0,0.0,766.6375,0.0,2500.0,0.05,0,0,1,0,M,E,E,174.797566,-41.317989
82c0b154-04b4-4569-a5c2-6e8efe671d88,1,394.459,1696.72046,0.0,0.0,0.0,766.6375,0.0,4000.0,0.05,0,0,1,0,M,E,E,174.777936,-41.31447
82c441c1-be1f-4efd-8b10-a929f53fcd9d,1,0.0,929.98603,0.0,0.0,0.0,766.6375,0.0,0.0,0.1,0,0,0,0,E,E,D,174.788576,-41.324356
82ca3d46-ed32-4c9a-a9d6-33590c75e818,1,0.0,1736.120756,0.0,0.0,0.0,766.6375,0.0,200.0,0.0,0,0,1,0,E,E,E,174.778572,-41.314933
82d2ed69-b8be-4de4-8710-b0b8a1f88859,1,0.0,1038.47867,0.0,0.0,0.0,766.6375,0.0,0.0,0.05,0,0,0,0,E,E,M,174.7881,-41.321651
82eae134-67b3-4a4d-8a82-100dbd0cb4fd,1,0.0,1137.232315,0.0,0.0,0.0,766.6375,0.0,0.0,0.1,0,0,0,0,D,E,E,174.787878,-41.314081
830d3b3b-efa8-40cf-ada0-e8d2a57cb036,2,0.0,940.392572,15.928466,643.19,0.0,766.6375,0.0,0.0,0.05,1,0,0,0,E,E,M,174.786846,-41.322077
831beb83-58d0-4d37-b34d-cfb2f66c639c,1,0.0,1910.526745,0.0,0.0,0.0,766.6375,0.0,200.0,0.0,0,0,1,0,E,E,E,174.79663,-41.32313
8331b18d-9df4-4f9d-a04f-ae560958e2a5,1,0.0,1652.28914,0.0,0.0,0.0,766.6375,0.0,0.0,0.05,0,0,0,0,M,E,E,174.793307,-41.311622
833b7c0a-c9ea-4448-9075-107463777bb3,1,0.0,1613.095447,0.0,0.0,0.0,766.6375,0.0,200.0,0.1,0,0,1,0,D,E,E,174.784645,-41.318303
835d43a2-fad6-4395-9385-6c3e66635039,1,259.5114,1665.055368,0.0,0.0,0.0,766.6375,0.0,1500.0,0.0,0,0,1,0,E,E,E,174.775988,-41.320039
8369685c-5a52-497f-8ce9-8bc01134cb34,1,0.0,1666.392378,0.0,0.0,0.0,766.6375,0.0,200.0,0.0,0,0,1,0,E,E,E,174.785319,-41.313443
836c67cf-4f46-44ad-8554-716698a4bd1b,1,146.9536,1718.565854,0.0,0.0,0.0,766.6375,0.0,500.0,0.0,0,0,1,0,E,E,E,174.782548,-41.314637
837ddca8-3712-4b01-af0c-7566f88b3c95,1,0.0,1891.049013,0.0,0.0,0.0,766.6375,0.0,200.0,0.05,0,0,1,0,M,E,E,174.798784,-41.324083
837ed9ab-d495-4c0f-b7af-e2195e618790,1,445.7691,1870.524111,0.0,0.0,0.0,766.6375,0.0,2500.0,0.05,0,0,1,0,M,E,E,174.803549,-41.322951
838f7b03-6382-43fb-8fb2-096a217a8223,1,287.8982,1871.10969,0.0,0.0,0.0,766.6375,0.0,1500.0,0.0,0,0,1,0,E,E,E,174.78067,-41.312597
83a9756f-1542-4e8b-b6c1-e1247d7b9c87,1,285.733,1878.694555,0.0,0.0,0.0,766.6375,0.0,2500.0,0.05,0,0,1,0,M,E,E,174.797918,-41.318696
83aadd53-674a-4046-888e-d825761866ff,2,0.0,1784.761621,0.0,0.0,0.0,766.6375,0.0,200.0,0.0,0,0,1,0,E,E,E,174.780528,-41.313859
83bdce63-b170-468b-92de-27d6c70521e4,1,165.6122,1013.045509,0.0,0.0,0.0,766.6375,0.0,1500.0,0.05,0,0,1,0,E,E,M,174.779655,-41.32061
84181b13-21eb-46e8-8e6c-1f8ca8e8f402,1,0.0,1023.138032,0.0,0.0,0.0,766.6375,0.0,0.0,0.0,0,0,0,0,E,E,E,174.785818,-41.315508
841cf05e-5eac-4d40-8d95-df02ed47ede6,2,0.0,1670.351442,0.0,0.0,0.0,766.6375,0.0,200.0,0.05,0,0,1,0,M,E,E,174.784355,-41.315699
844211e3-5407-45cf-876f-8ec58fa7e529,1,0.0,1838.134721,0.0,0.0,0.0,766.6375,0.0,0.0,0.1,0,0,0,0,D,E,E,174.776234,-41.32255
844bf24d-d13f-4eeb-8caf-22021ea48568,1,197.7993,1574.198006,0.0,0.0,0.0,766.6375,0.0,500.0,0.05,0,0,1,0,M,E,E,174.778502,-41.319848
8452b181-f2d2-4c85-8e44-59f638eaded0,1,83.3961,1907.134082,0.0,0.0,0.0,766.6375,0.0,1500.0,0.0,0,0,1,0,E,E,E,174.796807,-41.316989
846c11a5-ac07-486b-b2b2-f012909096a5,1,0.0,999.507861,0.0,0.0,0.0,766.6375,0.0,0.0,0.05,0,0,0,0,E,E,M,174.791455,-41.317561
8477b646-5df2-4e81-b50f-3e1b8e1ffb5d,5,0.0,1315.400815,0.0,0.0,0.0,766.6375,0.0,200.0,0.1,0,0,1,0,D,E,E,174.784707,-41.317972
848aa416-4f8c-4ecf-b20f-c85844ae9fdb,1,0.0,862.168597,0.0,0.0,0.0,766.6375,0.0,0.0,0.15,0,0,0,0,M,E,D,174.78797,-41.321938
84910191-d179-4df4-825f-c9b25eb5fc09,1,0.0,1399.0322,0.0,0.0,0.0,766.6375,0.0,0.0,0.05,0,0,0,0,E,E,M,174.77245,-41.31988
849a96ee-18ab-474d-a141-ccfaa20c2793,1,0.0,1287.539878,0.0,0.0,0.0,766.6375,0.0,0.0,0.05,0,0,0,0,E,E,M,174.773489,-41.323446
84acea9c-a228-4345-9d42-864d17ceadd4,1,281.2918,1742.548489,0.0,0.0,0.0,766.6375,0.0,1500.0,0.0,0,0,1,0,E,E,E,174.784551,-41.314218
84b80d43-c5d3-4a35-8284-1e5426cd072b,2,229.5864,1481.47217,0.0,0.0,0.0,766.6375,0.0,500.0,0.0,0,0,1,0,E,E,E,174.777758,-41.312067
84c9df7f-23c7-4629-8043-d4f9cc8fa7fc,1,0.0,1888.970153,0.0,0.0,0.0,766.6375,0.0,200.0,0.1,0,0,1,0,D,E,E,174.800686,-41.316526
84ce1efe-d586-4588-b237-bc8daf456df7,1,0.0,1776.952944,0.0,0.0,0.0,766.6375,0.0,0.0,0.05,0,0,0,0,M,E,E,174.802046,-41.320511
84dfbd59-cb95-40b7-9c5d-c7173f02d797,1,316.0253,1050.606764,0.0,0.0,0.0,766.6375,0.0,1500.0,0.0,0,0,1,0,E,E,E,174.796958,-41.310933
84e3ce89-465a-4ea8-a016-d7002177ac2d,1,169.965,1687.860477,0.0,0.0,0.0,766.6375,0.0,500.0,0.0,0,0,1,0,E,E,E,174.778088,-41.319217
84ee4eaa-b895-46ff-b941-e838ed58d767,1,291.7881,1083.324661,0.0,0.0,0.0,766.6375,0.0,1500.0,0.05,0,0,1,0,M,E,E,174.780019,-41.323064
84fd9d0b-95eb-4d20-be07-c86c71209611,1,326.5702,1922.241852,0.0,0.0,0.0,766.6375,0.0,1500.0,0.0,0,0,1,0,E,E,E,174.798448,-41.321358
85062812-8220-4edc-b48e-1d521299c9dd,1,0.0,1009.676935,0.0,0.0,0.0,766.6375,0.0,200.0,0.0,0,0,1,0,E,E,E,174.791118,-41.310713
8514e609-0f86-49bd-b7d7-df0d182ac98d,1,363.1557,1802.747466,0.0,0.0,0.0,766.6375,0.0,4000.0,0.0,0,0,1,0,E,E,E,174.801528,-41.320832
855b7afa-08ea-4dd6-ae83-e56de590c8ba,4,490.2729,1666.123267,0.0,0.0,0.0,766.6375,0.0,4000.0,0.0,0,0,1,0,E,E,E,174.779381,-41.323598
855d4194-fef7-4e76-aac6-9f36174b533c,3,0.0,919.996796,0.0,0.0,0.0,766.6375,0.0,0.0,0.05,0,0,0,0,E,E,M,174.793335,-41.319448
85656879-9ba5-4593-a79a-57a9d2ae8684,1,167.8807,1582.471809,0.0,0.0,0.0,766.6375,0.0,1500.0,0.0,0,0,1,0,E,E,E,174.785708,-41.310946
8580418c-88f7-47bb-aa94-e77ad9d899be,1,0.0,1852.064111,0.0,0.0,0.0,766.6375,0.0,0.0,0.0,0,0,0,0,E,E,E,174.776232,-41.322785
85919f8e-b3a4-41c3-825d-0cff695e8338,1,0.0,1786.296811,0.0,0.0,0.0,766.6375,0.0,200.0,0.0,0,0,1,0,E,E,E,174.795612,-41.323375
85983328-c742-4865-bc82-3908d8532704,1,0.0,1001.413877,0.0,0.0,0.0,766.6375,0.0,0.0,0.05,0,0,0,0,M,E,E,174.79098,-41.315317
85999f9a-a8b5-4214-8ce4-f84b01112817,1,0.0,964.19854,17.835204,879.87,0.0,766.6375,0.0,0.0,0.1,1,0,0,0,M,E,M,174.791008,-41.315498
85c91208-3e36-4a3a-9705-fdfc3873c139,1,0.0,1043.247057,0.0,0.0,0.0,766.6375,0.0,0.0,0.05,0,0,0,0,M,E,E,174.772154,-41.319857
85cb0e77-dba6-44b6-aed3-35bdcd452397,1,0.0,1022.033246,0.0,0.0,0.0,766.6375,0.0,0.0,0.0,0,0,0,0,E,E,E,174.791301,-41.315552
85e82604-3b2a-42ca-bc2b-1a1ad0c30d16,1,0.0,961.463635,0.0,0.0,0.0,766.6375,0.0,0.0,0.1,0,0,0,0,E,E,D,174.791178,-41.321266
8615065b-30f4-4f06-b96f-af2ed4d713d7,1,0.0,1839.035765,0.0,0.0,0.0,766.6375,0.0,200.0,0.05,0,0,1,0,M,E,E,174.797956,-41.324249
8621d039-2682-4176-962c-a9524f05a476,2,0.0,1564.400206,0.0,0.0,0.0,766.6375,0.0,0.0,0.05,0,0,0,0,M,E,E,174.77316,-41.323399
862e31ee-0a71-483b-8673-b3771f7e0eda,1,393.506,1884.508069,0.0,0.0,0.0,766.6375,0.0,500.0,0.05,0,0,1,0,M,E,E,174.801422,-41.318589
86673f16-34b3-44f2-9c90-0424bc7ff58e,1,0.0,1863.95237,0.0,0.0,0.0,766.6375,0.0,200.0,0.0,0,0,1,0,E,E,E,174.796865,-41.322509
8698c88e-8bd1-45c1-9b28-b2bb14c75bd3,1,299.0673,1626.631648,0.0,0.0,0.0,766.6375,0.0,500.0,0.0,0,0,1,0,E,E,E,174.778365,-41.320986
86a2edf4-40ab-49a7-a771-6dcd6d4f10fc,1,685.98,1580.21417,0.0,0.0,0.0,766.6375,0.0,4000.0,0.05,0,0,1,0,M,E,E,174.773662,-41.319377
86b65ecb-91b8-43de-9d8a-8df7ff303de6,1,163.9778,1766.013137,0.0,0.0,0.0,766.6375,0.0,500.0,0.0,0,0,1,0,E,E,E,174.782112,-41.314084
86b80d42-6955-45c6-be84-e709d634ccbe,1,0.0,1833.577477,0.0,0.0,0.0,766.6375,0.0,200.0,0.0,0,0,1,0,E,E,E,174.787977,-41.312334
86ba6352-4b22-446c-b1ec-1405af7ad314,1,0.0,2536.587474,0.0,0.0,0.0,766.6375,0.0,0.0,0.0,0,0,0,0,E,E,E,174.777923,-41.323415
86bb6c3e-b0e1-44ea-9add-c2f57ec95ec0,1,0.0,918.250478,17.303474,744.69,0.0,766.6375,0.0,0.0,0.1,1,0,0,0,M,E,M,174.792527,-41.31903
873b1407-3546-476e-ba8d-84eed1f7f895,1,144.9276,1817.284801,0.0,0.0,0.0,766.6375,0.0,500.0,0.0,0,0,1,0,E,E,E,174.78243,-41.314254
8748893f-63a5-4ab5-b8fe-b51e01e61489,1,247.9619,1777.868656,0.0,0.0,0.0,766.6375,0.0,500.0,0.0,0,0,1,0,E,E,E,174.782724,-41.31239
874adafa-322a-4ca6-b30f-1bda5a747d26,9,972.3548,1647.850388,0.0,0.0,0.0,766.6375,0.0,500.0,0.05,0,0,1,0,M,E,E,174.77849,-41.312007
87560feb-7c2f-43be-9ed8-3c8513351c6a,1,314.3684,1619.155757,0.0,0.0,0.0,766.6375,0.0,500.0,0.0,0,0,1,0,E,E,E,174.791913,-41.311778
877cb37b-a052-45bb-81c6-e3229dd1f668,1,0.0,1166.690386,0.0,0.0,0.0,766.6375,0.0,0.0,0.05,0,0,0,0,E,E,M,174.795771,-41.310194
877e248e-9ff3-4061-8b9c-5da4c27cb9b0,1,278.3463,2167.605027,0.0,0.0,0.0,766.6375,0.0,4000.0,0.0,0,0,1,0,E,E,E,174.786875,-41.312072
87926b17-2179-40f0-882e-e2596a2b2f75,1,154.0195,1553.244178,0.0,0.0,0.0,766.6375,0.0,1500.0,0.05,0,0,1,0,M,E,E,174.785014,-41.311566
87a7f903-b29b-4eb5-a556-e4acc011af4b,1,328.4301,1493.887698,0.0,0.0,0.0,766.6375,0.0,500.0,0.0,0,0,1,0,E,E,E,174.793746,-41.322185
87b6ff6a-011b-4365-8c8f-30b2d8d117cc,1,0.0,1071.031602,5.639815,1224.08,0.0,766.6375,0.0,0.0,0.0,1,0,0,0,E,E,E,174.791423,-41.317453
87d5f675-acac-4468-9358-afbb03f014f4,1,130.2693,1494.397106,0.0,0.0,0.0,766.6375,0.0,1500.0,0.05,0,0,1,0,M,E,E,174.776341,-41.320213
87d96c48-edf0-4894-874c-ede581941a66,1,0.0,1006.838705,0.0,0.0,0.0,766.6375,0.0,0.0,0.05,0,0,0,0,E,E,M,174.775307,-41.312906
87ec8afe-0096-4617-92a3-b4ff03fd0b3b,1,337.7673,1622.265671,0.0,0.0,0.0,766.6375,0.0,500.0,0.0,0,0,1,0,E,E,E,174.778982,-41.321038
87efb4c5-d983-4d04-a1cf-ce09602c0d04,2,731.9551,1786.478777,0.0,0.0,0.0,766.6375,0.0,500.0,0.0,0,0,1,0,E,E,E,174.780274,-41.313092
88044ef1-05b1-4aff-85bd-8e2499a48533,1,291.6569,1577.527546,0.0,0.0,0.0,766.6375,0.0,4000.0,0.0,0,0,1,0,E,E,E,174.792172,-41.310277
88085741-0f90-4fb8-bfb2-e970d8cf8b18,1,257.4667,1695.422615,14.040048,744.69,0.0,766.6375,0.0,500.0,0.0,1,0,1,0,E,E,E,174.772309,-41.32234
8813f901-f02e-486a-aa08-b0886f12b225,1,0.0,1687.598547,0.0,0.0,0.0,766.6375,0.0,200.0,0.05,0,0,1,0,M,E,E,174.778588,-41.320502
883a1279-e7e0-49b0-bfa1-aa113cf3a716,1,307.3133,1548.295126,0.0,0.0,0.0,766.6375,0.0,500.0,0.0,0,0,1,0,E,E,E,174.794051,-41.322372
884b2644-c6bd-4fcd-92b9-600f7ce3ab93,4,0.0,1732.82103,0.0,0.0,0.0,766.6375,0.0,200.0,0.0,0,0,1,0,E,E,E,174.784589,-41.312814
885263df-80fc-439d-aace-15980b72515d,3,205.5378,1893.049796,0.0,0.0,0.0,766.6375,0.0,500.0,0.0,0,0,1,0,E,E,E,174.798766,-41.319023
886678c9-04b2-4a60-a201-23d183f32b76,1,340.1155,1588.854848,0.0,0.0,0.0,766.6375,0.0,4000.0,0.0,0,0,1,0,E,E,E,174.778708,-41.314176
887689a1-1fab-41b4-bfbb-c4d4daee549e,1,0.0,1631.271649,0.0,0.0,0.0,766.6375,0.0,0.0,0.0,0,0,0,0,E,E,E,174.779614,-41.321489
887981e3-730a-4da7-926d-9d2b74085643,1,0.0,1393.828431,0.0,0.0,0.0,766.6375,0.0,200.0,0.05,0,0,1,0,M,E,E,174.785897,-41.316919
88816a76-45ed-4038-b26c-c40c4789630a,1,0.0686,1214.193305,0.0,0.0,3.75,766.6375,0.038466,0.0,0.0,0,1,0,0,E,E,E,174.795575,-41.309555
888e5671-f58f-4c0a-b0c2-55ba1163a554,11,0.0,2098.376966,23.189441,798.8,0.0,766.6375,0.0,200.0,0.1,1,0,1,0,M,E,M,174.782448,-41.311659
88a8280a-c4e8-4db1-908b-b0055da9e56f,1,506.46,1680.097844,0.0,0.0,0.0,766.6375,0.0,500.0,0.05,0,0,1,0,M,E,E,174.792982,-41.311549
88a92748-9747-4b8f-b76f-d7798ca25963,1,250.1782,1951.571053,0.0,0.0,0.0,766.6375,0.0,1500.0,0.0,0,0,1,0,E,E,E,174.799576,-41.321104
88c4ec17-dbad-4fb2-8cc3-686e851938e2,2,245.4444,1617.811075,0.0,0.0,0.0,766.6375,0.0,500.0,0.0,0,0,1,0,E,E,E,174.781304,-41.310756
88c536e1-386b-4680-94d3-5957494b276b,1,0.0,1012.717124,0.0,0.0,0.0,766.6375,0.0,0.0,0.0,0,0,0,0,E,E,E,174.791906,-41.325011
88dbdaf2-2861-413a-b00a-21908116c18d,1,212.9732,1946.243351,0.0,0.0,0.0,766.6375,0.0,500.0,0.0,0,0,1,0,E,E,E,174.79904,-41.319734
89063ce0-423d-41ce-81a8-471970c32135,1,702.9635,1599.719976,0.0,0.0,0.0,766.6375,0.0,500.0,0.05,0,0,1,0,M,E,E,174.792978,-41.311293
89133367-3b8d-434f-82cc-d27d1b18ad4d,1,0.0,983.238389,12.596395,1224.08,0.0,766.6375,0.0,0.0,0.05,1,0,0,0,E,E,M,174.776567,-41.320907
89165a7b-2357-42bc-bb12-833b65fa2adf,1,651.6367,1930.820676,0.0,0.0,0.0,766.6375,0.0,1500.0,0.0,0,0,1,0,E,E,E,174.797526,-41.317544
89186539-7f35-48e2-bf74-f85f47bab8b8,1,0.0,1549.924713,0.0,0.0,0.0,766.6375,0.0,200.0,0.0,0,0,1,0,E,E,E,174.785334,-41.316794
8930c79a-cefd-483d-82e0-7919330d3940,1,342.336,1721.080307,0.0,0.0,0.0,766.6375,0.0,500.0,0.0,0,0,1,0,E,E,E,174.804586,-41.323494
893216d4-647f-41d9-b91b-4ee67d8d4e44,1,302.5563,1311.833799,0.0,0.0,0.0,766.6375,0.0,1500.0,0.05,0,0,1,0,E,E,M,174.779183,-41.322905
893f72c4-e04e-4a53-bf94-23b41d563cbd,2,0.0,1112.126059,0.0,0.0,0.0,766.6375,0.0,0.0,0.1,0,0,0,0,M,E,M,174.788241,-41.314431
89421649-7c13-4910-85e5-a7ef6e9176d8,1,168.9493,1713.757,0.0,0.0,0.0,766.6375,0.0,1500.0,0.05,0,0,1,0,M,E,E,174.780142,-41.311853
89423a04-3c4c-43cb-8360-43762e7917bd,1,330.2195,1741.979913,0.0,0.0,0.0,766.6375,0.0,1500.0,0.0,0,0,1,0,E,E,E,174.793823,-41.324356
896050a2-b2b8-4bab-90a6-2dd7db4fd1a1,2,0.0,955.95024,0.0,0.0,0.0,766.6375,0.0,0.0,0.05,0,0,0,0,E,E,M,174.776495,-41.312729
899cdd4d-b63a-4a88-abf3-c7511831c7ed,1,266.1622,1861.317357,0.0,0.0,0.0,766.6375,0.0,4000.0,0.0,0,0,1,0,E,E,E,174.800855,-41.320946
89a6bd6e-1ace-4051-aa42-2e66626a6da8,1,0.0,1029.563295,0.0,0.0,0.0,766.6375,0.0,0.0,0.0,0,0,0,0,E,E,E,174.774865,-41.318528
89b8fc58-634b-4cd5-adaa-755acea510cd,1,0.0,1695.477227,0.0,0.0,0.0,766.6375,0.0,200.0,0.0,0,0,1,0,E,E,E,174.785793,-41.312942
89c224dd-f472-4a2a-8c0c-cdeff4aabdbf,1,383.9921,1928.872486,0.0,0.0,0.0,766.6375,0.0,500.0,0.05,0,0,1,0,M,E,E,174.798472,-41.319993
89c67acb-7b0f-4fb1-86de-f65d8e4a8c84,1,0.0,1026.303055,15.992558,798.8,0.0,766.6375,0.0,0.0,0.0,1,0,0,0,E,E,E,174.790583,-41.312121
89cbf8ce-8681-4ed2-9b87-33fe27765ade,1,0.0,1940.499045,0.0,0.0,0.0,766.6375,0.0,0.0,0.0,0,0,0,0,E,E,E,174.783069,-41.316485
89d12838-faed-454a-8467-a2f26c79d389,1,285.2925,1761.60731,0.0,0.0,0.0,766.6375,0.0,1500.0,0.0,0,0,1,0,E,E,E,174.78458,-41.314312
89dbc8b6-667a-4771-8d5d-9f019fd61c2f,1,312.4801,2208.908347,0.0,0.0,0.0,766.6375,0.0,1500.0,0.05,0,0,1,0,M,E,E,174.779816,-41.320173
89de6de5-6d8e-435e-b70f-9776412b71c3,1,0.0,1240.258556,0.0,0.0,0.0,766.6375,0.0,0.0,0.1,0,0,0,0,E,E,D,174.773644,-41.322813
89e60fb7-9395-42c5-a80e-34f959a79d8e,1,0.0,1792.997302,4.798592,1224.08,0.0,766.6375,0.0,200.0,0.0,1,0,1,0,E,E,E,174.777911,-41.315002
8a17f606-2226-4422-8648-9cb0c449c953,1,374.5486,1783.247447,0.0,0.0,0.0,766.6375,0.0,1500.0,0.0,0,0,1,0,E,E,E,174.772404,-41.320978
8a2a6487-1a5d-4e91-8f35-d173fb7fe82e,1,0.0,1800.816974,0.0,0.0,0.0,766.6375,0.0,0.0,0.05,0,0,0,0,E,E,M,174.784367,-41.317077
8a2a7806-8bb9-4bb7-a483-c8cf752f127f,2,0.0,985.221493,9.578545,643.19,0.0,766.6375,0.0,0.0,0.05,1,0,0,0,E,E,M,174.775257,-41.311363
8a78eabe-cffc-45f5-b52b-8f3b6b3964da,1,0.0,1372.645511,14.227689,643.19,0.0,766.6375,0.0,200.0,0.0,1,0,1,0,E,E,E,174.785184,-41.31629
8a7b61d0-857b-4937-87ba-66ddd7ac1686,1,101.7428,1699.356864,0.0,0.0,0.0,766.6375,0.0,4000.0,0.0,0,0,1,0,E,E,E,174.786241,-41.312339
8a81eb0c-7b2f-42cd-87a1-e9720b1232de,2,110.3284,1761.398544,0.0,0.0,0.0,766.6375,0.0,500.0,0.0,0,0,1,0,E,E,E,174.779616,-41.313855
8a9043b8-d2a0-40c7-b91a-8f1424c9f6a2,2,490.4025,2196.008612,0.0,0.0,0.0,766.6375,0.0,1500.0,0.05,0,0,1,0,M,E,E,174.779659,-41.31912
8a91afc0-cfce-4e16-8a40-18a083f53a9e,3,226.5817,1404.765529,0.0,0.0,0.0,766.6375,0.0,1500.0,0.0,0,0,1,0,E,E,E,174.784832,-41.315126
8aa5b3c3-7683-40d6-a086-f37171f505d2,1,0.0,1656.341517,0.0,0.0,0.0,766.6375,0.0,0.0,0.05,0,0,0,0,M,E,E,174.786354,-41.310408
8aa832b8-8f99-43ac-b432-37d0d0dd8d98,1,0.0,1596.557207,12.458068,643.19,0.0,766.6375,0.0,0.0,0.0,1,0,0,0,E,E,E,174.782767,-41.317087
8aabdf9a-c5d8-425d-adff-a8f30d92b13a,1,434.3492,1892.606467,0.0,0.0,0.0,766.6375,0.0,1500.0,0.05,0,0,1,0,M,E,E,174.795731,-41.31661
8ab67875-5c17-40a0-a2d9-931d723f2513,5,611.0424,2265.078119,0.0,0.0,0.0,766.6375,0.0,1500.0,0.05,0,0,1,0,M,E,E,174.779315,-41.318698
8accae41-448d-417d-914c-2b41d3044b61,1,0.0,1848.224443,0.0,0.0,0.0,766.6375,0.0,200.0,0.05,0,0,1,0,M,E,E,174.800128,-41.319716
8ae1ab68-2cbf-47d9-b2a1-b86dbf8a49dc,20,0.0,1092.948896,0.0,0.0,0.0,766.6375,0.0,0.0,0.15,0,0,0,0,D,E,M,174.785023,-41.317988
8af3c738-a4e9-4596-874a-13316b324b5d,1,0.0,941.179357,24.041188,1224.08,0.0,766.6375,0.0,0.0,0.1,1,0,0,0,E,E,D,174.788055,-41.324834
8b092a7a-b876-46b4-b7f2-8d87267bf6d3,1,0.0,915.99869,0.0,0.0,0.0,766.6375,0.0,0.0,0.1,0,0,0,0,E,E,D,174.791683,-41.32079
8b1092a8-41bf-4c69-a189-325126af4de0,1,279.6573,1444.9622,0.0,0.0,0.0,766.6375,0.0,500.0,0.05,0,0,1,0,E,E,M,174.779218,-41.314361
8b1600ee-2457-4718-ab99-ca8baf2b9be8,1,0.0,888.872286,0.0,0.0,0.0,766.6375,0.0,0.0,0.1,0,0,0,0,M,E,M,174.790762,-41.316566
8b18887d-8081-404f-8a7a-bc28c1e3623b,1,0.0,1823.38081,0.0,0.0,0.0,766.6375,0.0,200.0,0.05,0,0,1,0,M,E,E,174.800986,-41.320458
8b1a5245-5758-443c-a2af-abf15bd008d8,1,0.0,1049.009908,0.0,0.0,0.0,766.6375,0.0,0.0,0.05,0,0,0,0,E,E,M,174.802826,-41.321568
8b45231e-8037-4968-9f8a-01397a28fb83,1,0.0,939.600727,17.178405,879.87,0.0,766.6375,0.0,0.0,0.1,1,0,0,0,E,E,D,174.79505,-41.310366
8b5a9fc6-2d22-46c3-9161-836dcf447ea8,1,350.9457,1811.156148,0.0,0.0,0.0,766.6375,0.0,500.0,0.05,0,0,1,0,M,E,E,174.795096,-41.324915
8b61a986-bfcb-4e2d-a3f7-1b384f4555bb,1,0.0,1371.6694,0.0,0.0,0.0,766.6375,0.0,0.0,0.05,0,0,0,0,E,E,M,174.78526,-41.314624
8b7be640-b3f1-4306-bd76-c0a996a5d416,1,370.8554,1387.763538,0.0,0.0,0.0,766.6375,0.0,4000.0,0.0,0,0,1,0,E,E,E,174.792599,-41.32423
8b955498-ff95-4c93-a577-2a9ebf2d3017,1,0.0,844.524026,0.0,0.0,0.0,766.6375,0.0,0.0,0.1,0,0,0,0,E,E,D,174.79005,-41.318855
8b98203a-dc8e-474e-ab54-77378176ae0f,1,278.2956,1695.981641,0.0,0.0,0.0,766.6375,0.0,500.0,0.0,0,0,1,0,E,E,E,174.781464,-41.318113
8b9ca205-3c6e-40f0-a5d0-ab93c3f93f4d,1,0.0,1487.578168,0.0,0.0,0.0,766.6375,0.0,200.0,0.0,0,0,1,0,E,E,E,174.785131,-41.31196
8bba54e5-2299-44d7-8dc8-8865b263f8eb,1,0.0,1003.233352,0.0,0.0,0.0,766.6375,0.0,0.0,0.05,0,0,0,0,E,E,M,174.776544,-41.321331
8bd257f2-7504-41a3-aeea-cac3a4a46a03,1,0.0,1611.54525,0.0,0.0,0.0,766.6375,0.0,200.0,0.0,0,0,1,0,E,E,E,174.794202,-41.323929
8bd5fec9-5aab-435e-a529-d7ec65454870,1,0.0,1747.352393,0.0,0.0,0.0,766.6375,0.0,200.0,0.0,0,0,1,0,E,E,E,174.783786,-41.315639
8bedd489-6de3-4450-82c8-e1c7294d46f5,1,242.9732,1917.251284,0.0,0.0,0.0,766.6375,0.0,2500.0,0.0,0,0,1,0,E,E,E,174.800286,-41.318345
8bf30674-b923-4193-8175-5547cde58024,1,712.7462,1757.218011,0.0,0.0,0.0,766.6375,0.0,500.0,0.0,0,0,1,0,E,E,E,174.782142,-41.315529
8c07c29b-5f6c-4f83-8682-2b049bfdc971,1,0.0,954.242162,0.0,0.0,0.0,766.6375,0.0,0.0,0.05,0,0,0,0,E,E,M,174.790914,-41.316448
8c09f610-15de-409b-a2ad-e9be684c30f9,1,478.7062,1760.97793,0.0,0.0,0.0,766.6375,0.0,2500.0,0.05,0,0,1,0,M,E,E,174.803221,-41.32243
8c0c4733-b21e-44c0-b03e-585743c89536,2,321.4273,1746.026309,0.0,0.0,0.0,766.6375,0.0,500.0,0.0,0,0,1,0,E,E,E,174.783887,-41.310348
8c15af84-7eed-49df-af5d-a89f2de1c45a,2,0.0,1452.3961,6.372262,1224.08,0.0,766.6375,0.0,0.0,0.05,1,0,0,0,M,E,E,174.784972,-41.315678
8c243e2c-11ab-4561-b396-480919657339,1,431.2416,1929.990662,0.0,0.0,0.0,766.6375,0.0,500.0,0.05,0,0,1,0,M,E,E,174.78179,-41.314414
8c331b3e-f74b-41cf-8c3c-46c41cd72315,1,0.0,1971.270479,0.0,0.0,0.0,766.6375,0.0,200.0,0.05,0,0,1,0,M,E,E,174.799548,-41.320474
8c3d6735-bec7-4370-a1d3-59eef94e961c,1,505.2203,1943.303844,0.0,0.0,0.0,766.6375,0.0,1500.0,0.05,0,0,1,0,M,E,E,174.799813,-41.321244
8c4c4f41-9cf3-490e-aca7-f878a1a9220a,5,0.0,1560.010045,0.0,0.0,0.0,766.6375,0.0,200.0,0.05,0,0,1,0,M,E,E,174.784869,-41.311951
8c553f1c-9fa1-45ed-91c5-d2abd572acd3,1,269.6164,2065.578086,0.0,0.0,0.0,766.6375,0.0,1500.0,0.05,0,0,1,0,M,E,E,174.772861,-41.321729
8c5b6077-3031-4230-8e6e-bb0a9ba78904,1,373.9559,1542.056741,0.0,0.0,0.0,766.6375,0.0,4000.0,0.0,0,0,1,0,E,E,E,174.792539,-41.324694
8c809b16-06da-4a59-9175-14eeb486cc4a,1,0.0,1585.695011,0.0,0.0,0.0,766.6375,0.0,0.0,0.05,0,0,0,0,M,E,E,174.804628,-41.322109
8c936a1a-6627-4258-b67c-0701c05d2e4a,1,100.7091,1915.303175,0.0,0.0,0.0,766.6375,0.0,1500.0,0.05,0,0,1,0,M,E,E,174.799323,-41.318222
8c9c3048-b818-4feb-82ec-fd9989c7af27,1,304.3279,1585.808964,0.0,0.0,0.0,766.6375,0.0,500.0,0.05,0,0,1,0,M,E,E,174.794048,-41.321293
8ca138b7-0309-4e3d-81bf-2ac174e2cb69,1,0.0,705.396864,32.377632,879.87,0.0,766.6375,0.0,0.0,0.2,1,0,0,0,D,E,D,174.791548,-41.322697
8ca9ced6-45f7-433c-92e3-ca298ea1fd74,2,0.0,1684.767698,0.0,0.0,0.0,766.6375,0.0,200.0,0.05,0,0,1,0,M,E,E,174.783136,-41.319131
8cc97af7-640e-4000-bf34-da0e764dfce2,1,273.0268,1692.074102,0.0,0.0,0.0,766.6375,0.0,500.0,0.0,0,0,1,0,E,E,E,174.794402,-41.320622
8ce0e9de-8f17-470a-a031-361df44bcd0d,1,128.2395,1924.07873,0.0,0.0,0.0,766.6375,0.0,2500.0,0.1,0,0,1,0,D,E,E,174.799351,-41.318141
8ceaae79-529a-4864-a327-fcbcefddbfbc,8,0.0,782.645053,31.173677,643.19,0.0,766.6375,0.0,0.0,0.1,1,0,0,0,E,E,D,174.803313,-41.319945
8cf405ad-2c9d-478d-b49a-e1a3c3ce6a3a,3,200.7939,1755.061751,0.0,0.0,0.0,766.6375,0.0,500.0,0.0,0,0,1,0,E,E,E,174.783499,-41.312584
8d023def-3f2b-40c5-80c7-d5547f2cacff,1,0.0,959.981938,0.0,0.0,0.0,766.6375,0.0,0.0,0.05,0,0,0,0,E,E,M,174.792782,-41.316744
8d27ace0-4456-40d1-a880-543c8b6dd390,1,0.0,845.45923,0.0,0.0,0.0,766.6375,0.0,0.0,0.1,0,0,0,0,E,E,D,174.790605,-41.324455
8d2e1cd8-5b99-425b-a8aa-2f200bd921f0,1,0.0,1245.957987,0.0,0.0,0.0,766.6375,0.0,0.0,0.05,0,0,0,0,M,E,E,174.804023,-41.320425
8d322713-b168-41df-8c97-e6596759bd3d,3,1312.4508,1618.641223,0.0,0.0,0.0,766.6375,0.0,500.0,0.0,0,0,1,0,E,E,E,174.773883,-41.320191
8d3b2dc0-f2a0-41dc-9aaa-aa5fbbe478bf,1,0.0,1978.875322,0.0,0.0,0.0,766.6375,0.0,0.0,0.0,0,0,0,0,E,E,E,174.777554,-41.320866
8d3eaf5f-6c45-4205-9fef-4c831502603f,5,317.2029,1288.650065,0.0,0.0,0.0,766.6375,0.0,500.0,0.1,0,0,1,0,E,E,D,174.772975,-41.32269
8d500039-4540-492f-8e4b-aff91323d8e6,1,0.0,1551.623765,0.0,0.0,0.0,766.6375,0.0,0.0,0.0,0,0,0,0,E,E,E,174.793253,-41.310974
8d699fd0-9a8c-4730-86b0-f098bb84db5b,1,0.0,1110.763021,0.0,0.0,0.0,766.6375,0.0,0.0,0.0,0,0,0,0,E,E,E,174.805195,-41.321018
8d6d8d73-f126-4ac6-a7dc-50a86aba0786,1,0.0,1079.00581,0.0,0.0,0.0,766.6375,0.0,0.0,0.1,0,0,0,0,D,E,E,174.77471,-41.311681
8d78a6d7-fd01-40bd-9d2a-23ea89c89588,1,257.3988,2078.729144,0.0,0.0,0.0,766.6375,0.0,500.0,0.0,0,0,1,0,E,E,E,174.772332,-41.321881
8dacd242-0bef-4504-9652-80e2cff4fcbb,1,0.0,1628.975422,0.0,0.0,0.0,766.6375,0.0,0.0,0.0,0,0,0,0,E,E,E,174.786212,-41.310916
8db482d6-66f8-4d7d-862a-f6342c71f175,1,0.0,916.807215,0.0,0.0,0.0,766.6375,0.0,0.0,0.05,0,0,0,0,E,E,M,174.774895,-41.312546
8db6bac4-7227-4ffa-bd2c-117a7ad4b51c,1,0.0,1047.967424,0.0,0.0,0.0,766.6375,0.0,0.0,0.05,0,0,0,0,M,E,E,174.775727,-41.32391
8dc35e54-825d-4baf-b1aa-aaf0e1f3ca01,1,321.8338,2035.413347,0.0,0.0,0.0,766.6375,0.0,1500.0,0.0,0,0,1,0,E,E,E,174.780207,-41.319272
8dc4d694-ccfc-4aa9-9453-fea47943dfd1,3,0.0,1793.202235,0.0,0.0,0.0,766.6375,0.0,200.0,0.0,0,0,1,0,E,E,E,174.780597,-41.313769
8dc51c99-08f4-4cb2-b0f8-8f7b7f1a6a5a,1,0.0,1700.984557,0.0,0.0,0.0,766.6375,0.0,200.0,0.0,0,0,1,0,E,E,E,174.778091,-41.320576
8dca25ca-334f-4edd-9582-8c5f1e6daa1a,1,123.7208,1800.595527,0.0,0.0,0.0,766.6375,0.0,500.0,0.0,0,0,1,0,E,E,E,174.783848,-41.310227
8dcaa281-d237-4804-9b88-9665782a8421,1,249.1829,1585.65012,0.0,0.0,0.0,766.6375,0.0,500.0,0.0,0,0,1,0,E,E,E,174.7797,-41.322566
8e018618-6c79-449d-bc43-8d749d2b9530,1,171.638,1791.535551,0.0,0.0,0.0,766.6375,0.0,1500.0,0.0,0,0,1,0,E,E,E,174.772371,-41.321127
8e09a8da-7282-4255-929c-e3cce90b038d,1,0.0,1564.876476,0.0,0.0,0.0,766.6375,0.0,0.0,0.0,0,0,0,0,E,E,E,174.782103,-41.317177
8e0cb7e9-7075-415b-8e5b-49faf7ab7141,4,0.0,983.915322,0.0,0.0,0.0,766.6375,0.0,0.0,0.1,0,0,0,0,M,E,M,174.777323,-41.315255
8e11cb8c-ddd1-4ba2-9631-224d3c67fc52,1,0.0,1631.052782,6.301044,1224.08,0.0,766.6375,0.0,0.0,0.0,1,0,0,0,E,E,E,174.786182,-41.310821
8e1a68ae-474f-4b93-babe-1204d671b647,1,0.0,1814.836702,0.0,0.0,0.0,766.6375,0.0,200.0,0.0,0,0,1,0,E,E,E,174.794751,-41.32361
8e1cca95-061a-4f8b-84af-e1541302d4cd,1,0.0,1752.584544,0.0,0.0,0.0,766.6375,0.0,200.0,0.0,0,0,1,0,E,E,E,174.794793,-41.322647
8e1e52dd-be25-4c56-88e1-532290b2e9d1,1,253.9581,2267.231561,0.0,0.0,0.0,766.6375,0.0,500.0,0.0,0,0,1,0,E,E,E,174.777093,-41.3107
8e39c0f3-db90-47c6-baab-a140243993aa,2,552.094,1748.039231,0.0,0.0,0.0,766.6375,0.0,500.0,0.05,0,0,1,0,M,E,E,174.795058,-41.321428
8e6a0a99-002f-4985-91e8-cccef62ab7ee,1,0.0,1864.244526,0.0,0.0,0.0,766.6375,0.0,0.0,0.05,0,0,0,0,M,E,E,174.776158,-41.322674
8e7322d3-7dfa-40ab-8300-00361fc345f3,1,0.0,1087.586591,0.0,0.0,0.0,766.6375,0.0,0.0,0.05,0,0,0,0,E,E,M,174.776775,-41.323545
8e757b77-954c-4a01-a01a-1fdf25f9567c,1,147.3284,1601.134095,0.0,0.0,0.0,766.6375,0.0,1500.0,0.0,0,0,1,0,E,E,E,174.785643,-41.310728
8e853b29-408c-402a-8dfc-e3c30ac95d70,1,0.0,2052.215573,0.0,0.0,0.0,766.6375,0.0,200.0,0.0,0,0,1,0,E,E,E,174.776836,-41.309927
8e8c0efb-3273-4629-a532-5ea49332dc1d,6,345.8023,1927.654601,0.0,0.0,0.0,766.6375,0.0,500.0,0.05,0,0,1,0,M,E,E,174.796187,-41.320073
8e914f12-4e18-435a-a7ad-ae171c097e6a,2,0.0,929.370277,15.547906,1224.08,0.0,766.6375,0.0,0.0,0.05,1,0,0,0,E,E,M,174.775052,-41.314772
8e99e964-00b2-4a6e-90c1-35806778a58d,1,0.0,1135.367288,0.0,0.0,0.0,766.6375,0.0,0.0,0.0,0,0,0,0,E,E,E,174.802805,-41.321457
8ea77cff-65a7-40b0-9cd1-478166eedd5d,1,478.1425,1609.424614,0.0,0.0,0.0,766.6375,0.0,1500.0,0.05,0,0,1,0,M,E,E,174.785155,-41.311573
8ecf7fdc-2376-4b47-aa74-c416c8c8aa65,2,422.8916,1988.02709,0.0,0.0,0.0,766.6375,0.0,500.0,0.1,0,0,1,0,M,E,M,174.77732,-41.310933
8ed9c939-8c9a-4ff3-b38e-f3cf06d06db4,1,0.0,1003.86378,16.927263,1224.08,0.0,766.6375,0.0,0.0,0.1,1,0,0,0,M,E,M,174.787139,-41.316176
8eea4f42-b8dc-4a84-8b7d-0d224ad51cb4,1,0.0,937.347591,0.0,0.0,0.0,766.6375,0.0,0.0,0.05,0,0,0,0,E,E,M,174.77559,-41.318874
8f29563b-ed65-49bc-83c2-87466e82091e,1,206.1112,1807.378285,0.0,0.0,0.0,766.6375,0.0,1500.0,0.05,0,0,1,0,M,E,E,174.783837,-41.313742
8f7d47cc-a0a8-4481-80dd-0c176ec64561,1,23.8507,1750.248412,0.0,0.0,0.0,766.6375,0.0,500.0,0.0,0,0,1,0,E,E,E,174.802543,-41.322644
8f84510c-f226-4a07-8f4b-9c8f3a498e2a,1,0.0,1632.298502,0.0,0.0,0.0,766.6375,0.0,200.0,0.0,0,0,1,0,E,E,E,174.777882,-41.315172
8f906a75-0d19-4ac6-988c-a933ab93093e,1,1.2895,1712.872609,0.0,0.0,4.204438,766.6375,0.481492,0.0,0.0,0,1,0,0,E,E,E,174.785024,-41.313915
8f910291-b699-4232-bc5d-f74256fb1586,1,0.0,1721.299936,0.0,0.0,0.0,766.6375,0.0,200.0,0.0,0,0,1,0,E,E,E,174.780822,-41.315937
8fa4c740-1b60-4bae-9f72-ad84110e2095,2,2055.3735,1679.726097,0.0,0.0,0.0,766.6375,0.0,500.0,0.0,0,0,1,0,E,E,E,174.782239,-41.310711
8fe5fe9d-da91-4fa8-8a32-834b546a4510,1,0.0,1697.487991,0.0,0.0,0.0,766.6375,0.0,0.0,0.0,0,0,0,0,E,E,E,174.785989,-41.310259
8ff99342-f52a-44df-832b-331a4cd95833,1,0.0,1109.363785,0.0,0.0,0.0,766.6375,0.0,0.0,0.05,0,0,0,0,M,E,E,174.793088,-41.317766
9064b6d5-87c8-449a-a3f8-a64ee88a3a31,4,0.0,1045.671719,0.0,0.0,0.0,766.6375,0.0,0.0,0.05,0,0,0,0,E,E,M,174.788414,-41.323743
906ca5ec-7349-42f1-bc6c-3480e89e3e77,2,0.0,1031.982393,0.0,0.0,0.0,766.6375,0.0,0.0,0.05,0,0,0,0,E,E,M,174.77745,-41.313679
906f097b-8185-4540-b2b1-60f71429d0a0,1,0.0,1595.966333,0.0,0.0,0.0,766.6375,0.0,0.0,0.0,0,0,0,0,E,E,E,174.785066,-41.314174
9072349a-db43-4174-beb7-d5e73db2b6d4,4,487.5005,1394.051619,0.0,0.0,0.0,766.6375,0.0,4000.0,0.0,0,0,1,0,E,E,E,174.792559,-41.324427
9090a235-8053-414d-bba6-1d24363888ac,5,0.0,1058.719307,0.0,0.0,0.0,766.6375,0.0,0.0,0.1,0,0,0,0,M,E,M,174.776227,-41.311663
90ba9134-da9d-44fb-af92-cc11947950c6,1,0.0,1081.877269,0.0,0.0,0.0,766.6375,0.0,0.0,0.0,0,0,0,0,E,E,E,174.792756,-41.320643
90c0702f-ddcb-4c02-8fb9-5e232b1cfc36,1,0.0,922.342196,26.902349,643.19,0.0,766.6375,0.0,0.0,0.15,1,0,0,0,M,E,D,174.788778,-41.321972
90cef6aa-02f5-4e4b-9908-7f5adc33adef,1,0.0,1005.931352,0.0,0.0,0.0,766.6375,0.0,0.0,0.05,0,0,0,0,E,E,M,174.77695,-41.312526
90ddac4f-be9a-4806-9b4c-47755d82f6b0,1,0.0,1799.313577,0.0,0.0,0.0,766.6375,0.0,200.0,0.05,0,0,1,0,M,E,E,174.802196,-41.319789
90e56382-0cc7-4878-9602-e02a4ffdb8cb,1,267.3903,1063.629103,0.0,0.0,0.0,766.6375,0.0,1500.0,0.05,0,0,1,0,M,E,E,174.779185,-41.320615
9101643c-ba06-48ba-a855-8defd9d46f76,1,155.5619,1624.541309,0.0,0.0,0.0,766.6375,0.0,500.0,0.0,0,0,1,0,E,E,E,174.775029,-41.320334
9101b32b-2295-4186-ba3c-974c844c090d,1,0.0,1662.887899,0.0,0.0,0.0,766.6375,0.0,0.0,0.05,0,0,0,0,M,E,E,174.774453,-41.324626
91163217-bdff-43db-b25f-aea695d2962c,1,0.0,1655.519664,0.0,0.0,0.0,766.6375,0.0,200.0,0.0,0,0,1,0,E,E,E,174.778176,-41.318519
9123b05b-7af5-42be-ba6e-871915e84aef,1,0.0,1749.989965,0.0,0.0,0.0,766.6375,0.0,200.0,0.0,0,0,1,0,E,E,E,174.795155,-41.321961
9127f683-2236-4023-ab7e-7303409793b7,1,445.7827,1960.673006,0.0,0.0,0.0,766.6375,0.0,2500.0,0.05,0,0,1,0,M,E,E,174.803506,-41.322539
91401047-5cc8-4ed9-adb6-04ec40b14603,1,0.0,1791.695292,0.0,0.0,0.0,766.6375,0.0,200.0,0.05,0,0,1,0,M,E,E,174.783402,-41.312917
919ea224-5aac-45f5-939e-0e4dca09925f,1,0.0,1020.928245,0.0,0.0,0.0,766.6375,0.0,0.0,0.05,0,0,0,0,M,E,E,174.791569,-41.323864
919f45dc-7801-416a-85cc-30bfea21bcd3,1,0.0,1701.524338,0.0,0.0,0.0,766.6375,0.0,0.0,0.05,0,0,0,0,M,E,E,174.787198,-41.312871
91b064f6-b705-46fd-906b-de789342d7a4,1,0.0,2132.097336,0.0,0.0,0.0,766.6375,0.0,0.0,0.0,0,0,0,0,E,E,E,174.783619,-41.316557
91c512c2-3a78-4026-8a3a-0b1aef760f67,1,306.3831,2176.049062,0.0,0.0,0.0,766.6375,0.0,500.0,0.0,0,0,1,0,E,E,E,174.777054,-41.310903
91cbb24f-c702-4e39-afa7-d8a4869ad463,1,294.0558,1681.837855,0.0,0.0,0.0,766.6375,0.0,1500.0,0.0,0,0,1,0,E,E,E,174.781627,-41.317636
91e53efd-e6ea-4b3d-a62f-d9845842bd72,1,0.0,1085.488321,0.0,0.0,0.0,766.6375,0.0,0.0,0.1,0,0,0,0,M,E,M,174.795339,-41.309861
91e5932f-2d85-4aa1-ab9f-75c1f98a6461,2,0.0,904.080897,0.0,0.0,0.0,766.6375,0.0,0.0,0.1,0,0,0,0,M,E,M,174.790711,-41.319047
920bb0da-5672-46f1-84cb-3ca6161aa650,1,0.0,966.089678,0.0,0.0,0.0,766.6375,0.0,0.0,0.05,0,0,0,0,E,E,M,174.804731,-41.319901
921d5ae9-ce59-4eed-83d3-ccc67992f4c8,1,0.0,876.898769,0.0,0.0,0.0,766.6375,0.0,0.0,0.1,0,0,0,0,E,E,D,174.789763,-41.324606
922b73aa-04af-498a-8d01-00ec41eb25f2,1,0.0,952.892335,0.0,0.0,0.0,766.6375,0.0,0.0,0.1,0,0,0,0,M,E,M,174.785798,-41.315865
922dd142-1516-4f0f-bcc5-7484ae0e1308,1,487.3995,1912.591587,0.0,0.0,0.0,766.6375,0.0,1500.0,0.05,0,0,1,0,M,E,E,174.798092,-41.321098
9232fc7f-0748-4995-8f46-589e5351b434,1,0.0,981.95326,0.0,0.0,0.0,766.6375,0.0,0.0,0.05,0,0,0,0,M,E,E,174.78603,-41.315307
923c2907-8348-49ea-8459-f02adaa49084,1,365.3539,1676.591944,0.0,0.0,0.0,766.6375,0.0,500.0,0.0,0,0,1,0,E,E,E,174.775599,-41.313902
9243a44b-b115-404c-ba29-465d4285195f,2,0.0,942.176201,0.0,0.0,0.0,766.6375,0.0,0.0,0.05,0,0,0,0,E,E,M,174.774959,-41.312314
9295a66e-972d-402a-9b53-d1527cd0955a,1,174.8287,2023.55197,0.0,0.0,0.0,766.6375,0.0,500.0,0.0,0,0,1,0,E,E,E,174.778498,-41.321707
92a49f53-d1dd-44df-82b9-090f4ba74f32,1,126.1689,1713.693337,0.0,0.0,0.0,766.6375,0.0,4000.0,0.0,0,0,1,0,E,E,E,174.776244,-41.319674
92a88701-ca46-4cbe-8e8c-3c326d06d0ff,1,292.6945,1805.848707,0.0,0.0,0.0,766.6375,0.0,500.0,0.0,0,0,1,0,E,E,E,174.794786,-41.318049
92b5ada6-a486-4e7c-bc66-87ac8582ee02,1,0.0,1041.551108,0.0,0.0,0.0,766.6375,0.0,0.0,0.05,0,0,0,0,E,E,M,174.791199,-41.314296
92cbc8b1-8587-4c9d-b956-78a8b6c5ef7c,1,0.0,1256.023903,0.0,0.0,0.0,766.6375,0.0,0.0,0.05,0,0,0,0,M,E,E,174.788086,-41.313355
92d1487c-57cb-4c69-ae14-1af4c14657e4,1,133.0225,1786.190947,0.0,0.0,0.0,766.6375,0.0,500.0,0.0,0,0,1,0,E,E,E,174.781199,-41.314877
92e5d38e-0d2c-4aa6-bb2c-e4273d3d3ec4,1,200.6948,1649.440544,0.0,0.0,0.0,766.6375,0.0,500.0,0.0,0,0,1,0,E,E,E,174.783804,-41.312247
92eaa47b-c977-4218-a0c1-9f9f006ff2e0,1,0.0,1598.375688,0.0,0.0,0.0,766.6375,0.0,0.0,0.0,0,0,0,0,E,E,E,174.775748,-41.313317
92f8816e-0c28-4941-aa00-c50efe5d3132,1,0.0,888.455211,22.353929,798.8,0.0,766.6375,0.0,0.0,0.1,1,0,0,0,E,E,D,174.790391,-41.318546
9311c872-1798-4c6f-b320-f5a58a563e9b,1,0.0,1053.594863,13.341213,643.19,0.0,766.6375,0.0,0.0,0.0,1,0,0,0,E,E,E,174.776366,-41.313178
93136993-e2d1-4525-9f5d-37b3c76f6147,1,235.0014,1565.532908,0.0,0.0,0.0,766.6375,0.0,500.0,0.0,0,0,1,0,E,E,E,174.779723,-41.322069
932fdf92-9177-4eca-9461-e1db546d84ee,1,0.0,984.217231,0.0,0.0,0.0,766.6375,0.0,0.0,0.05,0,0,0,0,E,E,M,174.7874,-41.321798
93353759-b3ed-48cb-b497-bf7cb761881b,1,0.0,1516.263296,13.892044,1224.08,0.0,766.6375,0.0,200.0,0.0,1,0,1,0,E,E,E,174.777246,-41.320044
933e7a35-5b14-41d5-a6a6-4ab8513c1e2d,1,0.0,1612.862166,0.0,0.0,0.0,766.6375,0.0,0.0,0.05,0,0,0,0,M,E,E,174.787328,-41.312855
93486448-1a99-40e6-83e0-956cf43231f9,11,0.0,1155.038261,0.0,0.0,0.0,766.6375,0.0,0.0,0.1,0,0,0,0,M,E,M,174.777518,-41.311451
934e8c4a-7ef3-4a23-85fe-2132438da214,1,282.9097,1713.590695,0.0,0.0,0.0,766.6375,0.0,500.0,0.0,0,0,1,0,E,E,E,174.78265,-41.314984
935e309d-86ff-4bcd-8fdd-9003a613dcc8,1,0.0,1659.488079,6.303103,1224.08,0.0,766.6375,0.0,0.0,0.0,1,0,0,0,E,E,E,174.779265,-41.321638
936dbdf2-50a3-4a93-a72d-36d6157a3c0b,108,0.0,1030.591308,0.0,0.0,0.0,766.6375,0.0,0.0,0.2,0,0,0,0,D,E,D,174.775742,-41.324644
93812472-be2d-4f90-9eb1-dfb79a67f8f0,1,0.0,1524.94119,0.0,0.0,0.0,766.6375,0.0,0.0,0.05,0,0,0,0,M,E,E,174.79163,-41.309453
93a9fb18-289a-468d-9f0f-39536230b98a,1,0.0,1075.063639,6.120776,879.87,0.0,766.6375,0.0,0.0,0.0,1,0,0,0,E,E,E,174.776908,-41.321738
93b4b99b-8372-42f2-bd65-8aa43a2d2df1,3,0.0,1403.109068,0.0,0.0,0.0,766.6375,0.0,200.0,0.15,0,0,1,0,D,E,M,174.784667,-41.317844
93b84183-a884-4e0f-b927-46e0295ea6b8,1,0.0,1007.572534,0.0,0.0,0.0,766.6375,0.0,0.0,0.0,0,0,0,0,E,E,E,174.785645,-41.317922
93dfb4be-136a-45eb-bfdc-3e9744479fc7,1,0.0,963.679214,12.490606,744.69,0.0,766.6375,0.0,0.0,0.05,1,0,0,0,E,E,M,174.776783,-41.320948
93e14805-2530-4c7c-bda2-a4a7a02912e9,1,0.0,1591.396134,0.0,0.0,0.0,766.6375,0.0,0.0,0.0,0,0,0,0,E,E,E,174.774476,-41.324045
93e21d74-8448-4c83-b540-776382706c7e,1,259.433,1705.806566,0.0,0.0,0.0,766.6375,0.0,500.0,0.0,0,0,1,0,E,E,E,174.783941,-41.310521
93e2cf17-7e14-4675-bc51-1ab4f816e822,1,391.2685,1853.216949,0.0,0.0,0.0,766.6375,0.0,500.0,0.05,0,0,1,0,M,E,E,174.801083,-41.319335
93f93da9-7725-4127-8998-ba69931197ac,1,0.0,1784.251946,0.0,0.0,0.0,766.6375,0.0,200.0,0.05,0,0,1,0,M,E,E,174.783848,-41.313385
93fc6bb3-8613-4d26-826c-6da4797a0eff,1,219.2709,1636.277045,0.0,0.0,0.0,766.6375,0.0,500.0,0.05,0,0,1,0,M,E,E,174.784568,-41.310221
93ff1730-c126-4027-acfb-e9a223704cb8,1,422.4397,1915.362371,0.0,0.0,54.426638,766.6375,175.543795,1500.0,0.1,0,1,1,0,M,M,E,174.798041,-41.322278
94034d15-6a56-4a73-921f-573c0c597c50,1,284.1908,1903.475996,0.0,0.0,0.0,766.6375,0.0,1500.0,0.0,0,0,1,0,E,E,E,174.797835,-41.321669
940c9f69-885c-47b9-a871-123863230aa4,1,136.3254,1814.877503,0.0,0.0,0.0,766.6375,0.0,1500.0,0.0,0,0,1,0,E,E,E,174.780481,-41.312344
9452100b-bd47-4677-868c-e58d7c27fa3c,1,0.0,1406.59999,0.0,0.0,0.0,766.6375,0.0,0.0,0.0,0,0,0,0,E,E,E,174.774083,-41.323498
945a4aeb-884c-4ea4-8693-4598df98fa64,3,320.6749,1824.132548,0.0,0.0,0.0,766.6375,0.0,4000.0,0.05,0,0,1,0,M,E,E,174.805038,-41.32228
947348d8-bdc3-43ef-b416-3d9ca317be6d,2,0.0,1033.731567,0.0,0.0,0.0,766.6375,0.0,0.0,0.05,0,0,0,0,E,E,M,174.78786,-41.314563
948a9cb3-d502-44d9-b747-16671729a314,1,245.1708,1832.801965,0.0,0.0,0.0,766.6375,0.0,1500.0,0.0,0,0,1,0,E,E,E,174.780572,-41.312643
949629bb-b1d0-4843-8810-5e219d948e66,1,0.0,1794.190475,0.0,0.0,0.0,766.6375,0.0,0.0,0.0,0,0,0,0,E,E,E,174.802664,-41.322197
94ab104c-6084-4472-9de7-98dbcdba8c22,2,0.0,866.03769,19.953586,879.87,0.0,766.6375,0.0,0.0,0.05,1,0,0,0,E,E,M,174.79736,-41.31009
94ba64b4-c3b5-4e50-9704-ac94a369b7a7,1,0.0,902.182015,14.914396,643.19,0.0,766.6375,0.0,0.0,0.1,1,0,0,0,M,E,M,174.791572,-41.316215
94c0a85f-1d67-4a6d-a379-f266bf08262e,1,0.0,887.349707,19.661457,879.87,0.0,766.6375,0.0,0.0,0.15,1,0,0,0,D,E,M,174.791061,-41.323985
94c373ea-2859-49ff-932f-5a493535e854,1,192.5705,1764.620292,0.0,0.0,0.0,766.6375,0.0,500.0,0.0,0,0,1,0,E,E,E,174.775943,-41.314573
94e15ad6-27f6-4496-bf00-a12d62e9cb7a,1,1353.5917,1733.447519,0.0,0.0,0.0,766.6375,0.0,500.0,0.0,0,0,1,0,E,E,E,174.779756,-41.314541
94e32cc4-1b81-4bfb-8fa0-2bb60be7b43e,1,0.0,1033.866843,0.0,0.0,0.0,766.6375,0.0,0.0,0.05,0,0,0,0,E,E,M,174.791199,-41.314657
94e72664-b6ec-40b9-a6ba-90386d76e8bf,1,420.8207,1661.006247,0.0,0.0,0.0,766.6375,0.0,1500.0,0.05,0,0,1,0,M,E,E,174.804792,-41.319398
95106bd6-7c23-4d51-a401-37161307345a,2,0.0,984.850376,0.0,0.0,0.0,766.6375,0.0,0.0,0.1,0,0,0,0,E,E,D,174.795268,-41.310189
951ddafc-c6e5-4e2e-811a-cf7e421fd35a,4,622.377,1142.672435,21.829048,744.69,0.0,766.6375,0.0,1500.0,0.15,1,0,1,0,M,E,D,174.796773,-41.310951
95314030-f5bb-44dd-97ce-069c4f360912,1,507.5201,1923.854053,0.0,0.0,0.0,766.6375,0.0,1500.0,0.05,0,0,1,0,M,E,E,174.796798,-41.317266
95725d1b-cea2-4a56-8468-7dc87e01048d,1,225.388,1903.23779,0.0,0.0,0.0,766.6375,0.0,1500.0,0.0,0,0,1,0,E,E,E,174.797149,-41.323211
95a60483-d97a-47a5-ae99-be5ac7c6a0b4,1,0.0,1501.286401,0.0,0.0,0.0,766.6375,0.0,0.0,0.05,0,0,0,0,M,E,E,174.791852,-41.314934
95c3c5bb-67b8-4148-8acf-ded561baf9a6,1,0.0,926.717087,22.328012,1224.08,0.0,766.6375,0.0,0.0,0.05,1,0,0,0,E,E,M,174.793086,-41.321323
95d7691d-bd49-4234-a76d-97317c9cd4ef,1,201.3743,1866.104502,0.0,0.0,0.0,766.6375,0.0,4000.0,0.0,0,0,1,0,E,E,E,174.77865,-41.314527
95dbfac0-0e6a-4295-a92c-1572182300ae,1,0.0,1843.142959,0.0,0.0,0.0,766.6375,0.0,200.0,0.05,0,0,1,0,M,E,E,174.802336,-41.320183
95e080ae-906e-49da-b7b4-c49738b16e6a,1,0.0,958.971716,0.0,0.0,0.0,766.6375,0.0,0.0,0.05,0,0,0,0,E,E,M,174.774434,-41.324452
95e92126-62c0-41d0-8b76-6e7830df5761,4,1324.0862,1864.29712,0.0,0.0,0.0,766.6375,0.0,500.0,0.0,0,0,1,0,E,E,E,174.780476,-41.313365
960a7e0d-8c2c-4fb9-ae5a-58f6812dce1f,1,264.8589,2090.556986,0.0,0.0,0.0,766.6375,0.0,1500.0,0.0,0,0,1,0,E,E,E,174.780216,-41.319461
962176bd-92ad-4a07-ab6f-6c3a19d18a03,1,0.0,942.94539,0.0,0.0,0.0,766.6375,0.0,0.0,0.1,0,0,0,0,M,E,M,174.774969,-41.311371
9621f278-810a-411a-907f-4adf16cc2b91,1,0.0,1697.381168,0.0,0.0,0.0,766.6375,0.0,0.0,0.05,0,0,0,0,E,E,M,174.775676,-41.318428
9627206a-a0c8-4a8a-9fc9-bc8a989b609a,1,0.0,2199.597124,0.0,0.0,0.0,766.6375,0.0,0.0,0.0,0,0,0,0,E,E,E,174.776753,-41.314472
962953d0-760f-4ae3-a0fc-57ef099979c9,1,211.7977,1754.155768,0.0,0.0,0.0,766.6375,0.0,500.0,0.0,0,0,1,0,E,E,E,174.782299,-41.318857
9636593b-5dae-4281-8a88-5893a8c7906e,2,0.0,809.222349,0.0,0.0,0.0,766.6375,0.0,0.0,0.15,0,0,0,0,M,E,D,174.80364,-41.320192
9649e4a8-da5e-402d-bb37-fa2587782790,1,0.0,942.452673,0.0,0.0,0.0,766.6375,0.0,0.0,0.05,0,0,0,0,E,E,M,174.788335,-41.325195
96577832-def6-47a9-92b1-cee39c92aebe,1,0.0,1005.509952,0.0,0.0,0.0,766.6375,0.0,0.0,0.05,0,0,0,0,M,E,E,174.792613,-41.315985
967537,2,0.0,1640.990056,0.0,0.0,0.0,766.6375,0.0,0.0,0.0,0,0,0,0,E,E,E,174.792053,-41.315228
967cf054-b62d-4b68-882b-391aea312c85,1,0.0,1087.200783,0.0,0.0,0.0,766.6375,0.0,0.0,0.0,0,0,0,0,E,E,E,174.805292,-41.320579
969a457b-d2d0-4a12-bffa-47e43391a970,1,0.0,1051.833717,0.0,0.0,0.0,766.6375,0.0,0.0,0.05,0,0,0,0,M,E,E,174.774778,-41.314577
96a591df-8ef9-489a-984f-f915ee2c3676,1,603.5452,1887.392082,0.0,0.0,0.0,766.6375,0.0,1500.0,0.05,0,0,1,0,M,E,E,174.795742,-41.316333
96b21bfe-e01a-4ba5-9798-7825a2280e5f,1,411.0785,2274.868898,0.0,0.0,0.0,766.6375,0.0,500.0,0.0,0,0,1,0,E,E,E,174.77728,-41.310257
96b51502-74a3-47b5-bbbe-30f0308b8252,1,406.5327,1840.060917,0.0,0.0,0.0,766.6375,0.0,4000.0,0.05,0,0,1,0,M,E,E,174.801744,-41.32115
96bc7980-db42-43f9-adfb-d1fca5859e2d,1,0.0,973.567875,0.0,0.0,0.0,766.6375,0.0,0.0,0.15,0,0,0,0,M,E,D,174.788303,-41.323999
96c33e7e-0e4d-4797-8c2d-44e3d5c3f9cf,2,644.7804,1618.695893,0.0,0.0,0.0,766.6375,0.0,500.0,0.0,0,0,1,0,E,E,E,174.778645,-41.312571
96d118f0-f8ca-4b25-88f0-d5643ba9aa7a,1,346.4853,1913.159559,0.0,0.0,0.0,766.6375,0.0,1500.0,0.0,0,0,1,0,E,E,E,174.798299,-41.321763
96d2d0c7-8dbb-4d11-acea-31c5bf782808,1,0.0,936.48099,20.452456,879.87,0.0,766.6375,0.0,0.0,0.1,1,0,0,0,M,E,M,174.791122,-41.314149
96d2fb9d-ac6c-472a-b139-ea0f9b17aed8,2,0.0,923.025741,27.894483,879.87,0.0,766.6375,0.0,0.0,0.1,1,0,0,0,E,E,D,174.794421,-41.309534
96df1914-9435-410b-a524-0c80a08aad93,1,240.388,1614.328309,0.0,0.0,0.0,766.6375,0.0,1500.0,0.0,0,0,1,0,E,E,E,174.774952,-41.321895
96e2dab2-d410-49c4-a940-36cd598a5333,1,0.0,1059.401019,0.0,0.0,0.0,766.6375,0.0,0.0,0.0,0,0,0,0,E,E,E,174.773008,-41.319528
96e92da5-6417-405c-8cf7-adbd95fde316,2,0.0,971.242696,14.234964,643.19,0.0,766.6375,0.0,0.0,0.05,1,0,0,0,E,E,M,174.77447,-41.324194
96eee5d6-ffc0-4938-b07d-27c67d1875db,3,321.1801,1736.297217,0.0,0.0,0.0,766.6375,0.0,4000.0,0.05,0,0,1,0,M,E,E,174.779629,-41.312104
96f69ebd-03c1-4836-85d4-a7a8c69e886f,1,72.1103,1924.101748,0.0,0.0,0.0,766.6375,0.0,500.0,0.0,0,0,1,0,E,E,E,174.799319,-41.320471
96fce485-3bd8-4c72-8e53-48a81e4ba78c,1,474.3854,1906.616114,0.0,0.0,0.0,766.6375,0.0,500.0,0.0,0,0,1,0,E,E,E,174.800598,-41.31817
97142672-444f-4ef8-bba5-2942506b072e,1,280.9914,1600.891761,0.0,0.0,0.0,766.6375,0.0,1500.0,0.0,0,0,1,0,E,E,E,174.785012,-41.311133
971a9628-e9e4-40bd-a7e9-7b416c8e4f01,1,285.2861,1648.420581,0.0,0.0,0.0,766.6375,0.0,1500.0,0.0,0,0,1,0,E,E,E,174.784323,-41.314345
9757dcee-80db-4353-abac-87e1c3956019,1,0.0,1015.695078,0.0,0.0,0.0,766.6375,0.0,0.0,0.05,0,0,0,0,E,E,M,174.790232,-41.322069
975e3ccd-d127-4a67-908d-324a77ce562d,4,417.3954,1846.470217,0.0,0.0,0.0,766.6375,0.0,500.0,0.05,0,0,1,0,M,E,E,174.798408,-41.323083
976d51f7-07db-4bde-a2bd-5fcc8a13cc17,1,0.0,1700.240745,0.0,0.0,0.0,766.6375,0.0,0.0,0.0,0,0,0,0,E,E,E,174.793299,-41.311317
977878c6-7947-4cbf-b991-0239541be926,1,0.0,867.610012,14.463764,798.8,0.0,766.6375,0.0,0.0,0.05,1,0,0,0,E,E,M,174.792925,-41.321638
978baf85-bb06-4f08-86c1-a909f9415737,1,0.0,925.008165,0.0,0.0,0.0,766.6375,0.0,0.0,0.05,0,0,0,0,E,E,M,174.793047,-41.321419
979a2872-deb6-45dc-92fc-1ae876b81369,1,0.0,1021.196907,0.0,0.0,0.0,766.6375,0.0,0.0,0.05,0,0,0,0,E,E,M,174.79386,-41.309405
97b36149-ba22-42e1-afd5-0d1e132682ef,3,403.5946,1903.6149,0.0,0.0,0.0,766.6375,0.0,1500.0,0.05,0,0,1,0,M,E,E,174.796161,-41.319658
97db5914-7636-472e-8538-4d413397e1fb,1,0.0,1100.182247,13.305199,879.87,0.0,766.6375,0.0,0.0,0.05,1,0,0,0,E,E,M,174.804626,-41.320338
97f06b83-f7a1-4618-9f41-92257c2713ef,1,466.5049,1689.995044,0.0,0.0,0.0,766.6375,0.0,500.0,0.05,0,0,1,0,M,E,E,174.792746,-41.311257
98080f44-09b5-4e86-ba2a-63fdea41d3a8,1,168.0325,1574.198006,0.0,0.0,0.0,766.6375,0.0,500.0,0.0,0,0,1,0,E,E,E,174.778571,-41.319849
98133e48-d0e0-4e94-be34-053f94a8c493,3,0.0,974.607532,0.0,0.0,0.0,766.6375,0.0,0.0,0.15,0,0,0,0,M,E,D,174.786563,-41.322685
98191833-b9d9-4ed8-b671-18a213ada2ce,1,0.0,1533.328008,0.0,0.0,0.0,766.6375,0.0,0.0,0.05,0,0,0,0,E,E,M,174.780116,-41.321341
981c18d6-5841-4521-aa73-5535e8696fb1,1,0.0,1200.13843,0.0,0.0,0.0,766.6375,0.0,0.0,0.0,0,0,0,0,E,E,E,174.794948,-41.311482
984044ab-8889-4ac7-801e-8eb8f0bfed42,1,0.0,1048.63975,0.0,0.0,0.0,766.6375,0.0,0.0,0.0,0,0,0,0,E,E,E,174.790722,-41.311709
98409510-a092-4354-a884-9e0e56b7e80c,1,0.0,1765.493101,0.0,0.0,0.0,766.6375,0.0,0.0,0.0,0,0,0,0,E,E,E,174.781415,-41.316822
9848e83f-859d-4198-aa82-15e7db2af29d,1,0.0,1687.227298,0.0,0.0,0.0,766.6375,0.0,200.0,0.0,0,0,1,0,E,E,E,174.784229,-41.315449
984ebc54-3bba-4e9e-8a48-7a464f8021df,1,0.0,1549.567514,0.0,0.0,0.0,766.6375,0.0,0.0,0.0,0,0,0,0,E,E,E,174.775719,-41.313403
9865118f-8497-41f2-a1da-2effaa7284a0,1,0.0,1034.465417,0.0,0.0,0.0,766.6375,0.0,0.0,0.0,0,0,0,0,E,E,E,174.776805,-41.312398
98731cec-8fd1-406f-be9a-b30599024b14,1,148.4846,1923.490744,0.0,0.0,0.0,766.6375,0.0,1500.0,0.05,0,0,1,0,M,E,E,174.799252,-41.318432
9873da0c-6a31-4c15-8921-f89019830675,2,0.0,1088.148889,16.959634,643.19,0.0,766.6375,0.0,0.0,0.05,1,0,0,0,E,E,M,174.788906,-41.314672
987d9fa5-a5b3-4018-a266-84bffdb9c774,1,0.0,1090.123606,0.0,0.0,0.0,766.6375,0.0,0.0,0.0,0,0,0,0,E,E,E,174.777245,-41.322882
98812bca-05f5-4c1e-bce6-9e4abf7a8218,1,0.0,903.694827,20.611325,643.19,0.0,766.6375,0.0,0.0,0.1,1,0,0,0,E,E,D,174.774552,-41.315349
98a55319-cb63-48e4-a763-0918be983e8e,1,294.9781,1018.472173,0.0,0.0,0.0,766.6375,0.0,4000.0,0.0,0,0,1,0,E,E,E,174.792357,-41.312808
98ba7cb1-9c1e-4b92-a7ed-375b4ee4a38d,1,304.0178,1792.524067,0.0,0.0,0.0,766.6375,0.0,1500.0,0.05,0,0,1,0,M,E,E,174.783774,-41.314139
98bd50cf-b8de-43e4-a37d-a39da775022a,1,297.3339,1917.013993,0.0,0.0,0.0,766.6375,0.0,500.0,0.05,0,0,1,0,M,E,E,174.798683,-41.320465
98c2b06d-3a66-49f3-9e0b-656442a508a7,4,389.6296,1738.915844,0.0,0.0,0.0,766.6375,0.0,500.0,0.0,0,0,1,0,E,E,E,174.783617,-41.312572
98e5fe6e-b932-47a3-9208-6f56995d1882,1,0.0,1800.740367,0.0,0.0,0.0,766.6375,0.0,200.0,0.0,0,0,1,0,E,E,E,174.79613,-41.322992
98fdd3ce-5aec-475e-a4c5-ac0e12debc9b,1,0.0,1622.999991,0.0,0.0,0.0,766.6375,0.0,200.0,0.0,0,0,1,0,E,E,E,174.784514,-41.311624
9919da6f-00b9-49b5-a82a-7af4724bea6a,1,0.0,1547.173482,0.0,0.0,0.0,766.6375,0.0,0.0,0.0,0,0,0,0,E,E,E,174.77392,-41.324256
991abd29-35f8-4792-93b7-edbd1393f3af,1,0.0,1750.790546,0.0,0.0,0.0,766.6375,0.0,0.0,0.0,0,0,0,0,E,E,E,174.805115,-41.321459
99276e5b-1603-4e7c-9f45-f8d06ddcbbe6,1,0.0,937.150066,0.0,0.0,0.0,766.6375,0.0,0.0,0.05,0,0,0,0,E,E,M,174.775182,-41.314234
992d7653-c255-4697-9290-14fb6786bdbe,2,0.0,951.697978,0.0,0.0,0.0,766.6375,0.0,0.0,0.1,0,0,0,0,M,E,M,174.775103,-41.311814
993de702-4880-4128-be4a-b4aad7afed00,1,0.0,949.041634,0.0,0.0,0.0,766.6375,0.0,0.0,0.05,0,0,0,0,E,E,M,174.791198,-41.318168
995a7ba1-13f7-4624-99e0-d18cb1a5d0af,3,240.4425,998.106805,13.567934,1224.08,0.0,766.6375,0.0,500.0,0.1,1,0,1,0,M,E,M,174.780092,-41.322159
999857aa-c607-44a3-aff6-aeba71b16db0,1,0.0,934.797522,0.0,0.0,0.0,766.6375,0.0,0.0,0.05,0,0,0,0,E,E,M,174.791438,-41.323121
999ba4a9-9f4d-4745-9e2e-9ffc13ae15b6,1,0.0,1706.509088,0.0,0.0,0.0,766.6375,0.0,200.0,0.05,0,0,1,0,M,E,E,174.794286,-41.317021
99a134f4-90a3-4dda-90ea-a65cf26f50f7,3,0.0,1677.564187,0.0,0.0,0.0,766.6375,0.0,0.0,0.0,0,0,0,0,E,E,E,174.793783,-41.311884
99aafa29-46e1-4a32-993b-ba0e0c1bf5a4,1,0.0,1578.349659,0.0,0.0,0.0,766.6375,0.0,0.0,0.05,0,0,0,0,M,E,E,174.793213,-41.316095
99b081c9-94a1-4e4e-ba63-0d87c915aa27,2,628.1798,1739.772325,0.0,0.0,0.0,766.6375,0.0,1500.0,0.05,0,0,1,0,M,E,E,174.792141,-41.312161
99bee5c4-e4b5-4eb5-977c-979403342c5d,1,371.5071,1931.627322,0.0,0.0,0.0,766.6375,0.0,500.0,0.0,0,0,1,0,E,E,E,174.796279,-41.324618
99c56ce1-65ff-4db8-b0e2-8fe540ec938f,1,0.0,992.21758,0.0,0.0,0.0,766.6375,0.0,0.0,0.1,0,0,0,0,M,E,M,174.775821,-41.31132
99d8f074-3822-4815-883f-ed93bbc9dd76,1,0.0,1703.269211,0.0,0.0,0.0,766.6375,0.0,200.0,0.0,0,0,1,0,E,E,E,174.778559,-41.314834
99e88362-6945-411f-832b-9c72aa064985,1,0.0,1185.293347,17.309022,1224.08,0.0,766.6375,0.0,200.0,0.2,1,0,1,0,D,E,D,174.783105,-41.311306
9a1a8db7-fbf1-4023-9b5b-604356b721ea,1,176.0984,1037.484825,0.0,0.0,0.0,766.6375,0.0,1500.0,0.0,0,0,1,0,E,E,E,174.779432,-41.320663
9a212353-0cf6-4ec9-b52c-15437616ca2b,1,0.0,1458.46463,15.467522,643.19,0.0,766.6375,0.0,200.0,0.0,1,0,1,0,E,E,E,174.785237,-41.316558
9a460527-6f61-4f1f-80cc-1ed65b943e38,1,421.5903,1892.119377,0.0,0.0,0.0,766.6375,0.0,1500.0,0.05,0,0,1,0,M,E,E,174.797517,-41.3225
9a4be737-c6ed-4555-ad71-0b933c2f45b3,1,279.6387,1907.852382,0.0,0.0,0.0,766.6375,0.0,500.0,0.0,0,0,1,0,E,E,E,174.781127,-41.31334
9a5e0013-d2e8-48ff-b275-e5ff5a8d1cc0,1,0.0,1158.580808,0.0,0.0,0.0,766.6375,0.0,0.0,0.0,0,0,0,0,E,E,E,174.776222,-41.323004
9a6a12b9-8908-40c9-b921-21ee9c9a80d1,1,200.7028,1829.671072,0.0,0.0,0.0,766.6375,0.0,4000.0,0.0,0,0,1,0,E,E,E,174.786135,-41.312167
9a82e4b4-a463-4c4e-a955-a6698c9617d2,1,0.0,867.227176,26.05097,643.19,0.0,766.6375,0.0,0.0,0.1,1,0,0,0,E,E,D,174.792306,-41.322103
9a96e67e-69b1-4184-92d8-e4335bbbf0e8,1,0.0,1541.880365,0.0,0.0,0.0,766.6375,0.0,0.0,0.0,0,0,0,0,E,E,E,174.786157,-41.309949
9a9fbc7d-c93c-4225-ae6d-0df5a0daedf4,1,132.6173,1713.693337,0.0,0.0,0.0,766.6375,0.0,4000.0,0.0,0,0,1,0,E,E,E,174.776306,-41.319676
9aa1efa4-299c-402f-8f37-dcc6fe91dcf7,1,546.0792,1903.43992,0.0,0.0,0.0,766.6375,0.0,500.0,0.05,0,0,1,0,M,E,E,174.800749,-41.318194
9ac3b163-4eb9-4cbc-8b87-d82170c447d3,1,355.3525,1606.103824,0.0,0.0,0.0,766.6375,0.0,1500.0,0.0,0,0,1,0,E,E,E,174.793627,-41.322623
9ac79cc6-5f48-45ca-aca0-7c7686fde286,1,0.0,1830.50929,0.0,0.0,0.0,766.6375,0.0,200.0,0.0,0,0,1,0,E,E,E,174.802594,-41.319566
9b14118e-7fd6-4270-a3eb-77fe264eab1b,1,0.0,1000.909722,0.0,0.0,0.0,766.6375,0.0,0.0,0.0,0,0,0,0,E,E,E,174.792024,-41.323872
9b2a6cc0-c864-4d2a-ba59-d55a272660f8,1,298.2349,1864.100471,15.110795,643.19,0.0,766.6375,0.0,500.0,0.0,1,0,1,0,E,E,E,174.776253,-41.309759
9b5aef52-8fda-48a7-a536-c7ec0ddea7f3,2,0.0,1444.79714,0.0,0.0,0.0,766.6375,0.0,0.0,0.05,0,0,0,0,E,E,M,174.803435,-41.319281
9b766cb4-7ae2-4856-b661-28ccc592023a,1,0.0,1013.773423,0.0,0.0,0.0,766.6375,0.0,0.0,0.05,0,0,0,0,E,E,M,174.776854,-41.320955
9b79442b-d12b-4d04-a2a2-1badff2344be,2,143.8064,1467.389354,0.0,0.0,0.0,766.6375,0.0,500.0,0.05,0,0,1,0,E,E,M,174.777934,-41.312466
9b794ad3-eac3-4171-8a42-abd7d9f2f6e5,1,147.344,1653.749489,0.0,0.0,0.0,766.6375,0.0,1500.0,0.05,0,0,1,0,M,E,E,174.776446,-41.320214
9b8eebeb-9958-4a6c-988b-ae20506d952c,1,0.0,1682.772558,0.0,0.0,0.0,766.6375,0.0,200.0,0.0,0,0,1,0,E,E,E,174.780365,-41.316793
9b9c9f5f-3e32-428b-9a75-30183b9ce8b5,1,303.6054,1771.284569,0.0,0.0,0.0,766.6375,0.0,500.0,0.0,0,0,1,0,E,E,E,174.780422,-41.314723
9ba56505-6154-4f70-b9e8-9f0c528676c5,1,92.5747,1607.047078,0.0,0.0,0.0,766.6375,0.0,4000.0,0.0,0,0,1,0,E,E,E,174.779284,-41.312669
9bb86c65-71d0-481f-b38b-03ae7a1bebb1,2,0.0,964.757388,0.0,0.0,0.0,766.6375,0.0,0.0,0.1,0,0,0,0,E,E,D,174.786232,-41.315485
9bc08d51-caf1-4f96-b223-102e4498cb00,1,0.0,1113.277684,0.0,0.0,0.0,766.6375,0.0,0.0,0.05,0,0,0,0,E,E,M,174.795632,-41.310363
9bc30a7a-2d77-4d1c-a892-87c1b62fefb9,1,0.0,1574.650616,0.0,0.0,0.0,766.6375,0.0,200.0,0.0,0,0,1,0,E,E,E,174.785745,-41.311832
9bd25fde-ede9-459e-a856-0e4cd3fd2f4f,4,331.7928,1824.047109,0.0,0.0,0.0,766.6375,0.0,500.0,0.0,0,0,1,0,E,E,E,174.795177,-41.318125
9bd529ef-fb1d-48c2-b90f-0cb5f7ef3133,1,253.345,1899.286154,0.0,0.0,0.0,766.6375,0.0,500.0,0.05,0,0,1,0,M,E,E,174.795694,-41.325016
9bd94530-c4ed-4479-b994-e5e5d68c7fb3,1,371.5396,1953.432657,0.0,0.0,0.0,766.6375,0.0,500.0,0.0,0,0,1,0,E,E,E,174.797066,-41.324801
9bdf68ad-4748-416f-a606-f6a4286e5752,77,3913.2693,1913.512646,0.0,0.0,0.0,766.6375,0.0,1500.0,0.0,0,0,1,0,E,E,E,174.796335,-41.31601
9be9642f-b93d-43a6-98f8-dc6cad06e24e,1,0.0,824.867232,0.0,0.0,0.0,766.6375,0.0,0.0,0.15,0,0,0,0,M,E,D,174.791641,-41.313149
9bf2d157-592d-454e-94cf-68a429bbdfe8,1,116.1664,1445.264865,0.0,0.0,0.0,766.6375,0.0,500.0,0.0,0,0,1,0,E,E,E,174.779283,-41.321874
9c005dfc-f9ea-4a01-8494-75c322ff3581,3,0.0,1728.437219,0.0,0.0,0.0,766.6375,0.0,200.0,0.0,0,0,1,0,E,E,E,174.78032,-41.316332
9c067791-eede-49cf-8e25-48153f6af5d8,1,0.0,1725.85149,0.0,0.0,0.0,766.6375,0.0,0.0,0.05,0,0,0,0,M,E,E,174.805125,-41.321237
9c217a99-0c85-4df2-a3f1-b90ae46cb7d4,1,0.0,1815.540769,0.0,0.0,0.0,766.6375,0.0,200.0,0.0,0,0,1,0,E,E,E,174.802006,-41.319472
9c37f8e1-c677-432b-9c7b-0e67c8783920,1,0.0,1219.589747,0.0,0.0,0.0,766.6375,0.0,0.0,0.15,0,0,0,0,D,E,M,174.788701,-41.319704
9c47f0cd-563f-44ed-9302-4368e56d4402,1,330.584,1027.726569,0.0,0.0,0.0,766.6375,0.0,500.0,0.0,0,0,1,0,E,E,E,174.793657,-41.322113
9c5ebecd-fb42-47c1-a828-1950b266a07b,2,325.1901,1554.148042,0.0,0.0,0.0,766.6375,0.0,500.0,0.05,0,0,1,0,M,E,E,174.775478,-41.310447
9c935323-a179-4b95-9eef-59b56f0e59d7,1,0.0,1006.825338,0.0,0.0,0.0,766.6375,0.0,0.0,0.05,0,0,0,0,M,E,E,174.787196,-41.323063
9c9bfa8e-4f1e-4e7b-9c9d-b7f416ddef5e,2,0.0,891.251348,15.234482,1224.08,0.0,766.6375,0.0,0.0,0.1,1,0,0,0,E,E,D,174.776952,-41.313194
9c9f2dec-0819-4f17-8d82-c0b64acf8083,1,0.0,1045.479635,0.0,0.0,0.0,766.6375,0.0,0.0,0.0,0,0,0,0,E,E,E,174.776129,-41.323344
9cac734e-d144-42a9-885b-d6fb268cf0e2,2,0.0,858.970918,23.608222,744.69,0.0,766.6375,0.0,0.0,0.1,1,0,0,0,E,E,D,174.776023,-41.312568
9cacdcb6-c497-48a4-9aa3-c1011d0080a9,1,0.0,875.161281,0.0,0.0,0.0,766.6375,0.0,0.0,0.1,0,0,0,0,E,E,D,174.79082,-41.318765
9cbcea80-b438-4169-a5c2-c0a4ea8104ca,1,0.0,974.418909,0.0,0.0,0.0,766.6375,0.0,0.0,0.05,0,0,0,0,E,E,M,174.775339,-41.324019
9cc3312b-abfd-4cdc-ab10-5df535782504,2,0.0,814.60497,0.0,0.0,0.0,766.6375,0.0,0.0,0.1,0,0,0,0,E,E,D,174.790234,-41.319136
9cd1ef64-3dc4-47c2-8487-754509f18ea8,1,538.7439,1934.606822,0.0,0.0,0.0,766.6375,0.0,4000.0,0.0,0,0,1,0,E,E,E,174.800695,-41.321387
9d0ea305-b20f-4d27-bf57-8afaea9a61a7,1,0.0,1012.777783,0.0,0.0,0.0,766.6375,0.0,0.0,0.15,0,0,0,0,M,E,D,174.796415,-41.309577
9d3a8d83-5e73-46f6-93fe-bf54a4509cb0,1,0.0,1666.163529,0.0,0.0,0.0,766.6375,0.0,0.0,0.05,0,0,0,0,M,E,E,174.779434,-41.321488
9d761b0c-fd73-4aa0-abb2-d7c32cc3f004,1,0.0,1691.375121,0.0,0.0,0.0,766.6375,0.0,0.0,0.0,0,0,0,0,E,E,E,174.778419,-41.313254
9d7f1082-0727-40ff-acb7-3c8c29f87874,1,0.0,993.948963,0.0,0.0,0.0,766.6375,0.0,0.0,0.1,0,0,0,0,M,E,M,174.787317,-41.31313
9d9197a4-cd5f-4b17-b492-0f8231e3c25a,1,0.0,1832.195202,0.0,0.0,0.0,766.6375,0.0,200.0,0.05,0,0,1,0,M,E,E,174.80243,-41.319715
9d950378-005d-4d75-83f0-53c9914834a6,1,607.6798,1924.926512,0.0,0.0,0.0,766.6375,0.0,1500.0,0.05,0,0,1,0,M,E,E,174.796969,-41.317343
9d9cee53-6c6f-444f-a7b1-d755212885cf,1,0.0,1746.961491,0.0,0.0,0.0,766.6375,0.0,0.0,0.0,0,0,0,0,E,E,E,174.773188,-41.321731
9db3fa9f-2b0a-4b5a-9c2f-604adc2319e3,3,364.3319,1773.250001,0.0,0.0,0.0,766.6375,0.0,500.0,0.0,0,0,1,0,E,E,E,174.78315,-41.314865
9dbae7ec-1f98-4378-8dc4-f3576647674e,1,89.6862,1875.32352,0.0,0.0,0.0,766.6375,0.0,500.0,0.0,0,0,1,0,E,E,E,174.797235,-41.323335
9dc3637a-44d1-474b-8e99-1c6e5325c830,1,0.0,713.951088,0.0,0.0,0.0,766.6375,0.0,0.0,0.15,0,0,0,0,M,E,D,174.790663,-41.319609
9ddaa47f-9352-401c-99df-74737f7f7e60,1,397.8514,1801.853879,0.0,0.0,0.0,766.6375,0.0,500.0,0.05,0,0,1,0,E,E,M,174.777592,-41.310842
9dddf4ad-5b66-4eba-8763-b18ea3ca38cc,1,0.0,1909.252932,0.0,0.0,0.0,766.6375,0.0,200.0,0.0,0,0,1,0,E,E,E,174.800559,-41.320372
9e095ed1-7e0c-4f6b-84b6-d3f75e4fc285,1,0.0,1878.436374,0.0,0.0,0.0,766.6375,0.0,200.0,0.0,0,0,1,0,E,E,E,174.797836,-41.324411
9e160531-1111-47c5-8a98-6db356315fce,1,0.0,2435.327127,0.0,0.0,0.0,766.6375,0.0,200.0,0.0,0,0,1,0,E,E,E,174.783922,-41.317541
9e482fce-ac8f-491c-afd4-bd8a4c2b1231,1,0.0,963.679214,0.0,0.0,0.0,766.6375,0.0,0.0,0.1,0,0,0,0,M,E,M,174.776707,-41.320982
9e4975fb-802f-49ac-a8a5-51a3c5c2f36f,1,0.0,1674.188245,0.0,0.0,0.0,766.6375,0.0,200.0,0.0,0,0,1,0,E,E,E,174.784084,-41.315732
9e4f52ab-dcd1-41cd-8e07-b13a0a7347af,2,0.0,993.160978,0.0,0.0,0.0,766.6375,0.0,0.0,0.05,0,0,0,0,M,E,E,174.787055,-41.323132
9e50ddf4-03c9-4602-9e51-e29a5d9dc262,1,399.279,1568.164159,0.0,0.0,0.0,766.6375,0.0,500.0,0.05,0,0,1,0,M,E,E,174.778784,-41.315565
9e5ef2d9-3bb5-4f22-b0f7-20ca33e39e4b,1,550.3875,1922.37297,0.0,0.0,0.0,766.6375,0.0,2500.0,0.05,0,0,1,0,M,E,E,174.79984,-41.31842
9e93a885-c9d0-4088-8f91-ae8ac77372d6,1,135.0886,1614.785776,0.0,0.0,0.0,766.6375,0.0,1500.0,0.0,0,0,1,0,E,E,E,174.774931,-41.321993
9e96e8fa-65b9-48e8-8a85-8515c9f45931,1,280.7508,1528.967184,0.0,0.0,0.0,766.6375,0.0,500.0,0.05,0,0,1,0,E,E,M,174.775941,-41.310767
9ea2895d-7316-4d30-9aaf-6f7a6c4e695e,1,379.1252,1673.622852,0.0,0.0,0.0,766.6375,0.0,1500.0,0.0,0,0,1,0,E,E,E,174.782061,-41.319373
9ea8ef92-c49e-4fcf-a88f-a50c43b6ad99,1,0.0,1032.49803,0.0,0.0,0.0,766.6375,0.0,0.0,0.05,0,0,0,0,M,E,E,174.790485,-41.316831
9eb9f447-a590-4702-9754-19c0c3e0a811,2,535.1446,1884.927631,0.0,0.0,0.0,766.6375,0.0,500.0,0.05,0,0,1,0,M,E,E,174.778423,-41.316193
9ec2dfae-f7e5-48b0-840d-a28afaeff1b3,1,0.0,884.105,0.0,0.0,0.0,766.6375,0.0,0.0,0.05,0,0,0,0,E,E,M,174.792562,-41.319238
9ecce4af-8f8a-48ac-8c96-aff9c468af02,1,0.0,952.783295,22.714925,1224.08,0.0,766.6375,0.0,0.0,0.05,1,0,0,0,E,E,M,174.792459,-41.320105
9f281736-23de-4542-866d-107953a72d25,1,417.8298,1655.996759,0.0,0.0,0.0,766.6375,0.0,1500.0,0.0,0,0,1,0,E,E,E,174.793183,-41.311801
9f2ace90-9b5c-4aeb-a0b7-c7a33acf544c,1,220.9866,1462.569466,0.0,0.0,0.0,766.6375,0.0,4000.0,0.0,0,0,1,0,E,E,E,174.792581,-41.325088
9f4f1eb4-17d0-4cb9-a819-2a23211feed3,1,0.0,1543.837466,0.0,0.0,0.0,766.6375,0.0,0.0,0.05,0,0,0,0,M,E,E,174.792645,-41.315741
9f6af493-d893-44cb-a0a9-e2d9c7ac1a62,2,0.0,976.180982,0.0,0.0,0.0,766.6375,0.0,0.0,0.1,0,0,0,0,M,E,M,174.791837,-41.324859
9f8acdc9-8bf4-490d-b09c-4fb41890369e,1,196.8499,1577.13309,0.0,0.0,0.0,766.6375,0.0,4000.0,0.0,0,0,1,0,E,E,E,174.778658,-41.314069
9f95b5cf-d8ab-4afb-ba63-5aa51f6ab63b,1,0.0,1027.976372,0.0,0.0,0.0,766.6375,0.0,0.0,0.05,0,0,0,0,E,E,M,174.776249,-41.323347
9f9e1237-0c4d-49f8-ad42-56f4c1d7d9ba,1,0.0,1087.166092,0.0,0.0,0.0,766.6375,0.0,0.0,0.0,0,0,0,0,E,E,E,174.776931,-41.321327
9fa5fdfe-2dc4-4285-a165-555a297f881a,1,135.5469,1572.514467,0.0,0.0,0.0,766.6375,0.0,1500.0,0.0,0,0,1,0,E,E,E,174.774906,-41.322492
9fda9da1-62b2-4859-bc8d-b513bc14fec0,3,176.0587,2262.40508,0.0,0.0,0.0,766.6375,0.0,1500.0,0.0,0,0,1,0,E,E,E,174.779183,-41.31871
9feec6ab-5777-4207-97b5-5e5a9f27ca03,1,0.0,1705.058628,0.0,0.0,0.0,766.6375,0.0,0.0,0.0,0,0,0,0,E,E,E,174.78261,-41.316598
9ff640cb-b65a-43d4-adaa-b0ad2ef06b3a,1,284.9372,1630.13931,0.0,0.0,0.0,766.6375,0.0,1500.0,0.0,0,0,1,0,E,E,E,174.785263,-41.311476
WN22C/874,3,0.0,1643.677918,0.0,0.0,0.0,766.6375,0.0,0.0,0.0,0,0,0,0,E,E,E,174.772878,-41.3229
WN47B/955,5,0.0,994.439504,7.043121,643.19,0.0,766.6375,0.0,0.0,0.05,1,0,0,0,E,E,M,174.774355,-41.31892
WN56B/598,4,0.0,950.601411,0.0,0.0,0.0,766.6375,0.0,0.0,0.15,0,0,0,0,D,E,M,174.786394,-41.317315
a0120b91-b7a9-4835-b7a9-68bd2c93b084,1,0.0,989.752123,0.0,0.0,0.0,766.6375,0.0,0.0,0.05,0,0,0,0,E,E,M,174.790912,-41.321325
a018b6ec-af9b-42a8-8746-b0e0cc2012b3,1,0.0,1868.921543,0.0,0.0,0.0,766.6375,0.0,200.0,0.05,0,0,1,0,M,E,E,174.795746,-41.321672
a0269140-35cf-480c-8235-128f9a8d46e6,1,0.0,1133.755509,0.0,0.0,0.0,766.6375,0.0,0.0,0.05,0,0,0,0,M,E,E,174.792251,-41.317677
a03b7761-63de-460a-859d-6a2bca3dd441,1,223.6319,1908.22824,0.0,0.0,0.0,766.6375,0.0,500.0,0.0,0,0,1,0,E,E,E,174.798582,-41.320494
a04a4869-575f-450b-beb3-df95711a5472,1,182.3678,1608.240257,0.0,0.0,0.0,766.6375,0.0,500.0,0.05,0,0,1,0,M,E,E,174.774998,-41.320391
a04dd060-d75d-4d09-9c36-98049a588972,1,0.0,950.243759,0.0,0.0,0.0,766.6375,0.0,0.0,0.15,0,0,0,0,D,E,M,174.796881,-41.309867
a0606703-b463-47fb-9ffa-5750755016c9,2,0.0,1719.724288,0.0,0.0,0.0,766.6375,0.0,200.0,0.0,0,0,1,0,E,E,E,174.780794,-41.315844
a06ba0eb-dc1e-4ff0-a256-1ccb4808d048,1,0.0,909.318968,31.74436,744.69,0.0,766.6375,0.0,0.0,0.15,1,0,0,0,D,E,M,174.790113,-41.317335
a06f6cf9-9b49-4781-9c2a-fab03d28e152,1,94.0275,1716.738053,0.0,0.0,0.0,766.6375,0.0,1500.0,0.05,0,0,1,0,M,E,E,174.784189,-41.315317
a0733a17-befd-4a0a-ad0a-5a5a482c066f,2,0.0,1013.69669,16.807719,643.19,0.0,766.6375,0.0,0.0,0.1,1,0,0,0,M,E,M,174.776711,-41.315209
a0af0428-fd68-4cbb-8d64-c68fceb99d67,1,484.764,1941.538258,0.0,0.0,0.0,766.6375,0.0,2500.0,0.0,0,0,1,0,E,E,E,174.799449,-41.318366
a0b38999-b558-489e-b5b8-0b9481ace999,1,0.0,1082.914263,5.739959,1224.08,0.0,766.6375,0.0,200.0,0.0,1,0,1,0,E,E,E,174.778945,-41.320573
a0b96dc2-1a77-459c-8dbb-2a1b69d64bb0,3,0.0,815.470724,0.0,0.0,0.0,766.6375,0.0,0.0,0.1,0,0,0,0,E,E,D,174.793459,-41.320423
a0bcf47f-c3df-44d9-b62f-2bbf854948b8,1,189.4729,1817.239811,0.0,0.0,0.0,766.6375,0.0,4000.0,0.0,0,0,1,0,E,E,E,174.779981,-41.31212
a0c0489b-f66b-4d14-8099-06ed849a9bb3,1,0.0,1034.036432,0.0,0.0,0.0,766.6375,0.0,0.0,0.05,0,0,0,0,E,E,M,174.776953,-41.323064
a0c380ed-3153-4fcd-b132-381182c32455,1,0.0,1843.908092,0.0,0.0,0.0,766.6375,0.0,200.0,0.05,0,0,1,0,M,E,E,174.795128,-41.322727
a0d0a7ab-bf3a-4310-b572-d870cdba6749,1,638.7012,1534.419614,0.0,0.0,0.0,766.6375,0.0,4000.0,0.05,0,0,1,0,M,E,E,174.792588,-41.324824
a0d53acd-e47e-44f3-b89f-4ea43b842bd3,1,0.0,1097.321959,0.0,0.0,0.0,766.6375,0.0,0.0,0.0,0,0,0,0,E,E,E,174.804138,-41.319047
a0d93a51-6bab-4069-989b-6d35ef1ac61e,1,0.0,1877.352991,0.0,0.0,0.0,766.6375,0.0,200.0,0.0,0,0,1,0,E,E,E,174.80024,-41.319391
a0e84b8d-9b1b-41d9-8ad6-5c0dd098c633,1,406.5654,1823.090549,0.0,0.0,0.0,766.6375,0.0,500.0,0.05,0,0,1,0,M,E,E,174.79456,-41.316982
a10072e3-3407-4a2c-b8b6-f068bde46ef2,2,0.0,1417.140982,0.0,0.0,0.0,766.6375,0.0,0.0,0.0,0,0,0,0,E,E,E,174.785447,-41.315569
a12aeb25-ebe3-4753-a704-0acf8f471b08,1,0.0,995.051051,0.0,0.0,0.0,766.6375,0.0,0.0,0.05,0,0,0,0,E,E,M,174.787632,-41.315531
a1411e2d-9fd3-40c2-a4e1-76f9f43683ed,1,0.0,866.754501,0.0,0.0,0.0,766.6375,0.0,0.0,0.1,0,0,0,0,E,E,D,174.792417,-41.323227
a14e1ae1-f146-4490-ac7c-5b9e4afde480,1,0.0,914.481369,22.787397,798.8,0.0,766.6375,0.0,0.0,0.1,1,0,0,0,E,E,D,174.788025,-41.323523
a16835a6-2040-471a-bc84-26a97145a1e0,1,0.0,1013.129196,0.0,0.0,0.0,766.6375,0.0,0.0,0.05,0,0,0,0,E,E,M,174.77543,-41.312394
a1770165-8e0e-45b9-9bf4-1933de21a7c9,2,0.0,2085.493866,0.0,0.0,0.0,766.6375,0.0,0.0,0.0,0,0,0,0,E,E,E,174.783192,-41.316699
a18b95c8-8ee8-45d5-959f-3b0ed53753d2,5,0.0,1611.313191,0.0,0.0,0.0,766.6375,0.0,200.0,0.0,0,0,1,0,E,E,E,174.777876,-41.31538
a19b9e44-e8aa-44b1-bf81-fb03f4b4c1cf,1,835.5447,1595.575119,0.0,0.0,0.0,766.6375,0.0,500.0,0.05,0,0,1,0,M,E,E,174.784566,-41.319025
a1a3801a-98b2-4b19-8927-4f09a47fc312,1,0.0,977.130441,0.0,0.0,0.0,766.6375,0.0,0.0,0.15,0,0,0,0,M,E,D,174.789533,-41.322603
a1a6c05a-20dc-4118-8e90-ec44e46dcfeb,1,339.7457,1663.128576,0.0,0.0,0.0,766.6375,0.0,1500.0,0.0,0,0,1,0,E,E,E,174.792654,-41.313429
a1c0b55d-1385-42f7-a025-7d5f2045986d,1,0.0,942.915917,0.0,0.0,0.0,766.6375,0.0,0.0,0.15,0,0,0,0,D,E,M,174.791546,-41.324123
a1d914e2-9030-4b0c-8072-3ca21fd45ec4,1,101.75,1371.340721,0.0,0.0,0.0,766.6375,0.0,500.0,0.05,0,0,1,0,E,E,M,174.779281,-41.321909
a1e41f32-26f7-40ad-9268-98f8ed4d3d8b,1,0.0,2284.274149,0.0,0.0,0.0,766.6375,0.0,200.0,0.0,0,0,1,0,E,E,E,174.783965,-41.317648
a1e8e081-44fa-4e81-8add-6e65b04cbbe6,1,398.8534,1947.156816,0.0,0.0,0.0,766.6375,0.0,500.0,0.0,0,0,1,0,E,E,E,174.79683,-41.324265
a1ead8fe-8d06-43de-868d-132693a0860c,1,0.0,1629.731998,12.220357,879.87,0.0,766.6375,0.0,200.0,0.0,1,0,1,0,E,E,E,174.775903,-41.3147
a1eced82-e03c-49e4-b711-be96ec5039dc,1,0.0,1478.418673,0.0,0.0,0.0,766.6375,0.0,0.0,0.05,0,0,0,0,M,E,E,174.774449,-41.323493
a20f7a3e-4d90-42ff-99cf-1d3c65ceba39,1,0.0,822.693241,26.187502,744.69,0.0,766.6375,0.0,0.0,0.1,1,0,0,0,E,E,D,174.790629,-41.319832
a21c3cf8-8e05-4a40-8141-5e6fffab9782,1,241.7941,1604.636047,0.0,0.0,0.0,766.6375,0.0,500.0,0.0,0,0,1,0,E,E,E,174.777462,-41.318649
a242703a-7376-4877-b2f9-96bd57c4cd20,1,318.208,1731.380186,0.0,0.0,0.0,766.6375,0.0,500.0,0.0,0,0,1,0,E,E,E,174.793712,-41.316196
a24a3455-359e-4b25-b664-5bdb4b7d53d4,3,152.3705,1378.516619,0.0,0.0,0.0,766.6375,0.0,500.0,0.05,0,0,1,0,E,E,M,174.777848,-41.312451
a2603637-0513-4639-804e-5bbf7087002a,1,0.0,1037.562665,14.772867,643.19,0.0,766.6375,0.0,0.0,0.05,1,0,0,0,E,E,M,174.77748,-41.313578
a26b3677-d083-4746-8846-cc828f7fe9a5,2,269.6283,1945.877338,0.0,0.0,0.0,766.6375,0.0,500.0,0.0,0,0,1,0,E,E,E,174.772745,-41.321907
a28bf41c-ad27-4aa6-9318-3a00d97182e5,1,170.8951,1725.991046,0.0,0.0,0.0,766.6375,0.0,2500.0,0.0,0,0,1,0,E,E,E,174.781061,-41.311159
a29afe6a-4d69-4926-9c0d-89840795a8b4,1,0.0,796.017445,25.226956,1224.08,0.0,766.6375,0.0,0.0,0.1,1,0,0,0,E,E,D,174.79046,-41.320302
a2a2f524-00d8-4baf-bda9-1ab22d7091ef,2,0.0,1453.893581,0.0,0.0,0.0,766.6375,0.0,0.0,0.0,0,0,0,0,E,E,E,174.778262,-41.311034
a2a2f6c5-39ca-4bc8-b19f-fc03ee8b3f51,1,0.0,1318.650266,0.0,0.0,0.0,766.6375,0.0,0.0,0.0,0,0,0,0,E,E,E,174.774046,-41.324433
a2ae05ca-e300-4a45-98b9-8b49fd834841,1,0.0,1692.074102,0.0,0.0,0.0,766.6375,0.0,0.0,0.0,0,0,0,0,E,E,E,174.79429,-41.320592
a2b4133f-706e-424c-9815-09240955a7b4,1,0.0,1217.870083,0.0,0.0,0.0,766.6375,0.0,0.0,0.05,0,0,0,0,M,E,E,174.804049,-41.320196
a2b4c9b6-da4a-4d26-b86a-1bf37818901c,1,367.0543,1895.538235,0.0,0.0,0.0,766.6375,0.0,500.0,0.0,0,0,1,0,E,E,E,174.802327,-41.322564
a2c780ed-32e3-46ac-8c0f-739c8ffcb7f9,2,0.0,902.87837,32.593873,643.19,0.0,766.6375,0.0,0.0,0.05,1,0,0,0,E,E,M,174.793996,-41.311155
a2cb91d8-8ef0-4c6d-9e05-659627aa258d,1,278.9102,1737.699737,0.0,0.0,0.0,766.6375,0.0,1500.0,0.0,0,0,1,0,E,E,E,174.783868,-41.314449
a2d63111-33d3-4a5b-8d46-a24caa62468b,1,258.8302,1743.766448,0.0,0.0,0.0,766.6375,0.0,4000.0,0.05,0,0,1,0,M,E,E,174.776152,-41.319672
a2db0ad7-ecc4-4fd6-a122-ab03dd2240e9,1,0.0,993.915638,0.0,0.0,0.0,766.6375,0.0,0.0,0.1,0,0,0,0,M,E,M,174.79063,-41.313403
a2e0572d-dccc-419e-b1f2-94c4e3b10df2,1,0.0,1895.053574,0.0,0.0,0.0,766.6375,0.0,200.0,0.05,0,0,1,0,M,E,E,174.799761,-41.319523
a2f54124-c86e-404f-ae33-26fe960d0884,1,250.3394,1902.950613,0.0,0.0,0.0,766.6375,0.0,1500.0,0.0,0,0,1,0,E,E,E,174.800459,-41.320626
a2fcc696-f75f-4bdf-be97-620df3d0363e,1,0.0,903.632433,26.138868,798.8,0.0,766.6375,0.0,0.0,0.1,1,0,0,0,E,E,D,174.78655,-41.323865
a32aca6a-8788-42e0-88fa-6a6345457f66,1,257.4701,1595.904048,14.04014,744.69,0.0,766.6375,0.0,500.0,0.05,1,0,1,0,E,E,M,174.772313,-41.322249
a33cf54d-a443-48c6-838f-2fb684f13e38,1,75.9991,1929.39698,0.0,0.0,0.0,766.6375,0.0,1500.0,0.05,0,0,1,0,M,E,E,174.796561,-41.317067
a344c55c-0717-4486-b719-0fe24cb3fd45,3,0.0,1746.866551,0.0,0.0,0.0,766.6375,0.0,0.0,0.0,0,0,0,0,E,E,E,174.776268,-41.322464
a35e8539-a02a-4956-9b16-1d6269b61c42,3,187.8947,1683.803715,0.0,0.0,0.0,766.6375,0.0,4000.0,0.0,0,0,1,0,E,E,E,174.786282,-41.312473
a35ffa5d-55ba-4dac-aef1-a17b59636b7c,1,0.0,919.225432,0.0,0.0,0.0,766.6375,0.0,0.0,0.05,0,0,0,0,E,E,M,174.792446,-41.321718
a3685a0e-9345-4152-943d-7c80ffb6294a,1,216.1977,1793.544097,0.0,0.0,0.0,766.6375,0.0,1500.0,0.0,0,0,1,0,E,E,E,174.78027,-41.312387
a36cf49b-377b-47fd-9167-deeeab90d154,1,0.0,1878.051248,0.0,0.0,0.0,766.6375,0.0,200.0,0.05,0,0,1,0,M,E,E,174.801821,-41.318638
a386aa2c-8ca7-46d9-ae99-448940a09277,1,0.0,951.890563,0.0,0.0,0.0,766.6375,0.0,0.0,0.05,0,0,0,0,E,E,M,174.793988,-41.309476
a3889a05-032c-4a4d-90d0-d51518758e73,1,286.1088,1590.280558,0.0,0.0,0.0,766.6375,0.0,1500.0,0.0,0,0,1,0,E,E,E,174.785377,-41.311061
a38a1177-8352-48ef-bb08-a932f8c6a880,1,0.0,1674.371729,0.0,0.0,0.0,766.6375,0.0,0.0,0.0,0,0,0,0,E,E,E,174.780271,-41.318527
a3a6e3c3-4fe0-4895-a08c-4370db4b5f36,1,0.0,843.912791,28.73496,744.69,0.0,766.6375,0.0,0.0,0.1,1,0,0,0,E,E,D,174.78986,-41.320032
a3afe9e7-3d65-4e78-b65c-735de0833155,1,0.0,890.401152,0.0,0.0,0.0,766.6375,0.0,0.0,0.05,0,0,0,0,E,E,M,174.791782,-41.31828
a3ba3486-fe02-4c53-9b87-9ae0631b0759,1,0.0,1526.892934,0.0,0.0,0.0,766.6375,0.0,0.0,0.05,0,0,0,0,M,E,E,174.791943,-41.324463
a3d4cce3-58b8-4ef8-a55d-ae64c7bf7c7a,1,345.6868,1705.25719,0.0,0.0,0.0,766.6375,0.0,500.0,0.05,0,0,1,0,M,E,E,174.794184,-41.321817
a402dd61-df2b-4723-96eb-c4e55295ba47,2,0.0,1665.534625,0.0,0.0,0.0,766.6375,0.0,0.0,0.05,0,0,0,0,M,E,E,174.777012,-41.322384
a40dd6a1-e174-4c29-992d-1bee62d771bb,5,2400.8736,1756.692477,0.0,0.0,0.0,766.6375,0.0,500.0,0.0,0,0,1,0,E,E,E,174.780689,-41.315061
a419b3f2-8d5a-49d7-8e00-82577f3d2807,1,10741.1389,1895.999276,0.0,0.0,0.0,766.6375,0.0,500.0,0.1,0,0,1,0,D,E,E,174.797538,-41.315346
a41dd270-7040-4bf1-9d76-6bcc01d43300,1,232.5129,1983.342464,0.0,0.0,0.0,766.6375,0.0,1500.0,0.05,0,0,1,0,M,E,E,174.779318,-41.320246
a41fa297-82cc-4724-aab0-39431007afc2,1,466.8796,1612.981502,0.0,0.0,0.0,766.6375,0.0,1500.0,0.0,0,0,1,0,E,E,E,174.792554,-41.311682
a43ec7b1-7c9b-4b34-ba25-0bfaa68d7d68,1,0.0,1624.858818,0.0,0.0,0.0,766.6375,0.0,200.0,0.0,0,0,1,0,E,E,E,174.778485,-41.320202
a45cd0cf-d0c1-40b0-b336-cd17a9f5b154,1,0.0,1063.008859,0.0,0.0,0.0,766.6375,0.0,0.0,0.05,0,0,0,0,E,E,M,174.804644,-41.320128
a45d97cc-fe92-4a36-bf41-c8f2ca275d8e,1,364.278,1896.824846,0.0,0.0,0.0,766.6375,0.0,1500.0,0.0,0,0,1,0,E,E,E,174.799874,-41.320562
a45ef8b7-f3d3-4e67-856e-7091cdd37170,2,0.0,930.242392,0.0,0.0,0.0,766.6375,0.0,0.0,0.05,0,0,0,0,E,E,M,174.7751,-41.314611
a464951c-eb58-49b9-80d2-aa6b3211b62f,1,0.0,1885.909091,0.0,0.0,0.0,766.6375,0.0,200.0,0.0,0,0,1,0,E,E,E,174.799693,-41.319595
a4752e3e-c582-4f61-8371-28d2a1efbddc,1,0.0,1736.445228,0.0,0.0,0.0,766.6375,0.0,200.0,0.0,0,0,1,0,E,E,E,174.784197,-41.311349
a47a1d3a-42ea-4e58-877e-eee2a44fcb42,1,0.0,1822.902707,0.0,0.0,0.0,766.6375,0.0,0.0,0.0,0,0,0,0,E,E,E,174.803,-41.321875
a47b21c4-db9f-48d2-897d-938039917780,1,0.0,1058.425625,0.0,0.0,0.0,766.6375,0.0,200.0,0.1,0,0,1,0,M,E,M,174.776418,-41.315088
a47d066e-d06b-4ffa-87e1-6f5b4ec36c7d,1,878.3934,1878.254463,0.0,0.0,0.0,766.6375,0.0,1500.0,0.05,0,0,1,0,M,E,E,174.796819,-41.315196
a47e490e-7e77-4b04-845f-09b8968d220c,1,194.7331,1584.507531,0.0,0.0,0.0,766.6375,0.0,500.0,0.05,0,0,1,0,M,E,E,174.791357,-41.312336
a4836734-b6bc-4e35-8c5e-f7ca33359079,1,305.841,1946.547648,0.0,0.0,0.0,766.6375,0.0,2500.0,0.05,0,0,1,0,M,E,E,174.798222,-41.31779
a497449b-46f0-488a-99a5-a4f9ac185b56,1,168.0827,1545.037049,11.344086,1224.08,0.0,766.6375,0.0,500.0,0.0,1,0,1,0,E,E,E,174.778848,-41.319847
a4a26cbc-6314-4549-997a-fa924fc87f34,1,0.0,1625.647624,0.0,0.0,0.0,766.6375,0.0,0.0,0.05,0,0,0,0,M,E,E,174.785258,-41.309723
a4a93b0d-9a7b-4464-b329-149474d79f7c,2,0.0,878.068817,0.0,0.0,0.0,766.6375,0.0,0.0,0.15,0,0,0,0,M,E,D,174.792995,-41.317212
a4b87202-02dc-4290-a16e-2c0f2c0c4cc2,1,470.1137,1877.388747,0.0,0.0,0.0,766.6375,0.0,500.0,0.05,0,0,1,0,M,E,E,174.799111,-41.319441
a4c5c293-2e42-4482-bc6b-3620fffd7c08,1,261.15,1506.868323,6.060051,798.8,0.0,766.6375,0.0,500.0,0.0,1,0,1,0,E,E,E,174.791981,-41.310809
a4cb6310-34c6-4c34-8fc5-4ce39893d2cb,1,0.0,987.428018,0.0,0.0,0.0,766.6375,0.0,0.0,0.1,0,0,0,0,M,E,M,174.775621,-41.32288
a4e67f4c-ae14-4c2f-b2b0-e67c7383d1f6,1,0.0,1888.951102,0.0,0.0,0.0,766.6375,0.0,200.0,0.0,0,0,1,0,E,E,E,174.799469,-41.320295
a4e99796-1ec3-473b-8f4b-87350121a9f5,1,0.0,916.556962,0.0,0.0,0.0,766.6375,0.0,0.0,0.1,0,0,0,0,E,E,D,174.793883,-41.309791
a4ecd2a8-85c7-47a6-b840-71a66780ec7c,2,0.0,1762.292604,0.0,0.0,0.0,766.6375,0.0,200.0,0.0,0,0,1,0,E,E,E,174.780346,-41.314079
a502cae5-e3dd-4e5d-a39f-b8f3d1373fc7,1,0.0,1062.77356,0.0,0.0,0.0,766.6375,0.0,0.0,0.05,0,0,0,0,E,E,M,174.788727,-41.314735
a51c1e9a-9de4-45f0-a629-c079359e03a4,1,0.0,1877.576002,0.0,0.0,0.0,766.6375,0.0,200.0,0.05,0,0,1,0,M,E,E,174.80019,-41.319111
a5216f92-ddb8-4e01-b639-21ba2744ed77,1,280.771,1949.632235,0.0,0.0,0.0,766.6375,0.0,500.0,0.0,0,0,1,0,E,E,E,174.798268,-41.32328
a5248ddf-150b-4da3-9c4e-506d9efd4634,1,0.0,978.451962,0.0,0.0,0.0,766.6375,0.0,0.0,0.05,0,0,0,0,E,E,M,174.792684,-41.321133
a55ce5a8-0055-4f71-abb9-dc3765ccdb2b,1,215.1962,1044.905529,12.835872,643.19,0.0,766.6375,0.0,1500.0,0.0,1,0,1,0,E,E,E,174.779319,-41.320463
a57afbdf-6859-405c-9001-8b2994ecc3cc,1,0.0,1644.60157,0.0,0.0,0.0,766.6375,0.0,0.0,0.0,0,0,0,0,E,E,E,174.778399,-41.309959
a59fe018-4e9c-47ed-8a3c-7fc0f6bf297b,1,251.611,1518.109663,0.0,0.0,0.0,766.6375,0.0,1500.0,0.0,0,0,1,0,E,E,E,174.785411,-41.310758
a5a8b31c-2d78-4959-a20f-d224f0f4cbe5,3,0.0,1496.092376,0.0,0.0,0.0,766.6375,0.0,200.0,0.05,0,0,1,0,E,E,M,174.780363,-41.316862
a5aec169-2a17-457a-a8b1-556adb1506fb,1,0.0,1739.55496,0.0,0.0,0.0,766.6375,0.0,200.0,0.0,0,0,1,0,E,E,E,174.785217,-41.31261
a5e18480-9b07-4f4f-a7db-19bf469a37ca,2,0.0,930.765743,21.871982,1224.08,0.0,766.6375,0.0,0.0,0.1,1,0,0,0,E,E,D,174.789548,-41.322037
a5e4858e-4c5c-4eb5-82cc-be6d0098396b,2,240.9914,989.473985,0.0,0.0,0.0,766.6375,0.0,1500.0,0.05,0,0,1,0,E,E,M,174.780067,-41.322737
a604de86-5808-4fd6-a590-106f92059c2b,2,249.3914,1731.923525,0.0,0.0,0.0,766.6375,0.0,4000.0,0.0,0,0,1,0,E,E,E,174.780041,-41.31187
a6063cbe-1d9d-4356-83f9-a0003c0b6881,2,249.5948,1715.001847,0.0,0.0,0.0,766.6375,0.0,4000.0,0.05,0,0,1,0,M,E,E,174.779911,-41.311861
a6366e73-46b2-4410-9461-850f57e04dd8,1,0.0,1470.421696,12.663815,744.69,0.0,766.6375,0.0,200.0,0.0,1,0,1,0,E,E,E,174.785265,-41.316457
a65b07e7-4c4f-419d-ba9d-29364e7ab84b,1,0.0,1868.533344,0.0,0.0,0.0,766.6375,0.0,200.0,0.05,0,0,1,0,M,E,E,174.800045,-41.319955
a6633eb5-c7bc-4a03-b382-f3897f7b3212,1,0.0,1570.915476,0.0,0.0,0.0,766.6375,0.0,0.0,0.0,0,0,0,0,E,E,E,174.778391,-41.310686
a664c54f-475d-4062-8312-f51d55b93b38,13,792.2698,2114.313017,0.0,0.0,0.0,766.6375,0.0,1500.0,0.0,0,0,1,0,E,E,E,174.779191,-41.319447
a68ccfce-c28c-4b53-a4aa-16ca8efb6676,1,0.0,983.611122,0.0,0.0,0.0,766.6375,0.0,0.0,0.05,0,0,0,0,E,E,M,174.786229,-41.318231
a6a2fd25-6884-4890-88ed-c929aed9447a,1,0.0,1500.741214,0.0,0.0,0.0,766.6375,0.0,200.0,0.0,0,0,1,0,E,E,E,174.777135,-41.320041
a6a90f31-34e6-4c05-ae9c-20a72f81c431,2,344.6416,1738.59091,0.0,0.0,0.0,766.6375,0.0,1500.0,0.05,0,0,1,0,M,E,E,174.781007,-41.312529
a6c0f778-3daa-41d6-b0ef-4abad6cc4ce8,1,0.0,1717.565942,0.0,0.0,0.0,766.6375,0.0,200.0,0.0,0,0,1,0,E,E,E,174.780344,-41.31654
a6cc09f1-c8b0-484d-918a-3d9fb1138856,1,0.0,1030.38359,0.0,0.0,0.0,766.6375,0.0,0.0,0.05,0,0,0,0,E,E,M,174.795302,-41.310821
a6da60a5-e16d-4336-aa84-d409bd2aaa37,1,0.0,1166.109846,0.0,0.0,0.0,766.6375,0.0,0.0,0.05,0,0,0,0,E,E,M,174.795971,-41.309975
a6df72f4-f840-4952-aca9-2b56bb4b19a8,1,306.6744,1716.642536,0.0,0.0,0.0,766.6375,0.0,500.0,0.0,0,0,1,0,E,E,E,174.778862,-41.320966
a6e7ae7f-e153-47e4-8417-895b35f41767,2,176.9317,2267.350113,0.0,0.0,0.0,766.6375,0.0,500.0,0.0,0,0,1,0,E,E,E,174.776543,-41.310291
a6f01365-ddfc-471a-985f-89161f535a17,1,0.0,1046.41441,0.0,0.0,0.0,766.6375,0.0,0.0,0.05,0,0,0,0,E,E,M,174.788181,-41.321423
a6f177c9-aaa5-4ad6-a84c-55cc96a8d370,1,0.0,1588.490335,0.0,0.0,0.0,766.6375,0.0,0.0,0.0,0,0,0,0,E,E,E,174.774477,-41.319401
a6f333dd-1acf-4958-aedd-d192bc3b00c9,1,371.1289,1729.395687,0.0,0.0,0.0,766.6375,0.0,500.0,0.05,0,0,1,0,M,E,E,174.783769,-41.312556
a6f8b341-a7d8-4026-bf63-86c548aeb1fd,1,0.0,1553.080543,0.0,0.0,0.0,766.6375,0.0,0.0,0.0,0,0,0,0,E,E,E,174.777641,-41.312057
a709f704-9281-47db-9774-84c0ffeddde6,1,0.0,1038.181728,0.0,0.0,0.0,766.6375,0.0,0.0,0.05,0,0,0,0,E,E,M,174.792435,-41.316809
a7109ad5-38b8-4d3a-85f5-61cedd3687ff,1,0.0,1086.911371,0.0,0.0,0.0,766.6375,0.0,0.0,0.0,0,0,0,0,E,E,E,174.803553,-41.321748
a716a30a-6026-4c45-9854-ed7463a52c03,1,345.499,1825.838689,0.0,0.0,0.0,766.6375,0.0,500.0,0.0,0,0,1,0,E,E,E,174.795103,-41.324472
a725226f-312f-4254-bbdb-36e98590004a,1,240.9332,1651.067112,0.0,0.0,0.0,766.6375,0.0,500.0,0.0,0,0,1,0,E,E,E,174.782779,-41.315303
a738a34e-c114-4386-bb85-fce2bd1da30d,1,0.0,1275.014298,0.0,0.0,0.0,766.6375,0.0,0.0,0.0,0,0,0,0,E,E,E,174.804096,-41.32056
a7458054-6c31-431b-85c5-4d74ce359597,1,0.0,1728.168817,0.0,0.0,0.0,766.6375,0.0,0.0,0.0,0,0,0,0,E,E,E,174.782402,-41.316625
a7675b57-d501-4a12-a03f-d325f928fff3,1,299.1386,1882.452947,0.0,0.0,0.0,766.6375,0.0,1500.0,0.05,0,0,1,0,M,E,E,174.781997,-41.312947
a7806d18-b108-4a33-89bc-87c7d69f85e1,1,261.4522,1466.063834,0.0,0.0,0.0,766.6375,0.0,500.0,0.05,0,0,1,0,E,E,M,174.776205,-41.309841
a78755d7-1efc-475a-9e15-48358731dc63,4,0.0,1428.259171,0.0,0.0,0.0,766.6375,0.0,0.0,0.05,0,0,0,0,E,E,M,174.77817,-41.310256
a789049d-b580-410d-b68b-5bc267e1a4f3,2,0.0,1048.667457,0.0,0.0,0.0,766.6375,0.0,0.0,0.1,0,0,0,0,M,E,M,174.776269,-41.311523
a7920f0e-479d-435f-bf29-e1ff12cd3d82,1,0.0,2398.217975,0.0,0.0,0.0,766.6375,0.0,0.0,0.0,0,0,0,0,E,E,E,174.777453,-41.322991
a7a8d96e-a286-4b55-8a4e-aeb9721063f7,2,0.0,1677.519412,16.569956,643.19,0.0,766.6375,0.0,0.0,0.0,1,0,0,0,E,E,E,174.775266,-41.315098
a7ab0427-043b-4e49-95f2-28b3c9859405,1,193.6163,1683.606823,0.0,0.0,0.0,766.6375,0.0,1500.0,0.05,0,0,1,0,M,E,E,174.779065,-41.312833
a7c7b5a7-68e9-4e91-b7e2-55610c31ce06,1,0.0,897.224586,26.56655,879.87,0.0,766.6375,0.0,0.0,0.1,1,0,0,0,E,E,D,174.790237,-41.318779
a7cd5bc3-c7da-465a-ba6a-6755152a0364,1,319.5489,1850.500632,0.0,0.0,0.0,766.6375,0.0,4000.0,0.05,0,0,1,0,M,E,E,174.800875,-41.32078
a7d644af-67eb-4e6b-81f3-adfed3f844dc,1,0.0,1606.642925,0.0,0.0,0.0,766.6375,0.0,0.0,0.0,0,0,0,0,E,E,E,174.785396,-41.309671
a7d81640-89e7-41f8-8b70-32462f115a47,1,310.4811,2203.346574,0.0,0.0,0.0,766.6375,0.0,1500.0,0.0,0,0,1,0,E,E,E,174.77938,-41.319053
a7f51c90-5127-4b6c-a722-a99a1366beee,1,442.9239,1897.676886,0.0,0.0,3.867525,766.6375,0.0,1500.0,0.05,0,1,1,0,M,E,E,174.797649,-41.322177
a7fc21dc-7406-4366-844b-5a466beee402,1,0.0,894.100733,16.812288,798.8,0.0,766.6375,0.0,0.0,0.05,1,0,0,0,E,E,M,174.7898,-41.32409
a8198f44-0575-4a53-968c-67fd7b0dc056,1,0.0,1915.662044,0.0,0.0,0.0,766.6375,0.0,200.0,0.0,0,0,1,0,E,E,E,174.799924,-41.320408
a8380c81-afbb-40a4-9aa4-47e57fbdefed,2,0.0,945.120863,0.0,0.0,0.0,766.6375,0.0,0.0,0.1,0,0,0,0,M,E,M,174.791171,-41.323657
a851eaf2-fe31-457f-bad3-34b32de0da96,1,0.0,1657.496279,0.0,0.0,0.0,766.6375,0.0,0.0,0.0,0,0,0,0,E,E,E,174.7824,-41.316823
a85e6a7f-3a0f-453b-9691-e704e0e2c34b,1,0.0,977.097878,0.0,0.0,0.0,766.6375,0.0,0.0,0.05,0,0,0,0,E,E,M,174.776041,-41.323077
a86e6182-474a-4340-a108-d79bdc79b579,1,0.0,915.147188,0.0,0.0,0.0,766.6375,0.0,0.0,0.1,0,0,0,0,E,E,D,174.789983,-41.324768
a87ced0d-60a5-44a0-b0cb-7f42ceb542cd,1,171.5427,1888.558952,0.0,0.0,0.0,766.6375,0.0,500.0,0.0,0,0,1,0,E,E,E,174.797077,-41.323286
a87dbf62-74bf-4ba7-b033-1e4d408dcf35,1,0.0,852.014751,0.0,0.0,0.0,766.6375,0.0,0.0,0.1,0,0,0,0,E,E,D,174.789796,-41.321941
a87f942f-4810-4d48-8048-a1016fc766b4,4,0.0,1737.552768,0.0,0.0,0.0,766.6375,0.0,0.0,0.0,0,0,0,0,E,E,E,174.805215,-41.319615
a8abf4ea-2e24-4f85-b32f-b9ea7a37e540,1,0.0,999.824771,0.0,0.0,0.0,766.6375,0.0,0.0,0.0,0,0,0,0,E,E,E,174.792082,-41.318941
a8c1d64d-e4f9-4aaa-9bf3-2460fb3c5617,1,0.0,917.018538,21.682942,879.87,0.0,766.6375,0.0,0.0,0.1,1,0,0,0,E,E,D,174.790675,-41.322114
a8c8a743-c584-41ea-9b30-cf5fc5330b65,1,0.0,1029.325844,0.0,0.0,0.0,766.6375,0.0,0.0,0.0,0,0,0,0,E,E,E,174.774491,-41.318918
a8f38bdd-28ca-4544-beba-773c2809c6f2,1,0.0,892.139712,20.553576,798.8,0.0,766.6375,0.0,0.0,0.05,1,0,0,0,E,E,M,174.787481,-41.321369
a8f4ad81-5563-4fbd-b4ec-042957b1ee2b,1,182.1465,2073.15425,0.0,0.0,0.0,766.6375,0.0,1500.0,0.0,0,0,1,0,E,E,E,174.779339,-41.320175
a8f6a48f-fde1-4e04-b0e0-bf37863df078,1,0.0,1425.48407,15.19568,744.69,0.0,766.6375,0.0,0.0,0.1,1,0,0,0,M,E,M,174.782605,-41.317308
a9066055-6751-46ad-af3d-f51697815a4e,1,0.0,1822.723488,0.0,0.0,0.0,766.6375,0.0,200.0,0.0,0,0,1,0,E,E,E,174.801113,-41.320134
a91d74b9-b72b-4d21-956a-e7791586b6c3,1,0.0,980.413651,0.0,0.0,0.0,766.6375,0.0,0.0,0.05,0,0,0,0,E,E,M,174.791371,-41.313426
a953c64d-0978-4b09-a213-50d4c4e90047,1,0.0,1062.534904,0.0,0.0,0.0,766.6375,0.0,0.0,0.05,0,0,0,0,M,E,E,174.790935,-41.313424
a9603b82-ea52-4321-9e41-48bdaeab7c9f,1,0.0,934.666189,0.0,0.0,0.0,766.6375,0.0,0.0,0.05,0,0,0,0,E,E,M,174.774812,-41.314754
a97ebc4f-a9a9-48cf-99c5-8e46d52149d9,1,0.0,1619.462392,0.0,0.0,0.0,766.6375,0.0,200.0,0.0,0,0,1,0,E,E,E,174.793701,-41.32337
a9936179-c014-4d04-8c6e-ac6e13765bbd,1,0.0,1667.270027,0.0,0.0,0.0,766.6375,0.0,200.0,0.0,0,0,1,0,E,E,E,174.781281,-41.315637
a9947c1f-3526-41ed-a462-c54e46a4d17b,1,563.3313,1899.633236,0.0,0.0,0.0,766.6375,0.0,1500.0,0.0,0,0,1,0,E,E,E,174.796564,-41.316932
a9aeea95-0ae0-4b55-9bc9-7025ac3eaeee,1,0.0,1327.419126,0.0,0.0,0.0,766.6375,0.0,0.0,0.05,0,0,0,0,E,E,M,174.778366,-41.312753
a9b35096-5b41-4005-b137-8a3af1ab0d76,1,0.0,935.074634,16.928446,744.69,0.0,766.6375,0.0,0.0,0.1,1,0,0,0,E,E,D,174.789998,-41.317838
a9e144b6-7085-4475-ab06-625b003a0be5,1,0.0,1694.564499,0.0,0.0,0.0,766.6375,0.0,0.0,0.0,0,0,0,0,E,E,E,174.7814,-41.318043
aa0a4cfa-3877-4aed-8526-9e67a6819ac4,1,239.4433,995.82757,0.0,0.0,0.0,766.6375,0.0,1500.0,0.05,0,0,1,0,E,E,M,174.779091,-41.319895
aa4b297e-e356-4193-a0fe-5287fca8f3e6,1,613.1522,1833.57218,0.0,0.0,0.0,766.6375,0.0,500.0,0.05,0,0,1,0,M,E,E,174.794762,-41.317406
aa519119-bc02-48bf-854e-e5fd3af1bbd3,1,0.0,1566.522123,0.0,0.0,0.0,766.6375,0.0,200.0,0.0,0,0,1,0,E,E,E,174.779752,-41.31575
aa580442-74d6-4efd-b4ec-e6b9689fada4,1,246.0961,1652.079885,0.0,0.0,0.0,766.6375,0.0,500.0,0.0,0,0,1,0,E,E,E,174.781607,-41.318663
aa606861-7803-4170-b226-1ce6ac4c878c,1,0.0,1011.706825,0.0,0.0,0.0,766.6375,0.0,0.0,0.05,0,0,0,0,E,E,M,174.774806,-41.314859
aa612b33-f982-4405-850b-4f7ec115787e,1,0.0,1278.140511,0.0,0.0,0.0,766.6375,0.0,0.0,0.05,0,0,0,0,E,E,M,174.782625,-41.317483
aa7ee50d-e79d-459a-909f-690b2de3fad7,1,0.0,980.070068,0.0,0.0,0.0,766.6375,0.0,0.0,0.05,0,0,0,0,E,E,M,174.775331,-41.312698
aa83aa36-3852-4ac5-a4c7-e7af010e08b1,1,0.0,818.60393,0.0,0.0,0.0,766.6375,0.0,0.0,0.15,0,0,0,0,M,E,D,174.786447,-41.323964
aa85dec8-6388-4b50-876b-80927e4bb701,1,239.726,1983.78711,0.0,0.0,0.0,766.6375,0.0,1500.0,0.0,0,0,1,0,E,E,E,174.772352,-41.321695
aa9feea4-afcb-4e33-89ed-0535a6a4b165,1,0.0,1034.270983,14.997783,879.87,0.0,766.6375,0.0,0.0,0.0,1,0,0,0,E,E,E,174.786666,-41.310359
aaa72d92-ffb5-4fb5-bce5-80e34294da95,1,0.0,883.89797,24.914878,1224.08,0.0,766.6375,0.0,0.0,0.15,1,0,0,0,M,E,D,174.790993,-41.324488
aaa7312d-edd6-4ec3-a81c-b32957c8995f,1,0.0,940.230168,0.0,0.0,0.0,766.6375,0.0,0.0,0.1,0,0,0,0,M,E,M,174.791625,-41.31869
aaa9db54-0151-4886-ad46-a3b5723b9be2,1,0.0,1765.291353,0.0,0.0,0.0,766.6375,0.0,200.0,0.05,0,0,1,0,M,E,E,174.778713,-41.320555
aab327f2-a92c-420d-83a0-be32586b2e83,1,0.0,1734.620477,0.0,0.0,0.0,766.6375,0.0,0.0,0.0,0,0,0,0,E,E,E,174.783735,-41.309749
aac79d00-b8b8-4469-9325-61a7f42bc752,1,0.0,1175.179454,16.446157,744.69,0.0,766.6375,0.0,0.0,0.0,1,0,0,0,E,E,E,174.789464,-41.314442
aad81f56-0c04-4bc9-9447-2bf030ae87a5,1,119.463,1696.531176,0.0,0.0,0.0,766.6375,0.0,4000.0,0.0,0,0,1,0,E,E,E,174.779078,-41.312715
aaf1f934-6f5e-4043-9d85-156f3ca12684,2,0.0,995.211867,23.503279,1224.08,0.0,766.6375,0.0,0.0,0.15,1,0,0,0,D,E,M,174.775351,-41.324305
aaf64e1c-73a3-44ac-a56a-bd5dfbeac491,1,0.0,1605.772039,0.0,0.0,0.0,766.6375,0.0,0.0,0.05,0,0,0,0,M,E,E,174.775061,-41.310436
aaf7b475-837d-453d-8d76-8009080d053f,1,0.0,1382.305851,0.0,0.0,0.0,766.6375,0.0,0.0,0.0,0,0,0,0,E,E,E,174.774322,-41.323511
ab058271-cf46-4cb6-8b8b-5b2db9f3d5bd,1,0.0,702.451258,29.581926,1224.08,0.0,766.6375,0.0,0.0,0.2,1,0,0,0,D,E,D,174.79177,-41.322755
ab0e6f94-2aa0-43e5-8f53-bece8abd4d7e,1,0.0,1013.394674,0.0,0.0,0.0,766.6375,0.0,0.0,0.05,0,0,0,0,M,E,E,174.775606,-41.322779
ab314f1b-fa5c-44e4-a202-66c0c8bb4d24,1,0.0,1093.216917,0.0,0.0,0.0,766.6375,0.0,0.0,0.0,0,0,0,0,E,E,E,174.791852,-41.316955
ab7a973e-b6b0-439b-b04e-e4921fbc47fb,1,0.0,1572.109605,0.0,0.0,0.0,766.6375,0.0,0.0,0.0,0,0,0,0,E,E,E,174.775171,-41.313932
ab8f3104-614c-4a28-a167-b0dcd92d8eee,1,693.9599,1871.915657,0.0,0.0,0.0,766.6375,0.0,500.0,0.05,0,0,1,0,M,E,E,174.801478,-41.318266
ab98238f-4fae-49bc-aef5-7984b71075e8,1,0.0,1716.975011,0.0,0.0,0.0,766.6375,0.0,0.0,0.0,0,0,0,0,E,E,E,174.775331,-41.314798
abcaa65c-6596-489d-a19e-e0a5ff0c4639,3,308.3708,1877.02699,0.0,0.0,0.0,766.6375,0.0,500.0,0.0,0,0,1,0,E,E,E,174.777763,-41.318496
abd1f359-eb15-49a3-a057-ba5771802452,16,0.0,1543.005192,0.0,0.0,0.0,766.6375,0.0,0.0,0.1,0,0,0,0,M,E,M,174.774899,-41.321026
abd9d205-70fd-4ed8-9b5a-6a625bcf0f37,1,0.0,877.838379,0.0,0.0,0.0,766.6375,0.0,0.0,0.1,0,0,0,0,E,E,D,174.791507,-41.316023
abf6e963-3425-4775-b69e-ab7d75a14002,1,0.0,1010.765003,27.658113,1224.08,0.0,766.6375,0.0,0.0,0.05,1,0,0,0,E,E,M,174.787061,-41.315421
ac0cdd37-b72f-4af8-9422-dbe28e676f46,1,233.6021,1691.418369,0.0,0.0,0.0,766.6375,0.0,1500.0,0.0,0,0,1,0,E,E,E,174.785936,-41.310069
ac42bb76-947a-4862-a85e-2ffa573439bf,1,0.0,1686.809174,0.0,0.0,0.0,766.6375,0.0,200.0,0.0,0,0,1,0,E,E,E,174.778105,-41.320395
ac4cca37-ce24-492e-b7a2-0e7fcf1a5133,1,1155.6557,1921.604181,0.0,0.0,0.0,766.6375,0.0,500.0,0.05,0,0,1,0,M,E,E,174.778464,-41.315685
ac605b40-178c-4221-97db-00541cd47bc8,1,0.0,971.386505,0.0,0.0,0.0,766.6375,0.0,0.0,0.05,0,0,0,0,E,E,M,174.776423,-41.318618
ac65fc13-01b2-4231-ab3b-2d4d5b2c3fca,1,792.4985,1910.461827,0.0,0.0,0.0,766.6375,0.0,500.0,0.05,0,0,1,0,M,E,E,174.796242,-41.323865
ac6bdcf5-c6dc-459a-8d99-dcf05b529254,4,5864.8752,1727.723246,0.0,0.0,0.0,766.6375,0.0,500.0,0.05,0,0,1,0,M,E,E,174.781387,-41.311549
ac7662b0-10d3-4f2e-a117-60071228f58d,1,0.0,1209.05361,0.0,0.0,0.0,766.6375,0.0,0.0,0.05,0,0,0,0,M,E,E,174.787018,-41.324675
ac82bd5a-005a-490d-a2a1-1609d5f3fe7a,1,197.7105,1635.899306,0.0,0.0,0.0,766.6375,0.0,500.0,0.0,0,0,1,0,E,E,E,174.775888,-41.310535
ac8e2909-9db7-401e-a818-7a5fb97950ae,1,0.0,1762.650615,0.0,0.0,0.0,766.6375,0.0,0.0,0.0,0,0,0,0,E,E,E,174.805128,-41.32157
ac8f6c9a-f5d7-45c3-b66f-c0898964e327,1,0.0,1150.822052,0.0,0.0,0.0,766.6375,0.0,0.0,0.0,0,0,0,0,E,E,E,174.787457,-41.309901
ac9c3a6e-b30b-4520-b837-eb571d3d57e8,1,354.3973,1538.531199,0.0,0.0,0.0,766.6375,0.0,1500.0,0.05,0,0,1,0,M,E,E,174.794029,-41.32318
ac9d92a5-22a3-4a40-896d-1ab829681107,1,0.0,2022.228432,0.0,0.0,0.0,766.6375,0.0,200.0,0.0,0,0,1,0,E,E,E,174.777222,-41.320576
acadb1f8-ab8c-41ce-b656-65355acea2d3,3,0.0,943.213413,13.450331,744.69,0.0,766.6375,0.0,0.0,0.05,1,0,0,0,E,E,M,174.776451,-41.312909
acb1a157-78bf-44d1-b7fd-76a9ba0ef43b,1,0.0,1462.769333,0.0,0.0,0.0,766.6375,0.0,0.0,0.0,0,0,0,0,E,E,E,174.784972,-41.3155
acbc1300-9fcf-4abb-bbf4-94abfabe7541,1,196.0037,1782.228901,0.0,0.0,0.0,766.6375,0.0,500.0,0.0,0,0,1,0,E,E,E,174.782007,-41.31519
ace6de14-b2d4-41b1-92f9-217831943dc0,2,250.4889,1491.647154,0.0,0.0,0.0,766.6375,0.0,1500.0,0.05,0,0,1,0,E,E,M,174.779018,-41.316384
acf11cbd-1011-430d-8da9-1edd113bc03d,1,163.6574,1590.965694,0.0,0.0,0.0,766.6375,0.0,500.0,0.1,0,0,1,0,M,E,M,174.778308,-41.321299
acf7bb3a-c464-4d31-bcb7-df16a09e5b9b,3,0.0,1589.021451,0.0,0.0,0.0,766.6375,0.0,0.0,0.0,0,0,0,0,E,E,E,174.777649,-41.312423
acf8578d-c47c-49c4-90ea-d34ac7795225,1,0.0,1052.801148,0.0,0.0,0.0,766.6375,0.0,0.0,0.15,0,0,0,0,D,E,M,174.787661,-41.313502
ad088d9d-68f4-40e2-9f85-420daf2d5ef3,1,0.0,1396.805956,15.113661,744.69,0.0,766.6375,0.0,0.0,0.05,1,0,0,0,E,E,M,174.774793,-41.31889
ad1ef425-6203-4bfc-a229-8fd44213cac7,1,233.7137,1646.920487,0.0,0.0,0.0,766.6375,0.0,500.0,0.0,0,0,1,0,E,E,E,174.78165,-41.318825
ad234bef-b589-4613-9e28-eb7de5ccf504,1,0.0,1635.179873,0.0,0.0,0.0,766.6375,0.0,0.0,0.05,0,0,0,0,M,E,E,174.774423,-41.319672
ad2730e8-90b6-4c68-8764-3065d25362d3,1,0.0,1613.621407,0.0,0.0,0.0,766.6375,0.0,0.0,0.0,0,0,0,0,E,E,E,174.774482,-41.323948
ad297a83-f751-45e4-be19-0da709896ce0,2,0.0,739.508819,0.0,0.0,0.0,766.6375,0.0,0.0,0.1,0,0,0,0,E,E,D,174.790327,-41.31936
ad2a7673-882d-4c59-b8d5-b1143eb430ae,1,0.0,690.562964,0.0,0.0,0.0,766.6375,0.0,0.0,0.15,0,0,0,0,M,E,D,174.791588,-41.314736
ad47647d-fd7a-417c-b187-f919551dc41a,1,0.0,1450.812599,0.0,0.0,0.0,766.6375,0.0,0.0,0.05,0,0,0,0,M,E,E,174.774883,-41.309992
ad4a61d5-fbde-4849-99d1-ddd2cad98f55,4,640.8544,1931.48672,0.0,0.0,0.0,766.6375,0.0,1500.0,0.05,0,0,1,0,M,E,E,174.795898,-41.315714
ad8be24c-e090-48ba-91d0-3ad1ff972511,2,0.0,1652.340726,0.0,0.0,0.0,766.6375,0.0,0.0,0.0,0,0,0,0,E,E,E,174.781677,-41.31644
ad910a9d-130a-4b33-afcd-5713d1cede89,1,0.0,1726.064142,0.0,0.0,0.0,766.6375,0.0,0.0,0.05,0,0,0,0,M,E,E,174.786091,-41.31289
adad4489-1f6a-447f-8723-4f218cf699b1,1,277.8909,1653.699344,0.0,0.0,0.0,766.6375,0.0,1500.0,0.0,0,0,1,0,E,E,E,174.785487,-41.31025
adae91a7-2225-45a6-a1a4-b8e6464e23ce,1,358.2973,1595.33265,0.0,0.0,0.0,766.6375,0.0,1500.0,0.05,0,0,1,0,M,E,E,174.793997,-41.323069
adafd6f1-21ff-445b-bf54-f8b275515331,2,251.3867,1701.057788,0.0,0.0,0.0,766.6375,0.0,500.0,0.05,0,0,1,0,E,E,M,174.783415,-41.31043
add9fb5b-3798-4358-b183-9e3757433c22,5,452.5691,1678.732136,0.0,0.0,0.0,766.6375,0.0,500.0,0.05,0,0,1,0,M,E,E,174.778156,-41.319672
adebfdcc-5415-406a-8216-72c404b44a6c,1,0.0,1002.30495,0.0,0.0,0.0,766.6375,0.0,0.0,0.1,0,0,0,0,M,E,M,174.775845,-41.311234
adece01c-ee2e-4913-a672-ee57a3d75832,1,672.2813,1617.925876,0.0,0.0,0.0,766.6375,0.0,4000.0,0.05,0,0,1,0,M,E,E,174.773488,-41.319997
adf7247e-1ff6-449c-909d-dc1e6be0ffad,2,0.0,1710.447662,0.0,0.0,0.0,766.6375,0.0,0.0,0.0,0,0,0,0,E,E,E,174.785386,-41.313641
ae0200f8-d329-4d68-b718-1d4987cb56dc,1,264.8816,1532.605584,0.0,0.0,0.0,766.6375,0.0,500.0,0.0,0,0,1,0,E,E,E,174.775589,-41.310507
ae1d4d01-847b-4268-8a72-57788e40a43a,1,0.0,1651.002574,0.0,0.0,0.0,766.6375,0.0,200.0,0.0,0,0,1,0,E,E,E,174.785108,-41.312318
ae490a58-e0c5-4c22-928a-0db8833a2a90,1,0.0,1476.753155,16.919197,798.8,0.0,766.6375,0.0,0.0,0.05,1,0,0,0,M,E,E,174.77635,-41.320959
ae50c640-f34e-416d-a851-520fa9dd92bc,1,0.0,1680.044671,0.0,0.0,0.0,766.6375,0.0,0.0,0.0,0,0,0,0,E,E,E,174.795415,-41.3121
ae66061d-cc91-4ce6-af85-a0c78a75c749,1,0.0,1588.571188,0.0,0.0,0.0,766.6375,0.0,0.0,0.0,0,0,0,0,E,E,E,174.80517,-41.321108
ae68281f-9159-43df-95ff-57596922a5c9,1,315.1314,1897.864581,0.0,0.0,0.0,766.6375,0.0,500.0,0.05,0,0,1,0,M,E,E,174.798878,-41.318871
ae6af2a1-278f-4f63-be63-713f14e40d1c,1,0.0,990.484529,18.045504,798.8,0.0,766.6375,0.0,0.0,0.05,1,0,0,0,E,E,M,174.794545,-41.311006
ae6b7947-049d-4504-800f-d0d993658097,3,184.7142,1539.370647,0.0,0.0,0.0,766.6375,0.0,500.0,0.0,0,0,1,0,E,E,E,174.777689,-41.31948
ae7baf50-5cd9-4484-b2ad-af715ac0bded,1,0.0,902.259845,0.0,0.0,0.0,766.6375,0.0,0.0,0.05,0,0,0,0,E,E,M,174.791515,-41.31307
ae8a7608-8a33-43ef-a70b-81402cf4a36b,1,0.0,1176.958978,0.0,0.0,0.0,766.6375,0.0,0.0,0.0,0,0,0,0,E,E,E,174.795443,-41.30977
ae8accb3-e480-402d-98b6-38ff216078c3,1,247.9737,978.804444,0.0,0.0,0.0,766.6375,0.0,4000.0,0.05,0,0,1,0,E,E,M,174.777921,-41.31411
aea48a5a-6e83-4196-bf37-9440cf7aad66,7,0.0,1781.296819,0.0,0.0,0.0,766.6375,0.0,200.0,0.0,0,0,1,0,E,E,E,174.782641,-41.312926
aee1192b-6b5b-4335-bf71-d067bc90981f,1,186.5902,1714.574193,0.0,0.0,0.0,766.6375,0.0,500.0,0.0,0,0,1,0,E,E,E,174.775996,-41.314403
aeebd678-3454-499a-845d-663a316eba14,2,5824.8191,1780.011079,0.0,0.0,0.0,766.6375,0.0,500.0,0.05,0,0,1,0,M,E,E,174.802987,-41.318459
aef439b0-9fbc-4e46-84c2-f60cc14e6077,1,0.0,977.304734,0.0,0.0,0.0,766.6375,0.0,0.0,0.05,0,0,0,0,E,E,M,174.790898,-41.317626
aef7a914-e114-490e-a093-921dd5f061b6,1,0.0,1878.289455,0.0,0.0,0.0,766.6375,0.0,200.0,0.05,0,0,1,0,M,E,E,174.798658,-41.324019
af1ab251-cbca-4c95-b83e-12ec68375945,1,0.0,831.026776,0.0,0.0,0.0,766.6375,0.0,0.0,0.1,0,0,0,0,E,E,D,174.793332,-41.320901
af3b8b39-46f0-4c61-8bdc-a59fd3cb758e,2,320.5932,1616.824215,0.0,0.0,0.0,766.6375,0.0,1500.0,0.05,0,0,1,0,M,E,E,174.778927,-41.313326
af3d095c-654e-4b20-ab87-5cb5478523d2,1,0.0,1104.502181,0.0,0.0,0.0,766.6375,0.0,0.0,0.0,0,0,0,0,E,E,E,174.777148,-41.321746
af3ecce3-8c37-4e1d-a506-a2a47474d2aa,1,289.3235,1950.38845,0.0,0.0,63.103203,766.6375,176.285824,500.0,0.05,0,1,1,0,E,M,E,174.797755,-41.323279
af4083ae-8107-48d9-b14f-f1cf143fd8dd,1,0.0,853.251686,18.031134,1224.08,0.0,766.6375,0.0,0.0,0.15,1,0,0,0,M,E,D,174.775925,-41.312651
af43cfab-4686-4d92-9630-2d7463127368,1,0.0,871.268692,33.014839,798.8,0.0,766.6375,0.0,0.0,0.15,1,0,0,0,M,E,D,174.787678,-41.322586
af522437-fa45-4cf0-9ac9-a881aca19e46,1,429.0246,1945.764522,0.0,0.0,0.0,766.6375,0.0,4000.0,0.0,0,0,1,0,E,E,E,174.799673,-41.323772
af6c190f-b2fd-470a-9208-bd36dc3c8adf,2,0.0,1514.01367,0.0,0.0,0.0,766.6375,0.0,0.0,0.15,0,0,0,0,D,E,M,174.774674,-41.324973
af7a1f06-023a-4947-82f6-8f8aa47df807,1,0.0,1000.462454,0.0,0.0,0.0,766.6375,0.0,0.0,0.1,0,0,0,0,D,E,E,174.774546,-41.311735
af8bed07-2e77-4e86-84f5-0095fc28d739,1,204.2419,1789.457728,0.0,0.0,0.0,766.6375,0.0,1500.0,0.0,0,0,1,0,E,E,E,174.783761,-41.313759
af8bef20-64cb-4ab3-82d2-bf5d1ca73223,1,0.0,933.982616,29.425022,879.87,0.0,766.6375,0.0,0.0,0.1,1,0,0,0,E,E,D,174.788458,-41.323126
af991d18-eb27-4199-afea-b109731b5ca2,2,0.0,963.726615,0.0,0.0,0.0,766.6375,0.0,0.0,0.05,0,0,0,0,E,E,M,174.775401,-41.323263
afae56c8-141e-48ca-84a8-5ae4445d2302,2,107.4528,1748.591316,0.0,0.0,0.0,766.6375,0.0,1500.0,0.0,0,0,1,0,E,E,E,174.779431,-41.31167
afb589bf-5e0e-4f75-87db-a06bb8992ea7,1,0.0,848.771167,23.626436,798.8,0.0,766.6375,0.0,0.0,0.1,1,0,0,0,E,E,D,174.792912,-41.322344
afbe47b7-63b6-4403-ab92-afeee244521a,4,0.0,1781.303645,0.0,0.0,0.0,766.6375,0.0,0.0,0.05,0,0,0,0,M,E,E,174.794376,-41.31853
afe0933c-3358-454e-92e1-51ffb135b8d9,1,0.0,891.627343,16.340998,1224.08,0.0,766.6375,0.0,0.0,0.15,1,0,0,0,M,E,D,174.793005,-41.31699
afeb65db-50d3-4726-9b7d-d93d0f24ef45,1,0.0,992.52479,0.0,0.0,0.0,766.6375,0.0,0.0,0.1,0,0,0,0,E,E,D,174.788798,-41.323399
afff66fe-9d03-4368-94ce-fe592993f804,1,0.0,960.586029,0.0,0.0,0.0,766.6375,0.0,0.0,0.1,0,0,0,0,E,E,D,174.788382,-41.324615
b000a233-68ea-42fd-95e6-756f66be1a20,1,0.0,1854.141515,0.0,0.0,0.0,766.6375,0.0,200.0,0.0,0,0,1,0,E,E,E,174.795442,-41.319758
b0152637-064b-49ad-9567-7afa36eef347,1,455.2797,1056.983185,0.0,0.0,0.0,766.6375,0.0,1500.0,0.0,0,0,1,0,E,E,E,174.793584,-41.323037
b019a7e8-ec9d-40e8-96f4-54f58e5467fe,1,0.0,1637.81258,0.0,0.0,0.0,766.6375,0.0,0.0,0.0,0,0,0,0,E,E,E,174.773727,-41.323459
b0305257-f9be-4e76-9efb-834dfcc0d7ae,1,440.1641,1920.222965,0.0,0.0,0.0,766.6375,0.0,500.0,0.05,0,0,1,0,M,E,E,174.778427,-41.316515
b037afb0-6c1b-4221-93c4-30246b792788,1,0.0,1666.392378,0.0,0.0,0.0,766.6375,0.0,200.0,0.0,0,0,1,0,E,E,E,174.78528,-41.313372
b0393e95-2c15-45d4-9071-a3029f7b6be2,1,0.0,951.271471,0.0,0.0,0.0,766.6375,0.0,0.0,0.15,0,0,0,0,D,E,M,174.796226,-41.310785
b03f6b7a-851b-4c16-98cb-e52b39a6b334,1,0.0,890.93186,0.0,0.0,0.0,766.6375,0.0,0.0,0.1,0,0,0,0,E,E,D,174.790637,-41.322229
b0458e3f-b12c-4c0e-8922-2e915f0b165d,1,269.7126,1779.962834,0.0,0.0,0.0,766.6375,0.0,1500.0,0.0,0,0,1,0,E,E,E,174.780582,-41.312333
b04c760a-0958-4cfa-8be9-762f3e39a083,1,0.0,961.217901,0.0,0.0,0.0,766.6375,0.0,0.0,0.05,0,0,0,0,E,E,M,174.792586,-41.321197
b068df7f-fd33-4144-83cb-11ca2cc5fe64,1,0.0,1552.630004,0.0,0.0,0.0,766.6375,0.0,0.0,0.05,0,0,0,0,M,E,E,174.772911,-41.32279
b0739821-090c-442c-af34-146828a8ec3f,4,0.0,1055.500325,0.0,0.0,0.0,766.6375,0.0,0.0,0.0,0,0,0,0,E,E,E,174.777336,-41.312033
b08d5d68-37bb-4062-9d39-b088a4a25982,1,244.6474,1921.36577,0.0,0.0,0.0,766.6375,0.0,1500.0,0.0,0,0,1,0,E,E,E,174.797114,-41.321932
b08d759b-d0fc-4958-b14c-0a831e3209f4,1,0.0,1854.878305,0.0,0.0,0.0,766.6375,0.0,200.0,0.0,0,0,1,0,E,E,E,174.795718,-41.324102
b092445e-056a-48a9-85a4-b72990c8152f,2,445.4756,1245.84811,0.0,0.0,0.0,766.6375,0.0,500.0,0.1,0,0,1,0,M,E,M,174.779265,-41.314579
b096d3f6-62a9-4ef2-b882-47daa96e346a,1,149.4683,1699.723317,0.0,0.0,0.0,766.6375,0.0,4000.0,0.0,0,0,1,0,E,E,E,174.776555,-41.3197
b0b05f60-b131-4bad-8ae2-e4d70076e869,1,0.0,1012.38298,0.0,0.0,0.0,766.6375,0.0,0.0,0.1,0,0,0,0,M,E,M,174.792951,-41.316902
b0c363cf-2131-45aa-9b2a-56c102208328,1,350.9741,1818.717234,0.0,0.0,0.0,766.6375,0.0,500.0,0.0,0,0,1,0,E,E,E,174.795099,-41.324586
b0c3d745-8a1d-4f19-8b51-e3f6a4c520db,1,0.0,1199.997196,0.0,0.0,0.0,766.6375,0.0,0.0,0.0,0,0,0,0,E,E,E,174.788869,-41.313919
b0cc5da7-848c-4dfc-aeb1-1a0706ab1088,1,0.0,1082.586384,0.0,0.0,0.0,766.6375,0.0,0.0,0.05,0,0,0,0,E,E,M,174.795364,-41.309975
b0d176b9-6de4-486f-99bf-d2e2069adb94,2,0.0,1818.419485,0.0,0.0,0.0,766.6375,0.0,200.0,0.0,0,0,1,0,E,E,E,174.780671,-41.314033
b0d95930-f05d-475d-816f-c72f77f93b14,1,0.0,1067.66719,0.0,0.0,0.0,766.6375,0.0,0.0,0.0,0,0,0,0,E,E,E,174.790987,-41.313791
b0e29f1d-14f8-444f-9d18-5bb2bb063221,1,174.8616,1565.747007,0.0,0.0,0.0,766.6375,0.0,1500.0,0.0,0,0,1,0,E,E,E,174.785683,-41.310891
b1377e67-b88d-4059-a069-0b2d941b012f,1,158.1788,1738.3449,0.0,0.0,0.0,766.6375,0.0,500.0,0.0,0,0,1,0,E,E,E,174.781622,-41.315233
b14405d6-4b3c-4c11-ba8a-d4d483532be2,1,0.0,1082.815753,0.0,0.0,0.0,766.6375,0.0,0.0,0.0,0,0,0,0,E,E,E,174.78653,-41.310765
b153ba01-5b46-4fe7-8d36-b7d92ddeadd6,1,0.0,1476.175643,0.0,0.0,0.0,766.6375,0.0,0.0,0.0,0,0,0,0,E,E,E,174.791878,-41.311129
b15e86b7-618e-4f96-ba7e-e2e7da679447,1,0.0,1098.416862,0.0,0.0,0.0,766.6375,0.0,0.0,0.0,0,0,0,0,E,E,E,174.802775,-41.321355
b16648e8-87a7-4f4e-863b-ac647aae1cdb,2,0.0,1610.212006,0.0,0.0,0.0,766.6375,0.0,0.0,0.0,0,0,0,0,E,E,E,174.778597,-41.312763
b18dd2e6-6c6e-4457-b34f-c145ced298c8,1,0.0,803.228515,0.0,0.0,0.0,766.6375,0.0,0.0,0.1,0,0,0,0,E,E,D,174.792923,-41.322593
b193d760-7d32-4582-a290-ae2990d69898,2,491.6691,1793.328795,0.0,0.0,0.0,766.6375,0.0,500.0,0.0,0,0,1,0,E,E,E,174.795047,-41.319082
b19698bb-7fe4-49ac-9dc4-63b65ff5f4f5,1,0.0,1042.163578,0.0,0.0,0.0,766.6375,0.0,0.0,0.0,0,0,0,0,E,E,E,174.779848,-41.321044
b19b60ad-fbdc-4182-97d3-51b33d37557d,1,270.9145,1641.461811,0.0,0.0,0.0,766.6375,0.0,500.0,0.0,0,0,1,0,E,E,E,174.781062,-41.310792
b1a3a085-f52f-495e-acbe-2fdc8abb890e,1,0.0,955.112566,0.0,0.0,0.0,766.6375,0.0,0.0,0.15,0,0,0,0,M,E,D,174.794612,-41.310017
b1befa79-3ab7-42c9-951f-b23344116831,1,172.4286,1764.620292,0.0,0.0,0.0,766.6375,0.0,500.0,0.0,0,0,1,0,E,E,E,174.77596,-41.314514
b1c0a077-3044-4ab8-9e04-d97ccc9ff311,4,602.9137,1581.864644,0.0,0.0,0.0,766.6375,0.0,1500.0,0.05,0,0,1,0,M,E,E,174.778941,-41.313614
b1c48c19-3e91-46c5-8b75-066c70445b64,1,0.0,1821.320376,0.0,0.0,0.0,766.6375,0.0,200.0,0.05,0,0,1,0,M,E,E,174.802164,-41.319933
b1eccdab-ceae-42f6-a918-a1c8acf99168,1,0.0,1549.385855,6.21184,798.8,0.0,766.6375,0.0,0.0,0.0,1,0,0,0,E,E,E,174.785609,-41.314451
b1ef8f97-8b74-4b40-8fa0-2d178a9aee77,2,0.0,790.813905,0.0,0.0,0.0,766.6375,0.0,0.0,0.2,0,0,0,0,D,E,D,174.774462,-41.312317
b1fa2ef3-f871-4625-a82a-9f2ea746fe09,2,0.0,1523.156532,0.0,0.0,0.0,766.6375,0.0,200.0,0.0,0,0,1,0,E,E,E,174.779602,-41.315745
b1fd1830-2b66-4ad7-ad86-09d7de3062a4,3,241.0965,1864.132313,0.0,0.0,0.0,766.6375,0.0,500.0,0.0,0,0,1,0,E,E,E,174.783489,-41.316166
b216f5c4-ecc1-43a8-a0a3-65cb794e43e1,1,0.0,1048.629512,0.0,0.0,0.0,766.6375,0.0,0.0,0.0,0,0,0,0,E,E,E,174.790759,-41.316887
b21707f5-6616-475e-a69f-0ed0e9eec931,1,216.5933,1928.499476,0.0,0.0,0.0,766.6375,0.0,500.0,0.0,0,0,1,0,E,E,E,174.795671,-41.324652
b22daa79-dd9c-4f8b-9ffa-ae2eadd2ab20,1,405.5442,1515.390449,0.0,0.0,0.0,766.6375,0.0,500.0,0.0,0,0,1,0,E,E,E,174.792234,-41.311413
b23a6bad-11d9-4cc5-b6f1-ac7429933146,4,0.0,1923.235225,0.0,0.0,0.0,766.6375,0.0,200.0,0.0,0,0,1,0,E,E,E,174.797084,-41.320223
b23cf4d5-5789-4a68-ad9a-8c274595d6ab,1,0.0,1063.574187,0.0,0.0,0.0,766.6375,0.0,0.0,0.0,0,0,0,0,E,E,E,174.791286,-41.317227
b241bbc1-dbc0-4b86-9cc1-34b538caa849,1,0.0,1716.50749,0.0,0.0,0.0,766.6375,0.0,200.0,0.0,0,0,1,0,E,E,E,174.781062,-41.315714
b24dc71f-704e-44b8-a34d-e25e56f0c5c6,1,0.0,1015.041989,0.0,0.0,0.0,766.6375,0.0,0.0,0.05,0,0,0,0,E,E,M,174.791186,-41.312783
b291ee9f-0d6c-415c-82df-f4ee5eb6e04d,1,0.0,1146.337201,0.0,0.0,0.0,766.6375,0.0,0.0,0.05,0,0,0,0,E,E,M,174.795431,-41.310621
b29d0fd3-f1b5-45e4-a960-f20d87f59b08,1,703.9461,1590.711126,0.0,0.0,0.0,766.6375,0.0,500.0,0.05,0,0,1,0,M,E,E,174.79173,-41.312156
b2a18aff-80bc-4fe8-996f-2b402c650ffc,2,206.9002,1853.533707,0.0,0.0,0.0,766.6375,0.0,500.0,0.0,0,0,1,0,E,E,E,174.781389,-41.314209
b2a237e2-01c3-431f-8832-eea24b9e4153,1,446.9623,1540.333101,0.0,0.0,0.0,766.6375,0.0,4000.0,0.05,0,0,1,0,M,E,E,174.792563,-41.310452
b2a3f32e-082d-460f-8d04-4aa2526f4487,1,275.9259,1554.531081,0.0,0.0,0.0,766.6375,0.0,4000.0,0.0,0,0,1,0,E,E,E,174.786633,-41.312271
b2a58d03-9d9e-4ab8-bc3f-37c1bb62e01b,1,0.0,1043.307336,12.377595,643.19,0.0,766.6375,0.0,0.0,0.0,1,0,0,0,E,E,E,174.774157,-41.318923
b2a79c3e-d3eb-462a-b534-cdc2a7ba41b0,1,320.0453,1784.635415,0.0,0.0,0.0,766.6375,0.0,500.0,0.0,0,0,1,0,E,E,E,174.781257,-41.315229
b2a99c97-49b5-4779-8554-cc4c6d667338,1,0.0,2053.710708,0.0,0.0,0.0,766.6375,0.0,0.0,0.0,0,0,0,0,E,E,E,174.803585,-41.321869
b2abd9f2-69c8-4c55-b66c-dd62e5bba883,1,0.0,986.673843,0.0,0.0,0.0,766.6375,0.0,0.0,0.1,0,0,0,0,M,E,M,174.788245,-41.3131
b2bcbb86-62f7-4e51-a5e6-cd7940f6bb34,1,267.2445,1796.486664,0.0,0.0,0.0,766.6375,0.0,500.0,0.0,0,0,1,0,E,E,E,174.780889,-41.312948
b2d186ae-c37f-4859-bc4f-8911d887ecda,1,365.8764,1804.440515,0.0,0.0,0.0,766.6375,0.0,4000.0,0.05,0,0,1,0,M,E,E,174.801569,-41.320743
b2d299b8-cf8d-47ab-9ae5-63ef3d5deb7e,1,368.2168,1853.427641,0.0,0.0,0.0,766.6375,0.0,500.0,0.0,0,0,1,0,E,E,E,174.800951,-41.319298
b2e6c6c0-5c12-49eb-b79a-1ae9f272f3a5,1,249.7582,1700.128345,0.0,0.0,0.0,766.6375,0.0,4000.0,0.0,0,0,1,0,E,E,E,174.776401,-41.319696
b2f5b58b-c3d5-47a3-9fa6-7aa2aeccbb1e,1,233.7492,1835.13316,0.0,0.0,0.0,766.6375,0.0,4000.0,0.0,0,0,1,0,E,E,E,174.805087,-41.322444
b2fe1f6f-3e33-46a5-827e-4b9c004a57f0,1,0.0,2083.928927,0.0,0.0,0.0,766.6375,0.0,200.0,0.1,0,0,1,0,D,E,E,174.782484,-41.311064
b3122651-4668-4ccb-9822-e0caec684d28,1,305.7265,2229.494011,0.0,0.0,0.0,766.6375,0.0,1500.0,0.0,0,0,1,0,E,E,E,174.78015,-41.320631
b325a499-2bc2-4eed-bb7f-d91de7054373,1,361.9773,1885.577233,0.0,0.0,0.0,766.6375,0.0,1500.0,0.05,0,0,1,0,M,E,E,174.805514,-41.323709
b32f32c6-dab0-4557-988a-9daa97b5a86c,1,116.3156,1696.531176,0.0,0.0,0.0,766.6375,0.0,4000.0,0.0,0,0,1,0,E,E,E,174.779082,-41.312662
b33f8006-c80f-470e-aecd-595f86fb7cc9,1,0.0,1885.293307,0.0,0.0,0.0,766.6375,0.0,200.0,0.0,0,0,1,0,E,E,E,174.797413,-41.320284
b34e73d0-df3f-4515-a93b-d8bb24591cab,1,0.0,1830.937926,0.0,0.0,0.0,766.6375,0.0,200.0,0.0,0,0,1,0,E,E,E,174.772468,-41.320792
b35ba72b-7747-415a-805b-81a38a584edd,3,1393.7953,1746.559276,0.0,0.0,0.0,766.6375,0.0,1500.0,0.0,0,0,1,0,E,E,E,174.779335,-41.313354
b370a71d-2ed9-4de1-8c92-7a4d0a2fa5e5,2,0.0,790.773401,24.76165,643.19,0.0,766.6375,0.0,0.0,0.1,1,0,0,0,E,E,D,174.786515,-41.316628
b37f8388-9cce-46d1-b027-d342f8a76b6e,1,303.7105,2134.669958,0.0,0.0,0.0,766.6375,0.0,500.0,0.0,0,0,1,0,E,E,E,174.778598,-41.321722
b3d87c76-1619-44d7-b272-315a705e3e90,1,0.0,890.302524,15.751464,1224.08,0.0,766.6375,0.0,0.0,0.1,1,0,0,0,E,E,D,174.792301,-41.321728
b3e5e07c-4d46-4b7c-9f7a-476075089da7,1,0.0,1560.495146,0.0,0.0,0.0,766.6375,0.0,200.0,0.0,0,0,1,0,E,E,E,174.785359,-41.316878
b3e69aac-0368-41af-a8a8-c239d7985fd2,1,235.0785,1632.100727,0.0,0.0,0.0,766.6375,0.0,500.0,0.05,0,0,1,0,M,E,E,174.777394,-41.319761
b3f4dfdb-cf60-4a10-8b38-050ebea309ca,2,402.6468,1672.245841,0.0,0.0,0.0,766.6375,0.0,500.0,0.05,0,0,1,0,M,E,E,174.77877,-41.312095
b3fc9e87-8a6b-44ce-8857-703dad269490,1,200.89,1535.884202,0.0,0.0,0.0,766.6375,0.0,1500.0,0.0,0,0,1,0,E,E,E,174.779661,-41.322815
b40446b1-02da-4735-a80b-0cfae3563010,1,0.0,1889.022918,0.0,0.0,0.0,766.6375,0.0,200.0,0.05,0,0,1,0,M,E,E,174.797279,-41.324152
b41feeea-fafc-48bf-b725-b04cd32c4ca0,4,0.0,893.547308,0.0,0.0,0.0,766.6375,0.0,0.0,0.15,0,0,0,0,M,E,D,174.787019,-41.321785
b4714f4b-cbea-47a7-a40d-ff75fe51f34a,1,388.3277,1906.666255,0.0,0.0,0.0,766.6375,0.0,500.0,0.05,0,0,1,0,M,E,E,174.795705,-41.324571
b486215d-5402-435c-ad1b-7ac9b0db3199,1,0.0,1714.630295,0.0,0.0,0.0,766.6375,0.0,0.0,0.05,0,0,0,0,M,E,E,174.784945,-41.313607
b497f53e-daa8-41c5-a42c-436f1a05f65e,1,338.0716,1905.227455,0.0,0.0,0.0,766.6375,0.0,500.0,0.0,0,0,1,0,E,E,E,174.796127,-41.324879
b4a6b5bb-9f4d-49f0-9a23-8892dc6881bf,1,207.7885,1672.383345,0.0,0.0,0.0,766.6375,0.0,500.0,0.0,0,0,1,0,E,E,E,174.793673,-41.316374
b4ad34cd-0173-483e-a15d-06ca7e366eab,1,0.0,1685.171231,0.0,0.0,0.0,766.6375,0.0,200.0,0.05,0,0,1,0,M,E,E,174.777585,-41.320202
b4ad8ca8-0a69-433f-b94f-1fbb949143b6,2,0.0,1044.239077,0.0,0.0,0.0,766.6375,0.0,0.0,0.05,0,0,0,0,E,E,M,174.80414,-41.319773
b4b12dee-cac8-433b-b3cb-9292ae558341,2,0.0,895.233529,0.0,0.0,0.0,766.6375,0.0,0.0,0.1,0,0,0,0,E,E,D,174.790826,-41.312773
b4cb5945-38d9-4dfb-aa95-70b684d03997,1,0.0,1487.705746,0.0,0.0,0.0,766.6375,0.0,0.0,0.0,0,0,0,0,E,E,E,174.773902,-41.323868
b4e01d4c-d8d9-4e71-875a-9e7c304ed41e,1,0.0,1034.576109,0.0,0.0,0.0,766.6375,0.0,0.0,0.0,0,0,0,0,E,E,E,174.775471,-41.323823
b4f4e479-5612-4d21-954f-de21cf9772ea,1,270.2627,1667.235043,0.0,0.0,0.0,766.6375,0.0,1500.0,0.0,0,0,1,0,E,E,E,174.783753,-41.314842
b4f56719-d2fe-4b98-8e32-4078e73b7527,1,257.6363,1185.241282,0.0,0.0,0.0,766.6375,0.0,4000.0,0.0,0,0,1,0,E,E,E,174.787204,-41.31189
b5020046-f614-47c1-9b6d-1bf25f874c5c,1,209.2766,1631.682214,0.0,0.0,0.0,766.6375,0.0,500.0,0.0,0,0,1,0,E,E,E,174.777543,-41.319675
b5065050-5bae-4f86-8245-1433a40dfaf8,4,0.0,1002.151916,0.0,0.0,0.0,766.6375,0.0,0.0,0.05,0,0,0,0,E,E,M,174.776786,-41.311837
b50e7b39-76c7-4f77-a5fb-6a459656bb81,1,335.1,1939.886917,0.0,0.0,0.0,766.6375,0.0,500.0,0.0,0,0,1,0,E,E,E,174.796268,-41.324149
b5115bc6-0896-4b53-b81e-a79bcbb8d45e,1,423.4114,1775.825994,7.716361,643.19,0.0,766.6375,0.0,500.0,0.05,1,0,1,0,M,E,E,174.774035,-41.320402
b5116a8e-4fad-4511-8308-dec94d406a19,1,478.9034,1509.198975,0.0,0.0,0.0,766.6375,0.0,1500.0,0.0,0,0,1,0,E,E,E,174.774431,-41.322692
b52dd4bf-1548-42f2-8a00-85e82bc12255,1,429.3228,1872.618442,0.0,0.0,0.0,766.6375,0.0,500.0,0.0,0,0,1,0,E,E,E,174.80283,-41.322423
b533d39a-bd52-4853-9ffb-890bb1d23c31,1,0.0,883.314611,14.123354,643.19,0.0,766.6375,0.0,0.0,0.1,1,0,0,0,E,E,D,174.778209,-41.313033
b55cb142-31c4-4a8e-a0a3-debd32e046b3,1,269.735,1375.991184,14.370658,798.8,0.0,766.6375,0.0,2500.0,0.05,1,0,1,0,E,E,M,174.774048,-41.322035
b57b735e-66e8-4f89-891a-eba1ec79f26c,1,0.0,1607.656612,0.0,0.0,0.0,766.6375,0.0,200.0,0.05,0,0,1,0,M,E,E,174.784584,-41.315659
b57cd435-9025-4062-8464-6405b762caf9,1,0.0,1053.239657,0.0,0.0,0.0,766.6375,0.0,0.0,0.05,0,0,0,0,M,E,E,174.790819,-41.311334
b587f007-a1c3-4b1b-88e8-604f337e54df,4,0.0,1226.855862,0.0,0.0,0.0,766.6375,0.0,200.0,0.1,0,0,1,0,M,E,M,174.802682,-41.320257
b590c232-4d5a-4051-8073-a7a6ee3c93bc,1,0.0,1872.910303,0.0,0.0,0.0,766.6375,0.0,200.0,0.0,0,0,1,0,E,E,E,174.800105,-41.319883
b5a299f6-7fd5-4dfd-9290-275a174674db,1,0.0,1591.919343,0.0,0.0,0.0,766.6375,0.0,0.0,0.0,0,0,0,0,E,E,E,174.796697,-41.311076
b5a9f637-b216-4a18-9c78-a1013656b9b9,1,0.0,1232.927525,0.0,0.0,0.0,766.6375,0.0,0.0,0.05,0,0,0,0,M,E,E,174.803628,-41.319876
b5ad617d-a25b-4c4e-aedb-0fec5091938b,1,493.9049,1646.589315,0.0,0.0,0.0,766.6375,0.0,500.0,0.05,0,0,1,0,M,E,E,174.777107,-41.319388
b5adbb73-8fd0-4462-93d8-7f7360ecfc53,1,0.0,739.932371,0.0,0.0,0.0,766.6375,0.0,0.0,0.1,0,0,0,0,E,E,D,174.786941,-41.322586
b5e0ad88-bcf0-4ca4-b20d-f5e7d2da876c,1,269.7725,1312.158333,14.371659,879.87,0.0,766.6375,0.0,2500.0,0.05,1,0,1,0,E,E,M,174.774052,-41.321945
b5f0cb08-9dfd-4825-9dc8-fe1477aa2cea,1,0.0,1042.65998,0.0,0.0,0.0,766.6375,0.0,0.0,0.0,0,0,0,0,E,E,E,174.779602,-41.321015
b5f58557-60f5-44f9-8eeb-85638b5ecf13,2,0.0,1004.874737,0.0,0.0,0.0,766.6375,0.0,0.0,0.1,0,0,0,0,M,E,M,174.79035,-41.317928
b5fafe5e-6d16-4ab5-b1d3-29135f00439f,1,0.0,1023.390679,0.0,0.0,0.0,766.6375,0.0,0.0,0.05,0,0,0,0,E,E,M,174.786493,-41.313808
b60afd94-d486-456b-b8ce-281971456ac6,1,133.3607,2424.523819,0.0,0.0,0.0,766.6375,0.0,1500.0,0.05,0,0,1,0,M,E,E,174.779732,-41.318511
b60ca2e8-a4b3-4cf7-ba6e-e0c372dec8cf,1,0.0,1760.472816,0.0,0.0,0.0,766.6375,0.0,200.0,0.05,0,0,1,0,M,E,E,174.784302,-41.313409
b621ea22-9ba3-4517-919e-13c6b0c0cd1a,1,299.2211,1865.471471,0.0,0.0,0.0,766.6375,0.0,1500.0,0.0,0,0,1,0,E,E,E,174.781945,-41.312775
b632a770-9391-4b51-8999-b6b392e2a204,2,373.708,1782.040188,0.0,0.0,0.0,766.6375,0.0,500.0,0.05,0,0,1,0,M,E,E,174.781016,-41.312971
b63cd61d-7c8c-4573-9c9f-375ced80a846,1,0.0,1742.976337,0.0,0.0,0.0,766.6375,0.0,0.0,0.0,0,0,0,0,E,E,E,174.776782,-41.322575
b65aeaf7-7ace-47b2-8ad5-a57dcb368dad,1,0.0,2050.851654,0.0,0.0,0.0,766.6375,0.0,0.0,0.0,0,0,0,0,E,E,E,174.784249,-41.316705
b66ac213-2ebb-43b9-85bc-1bf54284cc80,2,407.2087,1799.470166,0.0,0.0,0.0,766.6375,0.0,500.0,0.0,0,0,1,0,E,E,E,174.781247,-41.312899
b67706c9-726b-43e7-9378-95e93e1317c0,1,247.7423,1775.43771,0.0,0.0,0.0,766.6375,0.0,500.0,0.0,0,0,1,0,E,E,E,174.783312,-41.312654
b6789529-3765-4e20-84d5-3bc61b159125,1,0.0,1629.949962,0.0,0.0,0.0,766.6375,0.0,0.0,0.0,0,0,0,0,E,E,E,174.793966,-41.311915
b6d8eed0-6ad5-4bd8-84f5-52bd94c5f60b,2,0.0,1571.285985,0.0,0.0,0.0,766.6375,0.0,0.0,0.0,0,0,0,0,E,E,E,174.782185,-41.317166
b6ee3e22-c4c5-4352-984b-2fd24d78f90d,1,0.0,1786.22891,0.0,0.0,0.0,766.6375,0.0,200.0,0.05,0,0,1,0,M,E,E,174.784149,-41.313285
b6f3d82b-e49c-4653-8d59-54fc93f06244,1,0.0,1074.498163,0.0,0.0,0.0,766.6375,0.0,0.0,0.0,0,0,0,0,E,E,E,174.786864,-41.310998
b6fdbce5-6c11-492a-9d2c-e94682881aed,3,0.0,1589.398499,0.0,0.0,0.0,766.6375,0.0,200.0,0.0,0,0,1,0,E,E,E,174.7922,-41.314549
b704351a-56a1-4683-9d4f-44adfbb1a34a,1,0.0,944.707498,0.0,0.0,0.0,766.6375,0.0,0.0,0.1,0,0,0,0,E,E,D,174.787093,-41.315647
b76125d9-ed68-4b6f-a3b9-600ea00d1932,4,323.2373,1799.5426,0.0,0.0,0.0,766.6375,0.0,1500.0,0.0,0,0,1,0,E,E,E,174.781474,-41.313266
b764e7a9-accb-49f6-87e1-c28e5e63f842,1,345.5873,1731.518008,0.0,0.0,0.0,766.6375,0.0,1500.0,0.0,0,0,1,0,E,E,E,174.779367,-41.313115
b79d63b2-0443-4b0a-9d08-9dd9be121922,1,0.0,1027.032943,0.0,0.0,0.0,766.6375,0.0,0.0,0.0,0,0,0,0,E,E,E,174.792836,-41.318708
b79e07b4-7d53-4e3d-8138-e9ef2deb6563,1,375.4951,1747.770755,0.0,0.0,0.0,766.6375,0.0,1500.0,0.0,0,0,1,0,E,E,E,174.794184,-41.324702
b7a3fd1c-188d-4bbf-8f95-79c114226330,1,0.0,1222.885343,0.0,0.0,0.0,766.6375,0.0,0.0,0.0,0,0,0,0,E,E,E,174.788493,-41.313465
b7f1cae4-6de9-4a33-ac4d-3b59a15a2bbb,1,0.0,1055.860582,0.0,0.0,0.0,766.6375,0.0,0.0,0.05,0,0,0,0,E,E,M,174.775726,-41.318639
b7f3a552-982a-4d2f-aefa-1842fe09607b,1,519.7224,1559.91762,0.0,0.0,0.0,766.6375,0.0,4000.0,0.05,0,0,1,0,M,E,E,174.774116,-41.31934
b7fa3b82-e469-4ce7-bfa2-e8ba4475c457,1,0.0,1682.16586,0.0,0.0,0.0,766.6375,0.0,200.0,0.0,0,0,1,0,E,E,E,174.792783,-41.315163
b823caf4-c393-4cdd-8773-e04045ec2a44,8,0.0,945.712572,0.0,0.0,0.0,766.6375,0.0,0.0,0.05,0,0,0,0,E,E,M,174.791636,-41.319051
b8240f5d-981e-4dfb-b94a-f4620dab789c,1,0.0,927.117633,0.0,0.0,0.0,766.6375,0.0,0.0,0.05,0,0,0,0,E,E,M,174.792545,-41.321344
b85d3213-ddf3-4ccb-b5ca-a2ae25f7b917,3,147.4516,1342.083246,0.0,0.0,0.0,766.6375,0.0,500.0,0.05,0,0,1,0,E,E,M,174.77776,-41.312435
b8662264-2d27-4b4a-b012-d9973edc3dfb,1,264.5615,1030.092693,14.232178,744.69,0.0,766.6375,0.0,1500.0,0.05,1,0,1,0,E,E,M,174.804645,-41.319424
b8662f88-92c2-4462-b420-0162acf58fdb,1,0.0,843.964212,0.0,0.0,0.0,766.6375,0.0,0.0,0.15,0,0,0,0,M,E,D,174.803526,-41.3204
b866496e-f559-4c6b-a0ae-fc2f12b29220,6,0.0,948.858534,15.087378,643.19,0.0,766.6375,0.0,0.0,0.1,1,0,0,0,E,E,D,174.786827,-41.314744
b8816045-3404-4dfe-b45d-f9f3ee9a8268,2,0.0,994.937566,0.0,0.0,0.0,766.6375,0.0,0.0,0.05,0,0,0,0,E,E,M,174.792482,-41.319991
b8980fc4-2534-45ed-8ef4-4de1f7f06df7,3,0.0,1794.155845,0.0,0.0,0.0,766.6375,0.0,200.0,0.05,0,0,1,0,M,E,E,174.784328,-41.313493
b8ae6355-ffd0-4791-9a6d-50330ec1c45f,1,214.0486,1667.255269,0.0,0.0,24.655727,766.6375,46.636343,500.0,0.05,0,1,1,0,E,M,E,174.783915,-41.312227
b8ba74ee-895d-45e3-9f4d-4895566df56e,1,0.0,1001.278209,0.0,0.0,0.0,766.6375,0.0,0.0,0.05,0,0,0,0,E,E,M,174.788695,-41.323532
b8c33ef5-181a-470c-9a0c-3033b0b6eb78,1,0.0,1088.472803,0.0,0.0,0.0,766.6375,0.0,0.0,0.0,0,0,0,0,E,E,E,174.786126,-41.314249
b8c405bb-f9ef-4ca5-8f36-5e3aae039f79,1,0.0,1535.261625,0.0,0.0,0.0,766.6375,0.0,0.0,0.0,0,0,0,0,E,E,E,174.773921,-41.32435
b8dcbe38-0d5a-46f7-9364-4bb9ae528243,1,247.6067,1354.890522,13.768583,798.8,0.0,766.6375,0.0,1500.0,0.0,1,0,1,0,E,E,E,174.775409,-41.322241
b8e30852-dfce-44c6-8700-3391ba68bd5b,1,219.9559,1627.375465,0.0,0.0,0.0,766.6375,0.0,1500.0,0.0,0,0,1,0,E,E,E,174.780095,-41.323162
b8ed612b-b7ef-44fc-abe0-59ada48978ec,1,422.266,1593.341501,0.0,0.0,0.0,766.6375,0.0,500.0,0.0,0,0,1,0,E,E,E,174.784691,-41.31017
b919c50a-f99e-4f07-8a6a-c1c8a4a0f072,1,0.0,1744.75237,0.0,0.0,0.0,766.6375,0.0,0.0,0.0,0,0,0,0,E,E,E,174.776247,-41.313631
b925fd8a-b386-4148-934f-0a00a512e77f,1,256.4687,1446.847373,0.0,0.0,0.0,766.6375,0.0,1500.0,0.05,0,0,1,0,E,E,M,174.776627,-41.32008
b92cb093-9182-48aa-a664-4d75d514d3b4,5,424.1327,1766.326436,0.0,0.0,0.0,766.6375,0.0,500.0,0.0,0,0,1,0,E,E,E,174.779554,-41.313783
b93fc1c7-2187-48ed-bc0d-9f0ea4acd2db,1,276.5954,1893.629369,0.0,0.0,0.0,766.6375,0.0,2500.0,0.05,0,0,1,0,M,E,E,174.798037,-41.318712
b944f174-2b50-47e5-8e12-d5e0d475d8b9,1,0.0,1550.391028,0.0,0.0,0.0,766.6375,0.0,0.0,0.0,0,0,0,0,E,E,E,174.773934,-41.323979
b94c7234-7305-498f-a89a-626d72595618,1,0.0,813.571915,25.002672,798.8,0.0,766.6375,0.0,0.0,0.15,1,0,0,0,M,E,D,174.789334,-41.323885
b952cdc3-77bd-49ea-9175-fd504e26529e,1,245.048,1497.623522,0.0,0.0,0.0,766.6375,0.0,1500.0,0.0,0,0,1,0,E,E,E,174.774476,-41.322395
b986df5e-054e-4ca9-ba60-e50e7268a2d7,1,0.0,1822.057912,0.0,0.0,0.0,766.6375,0.0,200.0,0.1,0,0,1,0,D,E,E,174.802412,-41.319848
b9a425c6-bac2-4376-b3a8-00c09ef548fe,1,0.0,967.942073,0.0,0.0,0.0,766.6375,0.0,200.0,0.1,0,0,1,0,M,E,M,174.802645,-41.320385
b9ab2e34-cd40-4dd5-a08b-7f6762f9db2b,1,0.0,966.433682,10.399499,643.19,0.0,766.6375,0.0,0.0,0.05,1,0,0,0,E,E,M,174.77584,-41.323031
b9b21110-4265-467c-9d24-5010e4a04be8,1,383.998,1903.492813,0.0,0.0,0.0,766.6375,0.0,500.0,0.0,0,0,1,0,E,E,E,174.796008,-41.323383
b9bdee03-515e-4564-b346-6cdc0b07c281,1,0.0,2645.4594,0.0,0.0,0.0,766.6375,0.0,0.0,0.05,0,0,0,0,M,E,E,174.777381,-41.323499
b9c10392-f1e2-488b-90a5-b045d54ede94,1,0.0,2108.879317,0.0,0.0,0.0,766.6375,0.0,0.0,0.0,0,0,0,0,E,E,E,174.783184,-41.316607
b9db06a4-56a6-4e18-bdf3-c16e3470d4f8,1,289.9967,1789.337288,0.0,0.0,0.0,766.6375,0.0,1500.0,0.0,0,0,1,0,E,E,E,174.781367,-41.312869
b9e9ee23-8e7d-4c4d-9667-d041afea1a2a,1,0.0,1314.825682,0.0,0.0,0.0,766.6375,0.0,200.0,0.0,0,0,1,0,E,E,E,174.785245,-41.316373
b9edf949-5841-495c-b54a-f91e97f13864,1,0.0,1272.804506,0.0,0.0,0.0,766.6375,0.0,0.0,0.0,0,0,0,0,E,E,E,174.804657,-41.32078
b9f43c32-d5c4-4dff-a981-00ee66aca025,1,174.0476,1638.373071,4.947267,879.87,0.0,766.6375,0.0,4000.0,0.0,1,0,1,0,E,E,E,174.778863,-41.314105
ba04b866-891e-46b6-987c-24ef6f4ae265,2,0.0,1021.560297,0.0,0.0,0.0,766.6375,0.0,0.0,0.1,0,0,0,0,M,E,M,174.794341,-41.310019
ba1b31b6-aa1d-4fa7-b048-ed1bd0448ab2,1,244.1673,1958.740417,0.0,0.0,0.0,766.6375,0.0,1500.0,0.0,0,0,1,0,E,E,E,174.79948,-41.321076
ba1d348c-7a39-4aad-88c1-b534a2dcdb71,1,346.5635,1912.580861,0.0,0.0,0.0,766.6375,0.0,2500.0,0.0,0,0,1,0,E,E,E,174.799151,-41.31779
ba241a0d-0518-43ed-83ae-513b9c5dbde3,1,0.0,1053.379645,0.0,0.0,0.0,766.6375,0.0,0.0,0.1,0,0,0,0,M,E,M,174.788036,-41.314415
ba2a21e8-8176-4617-b0f3-86160b6acd94,1,0.0,1824.409594,0.0,0.0,0.0,766.6375,0.0,200.0,0.0,0,0,1,0,E,E,E,174.801729,-41.320181
ba36935f-3783-488b-8e1c-bb4e21b140f7,1,359.8325,1589.348158,0.0,0.0,0.0,766.6375,0.0,4000.0,0.0,0,0,1,0,E,E,E,174.792782,-41.31309
ba42b05f-2d8f-48ca-813d-50b35fae5036,1,0.0,1845.985288,0.0,0.0,0.0,766.6375,0.0,200.0,0.05,0,0,1,0,M,E,E,174.795738,-41.32236
ba5db173-9bc3-4b7e-a987-ec177f6d1401,1,409.5947,1883.855889,0.0,0.0,0.0,766.6375,0.0,500.0,0.05,0,0,1,0,M,E,E,174.798562,-41.322707
ba63d696-42df-4a6e-a067-ec9d78eb1124,1,348.4956,1830.814705,0.0,0.0,0.0,766.6375,0.0,500.0,0.0,0,0,1,0,E,E,E,174.795103,-41.324361
ba70386b-5cf6-47b3-bfaa-062ef88e6c8c,1,0.0,1101.900341,0.0,0.0,0.0,766.6375,0.0,0.0,0.0,0,0,0,0,E,E,E,174.805211,-41.32036
baaa4b97-a9d0-4e49-9a72-ee2380ff36e2,1,0.0,1023.546953,19.741903,643.19,0.0,766.6375,0.0,0.0,0.0,1,0,0,0,E,E,E,174.791776,-41.315616
baaacf03-d707-4aec-8372-016e0d995ffd,1,344.2558,1732.973337,0.0,0.0,0.0,766.6375,0.0,4000.0,0.05,0,0,1,0,M,E,E,174.786845,-41.312242
baadf5e6-79bc-4428-b9a2-d45a3554e470,1,0.0,1302.061869,18.584737,744.69,0.0,766.6375,0.0,0.0,0.1,1,0,0,0,M,E,M,174.791146,-41.312681
bac28ce7-c6f8-4515-9883-431e5282f840,2,0.0,1806.920678,0.0,0.0,0.0,766.6375,0.0,200.0,0.0,0,0,1,0,E,E,E,174.781283,-41.313708
badbfba6-bee4-42e0-8b3c-7eca2eb445d7,1,250.0217,1886.186237,0.0,0.0,0.0,766.6375,0.0,500.0,0.0,0,0,1,0,E,E,E,174.776284,-41.314227
bae4ed6f-30a1-46b7-9225-07cdfed074ef,1,0.0,1955.617593,0.0,0.0,0.0,766.6375,0.0,200.0,0.05,0,0,1,0,M,E,E,174.799427,-41.320491
bae50ab3-0db5-42ad-bfe6-2608c7154de8,1,273.2589,1477.492306,14.464227,744.69,0.0,766.6375,0.0,2500.0,0.05,1,0,1,0,E,E,M,174.774038,-41.322395
baed2620-8991-44d2-b3f5-6408ab118717,1,317.9899,1866.258411,0.0,0.0,0.0,766.6375,0.0,2500.0,0.05,0,0,1,0,M,E,E,174.797684,-41.318604
bb0049f7-0770-4a8c-aa2b-40c03528b8b4,1,220.691,1734.079095,0.0,0.0,0.0,766.6375,0.0,1500.0,0.0,0,0,1,0,E,E,E,174.78543,-41.309977
bb0a8959-6310-49a7-ac96-eaf18a5d533c,1,278.8296,1723.801441,0.0,0.0,0.0,766.6375,0.0,4000.0,0.0,0,0,1,0,E,E,E,174.786068,-41.312464
bb1eb019-2d85-4bb8-9b19-b83fc57b6eb2,2,0.0,1067.62995,0.0,0.0,0.0,766.6375,0.0,0.0,0.0,0,0,0,0,E,E,E,174.776312,-41.311789
bb311e58-73c2-4360-b6b9-851c3939f0ff,1,0.0,1834.353995,0.0,0.0,0.0,766.6375,0.0,200.0,0.0,0,0,1,0,E,E,E,174.801278,-41.319725
bb4831e5-2d59-4302-bb94-cac00e677c9b,1,0.0,1048.603373,15.786629,1224.08,0.0,766.6375,0.0,0.0,0.1,1,0,0,0,M,E,M,174.796488,-41.30945
bb4b7ffd-2249-4948-b0c0-40f938b57ede,1,0.0,972.422484,17.221283,1224.08,0.0,766.6375,0.0,0.0,0.15,1,0,0,0,M,E,D,174.786727,-41.32454
bb609c63-43f9-4ab2-87a7-375b5e8a70a3,1,302.7852,1897.989182,0.0,0.0,0.0,766.6375,0.0,1500.0,0.0,0,0,1,0,E,E,E,174.800414,-41.320864
bb675995-46a2-4957-9d15-521224e88ef7,1,0.0,1851.372484,0.0,0.0,0.0,766.6375,0.0,200.0,0.0,0,0,1,0,E,E,E,174.78076,-41.314047
bb73ba6e-9f4e-462b-8d50-d0015e3f84eb,1,0.0,969.222896,28.657003,1224.08,0.0,766.6375,0.0,0.0,0.05,1,0,0,0,E,E,M,174.790505,-41.324873
bb8f1132-3c47-43cd-a6cc-9b4f0462287b,1,0.0,1186.14762,0.0,0.0,0.0,766.6375,0.0,0.0,0.0,0,0,0,0,E,E,E,174.789284,-41.31439
bb92f3c9-24b4-4260-a9a0-4edb04fdae6a,1,0.0,1721.243589,0.0,0.0,0.0,766.6375,0.0,0.0,0.05,0,0,0,0,M,E,E,174.795271,-41.31215
bb994596-7f11-4fb3-a33a-974518fedc98,1,219.6797,1834.028929,0.0,0.0,0.0,766.6375,0.0,1500.0,0.05,0,0,1,0,M,E,E,174.780085,-41.312084
bba199ad-fbae-4667-88ed-1c67d5bd42a5,1,0.0,1043.940964,0.0,0.0,0.0,766.6375,0.0,0.0,0.0,0,0,0,0,E,E,E,174.793082,-41.319401
bba2a394-1e99-4a48-8dc0-3c44d5bd7e52,3,117.2793,1664.792027,0.0,0.0,0.0,766.6375,0.0,500.0,0.0,0,0,1,0,E,E,E,174.783521,-41.3107
bba33fce-908b-40af-8a02-52722f041e01,1,0.0,1060.172301,0.0,0.0,0.0,766.6375,0.0,0.0,0.0,0,0,0,0,E,E,E,174.777436,-41.314051
bba624fc-3153-46e2-a03a-95bb99783bf2,1,141.3534,1832.537163,0.0,0.0,0.0,766.6375,0.0,1500.0,0.0,0,0,1,0,E,E,E,174.780391,-41.312
bbddf4ca-5f62-44c0-8170-91d019095e2a,1,290.324,1946.592174,0.0,0.0,0.0,766.6375,0.0,1500.0,0.05,0,0,1,0,M,E,E,174.7977,-41.317735
bbe58d64-a0e6-4fe6-b3d9-cffd2992b734,1,510.6604,1937.866068,0.0,0.0,0.0,766.6375,0.0,500.0,0.05,0,0,1,0,M,E,E,174.802933,-41.323236
bbece3e5-a503-445f-8689-17b3baed49d4,1,444.7062,1683.225824,0.0,0.0,0.0,766.6375,0.0,4000.0,0.05,0,0,1,0,M,E,E,174.804568,-41.322757
bbee2f66-b2c0-4150-9552-e3c3bc6e2ee7,1,0.0,1712.14575,0.0,0.0,0.0,766.6375,0.0,200.0,0.0,0,0,1,0,E,E,E,174.785644,-41.312954
bbf22575-c46b-473b-8342-65ce99c5ea78,1,230.8171,1732.00395,0.0,0.0,0.0,766.6375,0.0,500.0,0.0,0,0,1,0,E,E,E,174.782799,-41.315512
bbfc7882-9227-4352-b552-3ad092297c1a,1,164.0619,1684.265939,0.0,0.0,0.0,766.6375,0.0,2500.0,0.0,0,0,1,0,E,E,E,174.780295,-41.311801
bc0acea7-a97e-4306-a0f8-cbf2fe14e53c,1,0.0,1765.493101,0.0,0.0,0.0,766.6375,0.0,0.0,0.0,0,0,0,0,E,E,E,174.781464,-41.316782
bc0df3c4-de27-4212-81f8-aab40fdcaa6e,1,279.7436,1716.989565,0.0,0.0,0.0,766.6375,0.0,1500.0,0.0,0,0,1,0,E,E,E,174.783984,-41.314428
bc13c3a6-dc9a-47be-a252-d13bc0cec7ed,1,0.0,962.952019,0.0,0.0,0.0,766.6375,0.0,0.0,0.1,0,0,0,0,E,E,D,174.790271,-41.318084
bc1e972d-8607-433e-ae28-2b48fe948eab,2,333.3004,1620.09243,15.974451,1224.08,0.0,766.6375,0.0,500.0,0.0,1,0,1,0,E,E,E,174.776167,-41.313896
bc23aeaf-4573-4416-a027-04eb51e98dd7,1,0.0,970.744667,0.0,0.0,0.0,766.6375,0.0,0.0,0.05,0,0,0,0,E,E,M,174.776135,-41.312234
bc40aa60-d46b-4bc6-9245-ef390b09a21f,1,160.3807,1653.427347,0.0,0.0,0.0,766.6375,0.0,500.0,0.0,0,0,1,0,E,E,E,174.78416,-41.310584
bc4938ed-4fe2-4f21-be1d-456519e617a9,1,0.0,1557.234273,0.0,0.0,0.0,766.6375,0.0,0.0,0.0,0,0,0,0,E,E,E,174.785884,-41.309577
bc609899-8138-46c2-8798-b7ddbd4e0e8d,1,0.0,839.956384,22.219434,744.69,0.0,766.6375,0.0,0.0,0.1,1,0,0,0,E,E,D,174.789847,-41.324319
bc6dfb75-ca42-4f97-8ed0-80e14d31bb48,2,0.0,978.428501,0.0,0.0,0.0,766.6375,0.0,0.0,0.1,0,0,0,0,M,E,M,174.790934,-41.317382
bc7974dd-870e-4aef-b59e-fb4cd324a34f,1,153.7036,1973.987448,0.0,0.0,0.0,766.6375,0.0,1500.0,0.0,0,0,1,0,E,E,E,174.780071,-41.318755
bc9698a2-9fdb-4c82-96e7-6a0434bdb624,2,238.3766,1879.41206,0.0,0.0,0.0,766.6375,0.0,500.0,0.05,0,0,1,0,M,E,E,174.799114,-41.318923
bca79f4f-a3b8-49f5-8821-4bbd05b8eeb9,1,446.9213,1835.483547,0.0,0.0,0.0,766.6375,0.0,2500.0,0.0,0,0,1,0,E,E,E,174.803913,-41.323134
bcb06032-1556-444c-8b43-bd30d4091644,1,5378.315,1971.517451,0.0,0.0,0.0,766.6375,0.0,1500.0,0.0,0,0,1,0,E,E,E,174.799598,-41.315327
bcca824f-4012-4017-bae3-5c517f778ee8,1,0.0,1325.673932,16.429133,879.87,0.0,766.6375,0.0,0.0,0.05,1,0,0,0,M,E,E,174.775674,-41.322368
bcd7bad7-8f4e-4b31-9bab-7dcb20ede26d,1,322.8077,1660.519347,0.0,0.0,0.0,766.6375,0.0,500.0,0.05,0,0,1,0,M,E,E,174.794108,-41.321776
bce8fec0-2494-4b0a-bc2f-18f1cafb48bf,3,0.0,1842.656255,0.0,0.0,0.0,766.6375,0.0,200.0,0.0,0,0,1,0,E,E,E,174.795395,-41.319944
bd2a135b-363b-42f3-bb0d-351e06b4f653,1,0.0,1089.215988,15.748402,798.8,0.0,766.6375,0.0,0.0,0.05,1,0,0,0,E,E,M,174.788379,-41.320848
bd2df491-7bb2-4c79-afcf-87572a22b504,1,306.2408,952.635418,0.0,0.0,0.0,766.6375,0.0,1500.0,0.1,0,0,1,0,M,E,M,174.776485,-41.320542
bd5eac27-09a8-4035-833f-14daa5ce3295,1,198.0314,1638.529496,0.0,0.0,0.0,766.6375,0.0,4000.0,0.0,0,0,1,0,E,E,E,174.778384,-41.3137
bd61503b-f1cf-483f-8ae5-0e7c701e21b9,1,144.755,1777.82996,0.0,0.0,0.0,766.6375,0.0,1500.0,0.0,0,0,1,0,E,E,E,174.779813,-41.312866
bd6651c7-9be6-4c49-83dc-8d49f46aaccf,2,240.326,1713.016331,0.0,0.0,0.0,766.6375,0.0,4000.0,0.0,0,0,1,0,E,E,E,174.786627,-41.312491
bd72ec9f-4f3a-4cf0-9069-ac7374d74bc2,1,0.0,897.569773,0.0,0.0,0.0,766.6375,0.0,0.0,0.15,0,0,0,0,M,E,D,174.789316,-41.324211
bd85173d-ddfe-404d-a861-448475785535,1,0.0,921.72152,16.3881,879.87,0.0,766.6375,0.0,0.0,0.05,1,0,0,0,E,E,M,174.792098,-41.319646
bdaa814d-343b-4a4e-9a48-69169df069af,1,381.1049,1888.993786,0.0,0.0,0.0,766.6375,0.0,1500.0,0.05,0,0,1,0,M,E,E,174.794736,-41.325023
bdaac355-3700-427a-8d8e-3811980c3fa1,5,0.0,1789.78364,0.0,0.0,0.0,766.6375,0.0,0.0,0.1,0,0,0,0,D,E,E,174.788243,-41.3115
bdbd4504-1b33-493e-9fbb-1c4cd384fed3,4,1188.6662,1718.054967,0.0,0.0,0.0,766.6375,0.0,500.0,0.0,0,0,1,0,E,E,E,174.794133,-41.319334
bde2de06-ea89-4340-96e7-274972629f50,1,0.0,821.397853,30.627281,798.8,0.0,766.6375,0.0,0.0,0.1,1,0,0,0,E,E,D,174.790007,-41.318618
bde3f63c-c365-4852-b77f-d9b39e5d0bd2,1,0.0,1665.366626,0.0,0.0,0.0,766.6375,0.0,0.0,0.0,0,0,0,0,E,E,E,174.786409,-41.310796
bde46805-ecaf-41ef-bc7d-d20f9847f41a,8,0.0,1926.135774,0.0,0.0,0.0,766.6375,0.0,200.0,0.05,0,0,1,0,M,E,E,174.797431,-41.319743
bdefe00c-add7-41c8-901f-13c8916b55cf,1,208.518,1634.36827,0.0,0.0,0.0,766.6375,0.0,1500.0,0.05,0,0,1,0,M,E,E,174.782803,-41.318722
bdf0ab49-6bbb-449a-99fc-73ca3bf854b4,2,397.6135,1939.478202,0.0,0.0,0.0,766.6375,0.0,2500.0,0.0,0,0,1,0,E,E,E,174.803318,-41.323427
be028776-f5da-48ff-a61c-4270f7d08b34,4,238.7906,1660.673075,0.0,0.0,0.0,766.6375,0.0,500.0,0.05,0,0,1,0,M,E,E,174.781187,-41.310778
be09da03-5e84-474d-8f34-8004aa848384,1,962.9555,1692.091905,0.0,0.0,0.0,766.6375,0.0,500.0,0.1,0,0,1,0,D,E,E,174.782544,-41.318502
be0d93e2-ba23-4dec-b89b-323e9705e0fa,1,0.0,1744.246221,0.0,0.0,0.0,766.6375,0.0,200.0,0.0,0,0,1,0,E,E,E,174.795091,-41.322199
be162c52-11af-4920-832f-532e1e1c4f3e,1,491.1598,1939.393623,0.0,0.0,0.0,766.6375,0.0,1500.0,0.05,0,0,1,0,M,E,E,174.799683,-41.321171
be38bf66-f30b-4394-9531-ea404fe46d9f,1,0.0,1830.693837,0.0,0.0,0.0,766.6375,0.0,200.0,0.0,0,0,1,0,E,E,E,174.801096,-41.320214
be4f64d8-77c7-4a56-9e26-1efff0ea6529,1,0.0,944.050141,0.0,0.0,0.0,766.6375,0.0,0.0,0.05,0,0,0,0,E,E,M,174.775348,-41.324257
be5544e2-e932-4512-9190-093be3a9c549,1,0.0,1012.032582,0.0,0.0,0.0,766.6375,0.0,0.0,0.05,0,0,0,0,E,E,M,174.775769,-41.323386
be704ab4-2072-446a-bfdd-681582b27f75,1,273.4193,1747.937531,0.0,0.0,0.0,766.6375,0.0,500.0,0.05,0,0,1,0,M,E,E,174.782968,-41.312335
be7807d1-5171-4964-b8ff-6f65b6447261,1,316.2853,1936.046824,0.0,0.0,0.0,766.6375,0.0,1500.0,0.05,0,0,1,0,M,E,E,174.797372,-41.322854
be8f6bba-9e72-462f-ab4e-294bc0db47cb,1,408.1487,1857.177666,0.0,0.0,0.0,766.6375,0.0,500.0,0.05,0,0,1,0,M,E,E,174.776229,-41.310032
be9c7f0f-78e3-47eb-a8d1-3dbb6478fe32,2,308.0692,1602.870312,0.0,0.0,0.0,766.6375,0.0,4000.0,0.05,0,0,1,0,M,E,E,174.77884,-41.313708
bea10da1-d23b-457e-9426-cacd37931df7,27,62747.224,1684.133531,0.0,0.0,15.008704,766.6375,1.387895,500.0,0.15,0,1,1,0,D,E,M,174.780271,-41.309308
beaa2b66-9c80-43fa-a882-ab9fef0bcbbd,1,378.5079,1552.255621,0.0,0.0,0.0,766.6375,0.0,4000.0,0.05,0,0,1,0,M,E,E,174.792495,-41.312765
beae96a4-773d-4f72-bc89-65ebe75b9594,1,0.0,1632.486175,0.0,0.0,0.0,766.6375,0.0,200.0,0.0,0,0,1,0,E,E,E,174.778186,-41.318681
bec541ad-2fc1-462c-9275-91535ce79b57,1,0.0,1712.981114,0.0,0.0,0.0,766.6375,0.0,200.0,0.0,0,0,1,0,E,E,E,174.780322,-41.316216
becde6d4-0e01-48e7-a8bb-a073e16b51fa,1,0.0,908.892602,15.850886,744.69,0.0,766.6375,0.0,0.0,0.05,1,0,0,0,E,E,M,174.785954,-41.313604
beddf5fd-cbe7-4ec1-92f6-dd59d19ef583,1,290.7815,1837.527298,0.0,0.0,0.0,766.6375,0.0,500.0,0.0,0,0,1,0,E,E,E,174.79536,-41.318158
bee9fd4f-3ce2-4412-9253-9b3bf35f9ed3,1,0.0,1700.964295,0.0,0.0,0.0,766.6375,0.0,0.0,0.0,0,0,0,0,E,E,E,174.778376,-41.313413
beefbc55-aee1-4430-91a2-d81f3d061e16,1,0.0,1038.71441,0.0,0.0,0.0,766.6375,0.0,0.0,0.0,0,0,0,0,E,E,E,174.790731,-41.313065
bf0d4868-6065-407c-9cd1-8e0acd2e1de9,1,0.0,941.790453,0.0,0.0,0.0,766.6375,0.0,0.0,0.1,0,0,0,0,M,E,M,174.791477,-41.317764
bf1899ff-b11c-4f4b-9beb-d22d31b8858b,1,0.0,1016.301368,0.0,0.0,0.0,766.6375,0.0,0.0,0.05,0,0,0,0,E,E,M,174.774594,-41.315201
bf2ab737-ea9a-43e6-bd4c-3e3cfa1bdb0a,2,227.5686,1635.211758,0.0,0.0,0.0,766.6375,0.0,500.0,0.0,0,0,1,0,E,E,E,174.778018,-41.312109
bf2faa43-c298-406d-8122-b72338f7df03,1,0.0,1498.992623,0.0,0.0,0.0,766.6375,0.0,0.0,0.0,0,0,0,0,E,E,E,174.77361,-41.323426
bf32e13e-c007-4b49-a55e-02e572102db9,1,255.9143,1521.0613,0.0,0.0,0.0,766.6375,0.0,1500.0,0.0,0,0,1,0,E,E,E,174.784906,-41.310835
bf399eec-1c5c-421d-aaa5-3926b956bca5,1,0.0,983.171258,0.0,0.0,0.0,766.6375,0.0,0.0,0.05,0,0,0,0,E,E,M,174.787633,-41.315433
bf479ccb-50db-4a13-814b-204f10a5d2f4,1,0.0,1762.268143,0.0,0.0,0.0,766.6375,0.0,0.0,0.05,0,0,0,0,M,E,E,174.776884,-41.322466
bf4c4d44-ab97-4c71-9fa2-b2fc243db78d,1,469.7965,1678.14258,0.0,0.0,0.0,766.6375,0.0,1500.0,0.05,0,0,1,0,M,E,E,174.792827,-41.311764
bf544f82-f308-4fb2-86f4-a2496112460f,1,0.0,921.189259,0.0,0.0,0.0,766.6375,0.0,0.0,0.15,0,0,0,0,M,E,D,174.790962,-41.321847
bf5a170b-0e68-4691-b0b7-7bb3a0ef4e59,2,0.0,903.150406,0.0,0.0,0.0,766.6375,0.0,0.0,0.05,0,0,0,0,E,E,M,174.79153,-41.315
bf5d3776-dd60-4b79-a866-f989d03aab4a,1,568.8991,1910.047173,0.0,0.0,0.0,766.6375,0.0,1500.0,0.05,0,0,1,0,M,E,E,174.798959,-41.318299
bf7b8e5b-df3d-4dbf-af84-04c9ea2eabcb,1,343.9341,1584.13966,0.0,0.0,0.0,766.6375,0.0,1500.0,0.0,0,0,1,0,E,E,E,174.79393,-41.322732
bf7e4834-f913-4f2b-856d-399cd1bb62b8,1,0.0,1719.195015,0.0,0.0,0.0,766.6375,0.0,200.0,0.05,0,0,1,0,M,E,E,174.785937,-41.312475
bf8325a9-fa06-4c6b-ac53-be43a4c495cf,1,0.0,911.357533,18.155294,643.19,0.0,766.6375,0.0,0.0,0.1,1,0,0,0,M,E,M,174.77698,-41.315083
bf879ac5-9a8e-48c5-947f-b69026f4ec4a,1,332.7965,1888.937086,0.0,0.0,0.0,766.6375,0.0,1500.0,0.0,0,0,1,0,E,E,E,174.796913,-41.317712
bfaf8cfb-d353-464e-adfc-bbebe6a0b250,1,0.0,1063.185469,18.470661,744.69,0.0,766.6375,0.0,0.0,0.05,1,0,0,0,E,E,M,174.788312,-41.314741
bfbb2050-d25b-4e36-a045-01a0638510c0,1,0.0,1102.718131,0.0,0.0,0.0,766.6375,0.0,0.0,0.0,0,0,0,0,E,E,E,174.805206,-41.320911
bfbe0139-80ae-4c23-8785-a5405181e305,4,0.0,935.060988,0.0,0.0,0.0,766.6375,0.0,0.0,0.1,0,0,0,0,M,E,M,174.777507,-41.314444
bfbf084e-affd-4ea0-ba4e-a1ba1bd8502a,1,0.0,2048.824963,0.0,0.0,0.0,766.6375,0.0,0.0,0.05,0,0,0,0,M,E,E,174.777545,-41.321044
bfd69fd4-f982-4260-abb5-5ac985481750,1,0.0,1603.516974,6.74415,798.8,0.0,766.6375,0.0,0.0,0.0,1,0,0,0,E,E,E,174.77634,-41.322282
c0070eb2-3dbe-45be-82d0-647b8c46defc,2,0.0,903.701699,20.558639,643.19,0.0,766.6375,0.0,0.0,0.1,1,0,0,0,E,E,D,174.776956,-41.315381
c0353d86-28b6-4dfe-a78a-30dffea716c0,1,0.0,1808.270839,0.0,0.0,0.0,766.6375,0.0,200.0,0.05,0,0,1,0,M,E,E,174.801578,-41.320377
c037cb35-e47f-4ba2-94a5-4e3ded72f543,1,98.9545,1606.200913,3.730346,643.19,0.0,766.6375,0.0,500.0,0.0,1,0,1,0,E,E,E,174.778952,-41.313854
c042a0b5-bfae-4c5a-b670-12cac9b0a01f,14,0.0,1805.387416,0.0,0.0,0.0,766.6375,0.0,0.0,0.1,0,0,0,0,E,E,D,174.783631,-41.316291
c0537c9b-e55a-4ca7-9eca-5b59b00ee40d,2,0.0,1544.799246,17.317051,879.87,0.0,766.6375,0.0,0.0,0.0,1,0,0,0,E,E,E,174.774891,-41.313872
c0581008-2cb9-468f-9d4f-512cd5d343ec,1,0.0,837.309992,15.441475,798.8,0.0,766.6375,0.0,0.0,0.1,1,0,0,0,E,E,D,174.791031,-41.318361
c058d782-eeba-443d-b191-fd7f6d58e671,1,266.8395,1096.237023,0.0,0.0,0.0,766.6375,0.0,4000.0,0.05,0,0,1,0,M,E,E,174.787171,-41.311791
c064a095-8c2e-4c48-a392-abaf942914dd,1,315.4503,1810.743119,0.0,0.0,0.0,766.6375,0.0,1500.0,0.05,0,0,1,0,M,E,E,174.783895,-41.314135
c06606cc-fe91-4d6d-8344-a07d2ee1b07a,1,164.2044,1545.037049,0.0,0.0,0.0,766.6375,0.0,500.0,0.0,0,0,1,0,E,E,E,174.778918,-41.319846
c0779972-da5d-4a70-928d-a38857e1bc28,1,0.0,1769.819492,0.0,0.0,0.0,766.6375,0.0,0.0,0.0,0,0,0,0,E,E,E,174.80398,-41.322094
c09c1e64-b70c-436b-8488-f0a624d1fba8,4,153.2082,1740.066538,0.0,0.0,0.0,766.6375,0.0,1500.0,0.0,0,0,1,0,E,E,E,174.779486,-41.311715
c0a49b57-0875-4a2f-9fdd-c22be1c9e411,1,187.4402,1714.574193,0.0,0.0,0.0,766.6375,0.0,500.0,0.0,0,0,1,0,E,E,E,174.776014,-41.314343
c0a4e07d-cdc1-4c11-9eb6-e7b93972c06a,1,0.0,1062.09373,0.0,0.0,0.0,766.6375,0.0,0.0,0.0,0,0,0,0,E,E,E,174.775846,-41.31896
c0aca5a1-4561-44f7-8a7c-ab79db9a728a,2,315.5873,1815.899995,0.0,0.0,0.0,766.6375,0.0,500.0,0.0,0,0,1,0,E,E,E,174.795205,-41.318277
c0c5ef3a-6a67-4b76-a66e-84d616053847,1,0.0,1050.531565,0.0,0.0,0.0,766.6375,0.0,0.0,0.05,0,0,0,0,M,E,E,174.803956,-41.321762
c0fdb271-25c2-4972-8c32-4663d7ba3f34,1,0.0,1038.883745,13.640954,879.87,0.0,766.6375,0.0,0.0,0.0,1,0,0,0,E,E,E,174.790707,-41.312766
c10d976f-a32e-4351-b38f-12f0c1d35667,10,0.0,975.360593,0.0,0.0,0.0,766.6375,0.0,0.0,0.05,0,0,0,0,E,E,M,174.791811,-41.316667
c118aaf4-64c9-4616-ba93-f3de133bcdea,1,0.0,954.178372,21.275918,879.87,0.0,766.6375,0.0,0.0,0.05,1,0,0,0,E,E,M,174.794238,-41.31099
c14de459-ade7-453f-9726-952fdf550f50,1,0.0,1564.297878,0.0,0.0,0.0,766.6375,0.0,200.0,0.0,0,0,1,0,E,E,E,174.794103,-41.323385
c152d202-ff15-4249-85f8-28fc9a3945be,1,389.0632,1682.019788,0.0,0.0,0.0,766.6375,0.0,4000.0,0.0,0,0,1,0,E,E,E,174.804569,-41.322328
c1582f1a-9094-44ec-ad02-4905b28269fa,1,408.6677,1944.149001,0.0,0.0,0.0,766.6375,0.0,2500.0,0.05,0,0,1,0,M,E,E,174.803194,-41.32337
c1744b86-9aa8-418c-b478-d2e825a54d33,1,0.0,1781.200889,0.0,0.0,0.0,766.6375,0.0,200.0,0.05,0,0,1,0,M,E,E,174.794757,-41.323148
c17b6561-3944-44f0-9e5f-e8a0fed62ced,2,445.407,1971.996743,0.0,0.0,0.0,766.6375,0.0,500.0,0.0,0,0,1,0,E,E,E,174.782964,-41.316203
c1a0c14b-7071-41c9-a41a-85ba5e984b8e,1,0.0,1533.293131,0.0,0.0,0.0,766.6375,0.0,200.0,0.05,0,0,1,0,M,E,E,174.784745,-41.311553
c1aa6af1-9050-490b-9179-4855ea09b75c,1,0.0,1016.301368,13.362865,798.8,0.0,766.6375,0.0,0.0,0.05,1,0,0,0,E,E,M,174.774616,-41.315127
c1af4e58-e952-4195-b2d7-422ef3ad83b5,1,0.0,1841.863675,0.0,0.0,0.0,766.6375,0.0,200.0,0.05,0,0,1,0,M,E,E,174.800665,-41.320131
c1b76523-1271-4d5f-b11a-a744e683ef1c,1,0.0,952.257695,16.772238,879.87,0.0,766.6375,0.0,0.0,0.05,1,0,0,0,E,E,M,174.775375,-41.323469
c1c049af-a879-444d-b2d4-ee09e674f709,3,0.0,1670.045366,0.0,0.0,0.0,766.6375,0.0,200.0,0.0,0,0,1,0,E,E,E,174.78034,-41.316493
c1c69de0-e9c9-4597-af44-b5a2f6653ef1,1,0.0,902.219703,12.625625,1224.08,0.0,766.6375,0.0,0.0,0.05,1,0,0,0,E,E,M,174.797499,-41.31055
c1ca8a4a-e625-47b2-b6ab-3ff0fd2651f3,1,218.2549,1914.461749,0.0,0.0,0.0,766.6375,0.0,1500.0,0.0,0,0,1,0,E,E,E,174.78359,-41.318205
c1dd5f2a-e020-481d-99fe-d257591138e6,1,491.8255,1901.226304,0.0,0.0,0.0,766.6375,0.0,2500.0,0.0,0,0,1,0,E,E,E,174.797387,-41.317959
c21164e3-a5d9-4399-a4e9-b9e10690142a,1,0.0,820.218401,0.0,0.0,0.0,766.6375,0.0,0.0,0.1,0,0,0,0,E,E,D,174.790465,-41.318387
c2309316-98fb-4716-baff-a955ed389651,1,134.2601,1926.099853,0.0,0.0,0.0,766.6375,0.0,2500.0,0.05,0,0,1,0,M,E,E,174.797608,-41.318079
c26b40dc-19de-4fd4-bc9e-53690bcba914,1,288.3861,1854.625574,0.0,0.0,0.0,766.6375,0.0,500.0,0.0,0,0,1,0,E,E,E,174.782116,-41.315132
c26cfc64-4c2f-43e7-abbd-c0c1cc823b78,1,534.9802,1913.125948,0.0,0.0,0.0,766.6375,0.0,500.0,0.05,0,0,1,0,M,E,E,174.799301,-41.31896
c26fa4df-0025-4fa0-93d1-a0bd84cd0b24,1,595.2429,1866.61002,0.0,0.0,0.0,766.6375,0.0,4000.0,0.05,0,0,1,0,M,E,E,174.801591,-41.321095
c294872f-22eb-4a41-b868-c4c7784a67f0,1,402.2487,1920.447131,0.0,0.0,0.0,766.6375,0.0,500.0,0.05,0,0,1,0,M,E,E,174.804368,-41.32394
c2a1e36b-144d-4b91-8420-675b0b55c6a5,1,1654.8971,1897.997291,0.0,0.0,0.0,766.6375,0.0,1500.0,0.0,0,0,1,0,E,E,E,174.805861,-41.317459
c2a2f7f3-ff0f-413d-9bb5-dc608b763485,1,265.0068,2270.522736,0.0,0.0,0.0,766.6375,0.0,1500.0,0.0,0,0,1,0,E,E,E,174.779818,-41.319498
c2b985f2-c7ab-4f92-8ed2-d4f21ef5ccf8,1,389.5921,1609.974753,0.0,0.0,0.0,766.6375,0.0,1500.0,0.05,0,0,1,0,M,E,E,174.794316,-41.322454
c2be266a-5023-41fb-aa60-9790d4a272c9,2,276.4444,1720.551089,0.0,0.0,0.0,766.6375,0.0,500.0,0.0,0,0,1,0,E,E,E,174.775958,-41.314175
c2ccb16d-cf03-432e-9f0a-c725bc9de97f,1,854.9598,1690.481622,0.0,0.0,0.0,766.6375,0.0,500.0,0.05,0,0,1,0,M,E,E,174.778362,-41.319567
c2d45135-c3a9-42d6-92a9-d661484368cd,1,288.2033,1877.844155,0.0,0.0,0.0,766.6375,0.0,1500.0,0.0,0,0,1,0,E,E,E,174.797409,-41.32269
c2d813c0-9b81-45cd-9856-6defc8d0b798,3,0.0,1095.219266,0.0,0.0,0.0,766.6375,0.0,0.0,0.0,0,0,0,0,E,E,E,174.805213,-41.320474
c2e78576-bdaf-4abd-abb2-9498359c086e,1,0.0,1690.889346,0.0,0.0,0.0,766.6375,0.0,200.0,0.0,0,0,1,0,E,E,E,174.784209,-41.315713
c2f8a180-f9bb-47d2-8e91-54af6aebf0b6,1,0.0,1368.554832,0.0,0.0,0.0,766.6375,0.0,0.0,0.05,0,0,0,0,E,E,M,174.775929,-41.32301
c31cf3b5-a2ed-4886-923c-3d40bea3ad71,1,0.0,1811.594396,0.0,0.0,0.0,766.6375,0.0,200.0,0.0,0,0,1,0,E,E,E,174.801835,-41.319833
c34abc70-9b19-4067-88b8-7d0e77e4999e,2,0.0,1658.169184,0.0,0.0,0.0,766.6375,0.0,200.0,0.05,0,0,1,0,M,E,E,174.779589,-41.315528
c35e7f21-7da7-4517-8d8e-7e2204a3f578,4,165.6655,1721.991277,0.0,0.0,0.0,766.6375,0.0,1500.0,0.0,0,0,1,0,E,E,E,174.779519,-41.313612
c38bb650-5c64-43f6-b31d-27ad9ac7b492,1,265.7734,1735.311119,0.0,0.0,0.0,766.6375,0.0,500.0,0.0,0,0,1,0,E,E,E,174.783535,-41.314504
c391fb3f-6939-4971-a04a-767c76a6ec22,1,231.9602,1783.259287,0.0,0.0,0.0,766.6375,0.0,2500.0,0.0,0,0,1,0,E,E,E,174.77371,-41.321937
c39513dc-ef79-44ce-88c3-960ceb23fbb0,2,0.0,1087.404323,0.0,0.0,0.0,766.6375,0.0,0.0,0.05,0,0,0,0,E,E,M,174.789421,-41.324514
c39becc6-0531-44c8-86f0-a661de12ec94,1,386.6012,946.878993,0.0,0.0,0.0,766.6375,0.0,1500.0,0.05,0,0,1,0,E,E,M,174.774092,-41.324579
c3a84cf9-7fb6-45ef-b693-0ce6d447aef8,1,0.0,1610.42485,0.0,0.0,0.0,766.6375,0.0,0.0,0.05,0,0,0,0,M,E,E,174.785119,-41.309762
c3aa5241-9ae7-4ccc-8cdf-5a8bddc257b5,1,0.0,1447.790839,0.0,0.0,0.0,766.6375,0.0,200.0,0.05,0,0,1,0,E,E,M,174.776742,-41.32003
c3b9061c-77e8-4812-8fa5-d9aa7f7c3f3b,1,0.0,941.947752,0.0,0.0,0.0,766.6375,0.0,0.0,0.1,0,0,0,0,E,E,D,174.788697,-41.322402
c3bd6a30-43a1-4c43-b972-1df26d5e26b1,1,402.1422,1949.894389,0.0,0.0,0.0,766.6375,0.0,2500.0,0.05,0,0,1,0,M,E,E,174.804006,-41.323764
c3e98ceb-79c7-468f-9499-6dfce1d952d9,1,0.0,1456.330949,0.0,0.0,0.0,766.6375,0.0,0.0,0.05,0,0,0,0,M,E,E,174.774591,-41.323044
c3f14034-9e30-44ab-a0ac-26601edf3564,1,0.0,991.794348,0.0,0.0,0.0,766.6375,0.0,0.0,0.0,0,0,0,0,E,E,E,174.77541,-41.323067
c3fed261-613c-47df-953c-601cd5d80ef2,1,376.9453,1909.422298,0.0,0.0,80.14362,766.6375,548.643592,1500.0,0.1,0,1,1,0,E,D,E,174.798162,-41.322073
c4242faf-994b-40bc-9b62-7ac998214ec5,1,347.1308,954.354806,0.0,0.0,0.0,766.6375,0.0,1500.0,0.05,0,0,1,0,E,E,M,174.774304,-41.324534
c4330131-5fef-4836-a56f-82cd527b4d7b,1,302.6118,1628.578239,0.0,0.0,0.0,766.6375,0.0,500.0,0.05,0,0,1,0,M,E,E,174.794396,-41.321361
c433eff4-dbd7-4cb1-9796-f98c5b4d9b78,1,276.8071,1843.994312,0.0,0.0,0.0,766.6375,0.0,2500.0,0.0,0,0,1,0,E,E,E,174.773272,-41.322375
c436ab9a-ab66-486d-83c1-3f90a97342ad,1,0.0,1912.629917,0.0,0.0,0.0,766.6375,0.0,200.0,0.0,0,0,1,0,E,E,E,174.795661,-41.315728
c43c67e9-2097-4ee8-94ea-c2851a323858,1,1078.4177,1881.387069,28.734362,1224.08,0.0,766.6375,0.0,1500.0,0.1,1,0,1,0,D,E,E,174.78313,-41.318348
c446c700-e55d-4027-8108-487d53201ac3,1,0.0,1537.051293,0.0,0.0,0.0,766.6375,0.0,0.0,0.0,0,0,0,0,E,E,E,174.804557,-41.321993
c4477af4-2355-4ee6-927e-2ca038377854,1,539.6749,1811.665497,0.0,0.0,0.0,766.6375,0.0,500.0,0.05,0,0,1,0,M,E,E,174.774416,-41.320417
c44b417e-7ed2-4d74-9ca1-80bdc7328d7a,1,0.0,1159.289343,0.0,0.0,0.0,766.6375,0.0,0.0,0.0,0,0,0,0,E,E,E,174.795371,-41.310728
c453b448-41be-47d8-a7b6-ad80f5e138cc,1,0.0,923.107425,0.0,0.0,0.0,766.6375,0.0,0.0,0.05,0,0,0,0,E,E,M,174.774084,-41.318942
c458be55-c509-450b-b44b-7997f8370970,1,0.0,1508.880174,0.0,0.0,0.0,766.6375,0.0,200.0,0.0,0,0,1,0,E,E,E,174.779428,-41.315706
c45b81da-9961-4dec-b407-7e39f55f7d6a,1,0.0,1872.683,0.0,0.0,0.0,766.6375,0.0,200.0,0.05,0,0,1,0,M,E,E,174.795112,-41.323488
c47c0643-20fe-4a4e-a8c7-f4ba4c340cd4,1,399.3607,1825.925846,0.0,0.0,0.0,766.6375,0.0,4000.0,0.05,0,0,1,0,M,E,E,174.805019,-41.32289
c4bac3c5-d7be-4e73-9e88-596b40075293,1,0.0,1954.586402,6.274268,1224.08,0.0,766.6375,0.0,200.0,0.0,1,0,1,0,E,E,E,174.776238,-41.314684
c4c1ac9f-abbf-4481-b95f-c45bf325709e,1,0.0,1024.194005,0.0,0.0,0.0,766.6375,0.0,0.0,0.05,0,0,0,0,E,E,M,174.777389,-41.31388
c4c405eb-a20e-4d95-9d07-69028193a6bb,1,0.0,993.320276,0.0,0.0,0.0,766.6375,0.0,0.0,0.05,0,0,0,0,E,E,M,174.792811,-41.320929
c4d33aa6-a1c1-43b8-be71-17f8030114bf,2,392.1649,1637.27904,0.0,0.0,0.0,766.6375,0.0,500.0,0.0,0,0,1,0,E,E,E,174.779569,-41.315373
c4d33bda-a204-4366-886e-9320350e2239,1,0.0,969.394144,24.234558,1224.08,0.0,766.6375,0.0,0.0,0.05,1,0,0,0,E,E,M,174.791305,-41.321274
c4e123fc-3443-4a64-aa6d-9f37c5d0a675,1,311.9252,1558.300906,0.0,0.0,0.0,766.6375,0.0,1500.0,0.0,0,0,1,0,E,E,E,174.775607,-41.320877
c4f169b1-96f8-487e-88d1-864e59205a13,1,0.0,2008.485263,0.0,0.0,0.0,766.6375,0.0,200.0,0.05,0,0,1,0,M,E,E,174.776914,-41.309788
c4f6b89e-b2d2-4a75-9510-499c00746ef2,9,774.8925,1947.56111,0.0,0.0,0.0,766.6375,0.0,1500.0,0.0,0,0,1,0,E,E,E,174.799331,-41.32065
c50c7ace-83e0-41f0-8cd5-e218e9a73799,1,0.0,942.932227,0.0,0.0,0.0,766.6375,0.0,0.0,0.05,0,0,0,0,E,E,M,174.777214,-41.314011
c5140e3a-4083-4b90-bd61-e7b4e95ffb6b,1,0.0,1455.662969,0.0,0.0,0.0,766.6375,0.0,200.0,0.05,0,0,1,0,M,E,E,174.779187,-41.315564
c518e8aa-50f5-4798-b1a4-b31531c45327,1,0.0,868.663376,0.0,0.0,0.0,766.6375,0.0,0.0,0.1,0,0,0,0,E,E,D,174.791055,-41.324965
c51ef1f3-59a7-46a8-91ba-0996eedc380e,1,190.8564,2126.276426,0.0,0.0,0.0,766.6375,0.0,1500.0,0.0,0,0,1,0,E,E,E,174.779527,-41.319805
c5301d98-8546-4689-ba61-4030cf92d7f5,1,0.0,1784.728542,0.0,0.0,0.0,766.6375,0.0,200.0,0.0,0,0,1,0,E,E,E,174.784818,-41.313411
c53ecd8c-b91f-41e7-8404-6e144959dbec,1,0.0,957.623879,0.0,0.0,0.0,766.6375,0.0,0.0,0.05,0,0,0,0,E,E,M,174.775386,-41.3234
c573540c-2ba4-4226-9969-5def759779f0,1,576.6833,1053.060189,0.0,0.0,0.0,766.6375,0.0,500.0,0.05,0,0,1,0,M,E,E,174.793634,-41.31898
c5a1193b-d700-4a2e-b0d5-fd679387f3d0,1,321.075,1766.487052,0.0,0.0,0.0,766.6375,0.0,500.0,0.0,0,0,1,0,E,E,E,174.780669,-41.313011
c5b02043-f197-41c3-b0b4-958fb908b62b,1,197.1358,2376.097994,0.0,0.0,0.0,766.6375,0.0,2500.0,0.0,0,0,1,0,E,E,E,174.777911,-41.323636
c5b165ae-ae77-46e7-9e90-956f5a30c692,1,445.6574,1829.84963,0.0,0.0,0.0,766.6375,0.0,2500.0,0.05,0,0,1,0,M,E,E,174.803602,-41.322629
c5bffcec-20b5-4c00-bfa1-f88e82a88c59,1,130.8399,1827.629542,0.0,0.0,0.0,766.6375,0.0,500.0,0.05,0,0,1,0,M,E,E,174.781436,-41.314982
c5d505ba-13ba-40ed-92a6-dad7e0f1a6b1,1,304.4704,1943.73251,0.0,0.0,0.0,766.6375,0.0,500.0,0.05,0,0,1,0,M,E,E,174.778398,-41.321704
c5d54303-318d-4246-b4f5-06af174517a0,1,0.0,1848.427524,0.0,0.0,0.0,766.6375,0.0,200.0,0.0,0,0,1,0,E,E,E,174.795713,-41.322467
c5dc7b66-a61d-4dad-a86e-264c7a63a497,1,212.4338,1910.767031,0.0,0.0,0.0,766.6375,0.0,1500.0,0.0,0,0,1,0,E,E,E,174.799986,-41.320514
c5fd3118-856a-4129-b24e-78b0ddf047a1,1,310.3634,1763.820093,0.0,0.0,0.0,766.6375,0.0,1500.0,0.0,0,0,1,0,E,E,E,174.781594,-41.312844
c61269a1-ffdf-466d-8cac-04316a403a1e,1,0.0,1058.359097,7.405272,798.8,0.0,766.6375,0.0,0.0,0.05,1,0,0,0,M,E,E,174.779352,-41.321072
c618d602-04bc-45d2-924f-99cc40686ea0,1,0.0,1149.628908,0.0,0.0,0.0,766.6375,0.0,0.0,0.0,0,0,0,0,E,E,E,174.791284,-41.316801
c62529e9-8df2-4e20-9140-fdb826ee9287,5,915.0151,2005.031084,0.0,0.0,0.0,766.6375,0.0,500.0,0.1,0,0,1,0,D,E,E,174.775776,-41.318046
c67afca1-b534-4298-8797-53f0ea9b5838,1,284.7334,1699.797285,0.0,0.0,0.0,766.6375,0.0,500.0,0.0,0,0,1,0,E,E,E,174.777075,-41.319698
c69264ea-4788-4675-8e91-b6761314cdcf,1,0.0,1740.53309,0.0,0.0,0.0,766.6375,0.0,200.0,0.0,0,0,1,0,E,E,E,174.78084,-41.316038
c69ac8b2-44b7-4bfc-b2f4-be671fdc8f11,1,350.2434,1714.29846,0.0,0.0,0.0,766.6375,0.0,1500.0,0.0,0,0,1,0,E,E,E,174.793826,-41.324687
c6afad22-c762-4fa9-957c-8cbb169fdb50,1,707.4609,1700.218114,0.0,0.0,0.0,766.6375,0.0,1500.0,0.05,0,0,1,0,M,E,E,174.792415,-41.312202
c6b139d7-be93-4cee-8f84-c33294e48c1c,1,253.8019,1842.681235,0.0,0.0,0.0,766.6375,0.0,4000.0,0.0,0,0,1,0,E,E,E,174.800946,-41.320706
c6b29925-60b5-422d-97d8-4c062df466da,1,0.0,1831.784683,0.0,0.0,0.0,766.6375,0.0,200.0,0.0,0,0,1,0,E,E,E,174.802714,-41.319613
c6cc4fb1-fdae-4d3f-9b09-37287bf2decd,1,0.0,1746.154619,0.0,0.0,0.0,766.6375,0.0,200.0,0.0,0,0,1,0,E,E,E,174.784915,-41.313508
c6cda137-d360-4a5c-88c3-9066043bf34d,1,0.0,1054.86242,0.0,0.0,0.0,766.6375,0.0,0.0,0.0,0,0,0,0,E,E,E,174.775085,-41.318619
c6d0de6a-296a-4db3-aacc-d94ad79a711f,1,0.0,1080.489028,0.0,0.0,0.0,766.6375,0.0,0.0,0.0,0,0,0,0,E,E,E,174.790431,-41.313088
c6d2c8c6-42cd-45f3-bdae-50ca2342a453,1,0.0,937.780608,0.0,0.0,0.0,766.6375,0.0,0.0,0.05,0,0,0,0,E,E,M,174.804578,-41.321666
c6d5175b-0037-4857-90d6-51e7123b655b,1,1160.9029,1593.700191,0.0,0.0,0.0,766.6375,0.0,500.0,0.0,0,0,1,0,E,E,E,174.79385,-41.31686
c6dfe240-7373-4172-aa16-4253b688683b,1,371.4803,1726.777298,0.0,0.0,0.0,766.6375,0.0,500.0,0.05,0,0,1,0,M,E,E,174.804468,-41.32343
c6e17923-82c3-4e98-aa85-04f489978704,7,1656.0582,1842.012005,0.0,0.0,0.0,766.6375,0.0,500.0,0.0,0,0,1,0,E,E,E,174.795257,-41.318639
c6f378db-9b17-4ab9-aca7-19b52ef03101,1,180.2417,1860.414792,0.0,0.0,0.0,766.6375,0.0,500.0,0.0,0,0,1,0,E,E,E,174.781915,-41.314406
c7032fce-9b0d-4307-b64d-0590b539ef10,4,518.2909,1774.502089,0.0,0.0,0.0,766.6375,0.0,4000.0,0.0,0,0,1,0,E,E,E,174.783023,-41.314262
c72e15eb-c49b-477c-90bf-c3b16d2a886e,1,0.0,1058.464045,0.0,0.0,0.0,766.6375,0.0,0.0,0.05,0,0,0,0,E,E,M,174.787182,-41.322121
c72eb362-1f4b-42f8-9236-38e227adba85,1,348.9401,1831.164808,0.0,0.0,0.0,766.6375,0.0,500.0,0.0,0,0,1,0,E,E,E,174.78186,-41.31249
c737470c-efd4-40cf-b139-a55c47cd0d9f,1,0.0,1002.702237,0.0,0.0,0.0,766.6375,0.0,0.0,0.1,0,0,0,0,M,E,M,174.775716,-41.311723
c74489c6-60f6-4537-b976-4814ce8f3ca0,1,0.0,1078.563818,6.089873,643.19,0.0,766.6375,0.0,0.0,0.0,1,0,0,0,E,E,E,174.79262,-41.320591
c74b64b2-5362-4665-8947-aef5ba644ccf,2,181.4497,1598.753311,0.0,0.0,0.0,766.6375,0.0,500.0,0.0,0,0,1,0,E,E,E,174.777685,-41.319567
c750f637-ab8a-42d0-9af5-83ef2280309f,1,0.0,1977.240818,0.0,0.0,0.0,766.6375,0.0,200.0,0.05,0,0,1,0,M,E,E,174.798702,-41.323523
c7532a3a-76eb-4d6b-8ab7-566092b43c6e,1,279.1136,2111.712947,0.0,0.0,0.0,766.6375,0.0,500.0,0.0,0,0,1,0,E,E,E,174.776309,-41.310225
c77169ce-5282-497b-a413-89d40926bf61,1,223.6342,1645.520333,0.0,0.0,0.0,766.6375,0.0,1500.0,0.0,0,0,1,0,E,E,E,174.783308,-41.318668
c7786b68-7707-4a48-b7c8-168ad6ab06f3,5,0.0,968.407833,0.0,0.0,0.0,766.6375,0.0,0.0,0.05,0,0,0,0,E,E,M,174.776807,-41.311746
c7b3da1b-6926-44a5-ab3e-e2d2436d4b17,1,450.0634,1835.685619,0.0,0.0,0.0,766.6375,0.0,4000.0,0.05,0,0,1,0,M,E,E,174.805005,-41.322773
c7bc2891-01c0-43e5-b922-ae481582ad43,2,152.8748,1794.910969,0.0,0.0,0.0,766.6375,0.0,500.0,0.0,0,0,1,0,E,E,E,174.781782,-41.315473
c7e224c3-b4ba-4f83-8eb4-01879eb0407a,1,0.0,821.636739,24.46025,879.87,0.0,766.6375,0.0,0.0,0.1,1,0,0,0,E,E,D,174.793377,-41.32079
c7e557b6-5f1b-4537-8824-2f8173650a9b,1,390.4607,1866.841149,0.0,0.0,0.0,766.6375,0.0,500.0,0.0,0,0,1,0,E,E,E,174.796866,-41.323625
c7e7a91c-a913-4216-a549-eea3aa082be1,1,298.163,1696.047306,6.475274,643.19,0.0,766.6375,0.0,500.0,0.0,1,0,1,0,E,E,E,174.783169,-41.315059
c7f0d3fc-18d5-4497-9ae7-818e3a14875c,1,0.0,1029.926122,14.987477,643.19,0.0,766.6375,0.0,0.0,0.05,1,0,0,0,E,E,M,174.787293,-41.315988
c7f4108d-ce6a-4740-8141-463ea2bc0d49,1,0.0,1898.199668,0.0,0.0,0.0,766.6375,0.0,200.0,0.0,0,0,1,0,E,E,E,174.800543,-41.320452
c7fb6f85-f188-4e06-8eb8-9a72ddc8b101,1,0.0,939.054957,17.199984,879.87,0.0,766.6375,0.0,0.0,0.05,1,0,0,0,E,E,M,174.79166,-41.321592
c81a9439-b431-4d01-ab3f-89be66064fd7,1,0.0,1691.375121,0.0,0.0,0.0,766.6375,0.0,0.0,0.0,0,0,0,0,E,E,E,174.77842,-41.313337
c81dc2c6-58ef-46e1-8dc6-2007f4fad65d,1,0.0,973.737678,18.550156,744.69,0.0,766.6375,0.0,0.0,0.15,1,0,0,0,D,E,M,174.796615,-41.3098
c84376da-4add-4d36-9ad7-75c79560aa6a,1,74.1513,1924.101748,0.0,0.0,0.0,766.6375,0.0,500.0,0.05,0,0,1,0,M,E,E,174.799373,-41.320481
c85db554-adbb-412d-a893-ed65fd19953b,1,369.1273,1333.865881,0.0,0.0,0.0,766.6375,0.0,1500.0,0.05,0,0,1,0,E,E,M,174.779192,-41.322994
c86e8a9f-3a59-47a6-9b49-c917a8715367,1,0.0,1730.268674,0.0,0.0,0.0,766.6375,0.0,200.0,0.0,0,0,1,0,E,E,E,174.777934,-41.314894
c8724f5a-501d-4764-b0e1-08d68c83aa33,1,0.0,1099.007025,0.0,0.0,0.0,766.6375,0.0,0.0,0.0,0,0,0,0,E,E,E,174.803729,-41.322194
c876fe8a-5949-4ca9-bb73-76a9fd1e47ea,1,0.0,2220.104454,0.0,0.0,0.0,766.6375,0.0,0.0,0.05,0,0,0,0,M,E,E,174.77754,-41.321143
c8788722-d05a-417a-b9d2-28f19a0c655a,1,0.0,1622.170052,0.0,0.0,0.0,766.6375,0.0,0.0,0.05,0,0,0,0,M,E,E,174.784357,-41.309673
c879d059-d45d-48c6-9bc6-f543de0fd47b,1,0.0,1863.448588,0.0,0.0,0.0,766.6375,0.0,200.0,0.05,0,0,1,0,M,E,E,174.79635,-41.323032
c89f5a7c-757d-4e99-bb9b-ca23e2a8655f,1,0.0,988.31805,0.0,0.0,0.0,766.6375,0.0,0.0,0.1,0,0,0,0,M,E,M,174.787421,-41.321144
c8ad5897-2434-47e2-b933-735b50c4305e,1,0.0,936.425764,29.34833,879.87,0.0,766.6375,0.0,0.0,0.1,1,0,0,0,E,E,D,174.787742,-41.324195
c8ad9289-52f5-49fe-8b00-5a4e89fbb3d3,1,0.0,920.331093,29.700011,744.69,0.0,766.6375,0.0,0.0,0.15,1,0,0,0,M,E,D,174.792236,-41.322429
c8b649e4-70e8-4bd5-a02a-fd5b7cd5e05a,1,277.6677,1841.954812,0.0,0.0,0.0,766.6375,0.0,500.0,0.0,0,0,1,0,E,E,E,174.795714,-41.318261
c8be7648-3f9a-42c2-9fcc-a869d45cb34c,1,268.2002,2019.901028,0.0,0.0,0.0,766.6375,0.0,1500.0,0.0,0,0,1,0,E,E,E,174.77287,-41.321551
c8d646b0-6698-46f9-ab31-ec788bb45503,1,419.5726,1888.257639,0.0,0.0,0.0,766.6375,0.0,1500.0,0.05,0,0,1,0,M,E,E,174.796656,-41.317801
c8e41b11-7582-448b-a79f-91c576d09d9b,1,0.0,1624.858818,4.855073,1224.08,0.0,766.6375,0.0,200.0,0.0,1,0,1,0,E,E,E,174.778555,-41.320183
c93ef8b8-0fbc-4052-ab40-b1a02a4d7d8c,1,0.0,1451.715179,0.0,0.0,0.0,766.6375,0.0,0.0,0.0,0,0,0,0,E,E,E,174.79147,-41.310766
c9426784-b34d-4792-85ce-c8b0a256bf83,2,0.0,996.572951,0.0,0.0,0.0,766.6375,0.0,0.0,0.05,0,0,0,0,E,E,M,174.789693,-41.314731
c9583258-298d-4e8b-948f-fecf377dafe5,1,0.0,899.945363,22.337702,643.19,0.0,766.6375,0.0,0.0,0.1,1,0,0,0,M,E,M,174.786202,-41.316132
c9668d10-920d-41d6-8852-fad42f28c31a,1,242.957,1482.893306,0.0,0.0,0.0,766.6375,0.0,500.0,0.0,0,0,1,0,E,E,E,174.778439,-41.312491
c972f16c-2857-4854-adb4-cb878d45fc7f,1,0.0,1239.105183,0.0,0.0,0.0,766.6375,0.0,0.0,0.05,0,0,0,0,E,E,M,174.773705,-41.323187
c9849eb8-0609-4723-8696-2a2129040698,1,0.0,1018.154754,0.0,0.0,0.0,766.6375,0.0,0.0,0.05,0,0,0,0,M,E,E,174.774305,-41.319191
c994b139-85eb-4eef-8e6e-1e1da2c29449,1,235.9668,1899.055176,0.0,0.0,0.0,766.6375,0.0,4000.0,0.0,0,0,1,0,E,E,E,174.778492,-41.322119
c9be0e33-27aa-4328-8a70-302171682b30,1,0.0,1002.994054,16.20732,643.19,0.0,766.6375,0.0,0.0,0.1,1,0,0,0,D,E,E,174.77456,-41.311526
c9cab735-2ba7-4e2f-b814-90d17fc2bef5,1,214.2919,1925.833096,0.0,0.0,0.0,766.6375,0.0,500.0,0.0,0,0,1,0,E,E,E,174.799024,-41.319799
ca0addc5-e41a-4fce-992b-9ef96b79f512,3,412.458,1888.840972,0.0,0.0,0.0,766.6375,0.0,1500.0,0.05,0,0,1,0,M,E,E,174.798722,-41.322319
ca1d4977-353b-4d9b-ab4c-e85f3886ba4f,1,194.4076,1614.163057,0.0,0.0,0.0,766.6375,0.0,4000.0,0.0,0,0,1,0,E,E,E,174.773902,-41.319704
ca1e8c9d-6ac5-43bb-82f7-da203f245384,1,0.0,968.68765,0.0,0.0,0.0,766.6375,0.0,0.0,0.1,0,0,0,0,E,E,D,174.791043,-41.321297
ca3c6a10-522e-45e4-b2d6-123e275b28b1,1,137.7625,1872.896508,0.0,0.0,0.0,766.6375,0.0,500.0,0.0,0,0,1,0,E,E,E,174.781582,-41.313853
ca3eba81-04e3-4967-98a4-f89fb900989a,1,0.0,1511.313529,0.0,0.0,0.0,766.6375,0.0,0.0,0.0,0,0,0,0,E,E,E,174.78007,-41.321563
ca43ca1d-8dec-418f-9e0a-3696b4eb271f,1,336.6151,1767.444402,0.0,0.0,24.250862,766.6375,22.157746,1500.0,0.05,0,1,1,0,E,M,E,174.779966,-41.313126
ca6fa47b-d647-4ba1-bc71-e8089e6083d1,2,0.0,1886.323901,0.0,0.0,0.0,766.6375,0.0,200.0,0.0,0,0,1,0,E,E,E,174.802146,-41.318371
ca6ffa19-b7d7-4ce8-a366-52e54d6d89e9,1,0.0,1765.03789,0.0,0.0,0.0,766.6375,0.0,200.0,0.0,0,0,1,0,E,E,E,174.795623,-41.322828
ca7b3a53-e1a1-4b7a-9c16-c179c31c525e,1,391.4951,1847.034025,0.0,0.0,0.0,766.6375,0.0,500.0,0.0,0,0,1,0,E,E,E,174.800813,-41.31928
cab3d886-0334-4443-b498-ffad0815d2d0,2,0.0,1184.060821,22.228289,1224.08,0.0,766.6375,0.0,0.0,0.05,1,0,0,0,M,E,E,174.777384,-41.323143
cac84eeb-2809-4b0e-a235-a87e6e8760ca,3,0.0,1065.673392,0.0,0.0,0.0,766.6375,0.0,0.0,0.0,0,0,0,0,E,E,E,174.791571,-41.312731
cad9c37f-ca1e-4ead-b45d-f2aed65595b9,1,339.2651,1762.028303,0.0,0.0,0.0,766.6375,0.0,4000.0,0.05,0,0,1,0,M,E,E,174.805838,-41.319416
cafa52b0-b847-41d6-97b4-8240892ce289,1,0.0,845.741497,0.0,0.0,0.0,766.6375,0.0,0.0,0.15,0,0,0,0,M,E,D,174.790391,-41.314352
cb273c91-3d94-4d9b-b16e-365e42f52b3a,1,0.0,1261.465325,0.0,0.0,0.0,766.6375,0.0,0.0,0.0,0,0,0,0,E,E,E,174.788508,-41.313396
cb288370-43dc-48d9-8f06-8fb1a005aeaf,3,0.0,1698.886633,0.0,0.0,0.0,766.6375,0.0,200.0,0.0,0,0,1,0,E,E,E,174.780324,-41.31639
cb326c45-463f-4d09-8813-4da463a1c485,1,171.1105,1741.656197,0.0,0.0,0.0,766.6375,0.0,500.0,0.0,0,0,1,0,E,E,E,174.775975,-41.314458
cb37feda-f1d3-49ff-90e7-b87f7cb476f4,1,303.3984,1913.093562,0.0,0.0,0.0,766.6375,0.0,500.0,0.0,0,0,1,0,E,E,E,174.798467,-41.320488
cb6d7f29-7ed3-4d76-b320-043ae5666966,1,270.0244,1901.640888,0.0,0.0,0.0,766.6375,0.0,500.0,0.0,0,0,1,0,E,E,E,174.798658,-41.31939
cb798d48-717e-4470-80e0-7d6baead6611,2,0.0,1720.895325,0.0,0.0,0.0,766.6375,0.0,0.0,0.0,0,0,0,0,E,E,E,174.786778,-41.312784
cb7ad8f4-2435-4379-bfc6-ac8c71f42d4a,1,0.0,1576.858961,0.0,0.0,0.0,766.6375,0.0,0.0,0.0,0,0,0,0,E,E,E,174.785603,-41.314361
cb8ba3ea-5465-4af3-b541-6dea8b1cacee,1,421.5605,1907.26694,0.0,0.0,0.0,766.6375,0.0,2500.0,0.0,0,0,1,0,E,E,E,174.800227,-41.318503
cbafe759-290d-4ae3-89a1-07fa17ec0a52,1,316.6539,1703.662293,0.0,0.0,0.0,766.6375,0.0,1500.0,0.05,0,0,1,0,M,E,E,174.784327,-41.314755
cbb6c79c-b4ab-443c-9dc2-e52e404e0b61,1,272.1863,1664.143506,0.0,0.0,0.0,766.6375,0.0,500.0,0.0,0,0,1,0,E,E,E,174.783644,-41.31486
cbc3fc98-d297-46bb-a0c8-a45a1eae7a1b,5,1054.3346,1751.135343,0.0,0.0,0.0,766.6375,0.0,1500.0,0.05,0,0,1,0,M,E,E,174.805026,-41.31896
cbcf25e4-748a-45ff-87cd-a0ca252efce4,1,0.0,1850.417501,0.0,0.0,0.0,766.6375,0.0,200.0,0.05,0,0,1,0,M,E,E,174.800694,-41.320048
cbe45374-479e-458e-b397-4e2904b589e2,1,0.0,925.390617,0.0,0.0,0.0,766.6375,0.0,0.0,0.1,0,0,0,0,M,E,M,174.786755,-41.323074
cbed7e04-65ee-4313-a50b-c0ec000d5b99,1,0.0,963.189393,0.0,0.0,0.0,766.6375,0.0,0.0,0.05,0,0,0,0,E,E,M,174.804572,-41.321773
cc0add4b-778b-4303-9c2c-a826c870e9fa,1,265.0138,1729.217279,0.0,0.0,0.0,766.6375,0.0,1500.0,0.0,0,0,1,0,E,E,E,174.794676,-41.322623
cc0e4238-c1ab-49b0-8f7d-6e8608f119c5,2,0.0,1426.285867,0.0,0.0,0.0,766.6375,0.0,0.0,0.1,0,0,0,0,M,E,M,174.785223,-41.314504
cc14c3c4-f62c-4d82-b718-57ed2b42138f,1,0.0,970.453366,0.0,0.0,0.0,766.6375,0.0,0.0,0.05,0,0,0,0,E,E,M,174.77686,-41.311558
cc21ced9-7169-4f7f-bf34-b2547e49c7ec,1,0.0,1447.526537,0.0,0.0,0.0,766.6375,0.0,0.0,0.05,0,0,0,0,M,E,E,174.784006,-41.309694
cc44729f-1fe9-4d80-8f7b-10fb16acfe23,1,0.0,1689.331419,0.0,0.0,0.0,766.6375,0.0,0.0,0.0,0,0,0,0,E,E,E,174.785895,-41.309896
cc4c0357-68de-47ee-92b8-3cbcba4e944c,8,0.0,1678.749547,0.0,0.0,0.0,766.6375,0.0,200.0,0.05,0,0,1,0,M,E,E,174.784423,-41.318693
cc655011-3465-4abd-a93b-a1566ec58dde,1,0.0,1137.464654,0.0,0.0,0.0,766.6375,0.0,0.0,0.0,0,0,0,0,E,E,E,174.790129,-41.32502
cc67c3a3-59cb-4b78-b9d2-b28d3843a950,1,0.0,1069.035955,0.0,0.0,0.0,766.6375,0.0,0.0,0.0,0,0,0,0,E,E,E,174.786303,-41.311209
cc6b37b9-bbc9-457a-94f0-0571b4a180ec,1,0.0,1031.873286,0.0,0.0,0.0,766.6375,0.0,0.0,0.05,0,0,0,0,E,E,M,174.786373,-41.313194
cc7d3bb4-4e0c-4499-b178-4f3ea6db3e1b,1,267.1644,1599.817129,0.0,0.0,0.0,766.6375,0.0,1500.0,0.0,0,0,1,0,E,E,E,174.785741,-41.311079
cc879668-eac4-4a34-9c1e-3df66a0bbea8,1,362.7465,1670.959169,0.0,0.0,0.0,766.6375,0.0,4000.0,0.0,0,0,1,0,E,E,E,174.804551,-41.322424
ccb0ef88-5dcc-4249-a131-614c87c70b4e,1,347.865,1911.738726,0.0,0.0,0.0,766.6375,0.0,500.0,0.0,0,0,1,0,E,E,E,174.798495,-41.319886
cce65c20-5402-49da-99f6-9e0bc52ac86d,1,0.0,908.970013,0.0,0.0,0.0,766.6375,0.0,0.0,0.1,0,0,0,0,E,E,D,174.794728,-41.310707
cce8f22d-df6b-49b4-9c00-51b7fbc43f4c,1,0.0,1868.506521,0.0,0.0,0.0,766.6375,0.0,200.0,0.05,0,0,1,0,M,E,E,174.798095,-41.324594
ccf436fc-2321-4859-a33a-1ead08427cab,1,0.0,1034.971542,0.0,0.0,0.0,766.6375,0.0,0.0,0.05,0,0,0,0,E,E,M,174.777231,-41.314411
ccf45005-4416-41d9-b613-a493b6d9ed6a,1,273.3687,1760.282606,0.0,0.0,0.0,766.6375,0.0,500.0,0.0,0,0,1,0,E,E,E,174.781515,-41.314823
ccfbba91-cfb9-40a4-aa42-bed029ca3200,1,313.0267,1632.144711,0.0,0.0,0.0,766.6375,0.0,500.0,0.05,0,0,1,0,M,E,E,174.784668,-41.310483
cd23e32a-c4c5-4bca-b013-916d52d0d216,1,277.4306,1921.122741,0.0,0.0,0.0,766.6375,0.0,1500.0,0.0,0,0,1,0,E,E,E,174.796964,-41.322241
cd287f31-012a-465d-9697-6ac8e6f9a35b,1,0.0,1871.324963,0.0,0.0,0.0,766.6375,0.0,0.0,0.0,0,0,0,0,E,E,E,174.777162,-41.320883
cd2bc51a-ec0a-4837-badd-bb9cffc03772,1,0.0,828.483801,0.0,0.0,0.0,766.6375,0.0,0.0,0.1,0,0,0,0,E,E,D,174.791679,-41.314634
cd445474-136b-4615-82c7-0dee1d60946c,1,374.6902,1910.145457,0.0,0.0,0.0,766.6375,0.0,500.0,0.0,0,0,1,0,E,E,E,174.783483,-41.316063
cd5166c1-5bee-4330-9b5e-fe4e552988e8,1,0.0,875.694882,24.01011,798.8,0.0,766.6375,0.0,0.0,0.1,1,0,0,0,E,E,D,174.790349,-41.320187
cd5a3bc4-5440-4310-9d8a-5d4f9ca29de2,1,0.0,1445.896149,0.0,0.0,0.0,766.6375,0.0,200.0,0.0,0,0,1,0,E,E,E,174.785832,-41.316706
cd6d08ae-0f85-4ca4-8f40-c4fc1bf4cb2a,1,371.4446,1771.166307,0.0,0.0,0.0,766.6375,0.0,500.0,0.05,0,0,1,0,M,E,E,174.804713,-41.323548
cd73bcb1-9f04-458d-91ca-b08fbecef5b3,1,0.0,1691.932104,0.0,0.0,0.0,766.6375,0.0,0.0,0.05,0,0,0,0,M,E,E,174.794976,-41.312123
cd7d88e0-4b0a-4fc9-8b44-473be94f42c5,1,423.7614,1741.541866,0.0,0.0,0.0,766.6375,0.0,500.0,0.05,0,0,1,0,M,E,E,174.79414,-41.316989
cd7fdbb6-9faf-41ae-909c-15ec722e075a,1,230.4022,1926.099853,0.0,0.0,0.0,766.6375,0.0,2500.0,0.05,0,0,1,0,M,E,E,174.797628,-41.31804
cd871e05-e9a5-4f07-8c42-b8f3d4f770f8,3,438.4132,1851.87205,0.0,0.0,0.0,766.6375,0.0,500.0,0.1,0,0,1,0,M,E,M,174.777446,-41.310915
cd935325-225c-49d5-b700-9886d65126e4,1,177.6144,1651.715286,0.0,0.0,0.0,766.6375,0.0,500.0,0.05,0,0,1,0,M,E,E,174.778403,-41.319192
cd9f1fa2-6ab1-41d1-9ab6-06f964047d78,1,0.0,967.625631,0.0,0.0,0.0,766.6375,0.0,0.0,0.05,0,0,0,0,E,E,M,174.786727,-41.314405
cdbbde50-fc19-4da1-aef6-bc7c0e7ad1d4,1,317.1591,1707.52915,0.0,0.0,0.0,766.6375,0.0,1500.0,0.0,0,0,1,0,E,E,E,174.784212,-41.314778
cdcdc10b-053d-403f-8ddb-8a7a0a7b310e,1,218.6612,1777.882982,0.0,0.0,0.0,766.6375,0.0,500.0,0.0,0,0,1,0,E,E,E,174.777641,-41.319116
cdd3003c-11ce-4226-a150-bb1b7cd0b3c7,1,432.843,1889.971092,0.0,0.0,0.0,766.6375,0.0,500.0,0.0,0,0,1,0,E,E,E,174.795997,-41.324061
cdd8fcdc-636b-463a-91c4-139c744d7ccd,1,330.9387,1689.273051,0.0,0.0,0.0,766.6375,0.0,1500.0,0.0,0,0,1,0,E,E,E,174.77904,-41.313005
cddcfada-abbd-460f-8084-abf26331c044,1,0.0,1815.9331,0.0,0.0,0.0,766.6375,0.0,200.0,0.0,0,0,1,0,E,E,E,174.801812,-41.319903
cde3f43d-bc1a-4627-a9be-4332cc28cbfb,1,276.6232,2044.322039,0.0,0.0,0.0,766.6375,0.0,500.0,0.0,0,0,1,0,E,E,E,174.776322,-41.314415
cdea625d-8a86-4914-9fc3-1cc9d7f2ece3,1,0.0,1019.479091,0.0,0.0,0.0,766.6375,0.0,0.0,0.0,0,0,0,0,E,E,E,174.792116,-41.317775
cdee0e44-31e6-4a9b-a99e-3fd668c85ea0,1,0.0,1846.491168,0.0,0.0,0.0,766.6375,0.0,200.0,0.0,0,0,1,0,E,E,E,174.79778,-41.324279
cdf00228-fbde-486e-8da0-c8809f356b6a,1,383.803,1908.696009,0.0,0.0,0.0,766.6375,0.0,2500.0,0.0,0,0,1,0,E,E,E,174.8034,-41.32246
ce0d25c1-2632-42a7-8b16-b0b43cefc13f,1,402.8303,1926.631192,0.0,0.0,0.0,766.6375,0.0,500.0,0.0,0,0,1,0,E,E,E,174.796973,-41.324289
ce1655e4-490a-4109-a348-d7f25324c08a,1,0.0,1676.392711,0.0,0.0,0.0,766.6375,0.0,200.0,0.0,0,0,1,0,E,E,E,174.783066,-41.319132
ce2f5a2c-212e-49e3-856f-1711fc4eb579,1,263.7248,1833.63712,0.0,0.0,0.0,766.6375,0.0,4000.0,0.0,0,0,1,0,E,E,E,174.805071,-41.322363
ce438642-b8db-48f8-9dcc-d5a907f054c0,1,0.0,979.361255,16.898809,744.69,0.0,766.6375,0.0,0.0,0.05,1,0,0,0,E,E,M,174.79459,-41.310669
ce62c057-e9d1-4d93-9cb5-da1046812297,1,212.1831,1793.094128,0.0,0.0,0.0,766.6375,0.0,500.0,0.05,0,0,1,0,M,E,E,174.780389,-41.313005
ce6722f9-dce3-4f73-81a7-7462b71edb1b,1,0.0,1571.226534,0.0,0.0,0.0,766.6375,0.0,0.0,0.05,0,0,0,0,M,E,E,174.775589,-41.32194
ce6ad46a-05a0-4d23-8402-42d61e7af45c,1,222.2215,1870.958396,0.0,0.0,0.0,766.6375,0.0,500.0,0.0,0,0,1,0,E,E,E,174.772303,-41.322621
ce6c7a81-dbe5-4a44-b282-7db6c53524e8,1,0.0,1559.893253,0.0,0.0,0.0,766.6375,0.0,0.0,0.05,0,0,0,0,M,E,E,174.775193,-41.310494
ce73f22e-1b0e-4e28-9c14-cc4303b6c126,1,292.8428,1185.293347,14.973568,798.8,0.0,766.6375,0.0,1500.0,0.05,1,0,1,0,E,E,M,174.77623,-41.320525
ce840ab2-1474-4347-aec2-2cd01ca41c81,1,0.0,1048.165423,0.0,0.0,0.0,766.6375,0.0,0.0,0.05,0,0,0,0,E,E,M,174.804595,-41.321225
ce84659d-27cd-4bff-ba01-d3d065dfb4bf,3,220.5955,1729.390103,0.0,0.0,0.0,766.6375,0.0,500.0,0.0,0,0,1,0,E,E,E,174.782205,-41.318872
ce878feb-c4bd-4647-b66b-45b2042ff95f,1,0.0,1037.336614,0.0,0.0,0.0,766.6375,0.0,0.0,0.0,0,0,0,0,E,E,E,174.785625,-41.316158
ce9d89bb-7903-4c62-819e-9bdf903f143e,1,0.0,995.280613,0.0,0.0,0.0,766.6375,0.0,0.0,0.05,0,0,0,0,E,E,M,174.775816,-41.311408
ceaef37b-a888-4bc5-be5e-7e8bdf82e483,1,0.0,1566.926515,0.0,0.0,0.0,766.6375,0.0,0.0,0.0,0,0,0,0,E,E,E,174.786647,-41.309801
ceb623e3-b28a-45c8-a321-2acee71099e7,1,0.0,1791.488168,0.0,0.0,0.0,766.6375,0.0,0.0,0.0,0,0,0,0,E,E,E,174.805095,-41.32221
cece9ddd-9c89-42f4-acba-8b40fc964953,1,199.6586,1912.301235,0.0,0.0,0.0,766.6375,0.0,500.0,0.0,0,0,1,0,E,E,E,174.795659,-41.324961
cee831ef-f3e0-4ab7-b4aa-11a3684df9a6,1,270.2715,1829.671072,0.0,0.0,0.0,766.6375,0.0,4000.0,0.0,0,0,1,0,E,E,E,174.786117,-41.312265
cefed75f-89ba-4933-9a0b-ff71f5517f52,1,302.3249,1824.002298,0.0,0.0,0.0,766.6375,0.0,500.0,0.0,0,0,1,0,E,E,E,174.772304,-41.322433
cf0cd358-26b3-4ee9-9622-2b8d4bbe5047,4,0.0,1689.721978,0.0,0.0,0.0,766.6375,0.0,0.0,0.0,0,0,0,0,E,E,E,174.803041,-41.322094
cf28e206-8e77-402e-b1c1-311df19422e6,1,0.0,1640.755769,0.0,0.0,0.0,766.6375,0.0,0.0,0.0,0,0,0,0,E,E,E,174.775456,-41.321079
cf438dc3-3101-4e9f-8cc2-7b560672deb4,1,0.0,1730.794769,0.0,0.0,0.0,766.6375,0.0,200.0,0.05,0,0,1,0,M,E,E,174.785237,-41.313243
cf5657e7-dceb-4b1c-a8d6-995c988ca5ee,2,251.9584,1781.435112,0.0,0.0,0.0,766.6375,0.0,500.0,0.0,0,0,1,0,E,E,E,174.794663,-41.31805
cf81b166-60b9-4887-8327-4502560c6935,1,0.0,1022.064923,0.0,0.0,0.0,766.6375,0.0,0.0,0.0,0,0,0,0,E,E,E,174.774651,-41.318842
cf81faa9-7602-45bd-9cba-cd92ec316869,1,0.0,982.573159,0.0,0.0,0.0,766.6375,0.0,0.0,0.05,0,0,0,0,E,E,M,174.804582,-41.321427
cf9e4613-fae7-4cff-b826-3cd835ad5622,1,268.9114,1901.821089,0.0,0.0,0.0,766.6375,0.0,500.0,0.0,0,0,1,0,E,E,E,174.796123,-41.323439
cfa263f1-34c3-4198-9c5a-5b9b89003808,1,0.0,879.731604,24.893357,1224.08,0.0,766.6375,0.0,0.0,0.05,1,0,0,0,E,E,M,174.77455,-41.318504
cfa65013-dcab-4c38-bbdc-0f7e35715f9e,1,0.0,1706.696123,0.0,0.0,0.0,766.6375,0.0,0.0,0.05,0,0,0,0,M,E,E,174.793109,-41.315503
cfa8d5e4-d4e2-4081-bce8-dfa72a263dff,1,0.0,1857.346209,0.0,0.0,0.0,766.6375,0.0,200.0,0.0,0,0,1,0,E,E,E,174.799604,-41.319641
cfb44b7b-a232-4c0f-a01e-3cafbab83f96,7,1818.8765,1579.82879,0.0,0.0,0.0,766.6375,0.0,4000.0,0.0,0,0,1,0,E,E,E,174.776561,-41.31936
cfc67e17-888f-4808-9f41-170dccbe75df,1,0.0,1233.79129,0.0,0.0,0.0,766.6375,0.0,0.0,0.05,0,0,0,0,M,E,E,174.803672,-41.319755
cfcaa966-d49a-4a97-8a81-59b3c660d701,1,0.0,1065.663094,0.0,0.0,0.0,766.6375,0.0,200.0,0.0,0,0,1,0,E,E,E,174.772966,-41.320386
cfd16d3a-2c68-4251-a106-d1453d1efb5c,1,411.3251,1924.994881,0.0,0.0,0.0,766.6375,0.0,1500.0,0.0,0,0,1,0,E,E,E,174.796784,-41.317129
cfd1f753-537e-41c7-8d3e-aebc434cd15a,1,0.0,1718.865742,0.0,0.0,0.0,766.6375,0.0,200.0,0.0,0,0,1,0,E,E,E,174.784958,-41.312338
cfdc6b8b-192f-41c4-a0b5-b9afbfdd577c,1,0.0,1353.35625,0.0,0.0,0.0,766.6375,0.0,0.0,0.05,0,0,0,0,E,E,M,174.776217,-41.320946
cff5428d-4afb-4f96-a369-43fbd91d9c0e,1,0.0,933.838567,0.0,0.0,0.0,766.6375,0.0,0.0,0.05,0,0,0,0,E,E,M,174.804719,-41.319688
d0115628-a529-4dd1-801d-3b935edd4a45,1,247.0848,1717.142834,0.0,0.0,0.0,766.6375,0.0,500.0,0.0,0,0,1,0,E,E,E,174.777288,-41.318981
d0272076-6a8e-4c84-a6f5-35ad9d256dea,1,266.2457,2247.118154,0.0,0.0,0.0,766.6375,0.0,1500.0,0.0,0,0,1,0,E,E,E,174.779699,-41.31868
d031d3cf-fc55-4c0b-a8f8-fee8fc4b718f,1,0.0,1577.088397,0.0,0.0,0.0,766.6375,0.0,200.0,0.05,0,0,1,0,M,E,E,174.79232,-41.314846
d0462044-8f40-4ff8-848b-2d270b604e28,1,0.0,878.262287,30.861686,744.69,0.0,766.6375,0.0,0.0,0.15,1,0,0,0,M,E,D,174.79078,-41.317773
d06d2116-b082-4255-a0cb-2937c33b6d8e,1,0.0,1035.531504,0.0,0.0,0.0,766.6375,0.0,0.0,0.1,0,0,0,0,M,E,M,174.77712,-41.31481
d077de54-e2c3-4878-951d-9ada00871868,1,0.0,1601.178331,0.0,0.0,0.0,766.6375,0.0,0.0,0.05,0,0,0,0,M,E,E,174.775461,-41.3215
d08e068e-6704-4968-b28e-c875d4c2eb3c,3,866.5754,1698.728369,11.03912,643.19,0.0,766.6375,0.0,500.0,0.05,1,0,1,0,M,E,E,174.782592,-41.316107
d08ef366-63cd-4023-99dd-e5c2c18498f6,1,169.1751,1800.359268,0.0,0.0,0.0,766.6375,0.0,1500.0,0.0,0,0,1,0,E,E,E,174.772374,-41.321067
d0931d92-4c60-4778-ba0e-9f18fc1f7b66,1,0.0,1803.429265,0.0,0.0,0.0,766.6375,0.0,0.0,0.05,0,0,0,0,M,E,E,174.805071,-41.321781
d0aa52d0-fa2b-4417-9a13-ce951e78ef7d,1,0.0,1036.564651,0.0,0.0,0.0,766.6375,0.0,0.0,0.1,0,0,0,0,D,E,E,174.774877,-41.310951
d0b240ec-6332-4c40-996f-141235e884e7,1,278.8505,1910.788613,0.0,0.0,0.0,766.6375,0.0,500.0,0.0,0,0,1,0,E,E,E,174.802412,-41.322638
d0b3b85b-d203-4a84-8d3e-04e396259b68,1,287.9228,2088.968259,0.0,0.0,0.0,766.6375,0.0,1500.0,0.0,0,0,1,0,E,E,E,174.77819,-41.323633
d0c7740c-b53f-4558-8b0a-35be0ec1eff9,1,283.9893,1792.75495,0.0,0.0,0.0,766.6375,0.0,500.0,0.05,0,0,1,0,M,E,E,174.784564,-41.312535
d0cb3d0a-42c0-47c7-8fb4-9cb67947476e,1,200.9369,1595.972031,0.0,0.0,0.0,766.6375,0.0,1500.0,0.0,0,0,1,0,E,E,E,174.782015,-41.317193
d0e1ea12-d93a-47a0-a3e7-a5ba9f51593c,1,172.6863,1657.974633,0.0,0.0,0.0,766.6375,0.0,1500.0,0.0,0,0,1,0,E,E,E,174.783011,-41.318716
d0e7e475-ab08-467a-ada1-8b2a7f8a40fa,1,0.0,1931.131302,0.0,0.0,0.0,766.6375,0.0,200.0,0.0,0,0,1,0,E,E,E,174.799207,-41.324167
d1234dc8-32d7-46ee-aff7-25fe97dfffb6,1,0.0,1778.121047,0.0,0.0,0.0,766.6375,0.0,200.0,0.05,0,0,1,0,M,E,E,174.794911,-41.322623
d14b5935-68e2-46bb-be9d-0e2ddd800699,2,189.0284,1715.041463,0.0,0.0,0.0,766.6375,0.0,500.0,0.0,0,0,1,0,E,E,E,174.782515,-41.318799
d15b5d0e-8b90-4784-b886-0b25089b0fab,1,519.5316,1816.691024,0.0,0.0,0.0,766.6375,0.0,2500.0,0.05,0,0,1,0,E,E,M,174.773536,-41.322409
d160ba09-5912-444c-a909-aef9cc948efa,1,0.0,1870.06616,0.0,0.0,0.0,766.6375,0.0,200.0,0.0,0,0,1,0,E,E,E,174.800046,-41.320123
d1753720-5319-42b4-b8f9-fc2881cbd16b,1,0.0,1739.141368,0.0,0.0,0.0,766.6375,0.0,0.0,0.0,0,0,0,0,E,E,E,174.802508,-41.321997
d189cb14-932c-4aaa-a32d-5dedaf3a1647,3,0.0,1511.668194,0.0,0.0,0.0,766.6375,0.0,0.0,0.0,0,0,0,0,E,E,E,174.792452,-41.315369
d1b04428-cd08-411d-9ad5-620630559d6c,1,0.0,1830.188472,0.0,0.0,0.0,766.6375,0.0,200.0,0.0,0,0,1,0,E,E,E,174.776205,-41.31479
d1c6065e-c2b7-4cfb-9e5b-3150a9ee4e3d,1,0.0,805.315588,0.0,0.0,0.0,766.6375,0.0,0.0,0.15,0,0,0,0,M,E,D,174.793404,-41.320561
d1d0f88b-36d2-451a-9967-a2d6f7233452,1,0.0,1691.030189,0.0,0.0,0.0,766.6375,0.0,200.0,0.0,0,0,1,0,E,E,E,174.783965,-41.31577
d216f38f-a794-44ff-9d1d-452891cce8f7,1,0.0,1578.832881,0.0,0.0,0.0,766.6375,0.0,200.0,0.0,0,0,1,0,E,E,E,174.778625,-41.320181
d21ba5bd-a828-4263-8d57-ddb8e1aee43a,1,0.0,1635.157107,0.0,0.0,0.0,766.6375,0.0,0.0,0.0,0,0,0,0,E,E,E,174.786089,-41.314186
d229f7eb-5784-409e-adb0-cc96f937ed15,1,143.0971,1682.75173,0.0,0.0,0.0,766.6375,0.0,500.0,0.0,0,0,1,0,E,E,E,174.782566,-41.315441
d22c6099-2272-4bab-aa7d-54795a96eb8c,1,259.9557,1840.034078,0.0,0.0,0.0,766.6375,0.0,500.0,0.0,0,0,1,0,E,E,E,174.782376,-41.312492
d2399364-9a17-4ecf-a995-8d43d62e96db,1,0.0,987.773459,0.0,0.0,0.0,766.6375,0.0,0.0,0.05,0,0,0,0,E,E,M,174.792878,-41.316816
d2472a53-8def-4138-b0f2-a9d34602a216,2,0.0,1636.142811,0.0,0.0,0.0,766.6375,0.0,0.0,0.0,0,0,0,0,E,E,E,174.782182,-41.316337
d26ae7d7-f936-4431-bc41-596bf8af13e6,2,564.0119,1702.979968,0.0,0.0,0.0,766.6375,0.0,1500.0,0.0,0,0,1,0,E,E,E,174.778908,-41.313463
d2790318-6ee0-40c3-93d1-c3ef01596bab,5,0.0,1040.951028,0.0,0.0,0.0,766.6375,0.0,0.0,0.05,0,0,0,0,E,E,M,174.776753,-41.311932
d27bf8f4-222c-42bc-b927-236202afda50,1,0.0,1588.203834,0.0,0.0,0.0,766.6375,0.0,0.0,0.05,0,0,0,0,E,E,M,174.773197,-41.321557
d28358e8-502c-4591-adf2-123402a73f98,2,0.0,1096.240267,0.0,0.0,0.0,766.6375,0.0,0.0,0.1,0,0,0,0,M,E,M,174.775919,-41.31105
d28c05dd-ab0e-4e3a-9360-3023f607e4a9,1,0.0,921.385211,0.0,0.0,0.0,766.6375,0.0,0.0,0.1,0,0,0,0,M,E,M,174.786285,-41.318015
d295fb0b-2516-4bc5-a0d8-03414f526a8d,1,442.9406,1943.08373,0.0,0.0,17.27417,766.6375,28.392531,1500.0,0.1,0,1,1,0,M,M,E,174.79774,-41.321957
d29b6571-59e9-45f5-b678-20b0a3e0c374,1,0.0,1497.839463,0.0,0.0,0.0,766.6375,0.0,200.0,0.05,0,0,1,0,E,E,M,174.77818,-41.318614
d2a1928b-ed2d-4d08-a262-a4dcb180e8e5,1,0.0,1613.047006,0.0,0.0,0.0,766.6375,0.0,0.0,0.05,0,0,0,0,M,E,E,174.779761,-41.321458
d2b38109-2c99-46c3-8596-49e4f1011870,1,400.5165,1990.030457,0.0,0.0,0.0,766.6375,0.0,1500.0,0.05,0,0,1,0,M,E,E,174.779238,-41.319906
d2ba2b3f-7f8f-48df-9229-68c73fddb83b,2,0.0,1067.302648,0.0,0.0,0.0,766.6375,0.0,0.0,0.0,0,0,0,0,E,E,E,174.785675,-41.314623
d2bae962-8545-4430-aeea-09ad8e9ca56f,4,0.0,1461.282772,0.0,0.0,0.0,766.6375,0.0,0.0,0.05,0,0,0,0,M,E,E,174.784972,-41.315782
d2bf714f-6850-42ed-ba4a-9388d1a0cec8,1,0.0,1789.505287,0.0,0.0,0.0,766.6375,0.0,0.0,0.0,0,0,0,0,E,E,E,174.781541,-41.316753
d2c4f357-b825-48ca-bc33-d2b7f0d9503e,1,0.0,1160.313253,0.0,0.0,0.0,766.6375,0.0,0.0,0.05,0,0,0,0,M,E,E,174.792537,-41.317137
d2cb017d-dc42-4815-86ae-c9b1744e2b96,1,0.0,1661.094342,0.0,0.0,0.0,766.6375,0.0,200.0,0.0,0,0,1,0,E,E,E,174.784312,-41.310972
d2d74bc2-c93e-4960-8e29-d15054e5755a,1,192.6679,1700.379763,0.0,0.0,0.0,766.6375,0.0,500.0,0.0,0,0,1,0,E,E,E,174.775601,-41.31012
d2d7da50-3d6e-43d2-8188-6f32305686af,1,0.0,1128.350622,0.0,0.0,0.0,766.6375,0.0,0.0,0.0,0,0,0,0,E,E,E,174.787168,-41.322202
d2e7fc96-5f0d-445e-9254-3f2ce763da2d,1,341.2017,1639.994238,16.162689,879.87,0.0,766.6375,0.0,500.0,0.0,1,0,1,0,E,E,E,174.783445,-41.315938
d2f6729e-5e70-4482-8d6a-7b71729763f2,1,0.0,1637.659939,0.0,0.0,0.0,766.6375,0.0,0.0,0.0,0,0,0,0,E,E,E,174.785083,-41.314112
d302354f-d8f9-4d85-ac34-a3f9cc6e562f,1,0.0,1103.983191,0.0,0.0,0.0,766.6375,0.0,0.0,0.1,0,0,0,0,M,E,M,174.786739,-41.324351
d334c7ac-a7b8-4866-909d-cd77ccee5581,1,0.0,1813.927494,0.0,0.0,0.0,766.6375,0.0,200.0,0.0,0,0,1,0,E,E,E,174.801789,-41.319972
d336fcf7-e3b8-4f50-90f7-7e5deef1cfd3,1,228.5489,1528.869414,0.0,0.0,0.0,766.6375,0.0,500.0,0.05,0,0,1,0,M,E,E,174.777323,-41.31867
d3639f88-7514-4893-974a-8b1815ce9316,1,333.9936,1805.35518,0.0,0.0,0.0,766.6375,0.0,500.0,0.05,0,0,1,0,M,E,E,174.782342,-41.314197
d36b4abf-dd57-44ba-8714-eb1ea852a796,1,0.0,1914.450558,0.0,0.0,0.0,766.6375,0.0,200.0,0.0,0,0,1,0,E,E,E,174.797251,-41.324425
d37072b4-c7da-4a3c-b424-36b8f941877d,1,0.0,1666.618321,0.0,0.0,0.0,766.6375,0.0,0.0,0.05,0,0,0,0,M,E,E,174.774725,-41.324643
d37670d0-c2de-4a7f-979e-68169bbd19f9,1,0.0,1087.279361,0.0,0.0,0.0,766.6375,0.0,0.0,0.15,0,0,0,0,D,E,M,174.795753,-41.311001
d3b33fe2-cc2e-4107-8f6c-f9907710de25,1,0.0,1010.240164,29.563652,1224.08,0.0,766.6375,0.0,0.0,0.05,1,0,0,0,E,E,M,174.79481,-41.311679
d3b78e81-f437-4db8-b03a-064de7f3ad6a,1,243.1447,1924.379731,0.0,0.0,0.0,766.6375,0.0,500.0,0.0,0,0,1,0,E,E,E,174.795682,-41.324887
d3b81715-396d-4026-8cf1-0c071b43e8be,1,416.8955,1894.596181,0.0,0.0,0.0,766.6375,0.0,500.0,0.0,0,0,1,0,E,E,E,174.798619,-41.319594
d3be104f-26bf-4bb0-a12d-e631ab1437aa,1,367.7324,2219.734236,0.0,0.0,0.0,766.6375,0.0,1500.0,0.05,0,0,1,0,M,E,E,174.779259,-41.319108
d3c00058-9e2a-4e27-b93a-f8814cf41adb,1,413.3223,1732.449754,0.0,0.0,0.0,766.6375,0.0,500.0,0.05,0,0,1,0,M,E,E,174.782565,-41.314896
d3c18b10-5a24-4492-9907-a13e07112568,1,0.0,824.248873,0.0,0.0,0.0,766.6375,0.0,0.0,0.2,0,0,0,0,D,E,D,174.774488,-41.3122
d3c71ebe-97d3-4bf1-b90d-11a0b0707082,2,0.0,2058.373938,0.0,0.0,0.0,766.6375,0.0,0.0,0.05,0,0,0,0,M,E,E,174.776765,-41.314701
d3cdd6f0-d747-4f1e-b09c-d639f4531e79,1,213.4383,1647.545791,0.0,0.0,0.0,766.6375,0.0,500.0,0.0,0,0,1,0,E,E,E,174.775444,-41.314569
d3d9386f-e720-452d-820d-3c457589629c,4,622.0997,1921.264395,0.0,0.0,0.0,766.6375,0.0,1500.0,0.0,0,0,1,0,E,E,E,174.796373,-41.316688
d3db93c2-039e-4262-aa84-3de6485eef7e,1,0.0,918.522226,24.921313,744.69,0.0,766.6375,0.0,0.0,0.05,1,0,0,0,E,E,M,174.776084,-41.312405
d3e22422-a2f3-4574-a0e1-607a2fa95906,1,0.0,933.176385,0.0,0.0,0.0,766.6375,0.0,0.0,0.15,0,0,0,0,M,E,D,174.803328,-41.320844
d3e82965-b0f8-444f-9972-203d5e59b87e,1,0.0,1426.048568,9.994011,643.19,0.0,766.6375,0.0,0.0,0.05,1,0,0,0,E,E,M,174.784894,-41.316544
d3ef0b0f-000e-418e-a599-3e2e26eaeaa5,2,289.9739,1417.255458,0.0,0.0,0.0,766.6375,0.0,500.0,0.05,0,0,1,0,E,E,M,174.779264,-41.314166
d3f72f4c-76b1-4c21-a1b7-bc107ab8778b,1,0.0,1709.047425,0.0,0.0,0.0,766.6375,0.0,0.0,0.0,0,0,0,0,E,E,E,174.784966,-41.313707
d3fc252e-fd03-4c75-a97f-b3da5b1f3f5a,1,380.839,1856.711059,0.0,0.0,0.0,766.6375,0.0,500.0,0.05,0,0,1,0,M,E,E,174.798432,-41.322986
d4222012-4087-4ea7-9a0d-81eacbfce6bf,1,0.0,1810.391505,0.0,0.0,0.0,766.6375,0.0,200.0,0.0,0,0,1,0,E,E,E,174.801859,-41.319764
d44ccf66-49a0-4c69-832a-945ba15b54ff,1,0.0,868.026794,0.0,0.0,0.0,766.6375,0.0,0.0,0.1,0,0,0,0,E,E,D,174.78756,-41.321436
d453cfad-3202-48b9-8d73-1c60a36a0672,2,0.0,910.321174,0.0,0.0,0.0,766.6375,0.0,0.0,0.1,0,0,0,0,E,E,D,174.790498,-41.325002
d457b420-9d7c-4aa8-a7d8-6ced5496cf76,2,0.0,1055.112633,0.0,0.0,0.0,766.6375,0.0,0.0,0.15,0,0,0,0,M,E,D,174.787953,-41.324228
d4587829-43c5-4b52-926f-6ff1f98da95d,1,971.815,1769.522509,0.0,0.0,0.0,766.6375,0.0,500.0,0.0,0,0,1,0,E,E,E,174.794765,-41.31767
d45aaddc-f72e-48b0-961b-3598f6a7ccc5,1,308.6089,1809.14139,0.0,0.0,0.0,766.6375,0.0,4000.0,0.05,0,0,1,0,M,E,E,174.801644,-41.320499
d46d5f5e-1f72-437e-9dfb-00dce4dc9960,1,0.0,1022.980793,0.0,0.0,0.0,766.6375,0.0,0.0,0.05,0,0,0,0,E,E,M,174.802941,-41.321773
d47007dd-aed9-40bb-bd4e-6c957b569e85,1,0.0,1606.935656,0.0,0.0,0.0,766.6375,0.0,0.0,0.0,0,0,0,0,E,E,E,174.777859,-41.31052
d471b769-cc71-490f-b589-6d4e35bc21a3,1,0.0,1083.899405,0.0,0.0,0.0,766.6375,0.0,0.0,0.0,0,0,0,0,E,E,E,174.786153,-41.314339
d4bf800b-6043-4f9b-8428-c386eefb2734,1,378.2612,1711.607809,7.293352,1224.08,0.0,766.6375,0.0,1500.0,0.0,1,0,1,0,E,E,E,174.805079,-41.319468
d4df7b60-6e69-47fe-96cf-d76c80a2919b,1,0.0,820.913853,0.0,0.0,0.0,766.6375,0.0,0.0,0.15,0,0,0,0,M,E,D,174.790472,-41.317516
d4ecbff4-1e8d-47c8-9e66-c82bfb815443,27,0.0,2319.004953,0.0,0.0,0.0,766.6375,0.0,0.0,0.1,0,0,0,0,D,E,E,174.783515,-41.31785
d4f3bba4-ab7a-47ec-a9f0-1dbe600c6643,1,290.7691,1672.252205,14.920459,1224.08,0.0,766.6375,0.0,500.0,0.0,1,0,1,0,E,E,E,174.777167,-41.318991
d4f5f1e0-b32d-4b86-996b-369d071552c6,1,0.0,1689.448566,0.0,0.0,0.0,766.6375,0.0,0.0,0.0,0,0,0,0,E,E,E,174.783709,-41.309667
d4f81441-d283-45cd-b1ce-dd778b380e36,1,376.5186,1916.197887,0.0,0.0,0.0,766.6375,0.0,1500.0,0.05,0,0,1,0,M,E,E,174.798383,-41.321443
d4fa8930-11ce-4714-be89-5a2201aeb9f3,1,0.0,852.838463,0.0,0.0,0.0,766.6375,0.0,0.0,0.1,0,0,0,0,E,E,D,174.787003,-41.324007
d512d95f-c4e2-496d-92d0-453dc3ec7b03,1,246.4912,1893.972156,0.0,0.0,0.0,766.6375,0.0,1500.0,0.0,0,0,1,0,E,E,E,174.798735,-41.320981
d52f4c37-23bc-4d68-9f17-c8c4797bb2b3,1,0.0,1522.388161,0.0,0.0,0.0,766.6375,0.0,0.0,0.05,0,0,0,0,M,E,E,174.772861,-41.323164
d53003b4-bfa9-4889-9cf3-85a82eba6abb,1,0.0,962.294955,0.0,0.0,0.0,766.6375,0.0,0.0,0.05,0,0,0,0,E,E,M,174.787561,-41.321817
d531ed00-50da-421b-8601-af4f2db28c45,3,352.9826,1790.763405,0.0,0.0,0.0,766.6375,0.0,500.0,0.0,0,0,1,0,E,E,E,174.778146,-41.319877
d533c59a-e2af-4d04-850b-43a4862b704d,1,0.0,1768.626626,0.0,0.0,0.0,766.6375,0.0,200.0,0.0,0,0,1,0,E,E,E,174.795708,-41.322222
d533c799-4e39-4956-b998-321a67869d37,4,212.9543,2293.703257,0.0,0.0,0.0,766.6375,0.0,1500.0,0.05,0,0,1,0,M,E,E,174.780158,-41.320464
d53512a5-7e11-4398-90e3-4296e0839e00,1,0.0,1879.232238,0.0,0.0,0.0,766.6375,0.0,0.0,0.0,0,0,0,0,E,E,E,174.803426,-41.31872
d53ccf52-9c82-40d1-bf29-9b776fcd305d,1,0.0,1760.810197,0.0,0.0,0.0,766.6375,0.0,0.0,0.0,0,0,0,0,E,E,E,174.775217,-41.315228
d55eca1c-89b7-44c3-bc79-e553ae1dae57,1,0.0,1002.8561,0.0,0.0,0.0,766.6375,0.0,0.0,0.05,0,0,0,0,M,E,E,174.791768,-41.323826
d573e7f9-79f4-4b24-809a-26bae314114b,4,0.0,794.658574,0.0,0.0,0.0,766.6375,0.0,0.0,0.15,0,0,0,0,M,E,D,174.79732,-41.309444
d5b9131c-dc67-46a8-8aa7-68021adab703,2,0.0,1594.048553,0.0,0.0,0.0,766.6375,0.0,0.0,0.0,0,0,0,0,E,E,E,174.772302,-41.322801
d5ef0bf8-f31d-4daa-b188-ac9f7ad8fb8c,1,0.0,1586.494635,0.0,0.0,0.0,766.6375,0.0,0.0,0.0,0,0,0,0,E,E,E,174.775046,-41.319745
d5f8e64d-2d90-4110-82a3-6b54e25e777a,1,331.4343,1900.785379,0.0,0.0,0.0,766.6375,0.0,2500.0,0.0,0,0,1,0,E,E,E,174.798994,-41.317771
d601be3e-465f-45d7-ac6b-d5746aadb89b,1,0.0,1094.016275,0.0,0.0,0.0,766.6375,0.0,0.0,0.05,0,0,0,0,M,E,E,174.786436,-41.313514
d6086b8c-05f8-4da4-bda6-b708d82ef0d2,1,246.3829,1620.100378,0.0,0.0,0.0,766.6375,0.0,500.0,0.0,0,0,1,0,E,E,E,174.778253,-41.312167
d60cdd43-f83b-412a-ad07-d608903401e3,1,347.4133,1901.257299,0.0,0.0,0.0,766.6375,0.0,1500.0,0.05,0,0,1,0,M,E,E,174.798515,-41.320963
d60d52b3-cb35-4c61-8d61-46b638c77eac,1,0.0,1914.557265,0.0,0.0,0.0,766.6375,0.0,0.0,0.05,0,0,0,0,E,E,M,174.783621,-41.316466
d60e6be2-ca87-4076-a47a-7865592f92d4,3,400.9006,2107.706612,0.0,0.0,0.0,766.6375,0.0,4000.0,0.05,0,0,1,0,M,E,E,174.778877,-41.322105
d629cceb-be0e-4488-b1c8-e4bbadc6b631,1,0.0,1003.716386,16.776304,744.69,0.0,766.6375,0.0,0.0,0.1,1,0,0,0,M,E,M,174.77544,-41.312494
d62f33b4-dfaf-4cdc-84d0-87acbe2fa917,1,0.0,948.891677,25.82298,798.8,0.0,766.6375,0.0,0.0,0.1,1,0,0,0,E,E,D,174.794153,-41.309857
d64b1e75-0731-424e-b97d-563e2a316d39,1,0.0,1059.521858,0.0,0.0,0.0,766.6375,0.0,0.0,0.05,0,0,0,0,E,E,M,174.78822,-41.32131
d651c8e4-247b-4f7c-b5ac-4eaa6e3dba01,1,0.0,985.669982,0.0,0.0,0.0,766.6375,0.0,0.0,0.0,0,0,0,0,E,E,E,174.786934,-41.322754
d677a178-45a9-4f37-b963-f43ae41a14af,1,339.5245,2260.622255,0.0,0.0,0.0,766.6375,0.0,500.0,0.0,0,0,1,0,E,E,E,174.77806,-41.321295
d682124b-5e51-4140-adff-f50acae2f168,1,0.0,1803.322931,0.0,0.0,0.0,766.6375,0.0,200.0,0.0,0,0,1,0,E,E,E,174.795669,-41.323489
d6b4263c-3f49-4d70-8be1-37b7263a148f,1,0.0,944.027584,0.0,0.0,0.0,766.6375,0.0,0.0,0.05,0,0,0,0,E,E,M,174.790998,-41.313667
d6b6e808-85a9-4b67-8bf5-706db6e7283a,1,0.0,1122.229456,0.0,0.0,0.0,766.6375,0.0,0.0,0.0,0,0,0,0,E,E,E,174.774797,-41.32404
d6ba3ad8-0774-473c-93da-4c9f1425c3bd,1,0.0,946.887198,14.161829,1224.08,0.0,766.6375,0.0,0.0,0.05,1,0,0,0,E,E,M,174.787254,-41.321784
d6bbed3f-9ae4-43d0-a983-9a47bcfafb47,1,147.5122,1696.338966,0.0,0.0,0.0,766.6375,0.0,1500.0,0.0,0,0,1,0,E,E,E,174.779072,-41.312771
d6c24fa0-a081-4d03-ab9d-74c16e8881a5,1,0.0,1086.577522,0.0,0.0,0.0,766.6375,0.0,0.0,0.0,0,0,0,0,E,E,E,174.777027,-41.321756
d6c55cb2-e637-4a44-a422-b535e608a9cb,1,0.0,1564.609514,0.0,0.0,0.0,766.6375,0.0,0.0,0.0,0,0,0,0,E,E,E,174.785346,-41.314998
d6d46c00-352b-46d7-8763-b63f66bd4e0e,1,342.4333,1919.296922,0.0,0.0,0.0,766.6375,0.0,500.0,0.0,0,0,1,0,E,E,E,174.79612,-41.324991
d6e762cb-7b54-48e1-9877-829c0f0236ce,1,0.0,1514.200009,0.0,0.0,0.0,766.6375,0.0,0.0,0.0,0,0,0,0,E,E,E,174.784983,-41.315589
d6e86018-1f44-4dce-b5df-9f7aaf32f1ab,1,275.9052,1675.166037,0.0,0.0,0.0,766.6375,0.0,500.0,0.0,0,0,1,0,E,E,E,174.783994,-41.310695
d6e95d46-fbb2-4d5b-964a-80b5d8dd1cba,1,0.0,1608.673869,0.0,0.0,0.0,766.6375,0.0,0.0,0.0,0,0,0,0,E,E,E,174.785995,-41.309569
d6ecd93f-8dca-4e31-bb9a-78fe3f0cb113,1,0.0,938.55164,0.0,0.0,0.0,766.6375,0.0,0.0,0.05,0,0,0,0,E,E,M,174.775544,-41.318619
d71832e0-8642-44e4-bd3c-49d49981a818,1,0.0,1125.800303,0.0,0.0,0.0,766.6375,0.0,0.0,0.0,0,0,0,0,E,E,E,174.780253,-41.321053
d72b3ccc-b84e-40f7-9c5f-78ed472af942,1,0.0,1815.115574,0.0,0.0,0.0,766.6375,0.0,200.0,0.05,0,0,1,0,M,E,E,174.801168,-41.319925
d73f5d00-1a92-4e35-9e61-c351d07e03ea,2,588.4423,1740.114707,0.0,0.0,0.0,766.6375,0.0,500.0,0.0,0,0,1,0,E,E,E,174.780613,-41.315368
d7416982-98f4-48d9-a4f2-63214c008c20,1,157.2849,1780.818095,0.0,0.0,0.0,766.6375,0.0,500.0,0.0,0,0,1,0,E,E,E,174.784786,-41.3124
d747aae4-38f4-4b78-8c15-bd8a7ddb6438,4,279.4946,1433.767929,0.0,0.0,0.0,766.6375,0.0,1500.0,0.0,0,0,1,0,E,E,E,174.784844,-41.31522
d75064a5-f5e5-4818-a7c1-74e1345cd0e4,1,275.4425,1750.63503,0.0,0.0,0.0,766.6375,0.0,500.0,0.05,0,0,1,0,M,E,E,174.784592,-41.312626
d757e9f1-eeb5-4c44-8f1e-2bc07e31f6a1,1,0.0,1867.288596,0.0,0.0,0.0,766.6375,0.0,200.0,0.05,0,0,1,0,M,E,E,174.800027,-41.319108
d75845f0-d82a-46a4-903d-eeff3b3bb2bf,1,432.8759,1635.286797,0.0,0.0,0.0,766.6375,0.0,4000.0,0.0,0,0,1,0,E,E,E,174.779518,-41.323602
d767a47e-8ddb-4937-aafd-866a4000dc1f,2,313.8291,1326.521875,6.643208,1224.08,0.0,766.6375,0.0,4000.0,0.05,1,0,1,0,E,E,M,174.778137,-41.314238
d7791c4f-936d-4f45-8dbf-e971967180ed,2,0.0,1792.865334,0.0,0.0,0.0,766.6375,0.0,0.0,0.15,0,0,0,0,M,E,D,174.78304,-41.317349
d7888500-fa48-4297-a5c6-757c055b1726,1,0.0,1394.300172,0.0,0.0,0.0,766.6375,0.0,0.0,0.05,0,0,0,0,E,E,M,174.776921,-41.311466
d797ced7-9381-436c-8775-84b0018e29b1,1,0.0,867.401602,0.0,0.0,0.0,766.6375,0.0,0.0,0.1,0,0,0,0,E,E,D,174.776938,-41.315244
d7af6558-ea59-461c-9385-64b752db6984,1,0.0,1038.690006,15.63563,1224.08,0.0,766.6375,0.0,0.0,0.0,1,0,0,0,E,E,E,174.786729,-41.311406
d7c11dbf-18ca-4cf4-9210-d43ef835c1ae,1,246.793,1631.061489,0.0,0.0,0.0,766.6375,0.0,500.0,0.0,0,0,1,0,E,E,E,174.778142,-41.312129
d7c18b15-75f5-40b5-9b0c-c9be4d466883,1,0.0,858.19225,0.0,0.0,0.0,766.6375,0.0,0.0,0.15,0,0,0,0,M,E,D,174.803505,-41.320514
d7c8bdbd-da96-40f3-bf98-2efea6a0b14f,1,0.0,1896.616463,0.0,0.0,0.0,766.6375,0.0,200.0,0.0,0,0,1,0,E,E,E,174.796714,-41.322921
d7cb2281-7b5a-4b4f-8b79-0b2f97f30ab1,1,0.0,1814.598897,0.0,0.0,0.0,766.6375,0.0,200.0,0.0,0,0,1,0,E,E,E,174.794735,-41.323486
d7d84df3-95f0-437c-801e-8fe76e69b9b3,1,187.3493,1754.131999,0.0,0.0,0.0,766.6375,0.0,500.0,0.0,0,0,1,0,E,E,E,174.784296,-41.310268
d7f00414-c5ac-447e-9c17-0adb24a7fe13,1,0.0,1596.706432,0.0,0.0,0.0,766.6375,0.0,0.0,0.0,0,0,0,0,E,E,E,174.782538,-41.317125
d7f107d4-451e-4408-8ee5-05f66103d4f4,2,0.0,1593.733213,0.0,0.0,0.0,766.6375,0.0,0.0,0.0,0,0,0,0,E,E,E,174.780334,-41.31726
d803bb84-6545-48ae-bada-c149f3f09f86,2,0.0,1770.86924,0.0,0.0,0.0,766.6375,0.0,200.0,0.05,0,0,1,0,M,E,E,174.78402,-41.313237
d81bbb1b-215f-486f-979f-bc13868669e0,1,0.0,890.774996,0.0,0.0,0.0,766.6375,0.0,0.0,0.2,0,0,0,0,D,E,D,174.78867,-41.321669
d833d221-6b36-4c1e-9e51-8bdeeaa8c7d1,2,0.0,1714.174536,0.0,0.0,0.0,766.6375,0.0,0.0,0.0,0,0,0,0,E,E,E,174.778827,-41.311559
d841333e-b954-4ca0-ac1c-6a829128b9e7,1,0.0,1044.231725,0.0,0.0,0.0,766.6375,0.0,0.0,0.05,0,0,0,0,M,E,E,174.793418,-41.321762
d852fa80-930a-411d-bd3b-0715b35c42b0,1,0.0,863.880428,0.0,0.0,0.0,766.6375,0.0,0.0,0.1,0,0,0,0,E,E,D,174.793413,-41.3105
d8541cae-6ad5-4013-a01a-bac4f5f723d7,1,0.0,957.104767,0.0,0.0,0.0,766.6375,0.0,0.0,0.1,0,0,0,0,M,E,M,174.7917,-41.316028
d8c0aaed-e98a-49b1-8d64-77a43daa14b8,1,789.8065,1724.991137,0.0,0.0,0.0,766.6375,0.0,4000.0,0.1,0,0,1,0,D,E,E,174.80622,-41.31938
d8c6e738-1aa9-4ae9-8840-9ce89639b4bd,2,333.284,2107.491808,0.0,0.0,0.0,766.6375,0.0,1500.0,0.05,0,0,1,0,M,E,E,174.780187,-41.319896
d8d01bec-7b8b-4a50-bdf9-ef481ae80eb0,1,0.0,1242.655471,0.0,0.0,0.0,766.6375,0.0,0.0,0.0,0,0,0,0,E,E,E,174.794574,-41.311213
d8d754b7-8ee0-4969-bb6c-fdbecc1b4a64,1,210.7819,1519.706685,0.0,0.0,0.0,766.6375,0.0,500.0,0.0,0,0,1,0,E,E,E,174.790975,-41.311691
d8e327c2-dbb9-4f0c-bb59-2ac364faedc3,1,0.0,1770.57481,0.0,0.0,0.0,766.6375,0.0,200.0,0.0,0,0,1,0,E,E,E,174.784235,-41.313178
d8e6a930-8ad4-401b-b5c3-2a8113593269,3,349.8016,1804.981695,0.0,0.0,0.0,766.6375,0.0,500.0,0.0,0,0,1,0,E,E,E,174.780785,-41.313001
d8f0cdf2-512d-4882-b74a-39f11a47144b,1,0.0,1039.037908,14.932928,643.19,0.0,766.6375,0.0,0.0,0.05,1,0,0,0,E,E,M,174.786851,-41.311378
d8f2f3a2-f80a-4c98-b779-41b476205986,1,0.0,1410.545465,0.0,0.0,0.0,766.6375,0.0,200.0,0.0,0,0,1,0,E,E,E,174.792634,-41.323935
d90cdf44-851e-40fd-a57f-5379bbdd8dc6,1,276.8362,1797.001816,0.0,0.0,0.0,766.6375,0.0,1500.0,0.0,0,0,1,0,E,E,E,174.780333,-41.312604
d916ecd0-32ed-4f81-9b66-0d5c839904e0,1,0.0,1603.669374,0.0,0.0,0.0,766.6375,0.0,0.0,0.05,0,0,0,0,M,E,E,174.773041,-41.32338
d91911cd-9ec3-41f8-8691-7445e2ecde6d,1,0.0,1875.369085,0.0,0.0,0.0,766.6375,0.0,200.0,0.0,0,0,1,0,E,E,E,174.795155,-41.323595
d938cb7b-bba0-4924-bc52-831b18770ee0,1,347.6603,1629.792487,16.314946,798.8,0.0,766.6375,0.0,500.0,0.0,1,0,1,0,E,E,E,174.78339,-41.315726
d95bdcc2-7194-41b7-a061-662cfb47c197,1,150.6969,1726.098752,0.0,0.0,0.0,766.6375,0.0,1500.0,0.05,0,0,1,0,M,E,E,174.779066,-41.313103
d962a3df-e5dc-419c-a4bd-6461176ab094,44,3281.4694,1625.580506,0.0,0.0,0.0,766.6375,0.0,500.0,0.15,0,0,1,0,M,E,D,174.782952,-41.310827
d9648a17-e04e-497e-8bfc-b904c949fc76,1,259.1099,1713.410456,0.0,0.0,0.0,766.6375,0.0,500.0,0.0,0,0,1,0,E,E,E,174.794262,-41.321024
d978c5cc-19d5-4c1e-b097-efb4229f9f92,2,0.0,1778.214774,0.0,0.0,0.0,766.6375,0.0,200.0,0.05,0,0,1,0,M,E,E,174.79484,-41.320423
d9a40328-6909-4562-bba7-8b55b20b8144,3,0.0,1796.021797,0.0,0.0,0.0,766.6375,0.0,0.0,0.0,0,0,0,0,E,E,E,174.784419,-41.316679
d9a638f1-c13e-4b4a-8929-b6bfb4f4ad85,1,0.0,884.573147,23.049336,643.19,0.0,766.6375,0.0,0.0,0.1,1,0,0,0,E,E,D,174.788461,-41.324971
d9d11e64-19fd-44fb-8689-fae35ba3a715,1,303.4307,1729.05774,0.0,0.0,0.0,766.6375,0.0,500.0,0.0,0,0,1,0,E,E,E,174.794729,-41.321121
d9d311a9-0dcc-45f5-a842-3ae54ea5a669,1,0.0,1748.791079,0.0,0.0,0.0,766.6375,0.0,200.0,0.0,0,0,1,0,E,E,E,174.778287,-41.318984
d9d4cbc6-8029-4c13-8794-efd749c3ba74,2,304.5229,1889.280898,0.0,0.0,0.0,766.6375,0.0,500.0,0.05,0,0,1,0,M,E,E,174.781009,-41.313349
da026198-33db-440a-8b28-6d00fbeb0191,1,0.0,1660.565253,0.0,0.0,0.0,766.6375,0.0,200.0,0.0,0,0,1,0,E,E,E,174.775406,-41.314646
da07d3ed-783e-4220-90ff-c4149c758892,1,206.1488,1785.630448,0.0,0.0,0.0,766.6375,0.0,1500.0,0.0,0,0,1,0,E,E,E,174.784369,-41.313567
da1803c6-942d-49d6-8d4e-77fb1aa88c65,1,0.0,1114.19048,0.0,0.0,0.0,766.6375,0.0,0.0,0.0,0,0,0,0,E,E,E,174.776333,-41.313279
da1b120e-0dcc-426f-a097-1293e132e309,1,0.0,1813.162736,0.0,0.0,0.0,766.6375,0.0,200.0,0.0,0,0,1,0,E,E,E,174.78119,-41.3139
da2368d8-4d59-4de1-9506-66e5cf3b407b,2,516.4982,1704.004917,0.0,0.0,0.0,766.6375,0.0,1500.0,0.0,0,0,1,0,E,E,E,174.775613,-41.320203
da29caa0-83a0-46a9-af7b-93803cb1df1b,1,195.0694,1566.60309,0.0,0.0,0.0,766.6375,0.0,500.0,0.0,0,0,1,0,E,E,E,174.77871,-41.319844
da2ea626-912c-4e1a-93f9-13721f16b2a8,1,0.0,1790.528122,0.0,0.0,0.0,766.6375,0.0,200.0,0.0,0,0,1,0,E,E,E,174.780681,-41.313766
da377fcf-5071-474a-8da0-b901ff1a9fb0,1,0.0,1847.891831,0.0,0.0,0.0,766.6375,0.0,200.0,0.0,0,0,1,0,E,E,E,174.800713,-41.319901
da4b23b6-0b65-4de0-aee0-6832c072fa28,1,0.0,1010.02303,0.0,0.0,0.0,766.6375,0.0,0.0,0.05,0,0,0,0,E,E,M,174.787528,-41.312839
da546d97-88da-4c77-934f-91f948d83aa3,1,257.3889,2047.313911,0.0,0.0,0.0,766.6375,0.0,500.0,0.0,0,0,1,0,E,E,E,174.772327,-41.321974
da5da5d9-61a3-4143-8b87-af1d2a5b46f1,1,0.0,1577.453247,0.0,0.0,0.0,766.6375,0.0,200.0,0.0,0,0,1,0,E,E,E,174.784665,-41.310882
da5f5a18-da1d-43ac-bf3e-56191e302c96,1,232.2015,1771.927632,0.0,0.0,0.0,766.6375,0.0,500.0,0.0,0,0,1,0,E,E,E,174.784365,-41.311913
da8a4a6f-ce36-41eb-b5bd-4bdb1add2b95,1,347.2588,1875.237604,0.0,0.0,0.0,766.6375,0.0,1500.0,0.05,0,0,1,0,M,E,E,174.798395,-41.32094
da9ad8f4-74be-448f-b226-5ae09ed9cc1e,1,0.0,1629.177819,0.0,0.0,0.0,766.6375,0.0,0.0,0.05,0,0,0,0,M,E,E,174.802205,-41.321504
daa34017-cb44-4050-b252-72cb3fd96b34,1,0.0,827.413038,22.789723,744.69,0.0,766.6375,0.0,0.0,0.1,1,0,0,0,E,E,D,174.789785,-41.32085
dab1135f-7f30-4921-9774-65d13eb2556e,1,0.0,1531.547649,0.0,0.0,0.0,766.6375,0.0,200.0,0.0,0,0,1,0,E,E,E,174.784535,-41.315382
dac49a00-4511-4d85-963e-4adb006ec009,4,259.6069,1601.610938,0.0,0.0,0.0,766.6375,0.0,1500.0,0.0,0,0,1,0,E,E,E,174.775797,-41.32086
dacea67d-625b-4283-b5ee-e665fd051a70,1,0.0,1605.493436,0.0,0.0,0.0,766.6375,0.0,200.0,0.0,0,0,1,0,E,E,E,174.78477,-41.311187
dacff05c-34f6-4dff-ae56-4b8676dbfadd,1,0.0,926.341895,0.0,0.0,0.0,766.6375,0.0,0.0,0.15,0,0,0,0,M,E,D,174.803543,-41.320735
dad1319e-34c9-413c-93e4-5e9904fc07a6,1,319.7895,1015.36143,0.0,0.0,0.0,766.6375,0.0,500.0,0.0,0,0,1,0,E,E,E,174.793496,-41.321957
daf287b1-4bdc-49ad-a2df-ab084dbc937a,1,0.0,940.737837,0.0,0.0,0.0,766.6375,0.0,0.0,0.05,0,0,0,0,E,E,M,174.775357,-41.324195
daf8af98-e085-45f5-b147-e6a0f972aa81,1,267.2527,1609.47067,0.0,0.0,0.0,766.6375,0.0,4000.0,0.0,0,0,1,0,E,E,E,174.786652,-41.312357
db0fe096-8bcf-47e5-a529-b2ac29c7a214,1,0.0,1961.37408,0.0,0.0,0.0,766.6375,0.0,200.0,0.05,0,0,1,0,M,E,E,174.798967,-41.323636
db10d9e2-c0f9-4165-84c5-02fab6163c36,1,307.0911,1698.385571,0.0,0.0,0.0,766.6375,0.0,500.0,0.0,0,0,1,0,E,E,E,174.777805,-41.315548
db20dbea-ee0c-44e3-9812-4befb95501ed,1,0.0,1858.031005,0.0,0.0,0.0,766.6375,0.0,200.0,0.0,0,0,1,0,E,E,E,174.80194,-41.318707
db2ec0cb-40b9-4640-9fe7-135a1ab6fd1e,1,0.0,1011.24417,23.545725,1224.08,0.0,766.6375,0.0,0.0,0.05,1,0,0,0,E,E,M,174.786962,-41.313166
db2f382b-0063-41c6-a298-9b0ec022a39a,1,206.4295,1760.481543,0.0,0.0,0.0,766.6375,0.0,1500.0,0.0,0,0,1,0,E,E,E,174.781748,-41.31724
db3dc080-5f80-48ff-bfe1-91f2e0bc6181,1,222.261,1973.303084,0.0,0.0,0.0,766.6375,0.0,1500.0,0.0,0,0,1,0,E,E,E,174.779989,-41.318722
db3ed639-d9e3-4da0-8a39-c9f29f439ed5,1,309.3324,1914.793395,0.0,0.0,0.0,766.6375,0.0,1500.0,0.0,0,0,1,0,E,E,E,174.800433,-41.320785
db43a300-f9b2-4847-b28b-d4a93c4164d2,2,0.0,1033.437772,0.0,0.0,0.0,766.6375,0.0,200.0,0.05,0,0,1,0,M,E,E,174.772973,-41.320154
db463d1b-7f64-4d5b-bee8-c97d2f9d876d,1,177.9168,1707.059297,0.0,0.0,0.0,766.6375,0.0,4000.0,0.0,0,0,1,0,E,E,E,174.78617,-41.312445
db69c0f5-6e95-4055-9b85-57e665787cfb,1,436.1045,1561.43588,0.0,0.0,0.0,766.6375,0.0,1500.0,0.0,0,0,1,0,E,E,E,174.779876,-41.323169
db714a7f-a55b-4a7c-ac8b-993d1e322c08,1,256.9364,1909.309525,0.0,0.0,0.0,766.6375,0.0,1500.0,0.0,0,0,1,0,E,E,E,174.797374,-41.321497
db829f5d-ac91-4f2b-bb35-ee775f090b67,1,368.7832,1924.323421,0.0,0.0,0.0,766.6375,0.0,500.0,0.0,0,0,1,0,E,E,E,174.79614,-41.324586
db86a7ad-3a0f-4b8d-9e9a-e25eeecfb06c,1,491.7016,1506.948921,0.0,0.0,0.0,766.6375,0.0,4000.0,0.0,0,0,1,0,E,E,E,174.792533,-41.324568
db966a11-d1cf-4f70-b553-84538b7d7863,1,549.1151,1915.942926,0.0,0.0,0.0,766.6375,0.0,1500.0,0.05,0,0,1,0,M,E,E,174.798984,-41.321677
db9d191f-a3a0-4347-bd1b-d326c09cf58e,1,0.0,934.092926,12.989526,1224.08,0.0,766.6375,0.0,0.0,0.1,1,0,0,0,M,E,M,174.774481,-41.324372
dbaa58a0-9076-4194-af19-fe5e2973f9ef,1,288.2053,1799.44597,0.0,0.0,0.0,766.6375,0.0,4000.0,0.0,0,0,1,0,E,E,E,174.801604,-41.320573
dbbf9990-a749-4f8c-9d1c-b436ae39ab8c,1,0.0,1552.851386,0.0,0.0,0.0,766.6375,0.0,0.0,0.0,0,0,0,0,E,E,E,174.773929,-41.324067
dbcb29a3-e0e0-4a5f-90b7-2879d8fe0c9c,3,0.0,1324.724857,0.0,0.0,0.0,766.6375,0.0,0.0,0.1,0,0,0,0,M,E,M,174.774225,-41.323126
dbcbac0b-6192-47c6-b4f9-473681f336ed,2,0.0,1023.76658,26.981129,1224.08,0.0,766.6375,0.0,0.0,0.15,1,0,0,0,M,E,D,174.788113,-41.324704
dbcd410b-f655-4d64-a8ce-f0fe99f47ef2,1,0.0,847.734252,18.621992,744.69,0.0,766.6375,0.0,0.0,0.15,1,0,0,0,M,E,D,174.790964,-41.322038
dbceea67-4aab-4be1-bdc0-f281ff583ab0,1,168.9654,1757.244926,0.0,0.0,0.0,766.6375,0.0,2500.0,0.0,0,0,1,0,E,E,E,174.781029,-41.311054
dbd56c9e-49d2-4eed-bc3c-a26a677f22db,1,0.0,936.061447,0.0,0.0,0.0,766.6375,0.0,0.0,0.1,0,0,0,0,M,E,M,174.791994,-41.320381
dbd7fa3e-6825-4e8b-8582-efa7a283a5e7,1,0.0,999.747599,0.0,0.0,0.0,766.6375,0.0,0.0,0.05,0,0,0,0,M,E,E,174.774764,-41.323126
dbda7889-be28-477f-9551-971b2f1303a0,1,320.4482,992.672699,0.0,0.0,0.0,766.6375,0.0,1500.0,0.05,0,0,1,0,E,E,M,174.776613,-41.320442
dbdf7e97-68ae-4b7a-9d07-a0474b72bac5,1,0.0,1080.164143,0.0,0.0,0.0,766.6375,0.0,0.0,0.0,0,0,0,0,E,E,E,174.775821,-41.315581
dbeaf2ec-5b07-4e16-ae09-edcc632aa6ad,1,0.0,879.994321,18.463571,879.87,0.0,766.6375,0.0,0.0,0.15,1,0,0,0,M,E,D,174.803448,-41.320624
dbedef26-f064-4c6f-a45c-b35dc1f8d874,1,0.0,1014.044951,15.89063,1224.08,0.0,766.6375,0.0,0.0,0.05,1,0,0,0,E,E,M,174.804044,-41.321286
dbf07019-2688-42cf-a6b3-d6c7eb2d035b,2,0.0,1722.784466,0.0,0.0,0.0,766.6375,0.0,200.0,0.0,0,0,1,0,E,E,E,174.781059,-41.316791
dbf2d915-3336-4e66-b6a6-ec3870115483,1,94.8417,1716.738053,0.0,0.0,0.0,766.6375,0.0,1500.0,0.05,0,0,1,0,M,E,E,174.784176,-41.315275
dbf308ba-72d5-49cd-a5be-d88665a3444c,1,0.0,1696.119967,0.0,0.0,0.0,766.6375,0.0,0.0,0.0,0,0,0,0,E,E,E,174.786415,-41.31157
dc024bac-dbad-409c-afe8-8d540fb7cf78,1,0.0,1086.369258,0.0,0.0,0.0,766.6375,0.0,0.0,0.0,0,0,0,0,E,E,E,174.78714,-41.311691
dc03e9fb-07e7-4906-8359-53d5cc9fd76b,2,0.0,1046.497572,0.0,0.0,0.0,766.6375,0.0,0.0,0.05,0,0,0,0,M,E,E,174.777308,-41.322142
dc059587-120e-4088-ba64-8235a258b2ca,2,0.0,1680.719077,0.0,0.0,0.0,766.6375,0.0,200.0,0.0,0,0,1,0,E,E,E,174.778136,-41.320062
dc10bc17-4e0f-4e99-b228-ce2d8be6b046,2,0.0,1293.126134,0.0,0.0,0.0,766.6375,0.0,0.0,0.0,0,0,0,0,E,E,E,174.796138,-41.309526
dc161466-5732-4f59-8776-c8aa419c6401,1,0.0,847.770867,22.472468,1224.08,0.0,766.6375,0.0,0.0,0.15,1,0,0,0,M,E,D,174.790528,-41.317668
dc2aaa3a-0d0b-40f0-a8bc-98bb296b726e,1,0.0,2051.516568,0.0,0.0,0.0,766.6375,0.0,0.0,0.05,0,0,0,0,E,E,M,174.783188,-41.316923
dc321c66-8369-4536-aff0-456648f866aa,1,315.6858,2123.355752,0.0,0.0,0.0,766.6375,0.0,4000.0,0.0,0,0,1,0,E,E,E,174.77804,-41.321978
dc3b9f94-1bb6-48cb-9876-d7e05d715377,1,0.0,1022.608143,0.0,0.0,0.0,766.6375,0.0,0.0,0.05,0,0,0,0,E,E,M,174.791449,-41.317249
dc47f9b9-e817-4485-91f8-60ed089194cc,1,0.0,1264.648773,8.140036,798.8,0.0,766.6375,0.0,0.0,0.05,1,0,0,0,M,E,E,174.774811,-41.31188
dc4b0f0d-be80-4389-91a3-344173110550,1,339.1446,1540.72746,0.0,0.0,0.0,766.6375,0.0,500.0,0.1,0,0,1,0,M,E,M,174.778861,-41.315919
dc4f3e18-578f-4006-be0f-a8cf511a03a6,2,0.0,1034.06829,0.0,0.0,0.0,766.6375,0.0,0.0,0.05,0,0,0,0,E,E,M,174.802642,-41.320935
dc6f21d7-5fd9-4122-949f-2ff6d0bef718,1,0.0,930.839916,0.0,0.0,0.0,766.6375,0.0,0.0,0.1,0,0,0,0,E,E,D,174.788344,-41.323873
dc8c9628-6f1b-4e3e-8c87-293467adb60f,1,0.0,1909.044702,0.0,0.0,0.0,766.6375,0.0,200.0,0.05,0,0,1,0,M,E,E,174.797278,-41.320237
dc96fd01-21f2-4463-b672-2feb85b17d30,1,0.0,811.761606,0.0,0.0,0.0,766.6375,0.0,0.0,0.15,0,0,0,0,M,E,D,174.794002,-41.311604
dcba93e6-26f9-4087-b1c5-02f3e90e891e,1,279.0801,1733.006167,0.0,0.0,0.0,766.6375,0.0,500.0,0.0,0,0,1,0,E,E,E,174.783248,-41.31527
dcf7909d-38a5-49c6-a4dd-a4812ecc8edc,1,0.0,956.756965,0.0,0.0,0.0,766.6375,0.0,0.0,0.05,0,0,0,0,E,E,M,174.776312,-41.318981
dcf8cafe-45b8-444d-8971-3fc647567840,1,312.9826,1802.488137,0.0,0.0,0.0,766.6375,0.0,1500.0,0.0,0,0,1,0,E,E,E,174.784011,-41.313712
dd140a80-8585-410a-bd4e-230037ae9103,1,0.0,1794.823848,0.0,0.0,0.0,766.6375,0.0,0.0,0.0,0,0,0,0,E,E,E,174.781725,-41.316742
dd2289ef-2a4a-47c0-8404-30914ba3054f,1,97.2209,1585.100563,0.0,0.0,0.0,766.6375,0.0,500.0,0.0,0,0,1,0,E,E,E,174.784588,-41.319138
dd229d6e-627d-4282-ad91-5d9ffb0ab0a0,1,0.0,1752.272042,0.0,0.0,0.0,766.6375,0.0,0.0,0.0,0,0,0,0,E,E,E,174.776269,-41.322381
dd4be536-7303-45bd-87f3-55e4abd28fcc,1,0.0,1563.075458,0.0,0.0,0.0,766.6375,0.0,200.0,0.0,0,0,1,0,E,E,E,174.784705,-41.315627
dd522e37-954b-44e4-a605-07972de5e4ba,1,0.0,1669.999342,0.0,0.0,0.0,766.6375,0.0,200.0,0.05,0,0,1,0,M,E,E,174.783503,-41.310922
dd678547-6d78-4542-96c5-53a5302834a3,1,0.0,1688.198473,0.0,0.0,0.0,766.6375,0.0,0.0,0.05,0,0,0,0,M,E,E,174.804605,-41.322205
dd69ef8b-0f94-4b7b-ba69-f28c37fd83ec,1,0.0,2499.363,0.0,0.0,0.0,766.6375,0.0,0.0,0.05,0,0,0,0,M,E,E,174.777959,-41.323483
dd6ad6d8-8aed-4c6b-a64b-d2781dbf81cc,1,306.7464,1875.57999,0.0,0.0,0.0,766.6375,0.0,500.0,0.0,0,0,1,0,E,E,E,174.796429,-41.32353
dd75c8fb-96a4-4b85-aef5-ce222e011644,1,0.0,902.456426,14.857669,1224.08,0.0,766.6375,0.0,0.0,0.05,1,0,0,0,E,E,M,174.792001,-41.319773
dd9c19b8-e6c6-4a49-8943-06f899bd52e8,1,344.4439,1942.586316,0.0,0.0,0.0,766.6375,0.0,500.0,0.0,0,0,1,0,E,E,E,174.798401,-41.320188
dd9dbccc-619b-46a6-8641-87ad2b707cbc,1,0.0,1091.627716,16.484763,1224.08,0.0,766.6375,0.0,0.0,0.05,1,0,0,0,E,E,M,174.804677,-41.320455
dda1a3cc-2e4d-4ca9-897b-2d46fc0f2431,1,0.0,1625.740503,0.0,0.0,0.0,766.6375,0.0,0.0,0.0,0,0,0,0,E,E,E,174.786832,-41.312875
ddb4e94f-00a5-4959-8274-8f04c6d9df45,1,0.0,892.524412,0.0,0.0,0.0,766.6375,0.0,0.0,0.1,0,0,0,0,E,E,D,174.786992,-41.32212
ddd25426-428f-4294-a706-39c32439f216,1,317.8118,1620.325478,0.0,0.0,0.0,766.6375,0.0,1500.0,0.05,0,0,1,0,M,E,E,174.785131,-41.311094
ddd9c449-c15d-4b76-9d0b-18cfda1edfe1,1,0.0,1541.65429,0.0,0.0,0.0,766.6375,0.0,0.0,0.0,0,0,0,0,E,E,E,174.77299,-41.319694
dde8800a-1577-47aa-82f2-1138f7e31ea0,1,228.145,1938.183203,0.0,0.0,0.0,766.6375,0.0,1500.0,0.0,0,0,1,0,E,E,E,174.77236,-41.321609
ddf86e45-cff2-4eb4-b51a-9d515d687665,1,0.0,1620.008024,0.0,0.0,0.0,766.6375,0.0,0.0,0.0,0,0,0,0,E,E,E,174.793103,-41.316215
de1b46cc-6cde-481e-96d0-171c766052ca,1,586.569,893.364775,21.191788,879.87,0.0,766.6375,0.0,4000.0,0.1,1,0,1,0,M,E,M,174.792317,-41.312706
de22053c-afb8-4a5a-b31d-a03acc62bb85,2,312.6062,936.420206,0.0,0.0,0.0,766.6375,0.0,500.0,0.05,0,0,1,0,E,E,M,174.780133,-41.322451
de495e66-0de7-49d8-bdbe-ce727e39975f,1,0.0,1898.539649,0.0,0.0,0.0,766.6375,0.0,200.0,0.05,0,0,1,0,M,E,E,174.797579,-41.320265
de52af54-c7f2-406e-8a9a-894990a7b9fb,2,0.0,1012.845363,0.0,0.0,0.0,766.6375,0.0,0.0,0.05,0,0,0,0,E,E,M,174.804642,-41.320015
de6525ad-2cdf-49eb-8c38-0aaa9bea1d41,1,0.0,1037.460554,0.0,0.0,0.0,766.6375,0.0,200.0,0.0,0,0,1,0,E,E,E,174.785824,-41.313235
de67d029-1e08-4d0b-b0a9-adad03be7a3c,1,0.0,1485.388681,0.0,0.0,0.0,766.6375,0.0,0.0,0.0,0,0,0,0,E,E,E,174.784872,-41.30977
de6c5344-e9ec-4529-a981-afdf0196d071,1,0.0,1616.383836,9.35195,643.19,0.0,766.6375,0.0,0.0,0.05,1,0,0,0,M,E,E,174.786324,-41.310118
de721663-1c54-47f3-9835-e9e2320b689a,1,0.0,1071.089307,0.0,0.0,0.0,766.6375,0.0,0.0,0.05,0,0,0,0,E,E,M,174.803486,-41.321631
de7e8ed9-aeec-46a2-85bd-8db689d42aea,1,0.0,972.109391,8.690198,879.87,0.0,766.6375,0.0,0.0,0.1,1,0,0,0,D,E,E,174.774605,-41.310885
de8bb40a-77e3-45a8-a26e-dc13290899dd,1,376.3711,1563.667027,0.0,0.0,0.0,766.6375,0.0,4000.0,0.0,0,0,1,0,E,E,E,174.792204,-41.310139
de8ca1ea-3ac1-41bc-99ce-9c08351b5a1f,1,0.0,1870.06616,0.0,0.0,0.0,766.6375,0.0,200.0,0.0,0,0,1,0,E,E,E,174.800121,-41.320077
de952baa-773b-4553-b3f5-2493cd8912a9,5,366.4846,1868.772058,0.0,0.0,0.0,766.6375,0.0,1500.0,0.0,0,0,1,0,E,E,E,174.782174,-41.313127
de9f07f0-dbbf-41fb-8a32-5a1d5dc84628,1,0.0,1096.990291,0.0,0.0,0.0,766.6375,0.0,0.0,0.0,0,0,0,0,E,E,E,174.777559,-41.321338
ded76cd4-a229-4ce6-8897-642085a441de,1,0.0,902.249948,0.0,0.0,0.0,766.6375,0.0,0.0,0.05,0,0,0,0,E,E,M,174.793449,-41.310623
dede1990-31e3-4f84-9d4f-587155d866c5,1,0.0,1050.106296,0.0,0.0,0.0,766.6375,0.0,0.0,0.05,0,0,0,0,M,E,E,174.777379,-41.31171
dee2a1e0-9cfa-4313-af2a-bc3aa1297df6,1,362.6517,1774.044086,0.0,0.0,0.0,766.6375,0.0,500.0,0.0,0,0,1,0,E,E,E,174.780561,-41.31305
deecbd72-8f31-4ef1-90a0-4f7a89ad1d85,1,0.0,1815.741611,0.0,0.0,0.0,766.6375,0.0,200.0,0.0,0,0,1,0,E,E,E,174.795727,-41.323251
deecf80e-66a2-45a1-bbaa-8fd73428e5cd,1,0.0,957.220636,19.639569,744.69,0.0,766.6375,0.0,0.0,0.15,1,0,0,0,M,E,D,174.787715,-41.315187
df02a2b4-49ea-4a00-b7ac-28e96ecf8471,1,0.0,1871.776009,0.0,0.0,0.0,766.6375,0.0,200.0,0.05,0,0,1,0,M,E,E,174.799886,-41.319071
df070488-0166-4f7c-8384-c11deadc8175,1,0.0,1681.97574,0.0,0.0,0.0,766.6375,0.0,0.0,0.0,0,0,0,0,E,E,E,174.782777,-41.316711
df10ebf7-8b4d-4fc4-826b-73abc0c148b0,1,0.0,1798.562807,0.0,0.0,0.0,766.6375,0.0,200.0,0.05,0,0,1,0,M,E,E,174.802258,-41.319546
df16b8fe-a724-42b8-a7ff-865a33070016,2,2333.8049,1815.388502,0.0,0.0,0.0,766.6375,0.0,500.0,0.05,0,0,1,0,M,E,E,174.782288,-41.31583
df1c0a2c-3ab6-4b92-9032-7bb5f28b8e13,1,0.0,850.22238,23.649827,879.87,0.0,766.6375,0.0,0.0,0.05,1,0,0,0,E,E,M,174.791827,-41.319877
df266f60-789d-40cc-a6dc-a2a10b00e201,1,858.4358,1647.262448,0.0,0.0,0.0,766.6375,0.0,1500.0,0.0,0,0,1,0,E,E,E,174.792401,-41.313914
df2ce157-7e13-4529-89be-5f149a0b2d3d,1,244.006,1974.926996,0.0,0.0,0.0,766.6375,0.0,1500.0,0.0,0,0,1,0,E,E,E,174.779098,-41.319775
df353ca9-160e-4443-bd8b-71df3033b142,1,0.0,1054.609448,0.0,0.0,0.0,766.6375,0.0,0.0,0.05,0,0,0,0,E,E,M,174.794425,-41.311468
df361182-aa7f-4493-be7f-52010bf47f05,2,0.0,1023.661091,0.0,0.0,0.0,766.6375,0.0,0.0,0.0,0,0,0,0,E,E,E,174.77699,-41.312392
df4a5e15-0679-42ac-8024-f62aa945e452,3,0.0,829.353307,0.0,0.0,0.0,766.6375,0.0,0.0,0.15,0,0,0,0,M,E,D,174.789997,-41.322355
df4a6eed-1944-4443-9e50-0f4132eafde0,1,178.7748,1602.947565,0.0,0.0,0.0,766.6375,0.0,1500.0,0.0,0,0,1,0,E,E,E,174.783575,-41.318368
df56b23e-2ca3-44c3-826d-a3086c7a3a61,1,0.0,896.239061,0.0,0.0,0.0,766.6375,0.0,0.0,0.05,0,0,0,0,E,E,M,174.78737,-41.321351
df612813-7462-49ee-814c-9574f0442536,3,350.5593,1772.784562,0.0,0.0,0.0,766.6375,0.0,500.0,0.05,0,0,1,0,M,E,E,174.783178,-41.314959
df645e8c-fc00-45ba-8ccb-872cf4d262ff,1,128.1959,1937.195729,0.0,0.0,0.0,766.6375,0.0,1500.0,0.05,0,0,1,0,M,E,E,174.798975,-41.317954
df92e025-ab13-4199-afc5-a681cc874d4b,1,321.0624,1691.876162,0.0,0.0,0.0,766.6375,0.0,1500.0,0.0,0,0,1,0,E,E,E,174.780005,-41.32348
df976e5e-5004-41a5-a474-4d09afef00d9,1,234.5775,1762.480124,0.0,0.0,0.0,766.6375,0.0,500.0,0.0,0,0,1,0,E,E,E,174.784387,-41.311992
dfc02beb-c08a-4d44-a323-56f4b3ceaa7c,1,0.0,1338.393636,0.0,0.0,0.0,766.6375,0.0,0.0,0.0,0,0,0,0,E,E,E,174.796087,-41.309829
dfd5be8f-f833-4d65-8af5-14d106dd76a4,1,0.0,1672.833042,0.0,0.0,0.0,766.6375,0.0,200.0,0.0,0,0,1,0,E,E,E,174.777995,-41.314746
dfd8ac2f-559b-434b-b596-dcc7cc97f5cf,2,0.0,900.994294,0.0,0.0,0.0,766.6375,0.0,0.0,0.05,0,0,0,0,E,E,M,174.785968,-41.317201
dfecbe93-8359-44ab-96d5-01c993d41c70,1,0.0,1548.353068,0.0,0.0,0.0,766.6375,0.0,200.0,0.0,0,0,1,0,E,E,E,174.795684,-41.311837
dff7818a-85ee-4d2c-8163-6fe19d3ffdb2,2,165.1489,1772.066506,0.0,0.0,0.0,766.6375,0.0,500.0,0.0,0,0,1,0,E,E,E,174.781233,-41.31457
e027c391-ec63-4edc-83d6-5c61259817e9,1,0.0,1054.692728,0.0,0.0,0.0,766.6375,0.0,0.0,0.05,0,0,0,0,E,E,M,174.775898,-41.31864
e02fcf02-40c5-4031-82ad-feeae44adf9b,1,0.0,857.968152,30.001607,744.69,0.0,766.6375,0.0,0.0,0.1,1,0,0,0,E,E,D,174.792026,-41.322326
e0379cb8-a34f-412d-a559-cbfb28c1c622,3,0.0,2157.393683,0.0,0.0,0.0,766.6375,0.0,0.0,0.0,0,0,0,0,E,E,E,174.784115,-41.316691
e03af07d-8d64-4e5e-bcba-603b250daa47,1,0.0,985.20431,0.0,0.0,0.0,766.6375,0.0,0.0,0.1,0,0,0,0,M,E,M,174.775614,-41.312329
e0478657-309f-408c-8c5c-fb089985d603,1,0.0,1019.315325,0.0,0.0,0.0,766.6375,0.0,0.0,0.05,0,0,0,0,E,E,M,174.775602,-41.319051
e0556965-c1fa-42c8-bcda-f89b40af54e0,1,0.0,927.871245,0.0,0.0,0.0,766.6375,0.0,0.0,0.05,0,0,0,0,E,E,M,174.793686,-41.310741
e05b4780-ba76-493b-a8b8-daf2ac7c9c29,3,463.6148,2055.888511,0.0,0.0,0.0,766.6375,0.0,500.0,0.05,0,0,1,0,M,E,E,174.778433,-41.315994
e0703836-568e-45d6-bb34-a3333fd97d9e,1,0.0,1687.679884,0.0,0.0,0.0,766.6375,0.0,0.0,0.05,0,0,0,0,M,E,E,174.792897,-41.31536
e0739a5c-ddf8-426b-a364-49f584dd4624,1,314.0456,1136.480849,0.0,0.0,0.0,766.6375,0.0,500.0,0.05,0,0,1,0,M,E,E,174.7928,-41.309491
e07a1baa-712d-420c-ab8c-b1415a4a6fe9,1,385.507,1748.190407,0.0,0.0,0.0,766.6375,0.0,1500.0,0.0,0,0,1,0,E,E,E,174.77946,-41.311573
e07a47e7-bfc4-4d1d-ba58-d789f03903aa,1,350.9423,1830.249801,0.0,0.0,0.0,766.6375,0.0,500.0,0.0,0,0,1,0,E,E,E,174.795103,-41.324257
e091fd70-0dd8-45a5-8c42-21b7d62f6361,1,134.762,1626.956474,0.0,0.0,0.0,766.6375,0.0,1500.0,0.0,0,0,1,0,E,E,E,174.774934,-41.321948
e0940587-c290-44a6-8955-dbf2832b0120,1,416.342,1902.229998,0.0,0.0,0.0,766.6375,0.0,1500.0,0.05,0,0,1,0,M,E,E,174.797806,-41.321531
e09b3768-5bea-4c3f-85cb-c1726d6b243b,1,0.0,850.200589,0.0,0.0,0.0,766.6375,0.0,0.0,0.1,0,0,0,0,E,E,D,174.787022,-41.324243
e0a61e2b-7025-4e28-b0e7-2ea554aa5ba3,3,232.0513,2078.024971,0.0,0.0,0.0,766.6375,0.0,500.0,0.0,0,0,1,0,E,E,E,174.783198,-41.310441
e0aab6f1-f768-4de2-ab35-248aae27bcc1,1,490.9294,1896.062955,0.0,0.0,0.0,766.6375,0.0,500.0,0.0,0,0,1,0,E,E,E,174.778378,-41.31641
e0d0b007-61e0-4584-a5a3-027cb691ea06,1,268.4684,1716.150214,0.0,0.0,0.0,766.6375,0.0,1500.0,0.0,0,0,1,0,E,E,E,174.784733,-41.314788
e0d4a94f-6b0b-4c63-96c3-311587bf0496,2,0.0,1815.566221,0.0,0.0,0.0,766.6375,0.0,200.0,0.0,0,0,1,0,E,E,E,174.795091,-41.320346
e0d5d848-a61e-4d16-8d72-53e28df3692d,2,304.3497,1675.425091,0.0,0.0,0.0,766.6375,0.0,4000.0,0.0,0,0,1,0,E,E,E,174.778754,-41.313866
e0dc4d2c-67f4-4c90-b31e-8f2fae500175,1,0.0,1721.529555,0.0,0.0,0.0,766.6375,0.0,0.0,0.0,0,0,0,0,E,E,E,174.776764,-41.322729
e0df11aa-78e3-4945-adcd-a621e823ee83,1,0.0,1852.480427,0.0,0.0,0.0,766.6375,0.0,200.0,0.0,0,0,1,0,E,E,E,174.800727,-41.319831
e0e95664-6287-47f4-90e3-9ab10c8ebe2c,1,182.3936,1688.188257,0.0,0.0,0.0,766.6375,0.0,1500.0,0.0,0,0,1,0,E,E,E,174.782282,-41.319291
e0f199a4-28f3-440c-a7b1-946d859078a9,1,0.0,1077.75802,0.0,0.0,0.0,766.6375,0.0,0.0,0.05,0,0,0,0,E,E,M,174.804605,-41.321111
e0f97b31-0e11-4061-9306-22e013a4c81e,1,225.2156,1653.9005,0.0,0.0,0.0,766.6375,0.0,500.0,0.0,0,0,1,0,E,E,E,174.779701,-41.322235
e11060c4-ae19-48ac-836d-4193541d8fdb,1,0.0,1015.411959,0.0,0.0,0.0,766.6375,0.0,0.0,0.05,0,0,0,0,E,E,M,174.787216,-41.315866
e11bca45-02a8-473f-897c-1bc6980d2c5a,1,9.3968,1702.303074,0.0,0.0,6.251369,766.6375,3.50884,0.0,0.0,0,1,0,0,E,E,E,174.78502,-41.314001
e1215bfa-5934-40bf-b954-5af4e11a3e88,1,282.4238,1793.773086,0.0,0.0,0.0,766.6375,0.0,500.0,0.0,0,0,1,0,E,E,E,174.782321,-41.315448
e121dc33-0af7-42f0-8337-246ca6efcb0e,1,0.0,1025.792291,16.199725,1224.08,0.0,766.6375,0.0,0.0,0.05,1,0,0,0,E,E,M,174.802891,-41.321667
e13de94f-672d-437a-ba66-3539a28eaf9a,1,0.0,726.764087,27.926755,744.69,0.0,766.6375,0.0,0.0,0.1,1,0,0,0,E,E,D,174.789959,-41.319709
e140610a-6614-4dd2-8b3a-2e05786be44f,1,0.0,973.460664,0.0,0.0,0.0,766.6375,0.0,0.0,0.05,0,0,0,0,E,E,M,174.797414,-41.310262
e15e1ae9-2e09-4df7-911c-d45666799172,1,616.8096,1855.690611,0.0,0.0,0.0,766.6375,0.0,1500.0,0.05,0,0,1,0,M,E,E,174.799977,-41.321276
e15e89ff-27e1-439d-8856-ed2cc5d20352,1,0.0,1557.48469,15.984622,1224.08,0.0,766.6375,0.0,0.0,0.05,1,0,0,0,M,E,E,174.794252,-41.312008
e16f9a45-ff5b-4936-837b-1e8bfae62ea8,1,227.4637,1577.241897,0.0,0.0,0.0,766.6375,0.0,500.0,0.0,0,0,1,0,E,E,E,174.784769,-41.312037
e17269f9-ddbd-49b3-a314-ae53e9d2fcf8,2,0.0,941.712937,0.0,0.0,0.0,766.6375,0.0,0.0,0.05,0,0,0,0,E,E,M,174.791311,-41.32307
e18a7d19-6f97-481f-9336-bb718c178852,1,0.0,861.039708,19.440001,879.87,0.0,766.6375,0.0,0.0,0.05,1,0,0,0,E,E,M,174.791419,-41.313615
e197f5f5-4bb9-4806-b9a0-db13b93d9ee6,1,0.0,1440.940877,0.0,0.0,0.0,766.6375,0.0,0.0,0.0,0,0,0,0,E,E,E,174.774983,-41.310045
e1a6faed-af82-49e1-bc22-d9b3c1311782,1,230.6262,1538.266443,0.0,0.0,0.0,766.6375,0.0,1500.0,0.0,0,0,1,0,E,E,E,174.776223,-41.320046
e1bb0c65-319a-4040-a5b3-2453bc5cf523,13,4143.6558,1848.743518,0.0,0.0,0.0,766.6375,0.0,500.0,0.0,0,0,1,0,E,E,E,174.795013,-41.319488
e1bcd198-d079-4e5f-8ee2-30796afb4395,1,255.9772,1448.106799,0.0,0.0,0.0,766.6375,0.0,1500.0,0.0,0,0,1,0,E,E,E,174.775988,-41.320879
e1c71f55-4915-4801-80fc-8f563b57758f,1,0.0,1588.751744,0.0,0.0,0.0,766.6375,0.0,0.0,0.05,0,0,0,0,M,E,E,174.792582,-41.315876
e1e04e62-da67-47aa-85a2-a504a8311367,1,0.0,1019.354023,0.0,0.0,0.0,766.6375,0.0,0.0,0.1,0,0,0,0,M,E,M,174.776069,-41.323956
e1e5eaec-85ee-4a1c-8779-eea3d6bd65f4,1,328.2396,1796.104037,0.0,0.0,0.0,766.6375,0.0,500.0,0.0,0,0,1,0,E,E,E,174.783032,-41.314563
e1efaa2e-1ad8-4fc1-8ca2-69d6ad142387,10,0.0,1624.707253,0.0,0.0,0.0,766.6375,0.0,0.0,0.0,0,0,0,0,E,E,E,174.782078,-41.316676
e1f41b32-ba80-40a2-a4dd-85001936e7a5,1,0.0,1684.664519,0.0,0.0,0.0,766.6375,0.0,0.0,0.0,0,0,0,0,E,E,E,174.776733,-41.322374
e2041540-e642-4f93-a9a0-697c6223279f,1,151.0226,1586.323343,0.0,0.0,0.0,766.6375,0.0,1500.0,0.05,0,0,1,0,M,E,E,174.785042,-41.311699
e20df825-b19f-4764-82d8-3725d91b371e,1,0.0,1715.901305,0.0,0.0,0.0,766.6375,0.0,200.0,0.0,0,0,1,0,E,E,E,174.780358,-41.316644
e221f289-840c-4e7a-97da-033ed5f6472d,1,505.3224,2076.704821,0.0,0.0,0.0,766.6375,0.0,500.0,0.05,0,0,1,0,M,E,E,174.77813,-41.321501
e225709e-f7dd-4d31-8b48-cc4ab4056d8f,1,362.3145,1912.709051,0.0,0.0,0.0,766.6375,0.0,500.0,0.0,0,0,1,0,E,E,E,174.805393,-41.323899
e22a52d4-2971-48e5-8792-4ec6b5bd4bc0,4,0.0,959.18094,0.0,0.0,0.0,766.6375,0.0,0.0,0.1,0,0,0,0,E,E,D,174.789629,-41.317999
e2327c0a-91e3-4318-a223-9eda32cf1052,6,0.0,1028.222161,0.0,0.0,0.0,766.6375,0.0,0.0,0.05,0,0,0,0,E,E,M,174.777039,-41.311965
e237216c-c1a5-4731-92a1-b39bf62dda55,1,0.0,1494.135161,0.0,0.0,0.0,766.6375,0.0,0.0,0.0,0,0,0,0,E,E,E,174.793407,-41.321631
e25c6bd8-3ef6-4c38-bec1-46a431bed655,2,0.0,950.241483,0.0,0.0,0.0,766.6375,0.0,0.0,0.05,0,0,0,0,E,E,M,174.774808,-41.323818
e2783f9e-4d69-42d1-a21c-150c7e4b6088,1,0.0,1514.975535,0.0,0.0,0.0,766.6375,0.0,0.0,0.0,0,0,0,0,E,E,E,174.791842,-41.311293
e278c88a-ee8c-45d2-8793-c97dec9ff074,1,406.5655,1723.644763,0.0,0.0,0.0,766.6375,0.0,1500.0,0.0,0,0,1,0,E,E,E,174.778932,-41.323645
e2b23293-a1ab-4981-a830-af7f3d579a9d,1,167.0447,1752.772558,0.0,0.0,0.0,766.6375,0.0,500.0,0.0,0,0,1,0,E,E,E,174.782603,-41.314815
e2df0bdf-343a-4be4-887c-16fa0985c024,1,631.3538,1550.313775,0.0,0.0,0.0,766.6375,0.0,4000.0,0.05,0,0,1,0,M,E,E,174.792056,-41.310676
e2e932c8-2610-48a2-8e83-de8267bcba6b,1,0.0,1296.245324,14.061612,643.19,0.0,766.6375,0.0,0.0,0.1,1,0,0,0,M,E,M,174.77797,-41.310272
e2ea7c27-d8a8-432c-9589-d9f4f1c1b421,2,0.0,1356.149083,0.0,0.0,0.0,766.6375,0.0,200.0,0.0,0,0,1,0,E,E,E,174.793684,-41.317828
e30a6bb9-a72e-4956-acd6-3c4a02501ce3,1,409.3192,1850.445016,0.0,0.0,0.0,766.6375,0.0,500.0,0.0,0,0,1,0,E,E,E,174.801486,-41.319418
e33fd25b-d406-43b7-b532-8b6cdf6bd55c,1,0.0,1819.470505,0.0,0.0,0.0,766.6375,0.0,200.0,0.05,0,0,1,0,M,E,E,174.778467,-41.315013
e38a7bf2-b45d-4e3d-a35b-4d060404c687,1,0.0,988.090199,19.564167,1224.08,0.0,766.6375,0.0,0.0,0.05,1,0,0,0,E,E,M,174.78729,-41.323685
e390ee1d-a923-41e5-93ac-a532ea135a3b,1,268.1351,1297.869005,0.0,0.0,0.0,766.6375,0.0,2500.0,0.05,0,0,1,0,E,E,M,174.774057,-41.321843
e3917641-9f6e-421d-b753-8967adafad81,1,307.2052,1953.104445,0.0,0.0,0.0,766.6375,0.0,1500.0,0.0,0,0,1,0,E,E,E,174.778433,-41.323606
e3b967a7-842b-4a4a-b57f-b95074297836,2,212.37,946.321494,0.0,0.0,0.0,766.6375,0.0,500.0,0.05,0,0,1,0,E,E,M,174.780102,-41.322571
e3c4e2f7-2066-4121-9a63-ec67ecf2b7df,1,0.0,1059.984934,0.0,0.0,0.0,766.6375,0.0,0.0,0.05,0,0,0,0,M,E,E,174.774636,-41.319117
e3fca0b8-54df-4520-8414-5a9c391f2742,2,186.8142,1683.606823,0.0,0.0,0.0,766.6375,0.0,1500.0,0.0,0,0,1,0,E,E,E,174.779016,-41.312909
e40968b7-c238-4acf-9ad2-be513a0c267f,1,247.6135,2141.368995,0.0,0.0,0.0,766.6375,0.0,1500.0,0.05,0,0,1,0,M,E,E,174.779549,-41.319121
e424ef4e-525a-499c-9e19-75c8dca5ee55,1,0.0,1710.087436,0.0,0.0,0.0,766.6375,0.0,0.0,0.05,0,0,0,0,M,E,E,174.803125,-41.322188
e4252bac-5e44-4041-b79e-e24a3edc4eec,1,0.0,1051.715356,0.0,0.0,0.0,766.6375,0.0,0.0,0.0,0,0,0,0,E,E,E,174.792965,-41.319607
e42843f8-4d3f-44af-bd97-d300eb66ff75,2,426.8156,1759.28235,0.0,0.0,0.0,766.6375,0.0,500.0,0.0,0,0,1,0,E,E,E,174.782159,-41.316234
e4417ae2-9e22-4b01-8322-77f326dd38a7,1,442.9152,1904.461265,0.0,0.0,0.0,766.6375,0.0,1500.0,0.05,0,0,1,0,M,E,E,174.797785,-41.321847
e44f6a90-d82e-41ef-954c-693df730c07b,2,175.2762,1781.273507,0.0,0.0,0.0,766.6375,0.0,500.0,0.0,0,0,1,0,E,E,E,174.782035,-41.314097
e4ca3178-a5e3-489d-8e0b-952fe42c75a1,2,0.0,1317.547568,0.0,0.0,0.0,766.6375,0.0,0.0,0.05,0,0,0,0,E,E,M,174.778071,-41.310124
e4d13868-1831-40cd-aea5-04fa3bec6316,1,0.0,1836.637673,0.0,0.0,0.0,766.6375,0.0,200.0,0.05,0,0,1,0,M,E,E,174.79513,-41.322546
e4d1c300-77f3-4ed0-8d53-4093d96bad32,1,644.7325,1390.622561,0.0,0.0,0.0,766.6375,0.0,500.0,0.15,0,0,1,0,D,E,M,174.778671,-41.321344
e4d60257-d0c5-47f4-bbfc-e0618f3e367e,1,0.0,1405.311074,0.0,0.0,0.0,766.6375,0.0,0.0,0.0,0,0,0,0,E,E,E,174.774714,-41.3185
e4dcd5b5-b905-435d-911b-58842dc8dde6,1,244.7481,1457.916704,0.0,0.0,0.0,766.6375,0.0,1500.0,0.0,0,0,1,0,E,E,E,174.774367,-41.322392
e4f8e464-7403-4c8b-9a6d-5a458791c0e5,1,0.0,879.839546,0.0,0.0,0.0,766.6375,0.0,0.0,0.15,0,0,0,0,M,E,D,174.793024,-41.317104
e5075ae7-a3fc-49ab-b26e-8510d69a9bc8,1,0.0,1420.704526,0.0,0.0,0.0,766.6375,0.0,200.0,0.2,0,0,1,0,D,E,D,174.782951,-41.311349
e50b6293-a2c6-4986-accf-a6fd924726ce,1,0.0,1037.529113,0.0,0.0,0.0,766.6375,0.0,0.0,0.05,0,0,0,0,M,E,E,174.786245,-41.309502
e5214bec-2cdc-486f-a04b-e2e42a9e8ee2,2,0.0,1214.227232,0.0,0.0,0.0,766.6375,0.0,0.0,0.05,0,0,0,0,E,E,M,174.782656,-41.317548
e5255509-eae2-4e2c-afb8-462f2163b57b,2,0.0,933.241361,0.0,0.0,0.0,766.6375,0.0,0.0,0.05,0,0,0,0,E,E,M,174.777356,-41.313109
e5310e8d-e22f-41fa-97f0-025ab8b13d88,1,0.0,1154.634569,0.0,0.0,0.0,766.6375,0.0,0.0,0.0,0,0,0,0,E,E,E,174.792485,-41.316963
e556b648-0235-47de-8a28-52a03b34921d,1,0.0,1741.842473,0.0,0.0,0.0,766.6375,0.0,200.0,0.05,0,0,1,0,M,E,E,174.793837,-41.323825
e5613fbe-65df-4680-a8ba-1fcffe515383,1,377.7838,1867.230137,0.0,0.0,0.0,766.6375,0.0,1500.0,0.0,0,0,1,0,E,E,E,174.799037,-41.321447
e56fd598-5751-4bc5-9042-e4d7ad70f170,1,0.0,920.474831,11.728836,798.8,0.0,766.6375,0.0,0.0,0.1,1,0,0,0,E,E,D,174.788,-41.321851
e5719403-50aa-4fc6-bd20-7a081a4f097a,1,426.7884,1960.665565,0.0,0.0,0.0,766.6375,0.0,1500.0,0.05,0,0,1,0,M,E,E,174.778553,-41.323574
e59f5b89-6ead-4d54-82b3-7ffec36f3161,1,248.0438,1459.155733,0.0,0.0,0.0,766.6375,0.0,1500.0,0.05,0,0,1,0,M,E,E,174.774694,-41.322419
e5b29043-e473-495e-9cb9-d24b3869fb7c,1,440.1399,1713.535936,0.0,0.0,0.0,766.6375,0.0,500.0,0.0,0,0,1,0,E,E,E,174.776937,-41.319702
e5b49e3b-e17a-48ae-af8c-1a94fc7ea92d,1,261.2692,1914.343193,0.0,0.0,0.0,766.6375,0.0,1500.0,0.05,0,0,1,0,M,E,E,174.797241,-41.32304
e5c220b5-f6fd-4e25-ae25-d16380883408,1,0.0,1522.145885,0.0,0.0,0.0,766.6375,0.0,0.0,0.0,0,0,0,0,E,E,E,174.776573,-41.318623
e5c7dd68-7b59-42c5-9bea-f057064efea7,1,0.0,1069.675984,0.0,0.0,0.0,766.6375,0.0,0.0,0.0,0,0,0,0,E,E,E,174.790889,-41.313285
e5da02db-5a2d-471c-99cd-725ee545a3dc,1,0.0,1715.487475,0.0,0.0,0.0,766.6375,0.0,200.0,0.05,0,0,1,0,M,E,E,174.778443,-41.320472
e5e22293-2660-4016-ae1e-21cbce30c359,1,0.0,1790.937546,0.0,0.0,0.0,766.6375,0.0,200.0,0.05,0,0,1,0,M,E,E,174.793834,-41.324029
e5f5100c-9a4c-44dd-a141-75ccf0ada9ba,1,0.0,1096.81129,0.0,0.0,0.0,766.6375,0.0,0.0,0.05,0,0,0,0,E,E,M,174.804649,-41.320236
e61d81c0-5e61-4be9-9f53-7cb12c1c86d9,1,217.4249,1732.337578,0.0,0.0,0.0,766.6375,0.0,1500.0,0.0,0,0,1,0,E,E,E,174.7807,-41.312311
e61f81f3-2b32-4409-9790-1df283262ec7,2,211.6731,1645.520333,0.0,0.0,0.0,766.6375,0.0,1500.0,0.0,0,0,1,0,E,E,E,174.783223,-41.318689
e621ddcf-3844-4d28-9214-bb5346316489,1,0.0,1081.847409,10.58666,1224.08,0.0,766.6375,0.0,0.0,0.0,1,0,0,0,E,E,E,174.785142,-41.316032
e63e3e18-50d6-4217-abfc-c5efebc08453,1,0.0,1745.087209,0.0,0.0,0.0,766.6375,0.0,0.0,0.0,0,0,0,0,E,E,E,174.777375,-41.312427
e65fbfbd-8cb7-4bc1-b630-152bc59b6d35,1,191.6023,1683.985012,0.0,0.0,0.0,766.6375,0.0,500.0,0.0,0,0,1,0,E,E,E,174.78235,-41.314653
e6610a6f-1f79-498c-a595-27cc7e490fb0,1,277.301,1749.262912,0.0,0.0,0.0,766.6375,0.0,500.0,0.0,0,0,1,0,E,E,E,174.781735,-41.315138
e66dbf3f-d7ce-4c98-bcb6-840dea6efc2b,1,0.0,1664.185642,0.0,0.0,0.0,766.6375,0.0,0.0,0.0,0,0,0,0,E,E,E,174.774863,-41.324628
e671e6d4-c5bd-4aa1-94b6-62964469f5e6,3,0.0,1030.372195,0.0,0.0,0.0,766.6375,0.0,0.0,0.0,0,0,0,0,E,E,E,174.791844,-41.324616
e681649f-be62-4313-b0af-a6b1c3d7fba5,1,267.2139,1699.966631,0.0,0.0,0.0,766.6375,0.0,1500.0,0.0,0,0,1,0,E,E,E,174.785862,-41.311469
e687373d-a6c6-4eda-889e-23af6d00602c,1,0.0,1267.680252,0.0,0.0,0.0,766.6375,0.0,0.0,0.0,0,0,0,0,E,E,E,174.788483,-41.313081
e68c9e09-90b1-4bf9-97de-fd8fea4d101e,1,0.0,1029.338337,0.0,0.0,0.0,766.6375,0.0,0.0,0.05,0,0,0,0,E,E,M,174.775115,-41.318454
e695373d-7220-4aa8-bb5d-2adc59c8b66c,1,0.0,978.143051,0.0,0.0,0.0,766.6375,0.0,0.0,0.05,0,0,0,0,E,E,M,174.774571,-41.315274
e6a278a5-53d0-4ca3-8338-987c1b000baa,3,0.0,1529.648354,0.0,0.0,0.0,766.6375,0.0,0.0,0.05,0,0,0,0,E,E,M,174.776969,-41.311363
e6a61a08-571c-4281-8fce-2f3b9e77ac27,2,0.0,862.755315,23.455351,744.69,0.0,766.6375,0.0,0.0,0.1,1,0,0,0,E,E,D,174.787844,-41.320726
e6ab8b52-f46b-45e8-bd2b-4e574b2f2645,1,186.9349,1657.985238,0.0,0.0,0.0,766.6375,0.0,1500.0,0.0,0,0,1,0,E,E,E,174.784853,-41.310514
e6d1a62f-c048-430a-97ef-754b7e074744,1,0.0,960.074546,0.0,0.0,0.0,766.6375,0.0,0.0,0.1,0,0,0,0,E,E,D,174.787928,-41.322
e6d27205-9978-4545-a2d6-50c79a38b77d,5,278.0518,1801.273668,0.0,0.0,0.0,766.6375,0.0,500.0,0.05,0,0,1,0,M,E,E,174.781283,-41.314857
e6ee19d3-4ac7-4126-af40-e2f2b84c9917,1,0.0,996.487659,0.0,0.0,0.0,766.6375,0.0,0.0,0.05,0,0,0,0,E,E,M,174.792586,-41.320342
e6fa4c30-4c7a-4d35-9417-b7a04f6928b9,1,199.7584,1556.676665,0.0,0.0,0.0,766.6375,0.0,500.0,0.05,0,0,1,0,M,E,E,174.779431,-41.313939
e71ac5b9-b198-4d2f-aae9-f5d586ceabc8,1,0.0,1837.607189,0.0,0.0,0.0,766.6375,0.0,200.0,0.0,0,0,1,0,E,E,E,174.795105,-41.324146
e72dd0f3-a5bb-4878-91c4-f209c138ca45,1,284.1232,1746.980922,0.0,0.0,0.0,766.6375,0.0,500.0,0.0,0,0,1,0,E,E,E,174.784341,-41.311827
e771f300-cfe8-4f06-b78c-9281ff8839fa,1,264.6925,1760.542666,0.0,0.0,0.0,766.6375,0.0,1500.0,0.0,0,0,1,0,E,E,E,174.781544,-41.317265
e778972a-0726-46af-9a0f-d7efd4e84e97,1,0.0,1417.270715,0.0,0.0,0.0,766.6375,0.0,200.0,0.05,0,0,1,0,E,E,M,174.785261,-41.311916
e77e4f2e-226c-4011-b1a0-d16f6f754aee,1,0.0,935.561156,0.0,0.0,0.0,766.6375,0.0,0.0,0.1,0,0,0,0,E,E,D,174.789815,-41.317773
e79c3bd2-b1df-4468-b988-78ed73cd5c20,1,0.0,954.720679,0.0,0.0,0.0,766.6375,0.0,0.0,0.1,0,0,0,0,M,E,M,174.787912,-41.312958
e7aa6e62-48ec-432b-aa78-4d68691ab614,1,390.7327,1881.935715,0.0,0.0,0.0,766.6375,0.0,1500.0,0.0,0,0,1,0,E,E,E,174.79744,-41.317802
e7ac2d44-7de6-4253-b721-6ba530f081f2,1,0.0,846.30283,0.0,0.0,0.0,766.6375,0.0,0.0,0.15,0,0,0,0,M,E,D,174.789316,-41.323993
e7aeb89f-32b1-4603-b09f-052fbff8ad01,1,479.9305,1538.004552,0.0,0.0,0.0,766.6375,0.0,500.0,0.05,0,0,1,0,M,E,E,174.79205,-41.311557
e7c90777-caeb-4667-871d-5e83dfe70378,1,186.0374,1748.001619,0.0,0.0,0.0,766.6375,0.0,500.0,0.0,0,0,1,0,E,E,E,174.784523,-41.312402
e7ca622b-7803-4402-a328-ab53809dd650,1,0.0,1209.422659,0.0,0.0,0.0,766.6375,0.0,0.0,0.05,0,0,0,0,M,E,E,174.803612,-41.319638
e7d2893b-64d4-431c-acea-975b6f58a2b7,2,243.0088,1761.333349,0.0,0.0,0.0,766.6375,0.0,500.0,0.0,0,0,1,0,E,E,E,174.781509,-41.315223
e7dae12d-8a90-49d4-9293-844a605c0bac,2,1300.9707,1714.344308,0.0,0.0,0.0,766.6375,0.0,4000.0,0.05,0,0,1,0,M,E,E,174.805526,-41.319187
e7dc0312-77c7-4559-92f8-4c93b81e3377,2,17435.2546,1875.676181,0.0,0.0,0.0,766.6375,0.0,1500.0,0.1,0,0,1,0,D,E,E,174.795949,-41.313356
e7e65744-cc28-4b0e-a183-b51b77ac6ae7,3,0.0,1032.113184,0.0,0.0,0.0,766.6375,0.0,0.0,0.05,0,0,0,0,E,E,M,174.787746,-41.321085
e7e9a489-ebad-44e9-a925-cb53713d55fd,1,0.0,980.070068,0.0,0.0,0.0,766.6375,0.0,0.0,0.05,0,0,0,0,E,E,M,174.775411,-41.312631
e7f941da-5d2a-4c69-aeea-6781d283e734,5,770.4747,1586.356412,0.0,0.0,0.0,766.6375,0.0,4000.0,0.0,0,0,1,0,E,E,E,174.775721,-41.31965
e7fd60a7-f404-427a-9eaf-860def0272d1,1,0.0,1382.051774,6.466111,798.8,0.0,766.6375,0.0,0.0,0.0,1,0,0,0,E,E,E,174.774208,-41.323475
e805be10-3aa1-4627-bfae-de0d49572c04,2,0.0,1338.748359,0.0,0.0,0.0,766.6375,0.0,0.0,0.05,0,0,0,0,E,E,M,174.802615,-41.320467
e839419f-60a3-48e7-bff6-ff36ad1c42d6,1,0.0,1516.151396,0.0,0.0,0.0,766.6375,0.0,0.0,0.05,0,0,0,0,M,E,E,174.791092,-41.311338
e87bac4f-9c2d-4895-9e03-67a4f560b8ce,1,0.0,1728.735741,0.0,0.0,0.0,766.6375,0.0,200.0,0.0,0,0,1,0,E,E,E,174.780889,-41.315675
e88d2d44-1fa6-437e-ae66-d0e263e9ad5c,7,371.2955,1652.545317,0.0,0.0,0.0,766.6375,0.0,500.0,0.05,0,0,1,0,M,E,E,174.777695,-41.319681
e88efbe1-d320-4eb1-ae91-9c53211f9b35,1,0.0,1689.107493,0.0,0.0,0.0,766.6375,0.0,200.0,0.0,0,0,1,0,E,E,E,174.78334,-41.319115
e8d18646-c01e-4a32-b142-d92fa9d3cd59,2,0.0,1744.422343,0.0,0.0,0.0,766.6375,0.0,200.0,0.0,0,0,1,0,E,E,E,174.784883,-41.313096
e8fa783d-7360-4067-b2d9-e3684bff8c7f,3,0.0,884.492143,0.0,0.0,0.0,766.6375,0.0,0.0,0.1,0,0,0,0,E,E,D,174.786501,-41.315514
e8fddbb6-c251-479a-91f9-33fe00666de7,1,298.863,1932.406233,0.0,0.0,0.0,766.6375,0.0,500.0,0.0,0,0,1,0,E,E,E,174.798767,-41.320509
e9009498-d5fe-4660-8ced-6a07f84d46bb,1,0.0,958.937636,0.0,0.0,0.0,766.6375,0.0,0.0,0.0,0,0,0,0,E,E,E,174.786935,-41.322948
e948e310-e882-40c7-bbcd-11065c0eeaa0,1,0.0,849.585596,0.0,0.0,0.0,766.6375,0.0,0.0,0.2,0,0,0,0,D,E,D,174.786637,-41.317818
e95681b2-3d87-4cf4-9bea-f3471f128e92,1,0.0,1600.512875,0.0,0.0,0.0,766.6375,0.0,0.0,0.05,0,0,0,0,M,E,E,174.776749,-41.321963
e957b8df-fff9-47a2-8f57-00d8ca777746,1,333.1637,1518.126066,0.0,0.0,0.0,766.6375,0.0,500.0,0.0,0,0,1,0,E,E,E,174.793949,-41.322308
e962e247-1ee1-44ca-8ec5-5d6fba9dd75b,3,0.0,929.047486,0.0,0.0,0.0,766.6375,0.0,0.0,0.1,0,0,0,0,E,E,D,174.777716,-41.314101
e963a516-82cc-4c77-855f-f57314997e1e,1,0.0,903.315079,0.0,0.0,0.0,766.6375,0.0,0.0,0.05,0,0,0,0,E,E,M,174.786925,-41.323434
e97bb7e0-1768-4de0-a3d5-475baff9bbc0,1,0.0,1061.123677,0.0,0.0,0.0,766.6375,0.0,0.0,0.0,0,0,0,0,E,E,E,174.775732,-41.323543
e983b65c-8713-41e0-aeb1-1f29cc3324ef,2,0.0,1214.09251,0.0,0.0,0.0,766.6375,0.0,0.0,0.05,0,0,0,0,M,E,E,174.804067,-41.320109
e99e5d8e-c8e7-43e9-8f7e-d020b56e0d64,1,0.0,1913.990752,0.0,0.0,0.0,766.6375,0.0,200.0,0.0,0,0,1,0,E,E,E,174.797475,-41.324897
e9ab22a8-be49-4ad9-a444-41364c7e88b8,2,0.0,1691.704885,0.0,0.0,0.0,766.6375,0.0,200.0,0.0,0,0,1,0,E,E,E,174.778126,-41.320261
e9ad3b4e-ba95-46a0-b1f6-bb3e7ba9d5d5,1,374.2527,1800.53383,0.0,0.0,0.0,766.6375,0.0,500.0,0.0,0,0,1,0,E,E,E,174.795009,-41.318981
e9b2c64c-7412-402a-9cea-a2c3e1ae7398,1,179.375,1860.414792,0.0,0.0,0.0,766.6375,0.0,500.0,0.0,0,0,1,0,E,E,E,174.781994,-41.31438
e9cc5520-599d-4690-aa0b-9c72a58a5271,1,235.6098,1785.7584,0.0,0.0,0.0,766.6375,0.0,500.0,0.0,0,0,1,0,E,E,E,174.78187,-41.315159
ea2a3bd6-ad8d-412f-a6bf-7d8e85662f95,1,0.0,771.221846,28.601652,798.8,0.0,766.6375,0.0,0.0,0.1,1,0,0,0,E,E,D,174.792472,-41.323095
ea424d12-bab9-42d0-a0be-5ee42022c2ec,1,0.0,1749.931318,0.0,0.0,0.0,766.6375,0.0,200.0,0.0,0,0,1,0,E,E,E,174.784897,-41.312348
ea5f7017-dbce-49bc-bac0-33b5d838bb1c,1,0.0,995.777162,0.0,0.0,0.0,766.6375,0.0,0.0,0.0,0,0,0,0,E,E,E,174.791808,-41.314616
ea62f741-b3a3-48eb-b2d4-c9e676eed9fb,1,312.1704,1498.805719,15.459801,879.87,0.0,766.6375,0.0,1500.0,0.05,1,0,1,0,M,E,E,174.782579,-41.31722
ea691357-1134-4631-9a06-3e7beb714256,1,365.6932,1948.022608,0.0,0.0,0.0,766.6375,0.0,500.0,0.0,0,0,1,0,E,E,E,174.796787,-41.324736
ea6dbe59-2eae-4caa-beb6-de8a5042f51b,1,0.0,1065.335254,0.0,0.0,0.0,766.6375,0.0,0.0,0.1,0,0,0,0,M,E,M,174.789052,-41.314922
ea7471fa-5166-4560-bb24-a301bc35bad8,1,289.2919,1719.670755,0.0,0.0,0.0,766.6375,0.0,500.0,0.0,0,0,1,0,E,E,E,174.78328,-41.315355
ea83447c-47e9-4814-a74d-f4560a0abb9c,8,708.0258,1870.417492,0.0,0.0,0.0,766.6375,0.0,500.0,0.0,0,0,1,0,E,E,E,174.780837,-41.313347
ea92343f-0552-4007-af63-7f75c0231ccf,1,0.0,1624.220532,0.0,0.0,0.0,766.6375,0.0,200.0,0.05,0,0,1,0,M,E,E,174.778199,-41.318439
eaa7821a-1600-4aea-99cd-dcdde76541ef,1,387.9569,1918.214471,0.0,0.0,0.0,766.6375,0.0,2500.0,0.0,0,0,1,0,E,E,E,174.803534,-41.32358
eaaa6147-835f-4e50-9017-341d753820b5,1,449.0302,1750.023492,0.0,0.0,0.0,766.6375,0.0,500.0,0.05,0,0,1,0,M,E,E,174.778429,-41.31908
eaaf6b95-ffc5-4d79-8404-9a5717c207f7,1,0.0,1689.643423,0.0,0.0,0.0,766.6375,0.0,200.0,0.0,0,0,1,0,E,E,E,174.784089,-41.311001
eab5e57c-c7e1-4cdd-8e16-8617b2dd3e71,1,0.0,1243.926424,0.0,0.0,0.0,766.6375,0.0,0.0,0.0,0,0,0,0,E,E,E,174.796005,-41.309894
eac2d29e-46f8-44e2-b890-4b9062c44a52,3,914.8287,1872.545957,0.0,0.0,0.0,766.6375,0.0,1500.0,0.0,0,0,1,0,E,E,E,174.795872,-41.317799
eac9fc1e-4c72-4c3e-a88c-df5825142e02,1,0.0,858.896313,14.631724,1224.08,0.0,766.6375,0.0,0.0,0.1,1,0,0,0,E,E,D,174.785992,-41.313691
eadae4ba-66d3-449d-87b5-f864f37077ec,6,0.0,1030.681154,0.0,0.0,0.0,766.6375,0.0,0.0,0.1,0,0,0,0,M,E,M,174.777705,-41.31457
eadea243-3bf5-4f0d-8a4b-65f892912d91,1,302.7398,1914.793395,0.0,0.0,0.0,766.6375,0.0,1500.0,0.05,0,0,1,0,M,E,E,174.800467,-41.320709
eadfb7c4-47dc-4ba9-a5de-e397a719ec09,1,168.0382,1492.204027,0.0,0.0,0.0,766.6375,0.0,500.0,0.0,0,0,1,0,E,E,E,174.778209,-41.312496
eae861a4-fc6d-4c77-8913-d5e66cd86133,1,0.0,945.744437,0.0,0.0,0.0,766.6375,0.0,0.0,0.05,0,0,0,0,E,E,M,174.790465,-41.312761
eafbf803-db7d-4c4c-8737-569d0669cdb0,1,269.6135,1671.357856,0.0,0.0,0.0,766.6375,0.0,500.0,0.0,0,0,1,0,E,E,E,174.772959,-41.321914
eb0f50e4-9af3-48b5-b5cf-8693e99382d6,1,298.2507,1517.854764,0.0,0.0,0.0,766.6375,0.0,500.0,0.05,0,0,1,0,M,E,E,174.773622,-41.320411
eb4d52bf-ea47-4e9c-b643-31453315920b,2,243.8938,1811.34163,0.0,0.0,0.0,766.6375,0.0,500.0,0.0,0,0,1,0,E,E,E,174.777707,-41.318612
eb52ee88-68eb-4782-aa32-a6d2b35c8768,1,0.0,1703.860291,0.0,0.0,0.0,766.6375,0.0,0.0,0.0,0,0,0,0,E,E,E,174.792845,-41.315262
eb56489c-7bc1-4d52-8bcf-176fd78b9382,1,276.1102,1932.405283,0.0,0.0,0.0,766.6375,0.0,1500.0,0.0,0,0,1,0,E,E,E,174.797191,-41.321691
eb584c6e-e304-43f4-bbdd-f615c79915fd,1,0.0,1683.617801,0.0,0.0,0.0,766.6375,0.0,0.0,0.05,0,0,0,0,M,E,E,174.802992,-41.321991
eb603ccf-d40b-4ca2-83c4-bed88da8a609,1,0.0,705.429021,0.0,0.0,0.0,766.6375,0.0,0.0,0.2,0,0,0,0,D,E,D,174.791343,-41.322505
eb6b7d0c-41f2-4d3c-8532-fc94467255b9,2,0.0,827.420756,0.0,0.0,0.0,766.6375,0.0,0.0,0.15,0,0,0,0,M,E,D,174.803512,-41.320307
eb6f8820-10f5-48e0-ae3a-f0688f8cd007,1,0.0,879.228414,29.324929,1224.08,0.0,766.6375,0.0,0.0,0.1,1,0,0,0,E,E,D,174.79036,-41.320669
eb85c3d2-66d3-40c3-a4c4-5aecdf56829b,1,0.0,1491.982694,0.0,0.0,0.0,766.6375,0.0,0.0,0.1,0,0,0,0,M,E,M,174.777089,-41.314687
ebb4d2e1-d86f-4265-9484-d7fa938c1fdb,1,394.0878,1510.16284,17.370189,879.87,0.0,766.6375,0.0,500.0,0.1,1,0,1,0,M,E,M,174.774485,-41.320858
ebb50e3e-595a-43bc-8175-c3c267eba35c,1,0.0,1755.575936,5.949757,1224.08,0.0,766.6375,0.0,200.0,0.0,1,0,1,0,E,E,E,174.781288,-41.314452
ebbfae90-289a-48ab-b090-277045c03ba5,1,0.0,1047.960094,0.0,0.0,0.0,766.6375,0.0,0.0,0.0,0,0,0,0,E,E,E,174.790829,-41.317033
ebc7ef54-82d3-4618-8baa-3fd851a2b431,1,0.0,1053.429092,0.0,0.0,0.0,766.6375,0.0,0.0,0.0,0,0,0,0,E,E,E,174.774638,-41.31505
ebda4d39-fbad-4294-914e-7cbe82bca7c0,1,0.0,1570.439418,0.0,0.0,0.0,766.6375,0.0,0.0,0.0,0,0,0,0,E,E,E,174.785483,-41.314001
ebf53c5a-9ece-4ac3-97df-21b63f9d1ebc,2,0.0,1811.493591,0.0,0.0,0.0,766.6375,0.0,200.0,0.0,0,0,1,0,E,E,E,174.780461,-41.313872
ebfd787a-a5c5-4c84-8bba-58bafdf6709c,1,220.704,1906.2844,0.0,0.0,0.0,766.6375,0.0,500.0,0.0,0,0,1,0,E,E,E,174.798974,-41.319927
ec004e6e-4b55-481d-bac0-6f03c801765e,1,352.3315,1010.188015,0.0,0.0,0.0,766.6375,0.0,500.0,0.05,0,0,1,0,M,E,E,174.792959,-41.31072
ec09d348-7664-41bc-9111-0ad092b5f40a,1,0.0,1040.180154,0.0,0.0,0.0,766.6375,0.0,0.0,0.0,0,0,0,0,E,E,E,174.779724,-41.321044
ec1063a2-37b2-484e-9c17-c7a24e04ad0c,2,0.0,1080.644572,0.0,0.0,0.0,766.6375,0.0,0.0,0.1,0,0,0,0,M,E,M,174.788056,-41.315608
ec194529-ae02-47be-bcfc-8799b4a6dc9b,1,349.9031,1821.23442,0.0,0.0,0.0,766.6375,0.0,500.0,0.05,0,0,1,0,M,E,E,174.795097,-41.324803
ec1b1100-2564-4b3e-a4f8-07873f6c70e8,1,297.2902,1838.613214,0.0,0.0,0.0,766.6375,0.0,4000.0,0.0,0,0,1,0,E,E,E,174.801031,-41.320662
ec2b08fa-9ff6-4719-aba5-7d6d367e2496,1,0.0,1794.317506,0.0,0.0,0.0,766.6375,0.0,0.0,0.05,0,0,0,0,M,E,E,174.781704,-41.317075
ec583c22-c112-41a6-b5ba-40f9eda2c9c0,1,0.0,1643.503596,0.0,0.0,0.0,766.6375,0.0,200.0,0.0,0,0,1,0,E,E,E,174.778622,-41.314744
ec5d02a6-2193-4df8-b583-48d21ee7623c,2,238.253,1913.052519,0.0,0.0,0.0,766.6375,0.0,500.0,0.0,0,0,1,0,E,E,E,174.799071,-41.319605
ec6dea97-82c1-4ce3-b6f2-07ce6ce08967,1,0.0,1686.868136,0.0,0.0,0.0,766.6375,0.0,200.0,0.0,0,0,1,0,E,E,E,174.780354,-41.316598
ec737266-44fe-4dad-a55f-7dd6bf830070,1,0.0,1058.479965,0.0,0.0,0.0,766.6375,0.0,0.0,0.0,0,0,0,0,E,E,E,174.786331,-41.318335
ec765a14-2880-4b4f-be73-bb1f8c62bb78,1,0.0,1020.903864,0.0,0.0,0.0,766.6375,0.0,0.0,0.0,0,0,0,0,E,E,E,174.791333,-41.315346
ec7e905f-dc1b-4a02-a0a0-07467d54d05d,1,0.0,1028.988469,0.0,0.0,0.0,766.6375,0.0,200.0,0.05,0,0,1,0,M,E,E,174.773087,-41.32024
ec9e3056-71e2-4eb6-b086-041e2dde6440,1,0.0,1810.391505,0.0,0.0,0.0,766.6375,0.0,200.0,0.0,0,0,1,0,E,E,E,174.80188,-41.319694
ec9e9915-e408-4340-9a0a-e5c2919cf78e,3,186.3088,1746.682914,0.0,0.0,0.0,766.6375,0.0,1500.0,0.0,0,0,1,0,E,E,E,174.781639,-41.317257
ecbd4189-325d-4dda-a4bd-5bf7f32d5d81,2,0.0,1466.213026,0.0,0.0,0.0,766.6375,0.0,200.0,0.05,0,0,1,0,M,E,E,174.79207,-41.314564
ecc58468-e242-4c61-8fcd-be76aa1d9456,1,0.0,1070.39246,0.0,0.0,0.0,766.6375,0.0,0.0,0.0,0,0,0,0,E,E,E,174.803628,-41.321996
ecca87ff-16d3-45d4-8f41-730e89384450,3,0.0,1478.099151,0.0,0.0,0.0,766.6375,0.0,0.0,0.05,0,0,0,0,E,E,M,174.78632,-41.313044
ecde90a8-3b54-4259-aa83-cd7419b4963f,3,0.0,1106.016497,0.0,0.0,0.0,766.6375,0.0,0.0,0.1,0,0,0,0,E,E,D,174.787727,-41.324705
ecf6670c-c669-4db8-937b-98b1eab92d8f,2,0.0,998.667533,13.16267,1224.08,0.0,766.6375,0.0,0.0,0.05,1,0,0,0,E,E,M,174.776633,-41.323302
ed02f474-427b-4c88-99f2-032636fc24be,1,0.0,1155.103547,0.0,0.0,0.0,766.6375,0.0,0.0,0.05,0,0,0,0,M,E,E,174.789011,-41.31422
ed085437-8990-4bdc-b781-119ad20854b8,1,0.0,1083.235089,0.0,0.0,0.0,766.6375,0.0,0.0,0.0,0,0,0,0,E,E,E,174.791863,-41.316841
ed1e73dc-7ade-4f82-bed0-be82968c8a1b,4,0.0,1040.615385,20.166033,744.69,0.0,766.6375,0.0,0.0,0.15,1,0,0,0,D,E,M,174.78751,-41.313392
ed27226d-204e-4390-83e8-0d64af81fbab,4,0.0,1101.005112,0.0,0.0,0.0,766.6375,0.0,0.0,0.05,0,0,0,0,M,E,E,174.776318,-41.31136
ed43d58a-de17-4ff1-a7a4-7d0922efa897,1,0.0,1001.983316,7.535848,798.8,0.0,766.6375,0.0,0.0,0.0,1,0,0,0,E,E,E,174.793497,-41.318707
ed4e6821-2209-4409-ac31-4ae823638011,1,0.0,872.674818,0.0,0.0,0.0,766.6375,0.0,0.0,0.1,0,0,0,0,E,E,D,174.789964,-41.31842
ed5d7e1d-f5ba-4fb7-b47c-16cc6e2d6a23,1,0.0,1517.778974,0.0,0.0,0.0,766.6375,0.0,200.0,0.0,0,0,1,0,E,E,E,174.785496,-41.312263
ed606e74-ac01-4420-ac6a-4a779d4c730e,1,378.0881,1771.000649,0.0,0.0,0.0,766.6375,0.0,1500.0,0.05,0,0,1,0,M,E,E,174.794183,-41.3248
ed9896c9-b92d-4e57-8027-3475c4ab50b6,1,280.2763,985.895388,0.0,0.0,0.0,766.6375,0.0,1500.0,0.05,0,0,1,0,E,E,M,174.797375,-41.310733
ed9c285e-48ae-4a32-a2b2-d27260a83f43,1,0.0,1750.63503,0.0,0.0,0.0,766.6375,0.0,200.0,0.05,0,0,1,0,M,E,E,174.78462,-41.312715
edaa3059-5df3-45ec-bbb4-47fe60567f4f,1,306.4784,1917.582177,0.0,0.0,0.0,766.6375,0.0,1500.0,0.05,0,0,1,0,M,E,E,174.797302,-41.321372
edddc404-5184-4fce-94d9-a6d50dc86607,2,0.0,1274.81349,14.370519,879.87,0.0,766.6375,0.0,0.0,0.05,1,0,0,0,E,E,M,174.774066,-41.321673
edf0fdfe-45bf-40d9-b964-52b91fb59299,1,230.7426,1866.532869,13.291437,879.87,0.0,766.6375,0.0,500.0,0.05,1,0,1,0,E,E,M,174.778285,-41.321723
edf286cd-0025-4f47-b434-502a9da272d5,2,417.1503,1491.668647,0.0,0.0,0.0,766.6375,0.0,500.0,0.05,0,0,1,0,E,E,M,174.781398,-41.310931
ee07c2d3-70ab-42de-b788-a004cbb69082,1,245.5477,1620.915741,0.0,0.0,0.0,766.6375,0.0,500.0,0.0,0,0,1,0,E,E,E,174.776872,-41.318634
ee105f54-a68f-45ec-b4b7-768b73fa09ed,1,385.2353,1705.212281,0.0,0.0,0.0,766.6375,0.0,2500.0,0.0,0,0,1,0,E,E,E,174.803946,-41.322888
ee2d3ea5-de35-452a-a93a-92526e1005b6,1,168.3434,1745.370892,0.0,0.0,0.0,766.6375,0.0,500.0,0.0,0,0,1,0,E,E,E,174.782448,-41.318824
ee3fc057-c7e1-4de8-a666-a90b4f3df0d3,1,0.0,1716.842891,0.0,0.0,0.0,766.6375,0.0,0.0,0.0,0,0,0,0,E,E,E,174.781187,-41.317256
ee769fa3-7e4d-42f6-aca0-7331821ab30d,1,490.3775,2036.849831,0.0,0.0,0.0,766.6375,0.0,1500.0,0.0,0,0,1,0,E,E,E,174.779804,-41.319124
ee7a238a-59b4-4d8d-a4f6-7aac32a7e0d8,1,127.5543,1786.190947,0.0,0.0,0.0,766.6375,0.0,500.0,0.0,0,0,1,0,E,E,E,174.781128,-41.314888
ee81bacb-e301-47e4-afae-9d7f63a0712c,1,492.2044,1709.189185,0.0,0.0,0.0,766.6375,0.0,500.0,0.05,0,0,1,0,M,E,E,174.804526,-41.323218
ee81f8cf-2f92-4223-ad40-33c2eefcf07c,1,316.2383,1881.522193,0.0,0.0,0.0,766.6375,0.0,500.0,0.05,0,0,1,0,M,E,E,174.799012,-41.318897
ee84843b-5254-4f5e-925a-eae6d4b20014,1,0.0,922.902968,0.0,0.0,0.0,766.6375,0.0,0.0,0.1,0,0,0,0,E,E,D,174.791768,-41.32125
ee8b3d49-1fb6-46e7-b5bc-73d83d68a838,1,0.0,974.292346,0.0,0.0,0.0,766.6375,0.0,0.0,0.05,0,0,0,0,E,E,M,174.793366,-41.31017
eeacf524-e793-44ad-b268-6ce0abd9ecf5,1,0.0,1747.659866,0.0,0.0,0.0,766.6375,0.0,200.0,0.05,0,0,1,0,M,E,E,174.783835,-41.31284
eec1c50e-aa6c-442d-aaeb-cde77013004d,1,0.0,1305.004879,13.613045,744.69,0.0,766.6375,0.0,0.0,0.05,1,0,0,0,E,E,M,174.782602,-41.317397
eecae399-6b05-4bc0-9869-10290b6f1d52,1,402.146,1956.196104,0.0,0.0,0.0,766.6375,0.0,2500.0,0.0,0,0,1,0,E,E,E,174.803886,-41.323706
eee70d70-e44d-4bab-9bc8-55519be9fe29,1,0.0,1998.191668,0.0,0.0,0.0,766.6375,0.0,0.0,0.05,0,0,0,0,M,E,E,174.775624,-41.327963
eee9b752-4f10-425c-8eae-34f4be4300f8,1,0.0,910.848063,24.737811,1224.08,0.0,766.6375,0.0,0.0,0.1,1,0,0,0,M,E,M,174.791827,-41.318121
ef35f113-8dc4-41e1-962e-9d2193a6b0d1,1,267.3358,1660.740105,0.0,0.0,0.0,766.6375,0.0,500.0,0.0,0,0,1,0,E,E,E,174.775527,-41.314202
ef3a2ca2-307e-4f1c-9010-58bbee4cc13c,1,0.0,1166.068264,0.0,0.0,0.0,766.6375,0.0,0.0,0.05,0,0,0,0,M,E,E,174.792519,-41.317046
ef3df4c3-caa1-4ffe-a84a-b5ad1efd35f1,1,0.0,1650.987251,0.0,0.0,0.0,766.6375,0.0,0.0,0.0,0,0,0,0,E,E,E,174.78555,-41.314182
ef400a29-3c5f-45ab-9473-57951198ad2b,1,0.0,1829.49491,0.0,0.0,0.0,766.6375,0.0,200.0,0.05,0,0,1,0,M,E,E,174.795645,-41.321729
ef4b3dc2-dbe1-45ef-99d2-2caea7d5ecdb,1,0.0,1749.342274,0.0,0.0,0.0,766.6375,0.0,200.0,0.0,0,0,1,0,E,E,E,174.781162,-41.315997
ef5fa854-10e5-4e8b-a99d-66f7f39cde2c,4,0.0,1979.051693,10.374852,1224.08,0.0,766.6375,0.0,200.0,0.0,1,0,1,0,E,E,E,174.787355,-41.312147
ef63c881-84cc-48e4-90b9-928dc3c87b4b,1,0.0,1113.393825,0.0,0.0,0.0,766.6375,0.0,0.0,0.05,0,0,0,0,E,E,M,174.804623,-41.320881
ef6ce931-9830-4e43-bafb-35200c06bfec,1,0.0,832.63456,0.0,0.0,0.0,766.6375,0.0,0.0,0.15,0,0,0,0,M,E,D,174.786072,-41.313819
ef6f92d9-a963-4036-9ed2-493a5fefa421,1,0.0,1237.521896,18.935099,879.87,0.0,766.6375,0.0,0.0,0.1,1,0,0,0,E,E,D,174.773844,-41.322857
ef8bbbc2-2806-4314-9ed7-504e804089ff,1,0.0,1101.869226,6.347293,1224.08,0.0,766.6375,0.0,0.0,0.05,1,0,0,0,M,E,E,174.780096,-41.321048
ef8fb8e1-9323-474a-b5a2-660ed939f320,1,0.0,1828.335862,0.0,0.0,0.0,766.6375,0.0,200.0,0.0,0,0,1,0,E,E,E,174.796242,-41.323018
ef8fdeff-ced4-4c80-857d-baf3b8fa5b70,1,281.5448,1752.87511,0.0,0.0,0.0,766.6375,0.0,4000.0,0.0,0,0,1,0,E,E,E,174.776023,-41.319668
ef9e92f7-2352-4b03-9b73-e3c4d146996b,1,0.0,1044.572606,0.0,0.0,0.0,766.6375,0.0,0.0,0.1,0,0,0,0,M,E,M,174.775893,-41.311138
efa4590b-57a9-446a-b03a-66af444de05f,1,0.0,1581.390692,18.402782,643.19,0.0,766.6375,0.0,0.0,0.0,1,0,0,0,E,E,E,174.785393,-41.31513
efa8bcad-a3cd-4d83-8cf6-9c194f80e0f1,1,270.9853,1895.920852,0.0,0.0,0.0,766.6375,0.0,1500.0,0.0,0,0,1,0,E,E,E,174.798691,-41.322208
efb19bb2-4804-46b0-bf9b-95a1e549d730,1,0.0,1748.188016,0.0,0.0,0.0,766.6375,0.0,200.0,0.0,0,0,1,0,E,E,E,174.783952,-41.312842
efc6c5ab-3bf8-4fbb-bb59-ef70069f7412,1,0.0,1663.578543,0.0,0.0,0.0,766.6375,0.0,200.0,0.0,0,0,1,0,E,E,E,174.783576,-41.311017
efd0a9e9-3939-48e3-aa42-a03cf41d8fd7,1,0.0,911.476655,0.0,0.0,0.0,766.6375,0.0,0.0,0.05,0,0,0,0,E,E,M,174.789857,-41.323887
efd1f0f9-61ec-4c41-a17c-3133327dbf33,1,156.9229,2092.60197,0.0,0.0,0.0,766.6375,0.0,500.0,0.0,0,0,1,0,E,E,E,174.776738,-41.310293
efd57b35-e258-4966-9ed9-7552ec5f9d5d,1,276.27,1595.852415,0.0,0.0,0.0,766.6375,0.0,1500.0,0.0,0,0,1,0,E,E,E,174.783627,-41.318427
f01197c7-e20a-4402-9f53-9e3f1561ac8e,1,547.0129,1808.354707,0.0,0.0,0.0,766.6375,0.0,500.0,0.0,0,0,1,0,E,E,E,174.795264,-41.318475
f012b02a-32c0-4c41-926d-ccc0a61fdaf8,1,0.0,838.318336,17.102856,879.87,0.0,766.6375,0.0,0.0,0.1,1,0,0,0,E,E,D,174.792883,-41.321765
f021c8bc-5297-42fc-9560-aa7fcb244dbf,1,0.0,996.451186,0.0,0.0,0.0,766.6375,0.0,0.0,0.05,0,0,0,0,M,E,E,174.775037,-41.310974
f024602a-fb4c-45d3-aec3-7a84712d17ec,1,0.0,965.872365,0.0,0.0,0.0,766.6375,0.0,0.0,0.1,0,0,0,0,M,E,M,174.77536,-41.323929
f03e47ca-9126-4c14-99a5-2ba384011cd4,1,0.0,1081.084784,0.0,0.0,0.0,766.6375,0.0,0.0,0.0,0,0,0,0,E,E,E,174.777628,-41.313043
f03fbe86-721b-4b25-81fd-2cd174e7f485,1,0.0,1022.729796,0.0,0.0,0.0,766.6375,0.0,0.0,0.05,0,0,0,0,E,E,M,174.788575,-41.32365
f054a923-595c-45c8-975b-0b49217a90d1,1,399.6056,1915.529686,0.0,0.0,0.0,766.6375,0.0,1500.0,0.05,0,0,1,0,M,E,E,174.800419,-41.321362
f05c042c-8693-42a2-a0db-e878ed0b153a,1,0.0,890.594512,22.092276,879.87,0.0,766.6375,0.0,0.0,0.15,1,0,0,0,M,E,D,174.796036,-41.311067
f05ea2bf-9b49-470f-8b04-e9488b18c8e4,10,0.0,1394.780843,0.0,0.0,0.0,766.6375,0.0,200.0,0.1,0,0,1,0,D,E,E,174.784296,-41.318188
f060a7cd-80c8-4fe5-954e-545d47d8c823,1,0.0,968.679272,0.0,0.0,0.0,766.6375,0.0,0.0,0.05,0,0,0,0,E,E,M,174.793287,-41.309729
f079cf70-a6f3-4b97-849b-43e074be4387,1,0.0,1116.824256,0.0,0.0,0.0,766.6375,0.0,0.0,0.0,0,0,0,0,E,E,E,174.787293,-41.314505
f07a64f5-4ead-47ca-b0f4-60c27628ad8f,1,402.3621,1921.650976,0.0,0.0,0.0,766.6375,0.0,500.0,0.05,0,0,1,0,M,E,E,174.804972,-41.324233
f07fde80-d704-45a6-949c-f5e45ef63d93,1,178.0583,1645.185679,0.0,0.0,0.0,766.6375,0.0,1500.0,0.0,0,0,1,0,E,E,E,174.782943,-41.318724
f084bd6e-919a-4729-8e6a-cf02dadf272b,1,0.0,938.373306,0.0,0.0,0.0,766.6375,0.0,0.0,0.1,0,0,0,0,E,E,D,174.787184,-41.315524
f0961139-06c2-4b4a-8315-f674318c847f,1,162.0859,1529.120115,0.0,0.0,0.0,766.6375,0.0,1500.0,0.05,0,0,1,0,M,E,E,174.784912,-41.311712
f0aa31f0-05e2-4ed3-8106-5525ba46b28e,1,0.0,1075.604775,0.0,0.0,0.0,766.6375,0.0,0.0,0.0,0,0,0,0,E,E,E,174.776095,-41.323565
f0bb5e5e-8c9d-4e65-94ed-d119df086503,1,0.0,1911.981926,0.0,0.0,0.0,766.6375,0.0,200.0,0.0,0,0,1,0,E,E,E,174.799902,-41.320319
f0d28206-47fe-4ed1-89ef-fe3034f54b5e,1,1032.4619,1894.766758,0.0,0.0,0.0,766.6375,0.0,500.0,0.0,0,0,1,0,E,E,E,174.797663,-41.318896
f0d45275-0d3a-4184-a443-cb8cf61fa623,1,433.7266,1826.533445,0.0,0.0,0.0,766.6375,0.0,500.0,0.0,0,0,1,0,E,E,E,174.804976,-41.323325
f0dc0eca-ca6a-492c-a5ba-958d866e5db6,1,0.0,1716.952182,0.0,0.0,0.0,766.6375,0.0,200.0,0.05,0,0,1,0,M,E,E,174.781112,-41.316969
f0e5a4b4-9e51-4135-b562-3be447631663,1,0.0,1572.303473,0.0,0.0,0.0,766.6375,0.0,0.0,0.0,0,0,0,0,E,E,E,174.774482,-41.319307
f0f8440d-92cc-4893-843b-c9c225297db9,1,0.0,905.742287,0.0,0.0,0.0,766.6375,0.0,0.0,0.05,0,0,0,0,E,E,M,174.791174,-41.318273
f0f8b93a-d043-4b27-a301-999aebbe39ea,3,0.0,963.944571,0.0,0.0,0.0,766.6375,0.0,0.0,0.1,0,0,0,0,M,E,M,174.792287,-41.323325
f106b819-88cd-430a-aa02-27a0ecee8acc,1,490.3157,1896.705263,0.0,0.0,0.0,766.6375,0.0,1500.0,0.05,0,0,1,0,M,E,E,174.796571,-41.317689
f1097586-e13d-4735-98e4-863b1597007d,1,0.0,1754.445723,0.0,0.0,0.0,766.6375,0.0,200.0,0.0,0,0,1,0,E,E,E,174.784291,-41.311653
f1099360-1671-45bd-8fab-410166ec4bd8,1,0.0,1750.640075,0.0,0.0,0.0,766.6375,0.0,200.0,0.0,0,0,1,0,E,E,E,174.781287,-41.31685
f114063a-047c-45ab-9527-f41116f545dd,1,351.1635,1886.28342,0.0,0.0,0.0,766.6375,0.0,500.0,0.05,0,0,1,0,M,E,E,174.782361,-41.312379
f13b9ae1-cdc8-4615-ac21-2c9210e801b6,1,334.5101,1754.246953,0.0,0.0,0.0,766.6375,0.0,1500.0,0.0,0,0,1,0,E,E,E,174.780894,-41.312564
f1435395-2aa2-4d85-b2b7-f37d0f01657f,1,0.0,908.1783,0.0,0.0,0.0,766.6375,0.0,0.0,0.15,0,0,0,0,M,E,D,174.787798,-41.323652
f14830bb-1c5a-418f-b2c2-49f4d30e9b1e,1,0.0,1056.265338,0.0,0.0,0.0,766.6375,0.0,0.0,0.15,0,0,0,0,D,E,M,174.795647,-41.311144
f15f0e30-7011-410f-b189-cc7d747469d4,1,0.0,992.486205,0.0,0.0,0.0,766.6375,0.0,0.0,0.1,0,0,0,0,M,E,M,174.803341,-41.321057
f16db18e-64ff-43ee-b21d-813c3878642d,1,142.1672,1651.184168,0.0,0.0,0.0,766.6375,0.0,500.0,0.0,0,0,1,0,E,E,E,174.775555,-41.31022
f1985fab-971a-4ede-bfa4-3d121fbd7234,1,373.0565,1678.0331,0.0,0.0,0.0,766.6375,0.0,4000.0,0.0,0,0,1,0,E,E,E,174.804558,-41.322537
f1a2dd97-c3ce-46ad-bdaf-dc1a59de1056,2,595.9806,1930.633363,0.0,0.0,0.0,766.6375,0.0,1500.0,0.0,0,0,1,0,E,E,E,174.796873,-41.317883
f1a7184e-7209-4fd0-a51f-1b9dc0856183,1,0.0,1741.757387,0.0,0.0,0.0,766.6375,0.0,200.0,0.0,0,0,1,0,E,E,E,174.784843,-41.312687
f1b05a3f-b2a3-47f2-9c8d-a725b11b83cc,2,0.0,928.91862,0.0,0.0,0.0,766.6375,0.0,0.0,0.05,0,0,0,0,E,E,M,174.774919,-41.312438
f1be99a1-9020-46aa-aeaf-4c12b8669412,1,210.2435,1604.029794,0.0,0.0,0.0,766.6375,0.0,4000.0,0.0,0,0,1,0,E,E,E,174.786527,-41.312019
f1c86bce-f5a2-436e-8ea4-ea7f44dad2cd,1,422.6789,1912.580076,0.0,0.0,0.0,766.6375,0.0,500.0,0.05,0,0,1,0,M,E,E,174.798666,-41.31949
f1d4ec3c-9555-4c1a-9941-a9b0ba03fd66,1,0.0,1869.136174,0.0,0.0,0.0,766.6375,0.0,200.0,0.0,0,0,1,0,E,E,E,174.800229,-41.319481
f1d9f33f-276a-46ec-8fde-527e161a719c,1,0.0,1066.080025,0.0,0.0,0.0,766.6375,0.0,0.0,0.05,0,0,0,0,M,E,E,174.775845,-41.32361
f1e85e85-61f0-4b11-bc98-b4db6870a53f,1,0.0,1016.232805,13.617743,1224.08,0.0,766.6375,0.0,0.0,0.05,1,0,0,0,E,E,M,174.777322,-41.314035
f1f946de-7ab7-444b-b3a2-ea982638f2e0,1,0.0,875.023253,19.496716,798.8,0.0,766.6375,0.0,0.0,0.1,1,0,0,0,M,E,M,174.790688,-41.323762
f20f0b92-dd73-49a2-8941-e3bb161a0297,1,0.0,996.936966,0.0,0.0,0.0,766.6375,0.0,0.0,0.05,0,0,0,0,E,E,M,174.775768,-41.311496
f21ef4e6-a2f5-4b4a-b299-d5cc1c3ed41e,1,0.0,1273.542539,0.0,0.0,0.0,766.6375,0.0,200.0,0.15,0,0,1,0,D,E,M,174.782787,-41.31173
f223025e-b0c2-4293-a077-2da5534d5adc,1,368.4536,1687.326682,0.0,0.0,0.0,766.6375,0.0,4000.0,0.0,0,0,1,0,E,E,E,174.804524,-41.322863
f24130a2-4671-40bd-bc43-3b759af5399f,1,138.239,1762.655979,0.0,0.0,0.0,766.6375,0.0,500.0,0.0,0,0,1,0,E,E,E,174.78257,-41.314688
f25ea5b0-a3bb-4b87-9123-a32697235a84,1,0.0,1632.18948,0.0,0.0,0.0,766.6375,0.0,0.0,0.0,0,0,0,0,E,E,E,174.775666,-41.313571
f25fe265-ce07-4a34-b3e7-3a0aa6a2ffa5,1,107.0541,929.737293,9.053359,798.8,0.0,766.6375,0.0,500.0,0.05,1,0,1,0,E,E,M,174.78012,-41.321975
f289e656-f25b-4904-9636-b5273f11827e,1,260.2831,1483.882075,0.0,0.0,0.0,766.6375,0.0,2500.0,0.05,0,0,1,0,E,E,M,174.773929,-41.322386
f2c28611-edd3-414f-8688-9f76349370b9,1,0.0,1479.091135,0.0,0.0,0.0,766.6375,0.0,200.0,0.0,0,0,1,0,E,E,E,174.792737,-41.323561
f2e64554-94b8-4e37-af20-0eba8ffbde88,2,0.0,1317.171084,0.0,0.0,0.0,766.6375,0.0,200.0,0.05,0,0,1,0,M,E,E,174.785843,-41.316342
f2e669b3-e8f5-48c5-9159-e6a76b6f1b30,1,0.0,858.062382,28.071069,879.87,0.0,766.6375,0.0,0.0,0.1,1,0,0,0,E,E,D,174.790725,-41.318089
f3034f47-8a0a-4b1e-b327-b50cb0d920a8,1,0.0,998.465932,0.0,0.0,0.0,766.6375,0.0,0.0,0.0,0,0,0,0,E,E,E,174.791816,-41.323631
f308931b-5a74-4ed3-977e-8e7a368da7f2,1,222.9382,1852.374885,0.0,0.0,0.0,766.6375,0.0,500.0,0.0,0,0,1,0,E,E,E,174.800829,-41.319546
f30e76c7-34c3-4169-b662-2315f05e6f80,3,0.0,1093.265994,0.0,0.0,0.0,766.6375,0.0,0.0,0.0,0,0,0,0,E,E,E,174.791956,-41.317323
f31023ec-3962-4d7e-b9e7-e51890d4cad5,1,277.7876,1910.27499,0.0,0.0,0.0,766.6375,0.0,1500.0,0.0,0,0,1,0,E,E,E,174.796938,-41.322322
f32d6bdb-c0ba-471e-b503-9a93edb1ca90,1,0.0,901.065844,0.0,0.0,0.0,766.6375,0.0,0.0,0.1,0,0,0,0,M,E,M,174.777098,-41.31319
f344c1df-5cb9-4bb1-8d45-228e0c5586be,1,184.6713,2211.104926,0.0,0.0,0.0,766.6375,0.0,1500.0,0.0,0,0,1,0,E,E,E,174.77952,-41.319951
f34d65fb-0ad7-4120-b91d-7ee2913464e9,1,0.0,1078.826087,0.0,0.0,0.0,766.6375,0.0,0.0,0.1,0,0,0,0,M,E,M,174.80399,-41.321086
f350c409-849c-49b0-9bf8-8b6fbda93b28,1,0.0,1512.270971,0.0,0.0,0.0,766.6375,0.0,0.0,0.0,0,0,0,0,E,E,E,174.777925,-41.310922
f354a02f-b076-46b8-a046-4174e8e705a7,1,0.0,938.796534,0.0,0.0,0.0,766.6375,0.0,0.0,0.05,0,0,0,0,E,E,M,174.793729,-41.309802
f3584fea-3a96-4647-995e-64e5f646754e,1,155.8242,1651.184168,0.0,0.0,0.0,766.6375,0.0,500.0,0.0,0,0,1,0,E,E,E,174.775584,-41.310174
f37b1e3e-e258-48b7-a3fc-808529fde2a9,1,0.0,959.107535,0.0,0.0,0.0,766.6375,0.0,0.0,0.15,0,0,0,0,D,E,M,174.774666,-41.308399
f39c3dc7-3036-47b0-8052-f5e744025d9e,1,114.533,1633.379179,4.013254,879.87,0.0,766.6375,0.0,1500.0,0.05,1,0,1,0,M,E,E,174.776489,-41.320177
f39f9edb-53d1-4208-a92d-40351e0ad53f,1,0.0,1465.774581,0.0,0.0,0.0,766.6375,0.0,0.0,0.0,0,0,0,0,E,E,E,174.791838,-41.310976
f3aad543-ec3f-48a5-ab1b-2a35035a4c1a,2,0.0,865.597115,19.006257,1224.08,0.0,766.6375,0.0,0.0,0.1,1,0,0,0,E,E,D,174.78605,-41.314021
f3bdfc51-108a-413b-b5f5-2a7ca4c98dd0,1,0.0,1022.0495,0.0,0.0,0.0,766.6375,0.0,0.0,0.0,0,0,0,0,E,E,E,174.785697,-41.31554
f3c90bde-f404-432a-bf2a-73dbf04fda2a,1,685.0852,1874.038241,0.0,0.0,0.0,766.6375,0.0,1500.0,0.05,0,0,1,0,M,E,E,174.796575,-41.315225
f3d39cd9-d4e4-47b6-b586-6cadf3ac6fca,1,0.0,992.51885,0.0,0.0,0.0,766.6375,0.0,0.0,0.05,0,0,0,0,E,E,M,174.776597,-41.312467
f3de70f8-3299-4091-a29b-46527ff05e99,1,194.9149,1511.669377,12.216042,798.8,0.0,766.6375,0.0,500.0,0.0,1,0,1,0,E,E,E,174.778121,-41.312481
f3e84a56-9c39-4e16-96ca-9062bb283031,3,0.0,1896.266511,0.0,0.0,0.0,766.6375,0.0,200.0,0.0,0,0,1,0,E,E,E,174.799437,-41.318956
f3f8398b-b261-4c52-9a86-1f772fbaff4b,1,317.9969,1698.798062,0.0,0.0,0.0,766.6375,0.0,1500.0,0.0,0,0,1,0,E,E,E,174.78398,-41.314818
f421d73f-6b41-46ad-9611-be724a198366,1,0.0,943.369129,0.0,0.0,0.0,766.6375,0.0,0.0,0.05,0,0,0,0,E,E,M,174.786282,-41.318117
f432aa03-7c44-48b3-8b65-f3db315572fb,1,0.0,957.129917,0.0,0.0,0.0,766.6375,0.0,0.0,0.05,0,0,0,0,E,E,M,174.775057,-41.312005
f44e1ca5-875c-491d-9a36-742eed11edc6,1,496.9492,1881.096865,0.0,0.0,0.0,766.6375,0.0,500.0,0.05,0,0,1,0,M,E,E,174.80303,-41.32268
f4aefc12-eeb9-4778-a132-dc78ed8d98e2,1,0.0,1426.048568,0.0,0.0,0.0,766.6375,0.0,0.0,0.05,0,0,0,0,E,E,M,174.784837,-41.316554
f4c65917-b64c-42e7-9b0b-e414dac9abe7,1,0.0,942.376495,33.449933,798.8,0.0,766.6375,0.0,0.0,0.1,1,0,0,0,M,E,M,174.792469,-41.322435
f4ce5eb1-1a49-46db-a258-4157b52b9914,1,297.4872,1640.390875,0.0,0.0,0.0,766.6375,0.0,500.0,0.0,0,0,1,0,E,E,E,174.783235,-41.315185
f4d4bd6c-4f21-4784-bd2f-56188d547b96,1,0.0,837.61436,0.0,0.0,0.0,766.6375,0.0,0.0,0.1,0,0,0,0,E,E,D,174.789897,-41.321868
f502636d-f3b9-4b8e-a139-097a7e25ff7b,2,393.7018,2087.332092,0.0,0.0,0.0,766.6375,0.0,500.0,0.0,0,0,1,0,E,E,E,174.776739,-41.310149
f5192cc9-b1b9-44e1-a1b2-d2c0282d7842,1,0.0,1689.013255,0.0,0.0,0.0,766.6375,0.0,200.0,0.0,0,0,1,0,E,E,E,174.784063,-41.310916
f528ccd2-b629-4940-9400-b1eb22c13264,1,278.0288,1510.31067,0.0,0.0,0.0,766.6375,0.0,4000.0,0.05,0,0,1,0,E,E,M,174.779099,-41.322033
f5468af1-ccec-480f-ae4e-94c16a147d20,2,0.0,970.023258,0.0,0.0,0.0,766.6375,0.0,0.0,0.05,0,0,0,0,E,E,M,174.775138,-41.314455
f5875ea3-3b7c-4c21-afda-8b11e138aa78,1,0.0,1018.309852,0.0,0.0,0.0,766.6375,0.0,0.0,0.05,0,0,0,0,E,E,M,174.788151,-41.321535
f59dbfc8-446e-49a0-8c02-1530d3cdebea,1,266.1535,1928.743157,0.0,0.0,0.0,766.6375,0.0,2500.0,0.0,0,0,1,0,E,E,E,174.798282,-41.317616
f5a165ce-508c-4a70-b8fc-e2ee133d3739,1,0.0,2135.324587,0.0,0.0,0.0,766.6375,0.0,0.0,0.0,0,0,0,0,E,E,E,174.776498,-41.310964
f5ae928d-e003-4f6f-8c80-c732c95855bf,4,0.0,1053.938828,19.810026,879.87,0.0,766.6375,0.0,0.0,0.15,1,0,0,0,D,E,M,174.788049,-41.315339
f5b80057-66a0-417c-9edd-639ee4b155b6,1,290.6184,1917.329578,0.0,0.0,0.0,766.6375,0.0,500.0,0.0,0,0,1,0,E,E,E,174.795791,-41.324446
f5bd5d6d-f246-4929-a079-751dfa62ebe0,2,0.0,993.475067,0.0,0.0,0.0,766.6375,0.0,0.0,0.05,0,0,0,0,E,E,M,174.776422,-41.323352
f5cdbb28-e117-43ca-8b0b-5205de1947e2,1,304.3279,1849.403475,0.0,0.0,0.0,766.6375,0.0,500.0,0.0,0,0,1,0,E,E,E,174.79494,-41.317137
f5cf9d73-91c6-42fa-af85-e107d62c9a2d,1,0.0,1147.689092,0.0,0.0,0.0,766.6375,0.0,0.0,0.0,0,0,0,0,E,E,E,174.788485,-41.314376
f5d484c1-2d21-4603-9c27-159b3f73e6e3,1,361.76,1538.895577,16.64249,798.8,0.0,766.6375,0.0,4000.0,0.1,1,0,1,0,M,E,M,174.786655,-41.312174
f5e1279e-610a-41a2-a8a0-1b10e86330b1,1,226.2232,1775.43771,0.0,0.0,0.0,766.6375,0.0,500.0,0.0,0,0,1,0,E,E,E,174.783412,-41.312614
f5fbef5a-59f6-4335-8d9f-720ab13a5bc9,1,436.397,1763.249225,0.0,0.0,0.0,766.6375,0.0,500.0,0.0,0,0,1,0,E,E,E,174.782929,-41.316085
f6007ff9-a7b7-4fe7-9618-e0fe461bbe5e,1,0.0,1634.200041,0.0,0.0,0.0,766.6375,0.0,200.0,0.0,0,0,1,0,E,E,E,174.794191,-41.324141
f60ff40f-4a4b-44b4-b829-02c4c33bf40c,1,0.0,976.24961,0.0,0.0,0.0,766.6375,0.0,0.0,0.1,0,0,0,0,M,E,M,174.775351,-41.324107
f6105384-0521-4817-9526-cffc2384ca32,1,0.0,1719.235137,0.0,0.0,0.0,766.6375,0.0,0.0,0.0,0,0,0,0,E,E,E,174.775307,-41.314965
f62671ad-dfde-45b2-a5bd-d086c06d8c83,1,0.0,1802.335354,0.0,0.0,0.0,766.6375,0.0,200.0,0.0,0,0,1,0,E,E,E,174.794781,-41.323034
f62887db-2288-47d6-8821-27b03f334946,1,0.0,948.390676,0.0,0.0,0.0,766.6375,0.0,0.0,0.05,0,0,0,0,E,E,M,174.776111,-41.312318
f62b61d7-8de2-48f6-a5d8-9bab38d2cb44,1,264.1137,1987.779446,0.0,0.0,0.0,766.6375,0.0,500.0,0.0,0,0,1,0,E,E,E,174.772852,-41.321914
f62fb3ff-c98e-4ba7-a8c3-cfe84374265e,1,189.718,1771.409965,0.0,0.0,0.0,766.6375,0.0,1500.0,0.0,0,0,1,0,E,E,E,174.779797,-41.312794
f63345d6-e447-4ca4-a29c-e26d329a1546,1,0.0,898.534889,0.0,0.0,0.0,766.6375,0.0,0.0,0.1,0,0,0,0,M,E,M,174.792598,-41.321742
f642c796-1544-4077-bf0e-6244521ad7b7,1,0.0,1072.311727,0.0,0.0,0.0,766.6375,0.0,0.0,0.0,0,0,0,0,E,E,E,174.790947,-41.316112
f65caf81-df34-439f-b6ee-ec0264f92333,1,0.0,1084.865822,0.0,0.0,0.0,766.6375,0.0,0.0,0.0,0,0,0,0,E,E,E,174.791156,-41.316722
f6773795-0433-4911-a063-0f227b919638,1,519.6324,1829.327498,0.0,0.0,0.0,766.6375,0.0,1500.0,0.05,0,0,1,0,M,E,E,174.801819,-41.322025
f690cbe0-dec6-4c60-b142-50766a1e5b45,1,344.5158,1763.167767,0.0,0.0,0.0,766.6375,0.0,500.0,0.0,0,0,1,0,E,E,E,174.781476,-41.312451
f6abe368-1128-4f9a-8145-935e6ff79ff2,1,378.4444,1622.432946,0.0,0.0,0.0,766.6375,0.0,4000.0,0.05,0,0,1,0,M,E,E,174.792604,-41.312799
f6aec9d5-a0be-4cb7-9d84-ca550cb21bf5,2,0.0,1811.493591,0.0,0.0,0.0,766.6375,0.0,200.0,0.0,0,0,1,0,E,E,E,174.780395,-41.313879
f6b878df-99f7-41f3-ba4e-faaafc7a7c76,1,598.6613,1912.079482,0.0,0.0,0.0,766.6375,0.0,2500.0,0.05,0,0,1,0,M,E,E,174.799471,-41.317947
f6d5f6ba-a389-4f22-baa3-f2ee98e78327,1,206.0991,1638.570136,0.0,0.0,0.0,766.6375,0.0,4000.0,0.0,0,0,1,0,E,E,E,174.778852,-41.313811
f6e017ad-42c0-45e7-98b7-62e57f83c227,1,0.0,1013.771908,0.0,0.0,0.0,766.6375,0.0,0.0,0.0,0,0,0,0,E,E,E,174.792976,-41.31636
f6fef9eb-0168-4414-a32d-b8be0ca58f95,1,319.1706,2078.957236,0.0,0.0,0.0,766.6375,0.0,1500.0,0.0,0,0,1,0,E,E,E,174.780193,-41.319808
f7113b3d-c39a-4190-b5ad-06f2dd818e8b,2,398.5806,1927.963065,0.0,0.0,0.0,766.6375,0.0,4000.0,0.05,0,0,1,0,M,E,E,174.778273,-41.322155
f7121cb1-eef0-4223-af30-19d0cd32c5f0,1,236.9299,1929.687292,0.0,0.0,0.0,766.6375,0.0,500.0,0.0,0,0,1,0,E,E,E,174.795686,-41.324725
f71cff15-6a64-4022-bd60-7f5fd54417cc,1,244.1696,1764.752507,0.0,0.0,0.0,766.6375,0.0,4000.0,0.05,0,0,1,0,M,E,E,174.783672,-41.314204
f72f3121-fcbb-43ee-b04a-19e0afcdad63,1,0.0,1789.529991,0.0,0.0,0.0,766.6375,0.0,200.0,0.05,0,0,1,0,M,E,E,174.802137,-41.320033
f7312ed4-607e-4c9c-9f66-11d9223c80d8,1,296.0864,1700.277965,0.0,0.0,0.0,766.6375,0.0,500.0,0.05,0,0,1,0,M,E,E,174.794138,-41.32103
f74223ce-55b5-46b8-b6e5-95543b68481b,1,276.2687,1638.004969,14.543667,1224.08,0.0,766.6375,0.0,2500.0,0.05,1,0,1,0,E,E,M,174.77371,-41.322388
f7467ca4-163a-449f-b632-422d79514e23,3,0.0,985.182336,0.0,0.0,0.0,766.6375,0.0,0.0,0.05,0,0,0,0,E,E,M,174.775679,-41.311806
f7469bc4-35fa-4001-85c8-fbe7c38d6e37,15,0.0,1089.900412,0.0,0.0,0.0,766.6375,0.0,0.0,0.05,0,0,0,0,E,E,M,174.787773,-41.314876
f75ec12c-27b6-4fed-a468-63fe5dd73b6b,1,330.7715,1894.742195,0.0,0.0,0.0,766.6375,0.0,500.0,0.0,0,0,1,0,E,E,E,174.802743,-41.323015
f7843ca5-0142-4d32-9172-e1d16bd90cf1,1,330.9245,1816.244781,0.0,0.0,0.0,766.6375,0.0,500.0,0.0,0,0,1,0,E,E,E,174.795108,-41.324691
f7846c8e-543e-4742-8522-447bac46b7f8,3,842.8805,1926.787653,0.0,0.0,0.0,766.6375,0.0,500.0,0.05,0,0,1,0,M,E,E,174.796373,-41.319987
f795ca6a-79da-4570-a9d6-516f2201f522,1,376.4136,1861.900882,0.0,0.0,0.0,766.6375,0.0,500.0,0.05,0,0,1,0,M,E,E,174.794741,-41.324593
f817d309-7ba1-40af-87ed-05c0b47735c1,1,0.0,2270.239825,0.0,0.0,0.0,766.6375,0.0,0.0,0.0,0,0,0,0,E,E,E,174.7837,-41.316831
f820e915-0e17-431d-9897-6f29d53788cf,1,0.0,1593.997895,0.0,0.0,0.0,766.6375,0.0,0.0,0.05,0,0,0,0,M,E,E,174.775058,-41.319131
f82d26ae-b23f-4545-95c4-d7a9770dc510,1,0.0,1552.300506,0.0,0.0,0.0,766.6375,0.0,0.0,0.0,0,0,0,0,E,E,E,174.785635,-41.314537
f85dd714-9cc0-45b4-9444-02cb555177cb,1,269.6497,1466.339538,0.0,0.0,0.0,766.6375,0.0,1500.0,0.0,0,0,1,0,E,E,E,174.774506,-41.321958
f86165f5-678b-4a8d-a7a6-52b84ba34786,1,332.7391,1914.597532,0.0,0.0,0.0,766.6375,0.0,500.0,0.0,0,0,1,0,E,E,E,174.802663,-41.322921
f888f34b-9ab0-41f2-8b4b-31be8b2e1cc4,1,0.0,1698.153908,0.0,0.0,0.0,766.6375,0.0,200.0,0.0,0,0,1,0,E,E,E,174.802957,-41.319559
f8b22a6c-2f4d-434f-be28-89ecce6d6882,1,0.0,945.421017,0.0,0.0,0.0,766.6375,0.0,0.0,0.1,0,0,0,0,M,E,M,174.804648,-41.321558
f8c4837c-87c4-4ab1-91da-f7ad40e3ec25,1,0.0,1668.715638,0.0,0.0,0.0,766.6375,0.0,0.0,0.0,0,0,0,0,E,E,E,174.782541,-41.316786
f8cf4733-6e81-47a5-afb7-660d544515d2,1,408.6757,1950.674579,0.0,0.0,0.0,766.6375,0.0,500.0,0.05,0,0,1,0,M,E,E,174.796694,-41.324224
f8da338b-be41-4c74-9be2-f77d483afff3,2,5.5154,1913.660483,0.0,0.0,5.490954,766.6375,0.458854,200.0,0.1,0,1,1,0,D,E,E,174.801108,-41.32246
f8de690b-6690-4c0e-9917-ca4cf6fa2dc5,1,576.3753,1891.79993,0.0,0.0,0.0,766.6375,0.0,2500.0,0.05,0,0,1,0,M,E,E,174.799662,-41.317927
f8e7d5c6-17d9-4c79-9534-dbcf6038c18f,2,512.574,1456.08767,0.0,0.0,0.0,766.6375,0.0,1500.0,0.0,0,0,1,0,E,E,E,174.784752,-41.314912
f8f5e4e5-70b8-4e01-a0a7-17a8fbfd9380,1,2882.9085,1950.00428,0.0,0.0,0.0,766.6375,0.0,500.0,0.05,0,0,1,0,M,E,E,174.801097,-41.324404
f8fda941-5be5-4c2c-8c83-add5307981b4,1,0.0,1853.808857,0.0,0.0,0.0,766.6375,0.0,200.0,0.05,0,0,1,0,M,E,E,174.800636,-41.320215
f9060f2d-d310-4de1-9ca7-87632920a962,1,0.0,927.322372,17.013828,879.87,0.0,766.6375,0.0,0.0,0.05,1,0,0,0,E,E,M,174.791085,-41.3149
f937b685-88d5-4180-8305-1e66dda20e34,1,500.6775,1926.291146,0.0,0.0,0.0,766.6375,0.0,2500.0,0.0,0,0,1,0,E,E,E,174.800377,-41.318133
f93fb594-4eca-4f51-8f27-301eace213cd,1,262.3887,1676.461296,0.0,0.0,0.0,766.6375,0.0,1500.0,0.0,0,0,1,0,E,E,E,174.785178,-41.310417
f9421545-fae2-4112-a7c1-0e8e1a911d1b,1,348.7493,1917.209585,0.0,0.0,0.0,766.6375,0.0,500.0,0.0,0,0,1,0,E,E,E,174.798056,-41.323894
f94753ee-904e-4c11-bd64-40eeaa2c5cc0,2,0.0,1814.040473,0.0,0.0,0.0,766.6375,0.0,200.0,0.0,0,0,1,0,E,E,E,174.795238,-41.32048
f95cf383-77e0-4020-85a0-90fec2e02d2f,1,0.0,1280.002854,0.0,0.0,0.0,766.6375,0.0,0.0,0.0,0,0,0,0,E,E,E,174.795082,-41.311173
f96083b3-bced-486a-9d3d-20e5231af162,1,0.0,1646.071409,0.0,0.0,0.0,766.6375,0.0,0.0,0.0,0,0,0,0,E,E,E,174.802469,-41.321904
f967a102-ee9f-4928-abc1-6fe94565968d,2,173.157,1715.051864,0.0,0.0,0.0,766.6375,0.0,4000.0,0.0,0,0,1,0,E,E,E,174.779567,-41.312205
f975ace6-f695-4900-91eb-566f597f8d90,1,169.5657,1415.709446,0.0,0.0,0.0,766.6375,0.0,500.0,0.05,0,0,1,0,E,E,M,174.773476,-41.320431
f97cc2ad-3720-487b-ac49-cb650ef745bd,1,150.7662,1926.099853,0.0,0.0,0.0,766.6375,0.0,2500.0,0.0,0,0,1,0,E,E,E,174.797554,-41.318115
f98524e6-2d10-496c-82c6-563fc0a67ec2,1,0.0,1608.577707,0.0,0.0,0.0,766.6375,0.0,0.0,0.0,0,0,0,0,E,E,E,174.774295,-41.319395
f9872cde-6bfe-4d21-9cc6-90576dbebc40,1,345.9021,1857.869605,0.0,0.0,0.0,766.6375,0.0,1500.0,0.0,0,0,1,0,E,E,E,174.794725,-41.324483
f99ed290-74f0-4673-936c-100eb6a826bf,1,321.1192,1392.078858,0.0,0.0,0.0,766.6375,0.0,500.0,0.05,0,0,1,0,E,E,M,174.778952,-41.31629
f99fda3f-b2e6-447a-a5e7-36c1c9c6467f,1,101.4386,1452.600947,8.812714,879.87,0.0,766.6375,0.0,1500.0,0.05,1,0,1,0,E,E,M,174.776521,-41.320024
f9a5cfcd-2731-4cb9-83eb-3a8e3ba64132,2,395.691,1514.5132,0.0,0.0,0.0,766.6375,0.0,1500.0,0.05,0,0,1,0,M,E,E,174.785515,-41.311486
f9a8a867-d6e6-4c3d-b458-422ca91acff1,1,0.0,1916.482626,0.0,0.0,0.0,766.6375,0.0,200.0,0.0,0,0,1,0,E,E,E,174.797752,-41.320406
f9b281ea-783b-4b63-9407-f35d7a27ff11,1,0.0,832.569788,0.0,0.0,0.0,766.6375,0.0,0.0,0.1,0,0,0,0,E,E,D,174.789397,-41.323679
f9b2b19a-0f2d-417e-a681-eb4824bc5643,1,0.0,1353.665248,9.838547,744.69,0.0,766.6375,0.0,0.0,0.05,1,0,0,0,E,E,M,174.784953,-41.316538
f9c198cb-a28a-441a-9e29-23256af1353d,1,263.2281,1622.247688,0.0,0.0,0.0,766.6375,0.0,1500.0,0.0,0,0,1,0,E,E,E,174.784961,-41.310128
f9dfc8a8-a9be-4fa8-a48c-8be74ce1b90d,1,0.0,1097.30941,0.0,0.0,0.0,766.6375,0.0,0.0,0.0,0,0,0,0,E,E,E,174.776747,-41.321331
f9f1a1e0-31ec-4d78-b685-94cd25a7e78f,1,594.3073,1915.09043,0.0,0.0,0.0,766.6375,0.0,500.0,0.05,0,0,1,0,M,E,E,174.795744,-41.315117
fa00fb6c-9703-4981-b05b-6974bdb53aea,1,263.0429,1877.543751,0.0,0.0,0.0,766.6375,0.0,500.0,0.0,0,0,1,0,E,E,E,174.801369,-41.318801
fa312ace-c543-4179-ade2-2a064326b29e,1,0.0,896.864536,0.0,0.0,0.0,766.6375,0.0,0.0,0.05,0,0,0,0,E,E,M,174.790832,-41.322832
fa344bca-e955-4343-8fcf-517461ae7d31,1,0.0,1782.380513,0.0,0.0,0.0,766.6375,0.0,200.0,0.05,0,0,1,0,M,E,E,174.783899,-41.313357
fa7d9c4e-1b3b-4914-8c50-8fb67ca38a1e,1,0.0,1045.611258,28.876425,744.69,0.0,766.6375,0.0,0.0,0.05,1,0,0,0,M,E,E,174.794572,-41.312033
fa8249a6-05d0-485f-8211-a70133bf493b,1,380.0781,1929.492134,0.0,0.0,0.0,766.6375,0.0,1500.0,0.0,0,0,1,0,E,E,E,174.798364,-41.321545
fa886f2c-80b9-48d9-a3b7-845eb065fa9d,1,0.0,946.392558,0.0,0.0,0.0,766.6375,0.0,0.0,0.05,0,0,0,0,E,E,M,174.786889,-41.314386
fa8c5c73-0bd2-42fc-80e2-d60ff4713c71,1,264.5201,1762.768324,0.0,0.0,0.0,766.6375,0.0,500.0,0.05,0,0,1,0,M,E,E,174.78309,-41.312313
fa8e5557-a5f3-4711-a75e-d0f0c5da5016,1,339.6903,1909.873577,0.0,0.0,43.465265,766.6375,120.955047,1500.0,0.05,0,1,1,0,E,M,E,174.798211,-41.321967
fa95e82d-8c67-428d-a265-23ef5e5410eb,1,259.8005,1682.773963,0.0,0.0,0.0,766.6375,0.0,500.0,0.0,0,0,1,0,E,E,E,174.777689,-41.318702
fa96e772-3168-41da-b0f8-a587473f270f,2,0.0,959.230595,19.173595,798.8,0.0,766.6375,0.0,0.0,0.1,1,0,0,0,M,E,M,174.776657,-41.31311
fab1065a-cfd5-4855-96db-dc9c6651db4c,1,0.0,1067.246411,0.0,0.0,0.0,766.6375,0.0,0.0,0.05,0,0,0,0,M,E,E,174.777465,-41.321978
fac017fb-a751-46a8-b470-c361d054e6cf,1,0.0,1029.995597,0.0,0.0,0.0,766.6375,0.0,0.0,0.05,0,0,0,0,E,E,M,174.80342,-41.321511
fad4b788-413f-4ee8-9094-746c6c0a9517,1,0.0,1028.63202,0.0,0.0,0.0,766.6375,0.0,200.0,0.0,0,0,1,0,E,E,E,174.802694,-41.320173
faee0fc4-75f4-4396-9f63-615470048800,1,246.9738,1823.451979,0.0,0.0,0.0,766.6375,0.0,500.0,0.0,0,0,1,0,E,E,E,174.781632,-41.314766
fafd4132-fae7-4e6f-93e2-5b4902006ff5,1,192.7478,1599.817129,0.0,0.0,0.0,766.6375,0.0,1500.0,0.0,0,0,1,0,E,E,E,174.785718,-41.311004
fb11ac3f-0db4-4afa-a00a-3e0e7f26e0e2,1,292.4684,1626.23485,0.0,0.0,0.0,766.6375,0.0,1500.0,0.0,0,0,1,0,E,E,E,174.783509,-41.318616
fb2711fe-e8d5-4578-beec-d044b5969a24,1,189.1814,1703.621485,0.0,0.0,0.0,766.6375,0.0,1500.0,0.0,0,0,1,0,E,E,E,174.782523,-41.319256
fb542ab0-d92d-4d55-b980-4a945206ef94,2,0.0,1456.834867,0.0,0.0,0.0,766.6375,0.0,0.0,0.0,0,0,0,0,E,E,E,174.785505,-41.315665
fb5485f8-f66e-4ebb-9a82-b94dd34efed1,1,0.0,1816.894158,0.0,0.0,0.0,766.6375,0.0,200.0,0.05,0,0,1,0,M,E,E,174.801783,-41.320118
fb62286e-33bd-40d1-82d6-99c1283b14cd,1,197.5025,2181.177977,0.0,0.0,0.0,766.6375,0.0,1500.0,0.0,0,0,1,0,E,E,E,174.779481,-41.319025
fb625248-6923-49b5-a5b3-4bb20fdfff76,1,414.9735,1679.192516,0.0,0.0,0.0,766.6375,0.0,1500.0,0.05,0,0,1,0,M,E,E,174.794451,-41.322497
fb65f556-f0b9-4641-894e-9469e31e9cdc,1,665.6242,1914.073293,0.0,0.0,0.0,766.6375,0.0,1500.0,0.0,0,0,1,0,E,E,E,174.795737,-41.315274
fb739e5f-1f3a-4bd1-9b32-9254b4ab2823,1,0.0,1839.06873,0.0,0.0,0.0,766.6375,0.0,0.0,0.05,0,0,0,0,M,E,E,174.801967,-41.322224
fb98d376-b898-48b7-a0fd-1d440d02b22d,2,0.0,995.585993,0.0,0.0,0.0,766.6375,0.0,0.0,0.1,0,0,0,0,E,E,D,174.787349,-41.325041
fbade8b8-7cd8-479a-b521-6bddb69c1220,1,0.0,871.780465,0.0,0.0,0.0,766.6375,0.0,0.0,0.1,0,0,0,0,E,E,D,174.786288,-41.316315
fbb99789-ce6a-4ca5-a661-38270a41c377,1,244.8217,1981.293565,0.0,0.0,0.0,766.6375,0.0,4000.0,0.0,0,0,1,0,E,E,E,174.778724,-41.321741
fbbb647c-d1c3-4491-98d9-2418ca2b5332,5,0.0,1052.705878,0.0,0.0,0.0,766.6375,0.0,0.0,0.0,0,0,0,0,E,E,E,174.786768,-41.322737
fbd40cd6-3c11-4e3f-98c0-272eda5518c0,1,0.0,1043.619054,0.0,0.0,0.0,766.6375,0.0,0.0,0.05,0,0,0,0,M,E,E,174.792523,-41.318315
fc0b1e00-6d54-419c-aa69-da05460bcc7e,1,0.0,1676.738936,0.0,0.0,0.0,766.6375,0.0,200.0,0.0,0,0,1,0,E,E,E,174.784214,-41.315402
fc19b6a4-7e82-48fa-843e-9cda685cbccc,1,268.4177,1754.635551,0.0,0.0,0.0,766.6375,0.0,500.0,0.05,0,0,1,0,M,E,E,174.783212,-41.312292
fc2091d2-e0a5-4602-8ffc-cf2e2439c616,1,0.0,1045.360638,17.2011,879.87,0.0,766.6375,0.0,0.0,0.05,1,0,0,0,E,E,M,174.787353,-41.316149
fc27a00f-2db5-4e6b-9859-af9aa85b5cde,1,108.0221,1371.340721,0.0,0.0,0.0,766.6375,0.0,500.0,0.05,0,0,1,0,E,E,M,174.779287,-41.32199
fc2a0565-d900-47a6-9e5e-37fd9a0cc8ac,1,0.0,946.585903,6.330372,1224.08,0.0,766.6375,0.0,0.0,0.05,1,0,0,0,E,E,M,174.791562,-41.32319
fc2a33e9-2275-4cde-915f-7b218cc71020,1,0.0,850.864413,0.0,0.0,0.0,766.6375,0.0,0.0,0.15,0,0,0,0,M,E,D,174.8041,-41.31944
fc41f303-25b9-43af-8738-5837d089c1fc,1,0.0,1361.437388,0.0,0.0,0.0,766.6375,0.0,0.0,0.05,0,0,0,0,M,E,E,174.791872,-41.324381
fc65434d-4fc4-48c9-8a52-547ce2812e7f,1,250.476,1591.314397,0.0,0.0,0.0,766.6375,0.0,1500.0,0.0,0,0,1,0,E,E,E,174.785261,-41.311097
fc7b0361-acf2-44fe-8af0-4772f1aaa794,1,0.0,2088.961011,0.0,0.0,0.0,766.6375,0.0,200.0,0.0,0,0,1,0,E,E,E,174.77682,-41.309972
fc7e80d5-9fd0-48a7-906e-15742ff657c5,1,0.0,1830.806551,0.0,0.0,0.0,766.6375,0.0,200.0,0.0,0,0,1,0,E,E,E,174.794739,-41.323826
fc9b2dfb-e0c1-4cab-9352-961cdbe3877b,1,0.0,1630.44385,0.0,0.0,0.0,766.6375,0.0,200.0,0.0,0,0,1,0,E,E,E,174.77982,-41.31575
fc9daf0a-30a3-4206-8d41-213af2417e3f,1,0.0,1821.15126,0.0,0.0,0.0,766.6375,0.0,200.0,0.0,0,0,1,0,E,E,E,174.782825,-41.312718
fc9dfaac-f218-468e-a858-6042c2555951,1,0.0,1071.064218,0.0,0.0,0.0,766.6375,0.0,0.0,0.05,0,0,0,0,M,E,E,174.774488,-41.31919
fc9eabc4-b5a3-41e6-a167-cb794853ca5c,1,446.9993,2065.948357,0.0,0.0,0.0,766.6375,0.0,2500.0,0.05,0,0,1,0,M,E,E,174.77368,-41.322651
fca58771-e4ec-48c1-91bb-4eb33f5d74be,1,436.434,1725.397923,0.0,0.0,0.0,766.6375,0.0,2500.0,0.0,0,0,1,0,E,E,E,174.805794,-41.321159
fcbb1def-75af-410c-83a8-20accb6e60fe,1,187.7461,1754.131999,0.0,0.0,0.0,766.6375,0.0,500.0,0.0,0,0,1,0,E,E,E,174.784224,-41.310281
fcc08936-c46f-4253-96b6-d4ca75df534f,1,421.7855,1874.898237,0.0,0.0,0.0,766.6375,0.0,1500.0,0.05,0,0,1,0,M,E,E,174.797474,-41.322605
fccec02c-87d8-4e0a-8a6c-e34c715b41db,2,0.0,896.480572,0.0,0.0,0.0,766.6375,0.0,0.0,0.1,0,0,0,0,E,E,D,174.787917,-41.323574
fcd63c5e-e0a7-4043-8955-5b9ec2712dd7,1,0.0,1002.062078,0.0,0.0,0.0,766.6375,0.0,0.0,0.05,0,0,0,0,M,E,E,174.79583,-41.311534
fcdbd93c-6530-4c36-9534-10672623b152,1,0.0,1016.419188,13.291105,1224.08,0.0,766.6375,0.0,0.0,0.1,1,0,0,0,M,E,M,174.791061,-41.311491
fd1ab916-9f5c-4261-a5a5-7041f9a447b2,1,0.0,1676.738936,0.0,0.0,0.0,766.6375,0.0,200.0,0.0,0,0,1,0,E,E,E,174.784202,-41.315359
fd2293cb-ed78-4c4a-a1d2-a87bef1a1302,1,154.0099,1935.059639,0.0,0.0,0.0,766.6375,0.0,2500.0,0.05,0,0,1,0,M,E,E,174.797585,-41.317843
fd2e1f1a-356b-4acd-9d08-faa7da2af890,1,2016.8117,1934.693111,0.0,0.0,0.0,766.6375,0.0,1500.0,0.0,0,0,1,0,E,E,E,174.802142,-41.324543
fd33a645-f99e-4e19-8cec-5bdccccf594e,1,205.5984,1899.357524,0.0,0.0,0.0,766.6375,0.0,500.0,0.0,0,0,1,0,E,E,E,174.798742,-41.319094
fd49bf99-073d-48c1-afb9-d8e27e911dc6,1,298.1441,1024.442024,0.0,0.0,0.0,766.6375,0.0,500.0,0.0,0,0,1,0,E,E,E,174.790842,-41.31209
fd60cc59-c858-4fef-92c9-b493ca20a578,1,0.0,1357.503265,14.912425,879.87,0.0,766.6375,0.0,0.0,0.1,1,0,0,0,M,E,M,174.778203,-41.310538
fd68eb67-360d-4530-a8e2-4fbc18b80393,1,241.5256,1627.897037,0.0,0.0,0.0,766.6375,0.0,1500.0,0.0,0,0,1,0,E,E,E,174.783386,-41.318614
fdaf5a51-849c-43f3-a135-f07012ece626,1,326.8387,1038.119586,0.0,0.0,0.0,766.6375,0.0,500.0,0.0,0,0,1,0,E,E,E,174.79086,-41.311687
fddb2d92-505e-41fe-a186-18a9d9d4c1a3,4,0.0,1005.860986,0.0,0.0,0.0,766.6375,0.0,0.0,0.05,0,0,0,0,E,E,M,174.793579,-41.309789
fddeceec-eab0-4870-aff8-fdb8b12ceba6,1,276.2242,1599.112775,0.0,0.0,0.0,766.6375,0.0,1500.0,0.0,0,0,1,0,E,E,E,174.774913,-41.322334
fded584f-8648-4124-87a5-47807659ac1b,1,0.0,1053.379645,7.969933,1224.08,0.0,766.6375,0.0,0.0,0.1,1,0,0,0,M,E,M,174.787788,-41.314398
fe0797b9-498f-4e90-bed3-4ef23b1259ed,1,421.1621,1925.493744,0.0,0.0,0.0,766.6375,0.0,1500.0,0.0,0,0,1,0,E,E,E,174.798219,-41.321856
fe20f922-833d-4bfa-84b0-f2ec98d9b76c,1,0.0,1198.041932,0.0,0.0,0.0,766.6375,0.0,0.0,0.0,0,0,0,0,E,E,E,174.777448,-41.323252
fe2329f4-599a-4665-81d7-52304644b1f5,1,189.955,999.960309,0.0,0.0,0.0,766.6375,0.0,500.0,0.05,0,0,1,0,E,E,M,174.775899,-41.310677
fe436f4e-5c3c-4082-97e6-26ac7705e6f9,1,0.0,1629.16109,0.0,0.0,0.0,766.6375,0.0,0.0,0.0,0,0,0,0,E,E,E,174.774844,-41.31997
fe5c870b-5d84-4004-bd68-0d582c42c99a,1,0.0,1701.51077,0.0,0.0,0.0,766.6375,0.0,200.0,0.0,0,0,1,0,E,E,E,174.780288,-41.316124
fea9679a-51fb-4e94-8e2a-82dfeb9f61bf,2,0.0,966.883559,18.114949,1224.08,0.0,766.6375,0.0,0.0,0.05,1,0,0,0,M,E,E,174.791739,-41.320135
febca550-2971-4f5d-8e6d-d9a11526f39e,1,0.0,953.506475,0.0,0.0,0.0,766.6375,0.0,0.0,0.1,0,0,0,0,E,E,D,174.789981,-41.318204
fedb7431-946a-4466-a4f5-b4aceff98b7a,1,552.0475,2531.957754,0.0,0.0,0.0,766.6375,0.0,2500.0,0.0,0,0,1,0,E,E,E,174.777406,-41.323627
feebfb9c-62d4-4903-a10d-2865336d1729,1,412.4868,1895.672872,0.0,0.0,0.0,766.6375,0.0,500.0,0.05,0,0,1,0,M,E,E,174.798682,-41.322416
fefdec7c-da0e-4312-880d-5dda0697ba20,1,1077.9265,1706.466467,0.0,0.0,0.0,766.6375,0.0,500.0,0.05,0,0,1,0,M,E,E,174.782056,-41.31854
ff01ad26-b33a-4e08-b28b-8d50e7b8cddd,1,227.9699,1699.592243,0.0,0.0,0.0,766.6375,0.0,1500.0,0.0,0,0,1,0,E,E,E,174.782608,-41.319261
ff3d3052-93b8-47bb-8740-5da24218c37e,1,184.1256,1669.260315,0.0,0.0,0.0,766.6375,0.0,1500.0,0.0,0,0,1,0,E,E,E,174.784991,-41.310478
ff427673-26b1-4d3f-90ea-c8321df1d870,1,0.0,960.586029,0.0,0.0,0.0,766.6375,0.0,0.0,0.1,0,0,0,0,E,E,D,174.788485,-41.324561
ff5e8333-66e0-4e99-91a8-47563683d897,1,320.1955,1916.474008,0.0,0.0,0.0,766.6375,0.0,500.0,0.0,0,0,1,0,E,E,E,174.798527,-41.319789
ff60290c-6161-4887-ac91-fdb5a5115835,1,455.9537,1783.729593,0.0,0.0,0.0,766.6375,0.0,500.0,0.05,0,0,1,0,M,E,E,174.782407,-41.316187
ff641610-3df4-4514-a8cd-51e09491c6d0,1,0.0,958.133585,0.0,0.0,0.0,766.6375,0.0,0.0,0.15,0,0,0,0,M,E,D,174.80333,-41.320948
ff82dd44-1e5f-493d-9c6f-7349a6ccd1c8,1,0.0,1637.358615,0.0,0.0,0.0,766.6375,0.0,0.0,0.05,0,0,0,0,M,E,E,174.775334,-41.31335
ff860b3a-e131-42d5-9ee9-31e97d0ebcc0,1,0.0,1865.034034,0.0,0.0,0.0,766.6375,0.0,200.0,0.05,0,0,1,0,M,E,E,174.799619,-41.319937
ffa6530b-d150-4400-b5fe-8a9c89518cfa,1,412.2836,1913.939972,0.0,0.0,0.0,766.6375,0.0,1500.0,0.05,0,0,1,0,M,E,E,174.797849,-41.321426
ffa7f21b-6fc5-4191-acb6-7e1c723ca50b,1,0.0,2027.839103,0.0,0.0,0.0,766.6375,0.0,0.0,0.0,0,0,0,0,E,E,E,174.783186,-41.316467
ffc8eca9-20ab-48c1-8184-9fff5da73266,1,371.4127,1869.181912,0.0,0.0,0.0,766.6375,0.0,500.0,0.0,0,0,1,0,E,E,E,174.796729,-41.323587
